sender_norm,0,1,2,3,4,5,6,7,8,9,10,11,12,13,14,15,16,17,18,19,20,21,22,23,24,25,26,27,28,29,30,31,32,33,34,35,36,37,38,39,40,41,42,43,44,45,46,47,48,49,50,51,52,53,54,55,56,57,58,59
AdelheidLouiseTheresaCarolineAmelia,0.00010694199434847838,0.000293272192740254,0.000203021638468628,0.0001842982492941162,0.0002473225820072801,0.007052235779488985,0.0006668884641756979,0.000151963294923645,0.00014761215911542188,0.0003558847979058175,0.000522719029375273,0.0001428479796476234,0.000253055939238729,0.008638446209246945,0.0002871079907509737,0.00036771828928668527,0.00017384993169946436,0.0004416522379051924,0.0007526810953937345,0.0002187828451254518,0.0005593834785308599,0.337739245022461,0.00010247063624137507,0.0002185243178623787,0.0003004377539462411,0.00016375950809509074,0.013167816303258863,0.02719765184629216,0.12895795435683174,0.00016166880464210407,0.00036761482534412366,0.00014090617336119855,0.00023278793695020853,0.0007540738328315477,0.0007777146934248654,0.0002807920516425613,0.0002740434246632618,0.0002365622508110181,0.060616854645034995,0.00022060760429955823,0.0002375695021768505,0.00016792866569180075,0.3596189991978127,0.00145400328762641,0.00020349306332515652,0.0018273931571779305,0.00015013938136270135,0.0002747432739052042,0.0010900938071712106,0.00015338860030801032,0.0002106658362966866,0.03563001897269374,0.0001781394161622685,0.00022252801106752013,0.0007190128972377436,0.003264082674366514,0.0003782702548978187,0.0002148614184616425,0.00022652474032116,9.897167527336052e-05
AdersbachGerson,0.00018329111339966992,0.0005026480669638698,0.0003479649167368418,0.00031587433464774485,0.0004238936416061007,0.003458803881643691,0.0011430002765223234,0.00026045447994615234,0.00025299693689488303,0.0006099617016456168,0.0008959039287895213,0.00024483146584294857,0.00043372021569303967,0.00023666276828612954,0.000492083055036432,0.0006302434798546231,0.00029796664761848807,0.0007569611069465756,0.15388022895285622,0.00037497852476099983,0.0009587442353393936,0.1344855974447512,0.00017562751772004373,0.0003745354270781716,0.0005149293386904762,0.00028067236590635473,0.16058987303908295,0.11791633647533925,0.0038552799145498092,0.0002770890461261218,0.0006300661498792067,0.00024150334541267574,0.07669407532206704,0.0012924299125642552,0.0013329486974090153,0.00048125797627856707,0.00046969130071308166,0.0004054511850432909,0.0019098403089109835,0.00037810603461104397,0.0004071775435747689,0.0002878180110057865,0.3113474529525601,0.002492060140634708,0.000348772906033879,0.003132024313167736,0.0002573284194180426,0.000470890793461922,0.0018683446932494874,0.0002628973538838085,0.00036106653822322033,0.0006697136020203972,0.0003053185245671822,0.00038139747776043024,0.0012323379163285974,0.005594409859831862,0.0006483288123491466,0.0003682574731881012,0.00038824759271592255,0.00016963054286020006
AretinJohannChristophANDBaboJosephMariusFranzvon,9.568633730392048e-05,0.0002624052611639331,0.0001816535879740693,0.00016490083763553583,0.0002212918521765145,0.0018056536879963309,0.0005966983776202342,0.00013596914088301679,0.00013207596261252262,0.000318427882528433,0.0004677027921977589,0.00012781321357450956,0.00022642177290853907,0.00012354878015350058,0.0002568898421337458,0.0003290158975982012,0.00015555220665374825,0.0003951682897320952,0.0006734613246639345,0.00019575592584114963,0.0005005083039178033,0.010463339940912277,9.168559014515016e-05,0.00019552460860186127,0.0002688166462396007,0.00014652380127913616,0.8007667048363291,0.0018134285262834352,0.08167168256336119,0.00014465314460189983,0.00032892332324733884,0.00012607578262015248,0.00020828698016158107,0.000674707476328323,0.0006958601336606328,0.0002512386563334394,0.0002452003231097728,0.0002116640470601041,0.0009970239178841128,0.00019738862890504618,0.00021256528510534586,0.00015025415456553602,0.08287854825156131,0.00130096927655445,0.00018207539531093502,0.0016350598199508105,0.00013433719443140164,0.00024582651313955823,0.0009753613102258683,0.000137244432713886,0.0001884932331130036,0.0003496211050898811,0.00015939022238992706,0.00019910691264268766,0.000643336708185663,0.002920537602371365,0.0003384572676309703,0.00019224722977884186,0.00020268298568869848,8.855489521619912e-05
AretinJohannChristophANDBaboJosephMariusFranzvonANDSchererJoseph,1.8254326056561293e-05,5.005971940413376e-05,3.4654517224237395e-05,3.145855241211968e-05,4.221640975200073e-05,0.0003444691488318357,0.00011383366789246523,2.5939179001341216e-05,2.519646747586821e-05,6.0747297440302944e-05,8.922485181165166e-05,2.4383251994644048e-05,4.3195057783947605e-05,2.3569715179389605e-05,4.900752888088464e-05,6.276720001804968e-05,2.9675090290646778e-05,7.53872602007078e-05,0.00012847793063551036,3.7344856104780254e-05,0.015292242967476312,0.009594497848516714,1.7491093340545707e-05,3.730072712641775e-05,5.128283564980713e-05,2.7952718423119703e-05,0.5364824850088237,0.13331759996577233,0.0003839549844735174,2.7595848488620116e-05,0.0038619394705523133,2.4051797870312178e-05,3.973543722474821e-05,0.0001287156621595567,0.0001327510084251397,4.792943778541979e-05,4.677748959084239e-05,4.037968887046287e-05,0.00019020478990056493,3.765633102295223e-05,4.055162034569707e-05,2.8664367412042988e-05,0.0727988005152692,0.00024818921941137536,3.473498648324708e-05,0.00031192452252158263,2.562784842401949e-05,4.68969494562646e-05,0.0001860721591136537,2.6182469669098875e-05,0.22418816527327806,6.669810788446264e-05,3.0407278319078608e-05,3.798413238402815e-05,0.00012273098089307628,0.000557158390176466,6.456835420426757e-05,3.667549322853905e-05,3.866634893890183e-05,1.689384270239892e-05
BassewitzAdelheidHenriettevon,1.4863867921023272e-05,4.076190241595247e-05,2.821797777095936e-05,2.5615613887441408e-05,3.4375365965811206e-05,0.07048703315381624,9.269082842480833e-05,2.1121378541232566e-05,2.0516614170099596e-05,4.946442848199414e-05,7.265271851132345e-05,1.985444086023355e-05,3.517224529419371e-05,1.9192005899152882e-05,0.013775508244332303,5.110916546302173e-05,2.4163402212598844e-05,6.138524506898288e-05,0.04550199291026506,3.0408627902839143e-05,0.0014543476085849085,0.46253382778735885,1.4242393852426703e-05,3.037269519823873e-05,0.01892821211226888,0.0013993598324659592,0.0023656795486695532,0.0033752463692599205,0.000312641297145099,2.2470347348484258e-05,5.1094785009522686e-05,1.9584549202185913e-05,3.235519563213219e-05,0.00010480872291743817,0.0014846934644013449,3.902728759001829e-05,3.8089295918180836e-05,3.287978752011168e-05,0.00015487719821963975,3.0662251182607156e-05,3.301978538864046e-05,2.3340405443187934e-05,0.2490658843398043,0.0648110825018571,2.828350111232602e-05,0.0016305882753203085,2.0867872793239044e-05,3.818656796514643e-05,0.0001515121395484694,2.1319481738291853e-05,2.928044483612544e-05,5.43099681196102e-05,0.039946127646683205,3.092916852155831e-05,9.993560343777303e-05,0.01762317873521976,5.257578317579771e-05,2.9863588806196663e-05,0.0034653854500147833,1.3756073263342568e-05
BayreutherPostamtANDOsmundEmanuel,2.7900136598534825e-05,7.651189121592572e-05,5.296639061429351e-05,4.808163866311728e-05,0.08716545378468467,0.006333219533377421,0.0001739847789434255,3.96457604158516e-05,3.851059097986167e-05,9.284691701708054e-05,0.00013637236158791686,3.726766243021839e-05,6.60198579131092e-05,3.60242427496886e-05,7.490371027101584e-05,9.59341609755947e-05,4.535577320781488e-05,0.00011522281627225701,0.0001963672503449887,5.7078337668976207e-05,0.00014593776333662162,0.008857619942982349,2.6733602322367912e-05,5.701089039535719e-05,7.838131713855013e-05,4.2723278848473335e-05,0.007024421934677632,0.012142215160731754,0.0005868415235548512,4.2177834448630934e-05,9.59071682292178e-05,3.676106386742549e-05,6.07321312733153e-05,0.00019673060213207296,0.00020289827502688722,7.325594257277634e-05,7.14952907753032e-05,6.171681341734928e-05,0.38353480204136814,5.755439976719276e-05,6.197959560003621e-05,4.3810971921317966e-05,0.4887039446858794,0.0003793354573817406,5.3089380820088896e-05,0.00047674927903771145,3.916991892996695e-05,7.167787470379201e-05,0.0002843949779558829,4.0017608866599954e-05,5.49606882229026e-05,0.00010194220893580717,4.647485840141573e-05,5.8055415401671156e-05,0.0001875835416316674,0.0008515677404236887,9.868706720038734e-05,5.605527521116475e-05,5.9098123580093115e-05,2.582075709673615e-05
BergnerCaroline,4.610507246025956e-05,0.00012643616550490306,8.75271441272677e-05,7.945507459226756e-05,0.00010662626626680616,0.0008700280151677915,0.00028751045041801435,6.551475654104572e-05,6.363888511238265e-05,0.00015342985227566967,0.00022535580033388838,6.158494137480119e-05,0.00010909804409559013,5.953018604172694e-05,0.00012377864091779505,0.0001585315336207449,7.495057247666737e-05,0.0001904061033732201,0.019515776004670145,9.432215089145868e-05,0.00024116265988735324,0.1969543928708624,4.417737052446056e-05,9.421069403796015e-05,0.00012952539832343388,7.060036642086474e-05,0.002012242379749973,0.000873774208121705,0.09692614986558296,6.969901765904192e-05,0.0001584869280137718,6.074778549338312e-05,0.00010036005749051572,0.0003250980020981705,0.00033529010294048396,0.00012105569908356054,0.00011814621588396761,0.00010198724814747456,0.0004804015000872594,9.510884515929284e-05,0.00010242149661544376,7.239778299482722e-05,0.4717375902080921,0.02941377082248832,8.773038586875782e-05,0.0007878298365236138,6.472842683585489e-05,0.00011844793645882304,0.06763943823639343,6.612923739512468e-05,9.082272783982462e-05,0.00016845985370520132,7.679986463901759e-05,9.593677523231488e-05,0.05788381778088759,0.04938541475012817,0.00016308072070167945,9.263153663291607e-05,9.7659854112279e-05,4.266889062422364e-05
BornträgerJohannFriedrichWilhelm,0.0001225275052226782,0.0003360130914573601,0.0002326096031716229,0.00021115750496789355,0.02578445975175523,0.002312161254365975,0.0007640794458252432,0.00017411011947036153,0.00016912485789267502,0.0004077507315973976,0.000598899047955555,0.00016366635650434026,0.0002899358021664225,0.0001582056982433303,0.00032895053108492083,0.000421308812179354,0.0001991864706100037,0.0005060177455658788,0.0008623753223298586,0.00025066781634339896,0.0006409069000885436,0.2684093613282204,0.00011740450039040144,0.00025037161183768186,0.00034422294712200245,0.00018762548899173336,0.005347677067564061,0.002322117028258781,0.002577199849481293,0.00018523009062820412,0.00042119026961018086,0.0001614415552805473,0.00026671398204431367,0.0008639710345168727,0.026392150141276285,0.0003217141197312071,0.0003139819614477406,0.00027103835680569526,0.0012767011126955884,0.0002527585122444581,0.00027219240295697073,0.00019240225121986665,0.6416499277406084,0.0016659067983892625,0.00023314973253728798,0.0020937137555186343,0.00017202039242042444,0.00031478380530870087,0.0012489618831695193,0.00017574314599086627,0.00024136785099565899,0.00044769402808047225,0.00020410109589935626,0.00025495879522706617,0.0008238003887826702,0.0037397835094365533,0.0004333986000068995,0.00024617488885539504,0.0002595379997526825,0.00011339560789784763
BrockhausFriedrichArnold,9.42118969818317e-05,0.0002583618323036617,0.006790467566787943,0.0014793259283824513,0.0002178819439389109,0.010787357415781197,0.0016894393089426142,0.007484760737978989,0.00013004079092195976,0.00031352119550386834,0.0030691622323554698,0.001227779243189683,0.0002229328172103518,0.00012164500466855748,0.0002529314009158114,0.0003239460587926234,0.0001531552871755609,0.009443136393394395,0.004166238891155289,0.00019273950324122025,0.0010582487491339982,0.18366566713741078,9.027279773535047e-05,0.003542661511201573,0.00026467442370677004,0.00014426600140050264,0.06408418235604645,0.0744143840081235,0.0024664693110088933,0.00014242416985871844,0.006717768468712913,0.00012413306830197753,0.00020507746529488803,0.0011309348371935622,0.003435094802950601,0.0037830266130726847,0.0005443151710064399,0.00020840249463250247,0.0009816606768192355,0.00019434704782064313,0.00020928984541075134,0.00014793887330078105,0.2757302318823174,0.014025317835630123,0.00017926977737141653,0.006510988675188216,0.00013226717919404525,0.00024203854786233992,0.0076548294035536976,0.0001351296195516597,0.0014190190361672717,0.0003442337585854326,0.00015693416254418377,0.00019603885435266725,0.002334846016322709,0.01781723347226562,0.2760698639102888,0.0007907324217092336,0.00019955982333217975,8.719034399703818e-05
CarlAugust,0.0002500672878922523,0.0006857715932788072,0.000474734652412189,0.0004309529071815518,0.000578325546422257,0.05676427521222591,0.0015594153688552287,0.00035534262524501985,0.00034516816817189245,0.0008321814714282662,0.001222297478197394,0.00033402787248353863,0.0005917321141800452,0.00032288317481785517,0.0006713575617950067,0.0008598522579507926,0.0004065211349872018,0.0010327353440278038,0.0017600281472173517,0.0005115897926832599,0.0013080316130268275,0.02734495974078221,0.0002396117095962761,0.0005109852667258307,0.000702527148174933,0.0003829262424494082,0.5313677962941658,0.004739225746658008,0.0052598261553180176,0.00037803745628583904,0.0008596103235482352,0.0003294872592790001,0.0005443385304512002,0.0017632848479731372,0.001818565338373809,0.0006565887165630143,0.0006408080977706372,0.0005531641787531313,0.002605628704514875,0.0005158567093468707,0.0005555194800434618,0.00039267517166431855,0.2165953298001924,0.003399961455163645,0.00047583700641292814,0.0042730758250053855,0.0003510776859168001,0.0006424445868124975,0.0025490155066602523,0.00035867548109886737,0.0004926094249056352,0.0009137020394251893,0.00041655142993919284,0.0005203472830923847,0.0016813002812150338,0.007632551709996587,0.000884526394976048,0.0005024201438800803,0.0005296930153371056,0.10432216648705164
CarolineFriederikeWilhelmine,9.568633730392048e-05,0.0002624052611639331,0.0001816535879740693,0.1793977639403439,0.0002212918521765145,0.0018056536879963309,0.0005966983776202342,0.00013596914088301679,0.00013207596261252262,0.000318427882528433,0.0004677027921977589,0.00012781321357450956,0.00022642177290853907,0.00012354878015350058,0.0002568898421337458,0.0003290158975982012,0.00015555220665374825,0.0003951682897320952,0.0006734613246639345,0.00019575592584114963,0.0005005083039178033,0.20961096561058826,9.168559014515016e-05,0.00019552460860186127,0.0002688166462396007,0.00014652380127913616,0.4821305037648476,0.08147247879415384,0.0020126322954908027,0.00014465314460189983,0.00032892332324733884,0.00012607578262015248,0.00020828698016158107,0.000674707476328323,0.0006958601336606328,0.0002512386563334394,0.0002452003231097728,0.0002116640470601041,0.0009970239178841128,0.00019738862890504618,0.00021256528510534586,0.00015025415456553602,0.02313426055065852,0.00130096927655445,0.00018207539531093502,0.0016350598199508105,0.00013433719443140164,0.00024582651313955823,0.0009753613102258683,0.000137244432713886,0.0001884932331130036,0.0003496211050898811,0.00015939022238992706,0.00019910691264268766,0.000643336708185663,0.002920537602371365,0.0003384572676309703,0.00019224722977884186,0.00020268298568869848,8.855489521619912e-05
CottaJohannHeinrich,4.069106916019715e-05,0.07639012980678282,7.724905059301458e-05,7.012486398648168e-05,9.410541060739025e-05,0.09065887049130175,0.0002537488176018581,5.782152260411308e-05,5.616593006372264e-05,0.00013541296861792115,0.00019889283256071055,5.43531758000975e-05,9.628693375034559e-05,5.253970524460763e-05,0.0001092436248198633,0.00013991557228749954,6.614931428365598e-05,0.0001680471910669182,0.0002863926252248277,8.324613671459111e-05,0.00021284353214696473,0.0044495849792013115,3.898973243943926e-05,8.314776796052408e-05,0.00011431555488225038,6.230994204038814e-05,0.0949332702756293,0.032045291094908876,0.016463485003729558,6.151443640841229e-05,0.00013987620460534616,5.3614325039196735e-05,8.857502704909419e-05,0.00028692255713557335,0.00029591782507750657,0.00010684043123218305,0.013110608906477215,9.001114077858046e-05,0.00042398915393881314,8.394045144293174e-05,9.03943965354839e-05,6.389629248336453e-05,0.4089682095753897,0.02402356358325736,7.742842616533024e-05,0.0006953169500401804,5.712752962873675e-05,0.00010453889164761704,0.00041477702720004936,5.836384650898269e-05,8.01576421560462e-05,0.0001486780345859682,6.778144869447302e-05,8.467115975903265e-05,0.0002735819890663096,0.0012419724791595762,0.00014393055971198608,8.175404705836362e-05,0.23105176234619604,3.7658389559537797e-05
CottavonCottendorfJohannFriedrichFreiherr,3.736922358169164e-05,0.0001024794254826748,7.094276711479226e-05,6.440016876012344e-05,8.642304569068306e-05,0.0007051777534709373,0.0059079516604461,5.310121976692908e-05,5.158078275018564e-05,0.00012435843059866095,0.00018265606881687403,4.991601402392334e-05,8.842647857559423e-05,4.825058748081338e-05,0.0001003254405701669,0.0001284934608817385,6.074916600273356e-05,0.0001543285341196598,0.0002630127510791204,7.645027666765178e-05,0.00019546789270646832,0.03246092889061634,3.580677674463647e-05,7.635993831970342e-05,0.0001049833198641679,5.722322375709801e-05,0.2349555695603887,0.005648241912912945,0.0007860109223226329,5.649265981677082e-05,0.00012845730700948487,4.923747989229596e-05,8.134413909157529e-05,0.00026349942160571116,0.1882991197947221,9.81184334715194e-05,9.576023029796447e-05,8.266301461275239e-05,0.020149487620160104,0.35614731172260317,8.301498300199061e-05,0.0028961389790909367,0.1450286505785204,0.0005080789289076797,7.110749922936432e-05,0.0006385542356701627,5.2463881422270155e-05,9.600478177612747e-05,0.00038091639728035463,5.359927065802221e-05,7.361391365062892e-05,0.00013654059307844957,6.224805991169124e-05,7.775896690007477e-05,0.0002512479206946773,0.0011405831356581936,0.00013218068183316244,7.507999485598495e-05,7.915556203545325e-05,3.4584119027114594e-05
DalbergKarlTheodorReichsfreiherrvon,9.08049827187518e-05,0.0002490188868826545,0.0001723866894851746,0.00015648856601379197,0.0002100028424002145,0.0017135398485760554,0.000566258333162185,0.11373757892702184,0.00012533822320421538,0.00030218356334743286,0.00044384334440701156,0.0001212929345701473,0.00021487106472479255,0.00011724604748040475,0.00024378483211753062,0.0003122314401136051,0.00014761684724323322,0.0003750091259753067,0.009378224219058571,0.00018576960895304897,0.00047497531171553965,0.10726488502899448,8.700833016782016e-05,0.0001855500921598687,0.00025510320077116826,0.0001390490180513226,0.21206584509409976,0.0017209180603061079,0.0630837921568702,0.00013727379128399808,0.0003121435883620687,0.000119644137132282,0.0001976614025264654,0.0006402878661099694,0.0006603614391783507,0.11199522627864153,0.00023269164365541048,0.00020086619131868806,0.0009461616170560606,0.00018731902110194417,0.00020172145349539502,0.00014258907063616007,0.24874002756333868,0.0012346014697995301,0.00017278697869065518,0.0015516486771061256,0.0001274841002648476,0.00023328588914996542,0.0009256041083304197,0.00013024302833586146,0.00017887741612539134,0.10192888034741171,0.00015125906997238907,0.00018894964810156346,0.0006105174501934277,0.012931258423399377,0.0003211911669337874,0.0001824399059433994,0.00019234329091717884,8.403734489519823e-05
DegenGeorgChristoph,9.20211775017598e-05,0.00025235411653668323,0.00017469554728278313,0.00015858449260160775,0.00021281551141569198,0.001736490111457216,0.05802969104070286,0.00013076099264011887,0.00012701693827698403,0.000306230853069322,0.00044978795167170937,0.00012291746914769186,0.0002177489361819908,0.00011881638015384004,0.0002470499595601088,0.0003164133058789826,0.00014959395063696843,0.0003800318034643183,0.0006476651300867701,0.0001882577106241865,0.00048133688438336603,0.048366452249342995,8.817367455818356e-05,0.00018803525373707464,0.00025851992056580216,0.2108123560058439,0.15723183343183786,0.001743967143123635,0.0019355406312698855,0.00013911236515742117,0.0003163242774867081,0.00012124658857317342,0.00020030877670525145,0.000648863549283636,0.21134065061481908,0.0002416152362100688,0.00023580819469248075,0.00020355648877429282,0.000958834014407978,0.00018982787479478576,0.0002044232058884521,0.00014449883460097222,0.07970397670799563,0.001251137080750692,0.0001751011977540095,0.0015724306537075936,0.00012919155610060056,0.00023641039920259488,0.0009380011690860934,0.00013198743582147106,0.0001812732073449489,0.2110076738910372,0.00015328495540593232,0.0001914803415656444,0.0006186944038762488,0.002808669624951441,0.00032549303462735897,0.00018488341130155878,0.00019491943707079475,8.516289745166913e-05
DieskauJohannaSidonieDorotheavon,3.868158229583855e-05,0.00010607837012649252,7.343418517771411e-05,6.666181924585325e-05,8.945811107991557e-05,0.000729942682497815,0.00024121769157491567,5.4966065803684884e-05,5.339223300889235e-05,0.08868556715561822,0.0001890707132924173,5.1668999761948386e-05,9.153190193196445e-05,4.994508559648138e-05,0.00010384874005470292,0.00013300598474326347,6.288259800210493e-05,0.00015974835227966781,0.00027224941812027204,7.913511133017577e-05,0.00020233247183716624,0.17329290766149355,3.706426435027564e-05,7.904160041649582e-05,0.00010867019803445224,5.9232829233247055e-05,0.0016882463264441085,0.0007330856917874718,0.0008136146075067728,5.8476608833902626e-05,0.02428483440248403,5.096663639077204e-05,8.420083986161504e-05,0.000272753179885194,0.00028130422571294434,0.00010156422572629556,9.912320551272966e-05,8.556603258227339e-05,0.0004030508828868458,7.97951380352443e-05,8.593036164530807e-05,6.0740839380841185e-05,0.3394276166384193,0.0005259220025901926,7.360470247071212e-05,0.0006609794330737213,5.430634496213933e-05,9.937634532194864e-05,0.00039429368761231733,5.5481607596765476e-05,7.619913891897491e-05,0.00014133572179632537,6.443413112307893e-05,0.08058670923203518,0.000260071422136021,0.0011806389375674253,0.00013682269611709361,0.2818494848553821,8.193540281494745e-05,3.579866847787075e-05
DoerfferWilhelmine,2.025510369266977e-05,5.5546548484720715e-05,3.845284879986238e-05,3.4906588123517105e-05,4.684356762388695e-05,0.04253825180750147,0.00012631048331965446,2.878226009258995e-05,2.7958143172820698e-05,6.740554567121486e-05,9.900440146671441e-05,2.7055794663999203e-05,4.792948102897737e-05,0.0042417557782861185,5.437903191430235e-05,6.964684102414e-05,0.004248530337126472,8.365013135737e-05,0.0001425598402909277,0.059059875705665725,0.00010594874754895668,0.5544588560529786,1.9408216343521275e-05,4.13890983110826e-05,5.6903725205873794e-05,3.101649485157422e-05,0.0008840280663641074,0.01303067878233554,0.0004260386277604121,3.0620509948834565e-05,6.962724467288619e-05,2.668801128832688e-05,4.409066644076699e-05,0.00014282362853792487,0.046518930847169286,5.318277592209958e-05,5.1904567673958726e-05,4.480553171969814e-05,0.0002110523133169102,4.178367841091785e-05,4.4996307859453277e-05,3.1806144604666234e-05,0.2536176720501699,0.00027539216506835916,3.8542137945912625e-05,0.00034611321877261065,2.84368059187787e-05,5.203712101795741e-05,0.00020646672276412626,2.9052216796969014e-05,3.990068059501358e-05,7.400859868058917e-05,3.3740088429253644e-05,4.2147408659770535e-05,0.00013618299227205908,0.017480636863515416,7.164541192154196e-05,4.0695335232979074e-05,4.290440001716197e-05,1.8745503649078725e-05
DoeringHeinrich,4.5236918167813236e-05,0.00012405538408658627,8.587901601847548e-05,7.795894281363569e-05,0.00010461850343709057,0.0008536454673132678,0.0002820966549648411,6.428111967476141e-05,6.244057073332089e-05,0.00015054078220735258,0.00022111237125011068,6.042530256823226e-05,0.00010704373791570667,5.8409238089919676e-05,0.00012144790044409597,0.00015554639935987634,7.353926006038141e-05,0.00018682077388276278,0.0003183873026328209,9.2546073427536e-05,0.00023662158908566557,0.08968126334037825,4.334551468293986e-05,9.243671529638241e-05,0.0001270864469340345,6.927096798624807e-05,0.3974024290067497,0.0008573211197969095,0.1515907646203969,6.838659153907115e-05,0.0001555026336723979,5.960391025540042e-05,9.84702867982421e-05,0.00031897643648886535,0.2827776030258223,0.00011877623135525212,0.00011592153345787736,0.00010006683760413712,0.0004713555838324287,9.33179543143468e-05,0.00010049290921321992,7.10345393707177e-05,0.06742673761616252,0.0006150495709267948,8.607843073658483e-05,0.0007729950728458256,6.350959648591275e-05,0.00011621757266193774,0.0004611143138920307,6.488402991062794e-05,8.911254419151147e-05,0.0001652877700863086,7.535373022065983e-05,9.413029453990987e-05,0.00030414551170570084,0.001380720845285002,0.00016000992566465966,9.088729328066707e-05,9.582092800235179e-05,4.186543932108835e-05
DönhoffStanislausOttovon,4.669780668057841e-05,0.00012806164916606097,8.865240715718117e-05,8.047656179911272e-05,0.006045251760770078,0.000881213235138339,0.00029120673096955086,0.006003611714868944,6.445703684572094e-05,0.09515147741255219,0.00022825301071611632,6.237668727739442e-05,0.00011050062608179238,6.029551567957305e-05,0.00012536995901581507,0.00016056964049190615,7.591414908047169e-05,0.00019285399483514448,0.000328669354811997,9.55347716202437e-05,0.0002442630857960548,0.39715743817162596,4.474532189892427e-05,9.542188185952623e-05,0.0001311905976581254,7.15080160765673e-05,0.013383354924206356,0.004666755200773765,0.18242922856035082,7.059507943022192e-05,0.000160524461428082,6.152876878543962e-05,0.00010165030251678849,0.00032927751425416963,0.0003396006463827128,0.0001226120106038015,0.00011966512262066057,0.0001032984125983116,0.00048657761896961593,9.63315797560015e-05,0.00010373824383436577,7.332854052683718e-05,0.25971170058081383,0.0006349120834351603,8.885826180715946e-05,0.000797958303500827,6.556058589267204e-05,0.00011997072216371078,0.00047600561576492803,6.697940549759248e-05,9.199035942352446e-05,0.019079363655769326,7.778721604002966e-05,9.717015383108502e-05,0.006251222327224607,0.0014253100724894198,0.00016517731265297645,9.38224225531231e-05,9.891538489001695e-05,4.32174487386875e-05
EhrenbergCarolineAugusteEleonorevon,3.123185818431042e-05,0.008008699603154836,5.9291422977738316e-05,0.1336076542614851,7.222928517546166e-05,0.0005893623008513665,0.0082950608435166,4.438009694124757e-05,4.310937015771408e-05,0.00010393432071154015,0.00015265739801420872,4.171801610256126e-05,7.390368260056593e-05,4.0326112267655784e-05,8.384840871302026e-05,0.00010739023086997811,5.077197639027368e-05,0.0001289822594489006,0.00021981663398521633,6.389440213591159e-05,0.0001633650613919998,0.1664593869504763,2.9926021098111516e-05,6.381890058138878e-05,8.774129734186371e-05,4.782512019078574e-05,0.015763637753952592,0.0005918999948799038,0.0006569197672420099,4.721454102451031e-05,0.039993548420580075,4.115092158624427e-05,6.798451700980978e-05,0.008143274346800747,0.007911528984081423,8.200387125384501e-05,8.003296953239895e-05,6.908678591700599e-05,0.0003254269155565883,6.442731364643105e-05,0.0004652527924264827,0.0677431280149619,0.38845203601603856,0.005227385050568981,5.9429100176984095e-05,0.021916374416693113,4.384743238769333e-05,8.023735689592163e-05,0.0003183562771629824,4.479635003157967e-05,6.152387154907109e-05,0.00011411573564287393,5.2024698216178236e-05,6.498815854369127e-05,0.00020998401026676655,0.09384679368688491,0.028633455373727364,6.274916969293716e-05,6.615538271985554e-05,2.890416758386553e-05
EndeHenrietteFreifrauvon,1.753527739745589e-05,0.003932464542619092,0.0009779807079398869,0.0009188266353903308,4.0553480497293486e-05,0.0037967660126862306,0.00010934969264158456,2.4917419456704104e-05,2.4203963775836853e-05,0.0022573373321648775,0.0003570863875750439,0.008202382595315545,0.0001504032371211535,0.006694816062602962,0.015216882610333061,0.003915723750293519,0.003942425347233216,7.241771160203658e-05,0.3477852033392739,0.003529787597405093,0.00017326208440692978,0.1380826810119526,1.6802108867832937e-05,0.005131497277131901,0.0007607301866316527,0.0018861749156569127,0.012207860446241474,0.008705634495504464,0.0022300365496123607,0.008459374644865842,0.005999606237920326,2.310438338050109e-05,0.0009771251189569338,0.000850664126517697,0.0017437906986598416,4.604146899026976e-05,0.000197912089975503,0.0006042664525203413,0.0032649658236015796,3.617302595625268e-05,0.0003417129081281468,0.0008629680188587328,0.35092119612354344,0.002656511972091983,0.004324214565999356,0.002880973112337344,2.461835237426397e-05,0.0027713695889794135,0.0003081010574763635,0.005321848680669899,0.003364887914405193,6.40708301153142e-05,0.0019288426044522652,3.648791502857008e-05,0.008272123453316045,0.005847682180210454,0.0023638778309442166,0.005993877309361185,0.008333640346747596,1.6228384284232268e-05
FernowCarlLudwig,1.9435768896502226e-05,5.32996471273601e-05,3.689740097241439e-05,3.3494589315758005e-05,4.494870865336644e-05,0.008456920145008517,0.00012120112541782416,2.761799514662781e-05,2.6827214401223442e-05,6.467893859671866e-05,9.499959594578404e-05,2.5961366595768608e-05,4.599069601137682e-05,2.509517665914268e-05,5.217935751592256e-05,6.68295717985631e-05,3.159569929258162e-05,8.026641807873182e-05,0.00013679318318273836,3.976186195407364e-05,0.00010166303779430125,0.07898179619623798,1.8623138803407293e-05,0.08903143661371836,5.460192498800566e-05,2.9761853361081958e-05,0.06961459887223401,0.004413421106151613,0.31187983111073525,2.938188635755895e-05,6.681076813505375e-05,2.560846034547232e-05,4.230716447754521e-05,0.0001370463009887018,0.0001413428199175419,5.1031491014803476e-05,0.1780332484609414,4.299311289648456e-05,0.00020251508207208666,4.009349591896994e-05,4.317617199208374e-05,3.0519561163675454e-05,0.2514487952541403,0.0002642523364673296,3.698307830262854e-05,0.0003321126682024065,2.728651486450231e-05,4.993217874813214e-05,0.004243193243010672,2.787703189104456e-05,3.828666683836749e-05,7.101489294426399e-05,3.237527544703909e-05,4.044251299459847e-05,0.00013067428365680305,0.0005932183788469544,6.874729893906828e-05,3.904917707432449e-05,4.116888345915619e-05,1.7987233356098983e-05
FeuchterslebenCarolineHenrietteSusanneFriederikevon,7.256462186171501e-05,0.00019899746491921805,0.00013775868418178068,0.00012505408049736744,0.00016781872968200012,0.0013693342307219492,0.00045251175201725566,0.00010311345977953026,0.00010016103190948492,0.0002414827397197868,0.0003546867527356814,9.69283366182823e-05,0.00017170905267469214,9.369436395960372e-05,0.00019481479571469774,0.0002495122592045125,0.00011796445943722119,0.0002996795396721203,0.0005107256452664511,0.00014845332297269302,0.0003795651169830665,0.3703960509739245,6.953061812700833e-05,0.00014827790139765938,0.0002038595982888752,0.0001111176844379637,0.003167061661307112,0.0013752303514873176,0.0015262983784726993,0.00010969905458712518,0.09086471206212376,9.56107397307213e-05,0.0001579563643045244,0.0005116706759454027,0.045835346993698255,0.00019052916652014472,0.00018594994048436623,0.00016051739432613232,0.0007561023404893349,0.015252236499748871,0.0001612008565612123,0.00011394663247030852,0.440415341209239,0.0009866021238438046,0.00013807856569005638,0.001239962787781962,0.00010187585804351761,0.0001864248175044849,0.0007396743009431419,0.00010408058917415248,0.00014294559254466092,0.00026513840952173927,0.00012087505428746128,0.00015099457491072954,0.00048788036280431865,0.0022148167932885734,0.00025667220978458705,0.015248337472009437,0.0001537065230910578,6.71564265748523e-05
FichteJohannGottlieb,4.923436020299185e-05,0.0001350177623193013,9.346787048682193e-05,8.484792569848321e-05,0.05916491129799879,0.02799414305464579,0.00030702463574276424,6.996143699662242e-05,6.795824462136033e-05,0.00016384359051476097,0.13837157960077368,6.576489364246469e-05,0.00011650285128765486,6.357067598268777e-05,0.00013217986367197217,0.00016929153807412808,8.003768969059578e-05,0.00020332952922708507,0.00034652217208370095,0.0001007240744738845,0.00025753108347546707,0.28083548914881507,4.7175819430651895e-05,0.00010060505271381746,0.00013831667051361225,0.007861855548469972,0.130872954826391,0.05216769814593586,0.03218143127949608,7.442969630245844e-05,0.00016924390495257348,6.487091751332364e-05,0.00010717179166652599,0.0003471633658177362,0.0003580472347136849,0.00012927210771531358,0.00012616514927865164,0.00010890942456999245,0.002973468104902377,0.00010156416401035711,0.00010937314676689438,7.731163483015366e-05,0.2554590877930154,0.0006693995379033399,9.368490684691948e-05,0.0008413021795704044,6.912173676673889e-05,0.00012648734852204054,0.0005018615136578642,7.061762448518224e-05,9.698713522115232e-05,0.00017989372263137095,8.201249878606355e-05,0.00010244828814817713,0.0003310218795606697,0.003963191071271466,0.00017414949194821832,9.89187132212556e-05,0.00010428831749218143,4.5564954534359756e-05
FischerFriederikeChristianevon,1.1697751710854179e-05,3.207930911774768e-05,2.2207335230704936e-05,2.015929452337123e-05,2.7053153201735647e-05,0.00022074299333750145,7.294698140133555e-05,1.662236527390327e-05,1.6146420284707123e-05,3.8928131356931284e-05,0.0015487615955838126,1.5625294894632056e-05,2.7680291210258066e-05,1.5103963587028674e-05,3.140504355158301e-05,4.022252692987016e-05,1.9016414911269396e-05,4.8309723911854006e-05,8.233132947454644e-05,2.393136032728394e-05,6.118764740524059e-05,0.4146491293132607,0.0009542241079537268,2.3903081560347334e-05,3.286310744100905e-05,1.7912683204184535e-05,0.0873672486975258,0.0011647089268353615,0.0002460463378707808,1.768399352953372e-05,4.02112096216557e-05,1.5412892199623803e-05,2.546329441783281e-05,8.248367277845808e-05,8.506960657496468e-05,3.071418036017543e-05,2.997598800389888e-05,2.5876144268740916e-05,0.00012188718441743047,2.413095993154458e-05,2.5986321533151488e-05,1.8368722674056544e-05,0.21410808981078425,0.00015904481255507317,2.225890160512681e-05,0.00019988772007678113,1.6422858166260824e-05,3.005254036966638e-05,0.038524268415024654,1.677827099269994e-05,2.3043488780730364e-05,4.2741534428534524e-05,0.19646974541335338,0.0019103719251352615,7.864856457961416e-05,0.0003570386817737858,4.1376743984942946e-05,2.3502418677700636e-05,0.040574442620834206,1.0825925688111409e-05
FriedrichWilhelmIII,0.00017029819664111126,0.0004670169642236552,0.000323298804374906,0.00029348302030565704,0.0003938451864589005,0.07410040001515053,0.0010619766678355161,0.00024199170062986865,0.00023506279878924657,0.0005667234809354327,0.0008323961844448963,0.0002274761516841168,0.00040297518635429633,0.00021988650679064298,0.00045720087196820966,0.0005855675492026016,0.000276844751540024,0.0007033025717912048,0.0011985958740747295,0.00034839750472080217,0.0008907819440342489,0.08950895673807273,0.00016317784857938515,0.0003479858168057585,0.0004784276561481458,0.0002607764057639926,0.6099702415153394,0.003227457717215432,0.003581991536943287,0.0002574470959832645,0.0005854027895780692,0.00022438395099327348,0.000370699705984951,0.0012008137182013435,0.0012384602568750744,0.00044714314818242726,0.0004363963969984797,0.0003767100562497772,0.03721784768083393,0.0003513033154694031,0.00037831403878452034,0.0002674155190941473,0.14750347547158052,0.002315406022690728,0.0003240495179127233,0.002910005195972261,0.00023908723646543726,0.00043751086156919886,0.0017359037547586358,0.00024426140710111075,0.00033547169410655137,0.0006222397615175486,0.0002836754776077954,0.00035436143881368654,0.0011449814500586845,0.005197840161094977,0.0006023708707185578,0.0003421528868494448,0.0003607259711800808,0.0001576059799547097
FörsterErnstJoachim,6.85525517331719e-05,0.0014387797770207527,0.00013014205933659936,0.14379054255862314,0.02517016495474179,0.006296763488617257,0.0004274925506970459,9.741235611195292e-05,9.462316684716983e-05,0.00302338698886818,0.00033507625812919647,9.156920603951804e-05,0.0001622153249687942,8.851403848954844e-05,0.1661587218505884,0.00023571682203173382,0.00011144224969099343,0.002440616801542413,0.004797500677603794,0.00014024539564804248,0.00035857910715327934,0.270992737920572,6.568629690201635e-05,0.000140079673064653,0.014306953375619689,0.005728237430889971,0.016252685555864038,0.034055281629057896,0.02865667646153568,0.00010363383590691,0.0002356504990000924,9.03244585788323e-05,0.00014922301746717512,0.0018810084690302586,0.022596439117083433,0.0001799948819335259,0.015923728935515816,0.004466655306622315,0.009155299507718226,0.007265234100979844,0.00015228812299061229,0.00010764656683703879,0.17504544474294934,0.0009320532705834073,0.00013044425471889383,0.0011714057205261651,9.624318090154875e-05,0.00017611746080173522,0.0006987779923629039,9.832601329304945e-05,0.00013504218552425016,0.0002504790084874615,0.0001141919188676016,0.00014264614274049284,0.0004609056445505643,0.0319955350315871,0.00024248090168866205,0.00013773166092786654,0.0001452081483454269,6.344337349074579e-05
GentzAnnaHenrietteNanette,1.4728963804619315e-05,4.039194834628594e-05,2.796187206697141e-05,2.538312717698413e-05,3.4063375951077475e-05,0.006408888239909214,9.184956864143034e-05,2.092968140530012e-05,2.033040586140604e-05,4.901549048999598e-05,7.19933241432362e-05,1.9674242420959478e-05,3.485302282137792e-05,1.901781970403857e-05,3.9542961860316556e-05,5.064529987678489e-05,2.3944095741219785e-05,6.08281140254166e-05,0.00010366566172639624,3.0132639909667663e-05,7.704306487248817e-05,0.30202690413434263,1.4113130220083658e-05,3.009703332945089e-05,4.137885056637035e-05,2.255435651905976e-05,0.006773785921125276,0.00027914040685930296,0.009506220688775213,2.2266407003316784e-05,5.063104993994432e-05,1.9406800293266064e-05,3.2061540635934584e-05,0.00010385748140804572,0.00010711350241373571,3.867307684380144e-05,3.7743598362363395e-05,0.1257169458996484,0.003218943841971977,3.038396131050091e-05,3.272009859141036e-05,2.3128568471172746e-05,0.395941503595739,0.05231328693182102,2.8026800720029607e-05,0.0002516841754528746,2.067847646952573e-05,3.783998757051366e-05,0.00015013701892583868,2.1125986622392267e-05,2.9014696205989588e-05,5.381705212358333e-05,2.4534880135863143e-05,3.0648456113948154e-05,9.902859024640849e-05,0.09547919878506092,5.209860660162047e-05,2.959254757507453e-05,3.11989197636338e-05,1.3631223465252362e-05
GentzLudwig,6.653549043120725e-05,0.0001824634867966251,0.00012631281439955325,0.00011466379018927837,0.00015387527966744893,0.0012555612124452336,0.0004149141906055728,9.45461361262782e-05,9.183901478730689e-05,0.0002214188140957516,0.00032521711596173613,0.013936604186524416,0.00015744236982259146,8.590963883987814e-05,0.00017862834041682853,0.00022878118990832401,0.000108163220047713,0.00027478025286593427,0.11125012549519656,0.18015659943762355,0.0003480284270918408,0.21499162207860706,6.37535710705094e-05,0.0001359580279823467,0.000186921643126697,0.0001018853187679976,0.016751651260519276,0.0012609674459058448,0.0013994837780532366,0.00010058455772984642,0.000228716818337528,8.766678989380051e-05,0.00014483234248447002,0.000469157813957498,0.000483866313302167,0.00017469878861940742,0.00017050003387819896,0.00014718058580366562,0.014541009811494712,0.0001372541744180934,0.00014780726163874291,0.00010447921976144808,0.38997509745580894,0.0009046289291703996,0.00012660611811267058,0.0011369387738110366,9.341136223300225e-05,0.0001709354550878391,0.0006782174441203543,9.543291024472193e-05,0.00013106876134576128,0.00024310902003041543,0.00011083198412087692,0.0001384489829394063,0.00044734415171075596,0.0020307956932175235,0.00023534624614490605,0.00013367910276206328,0.04168412342745352,6.157664248950793e-05
GiechAugusteCarolineWilhelmineLouisevon,0.00017029819664111126,0.0004670169642236552,0.000323298804374906,0.00029348302030565704,0.0003938451864589005,0.003213620413199241,0.0010619766678355161,0.00024199170062986865,0.00023506279878924657,0.0005667234809354327,0.0008323961844448963,0.0002274761516841168,0.00040297518635429633,0.00021988650679064298,0.00045720087196820966,0.0005855675492026016,0.000276844751540024,0.0007033025717912048,0.10752876527700166,0.00034839750472080217,0.0008907819440342489,0.08950895673807273,0.00016317784857938515,0.0003479858168057585,0.0004784276561481458,0.0002607764057639926,0.2555363435055831,0.003227457717215432,0.03902538133791893,0.0002574470959832645,0.0005854027895780692,0.00022438395099327348,0.000370699705984951,0.0012008137182013435,0.0012384602568750744,0.00044714314818242726,0.0004363963969984797,0.0003767100562497772,0.001774457879858288,0.0003513033154694031,0.00037831403878452034,0.0002674155190941473,0.3601638142774344,0.002315406022690728,0.0003240495179127233,0.002910005195972261,0.00023908723646543726,0.00043751086156919886,0.0017359037547586358,0.00024426140710111075,0.00033547169410655137,0.0006222397615175486,0.0002836754776077954,0.00035436143881368654,0.0011449814500586845,0.11152800956402187,0.0006023708707185578,0.0003421528868494448,0.0003607259711800808,0.0001576059799547097
GiechSchönburgKarolineWilhelminevon,7.482470892933745e-05,0.0002051954107696168,0.00014204929595076714,0.00012894899654370366,0.0001730455872184717,0.001411983313797241,0.00046660561666427773,0.00010632501647157272,0.000103280632716194,0.0002490039257067377,0.015938660426699856,9.99472523716725e-05,0.00017705707764040232,9.6612554874975e-05,0.0002008824687636301,0.0002572835314274426,0.00012163856318603157,0.00030901331465319485,0.10953711919805313,0.0001530770283926089,0.000391386996436236,0.4597969853042029,7.169620855938341e-05,0.00015289614316293278,0.0002102089794319536,0.00011457853953703633,0.12784911571837193,0.0014180630742750345,0.0015738362438679468,0.00011311572524896976,0.0002572111402266425,0.06239029522738201,0.00016287605005571088,0.0005276070957587601,0.0005441480301551199,0.00019646335999086486,0.0001917415100527265,0.00016551684554268092,0.000779651793069623,0.00015435376794567667,0.00016622159479227412,0.00011749559756980341,0.15824684642422834,0.0010173306888632363,0.0001423791404415745,0.047997362444056564,0.00010504886857344052,0.0001922311775228516,0.0007627120882136391,0.00010732226793644659,0.00014739775500062299,0.0002733963715301684,0.0001246398109965069,0.00015569742979071804,0.000503075813014509,0.0022837991522293216,0.0002646664847779537,0.00015033330166023526,0.00015849384391124102,6.924807078542647e-05
GleimJohannWilhelmLudwig,0.0001539307173852261,0.000422131635871142,0.00029222632927870573,0.00026527616115182534,0.00035599244904570764,0.002904757098808572,0.0009599093446115207,0.0002187337083652601,0.0002124707481457432,0.0005122552892517488,0.0007523940026819755,0.00020561325902093312,0.0003642449582404294,0.09630945522096836,0.00041325897513484197,0.0005292882408861953,0.0002502370080799964,0.0006357076677848968,0.0010833979830104402,0.00031491277591103565,0.0008051682659210072,0.11294308877654816,0.00014749471097534142,0.00031454065561057807,0.0004324456381826299,0.00023571300229906103,0.3270872682644142,0.002917264489819754,0.003237723815193836,0.00023270367481906934,0.03256604003667188,0.00020281825190970865,0.0003350714969519571,0.001085402668580762,0.0011194309719886393,0.00040416790624424987,0.0003944540328625382,0.0003405041882325988,0.001603913487070448,0.0003175393071482425,0.00034195401087967417,0.00024171402578532984,0.3896220186348334,0.0020928707240627136,0.0002929048912112819,0.0026303225532959625,0.000216108394291073,0.00039546138546083225,0.0015690648260053165,0.0002207852717538524,0.0003032292740309174,0.0005624358611257649,0.0002564112282691266,0.0003203035121106126,0.0010349364789325208,0.00469827209349284,0.0005444765833726202,0.0003092683326480201,0.000326056344802348,0.00014245835855653086
GoldschmidtCaroline,0.00016288665463589052,0.0017476943249320565,0.0016102309182142334,0.0002807103557929588,0.003024742588171214,0.01980284400491007,0.001015758417510678,0.00023145998808382921,0.00022483263874378966,0.0016474735518572858,0.0007961694985041155,0.013135883224588089,0.00038543731701901095,0.0002103168336314224,0.00043730304841957255,0.0005600830838740854,0.00026479620055455525,0.001973696554635033,0.00260919407467732,0.00033323490880562615,0.00326501681919899,0.11201869366327875,0.00015607619099920324,0.006373457079715178,0.0004576060224494992,0.0002494271647067697,0.028804505029702228,0.008383071489296933,0.007065389443803961,0.00024624274970340827,0.0017551854342345717,0.00021461854471836885,0.0003545664967295383,0.001735532270985832,0.0011845612702934966,0.0004276830464874884,0.0004174040042951241,0.00036031527074557006,0.1163840726459563,0.0003360142558637875,0.0003618494464111486,0.00025577733741221796,0.4598308183784723,0.004862675240815565,0.005606022419167997,0.13700140392992938,0.000228681929005194,0.0010054490919322839,0.0016603555466790899,0.00023363091473718172,0.00032087164195407277,0.000595159286088177,0.004380183526313173,0.002729459165700394,0.0010951507514389437,0.020788141915556578,0.0005761551086076967,0.004354339357248168,0.0121236811768389,0.0013460067549658436
GriesbachJohannJakob,1.791403200643302e-05,4.912651460591034e-05,3.400849359208929e-05,3.087210741391363e-05,4.142941860196485e-05,0.00033804761338664785,0.0001117115999635778,2.5455625226087164e-05,0.07832041437375695,5.9614856625109045e-05,8.756153725810406e-05,2.392870354673939e-05,4.238982284329414e-05,2.313033254680639e-05,4.809393883992775e-05,6.159710452160837e-05,2.912189229080627e-05,7.398190368290023e-05,0.0001260828668444622,3.6648679631544455e-05,9.370326034521203e-05,0.09889642469220562,1.7165027345253238e-05,3.660537329811162e-05,5.032682972599145e-05,0.003755797705471019,0.3065078709829503,0.05626499434228225,0.0003767973607777103,2.708141136178117e-05,6.157977310386318e-05,2.360342833397352e-05,3.899469594375377e-05,0.00012631616661776024,0.00013027628664271786,4.703594533580351e-05,4.590547156408104e-05,3.962693755956414e-05,0.048655418023954775,0.15662832957719522,3.979566391739929e-05,2.813001113667105e-05,0.2429465371605167,0.00024356251807986743,3.408746275682134e-05,0.00030610967847999484,2.515009842058135e-05,4.602270447895431e-05,0.00018260343348419463,2.569438051048237e-05,3.528898593178816e-05,6.54547330703189e-05,2.984043099420257e-05,0.0037656421155143533,0.00012044305076435438,0.000546771937969541,6.336468189699063e-05,3.599179490450777e-05,3.794553742039811e-05,1.6578910552199768e-05
GöschenGeorgJoachim,4.206834577345702e-05,0.00011536605507593548,7.986371059025934e-05,7.249839058998227e-05,9.729061030564628e-05,0.01830484004688689,0.00026233749121840777,5.977861619907862e-05,5.80669865740397e-05,0.00013999631131838736,0.1665600039404448,5.619287574976366e-05,9.95459717838454e-05,5.431802438918659e-05,0.00011294120988502317,0.00014465131527778048,0.2364667165497465,0.00017373510910291992,0.00029608619860770866,8.606378096939951e-05,0.00022004767853976543,0.004600190737591187,4.030942365803783e-05,8.596208271361996e-05,0.00011818481031152664,6.441895582933397e-05,0.20321241433755294,0.000797270962904925,0.1234617615374686,6.359652460102338e-05,0.00014461061511188893,5.54290169982969e-05,9.15730390402096e-05,0.00029663406720191715,0.0003059337993032376,0.00011045667504989576,0.00010780193146678916,9.305776112269383e-05,0.0004383399773024561,8.678159627065013e-05,9.345398899366982e-05,6.60589997094856e-05,0.2378137754299514,0.0005719690700763656,8.004915751400025e-05,0.0007188514452957206,5.906113354121227e-05,0.00010807723491590368,0.0004288160463526568,6.0339296221062e-05,8.287074968047479e-05,0.00015371036192872076,7.007565737530776e-05,8.753703697878818e-05,0.0002828419589596227,0.0012840097046530779,0.00014880219857318924,8.452118833473417e-05,8.910925179701132e-05,3.8933018619521176e-05
HaugFriedrich,3.718477929441089e-05,0.000101973615011318,7.059261298088022e-05,6.408230710581971e-05,8.599648512722357e-05,0.0007016971885654113,0.00023188365342762847,5.283912664069008e-05,5.132619408604218e-05,0.00012374463133015378,0.00018175452831906884,4.966964220379676e-05,8.799002961427267e-05,4.801243575150808e-05,9.983026158038565e-05,0.00012785925223245364,6.044932470146114e-05,0.00015356681060082458,0.0002617145919318615,7.607293896991888e-05,0.0001945031165430648,0.15884815355794976,0.13160031542689166,7.598304650739721e-05,0.00010446515085360811,5.694078554430743e-05,0.001622918797977347,0.0007047185775526126,0.28712879957266924,5.621382746817466e-05,0.00012782327680584487,4.899445713143013e-05,8.094264662474859e-05,0.0002621988603855747,0.00027041901925626026,9.763414766635153e-05,9.528758393996516e-05,8.225501253635396e-05,0.00038745462918090564,7.670742561445905e-05,8.260524370569633e-05,5.83904424917186e-05,0.03994662857235489,0.0005055711900000227,7.075653202270012e-05,0.0006354025062629187,5.220493402413226e-05,9.553092837878482e-05,0.00037903629791847366,5.333471928853295e-05,7.325057546653324e-05,0.00013586666598119023,6.19408204792229e-05,7.737516986457526e-05,0.00025000782953886306,0.008874052668788927,0.00013152827406772666,7.470942049524177e-05,7.876487178758068e-05,0.3637720730085081
HeimJohanna,2.906176486865402e-05,0.013196272688340598,5.517165783534971e-05,5.008352817170363e-05,6.721055436447677e-05,0.025051414055586262,0.00018122867314721713,4.129642029440733e-05,4.0113987831458214e-05,9.671261864974263e-05,0.00014205025459478336,3.8819309680664984e-05,6.876860909109257e-05,3.752411995064368e-05,0.0008495855900995374,0.023246825826305852,0.00467662365583833,0.00012002014334884315,0.00020454304362545208,5.9454806702148404e-05,0.004208520942296733,0.2849730721226755,2.7846661683568947e-05,5.9384551246587276e-05,8.164474036645288e-05,0.010093869233367473,0.003471118846376446,0.0013223360633885701,0.09665356947275214,4.3933917781588874e-05,0.01628483021757571,3.8291618776260634e-05,6.326072679981096e-05,0.006377427503809353,0.00021134598894388744,7.630596971318949e-05,7.4472012794268e-05,6.428640639959402e-05,0.021146044251996975,5.995068974961613e-05,0.0024115921518477112,4.5635051289010866e-05,0.3126871042648628,0.015061697300071975,5.529976876517794e-05,0.016925822995115938,0.0048678322999791265,0.0007342623367485971,0.062283193354489584,4.168375073647366e-05,5.7248988459693685e-05,0.00010618659503047775,0.004742473893807417,0.008087637331945886,0.00019539362328481127,0.030465962909060562,0.017358568921165055,5.838914881585598e-05,6.155868684003211e-05,0.010168163380862873
HeineJohannGeorg,5.0438057384328924e-05,0.0001383187191970614,9.57530024919237e-05,8.692231457211695e-05,0.00011664707264645361,0.03259035207002473,0.06359164737462772,7.1671876294867e-05,6.961970924001454e-05,0.00016784929034044456,0.0002465348861327447,6.737273452395454e-05,0.00011935114977542849,6.51248719381255e-05,0.00013541143870768888,0.00017343043104163871,8.199447639573605e-05,0.00020830059374796336,0.0003549940555424933,0.00010318660844481715,0.008173466847663808,0.031539690517990146,4.832918875731355e-05,0.00010306467680318529,0.00014169828014035923,7.72354351239681e-05,0.10400307815074648,0.0009558920808155477,0.0010608961119610077,7.624937701482404e-05,0.00017338163337049072,0.09322740524911126,0.00010979196146290333,0.0003556509253833607,0.036596058577013715,0.00013243259301543473,0.0001292496746780587,0.00011157207656415765,0.0005255499478892365,0.0001040472367554904,0.00011204713598772471,7.920177408546103e-05,0.2886951460739746,0.016505044355048765,9.597534502547046e-05,0.0008618706008523388,7.08116468086732e-05,0.00012957975115026701,0.0005141311823794824,7.234410646230295e-05,9.935830732149713e-05,0.28303036247835855,8.401756624740929e-05,0.00010495297623934634,0.00033911480697447754,0.032593119422767464,0.0001784071537056797,0.0001013371091503385,0.0001068379912016429,4.667894092749313e-05
HenckelvonDonnersmarckLuiseAntoinetteBenedictineFriederikeSophieKaroline,1.7981072025398513e-05,4.931036168565801e-05,0.003776454575606197,3.098764068223593e-05,4.158446069454389e-05,0.0003393126953293698,0.0001121296603855718,2.555088829122641e-05,2.481929461900626e-05,5.983795442449543e-05,8.788922044613918e-05,0.20210923406737888,4.254845907473204e-05,2.3216893625409984e-05,4.827392169196219e-05,6.18276205245867e-05,2.923087569614939e-05,7.425876755275511e-05,0.00012655470912884808,3.678583067474215e-05,9.405392781909036e-05,0.3724557998740921,1.722926434998538e-05,3.6742362275203056e-05,5.051516876759258e-05,2.7534286487182533e-05,0.0045270974318763965,0.007825411340977775,0.02283212032496177,2.7182758636959325e-05,6.181022424715082e-05,2.3691759887841016e-05,3.9140626527928464e-05,0.0001267888819842764,0.00013076382204089878,4.721196883884514e-05,4.607726447386097e-05,3.977523419343103e-05,0.0001873575620475204,3.709264303913192e-05,3.994459197908908e-05,2.823528260651239e-05,0.2999905027275261,0.000244474006673027,3.421502890992871e-05,0.0003072552384881186,2.524421810700897e-05,4.6194936111676895e-05,0.00018328679374834681,2.579053707401373e-05,3.542104856767553e-05,6.569968554918237e-05,2.9952103400452125e-05,3.741553745140801e-05,0.00012089378705893083,0.03422968743537766,6.360181273803138e-05,3.612648767563456e-05,0.04868823208977318,1.6640954121031596e-05
HenningsJohannWilhelmChristoph,6.843071033264803e-05,0.0001876608398066068,0.00012991075225355522,0.00011792991321223911,0.00015825831630662476,0.0012913250518921465,0.00042673274978849337,9.723922093905364e-05,9.445498902039047e-05,0.000227725784109921,0.00033448071267478844,9.14064561487169e-05,0.00016192701269038978,8.835671867952055e-05,0.0001837164517920552,0.0002352978723792808,0.00011124417858442495,0.00028260718854160777,0.0004816302737342932,0.00013999613147054995,0.0003579417890737977,0.007482926035034448,6.556954981956024e-05,0.00013983070343304016,0.00019224598380214453,0.00010478745539526711,0.5299470311621529,0.0012968852783748273,0.11537672939724393,0.00010344964303021435,0.00023523166722641783,9.01639210312638e-05,0.00014895779697604933,0.0004825214672523967,0.2426145861878337,0.00017967496928334082,0.00017535661576116246,0.00015137292846940765,0.0007130281797990207,0.00014116376975175897,0.00015201745475552532,0.00010745524196096325,0.07351330895250392,0.0009303966921923832,0.000130212410530991,0.0011693237307247337,9.607212375406927e-05,0.00017580443965900205,0.0006975360241634393,9.815125423792072e-05,0.0001348021692360437,0.0002500338213656935,0.00011398896065566674,0.00014239261161187082,0.000460086457112291,0.016330814359461102,0.00024204992994632582,0.000137486864519277,0.000144950063653981,6.333061285259829e-05
HerderLuisevon,0.0001404335502625652,0.00038511770301941436,0.0002666029340856228,0.0002420158480606856,0.0003247778243054709,0.0026500581493114537,0.000875741239200813,0.00019955439531251244,0.0001938405926763636,0.00046733900895406844,0.0006864215459248744,0.00018758439144478002,0.000332306725518144,0.00018132571813734132,0.0003770230272546312,0.0004828784536478113,0.00022829537891264922,0.0005799666644361188,0.0009884019751606836,0.0002873001561705897,0.0007345683828593178,0.21995104251995626,0.00013456187471264355,0.0002869606646395573,0.00039452733864395125,0.000215044887194701,0.006129181157250283,0.002661468849878948,0.0029538292152529624,0.00021229942774972016,0.029710539247974774,0.00018503446003209083,0.00030569129221294646,0.0009902308831043524,0.0010212754695140991,0.0003687290941029239,0.0003598669660691744,0.0003106476267053773,0.0014632769152866454,0.00028969638424502527,0.14645095362692126,0.0002205197205983335,0.5308254191929148,0.0019093607241833141,0.0002672219974076381,0.0023996869550774944,0.00019715927767611688,0.000360785990576743,0.030659280563546706,0.00020142607066843046,0.0002766411033421785,0.0005131195781749474,0.00023392822254510268,0.0002922182143456904,0.0009441897400439307,0.0042863116692786855,0.0004967350307768225,0.00028215063682743513,0.0002974666191650165,0.00012996712674705712
HolzschuherJohannHeinrichChristoph,9.7630628081426e-05,0.00026773718360579104,0.00018534468333575053,0.00016825152684416718,0.00022578837403581958,0.001842343521799764,0.0006088229419545828,0.00013873195482378372,0.00013475966943288153,0.00032489815208566557,0.0004772062411864624,0.00013041030381119562,0.0002310225317764875,0.00012605921958083006,0.0002621096944655272,0.00033570130946971064,0.0001587129371126528,0.0004031978797753256,0.0006871456674807338,0.0205191525437938,0.0005106783418437137,0.1325924627566868,9.354858806493848e-05,0.000199497555043238,0.0002742788443009973,0.00014950107978659141,0.004261060158974693,0.0018502763402834573,0.3881224882686459,0.00014759241245257892,0.00033560685406182713,0.00012863756926934328,0.0002125192505777468,0.0006884171402228927,0.0007099996072618932,0.0002563436798532598,0.0002501826512069334,0.0002159649375134749,0.021336701835875355,0.00020139945115593415,0.00021688448819215083,0.0001533072316843285,0.14552084911105428,0.001327404216353522,0.00018577506155261918,0.042307121228034233,0.0001370668481684795,0.00025082156505428963,0.000995180085336724,0.00014003315984367502,0.0001923233060898777,0.10195382005920224,0.00016262893909859338,0.00020315264942075243,0.0006564089362988912,0.002979881229535325,0.12226184835033202,0.000196153581786786,0.0002068013861932569,9.035427923405482e-05
IndustrieComptoir,0.0002500672878922523,0.0006857715932788072,0.000474734652412189,0.0004309529071815518,0.000578325546422257,0.004718906934390363,0.0015594153688552287,0.00035534262524501985,0.05239053644600744,0.0008321814714282662,0.001222297478197394,0.00033402787248353863,0.0005917321141800452,0.00032288317481785517,0.0006713575617950067,0.0008598522579507926,0.0004065211349872018,0.0010327353440278038,0.0017600281472173517,0.0005115897926832599,0.0013080316130268275,0.02734495974078221,0.0002396117095962761,0.0005109852667258307,0.000702527148174933,0.0003829262424494082,0.6354585328498369,0.004739225746658008,0.0052598261553180176,0.00037803745628583904,0.0008596103235482352,0.0003294872592790001,0.0005443385304512002,0.0017632848479731372,0.001818565338373809,0.0006565887165630143,0.0006408080977706372,0.0005531641787531313,0.002605628704514875,0.0005158567093468707,0.0005555194800434618,0.00039267517166431855,0.11250459324452124,0.003399961455163645,0.00047583700641292814,0.0042730758250053855,0.0003510776859168001,0.0006424445868124975,0.0025490155066602523,0.00035867548109886737,0.0004926094249056352,0.0009137020394251893,0.00041655142993919284,0.0005203472830923847,0.0016813002812150338,0.007632551709996587,0.000884526394976048,0.1045931566995512,0.0005296930153371056,0.000231429931380498
JeanPaulANDRichterCaroline,5.30626307856204e-05,0.00014551621351249677,0.0001007355651929246,9.144536733496089e-05,0.0001227168703365906,0.0010013209583780093,0.0016835577456485173,7.540136370773086e-05,0.000438396745358887,0.007514117497516494,0.00025936347109794324,0.008343162237350847,0.0027953033823655397,0.004707562771261422,0.0001424576510063654,0.029976144161899133,0.001542780928470524,0.00021913963526096948,0.0003734663759313213,0.00010855598311819402,0.0002775556896025043,0.20322642314213998,5.0844025963511156e-05,0.00010842770669327749,0.00042481442264948895,0.02047253193651227,0.017575213995366313,0.008193120217938103,0.030909980112327526,8.021705731728412e-05,0.003764647226778301,6.991502541196328e-05,0.003955337773434512,0.0007393117607752426,0.0003858875821904173,0.00013932379936075208,0.0001359752560322487,0.00011737779390663656,0.0045695949209111075,0.0007857914344386028,0.00011787757332125375,8.332308407200272e-05,0.3420588888548477,0.0738379149903484,0.03319812843141271,0.09851667102646185,0.003383409861178245,0.00013632250822402824,0.009292379112865524,7.610857375957345e-05,0.0001045284741383176,0.0001938815523403344,8.838946875614285e-05,0.03888830682899673,0.0003567608415072397,0.04353480419137747,0.0001876906728279195,0.00010661024406140636,0.00011239736768235501,4.910790653624433e-05
JeanPaulANDRichterEmma,1.500494730711823e-05,4.114879122574682e-05,2.848580677764325e-05,2.585874273525459e-05,3.4701637401551474e-05,0.00028315158889647004,9.357059708531357e-05,2.1321850661538603e-05,2.0711346210726173e-05,4.9933916722932256e-05,7.334229682163729e-05,2.004288792816388e-05,3.550608025559483e-05,1.9374165510942335e-05,4.028389688182625e-05,5.159426461256074e-05,2.439274749259137e-05,0.006307790874574352,0.0500721920590388,3.069724931546989e-05,0.0032013981547356204,0.00476370859481417,1.4377574559891214e-05,3.066097555806057e-05,4.215418549557321e-05,2.297696807485618e-05,0.0006548865290977263,0.0002843707915758328,0.0003156087106409346,2.268362311399217e-05,5.157974766797056e-05,1.9770434611897007e-05,3.2662292759274126e-05,0.00010580350774499136,0.00010912053834329633,3.9397712421791965e-05,3.845081786613396e-05,3.3191863775290804e-05,0.00015634720455722496,0.015645510768965382,3.333319042401674e-05,2.3561939305613816e-05,0.3346563922878718,0.0002040100602960317,2.855195202932451e-05,0.00025640009988492807,2.106593878107078e-05,3.8549013164082596e-05,0.00015295020666175415,2.1521834141547992e-05,2.955835817631499e-05,0.009423559940941992,2.499460169150733e-05,3.1222730609881046e-05,0.00010088413538497159,0.5625820504870338,5.3074802627081457e-05,0.00939888153049078,3.178350855513112e-05,1.3886638092186664e-05
JungFranzWilhelm,2.3644011476646242e-05,6.484011386898581e-05,4.48864450228767e-05,4.074685485326275e-05,5.46810259434545e-05,0.0004461754700279937,0.0001474436548212507,3.359785752167211e-05,3.2635856526526675e-05,7.868325532278427e-05,0.0001155689568434366,3.1582534913256874e-05,5.59486249349074e-05,3.0528797090400537e-05,6.347725858031423e-05,8.129954472081356e-05,3.843681619515999e-05,9.76457438009753e-05,0.00016641171287448824,4.837112055516012e-05,0.00012367517051469816,0.4454683422167791,2.265543030192037e-05,4.831396226470213e-05,6.64243615952709e-05,3.6205905008590864e-05,0.04532022194728326,0.0004480966258676772,0.0004973197055469662,3.574366735594713e-05,8.127666967850445e-05,3.115321722191061e-05,5.146753327734109e-05,0.00016671963587671227,0.00017194643927224992,6.20808554397623e-05,6.0588788504576794e-05,0.2214937319714142,0.010088205082686616,4.877456007503757e-05,5.252469874151465e-05,3.7127672090503916e-05,0.2468415684744893,0.00032146838694344364,4.499067325226444e-05,0.00040402187226719295,3.319460496003726e-05,6.0743519521229494e-05,0.024845614268859523,3.3912981033917876e-05,4.6576515441681656e-05,8.639107373257348e-05,3.938518657562017e-05,4.919914650563622e-05,0.00015896794610683045,0.0007216623243621237,8.363249911848293e-05,4.7504124782275954e-05,5.008279107312183e-05,2.1881838283293037e-05
KalbCharlottevon,0.0033639632169098544,0.0071707401174226,0.00010880002949678711,9.876609759754529e-05,0.00031272149994826824,0.022368760920293718,0.0023964694287396866,0.0014106380383792272,7.91058893376237e-05,0.0021902052321711406,0.20013285328119004,0.000571114508138663,0.00366498872134473,0.003600929977219569,0.00015386220945752134,0.002546324841818348,9.31668064526973e-05,0.0014376475685765834,0.003774270824526717,0.00011724651708353946,0.003268015529222997,0.14318756807393007,5.4914384149938405e-05,0.0015684950407663933,0.0005090743741090084,8.775931199017686e-05,0.026272747091573616,0.03699972461424204,0.013995091878955129,8.663889645678964e-05,0.0029790045489953036,7.551212734571034e-05,0.0001247518963875992,0.00040411089120190243,0.016119768757836488,0.00015047747487219107,0.00014686086129371258,0.0006881067585445725,0.0026865580433641048,0.0028942776933958475,0.00012731435446656822,8.999357860786498e-05,0.42480276769273917,0.001565994812041906,0.006968084882208768,0.01070771876043926,8.046023686985205e-05,0.00014723591303076377,0.008646299983578248,8.220150504085917e-05,0.005686197887351828,0.00043093628462716405,0.0007320043827898686,0.00096528286661482,0.00270521677567551,0.018570073600565028,0.0013773480372293707,0.00011514501036775228,0.008254650182690167,5.30392783267386e-05
KeßlerGeorgWilhelm,2.622503811739093e-05,7.191818780115554e-05,4.978633734981105e-05,4.519486140268885e-05,6.0650113923415444e-05,0.0004948808589475723,0.00016353889320659389,3.726546550862612e-05,3.619845059909709e-05,0.12016542873849954,0.00012818469071544086,3.503014633375884e-05,6.205608650557449e-05,3.3861380424579716e-05,0.34938867933084883,9.017436238921532e-05,4.263265439643575e-05,0.0001083049446034525,0.00018457754165888257,5.3651406894001394e-05,0.0001371757945611874,0.13932016889601778,2.512854148377492e-05,5.3588009092513e-05,7.36753751147488e-05,4.0158212571617796e-05,0.028435074165449818,0.04416179582821105,0.10425547032815102,0.005497743528186515,9.014899026244716e-05,3.45539634816592e-05,5.7085830098649926e-05,0.0001849190781396326,0.00019071644963962,6.885772331298727e-05,6.720277942634657e-05,5.8011392834502684e-05,0.00027325730075144177,5.409888666270724e-05,5.825839781719146e-05,0.005499278613590878,0.17008341572937735,0.027647050566396613,4.9901943337031186e-05,0.0004481256918240039,3.681819310689113e-05,6.737440118408711e-05,0.0002673201656539292,3.7614988521186574e-05,5.166089916847762e-05,9.582169268852144e-05,4.368455074666121e-05,5.4569821780361654e-05,0.00017632119871929258,0.0008004403983213649,9.276198666208648e-05,5.2689768163028774e-05,5.554992672099004e-05,2.427050264396765e-05
LangermannJohannGottfried,6.27494741765198e-05,0.0001720809116863805,0.00011912533647772933,0.00010813916745534773,0.00014511943663931528,0.006075814548549571,0.00855937003254522,8.916625230980465e-05,8.661317214985427e-05,0.00020881959488466194,0.00030671154428331355,8.381773376002232e-05,0.00014848355149177681,8.102119078044141e-05,0.0001684639936000693,0.00021576303526414653,0.12239444699951565,0.0002591446500158558,0.00044164449378660583,0.00012837341003506735,0.11468114009333864,0.1863762851040332,6.0125852167364314e-05,0.00012822171611990367,0.00017628538908176354,9.608781926104685e-05,0.053316695947994056,0.0011892156151777425,0.04211446851365988,9.486107439685018e-05,0.00021570232657780193,8.26783560612226e-05,0.0001365910625405339,0.0004424616988744775,0.0004563332521436,0.00016475804197275677,0.00016079820564331076,0.00013880568563210636,0.0006538313446979268,0.00012944410896275748,0.00013939670222904403,9.853412156302293e-05,0.3872600270165544,0.0008531535465121658,0.00011940195056222555,0.0010722444482663335,8.809604955559291e-05,0.0001612088504251129,0.0006396253746697338,9.000256702372753e-05,0.00012361065954594267,0.00022927558022962322,0.00010452539960934097,0.00013057093024216964,0.033094150782689784,0.034587500436680546,0.00022195452531126254,0.0001260724667744247,0.00013291605818390776,5.807279562727741e-05
LentzTherese,1.2188289134601355e-05,3.3424533571059335e-05,2.313858503678964e-05,2.1004661107009635e-05,2.8187609155652284e-05,0.0002299997036813826,7.600596446160531e-05,1.7319413086131932e-05,1.6823509660937437e-05,4.056055660745204e-05,5.95748256332631e-05,1.6280531224857008e-05,2.884104577869813e-05,1.5737338236233908e-05,3.2721993127642746e-05,4.190923179628241e-05,1.9813855599878464e-05,5.033555999518184e-05,8.578383891844666e-05,0.22071724607125875,6.375351062966405e-05,0.3108093686568317,1.1678683850299918e-05,2.4905441358884657e-05,3.4241199954759476e-05,1.8663839639076793e-05,0.048729125712289566,0.10169871931475892,0.00025636412710796974,1.842556001529612e-05,4.189743990428873e-05,1.6059221564358152e-05,2.653108070297421e-05,8.594257063730104e-05,8.863694384454859e-05,0.002568695390833475,3.1233011087750534e-05,2.696124313729705e-05,0.00012699844228217426,2.514287565774201e-05,2.707604061187924e-05,1.91390028202574e-05,0.3124233592049561,0.00016571425079752852,2.319231381276405e-05,0.000208269878432406,1.7111539780862703e-05,3.131277362596942e-05,0.00012423911286287074,1.7481856607365892e-05,2.400980212880373e-05,4.453387219598091e-05,2.030273255779898e-05,2.5361746393102465e-05,8.194663973148284e-05,0.00037201086099801153,4.3111850174501336e-05,2.4487976945217067e-05,2.5817257738602037e-05,1.1279903668495195e-05
LevezowMarieUlrikeWilhelmine,2.08709903128174e-05,5.723552408939763e-05,3.962206498565586e-05,3.59679749673701e-05,4.8267916122777774e-05,0.004737631411346121,0.00013015114184410854,2.965742761370465e-05,2.8808252190556482e-05,6.945511176243534e-05,0.00010201477786983001,2.7878466430278478e-05,4.9386848343618625e-05,2.6948313274380785e-05,5.60325074373489e-05,0.0044155489292771076,3.392886267447017e-05,8.619363829064921e-05,0.004490678956971131,0.16945028856737224,0.00010917027714598436,0.21078390115521345,1.999835209144297e-05,4.2647595540054825e-05,5.863396779177266e-05,3.195959761089879e-05,0.0009109082574591383,0.00039554287760889753,0.00043899296729305287,3.1551572196934e-05,7.174436483392957e-05,2.7499500052848866e-05,4.5431308875695006e-05,0.00014716639385732805,0.00015178018636639604,5.479987749855727e-05,5.348280342332726e-05,4.616791069901428e-05,0.00021746967349908146,4.305417343598891e-05,4.636448767167066e-05,3.2773257841789945e-05,0.4828622983968085,0.06109674708564755,3.971406910128667e-05,0.0003566373071077112,2.9301469390802722e-05,5.361938724933498e-05,0.0002127446512302329,2.993559275407935e-05,4.111392026468489e-05,7.625894044110779e-05,3.476600611111153e-05,4.342896344523632e-05,0.0001403238391472287,0.05710622103420756,7.382389746607222e-05,4.193273756143442e-05,4.420897225322484e-05,1.931548862968261e-05
LindenauBernhardAugustvon,9.965557138930758e-05,0.00027329028337445626,0.00018918889169072643,0.00017174120841253533,0.00023047141936683983,0.0018805553131054187,0.0006214504541013599,0.00014160937504559623,0.00013755470103467418,0.0003316368195687863,0.0004871039096083425,0.0001331151258242328,0.00023581413804681168,0.00012867379635968766,0.0002675460752629158,0.00034266404374087416,0.00016200478011516278,0.00041156055104403993,0.0007013976604080399,0.00020387621882297086,0.0005212702504600755,0.05237909974461867,9.54888663473426e-05,0.00020363530614616666,0.00027996762374629176,0.00015260186093472093,0.3154623565199613,0.0018886526650763679,0.0020961197497470926,0.00015065360619641806,0.0003425676292464844,0.0001313056232412676,0.00021692708286060892,0.0007026955045898892,0.0007247256105825362,0.06248424412925744,0.0002553716548553277,0.00022044423631087945,0.0010383821873122985,0.00020557664922219164,0.0002213828592625667,0.0001564869557007521,0.5011337175911733,0.0013549357229880696,0.00018962819632246334,0.0017028849175755865,0.00013990973264423745,0.00025602382032612373,0.0010158209773758382,0.00014293756817822416,0.041678034697568006,0.0003641239907305524,0.0001660020033548319,0.00020736621032891195,0.0006700234229503909,0.003041686532569911,0.0003524970580648005,0.00020022197600447848,0.00021109062504444425,9.222830480030304e-05
Ludwig,4.808534503857097e-05,0.00013186676257580056,9.128654833431108e-05,8.286777295768883e-05,0.00011120600250727922,0.0009073968452956379,0.0002998593966523253,6.832870019040898e-05,6.637225765422145e-05,0.00016001986315609447,0.00023503512384323284,6.423009437280493e-05,0.00011378394639530187,6.2087084636818e-05,0.008808595423558883,0.0001653406683227327,7.816979664190907e-05,0.00019858429213060944,0.0003384351525938441,9.837340944004262e-05,0.0002515209084878561,0.14997047293435756,0.008725575175501118,9.825716537032532e-05,0.00013508868194511881,7.363274360154231e-05,0.16124983453190084,0.06325968002646763,0.04874866181281024,7.26926807429556e-05,0.00016529414684716612,6.335698156198015e-05,0.00010467065194793754,0.011675129761339161,0.47647489842943436,0.021825006022385983,0.00012322074888134976,0.0001063677325511802,0.01786003602612749,9.919389324562121e-05,0.00010682063255329536,7.550736154540369e-05,0.021633466057015188,0.0006537773135678136,9.149851957184068e-05,0.0008216681484140906,6.750859660591146e-05,0.00012353542874568932,0.0004901492361497459,6.896957379305763e-05,9.472368163582334e-05,0.0001756954226141604,8.009851829786965e-05,0.0001000573839876299,0.00032329660075533663,0.0014676605068714862,0.00017008524888098472,9.66101811093807e-05,0.00010185447133725215,4.450157474207099e-05
LudwigErnstKarlFriedrich,2.726681266957547e-05,7.477509643766913e-05,5.176407095939971e-05,4.699020127171294e-05,0.113561415716191,0.0005145397163687528,0.00017003538165676985,3.87458146874688e-05,3.763641322450281e-05,9.073932252307692e-05,0.00013327675381061082,3.642169874433894e-05,6.45212288416994e-05,3.520650428179821e-05,7.320342067153897e-05,9.375648705862636e-05,4.432621206615112e-05,0.022812278558497656,0.00019190977831548024,5.578267816769323e-05,0.011492460655222476,0.4342753910497985,2.612675833799373e-05,5.571676192501289e-05,7.660208700640079e-05,4.1753474463366414e-05,0.03523955894379878,0.02321642649932566,0.006248438229456275,4.122041147209228e-05,9.373010703871868e-05,3.592659980238337e-05,0.017084106978565872,0.0001922648821364452,0.022897963813160786,7.159305675836609e-05,6.987237117790296e-05,6.031586204142018e-05,0.00028411228982132264,5.6247933812779834e-05,6.057267915494653e-05,4.2816477261023214e-05,0.278988402252011,0.023070395929477745,5.188426932795506e-05,0.00046592722712902803,3.828077464688667e-05,7.005081051123728e-05,0.0002779393054476419,3.9109222300625764e-05,5.371309866789424e-05,9.962815430521402e-05,4.541989439374274e-05,5.673757655705831e-05,0.0001833254569024149,0.0065071552482276855,9.644690321710032e-05,5.478283889135485e-05,5.775661560260761e-05,2.5234634398897143e-05
MahlmannErnestine,2.706025434699042e-05,7.420864157994627e-05,0.0015297634761939711,0.00017000200804293659,0.0006652555327362873,0.01225423439878574,0.0010458258563938404,3.8452297781550236e-05,0.005560369662314451,0.00040238045175980245,0.0009927470903390591,0.0018534080778508464,0.0027180512972926315,0.00041597040904883863,0.0024416395381756076,0.0009584792287319025,0.0002579434935825231,0.002296171898842053,0.0006695533802081562,0.0006009826414414089,0.0005139368116888745,0.12969918917949877,2.592883643775995e-05,5.52946824901128e-05,0.0002469080895305606,0.0014117017460644739,0.02891342431794228,0.024100090995479335,0.0017486458783300884,4.090814838681275e-05,0.0022461439004865303,3.565443971233936e-05,0.00017497563596728072,0.001233479724338678,0.0001967903959682232,0.0003249917368393945,0.023945364476265295,0.0026937867923228194,0.00303219833166212,0.001090291235293979,0.0023339148738053097,4.249212326229177e-05,0.40219498785188185,0.25563727644928225,0.00023658036984481096,0.018873616275643112,3.79907806276319e-05,0.0025572235149878596,0.0016452542581768714,0.0007311033485307828,0.00040363502607152765,9.887342639898933e-05,4.5075818343796886e-05,0.0007158946045590997,0.00046259047997742513,0.05448671034383811,0.0006310017057514869,0.0012585182060021304,0.0008800120821231272,2.5043470737208915e-05
MahlmannSiegfriedAugust,0.004980293200959239,0.00014144013665116928,9.791384590485114e-05,8.88838771966979e-05,0.00011927942935596373,0.014183066465936372,0.013804211052291038,7.328928460325897e-05,7.119080660726312e-05,0.03717692069069899,0.0002520984013321943,6.889312475526111e-05,0.00012204452898136307,0.009846348045674141,0.00013846724800610974,0.0005348616798234252,0.008972211423571526,0.032922343253629686,0.000725446631074217,0.0004260212344656942,0.0006272985055063102,0.09548937548423597,0.012207125552178788,0.000979465886376802,0.0004215926178459647,7.897839541647994e-05,0.17689633220169396,0.01574208449815685,0.020538313708409715,7.797008508427804e-05,0.001837474235553334,0.001517722540115217,0.0012511360352081967,0.08140693193217852,0.0006955844557976863,0.0001354211791571428,0.00013216643238677552,0.00011408990661059016,0.0044674420385409684,0.00010639525488886814,0.00047953038510643143,0.0015769924356469815,0.32225604989270556,0.005555298178235094,0.0030265333307824462,0.0024103881747027816,7.240964244936312e-05,0.11028354536095607,0.0029018466323815955,7.397668488642466e-05,0.0005358042870270404,0.0001884507065929303,0.001158465989893504,0.0001073214340576069,0.0033820339019383296,0.005645985345512519,0.0006166370166792506,0.00010362396824711811,0.00010924898786525083,4.7732337472777536e-05
MannLukreziavon,2.4118757444427663e-05,6.614203265041569e-05,4.578771589240328e-05,4.156500726620961e-05,5.5778961317341763e-05,0.0004551341869330328,0.00015040416262977055,3.4272465863842105e-05,3.3291148937730466e-05,8.026312928931925e-05,0.00011788945547440366,3.2216677775063305e-05,5.7072012314286647e-05,3.114178204577498e-05,6.475181271367643e-05,8.293195092552186e-05,3.92085855508394e-05,9.960636385846084e-05,0.00016975307860495224,4.9342359909502066e-05,0.00012615843307674376,0.4042155868975191,2.3110326637714042e-05,4.928405394290006e-05,6.77580903434978e-05,3.693288010034648e-05,0.0010526561023935174,0.00045709391748704814,0.02058621489050656,3.6461361219685824e-05,8.290861657730732e-05,3.177873985262533e-05,5.250094522265366e-05,0.00017006718436528553,0.00017539893627342514,6.332737132077343e-05,6.180534530855739e-05,5.335217079669124e-05,0.0002513104662514302,4.975390005500705e-05,5.357933741655918e-05,3.7873155260121194e-05,0.36725160789903055,0.00032792312160728613,0.07032207745342589,0.01045158896468353,3.3861116430497364e-05,6.196318315529767e-05,0.08056148836625104,3.459391671258656e-05,0.030165876042445805,8.812571228776776e-05,4.0175998174386436e-05,5.018701171814082e-05,0.00016215984911767338,0.010775607290684728,8.531174850352065e-05,4.845795580691602e-05,5.108839890496917e-05,2.2321201734917954e-05
MayerJohannSiegfriedWilhelm,0.0003203505250860727,0.0004284382557872319,0.00028245338570327726,0.0009735821866439895,0.00044223191079681136,0.39164565380519456,0.12129917648349797,6.385193001237452e-05,0.005083315627774472,0.0004373360640310221,0.005446499601127055,0.002413542902745286,0.028437128348962813,5.8019253576536506e-05,0.0005146154423309996,0.00238093140648668,0.0015120477577127845,0.001871734265313107,0.003977237868552247,0.0025334839642485304,0.002457205729961968,0.04536453137401438,0.00010505522966677319,0.0006573142632291047,0.0003095824420287736,0.000978319376043576,0.03161007732516671,0.02095587712521291,0.002507083104801005,0.0003484639951927685,0.005492599783573104,0.0003944802983049414,0.0014855542036218833,0.0013730583944000765,0.0032039228059146147,0.00011798319086540261,0.001258445835527614,9.939871526176438e-05,0.002198249384865139,9.269489265161516e-05,0.0010778245258921567,0.0015965922367022513,0.2683447132990737,0.008613873818734213,0.00018724075891825485,0.002260006468672227,0.000577877542065619,0.0011246036966623728,0.0019512628903263674,0.00027079043506702275,0.0003575289216168525,0.0003883197490698681,7.485061138581946e-05,9.350180907577405e-05,0.0021978264901080682,0.012916791376942717,0.0019824405456334493,0.004165404149940805,0.0006454363044293071,4.158591379541599e-05
MayerJohannSiegfriedWilhelmANDMayerJulieHenriette,2.6317857587649253e-05,7.217273111444875e-05,4.996254839813158e-05,0.02441439907737461,6.08647756303033e-05,0.36643135892081447,0.03145760825198217,3.739736086572559e-05,0.005500508734107443,0.0017954211587495911,0.0001286383806217882,3.5154130124028905e-05,0.016713713751053134,3.398122754850595e-05,7.065575369988182e-05,9.049352061161265e-05,0.0017938822740143005,0.00010868827322015268,0.0013097000937198663,0.01417414587932743,0.00013766130709033756,0.07901323341491087,2.5217480073623588e-05,5.377767557055204e-05,7.393613772102692e-05,4.03003463599743e-05,0.04753877747115255,0.026358705222487743,0.0014291097950697392,3.978583532930834e-05,9.046805868412217e-05,0.006905203607657619,5.728787657367486e-05,0.012280304080675116,0.0016759022811623809,0.011387764490005382,0.010574033000830338,5.821671519581795e-05,0.00027422445274513695,5.429036131296781e-05,5.846459441447701e-05,4.132635393126701e-05,0.3099297559901183,0.002492622244037773,5.007856355488063e-05,0.00044971176346813484,0.0008492499806038771,6.761286246673177e-05,0.0028457053582912006,3.77481209609825e-05,5.1843744938707655e-05,0.001681667149324221,0.006060179341530103,5.476296323270469e-05,0.00017694526035791355,0.01255299189731715,9.309030338077126e-05,5.287625545608947e-05,5.574653710332964e-05,2.4356404337922568e-05
MayerJulieHenriette,1.3958741372836874e-05,3.827973019622503e-05,2.649966050977701e-05,2.4055766053700755e-05,3.228209814988346e-05,0.08451332202415879,8.704647461149025e-05,1.9835204541736483e-05,0.2150018036714897,4.645232102464814e-05,6.82285736876533e-05,1.8645416290217265e-05,3.303045197739013e-05,1.802331991885676e-05,3.747513980250272e-05,4.799690270866812e-05,2.26919859598888e-05,5.7647226454038185e-05,0.0378654470094963,2.855691228244856e-05,7.301424807551502e-05,0.02186257992824053,1.337511160435687e-05,2.8523167678889868e-05,0.014565062078651,2.1374920439520333e-05,0.0006092251776114782,0.00026454330377507357,0.00029360318811392166,2.110202868202757e-05,4.7983397944478617e-05,1.8391959526917808e-05,3.0384944907757398e-05,9.842645700266176e-05,0.00010151221074106776,3.665074372612481e-05,3.576987050882885e-05,3.087759207937529e-05,0.00014544604176950412,2.8795091320853834e-05,3.100906485953755e-05,2.191910509765787e-05,0.4391502420295885,0.0030949550602879052,2.6561193845573652e-05,0.00023852284243380126,1.9597135878076998e-05,3.5861219231356106e-05,0.00014228589637902658,2.0021244360414607e-05,2.749742926408853e-05,5.1002794358553806e-05,2.3251876437000863e-05,2.904575488447951e-05,9.385008328506646e-05,0.1805465520637715,4.937421159315477e-05,2.804506302298655e-05,2.9567433111341608e-05,1.2918405223260087e-05
MayerJulieHenrietteANDMayerJohannSiegfriedWilhelm,2.890727687494779e-05,7.92738206063407e-05,5.4878373557297385e-05,4.981729162963727e-05,6.685327311378264e-05,0.3073788451554118,0.00018026528863691324,4.107689470305505e-05,3.990074787415878e-05,9.619850883952287e-05,0.00014129513669547517,3.861295203870033e-05,6.840304545459403e-05,3.732464734349243e-05,7.760758747965537e-05,9.939719625720258e-05,4.6993027771215166e-05,0.0001193821342246865,0.06036685748406995,5.913875384558174e-05,0.00015120583070922557,0.00316102249528009,2.7698632996586108e-05,0.03615710992825343,8.121072914267193e-05,4.426550552240938e-05,0.007277989806073071,0.0005478449899874679,0.02467338605722968,4.370037164822749e-05,9.936922912555877e-05,3.80880662601886e-05,6.292444224146187e-05,0.0002038321914848861,0.01825924303348704,0.006092240514661381,7.407613071704907e-05,6.394466948195868e-05,0.000301205451658984,5.963200085296511e-05,6.421693758666512e-05,4.53924621844543e-05,0.5063451997455729,0.0003930287242964533,5.500580346859111e-05,0.0004939589940860219,4.05838762716766e-05,7.42653055676847e-05,0.00029466107954636715,4.1462166154445255e-05,5.6944661402860705e-05,0.00010562212297935162,4.815250974808023e-05,6.015110217038679e-05,0.00019435494001899148,0.02494766837194376,0.00010224947700392224,5.8078760837164926e-05,6.123145007144327e-05,2.6752835846521358e-05
MayerThereseApollonia,5.916213888785011e-05,0.0001622431889787375,0.00011231503999430292,0.00010195694112451595,0.00013682307905289775,0.0380558633927342,0.0003689340953536189,8.406869176978216e-05,8.166156908075541e-05,0.00019688155219145696,0.0002891771001992925,7.902594358042968e-05,0.00013999487025510163,7.638927663883294e-05,0.00015883304709346272,0.0002034280418550195,9.617675327179189e-05,0.0002443295657450829,0.0004163960451199205,0.00012103440887228178,0.00030946050005922987,0.523621583149395,5.6688507168511184e-05,0.00012089138717217781,0.00016620729989569487,9.059455849081632e-05,0.002582114218547218,0.0011212291467945462,0.0012443953311516381,8.943794561097935e-05,0.0002033708038338193,7.795170315775327e-05,0.00012878226501355957,0.00041716653127208363,0.0004302450593692181,0.00015533896164073133,0.00015160550586328835,0.00013087027994352176,0.0006164523501094606,0.00012204389683211521,0.00013142750861279615,0.04934548950061449,0.2975061222186189,0.0008043794672992117,0.00011257584028147763,0.00101094512428275,8.305967161760171e-05,0.00015199267442419462,0.0006030585235814438,8.485719506655673e-05,0.00011654394087038086,0.0002161680858548621,9.854976938292546e-05,0.00012310629867546503,0.07427665296185504,0.0018057463178873718,0.00020926556956178213,0.00011886500862557596,0.00012531735760176925,5.47528221645613e-05
MerzdorfErnestineAmalie,3.7365140588115455e-05,0.02254739328067354,7.093501584691337e-05,6.439313234217969e-05,8.641360303422489e-05,0.1026945974867832,0.0016358161991595161,5.309541788189064e-05,5.1575146989406087e-05,0.0001243448430893521,0.0001826361116573681,4.991056015720965e-05,8.841681702233235e-05,4.824531558003917e-05,0.00010031447892606205,0.00012847942157545708,6.0742528496497815e-05,0.0001543116720510097,0.000262984014079253,7.644192364453237e-05,0.000195446535716042,0.19435030870183562,3.580286446534833e-05,7.635159516702976e-05,0.00010497184929615692,0.07516476589180024,0.07758109899020019,0.01657936814803801,0.006397156305137119,5.648648738006954e-05,0.007687859859137013,4.923210016280629e-05,8.133525136082951e-05,0.0002634706314318025,0.0036706171209499893,9.810771296691232e-05,0.0404126382340319,0.06975982640326468,0.0003893339416172549,7.7079487807192e-05,8.300591271339914e-05,5.8673659871184684e-05,0.2885058554923064,0.06540999717642952,7.109972996271264e-05,0.0006384844666840183,5.245814917336857e-05,9.599429221092634e-05,0.00038087477802648483,5.3593414355514154e-05,7.360587053097734e-05,0.0001365256745355687,6.224125863501514e-05,7.775047088833263e-05,0.0002512204691303175,0.02217798367822598,0.0001321662396579419,7.507179155103728e-05,7.914691343052294e-05,3.458034033646245e-05
MeyerJohannFriedrichvongenImo,3.996867300004038e-05,0.00010960802108705776,7.58776337520254e-05,6.887992416256321e-05,9.243473965487441e-05,0.000754230790312478,0.0002492439673911586,5.67950063005187e-05,5.516880580409873e-05,0.00013300895686340323,0.00019536185091068533,5.338823370590638e-05,9.457753380952127e-05,5.160695803231273e-05,0.05833679220843765,0.00013743162496803477,6.497495313705186e-05,0.0001650638178585627,0.0002813082433929046,8.176825248221194e-05,0.00020906488111836085,0.0376445838113326,3.829754042824134e-05,8.167163008703109e-05,0.00011228608945906345,6.120374198719322e-05,0.2928918610537301,0.09226095953254301,0.0008406868143807263,6.042235911546388e-05,0.00013739295618770458,5.266249990073126e-05,8.70025380300876e-05,0.00028182876732333993,0.19993462321871056,0.000104943673077027,0.00010242143037360478,8.841315616397659e-05,0.0004164619952016543,8.245024091134133e-05,8.878960790975771e-05,6.276192965410304e-05,0.2425812511024812,0.0005434215276998949,7.605382483626195e-05,0.009001471144787998,0.04996710305344202,0.0001026829931551008,0.008725911699659882,5.7327702227688916e-05,7.873458854512291e-05,0.00014603852563471116,6.657811196045948e-05,8.316797682606178e-05,0.0002687250368537373,0.0012199235094843615,0.00014137533356995934,8.030265217267682e-05,8.46617208466557e-05,3.698983312745199e-05
MiltitzCarlBorromäusvon,3.263816007596829e-05,8.950520168247479e-05,6.196118536589387e-05,5.624690093754232e-05,7.54816110465613e-05,0.000615899989184476,0.00020353101304298584,4.637843510966911e-05,4.505049029354474e-05,0.006901446197493309,0.00015953122493593815,4.359648662503301e-05,7.723140290552904e-05,4.2141908421395394e-05,8.76239181652519e-05,0.00011222577680281323,5.305812683382042e-05,0.0001347900469453364,0.00022971449361197928,6.677142655308893e-05,0.00017072103084827078,0.11904713912128255,3.1273524017461e-05,6.669252532960239e-05,9.169209500815064e-05,4.997858018013898e-05,0.3003090884211195,0.0006185519499944429,0.027857827191253924,4.9340507976738674e-05,0.06124768168607759,4.300385708975112e-05,7.104571030513445e-05,0.0002301395500897089,0.28553629622322496,8.569632524063609e-05,8.363667814890866e-05,7.219761195720796e-05,0.0003400801739135797,6.732833389699449e-05,7.250502002000929e-05,5.125098615921541e-05,0.1912974500362916,0.0004437545076810152,6.210506186665397e-05,0.0005577112223225617,4.5821785842657786e-05,8.385026862593988e-05,0.00033269116022224165,4.681343116127133e-05,6.429415618698735e-05,0.00011925411626548836,5.436725596866877e-05,6.791443240661713e-05,0.00021943912847053723,0.0009961816541406662,0.00011544618376109418,6.557462681170277e-05,6.913421412057635e-05,3.0205658686639726e-05
MosengeilFriedrich,2.7360411265758864e-05,0.04202624819255965,5.1941761121915246e-05,4.715150420530866e-05,6.327586838317494e-05,0.00132743069638132,0.00017061906091614805,3.8878817173189294e-05,3.776560747561974e-05,9.105080275766516e-05,0.00013373425198657008,0.06472318278423268,6.474271041040322e-05,3.532735740156816e-05,7.345470553910708e-05,9.407832429270712e-05,4.447837034272696e-05,0.00011299384249514679,0.03253588657615205,5.597416297492455e-05,0.002453351614179569,0.0858105302424105,2.6216443477686917e-05,5.590802046202131e-05,7.686503845200624e-05,4.189680132165781e-05,0.005249760749417125,0.02566339551661555,0.1534863121126611,4.1361908488800606e-05,9.405185371829053e-05,3.604992478898504e-05,5.955727430994815e-05,0.0013709809502656422,0.016788399049905544,7.183881374104923e-05,0.07782181362168081,6.05229078770696e-05,0.0002850875600814729,0.04223492661924282,0.005951061015663799,4.2963453081545916e-05,0.35707669447935697,0.0003719972511602043,0.014188735353931935,0.013022348942536666,0.04328280020734816,7.029127343606884e-05,0.00027889338574772456,3.924347225310544e-05,5.3897479244124355e-05,9.997014717017825e-05,4.557580694595666e-05,5.6932339237278517e-05,0.0001839547569096685,0.01151521280394817,9.677797582381646e-05,5.497089155733048e-05,5.7954876330996295e-05,2.5321257151015634e-05
MüfflingWilhelminevon,4.170321355244665e-05,0.00011436473536286848,7.917053348786065e-05,7.186914078495429e-05,9.644617642142236e-05,0.03550496384105152,0.0002600605328768866,5.92597676800701e-05,5.7562994144926024e-05,0.00013878121328814361,0.00020384006715762928,5.570514966616718e-05,9.868196248892789e-05,5.384657107859236e-05,0.00011196093661659016,0.00014339581413913647,6.77947037729261e-05,0.00017222717516618186,0.10444752027466866,8.531679035410095e-05,0.00021813777464133133,0.38645827788707204,3.995955800210815e-05,8.521597478836597e-05,0.00011715902521146298,6.385983148097477e-05,0.0018201245373668843,0.03550835236809267,0.0008771705217936577,6.304453854478146e-05,0.00014335546723034817,5.4947920826985606e-05,9.077823081766909e-05,0.0002940594317178398,0.0003032784467913209,0.0001094979663023834,0.00010686626456708158,9.225006625434888e-05,0.0004345354053249417,8.602837537720772e-05,9.264285506538812e-05,6.548564059972789e-05,0.4180191776112605,0.0005670046643440632,7.935437082496581e-05,0.0007126121739392759,5.854851241316928e-05,0.00010713917851981877,0.00042509413733696113,5.981558127961783e-05,8.215147298130121e-05,0.00015237623279168314,6.946743568401529e-05,8.677725923747041e-05,0.0002803870320835815,0.009952365471691493,0.00014751066984161414,8.378758665271678e-05,8.833582801666045e-05,3.8595099471577086e-05
MüllerFriedrichTheodorAdamHeinrichvon,4.1483279306700715e-05,0.00011376159906546225,7.875300423568306e-05,7.149011758927013e-05,9.593753895060376e-05,0.034903996153883184,0.000258689026648125,5.8947243747318394e-05,5.725941864985728e-05,0.0001380493094642369,0.00020276505620273652,5.5411372064098574e-05,9.816153393822553e-05,0.01795411374738678,0.012641756283965683,0.00014263957385117517,0.012597822974829344,0.00017131888415835607,0.13394070232494637,8.486684699632123e-05,0.00021698736049221307,0.24224135831990964,3.9748819440234925e-05,8.476656311132547e-05,0.005506141015075607,6.352304774960674e-05,0.0036200152038945925,0.004405162163518415,0.13091523995017104,6.271205450213546e-05,0.00014259943972375777,0.048386146247488875,9.029948493637328e-05,0.0002925086222283504,0.000301679018095924,0.00010892049635275608,0.0019157923059232149,0.06161441105462343,0.005860712650933249,8.557467926509543e-05,9.21542755359729e-05,6.51402826825406e-05,0.23985708244048054,0.0005640143973462908,7.893587205215343e-05,0.0007088540026226314,5.8239739495683116e-05,0.00010657414833604261,0.00042285227752563885,5.9500126099262416e-05,0.0018912078551093605,0.00015157263160669296,6.910107859136936e-05,8.631961366456296e-05,0.0002789083280422086,0.03549097918719104,0.0001467327286436225,8.334570800348122e-05,8.786996286977546e-05,3.8391556785805516e-05
MüllnerAdolph,1.0068426795691214e-05,2.7611132762263707e-05,1.9114179769284928e-05,1.735140103657755e-05,2.328504650612089e-05,0.00018999673817816882,6.278653884613564e-05,1.4307114056476581e-05,1.3897461210276145e-05,3.350601470679482e-05,4.921320491583469e-05,1.34489209291144e-05,2.382483340583296e-05,1.3000203411710076e-05,2.703078248115072e-05,3.4620119997532795e-05,1.6367707759855146e-05,4.158088928107689e-05,7.086378513550062e-05,2.0598073504414708e-05,5.26651072725876e-05,0.011578466150397195,9.64745520213751e-06,2.0573733554156624e-05,2.828575949699088e-05,1.5417709660258304e-05,0.02348988861616609,0.00019081483188253327,0.0002117756986499561,1.5220873096697486e-05,3.461037902404505e-05,1.3266102808268685e-05,2.191663168788198e-05,7.099490925585829e-05,7.32206604747418e-05,2.6436146380089472e-05,2.580077337132465e-05,2.227197762137648e-05,0.00010491009075710684,2.076987181691287e-05,2.2366808811906714e-05,1.581022953346536e-05,0.3607640636122029,0.00013689220732556094,1.9158563705516373e-05,0.00017204629801496524,1.4135395357176945e-05,2.5866663117475785e-05,0.0001026306809107664,1.4441304399675384e-05,1.9833869417046614e-05,3.678826676838329e-05,1.6771556225260288e-05,2.0950675205506586e-05,6.769397527229748e-05,0.0003073084400768973,3.561357157802373e-05,0.0021157247933503358,2.1326961211370127e-05,0.5993211500742494
MützschefahlAntonievon,3.59416677951235e-05,9.856457034708013e-05,6.823265574497788e-05,6.193999365457155e-05,8.312156636776176e-05,0.019123657073331905,0.0002241316311878197,5.107268006804045e-05,4.9610325838503444e-05,0.001048576042515629,0.0001756783555277205,4.800915356945085e-05,8.504846535836807e-05,0.03605441879756876,9.64928706235944e-05,0.0001235848337806991,0.02336265167467735,0.00014843297165410623,0.006746755272629545,7.352977085079794e-05,0.00018800075010685295,0.3254655607708576,3.443890857824505e-05,7.344288355210891e-05,0.00010097281251611981,0.0031207801419028728,0.020806260623333867,0.02821856414310268,0.022802126004254297,5.433456243902471e-05,0.013242102082279284,4.7356540375781175e-05,0.00042094584585234513,0.00025343338094398096,0.0007258628721100026,0.0005588543118187492,0.0013183992272973789,7.950517365339629e-05,0.013413815530787505,7.414304619170962e-05,7.984369636561508e-05,5.643841179832021e-05,0.220773371678828,0.005958675127648613,0.027946695961473842,0.01616990719404041,5.045968892556331e-05,9.233726694368473e-05,0.2003558137192849,5.155170472943333e-05,7.08017608058112e-05,0.0001313245544491085,5.987009832693108e-05,7.478846731468474e-05,0.0002416499042342383,0.008819383077616883,0.0001271311978156272,7.22118356907868e-05,7.613171059321652e-05,3.326295806875026e-05
MützschefahlAntonievonANDSchwendlerAugusteSophieHenriette,1.569096838527132e-05,4.3030099939706216e-05,2.978816815737224e-05,2.704099564210133e-05,3.6288184439447204e-05,0.0002960971830608271,9.784861290116672e-05,2.229667840865829e-05,2.165826190237568e-05,5.221687838121291e-05,7.669548164194883e-05,2.0959241934902552e-05,3.7129406146674624e-05,2.025994575662356e-05,4.212566292108238e-05,5.395313681061463e-05,0.006556887870428536,6.480102923527818e-05,0.04583009572373877,3.2100717094509845e-05,8.20750401219323e-05,0.34134756831245305,1.503491236980967e-05,3.206278491327155e-05,4.4081460492974875e-05,2.4027467226154375e-05,0.00395051766548058,0.000297372127271264,0.00033003823335213314,2.37207106336329e-05,5.3937956156264206e-05,2.0674332145850654e-05,3.415560165500343e-05,0.00011064080806800979,0.00011410949217503692,4.119896240949044e-05,4.0208776157388975e-05,3.470938447742838e-05,0.00016349534547643277,3.2368453250788524e-05,3.485717253237896e-05,2.463918314226139e-05,0.27484589972316525,0.00021333733073915857,2.9857337547422277e-05,0.03945640199407932,2.2029066324213918e-05,4.031146091090115e-05,0.2777435885683578,2.2505805065232112e-05,3.0909756240534195e-05,5.7332048245974354e-05,2.6137346364278056e-05,3.2650223214650994e-05,0.00010549652367989802,0.007010299503190075,5.550136451868636e-05,3.152534927776156e-05,3.323663973648057e-05,1.4521530454081488e-05
OertelAuguste,5.0998726237482066e-05,0.00013985626845418095,9.681739174236692e-05,8.788854199941885e-05,0.010732076864466806,0.03280477338008552,0.00031802719242924986,7.246858002949698e-05,7.039360110977917e-05,0.0001697151010793606,0.00024927536502980134,6.812164904918115e-05,0.00012067785575375765,6.584879924926415e-05,0.00013691667066905393,0.00017535828167500157,8.290592603177961e-05,0.00021061606070018734,0.19141333676326108,0.00010433362957167548,0.2337776891609976,0.016190864621485068,4.886641545159152e-05,0.00010421034253934812,0.00014327339655720902,7.809398331316131e-05,0.002225824465123303,0.0009665177659525717,0.0010726890206742726,7.709696419366384e-05,0.00017530894156951455,6.719563632788376e-05,0.00011101240761628683,0.00035960433689043235,0.0003708782408863534,0.0001339047121630911,0.0001306864125428814,0.010726945454787695,0.0005313919549338874,0.00010520382461653637,0.00011329265063462404,8.008218007544246e-05,0.4581236472586507,0.000693388187360967,9.704220583290367e-05,0.0008714511443230004,7.15987882424438e-05,0.00013102015814127582,0.0005198462585609163,7.314828269957433e-05,0.00010046277309805752,0.0001863404068722176,8.495150452646937e-05,0.00010611963228985092,0.0003428844031836429,0.03339898213692394,0.00018039032552969128,0.00010246357126477409,0.0001080256010563163,4.719782348628797e-05
OertelLudwigChristianvon,0.017865905264848582,0.00011742223432754629,8.12871284627371e-05,7.379053572234529e-05,9.90246293301795e-05,0.0008080016746838207,0.0002670131551821956,6.0844055684182324e-05,5.910191953519985e-05,0.00014249147777307318,0.05367855104992312,5.719440627040905e-05,0.00010132018831251711,5.5286139270674216e-05,0.00011495417090951644,0.0001472294482736311,6.960717014150265e-05,0.00017683160509022422,0.0003013633687238641,8.759770323646476e-05,0.00022396960748741627,0.13835533382254978,4.102786202810684e-05,8.749419240381135e-05,0.00012029122848330312,6.556710049198645e-05,0.2424804611670153,0.0008114807927440214,0.054369882745600825,6.473001100023421e-05,0.00014718802270513655,5.641693319785891e-05,9.320515329389964e-05,0.00030192100202776367,0.00031138648406462365,0.00011242535399354187,0.00010972329468424232,9.471633770742572e-05,0.0004461525489110424,8.832831222237374e-05,9.511962758226996e-05,6.723637501711315e-05,0.3133446995955905,0.0005821633246487352,8.147588062315806e-05,0.0007316635972396749,6.0113785270389626e-05,0.00011000350489071796,0.0004364588721100925,6.141472875505028e-05,8.434776227266465e-05,0.00015644995510235738,7.132462192248981e-05,0.16940842496440392,0.0002878830758385428,0.0013068947214965225,0.00015145431312368565,8.602761683886371e-05,9.069745375599288e-05,3.962692520266077e-05
OsmundEmanuel,2.9694710321706596e-05,8.14332373534743e-05,0.00016995397831151289,0.00020934431909507185,0.011776827669360458,0.005940951961665476,0.0014778310042151178,4.219582821305324e-05,0.00047760609979186465,0.0004129572628563353,0.0014520074724791328,0.00012463648030519635,0.0007337657641458975,0.002171781891868022,0.002507818570298708,0.000729223243433709,4.827311658731493e-05,0.0009027645027833539,0.0023406933921803993,0.0001897216674415033,0.001396425655083933,0.13295154153827904,2.845314301651507e-05,0.002189490860041531,0.000265756452381522,0.003407207600896225,0.014209632669523183,0.007876928705220087,0.010520227770472956,0.00034501761879335356,0.00034580858490839995,3.912558416356573e-05,0.00031203566188610566,0.003989393274572019,0.0035686853506378285,0.00043119184749505844,0.0001469927055651954,6.568652056360335e-05,0.33788322568432105,0.00036948694973743,0.004722998738554069,9.165853568857336e-05,0.3704601717562301,0.0019396872234695047,0.002553900775543582,0.02277100803457362,4.168937997282717e-05,0.0016794582942110143,0.020364116708152566,4.259159444844606e-05,0.0007893189812021596,0.000711653419752234,0.003958898898492247,0.0021365592292253007,0.0006887687790923229,0.008389082349882435,0.0010457677775181217,0.004631142345449985,0.0007922492458975187,2.748158237744955e-05
OsmundEmanuelANDBraunHenriette,2.681037268480237e-05,7.352337903699546e-05,5.0897552674082644e-05,4.620359643407169e-05,6.200380530940717e-05,0.0005059264434075691,0.00016718902964801808,3.809721892821076e-05,3.700638858292545e-05,8.92203677595461e-05,0.0001310457325241441,3.5812008135402225e-05,6.344115875551335e-05,3.461715574029344e-05,7.197801275087141e-05,9.218702567551544e-05,4.358420177673072e-05,0.00011072227675809832,0.00018869725408855194,5.484888934968904e-05,0.00014023751496782224,0.14242975106048986,2.568940259266047e-05,5.4784076529296066e-05,7.531978621640775e-05,4.105453119195325e-05,0.0011701308609752632,0.0005081048767964369,0.07310289328192067,4.053039154887418e-05,9.216108725089176e-05,3.5325197032449545e-05,5.8359967795477806e-05,0.0001890464135556755,0.00019497318055640067,7.03946059481212e-05,6.870272423665672e-05,5.9306188799249086e-05,0.3797139867439431,5.5306356725492667e-05,5.9558706855133156e-05,4.2099739574595126e-05,0.3412772549169115,0.0003645188240941629,5.1015738950422525e-05,0.056257338072567234,3.763996354774329e-05,6.887817653782204e-05,0.00027328666731630933,3.845454318401218e-05,5.281395412044788e-05,9.796040260335176e-05,4.4659576121244096e-05,5.578780296622484e-05,0.00018025663218237609,0.0008183059751869853,9.483240490483716e-05,5.3865787145981676e-05,5.6789783539554786e-05,2.4812212596966496e-05
OttoGeorgChristian,0.0030559134533600604,0.00016094577473407066,0.00011141688745122123,0.00010114161945468029,0.00013572894244919925,0.0020993510745027258,0.008552047237515096,8.33964175195089e-05,8.100854392984379e-05,0.003791976445892264,0.0002868646303113937,7.839399480313508e-05,0.00013887536970785182,7.577841256327531e-05,0.00015756290281732975,0.00020180128364761038,0.000694852537748731,0.00024237572927905717,0.0011863358055188803,0.0008933360951961939,0.00030698582939067443,0.04701157786950785,0.0007350249991580293,0.29373583221422855,0.00016487818574421854,8.987009867579942e-05,0.3739214123399047,0.0011122629850977524,0.004062671174362108,8.872273491165915e-05,0.00020174450334315328,7.732834478622763e-05,0.000127752428592439,0.001226132040229889,0.016672834011565434,0.0009273663238731428,0.00015039315825033105,0.00012982374624019002,0.0013847923151551445,0.03579006580528908,0.00013037651890476185,9.215810386688559e-05,0.16617684392406393,0.003093409764495716,0.00011167560219009207,0.016261975094845012,8.239546622449796e-05,0.0001507772307305379,0.0010670131126762417,8.417861537187227e-05,0.00011561197096787445,0.003811108750440336,9.776169393019999e-05,0.00012212185139903305,0.0003945893632411662,0.0022503988000781194,0.0006666846700448108,0.005065714991850259,0.00012431522909406436,5.4314978875982186e-05
PohlEduard,1.7650797468388693e-05,4.840463382701194e-05,3.350876186798149e-05,3.0418462755322084e-05,4.0820641423090944e-05,0.0003330802332170208,0.00011007007384594858,2.508157209585873e-05,2.436341626403332e-05,5.873885678103966e-05,0.011107015685913593,2.357708749392316e-05,0.025756828813837545,2.279044801379988e-05,4.738723106086861e-05,6.0691976890498255e-05,0.2388114114291397,7.289478983646886e-05,0.0001242301647170356,3.6110152166076057e-05,9.232635455195668e-05,0.5566407424578815,1.6912798922186704e-05,3.606748218981125e-05,4.9587311131327805e-05,2.7028539429426982e-05,0.00444394415287605,0.00033451442016389137,0.0003712605793783567,2.6683468408076115e-05,6.067490014617008e-05,2.3256591979571305e-05,3.842169536134736e-05,0.00012446003630855817,0.00380194223372429,4.634478405298888e-05,4.523092182583459e-05,3.904464661585826e-05,0.0001839161968319048,3.64113290312258e-05,3.9210893654417616e-05,2.7716659721194954e-05,0.033656107694211096,0.00023998353223744835,3.358657063445197e-05,0.00030161160458034767,2.478053479932993e-05,4.5346432082616196e-05,0.00017992020000324186,2.531681903344677e-05,3.4770438242107176e-05,0.02945313506953405,2.940194612016741e-05,3.672829255079291e-05,0.00011867322190521092,0.0005387374955584006,6.243358091640229e-05,3.546291991412749e-05,3.738795351019212e-05,0.09185584201136536
ReckeElisavonder,2.114655858494089e-05,5.799122826255861e-05,4.014521141150402e-05,3.644287493929201e-05,4.890521727838164e-05,0.00039904716360968437,0.0001318695809184085,3.004900683254589e-05,2.9188619396906733e-05,7.037215617919043e-05,0.00010336172095433648,0.004429383701773125,5.0038923221700394e-05,2.73041229419797e-05,5.6772327686691575e-05,7.271209401441067e-05,3.437683940782993e-05,8.733168835994587e-05,0.00014883409437508368,4.326181010566917e-05,0.00011061169723144561,0.2575783391705159,2.026239856209711e-05,4.3210689290617166e-05,5.940813619250258e-05,3.2381573327402725e-05,0.03173089536532354,0.009203039681922405,0.00044478917205661035,3.196816058602205e-05,7.269163520086285e-05,2.7862587266260573e-05,4.603115713874056e-05,0.00014910949230460222,0.4490697729396188,5.552342282767291e-05,5.418895888153929e-05,4.677748461899574e-05,0.00022034101507258598,4.362263540179101e-05,4.6976657078300453e-05,3.320597664908936e-05,0.23837291075285386,0.0002875125519381717,4.023843029532708e-05,0.0003613461362059688,2.968834874677388e-05,5.432734607999697e-05,0.00021555360639068967,3.03308447017154e-05,4.1656764269581204e-05,0.0044784029630876646,3.5225035993694064e-05,4.4002373917731654e-05,0.0001421765925294096,0.0006454350876855902,7.479862475793695e-05,4.248639274798856e-05,4.479268150293376e-05,1.9570518973098275e-05
RichterCaroline,0.00027263095375667807,0.0017462882533424448,0.003687403971196147,0.0027170397492052587,0.002480671212156672,0.01023958436250935,0.0016760252221318084,0.001074789982765239,0.0002589863891661391,0.0010493449651838313,0.003592398213467658,0.0009000481214941819,0.0006988289969305207,0.0007172508462109491,0.0012888327704097147,0.008149299134742553,0.0005698470609499951,0.0019346345842116092,0.0069031496345816285,0.0016200935963900183,0.04899246147528548,0.21098632735975256,0.0004572284182913638,0.0007198006795639804,0.0029491062003677566,0.0023759948694134455,0.034131618996470416,0.014471293764500062,0.0085180481010448,0.001385038065628836,0.0027379396497334775,0.00047015641015822005,0.00030482322108433857,0.0013250913436826692,0.03457263754830712,0.0008293650490681969,0.0038513832044039472,0.0017870467890431145,0.0043897072365139626,0.006281600589577624,0.002043179855602034,0.0006083045503338181,0.288747958140677,0.04044685154125699,0.002780597506263667,0.06763323542494895,9.234373240357668e-05,0.002511126006394908,0.004952111715918412,0.002196743369553737,0.0024956880889256483,0.001004832734146419,0.002820325240043537,0.0014884990341961306,0.014436222264602524,0.12654025197953053,0.0029211146081879994,0.0011373101220689109,0.0019100385694651779,0.0001194485227863873
RichterCarolineANDJeanPaul,8.474848951238806e-05,0.007570237493944387,0.00025219529682300387,0.0024103439956126597,0.0008623465085408127,0.02214092875257464,0.004287994809518236,0.0020600541280216328,0.001908490718331353,0.002006141949518849,0.0009952006991634274,0.00011320296183727086,0.00020053963593326312,0.00010942599324133894,0.00022752491845059653,0.009573654268759953,0.00013777112726504035,0.00047886062349616215,0.0028808405810684667,0.003841301951151368,0.0006678061234286623,0.17218644006125414,8.120506536030828e-05,0.00017317430793570252,0.0014469554557365303,0.001954319237563741,0.015566689759088348,0.009270413476649945,0.03450939118847862,0.0006254865783546652,0.0018989843823521441,0.00018069567450833943,0.005930330244223912,0.0013800383800112147,0.001740136226977207,0.0015313069932859694,0.00021717162133084734,0.00444168372789765,0.01428740713798751,0.00017482525319671282,0.009966802224274443,0.006989928837939513,0.3208745079089871,0.014979938587367432,0.00337252777926241,0.13375502393450167,0.00011898119035774623,0.004352317688934883,0.006315539617397097,0.00012155610397692435,0.0001669466847591311,0.00040096254786217597,0.00014117042172578253,0.06564509756739091,0.014518130297656607,0.06652820708058194,0.00214742389461703,0.008454682605931175,0.00017951441523380763,0.01056447481285517
RichterCarolineANDOttoAmöneANDOttoGeorgChristian,7.600838188540605e-05,0.0002084414542479384,0.00014429641341305214,0.0001309888767130353,0.01599506216958015,0.0014343198719593351,0.00047398698115601036,0.00010800700158520416,0.00010491445787343268,0.0002529429883109415,0.0003715194189670529,0.00010152834585480836,0.00017985799297281485,9.814089584761012e-05,0.00020406028460850508,0.016080632697341554,0.00012356279756954678,0.00031390168253131814,0.0005349635798841518,0.00015549859663251738,0.0003975784565791147,0.13486578051174966,7.283039089485417e-05,0.00015531484992890328,0.00021353433395236165,0.0001163910894358125,0.003317363558594725,0.017259774935781104,0.001598733198708177,0.00011490513448021367,0.0002612800350481829,0.015919427344584385,0.00016545263175446885,0.000535953459675382,0.03219131431156188,0.0001995712687205756,0.0001947747225202752,0.00016813520272236174,0.0007919853224052124,0.0001567955332849462,0.000168851100597048,0.00011935429322382644,0.3031237095918529,0.0010334241269937246,0.00014463147580592777,0.2702265538806903,0.00010671066594726542,0.00019527213617678908,0.000774777643629801,0.0001090200288493596,0.00014972948122951127,0.0002777213050434167,0.00012661152295686206,0.00015816045089176508,0.0005110341097220827,0.17633199759356152,0.0002688533177759312,0.00015271146612111906,0.0001610011022678123,7.034352534611229e-05
RichterCarolineANDRichterEmmaANDJeanPaul,0.00011948061886428667,0.00032765746793640644,0.0002268253098780768,0.0002059066601050245,0.00027632040469575893,0.0022546648369572804,0.0007450791141366046,0.00016978053039639764,0.00016491923711029152,0.00039761121117322493,0.0005840062503265397,0.00015959647204815682,0.00028272598067511983,0.00015427160374820962,0.00032077053195797556,0.000410832143531229,0.0001942333089588723,0.0004934346234067626,0.0008409306711827951,0.00024443447021661334,0.0006249694949538362,0.013065254316891754,0.0001144850075793532,0.000244145631415977,0.0003356631694628941,0.00018295981378797804,0.005214696605123139,0.002264373041036223,0.002513112728389891,0.00018062398169557705,0.00041071654875517584,0.00015742699486353848,0.0002600816165847688,0.0008424867028614558,0.0008688993826640192,0.00031371406814336556,0.1495079237606522,0.00026429845729944733,0.0012449534394123858,0.00024647317686996104,0.00026542380583324587,0.000187617792469154,0.12835488051650604,0.0016244807635643532,0.0002273520078693494,0.3004451486140163,0.00016774276850179152,0.00030695608956035045,0.0012179040001491779,0.00017137294851457533,0.00023536576671901908,0.0004365612393697848,0.00019902572246627824,0.0002486187455074747,0.0008033149788981067,0.3766511604078337,0.0004226212951094634,0.00024005326816893042,0.0002530840791452767,0.00011057580404909092
RichterEmma,0.0024672724180822736,0.0002083990998331239,0.009663969180345641,0.00013096226033175738,0.009042642920362571,0.002536219097378232,0.001924832421018116,0.00010798505502296915,0.00010489313970289488,0.00025289159137413736,0.0003714439278050893,0.00010150771572779607,0.00017982144659546608,0.0031166787404727963,0.05186756545363359,0.0045489247703333615,0.00012353769013588982,0.0003138378990477454,0.00298421836491617,0.0057186043190704935,0.0003974976703318109,0.11298463707815194,0.011075979032205061,0.0004751379313245797,0.0002134909446861047,0.0006275050852719031,0.00706061421748848,0.02568867827748205,0.010668591022679594,0.00011488178624678453,0.005183386310954481,0.00010012786897737588,0.013197252997931543,0.004467881864049985,0.0009630819794960555,0.00019953071668964227,0.011257960896903145,0.026035225938858833,0.003340404789196679,0.0001567636731010794,0.015921888069227345,0.00011933004094030954,0.3489402878107567,0.0075373626725721106,0.018510902464818728,0.03348502902653068,0.00010668898279490512,0.0014651311881611975,0.003452768697057844,0.00010899787644430355,0.000149699056837296,0.0002776648732582947,0.0001265857960352046,0.00015812831336245995,0.0017985422978799336,0.21823012314959694,0.0002687986879280133,0.00015268043580228752,0.008883267798917576,0.010331285167860678
RichterEmmaANDJeanPaul,2.181874975488741e-05,5.983461055173182e-05,4.142131771116764e-05,3.760129410443701e-05,5.04597801679789e-05,0.0004117317798177159,0.0001360613536610913,3.100418244551223e-05,3.0116445650181926e-05,7.26090942513472e-05,0.00010664730692128706,2.914443797229494e-05,5.16295235176375e-05,2.8172046215216357e-05,5.857696446553275e-05,7.502341230047985e-05,3.546958496298935e-05,9.010772350232032e-05,0.004694602360651727,4.463698454041821e-05,0.00011412774008414519,0.14769908078867722,2.0906484706926268e-05,4.458423873469264e-05,6.129655810338587e-05,3.341089483956385e-05,0.0009522729406354916,0.004954541865096486,0.00045892780141056994,3.298434083960992e-05,7.500230315729286e-05,2.8748262590546282e-05,4.7494361529506815e-05,0.00015384927460439154,0.00015867258114938602,5.728836034221234e-05,5.591147744277247e-05,4.8264412715919705e-05,0.00022734505235429839,4.500927948428306e-05,4.8469916322106e-05,3.4261503684531566e-05,0.1823756112691558,0.00029665178837162405,4.1517499767949846e-05,0.0639473536737453,3.0632060027156186e-05,5.605426359118045e-05,0.000222405465064712,3.129497916849483e-05,4.298091869395628e-05,7.972188732393624e-05,3.634474339482509e-05,4.5401088847415164e-05,0.0909674407593894,0.5001800478945504,7.717626814064003e-05,4.383691878906339e-05,4.621651814583508e-05,2.0192612161081848e-05
RichterEmmaANDJeanPaulANDRichterOdilieMinna,1.9126299385096107e-05,5.2450973949444736e-05,3.6309895496716745e-05,3.2961265718142996e-05,4.423300478904456e-05,0.0003609237639928531,0.00011927127878995666,2.7178242672230885e-05,2.64000532748824e-05,6.364907661223111e-05,9.348694786390589e-05,2.554799208619242e-05,4.525840091671609e-05,2.469559421397618e-05,5.134852235000102e-05,6.576546597171804e-05,3.109261111147191e-05,0.012020997694584827,0.00013461506922240674,3.91287465853403e-05,0.00010004428986609724,0.12947290150916874,1.832660854020912e-05,3.9082509652291963e-05,5.3732516057602446e-05,2.928796492027773e-05,0.0008347617330750329,0.00036247784045705664,0.0004022957605055399,0.10352632826668856,6.574696171290887e-05,2.5200705048875706e-05,0.023925652186922528,0.00013486415671476866,0.00013909226355141236,5.021893295884104e-05,4.901195845990087e-05,4.230854735586949e-05,0.016121969609971226,3.94551000490314e-05,4.248869166023118e-05,3.0033607984670965e-05,0.3230777825497588,0.00026004473130954294,3.639420861429485e-05,0.1913989738715504,2.685204044426915e-05,4.913712468863422e-05,0.00019496046095658444,2.743315485768845e-05,3.7677040528087016e-05,6.988414559184127e-05,3.18597743249797e-05,3.979855983776057e-05,0.00012859359897013272,0.19563659185739185,6.765265775834334e-05,3.842740955823835e-05,4.051336453849576e-05,1.7700828411282948e-05
RichterEmmaANDRichterCaroline,0.0002376962965975549,0.0006518460267558549,0.0004512492205438958,0.0004096333867112669,0.0005497154056853626,0.004485459540699335,0.0014822700768199206,0.0003377635945745422,0.00032809247450698984,0.000791012913055756,0.001161829627365078,0.0003175032964883744,0.0005624587418208892,0.0003069099342611095,0.0006381450667797698,0.0008173148077809067,0.0003864102701698729,0.000981645255202595,0.0016729584106229762,0.00048628111306712557,0.0012433224388108221,0.3722867373360239,0.00022775796255679808,0.00048570649340179807,0.0006677726734588903,0.0003639826323043903,0.010374185225183071,0.0045047731681153325,0.0049996191361292575,0.000359335697570414,0.0008170848420305197,0.00031318731037080657,0.0005174097494885272,0.001676054000275271,0.0017285997288793182,0.0006241068459222713,0.0006091069046001499,0.0005257987872316223,0.0024767265586466162,0.0004903369425895686,0.000528037570235996,0.00037324927565349686,0.15640956795591412,0.0032317631517443705,0.00045229704037560477,0.39982688459173343,0.00033370964456742283,0.0006106624354652678,0.002422914052492725,0.00034093157188269137,0.0004682397164221358,0.0008685006055593305,0.0003959443599101377,0.0004946053647326791,0.0015981252633308662,0.007254964415166647,0.0008407682992074661,0.00047756509275120515,0.0005034887575278204,0.00021998094222812968
RichterMax,4.061861489305965e-05,0.0046961105864103325,0.003208397021185865,7.000000008555408e-05,0.005262198576276266,0.0075003618491303325,0.0002532969940200307,0.03745620368594837,5.6065921354567265e-05,0.0008741737645840584,0.0029616267210662395,0.00026778006383279405,0.008379609493688513,5.244615336903191e-05,0.016936738996134366,0.0019531777812012594,6.60315292220445e-05,0.00036532780790044525,0.004933102160657233,0.002506013853152421,0.001906764159024205,0.10256786175489642,0.00013283915429833774,8.299971555698607e-05,0.0001141120053092765,0.00016452705709733126,0.017243115446237148,0.01587217896858433,0.019505840700164423,6.14049041818001e-05,0.0007042017457521126,0.03032793366867707,8.841731090144862e-05,0.0009443186788440591,0.001775452155057004,0.00010665019181834246,0.003442061394142163,0.001161900999506598,0.0009870377384917956,0.0003557612521473856,0.00569578096088943,0.0010870631566983365,0.3124262832167441,0.006342016660369087,0.0021531408368521943,0.013212658622741087,0.0008134550424813435,0.003087759585361056,0.002444368980192633,0.0006996355464102221,0.006021841804611847,0.0001484132993932663,0.00019623694008714837,0.0011343999657169293,0.1955108035281375,0.14655929273202128,0.0022434334196507837,0.0012601615823960573,0.0009694785567262807,0.0026091149877183533
RichterOdilieMinna,5.807466589521739e-05,0.00015926095930331218,0.0013519404451709813,0.00010008284694927773,0.001298212587476049,0.004142166157029422,0.0003621526322033601,0.011581862755477117,8.016052884487628e-05,0.0001932626267303326,0.0002838616688699638,7.757334938798606e-05,0.00013742159208478169,7.498514763279832e-05,0.01331074400847085,0.00019968878384947562,0.0025777886940075902,0.00023983848734521063,0.002230388183452314,0.0026021894352768232,0.012789079830387334,0.04957247015488772,5.5646502574064697e-05,0.000982709078433777,0.0001631522049783593,8.892931890532729e-05,0.02040244676369341,0.009156862586926818,0.004131491772682695,8.779396599501472e-05,0.00019963259793361472,0.0013182087487965408,0.00012641508834001513,0.0027008986265372706,0.0010800781505956186,0.00015248364016886694,0.00014881880990773351,0.00012846472298340837,0.003088500984465155,0.00011980057966651769,0.00012901170910331004,9.119337275964827e-05,0.32030088123226225,0.013126285432179686,0.00011050655765866526,0.0028160048440996266,8.153293253481928e-05,0.024749315481758224,0.00059197356503025,0.004403496534688018,0.00011440171967057309,0.0011581100177910932,9.673830322147939e-05,0.00012084345325524922,0.005304819395650983,0.47775382921202475,0.0012020761606134586,0.00011668012334118141,0.00012301387019475788,5.374639784499347e-05
RichterOdilieMinnaANDRichterEmma,6.843071033264803e-05,0.0001876608398066068,0.00012991075225355522,0.00011792991321223911,0.00015825831630662476,0.0012913250518921465,0.00042673274978849337,9.723922093905364e-05,9.445498902039047e-05,0.000227725784109921,0.00033448071267478844,9.14064561487169e-05,0.00016192701269038978,8.835671867952055e-05,0.0001837164517920552,0.0002352978723792808,0.00011124417858442495,0.00028260718854160777,0.0004816302737342932,0.00013999613147054995,0.0003579417890737977,0.0929359627147728,6.556954981956024e-05,0.00013983070343304016,0.00019224598380214453,0.00010478745539526711,0.017228811083723053,0.0012968852783748273,0.0014393471575927974,0.00010344964303021435,0.00023523166722641783,9.01639210312638e-05,0.00014895779697604933,0.0004825214672523967,0.0004976489285750669,0.00017967496928334082,0.00017535661576116246,0.00015137292846940765,0.0007130281797990207,0.00014116376975175897,0.00015201745475552532,0.00010745524196096325,0.2301772095320242,0.0009303966921923832,0.000130212410530991,0.0011693237307247337,9.607212375406927e-05,0.00017580443965900205,0.014939708804119831,9.815125423792072e-05,0.0001348021692360437,0.0002500338213656935,0.00011398896065566674,0.00014239261161187082,0.2425770237163709,0.3866273066383272,0.00024204992994632582,0.000137486864519277,0.000144950063653981,6.333061285259829e-05
SchillerCharlottevon,2.341357874958085e-05,0.014683093435866143,4.44489851635331e-05,4.034973912303021e-05,5.414810884775232e-05,0.0004418270780298852,0.00014600668024092163,0.03414400266254127,3.231778996548857e-05,7.79164143357411e-05,0.014733327879417762,3.127473394408173e-05,5.540335391640686e-05,3.0231265769435162e-05,6.285861407425211e-05,8.050720557744544e-05,3.806221392496949e-05,9.66940958518694e-05,0.00016478987705144412,0.014666784948101263,0.00012246984176411248,0.6214264265672577,2.2434632211356605e-05,4.7843098084527536e-05,6.577699484868077e-05,3.5853045028158154e-05,0.0058948405344544,0.0004437295104317252,0.0004924728657420654,3.539531230831554e-05,8.04845534735487e-05,3.084960035011219e-05,5.096593463532805e-05,0.00016509479905964486,0.00017027066242914426,6.147582017188203e-05,5.999829480690253e-05,5.179227227139025e-05,0.0002439627085155328,4.829920694383956e-05,5.201279704576178e-05,3.676582863860681e-05,0.2639277164300988,0.00031833538063688453,4.455219759257077e-05,0.00040008430600807694,3.287109287951088e-05,6.0151517826903976e-05,0.019730509063309268,0.004906544217310666,4.612258428532815e-05,8.554911293696286e-05,3.900134156025281e-05,4.87196553875668e-05,0.00015741865666524975,0.0007146290585566423,8.281742318002804e-05,4.704115321625186e-05,4.959468802269721e-05,2.1668579561362392e-05
SchlabrendorffAmanda,5.002770964455302e-05,0.00013719340278452153,9.497398699872342e-05,8.621514270288788e-05,0.009976609496427737,0.010049776220291103,0.00031197194941370024,7.108877706447843e-05,6.905330577778739e-05,0.0001664837227415705,0.0002445291579475844,6.682461172208357e-05,0.00011838014737982039,6.459503702003232e-05,0.00013430977498995087,0.00017201945708512768,0.0025465552524956106,0.00020660592741323234,0.00035210593859509083,0.00010234711553517098,0.00026168087115255957,0.3955331674852658,4.793599809137152e-05,0.00010222617588998276,0.0001405454687118248,7.660707257637371e-05,0.0021834447304115434,0.0009481152516675994,0.03083467052792593,7.562903671743831e-05,0.00017197105641606703,6.591623029834952e-05,0.00010889872953510384,0.00035275746435514877,0.00036381671303210866,0.00013135516422386846,0.00012819814108177492,0.00011066436219499895,0.08695521407885089,0.004656063686604738,0.00011113555668857408,7.855741403934419e-05,0.2554047924948131,0.0006801860647798415,9.519452062524978e-05,0.0772769222568518,7.02355461274686e-05,0.00012852553215844366,0.1150503375710394,7.175553818445057e-05,9.854996023297496e-05,0.0001827924824365463,8.333402647210843e-05,0.00010409911273198712,0.0003363558784632904,0.0015269453434440048,0.00017695569074141168,0.00010051266316943152,0.0001059687918215452,4.629917614474635e-05
SchlabrendorffAmandaANDMützschefahlAntonievon,8.397933735607758e-05,0.00023030059015951792,0.00015942869563459868,0.00014472560518341676,0.00019421731076460947,0.0015847361753523466,0.0005236937243697873,0.00011933363397496311,0.00011591677697554924,0.12262713404051033,0.0004104804476275608,0.00011217556532909898,0.0001987195976730976,0.00010843287537997945,0.00022545996976953408,0.00028876157075749965,0.00013652075737381362,0.0003468203721752878,0.0005910649040791133,0.00017180564539167128,0.00043927228158736567,0.6209215000598565,8.046807227070185e-05,0.00017160262927649937,0.0002359275572413392,0.00012859695631605377,0.0036652535747965305,0.0015915597803287586,0.0017663914335012785,0.00012695517011541724,0.0002886803226623103,0.00011065070499522075,0.00018280355447518402,0.0005921585919970459,0.14043662620355324,0.00022050019335674868,0.0002152006361038876,0.00018576744512390126,0.0008750403695161348,0.00017323859104795416,0.0001865584187986392,0.00013187090958799165,0.03778207565581656,0.0011417987232455384,0.00015979889582869118,0.001435014068736756,0.00011790135236121568,0.00021575021324564124,0.035812503864438724,0.00012045289682804788,0.000165431526160905,0.00030684577922437413,0.00013988920084618476,0.017652984513339676,0.0005646259640879641,0.002563216645984064,0.0002970478112117364,0.0001687262301000128,0.00017788519564110075,7.772041055634163e-05
SchlichtegrollAlfred,2.8245366848371326e-05,7.745863279285852e-05,5.362178526442833e-05,4.867659045016651e-05,6.532248721600004e-05,0.0005330055706550842,0.00017613762893002886,0.3445499335607252,3.898711269502872e-05,9.399578466671201e-05,0.00013805980366532458,3.7728804416608616e-05,6.683677334149854e-05,3.646999893015472e-05,7.583055256511064e-05,9.712122951357452e-05,4.591699572587539e-05,0.00011664855845484637,0.00019879705618686645,5.778461266172115e-05,0.00014774356562433975,0.0201434030665822,2.706439812962806e-05,5.771633081014083e-05,7.935119058711515e-05,4.3251927451271486e-05,0.039067675782577416,0.03406384315852137,0.01997277906782924,4.269973384051521e-05,9.709390276479792e-05,0.17885610957118983,6.148361751706692e-05,0.00019916490401029776,0.00020540889435419923,7.416239574611803e-05,7.237995802448748e-05,6.248048390476558e-05,0.00029430854091311716,5.826656544927266e-05,6.274651769728822e-05,4.435307940271182e-05,0.2598473880182963,0.013303146668414019,5.374629732440262e-05,0.0004826484713993792,3.9654599026442826e-05,7.256480120697763e-05,0.00028791401984104386,4.0512778094825206e-05,5.564075987987704e-05,0.0001032036197584926,4.704992823737773e-05,5.877378054274124e-05,0.03371844721611555,0.051376616744054165,9.990819960398318e-05,5.6748891050551716e-05,5.982939096641464e-05,2.61402575548071e-05
SchmidtLudwigFriedrich,6.530821428770449e-05,0.0001790978681928612,0.00012398291944083875,0.00011254876656337747,0.0001510369830142375,0.010305658854213393,0.00040726091737604026,9.28021914048048e-05,9.01450040997657e-05,0.00021733464748780642,0.0003192183443994932,8.72355759047557e-05,0.00015453827663551882,8.432499807805597e-05,0.00017533346276091456,0.00022456122106707883,0.00010616810227359445,0.004806340319244938,0.00045965346511211383,0.00013360810240144893,0.00034160889094560584,0.052419846617811676,6.257760864307616e-05,0.00013345022285189632,0.00018347379188479596,0.00010000599962137732,0.3697897573260432,0.04206736492334734,0.02859344073732474,9.872923168796129e-05,0.01383438356086128,8.60497377143269e-05,0.00014216084675208957,0.00046050399343440046,0.000474941188092872,0.00017147639326045073,0.00016735508638192288,0.01829097980770336,0.0006804926754832997,0.0001347224613012621,0.00014508089222491473,0.00010255205497955498,0.39665547705213094,0.0008879426539765438,0.00012427081303902982,0.04639433423875221,9.168834891097392e-05,0.00016778247605742232,0.0006657074275279775,9.367260858782673e-05,0.0001286511408711001,0.00023862476811282947,0.00010878763982932526,0.00013589523105822897,0.0004390926937028265,0.001993336780831645,0.004767633689978824,0.00013121333340135856,0.00013833598646153757,6.044083445931829e-05
SchragJohannLeonhard,8.442192165131363e-05,0.00023151431043401857,0.00016026890989585992,0.0001454883318491575,0.00019524086649050108,0.0015930879838493527,0.000526453672533429,0.00011996254096510558,0.0001165276765927519,0.00028094181999071714,0.0004126437440447631,0.00011276674817343817,0.00019976688115799608,0.000109004333660568,0.00022664817921445144,0.000290283389579945,0.00013724024320318126,0.011814696456387335,0.0005941799089391951,0.00017271108812171856,0.00044158731549075,0.03727172310013675,8.089215164756008e-05,0.0001725070020797399,0.00023717093251597,0.00012927468246956366,0.3933947881461432,0.00542196364575854,0.0017757005937342584,0.00012762424379783824,0.00029020171329453555,0.00011123385158614986,0.00018376695791311537,0.0005952793607641983,0.29369534368172073,0.1366180466800723,0.00021633477724935236,0.007830778659657039,0.0008796519696720552,0.003996167681089658,0.0001875416109611858,0.0001325658899893572,0.0899573665138962,0.0011478161818149766,0.00016064106110310822,0.0014425768182208672,0.00011852271100234087,0.00021688725074894377,0.0008605395339992512,0.00012108770250918517,0.00016630337628167107,0.0003084629046652234,0.00014062643890160227,0.00017566758905157955,0.000567601631582556,0.002576725200213184,0.00029861329982257305,0.00016961544382790904,0.00017882267855564115,7.813000932449677e-05
SchwendlerAugusteSophieHenriette,0.00029450534980511855,0.0006724302968903162,6.0807618100856294e-05,0.003673290475188971,0.0015420944150099777,0.005146717832324407,0.0016543572924362048,0.00012851783733486069,0.0005555751996334368,0.0010935582295690726,0.0024320821449639956,4.278482559007534e-05,0.0005368924923657999,0.00419960076553668,8.599257294432261e-05,0.0024872092852496384,0.0008818356124251533,0.00036567937163490085,0.003728168343331783,0.00047205069976858364,0.0007466323780340412,0.2873086416351875,0.0015483122682302677,0.00038450023137561915,0.056864242974843576,0.0021012392872178745,0.012937343021163842,0.025704861393912964,0.024709917328550192,0.0011298621053149093,0.006805828742053145,4.220322938199914e-05,0.00033219784443273327,0.00048501819109404183,0.000578454965873328,0.0002645809319331436,0.000190875069603439,0.0025036711706064867,0.0019180954981930498,6.607484332003978e-05,0.0030375345888372257,0.000910196721335872,0.27776028184673196,0.0050883066229704356,0.0003075106254190631,0.031424723505405525,0.00144640491869035,0.0002645455005846879,0.19085228872398313,0.00027286503301133445,0.0041418420529829095,0.00011703389333184876,0.004112190041065915,6.665003009434303e-05,0.003529981571739233,0.015332575610697048,0.0007533734882852439,0.0007429722923162597,0.0031323758596421645,2.9643302449036424e-05
SchwendlerAugusteSophieHenrietteANDSchwendlerFriedrichChristianAugust,2.9259345223332843e-05,8.023931463096931e-05,5.554674984275509e-05,5.0424027838687204e-05,6.766749444466497e-05,0.037089827268277364,0.000182460780890165,4.157717961530925e-05,4.038670822470144e-05,9.737013251998056e-05,0.0001430160025392699,3.9083228028699145e-05,6.923614181790375e-05,3.7779232775427946e-05,7.855278806926156e-05,0.0001006077774846134,4.756536662362927e-05,0.030568908924354817,0.00020593365728189216,5.985901827872203e-05,0.00015304740116618278,0.4538309988674236,2.8035980994248353e-05,5.978828518190647e-05,0.274114855083098,4.48046252564169e-05,0.001277015549924023,0.0005545173196444708,0.02497388887926352,4.423260848729611e-05,0.00010057946973486532,3.855194954602746e-05,6.369081344096424e-05,0.0002063147104476452,0.00021278285334782864,7.6824746209668e-05,7.497832088560513e-05,6.472346626278071e-05,0.00030487390186786716,6.0358272654422606e-05,6.49990503831173e-05,4.594530738186068e-05,0.16540406394014695,0.0003978155111816218,5.5675731752135595e-05,0.0004999750338524143,4.107815659949312e-05,7.516979974009099e-05,0.00029824982434782405,4.196714337598053e-05,5.763820348142383e-05,0.000106908519015586,4.873897019715469e-05,6.0883696225727284e-05,0.00019672203336469025,0.0008930534949215508,0.00010349479681207072,5.878611537258682e-05,0.006151591763484243,2.707866476398897e-05
SchwendlerFriedrichChristianAugust,1.951470741523277e-05,5.351612403730378e-05,3.7047260038617503e-05,3.363062783731861e-05,4.513126816510184e-05,0.0003682532366409292,0.00012169338468268294,2.7730165837624988e-05,2.69361733303904e-05,6.494163258289831e-05,9.53854375054308e-05,2.606680887768725e-05,4.617748756245244e-05,2.519710090424473e-05,5.239128436134618e-05,6.710100059735503e-05,3.172402545830697e-05,8.059242072780026e-05,0.008260363521619638,3.99233550496819e-05,0.00010207594297216502,0.3514235755331885,1.869877681902081e-05,3.987617915841048e-05,5.482369110908591e-05,2.9882731348030157e-05,0.00897472843966971,0.0003698388725702435,0.06133307603585675,2.9501221105719702e-05,6.708212056262765e-05,0.15030148537971286,4.247899533812659e-05,0.00013760291555101506,0.00014191688482317557,5.12387557919662e-05,5.000727061387584e-05,4.316772974162899e-05,0.00020333759857166505,4.025633594837275e-05,4.335153233309519e-05,3.064351658645271e-05,0.2118549826311684,0.00026532559928100564,3.713328534794027e-05,0.00033346154625395934,2.739733924588865e-05,5.013497866041529e-05,0.19108976629769645,2.799025466168984e-05,3.844216841813234e-05,7.130332045575993e-05,3.250676786706588e-05,4.060677055942826e-05,0.008254219770138144,0.0005956277396681947,6.902651660078644e-05,0.004100715151552248,4.133609118298548e-05,1.806028863704785e-05
SchwendlerFriedrichChristianAugustANDSchwendlerAugusteSophieHenriette,8.97733286319228e-06,2.4618973208675754e-05,1.7042816884679587e-05,1.5471066722634147e-05,2.0761695691110087e-05,0.00016940719698892314,5.598249557624324e-05,1.2756682628075842e-05,1.2391422986890465e-05,2.987503937264937e-05,0.04675416742951292,1.1991490059110514e-05,2.124298703604788e-05,1.1591399101801496e-05,2.410151424944409e-05,3.0868411449792406e-05,1.4593974187760614e-05,3.7074857015747375e-05,0.02808935684069199,1.836590422137917e-05,4.69579019498934e-05,0.14111253706740326,8.601981063157602e-06,1.8344201939605214e-05,0.23544506875939564,1.374692535555073e-05,0.06952303834749746,0.00017013663562381553,0.00018882601797625087,1.3571419550464224e-05,3.085972608482076e-05,0.00748547446028808,1.95415730674334e-05,6.330134239588674e-05,6.528589370345789e-05,2.357131759409549e-05,2.30047986028256e-05,1.9858410920187822e-05,9.354120803036568e-05,1.851908511725564e-05,1.994296545690721e-05,1.4096908687475617e-05,0.3702475305187812,0.00012205749085493762,1.7082391028427537e-05,0.00015340200773186302,1.2603572717885404e-05,2.306354801775138e-05,0.09911731800477228,1.2876331050055451e-05,1.7684515300654095e-05,3.2801600780474157e-05,1.4954058456514788e-05,1.868029522834206e-05,6.035812358611893e-05,0.0002740060800183122,3.175420480187282e-05,1.8036716864493905e-05,1.9015803922495133e-05,8.308257933375415e-06
SchützeStephan,2.5528356751219085e-05,7.000764486483522e-05,4.846373818460498e-05,4.399423711207656e-05,5.903891305356341e-05,0.00048173409929900353,0.00015919440001533914,3.627548961973073e-05,3.523682049950309e-05,8.495403642530334e-05,0.0001247793997469321,3.409955282629625e-05,6.0407535264868676e-05,0.07441637422774884,6.853617476155523e-05,8.777883496607944e-05,4.150009642738766e-05,0.00010542776911826368,0.00017967414615905768,5.222613020671346e-05,0.00013353165038367247,0.2578203786908665,2.4460989103776168e-05,5.21644165998011e-05,7.171815161107242e-05,3.9091389397818056e-05,0.2508299192527897,0.00048380836456057185,0.0005369543520630618,3.859231301595322e-05,8.775413686265721e-05,3.363602001186151e-05,5.556931622651916e-05,0.00018000660955091674,0.03206425528179943,6.702848315957211e-05,6.541750369207623e-05,5.6470290921416345e-05,0.0002659980827189729,5.2661722449643345e-05,5.6710734092144336e-05,4.008661810221319e-05,0.3780890994017246,0.0003470882965116552,4.857627304045996e-05,0.0004362210067745809,3.584009923496353e-05,6.558456623125198e-05,0.0002602186706101694,3.6615727377154135e-05,5.028850132298149e-05,9.327614108732591e-05,4.252404862046581e-05,5.3120146938345476e-05,0.00017163713713436946,0.000779176295377245,9.029771769487756e-05,5.129003789370443e-05,5.407421489683594e-05,2.3625744498565226e-05
SpazierJohannKarlGottlieb,0.00040917444072153923,0.001961077102790117,0.0036570109298787097,0.0030972405081103505,0.006488070621961163,0.0060468651510871855,0.003968500468311897,0.000731994495427345,0.0004326329256653757,0.0044358723770637435,0.002577814000228382,0.0008780039614080175,0.0010932580687612091,0.00030775558990717654,0.0008664254630064288,0.0019717023891942225,0.0005277654354504633,0.0009221560181070685,0.0024796354562386116,0.0009171063991663672,0.0031565677856814746,0.022754780664055403,0.0004862020607153286,0.004144053845284004,0.001863651938341268,0.007440129963939121,0.2589859760152351,0.020691256278607024,0.013343601636061547,0.005284956520088838,0.0017804216990114589,0.001800477338855834,0.00464816205293751,0.2226562252916572,0.003487919781944288,0.0023949954109833676,0.006399674265122329,0.0009093454255821333,0.0016912060191980422,0.0005584749920361638,0.0007292259803119615,0.00031645133859724197,0.2944386311026577,0.0015452115241662422,9.863786116276538e-05,0.003682255918364967,0.00033405823221189054,0.03289937180848782,0.0016703290804984743,0.0037200524499045114,0.0035117603311669377,0.0022710466634387264,8.634835365839077e-05,0.0001078645468392773,0.0014583198130175912,0.009641110510058596,0.0029459455070673496,0.010030680104809238,0.002216584193158101,4.797389259928242e-05
SpazierJohannKarlGottliebANDLeipzigerAugustWilhelmvon,0.00013267779125425498,0.00036384871075319247,0.000251879186777301,0.00022864997793747719,0.00030684123770029686,0.0025037027212414485,0.0008273764574789126,0.00018853355452198031,0.0001831353095014024,0.0004415291599411117,0.0006485123705294546,0.00017722462106906754,0.00031395433839170064,0.1658530662876754,0.0003562010816831962,0.0004562104038135955,0.00021568725259064908,0.0005479366995608441,0.0009338152506325947,0.00027143335817151525,0.0006940001899885314,0.06973562205422222,0.00012713039220702826,0.00027111261582467083,0.000372738678063972,0.0002031685491121484,0.005790683327600376,0.002514483240178186,0.002790697346106484,0.000200574713846593,0.0004560820410739893,0.00017481551535997668,0.0002888088023171217,0.24945817518890004,0.000964873232243582,0.00034836519966410936,0.0003399925026046678,0.00029349141207770594,0.0013824641529790046,0.00027369724915528044,0.00029474106042465004,0.0002083410225141301,0.44628213866730215,0.02941753776090808,0.0002524640609334976,0.002267158839935709,0.00018627071264981415,0.000340860771914564,0.0013524269813421136,0.00019030186239217181,0.0002613629755350876,0.0004847813941489074,0.00022100900975079496,0.00027607980551057554,0.0008920447357468211,0.004049590456439741,0.00046930172027169335,0.00026656823262855624,0.0002810383553566375,0.00012278939954320833
SpazierRichardOtto,2.883016075825575e-05,7.906234135746687e-05,5.473197418950423e-05,4.968439374059668e-05,6.667492823429124e-05,0.01606678590212451,0.00017978439384027831,4.0967313623558326e-05,3.9794304408644056e-05,9.59418794978744e-05,0.0001409182028079782,3.85099440338951e-05,0.001659492727929793,3.722507615688494e-05,7.740055325093299e-05,0.005270766559255889,4.6867664187886504e-05,0.00011906365778591152,0.0015439131610371349,5.8980989035623814e-05,0.0013690428954024776,0.15779026549821729,2.7624741186450727e-05,0.013187231980156713,8.099408279122539e-05,4.414741816661778e-05,0.0976586276831565,0.046490736353472784,0.008893998617426237,0.16797450284529053,9.91041412342989e-05,3.798645849633727e-05,0.005314084853001585,0.00020328842711952774,0.01717391501900637,7.569785880480614e-05,7.387851737681012e-05,6.377408390190088e-05,0.0003004019240607637,0.04009230194766836,6.404562567534392e-05,4.52713684395852e-05,0.3570874985032,0.0015252171573409774,5.485906415525582e-05,0.00077595048623639,4.047561042041981e-05,7.40671875645569e-05,0.0010895110912549143,0.0023538752002523226,0.014988385015758212,0.0058028165223645315,0.0013890242506939636,5.9990636712703164e-05,0.0024948476494709385,0.02784296691064664,0.00010197670545804315,0.0014744699714524603,6.106810256315464e-05,2.6681467145141835e-05
StainleinJohannGottliebEduardvon,4.4400854150087046e-05,0.00012176260537749656,8.429180897434346e-05,7.651811373892589e-05,0.00010268495513506789,0.0008378684805506403,0.00027688297392091814,6.309308270504897e-05,6.128655059775913e-05,0.00014775850312421485,0.0002170257953965004,5.93085284093449e-05,0.00010506536668223236,5.73297246250849e-05,0.00011920331297655388,0.00015267160698102258,7.218011510274724e-05,0.00018336797176596715,0.0003125029016122934,9.083564652162751e-05,0.00023224837348070698,0.0233371474956312,4.2544407387748107e-05,9.072830953608256e-05,0.00012473764843657598,6.799070915890004e-05,0.39929862664548704,0.0008414762000072827,0.010174859740811644,0.07399470674735566,0.00015262865016642927,5.850231698382832e-05,9.66503691968312e-05,0.00031308114715767,0.3607198688490447,0.009357529030109306,0.00011377908373032871,9.821741271674516e-05,0.00046264403894480616,9.159326158615043e-05,9.86356097146529e-05,6.972168640042258e-05,0.11238530370630306,0.0006036822887113653,8.448753813036833e-05,0.000758708658287509,6.233581872755166e-05,0.00011406965156860256,0.000452592047090533,6.368485001662838e-05,8.746557541591601e-05,0.0001622329387066218,7.396105041419668e-05,9.239058822413393e-05,0.00029852432598419026,0.001355202506193357,0.0001570526388567699,8.920752377694883e-05,9.40499755747194e-05,4.109168662483228e-05
SteinAnnaChristianeCharlottevon,2.962009514879824e-05,8.122861656344844e-05,5.6231607474143224e-05,0.10485087439727944,6.850179348283608e-05,0.0005589474479972433,0.00018471041131094408,4.2089800944761404e-05,4.0884651766180126e-05,9.85706470147864e-05,0.00014477930284085213,3.956510045238747e-05,7.008978132383511e-05,3.8245027730983116e-05,7.952129615530335e-05,0.00010184821017207734,4.815181865573166e-05,0.00012232595239250474,0.0002084726939878817,6.0597043556377976e-05,0.00015493438250981673,0.7306730743624935,2.8381647583053606e-05,6.0525438363512096e-05,8.321328690748802e-05,4.535703902707327e-05,0.001292760374729121,0.0005613541808320375,0.0006230185183348977,4.477796963919939e-05,0.00010181955340499709,3.902727162924978e-05,6.447608242173885e-05,0.0002088584453073389,0.0002154063364743181,7.777194859090706e-05,7.590275796594806e-05,6.552146722459106e-05,0.0003086328115951934,6.110245343478879e-05,6.580044912946833e-05,4.651178506914241e-05,0.14278461220118766,0.0004027203344068972,5.6362179651994886e-05,0.0005061394218392307,4.158462527876165e-05,7.609659763821559e-05,0.0003019270632293608,4.248457272135111e-05,5.834884746375403e-05,0.00010822663601280896,4.933989204730814e-05,6.16343551590644e-05,0.0063638433005788215,0.007068760105414503,0.00010477082469140406,5.951091241015518e-05,6.274134312481186e-05,2.741252822609823e-05
ThieriotPaulEmile,3.6068236657208174e-05,9.891166624651933e-05,6.847293757173907e-05,6.21581158229439e-05,0.007590132474454692,0.0006806274163547066,0.00022492091246653848,5.125253290727634e-05,4.9785028985970645e-05,0.00012002896702807156,0.00017629700822015533,4.8178218176345864e-05,8.534796418919072e-05,4.657077245136922e-05,9.683267101637885e-05,0.00012402003873200263,5.863422051905075e-05,0.000148955679515778,0.00025385612117541525,7.378870650951533e-05,0.00018866279620743248,0.01145079455775394,3.456018546208453e-05,7.370151323652963e-05,0.00010132838905904772,5.523103182081034e-05,0.0015741876216992115,0.0006835580824791723,0.0007586464273069019,5.452590202234557e-05,0.00012398514353495184,4.7523306800249735e-05,7.851219207212066e-05,0.00025432584856187774,0.0002622991817679269,0.1352156300067609,9.2426395779545e-05,0.2177746128022693,0.037909411552552,7.440414150429967e-05,8.012486656203542e-05,5.6637160103487854e-05,0.3014822930578525,0.0004903904681969704,6.863193463734412e-05,0.2783648965653404,5.063738311173353e-05,9.266243334585866e-05,0.0003676550232221071,5.173324445773204e-05,7.105108975598302e-05,0.00013178701488681405,6.008093134284264e-05,7.505183548276847e-05,0.00024250087624744986,0.0011008744234197977,0.00012757889131540315,7.246613023060968e-05,7.639980900293055e-05,3.338009383374397e-05
ThieriotPaulEmileANDJeanPaulANDRichterCaroline,0.007158281328743006,6.2240004784148e-05,4.308648437311789e-05,3.9112893079281156e-05,5.248829949927973e-05,0.00042828369248738585,0.0001415311176042888,3.2250572802991634e-05,3.1327148352177304e-05,7.552803188497902e-05,0.00011093460510215166,3.031606526892385e-05,5.3705067370042936e-05,2.930458266621999e-05,6.093180042382847e-05,7.803940725022104e-05,3.689548770238138e-05,0.002472258601777415,0.00015973855052713856,4.643142331382916e-05,0.00011871575703997959,0.13085540816367688,2.1746940377489363e-05,4.6376557088906314e-05,6.376072367527293e-05,3.475403676036681e-05,0.0009905549954189884,0.00043012780936994724,0.02164986594209338,0.0023793720417996027,7.801744950434734e-05,2.9903963352858404e-05,4.940366890598907e-05,0.000160034125719531,0.00016505133264488266,5.9591393491105265e-05,5.8159158912186155e-05,5.0204676702052855e-05,0.021542840506079936,4.6818684781290853e-05,0.042261529164383714,3.5638840690601416e-05,0.3174449773541454,0.0003085774028981548,4.3186533017524096e-05,0.07881232686025803,0.021438619839622888,5.830768516610634e-05,0.00023134632417604465,3.255305976267533e-05,4.4708782433305015e-05,8.292676433739208e-05,3.7805828130472754e-05,0.2281875473340313,0.00015259328116244816,0.11362381990419888,8.02788094382791e-05,0.007080784314792998,4.8074455302361474e-05,2.100436964361262e-05
ThümmelMoritzAugustvon,4.790442072515463e-05,0.00013137060509866644,9.094307661609247e-05,8.255597744255453e-05,0.00011078758251600608,0.0009039827042283423,0.00029873115570038373,6.80716089049318e-05,6.612252761409489e-05,0.00015941777776289887,0.0002341507885353349,6.398842436470277e-05,0.00011335582671844692,6.185347784558196e-05,0.00012860936497659532,0.00016471856304570715,0.13226716177730685,0.0001978371055048261,0.0003371617677908468,9.800327293489562e-05,0.0002505745443172025,0.16337651672122727,4.5901486131682143e-05,9.788746624123305e-05,0.00013458040178176276,7.335569549945666e-05,0.05755213120478437,0.0009078751003098486,0.14441831020473422,7.241916968998796e-05,0.09524128386892357,6.311859669898211e-05,0.00010427682164842881,0.00033778564132703006,0.06577986170684724,0.0001257801545605456,0.0001227571226066059,0.00010596751687286829,0.0004991501878022625,9.882066961550769e-05,0.00010641871280856021,7.522326006844594e-05,0.3118044801082117,0.0006513174328808899,9.11542502977226e-05,0.01283578439452704,6.725459101479364e-05,0.00012307061846699672,0.0004883050170025026,6.87100711779653e-05,9.436727747462864e-05,0.00017503435688443836,7.979714228783825e-05,9.968091141608703e-05,0.0003220801757619301,0.007470742250085484,0.00016944529180359745,9.624667886826707e-05,0.0001014712371048619,4.433413460309109e-05
TiedgeChristophAugust,3.6617998650667795e-05,0.00010041930509587324,6.951662093822138e-05,6.310554693773021e-05,8.468570302430603e-05,0.0006910017268255697,0.00022834921893972584,5.203373812472985e-05,5.0543866104621474e-05,0.00012185848158996697,0.023042397156736404,4.891256384224819e-05,8.664886135741955e-05,4.7280616986968455e-05,9.830862124804465e-05,0.00012591038630763382,5.9527939451413954e-05,0.00015122610299353234,0.00025772546606620385,7.491341428968821e-05,0.0001915384464899904,0.19453263456887346,3.508696132403043e-05,7.482489199282952e-05,0.00010287286426288393,5.6072878414066855e-05,0.12353638438805553,0.008315114723296227,0.000770209925022943,5.5357000833077075e-05,0.0001258749592283822,4.824767012664697e-05,7.970889651971187e-05,0.00025820235316681645,0.2898695283105103,9.614598110692374e-05,9.38351843509124e-05,8.100125898877112e-05,0.000381548939048669,7.553822991410499e-05,8.13461518382045e-05,5.7500439291165085e-05,0.3518043951348995,0.0004978651347278524,6.967804148087556e-05,0.0006257175263230267,5.1409212046639926e-05,9.407481966679784e-05,0.0003732589223090794,5.2521776812987424e-05,7.213407002787611e-05,0.00013379574885140577,6.099670143989146e-05,7.619579622251714e-05,0.00024619714136871293,0.0011176542544750268,0.00012952348390193614,7.357067893900688e-05,7.756431592619847e-05,3.388888241418711e-05
TruchsessvonWetzhausenChristianFreiherr,0.012409546313250466,0.01815571605764743,3.5650571509264764e-05,3.2362746971463714e-05,4.342981103991542e-05,0.0003543700217695117,0.00011710552165833941,2.668473347630898e-05,2.5920674632888947e-05,6.249332106913383e-05,9.178938893686573e-05,2.508408538023169e-05,0.005585921151187956,0.001974869856569188,0.00353691108169993,6.457128051158552e-05,3.052802385342917e-05,7.755407161734095e-05,0.0019735060976334364,3.8418237208496244e-05,9.822766111478944e-05,0.10746216827819503,1.7993829487724783e-05,3.837283985701783e-05,5.275682785309826e-05,2.8756146870365205e-05,0.010277086185787182,0.02641316867376352,0.11995024424822075,2.8389019634482495e-05,0.024603539341130933,2.474310446611092e-05,4.087752938719405e-05,0.0013941635380869458,0.0010081903317203926,4.9307045257952416e-05,4.812198729797518e-05,4.1540298376786215e-05,0.00607718672613788,0.029673945811168088,4.171717157668882e-05,2.9488250365125807e-05,0.33196400102664564,0.0002553227753023054,3.573335364857604e-05,0.005356230857170001,0.2241797377971648,0.00876448227675767,0.009288732374653226,2.6935016903785648e-05,3.6992891585862317e-05,0.006263998829087229,0.010293181264241653,3.9075887827606986e-05,0.010585743440098426,0.02068610335073884,6.64242042069144e-05,3.772963523113572e-05,3.9777712929279965e-05,1.73794124278526e-05
UngernSternbergRosalievon,1.2682165439184987e-05,3.477891439844248e-05,2.407617346655719e-05,2.185578174354849e-05,2.9329786871581297e-05,0.0016571135709896028,7.908576872617983e-05,1.8021205408095588e-05,1.7505207698267645e-05,4.220409308643785e-05,0.0007708859061719377,1.69402274717375e-05,0.004992289227690892,1.6375023998875453e-05,3.404790662263958e-05,4.3607417349554795e-05,2.061672413008435e-05,0.009817554977852347,0.05156333654707943,2.594528233778021e-05,6.633683860016856e-05,0.4166852432168679,1.215191066324222e-05,2.5914623796757026e-05,3.5628672561571646e-05,1.9420108878220527e-05,0.006224685996799722,0.008695993995290708,0.0002667521451739716,1.9172174030581045e-05,4.359514764349078e-05,1.6709950219799945e-05,0.0011126261119316784,8.942501175139236e-05,9.222856247059987e-05,3.3298904463434526e-05,3.249859019624469e-05,2.805372781505446e-05,0.00013214449031808258,0.002196201633014027,2.8173176947625395e-05,1.9914525937726797e-05,0.2895884826906192,0.00017242908508615612,2.4132079362637225e-05,0.005887885692399495,0.007612944747776608,0.002159272810433569,0.03354037692767153,1.819023123182373e-05,0.14752773076847467,4.633840964878152e-05,2.1125410656247582e-05,2.638941856661974e-05,8.526716348643188e-05,0.0080660737715195,4.485876649826169e-05,2.5480243491150843e-05,2.6863387487052658e-05,1.1736971685042375e-05
UtheSpazierWilhelmine,0.00021354938582015455,0.0023503937246577206,0.015806979791845206,0.0010090531058673502,0.0019569088287690784,0.01604227371269466,0.002961129960364227,5.757431770217695e-05,0.006379608946330798,0.002030434009408569,0.005856265176731008,0.0070170736955679595,0.0036642546617780903,5.231508174633569e-05,0.0012002907090586609,0.0008668337945817761,0.000220634880032844,0.1123552200435826,0.002395268286892251,0.007158843228088209,0.0005255976405541411,0.08786880584947415,3.882303926793289e-05,0.002085597561621241,0.0011428596565113633,0.0017723299204715093,0.21325493051454666,0.017342000681183408,0.009133150061422114,0.0005497051459961562,0.0034572534348377973,0.00021612872570738674,0.0017269924625053028,0.0055955093690459225,0.004091729615696194,0.10311994018687351,0.0037011463464723233,0.005154129263752585,0.0011124598649892218,0.001177035830051387,0.0037025797188721225,0.0030486609560016584,0.29006414805059444,0.0073147884340238325,0.00048270812515050355,0.0020709742105641344,0.0008578872048426181,0.0008068765905737741,0.0018046146778775214,0.00542631071864413,0.0003424827932734986,0.0008597019082164621,0.0028208355270478557,8.430916434966999e-05,0.0007705346587756531,0.01909424471159404,0.0014241233658810546,8.140452320849352e-05,0.006007839242744752,0.00027394490526391535
VoßErnestine,0.011270216238272356,4.4391725914262656e-05,3.073077213817559e-05,2.7896669277434375e-05,3.7436472139719355e-05,0.002730132327174292,0.0001009448923215546,2.3002224910063143e-05,2.2343606626448895e-05,5.386920682139174e-05,7.91224004750708e-05,2.1622467171784734e-05,3.830431310482734e-05,2.0901042766018776e-05,4.3458669279634354e-05,0.0012679931927701569,2.6315139004846456e-05,6.685156513243808e-05,0.0037509294220645223,0.07489667702628647,8.467218738976055e-05,0.2347107579224329,1.5510670670083155e-05,0.0007194869935350624,0.01459346978852167,2.4787782064460065e-05,0.005223999977615051,0.02190729319175791,0.039753344192504494,2.447131859826576e-05,5.564474564129364e-05,2.132854181991235e-05,3.5236406822902676e-05,0.0008644104616522916,0.00011772032386510238,4.2502644655642325e-05,4.148112537567434e-05,0.07485445712680248,0.008808873381385036,3.3392706663265964e-05,0.043279766719650274,2.541885485590755e-05,0.3822291552579112,0.0009064977131199762,3.080213029465351e-05,0.006060283102610781,0.005782862450969467,4.1587059441360295e-05,0.00016500420669490014,0.003660216327393858,3.188785127222811e-05,0.00248381181113007,2.69644253105377e-05,3.368339283467112e-05,0.038903483965640806,0.01971354390856184,5.7257625825489275e-05,3.2522923870749066e-05,3.428836566869033e-05,1.4981043517827457e-05
VoßGeorgANDSpazierJohannKarlGottlieb,1.7025357301877068e-05,4.668945907103168e-05,3.232140896566404e-05,2.9340611828484998e-05,3.9374198631228794e-05,0.00032127783409607034,0.08514801581373405,2.419282909962292e-05,2.3500120475145653e-05,0.34731086189261995,8.321780697865789e-05,2.2741654559265813e-05,4.028695938531238e-05,2.198288894310329e-05,4.57081070587767e-05,5.854141116108602e-05,2.767722092824819e-05,7.031182838247213e-05,0.00011982818032819752,3.4830621333321426e-05,8.905485304230513e-05,0.0018617297524850906,1.6313509071798104e-05,3.47894633293688e-05,4.783022926653471e-05,2.607080739315032e-05,0.5039073220785304,0.0003226612019156768,0.00035810529395845095,2.573796365373607e-05,5.852493951586654e-05,2.243251551581683e-05,3.7060257070103195e-05,0.00012004990662618672,0.0001238135740327767,4.470259822501377e-05,4.362820470617536e-05,3.766113460601595e-05,0.0001773992914639326,3.512112626656406e-05,3.782149082997246e-05,2.673454475997485e-05,0.057267405467250676,0.00023147993116041777,3.239646064832884e-05,0.00029092426807170483,2.3902458789512412e-05,4.37396219606796e-05,0.00017354488919644323,2.4419740273114185e-05,3.3538378969840714e-05,6.220767146229196e-05,2.836011454796241e-05,3.5426858468293484e-05,0.00011446814279749384,0.00051964781592599,6.0221303011440515e-05,3.4206323175322736e-05,3.6063144933649185e-05,1.5756468210266642e-05
VoßHeinrich,0.0772615911498121,0.15718482329197414,0.0006524557021781603,7.964237501265834e-05,0.00044692321609802386,0.0024675298059581036,0.003340418916497168,6.566919527897285e-05,6.378890183561796e-05,0.00015379153434543296,0.0004891293000466343,0.013281529613442374,0.0012387996807352798,0.0014345178770599012,0.0001240704258238979,0.00015890524194642116,7.51272543790562e-05,0.00034938927925242037,0.00931298068014561,9.454449765288065e-05,0.00024173115557892807,0.13587378666751765,4.4281510381020404e-05,9.44327780607764e-05,0.0001298307301311473,7.076679352924301e-05,0.021227356956639125,0.008271190478320544,0.07766374405522294,0.00176403000773334,0.00042210279691488135,6.089098699208043e-05,0.0001005966374831075,0.001378833422498969,0.0043603265773144335,0.0001213410651655308,0.00011842472340556016,0.001815905376527593,0.0026341250303711194,0.002788255166190704,0.048389137912830914,0.03079796763574266,0.3164414823329731,0.001785197456094816,8.79371937817651e-05,0.008147168335897948,6.488101194913812e-05,0.0034479480692677427,0.0009413220289547308,6.628512465629444e-05,0.0038964714465762568,0.00016885696618140078,7.698090590046826e-05,9.616292816746918e-05,0.020372502847986862,0.03683865782175989,0.00016346515288177368,0.0006193344295381957,9.789006888237891e-05,4.276947452264091e-05
VoßHeinrichANDTruchsessvonWetzhausenChristianFreiherr,0.3899193478695249,8.259969646260913e-06,5.718075606200658e-06,5.190734009946516e-06,6.965805387571637e-06,0.002564338759567441,1.8782818855286374e-05,4.280024613608089e-06,4.157475491692144e-06,1.002344477599791e-05,1.4722307204852462e-05,4.023293053781269e-06,0.001260877560667766,3.889057595011146e-06,8.0863557729198e-06,1.0356733379673434e-05,4.896458629181882e-06,1.2439072539451746e-05,2.1199156125835152e-05,0.0006330371257967778,1.5754956206765334e-05,0.10376376186825624,2.8860709127525326e-06,6.1547063690139195e-06,8.461786659687409e-06,4.612263281810985e-06,0.008280834917423856,0.0038183337713289453,0.10976650261944797,4.553378916063097e-06,1.0353819332429282e-05,3.968602355577252e-06,6.556439174331918e-06,2.1238382377918773e-05,2.1904223858107248e-05,7.90846824517412e-06,7.718394125012575e-06,6.6627421880423244e-06,3.138423087170492e-05,6.213381835565264e-06,6.691111279670794e-06,4.729687013251502e-06,0.33610641706497063,4.095179604018847e-05,5.731353220314135e-06,0.003185843958892945,4.2286543472694e-06,7.738105279491247e-06,3.070233722017417e-05,4.320168137279756e-06,5.933373352092647e-06,1.1005342282106437e-05,5.017271349712297e-06,6.267469819371791e-06,0.02133400558960796,0.01889818656615149,1.065392799209803e-05,6.051541327743932e-06,6.38003713102492e-06,2.787523174151044e-06
WagnerJohannErnst,5.282624246719363e-05,0.006545337608801394,0.0018678074796946603,9.103798804953558e-05,0.0022005243204979695,0.006426052714763651,0.005538980792267335,0.0003988514242817546,0.0002671693551004314,0.04137339017070517,0.002273999017701523,0.004667089466412355,0.0034728752859949186,6.820846111169323e-05,0.0010687273974658198,0.00159429384241957,0.0032366938125146807,0.0005716632225902654,0.0017989561964796572,0.0004287917427340515,0.0013656394887516744,0.10119289037257168,0.0004504236639311656,0.0006328029608050159,0.00193377720046994,0.0019962696321560204,0.08160380838874688,0.016754494857127544,0.27418975627641184,0.006268902942853782,0.0035735876660401675,0.0028491171649683874,0.036743250794640706,0.004095285549266682,0.0052728619001950125,0.0007710832455076921,0.0009534520121645153,0.002857517061390075,0.0018763972739841723,0.001101597797539287,0.0016467542556214384,0.00231971191471712,0.220766422787938,0.002806783495703572,0.0018100004111433789,0.003889290167502915,7.416449835315202e-05,0.00019356295107796084,0.0016743890310487325,0.00733357416805,0.00043125295992619964,0.10044323501228948,0.005710770280807403,0.0005658525309908833,0.0010861038100346075,0.01361428852370674,0.0009525724705455681,0.001514324880949278,0.00040866899653817256,0.0023320840614793345
WagnerJulianeLouiseAntoinetteKaroline,3.0368956667792986e-05,8.328225565137063e-05,5.765326688398184e-05,5.233627426588908e-05,7.02336703341332e-05,0.0005730788757608181,0.00018938029905079054,4.31539242067341e-05,4.191830619137313e-05,0.00010106273098956672,0.00014843964383907477,4.056539370178836e-05,7.186180602005918e-05,3.921194662225422e-05,8.153177040706172e-05,0.00010442315819277785,4.936920313338936e-05,0.00012541862302914338,0.00021374334479114308,6.212907084583324e-05,0.000158851466383044,0.11709081086154345,2.90991984083919e-05,6.205565531531556e-05,8.531710285139514e-05,4.650376529423371e-05,0.02660765601317511,0.006896099405337257,0.0575237463473802,4.5910055751450534e-05,0.16443877045644106,4.001396737643365e-05,6.610618039335639e-05,0.00021413884875715983,0.01918251113273257,7.973819546703606e-05,7.782174756880815e-05,6.717799483620351e-05,0.0003164357317054002,6.264725860383425e-05,6.746403002068738e-05,4.768770587031001e-05,0.41185774687510895,0.0004129019951962704,5.778714021528872e-05,0.01316004164432566,4.263597658255192e-05,7.80204879367246e-05,0.06983564288852527,4.355867668699097e-05,5.9824035383434716e-05,0.02539317464159605,5.058731364808188e-05,6.319260798015811e-05,0.00020418238553363973,0.08309410938608924,0.00010741966287138274,6.101547990193248e-05,6.432758305011217e-05,2.810557757059756e-05
WagnerKarlLudwigFriedrichErnstANDWagnerLudwigAnton,8.286903695389191e-05,0.00022725575977709288,0.00015732087065697974,0.00014281217144244339,0.0001916495415365786,0.0015637841975415275,0.0005167699098804628,0.00011775591038285042,0.004069204009518718,0.0002757740834052921,0.00040505343878897244,0.00011069247937937057,0.00019609230319608722,0.00010699927196115199,0.0002224791377816551,0.00028494382107952356,0.00013471580086199774,0.0003422350204585952,0.0005832503675350313,0.00016953418334896285,0.0004334646126265179,0.12563570699665025,7.940419470488537e-05,0.0001693338513330161,0.00023280833208502429,0.00012689676128221867,0.003616794839036877,0.0015705175868578948,0.008296231856703348,0.0001252766813242873,0.5057378593643878,0.00010918777939797049,0.00018038668782149544,0.0005843295956801986,0.0006026488290371678,0.00021758493513879027,0.0002123554439371092,0.0001833113925337324,0.0008634713609386678,0.00017094818386720857,0.0001840919086552574,0.00013012742924435283,0.26058569073212395,0.001126702872033242,0.00015768617639206204,0.0014160415839825026,0.00011634256512775799,0.00021289775505675869,0.0008447104857172989,0.00011886037533403386,0.00016324433707590627,0.00030278893616264286,0.0001380397097588428,0.0001724363014246777,0.0005571609797864899,0.07401162504642078,0.0002931205082031601,0.00016649548135827183,0.00017553335517079852,7.669286013959028e-05
WangenheimKarlAugustFreiherrvon,1.3960477788124128e-05,3.8284492051676695e-05,2.6502956968561304e-05,2.4058758501143292e-05,3.228611392231127e-05,0.001149798537913404,8.705730286779068e-05,1.983767196709183e-05,1.9269663719500412e-05,4.6458099519872095e-05,6.823706106736857e-05,1.8647735710358283e-05,3.303456084223879e-05,1.8025561952532875e-05,3.7479801569914764e-05,4.800287334408416e-05,2.2694808758181743e-05,5.765439755368169e-05,9.82568894268492e-05,0.00046303289461626463,7.30233307752484e-05,0.15620178527107678,0.23093184022502422,2.852671585440767e-05,3.9219902492309175e-05,0.0012031864619871666,0.001043773392908554,0.197533453730953,0.043289821095856544,2.110465369557405e-05,4.798936689995245e-05,1.839424741798421e-05,3.038872468140825e-05,0.08277147249542853,0.00010152483848090946,0.008739079912893561,3.577432014711038e-05,3.088143313649412e-05,0.00014546413471382144,2.879867332265699e-05,3.1012922271379154e-05,2.192183175245846e-05,0.189732682206726,0.0006242816880021423,2.6564497958875084e-05,0.00023855251378445525,0.08269263336823085,3.5865680233077504e-05,0.0001423035962130613,2.0023734928428483e-05,2.7500849841578933e-05,5.1009138915663314e-05,2.325476888357782e-05,0.00032450158871473987,9.386175788487265e-05,0.0011560262391527923,4.9380353560651444e-05,2.8048551724070994e-05,2.9571111189578603e-05,1.2920012224616257e-05
WestphalenEngelChristine,2.172011789072919e-05,5.9564127630107215e-05,4.1234072253584665e-05,3.743131709961567e-05,5.023167625556905e-05,0.0004098705424217691,0.00013544628702793203,3.0864027746198305e-05,2.9980303973428355e-05,7.228086415561289e-05,0.00010616520676397885,2.9012690265421545e-05,5.13961317693773e-05,2.804469421445675e-05,5.8312166744908496e-05,7.468426825722186e-05,0.4294837057058355,8.970039068793228e-05,0.00015287092994359995,4.443520263058918e-05,0.00011361182455813564,0.13346987739090954,2.081197674552589e-05,4.4382695262776126e-05,6.101946643405845e-05,3.3259860574161826e-05,0.02355051536400371,0.1812320128328649,0.0004568532139536504,3.2835234815589824e-05,0.0045951726909746,2.861830579822457e-05,4.727966282003517e-05,0.00015315379750675348,0.0001579553002489965,5.702938776868741e-05,5.5658729081387305e-05,4.804623298279334e-05,0.00022631733689980365,4.480581461164716e-05,4.825080760798864e-05,3.4106624233819144e-05,0.20415372777962013,0.0002953107711629543,4.132981951847159e-05,0.0003711469479172025,3.049358751074593e-05,5.5800869763664026e-05,0.01830343782480711,3.1153509919850564e-05,4.278662304541354e-05,7.936150377999786e-05,3.618044663934392e-05,4.5195852796855936e-05,0.0001460328562984271,0.0006629412601125298,7.682739209224131e-05,4.363875358401313e-05,4.60075959394376e-05,2.0101331267261373e-05
WilkenFriedrich,7.367733716177343e-05,0.0002020489177926365,0.00013987109366828083,0.00012697167594724563,0.00017039208379537762,0.0013903317789806815,0.000459450625768784,0.00010469461491263756,0.00010169691413164702,0.0002451856672937537,0.0003601255652916007,9.841464827260207e-05,0.00017434206150417067,9.513108545876304e-05,0.0001978021109973792,0.0002533383124691197,0.00011977334172050596,0.0003042748645060744,0.0005185571783887925,0.00015072972543408834,0.0003853854175951248,0.038724905575409634,7.059680962125849e-05,0.00015055161392192704,0.00020698560774444808,0.00011282157738757224,0.6012466716253775,0.0013963183116247075,0.06288622035638887,0.0001113811940830582,0.0002532670313243586,9.707684718389616e-05,0.00016037848763120815,0.0005195167002904432,0.0005358039938586983,0.00019345076541028096,0.00018880132093000831,0.0001629787888185141,0.0007676965116031286,0.0001519868872976644,0.0001636727313519334,0.0001156939048750551,0.15582026880713845,0.0010017308084576814,0.00014019588028099078,0.0012589765375965395,0.00010343803563148364,0.0001892834797757932,0.0007510165623730702,0.00010567657439452437,0.0001451375387550811,0.12294223911841252,0.00012272856800875319,0.0001533099452581306,0.0004953615834096567,0.0022487790805504697,0.0002606080546577455,0.000148028071362413,0.00015606347880272863,6.818621190866814e-05
