receiver_norm,0,1,2,3,4,5,6,7,8,9,10,11,12,13,14,15,16,17,18,19,20,21,22,23,24,25,26,27,28,29,30,31,32,33,34,35,36,37,38,39,40,41,42,43,44,45,46,47,48,49,50,51,52,53,54,55,56,57,58,59
AbekenBernhardRudolf,4.73817256235865e-05,0.00012993719309335104,8.995077778543766e-05,8.165519199600944e-05,0.00010957875615261192,0.0008941191608590692,0.00029547163790626937,6.732886541713118e-05,6.540105095778615e-05,0.048624730796546646,0.0002315959205640066,6.329023335297155e-05,0.00011211897770820877,6.117858167951973e-05,0.0001272060814367579,0.0001629212845328261,7.702595985466097e-05,0.00019567846368450046,0.00033348292559230643,9.693393883325567e-05,0.0002478404733293971,0.06414002677427244,4.5400645466195716e-05,9.681939573052248e-05,0.00013311196701700498,7.255529624341145e-05,0.1464202114856076,0.0008979690861970747,0.3979720203729822,7.162898906190425e-05,0.00016287544379300963,6.242989655788869e-05,0.00010313903555149543,0.07649661099942606,0.0003445743128486267,0.00012440774112420572,0.00012141769410089015,0.00010481128324857349,0.0004937038562495244,9.774241672861729e-05,0.00010525755609153487,7.440248342682137e-05,0.20784545652735426,0.0006442107728570479,9.015964730709053e-05,0.0008096449080394035,6.652076217918178e-05,0.00012172776934272202,0.0004829770193648163,6.796036129546458e-05,9.333761647596409e-05,0.044235303607940805,7.892645906567193e-05,9.859327225192785e-05,0.0003185658919519067,0.004383663246681222,0.00016759643896979178,9.519651132996661e-05,0.00010036406332461576,4.385039563623766e-05
AbekenBernhardRudolfANDTruchsessvonWetzhausenChristianFreiherrANDVoßHeinrichANDVoßAbrahamSophus,0.00011658158934778889,0.00031970731936940323,0.0002213217121006648,0.00020091062400342068,0.0002696158779127708,0.002199958559284136,0.024990597238245142,0.00016566104412637023,0.00016091770329865226,0.00038796373321204274,0.0005698361583600854,0.00015572408765983982,0.0002758660315817113,0.00015052841981532837,0.00031298748522614434,0.000400863878202976,0.0001895205103383831,0.00048146212484326755,0.000820526668757462,0.0002385036108793985,0.0006098054873515671,0.012748244258982348,0.00011170718955895945,0.02450181820338404,0.0003275187737849689,0.00017852055070459254,0.17493334427248816,0.002209431207417314,0.4149332747670149,0.00017624139429939348,0.0004007510881719176,0.00015360724979407802,0.0002537711012029049,0.00082204494551145,0.0008478167587108334,0.0003061022366017059,0.0002987452982543774,0.02452148204923349,0.0012147463915930118,0.00024049285117728442,0.00025898366972744143,0.0001830655100709013,0.2465585116119124,0.0015850650179202405,0.00022183563050444038,0.001992111704340103,0.0001636727256639811,0.0002995082308836645,0.001188353269007556,0.0001672148244539917,0.0002296549467435501,0.0004259686936437754,0.00019419664265855308,0.00024258636060327948,0.0007838236684495426,0.05208549515994594,0.00041236698256514616,0.00023422871255004835,0.00024694334918779967,0.00010789283736549094
AbekenMinonaLaura,1.5291470766367847e-05,4.193453833732436e-05,2.902975083358635e-05,2.6352522304666088e-05,3.536427439629798e-05,0.00028855844378786666,9.535735252085032e-05,2.1728997070260048e-05,2.1106834874601622e-05,5.088741814219746e-05,7.474278748411891e-05,2.04256122033638e-05,0.012766361371834187,1.9744120353745168e-05,4.1053128605896353e-05,0.04142565567480058,2.4858533492977e-05,6.315117205334109e-05,0.00010762470848548176,3.128342145478449e-05,7.998538049768013e-05,0.15443425607631422,1.4652118169688833e-05,3.1246455040330786e-05,4.295913087810794e-05,2.3415719390747353e-05,0.04204046796551582,0.06712323171851811,0.00986926831305391,0.1305074340316494,5.256467666682404e-05,2.0147956318566493e-05,3.328598792573242e-05,0.0001078238538627986,0.00011120422404251032,4.015002221792556e-05,3.918504645890984e-05,3.382567124113421e-05,0.00015933269600726773,3.154434095358854e-05,3.396969655980202e-05,2.401186080272373e-05,0.4078801758882817,0.00020790568665188117,2.9097159146439153e-05,0.00026129612797935037,2.1468198484377414e-05,3.9285116822186894e-05,0.006520959478300392,2.1932799288003892e-05,0.003212667106269855,5.5872353968429007e-05,2.5471880257878545e-05,3.1818936954259085e-05,0.00010281054477930488,0.12140341043387985,5.408828009797454e-05,3.072270270666861e-05,3.239042310350717e-05,1.4151807139573675e-05
AhlefeldtJohannGeorgJacobvon,0.00013267779125425498,0.00036384871075319247,0.000251879186777301,0.00022864997793747719,0.00030684123770029686,0.0025037027212414485,0.0008273764574789126,0.00018853355452198031,0.0001831353095014024,0.0004415291599411117,0.0006485123705294546,0.00017722462106906754,0.00031395433839170064,0.0001713115970868327,0.0003562010816831962,0.0004562104038135955,0.00021568725259064908,0.0005479366995608441,0.0009338152506325947,0.00027143335817151525,0.0006940001899885314,0.06973562205422222,0.00012713039220702826,0.00027111261582467083,0.000372738678063972,0.0002031685491121484,0.08863156067289467,0.002514483240178186,0.002790697346106484,0.000200574713846593,0.0004560820410739893,0.00017481551535997668,0.0002888088023171217,0.0009355431530171721,0.2218738794863617,0.00034836519966410936,0.02795361828436944,0.00029349141207770594,0.0013824641529790046,0.00027369724915528044,0.00029474106042465004,0.0002083410225141301,0.5567366417943612,0.0018039119791433194,0.0002524640609334976,0.002267158839935709,0.00018627071264981415,0.000340860771914564,0.0013524269813421136,0.00019030186239217181,0.0002613629755350876,0.0004847813941489074,0.00022100900975079496,0.00027607980551057554,0.0008920447357468211,0.004049590456439741,0.00046930172027169335,0.00026656823262855624,0.0002810383553566375,0.00012278939954320833
ArnimLudwigAchimvon,2.4612958818237257e-05,6.749730493082691e-05,4.672592144257588e-05,4.2416688110079626e-05,5.692189081427865e-05,0.0004644600380250003,0.00015348599402052848,3.497472010528796e-05,3.3973295668491136e-05,0.10253357320922553,0.00012030504968514836,3.2876808233802823e-05,5.82414368568563e-05,3.177988753298185e-05,6.607859892451224e-05,8.463125422398309e-05,0.02565292834794937,0.00010164733143203715,0.0001732313757290173,5.035340129960971e-05,0.0001287434613928935,0.10514310252911736,2.3583864928393492e-05,5.029390062433077e-05,6.914647618433669e-05,3.7689647115661896e-05,0.02156455846889965,0.1490213748435498,0.3334856129488537,3.7208466656077184e-05,8.460744174720114e-05,3.2429896817460325e-05,5.3576707077928336e-05,0.09238005083313486,0.00017899291890170914,6.462497025299813e-05,6.30717574208166e-05,5.444537454751466e-05,0.00025645990141451243,5.077337403977697e-05,5.467719588709116e-05,3.864918882665884e-05,0.16475080147712964,0.00033464237559769814,4.683442101423918e-05,0.0004205789577458813,3.455494198503664e-05,6.323282941761115e-05,0.00025088772794428654,3.530275758899601e-05,4.848525207304248e-05,8.993143748654352e-05,4.0999217759296724e-05,5.121536030515451e-05,0.0001654825584402975,0.0007512365271748633,8.705981464704742e-05,4.945087546237345e-05,5.2135217215686154e-05,2.2778570593487665e-05
BarthKarl,3.426757733337598e-05,9.397363127255344e-05,6.505451613238406e-05,5.90549535621391e-05,7.924993130021312e-05,0.01491055829149205,0.00021369203144285881,4.869381754432112e-05,4.7299576828083456e-05,0.00011403667855932408,0.00016749561172738,4.577298393688599e-05,8.108707921862899e-05,4.424578782765137e-05,9.199842714761541e-05,0.00011782850125244085,5.570698410112728e-05,0.00014151926293387,0.00024118268787589648,7.010490229051085e-05,0.00017924405399722052,0.0037471735327455407,3.2834813612689304e-05,7.002206202711275e-05,9.62697023740804e-05,5.2473695127081544e-05,0.3580933559880497,0.0006494323433615382,0.08630423382883136,5.180376800731117e-05,0.00011779534815225283,4.51507681507312e-05,0.3495403950367284,0.00024162896473978057,0.0002492042397619506,8.997460167896783e-05,8.781212941242608e-05,7.580198287128157e-05,0.00035705822975334525,7.068961250182148e-05,7.612473787770438e-05,5.3809624302806e-05,0.17945185842024933,0.000465908368412898,6.52055754784004e-05,0.0005855542223013331,4.810937829405462e-05,8.803638311337929e-05,0.00034930032926214265,4.915053020224353e-05,6.750395745635119e-05,0.00012520772132801656,5.708146978792378e-05,7.13049712094423e-05,0.00023039433863091845,0.001045914714306791,0.00012120968279671214,6.884835389455174e-05,7.258564892275841e-05,3.1713636508331244e-05
BentzelSternauChristianErnstGrafvon,5.509200324056522e-05,0.00015108145954492976,0.0001045881819631285,9.494268186411855e-05,0.00012741015886621999,0.0010396163301190193,0.0003435527984426996,7.828507769454685e-05,7.604355611542196e-05,0.023115433404664883,0.00026928278863407414,7.358925187060566e-05,0.00013036374260195105,7.113397783181378e-05,0.00014790592276877498,0.0001894329473507281,8.956014948953691e-05,0.0002275205981533292,0.00038774954216228176,0.00011270769061361692,0.00028817076584077434,0.2353452987117161,5.27885482056464e-05,0.13770515394494495,0.00015477285433876853,8.436198899797751e-05,0.1858612469229077,0.0010440927415710276,0.04702297869498195,8.328494679291376e-05,0.0001893796470930173,7.258891520327485e-05,0.00011992252299910342,0.00038846702172589667,0.0004006457956149712,0.00014465221743115034,0.0001411756095590229,0.00012186689024900769,0.2642931533025829,0.00011364772954729849,0.00012238578365331132,8.650976308081277e-05,0.09358203225926316,0.0007490411444234156,0.00010483104015818816,0.0009413958506232562,7.734547438508746e-05,0.00014153614235944324,0.0005615703346760235,7.901933489007265e-05,0.00010852615014934567,0.00020129652359253327,9.176991089678268e-05,0.00011463704208563591,0.0003704051070485164,0.0016815176710441766,0.00019486887481013748,0.00011068753705479848,0.00011669598836146179,5.09860311480317e-05
BergnerCaroline,8.702129514818946e-05,0.00023864269783528197,0.00016520363240167004,0.00014996795641249497,0.0002012523848726414,0.0016421395880110415,0.0005426633216026414,0.00012365621961519022,0.00012011559485216767,0.0002895920936016895,0.0004253491550439556,0.00011623886644316421,0.0002059177567395821,0.00011236060618338708,0.00023362673713686567,0.00029922129261150486,0.00014146590691598533,0.00035938314019438324,0.0006124748669010838,0.00017802890861548122,0.0004551839067787825,0.0276271607720098,8.338284258404928e-05,0.00017781853870980663,0.0002444734888206895,0.00013325508444165252,0.003798018931406139,0.0016492103623386507,0.3459459625426823,0.00013155382832278086,0.00029913710149147114,0.00011465877156087727,0.00018942519158817665,0.0006136081711411836,0.0006328453129186651,0.0002284873042635627,0.00022299578277297808,0.00019249644233924404,0.0009067366885663283,0.00017951375942298385,0.00019331606721091884,0.00013664762911928767,0.3651548851348942,0.0011831577483646955,0.00016558724224390354,0.001486994143426736,0.00012217205690363218,0.0002235652670790576,0.0008870357758987238,0.00012481602518347795,0.00017142390161788647,0.00031796055981773015,0.00014495636448361686,0.0001810764409979584,0.0005850782372918295,0.2381035705988352,0.00030780768301346263,0.00017483794860774705,0.0001843286765498321,8.053565316174054e-05
BertuchFriedrichJohannJustin,9.90139404014138e-05,0.00027153070774753714,0.0001879708016855039,0.00017063545506950016,0.00022898753239064721,0.0018684473843010865,0.06348964310315466,0.0001406976250858215,0.00013666905703621144,0.23469629753030033,0.00048396769797088196,0.0001322580659680151,0.00023429585205191018,0.00012784533194045529,0.00026582348363873626,0.00034045780613833985,0.000160961714628109,0.00040891072425299277,0.0006968817214848067,0.0002025635646695928,0.0005179140593199361,0.03338420187694187,9.487406263097079e-05,0.0002023242031056533,0.009000970417388302,0.00015161933600991295,0.23281452700288094,0.010599297962816353,0.080587872163439,0.00014968362508220668,0.0003403620124073094,0.00013046021384185546,0.00021553040090358083,0.0006981712095152346,0.0007200594749818134,0.0002599757713132909,0.0002537274480648735,0.00021902490921107192,0.0010316965782754112,0.0002042530468717215,0.0002199574888521509,0.00015547941664820358,0.17240197174837765,0.0013462119884857888,0.0001884072778605784,0.001691920917101743,0.0001390089258080417,0.00025437541457750323,0.01123203354855488,0.00014201726666573721,0.00019504830339823285,0.13120386000202072,0.00016493320180244487,0.00020603108591454923,0.0006657094866115966,0.003022102676820071,0.0003502275107385179,0.00019893284964183952,0.00020973152103857505,9.163449416336821e-05
BodeAugustTheodorHeinrich,5.4111733405623745e-05,0.0013244044338917675,0.0018852625577351085,9.325333601344325e-05,0.00012514310869459554,0.0037898356351708197,0.006874034903447622,7.689212598329904e-05,7.469048852272384e-05,0.0001800746603307373,0.004455619964067653,7.22798545072593e-05,0.002180382797721013,0.00047521954049433227,0.0001452741848400177,0.0028107612328990526,0.0006047634896102894,0.001796627032011748,0.0003808501891285154,0.0011368715758963617,0.009758356506613192,0.01848300429392202,0.002078605627194543,0.0024483909347731607,0.0011856127565387231,8.286090883813518e-05,0.0983316621579179,0.004632828284534657,0.026979867125430847,8.180303079343008e-05,0.007624935742908014,0.007519368349468837,0.00011778870275457943,0.3836746512739646,0.00039351697537181284,0.01062977691680214,0.007073587137244872,0.001288608223818504,0.0011482834631866457,0.00011162555873244643,0.00012020813381514607,8.497046688194785e-05,0.339185289988805,0.003360412140297938,0.00010296574754967859,0.0035493442169870428,7.59692413394698e-05,0.02307954138134791,0.002094544374565626,7.761331830302572e-05,0.00010659510925346116,0.0010359405116723965,9.013701918626404e-05,0.00011259726811276427,0.0029885132964180667,0.0076460424647313615,0.003834412068555205,0.00010871803790253503,0.00011461957889147189,5.007882020274151e-05
BoieHeinrich,0.1642796165363906,0.2977720942107247,3.1215322045084026e-05,2.8336532240872395e-05,3.802675470758712e-05,0.0003102832264493725,0.00010253654898274633,2.3364914330580905e-05,2.269591123051692e-05,5.471859384730741e-05,8.036996925115571e-05,2.1963401151839333e-05,3.890827942450466e-05,2.1230601629070667e-05,4.41439073224381e-05,5.6538036578425916e-05,2.6730065063252945e-05,6.790565253108716e-05,0.0001157274809088522,3.363866541539134e-05,8.600726287478149e-05,0.036019513122138594,1.5755236410100468e-05,3.3598915899846416e-05,4.619340733664116e-05,2.517862540018219e-05,0.00413978733171111,0.031110964343153576,0.027723046030971785,2.485717207098037e-05,5.652212861752345e-05,2.166484130847916e-05,3.579199968497123e-05,0.01380453943708994,0.00011957648848451355,4.3172808503743954e-05,4.213518233684882e-05,3.6372314293567e-05,0.020704225149111542,3.3919228835645947e-05,3.6527182887880246e-05,0.037669463647325416,0.2572144470743953,0.0002235583419591149,3.1287805346999985e-05,0.010547416768085405,2.308448092645364e-05,4.224278672638592e-05,0.00016760592371762968,2.358406026458651e-05,3.239064551690229e-05,6.007883197273643e-05,2.7389589042685835e-05,3.421449842450188e-05,0.00011055087187326232,0.08947775050600293,5.816044001898864e-05,0.006877334640517597,3.4829010216054864e-05,1.5217258319372811e-05
BoieSaraHenriette,2.124003890913409e-05,0.07520832483644176,4.0322677043203745e-05,3.6603974049115164e-05,0.004469714186891958,0.0004008111886198425,0.00013245252263566044,3.018184125518289e-05,2.9317650397058118e-05,7.068324282467844e-05,0.00010381864103167044,2.8371423819906416e-05,5.026012492439136e-05,2.7424823350709325e-05,5.702329502854237e-05,7.303352457219771e-05,3.452880541590039e-05,8.771774619093691e-05,0.09740253317968826,4.3453052951053134e-05,0.00011110066650156216,0.03326675635910212,2.035197037487735e-05,4.340170615169522e-05,5.967075537040247e-05,3.2524719076644734e-05,0.0009270152753222118,0.01808490813181673,0.0004467554038590316,3.210947880588453e-05,7.301297531856643e-05,2.798575641834975e-05,4.623464213962302e-05,0.00014976864464964833,0.00015446401995012425,5.5768869269721544e-05,5.442850620190309e-05,4.6984268829748606e-05,0.00022131505297285741,4.381547330887368e-05,0.6277713590197227,3.3352766749702665e-05,0.13775302639101794,0.00028878352784930336,4.041630800975156e-05,0.000362943500326604,2.9819588846881026e-05,5.456750515381103e-05,0.00021650648110670918,3.046492501480185e-05,4.18409118609313e-05,7.76073793270722e-05,3.538075153346765e-05,4.419689049415601e-05,0.000142805097347768,0.0006482882933738902,7.512927901846315e-05,4.2674207789e-05,4.49906917073629e-05,1.9657032267963063e-05
BornträgerJohannFriedrichWilhelm,0.00010186338927622045,0.0002793448889277826,0.011763703194095644,0.002480236658854719,0.00023557739502887793,0.01719052733516745,0.0025636055223389924,0.013008798486385404,0.00014060215463048876,0.0003389840625979044,0.005063061504529562,0.0020644513762321033,0.00024103847889106643,0.00013152449808383012,0.00027347342084233406,0.0003502555892453153,0.00016559391262744723,0.000420678463203643,0.0007169367645333699,0.0002083929915067088,0.0015223611728860497,0.18172516561054972,9.76043730288418e-05,0.0060709088229496805,0.0002861701623384279,0.00015598267661266925,0.014190526795024373,0.05251993891194633,0.002142558203835366,0.00015399125929349385,0.009063859435943377,0.0001342146317352515,0.00022173299071923236,0.0015348553542799195,0.0007407815334360342,0.0002674574215338802,0.0007910923196784665,0.0002253280648937561,0.0010613870101700577,0.0002101310940661361,0.00022628748255378644,0.00015995384365340834,0.30476734008987033,0.01369792358393383,0.0001938293114018023,0.001740611456372803,0.00014300936075312096,0.00026169589627844154,0.011346371941047031,0.00014610427642479967,0.002359164503765821,0.0003721909703141471,0.00016967969229044012,0.00021196030197800797,0.0006848674469945819,0.011014867527401093,0.3200822145774292,0.001257191001013933,0.00021576722918443863,9.427157541908562e-05
BreitenbauchGeorgAugustvon,0.00011948061886428667,0.00032765746793640644,0.0002268253098780768,0.0002059066601050245,0.00027632040469575893,0.0022546648369572804,0.0007450791141366046,0.00016978053039639764,0.00016491923711029152,0.00039761121117322493,0.0005840062503265397,0.00015959647204815682,0.00028272598067511983,0.00015427160374820962,0.00032077053195797556,0.000410832143531229,0.0001942333089588723,0.0004934346234067626,0.0008409306711827951,0.00024443447021661334,0.0006249694949538362,0.013065254316891754,0.0001144850075793532,0.07484502041918346,0.0003356631694628941,0.00018295981378797804,0.6766225696950305,0.002264373041036223,0.02738007099097905,0.00018062398169557705,0.00041071654875517584,0.00015742699486353848,0.0002600816165847688,0.0008424867028614558,0.0008688993826640192,0.00031371406814336556,0.00030617418511721364,0.00026429845729944733,0.0012449534394123858,0.00024647317686996104,0.00026542380583324587,0.000187617792469154,0.12835488051650604,0.0016244807635643532,0.0002273520078693494,0.002041649462946344,0.00016774276850179152,0.00030695608956035045,0.0012179040001491779,0.00017137294851457533,0.00023536576671901908,0.05017047776454811,0.00019902572246627824,0.0002486187455074747,0.0008033149788981067,0.003646786468996275,0.0004226212951094634,0.00024005326816893042,0.0002530840791452767,0.00011057580404909092
BrentanoClemens,5.63850301983324e-05,0.00015462738978016508,0.0001070429000853152,9.717101701027322e-05,0.00013040051609443777,0.01279917656965549,0.00035161609263556124,8.012245353669835e-05,0.02354814854544794,0.0001876398060396978,0.0002756029419137828,0.011810476526536771,0.000133423421386251,7.280351507024229e-05,0.00015137732213899496,0.00019387899928578327,9.1662154877251e-05,0.00023286057944925249,0.012132010259442851,0.00011535297620388172,0.0002949342259938837,0.006165726008195568,5.40275123361254e-05,0.00011521666803397825,0.00015840542279188378,8.63419918943856e-05,0.7183056749163736,0.0010685979325579169,0.036391462951419484,8.523967116387562e-05,0.00019382444805395602,7.429260028771556e-05,0.00012273714301580882,0.00039758446712176963,0.00041004908073394086,0.00014804725129518591,0.00014448904632301078,0.00012472714518769893,0.0005875156819912262,0.0001163150781523586,0.00012525821718636302,8.854017492271103e-05,0.1661893931916398,0.0007666213799430255,0.0001072914582399816,0.0009634907126937236,7.916079743668362e-05,0.0001448580409437078,0.0005747505702584496,8.087394398372898e-05,0.00011107329364588977,0.00020602101746097025,9.392378009234059e-05,0.00011732761017277119,0.0003790986335230758,0.0017209834292437444,0.00019944250970337242,0.00011328540899413876,0.00011943488057701206,5.218268962596155e-05
BrockhausFriedrichArnold,0.0001225275052226782,0.0003360130914573601,0.0002326096031716229,0.00021115750496789355,0.02578445975175523,0.002312161254365975,0.0007640794458252432,0.00017411011947036153,0.00016912485789267502,0.0004077507315973976,0.000598899047955555,0.00016366635650434026,0.0002899358021664225,0.0001582056982433303,0.00032895053108492083,0.000421308812179354,0.0001991864706100037,0.0005060177455658788,0.0008623753223298586,0.00025066781634339896,0.0006409069000885436,0.2684093613282204,0.00011740450039040144,0.00025037161183768186,0.00034422294712200245,0.00018762548899173336,0.005347677067564061,0.002322117028258781,0.002577199849481293,0.00018523009062820412,0.00042119026961018086,0.0001614415552805473,0.00026671398204431367,0.0008639710345168727,0.026392150141276285,0.0003217141197312071,0.0003139819614477406,0.00027103835680569526,0.0012767011126955884,0.0002527585122444581,0.00027219240295697073,0.00019240225121986665,0.6416499277406084,0.0016659067983892625,0.00023314973253728798,0.0020937137555186343,0.00017202039242042444,0.00031478380530870087,0.0012489618831695193,0.00017574314599086627,0.00024136785099565899,0.00044769402808047225,0.00020410109589935626,0.00025495879522706617,0.0008238003887826702,0.0037397835094365533,0.0004333986000068995,0.00024617488885539504,0.0002595379997526825,0.00011339560789784763
BöckhPhilippAugust,6.58463616168045e-05,0.00018057365558755094,0.0001250045532074149,0.00011347618157204327,0.0001522815454309401,0.012078514132655501,0.0004106167949991404,9.35668923231168e-05,9.088780948369934e-05,0.00021912551041894114,0.00032184874091717387,8.795440725985651e-05,0.00015581169012143589,8.501984593122429e-05,0.0001767782310142766,0.00022641163181027132,0.00010704293986174923,0.0002719342681343034,0.0004634410634603389,0.00013470904880210705,0.00034442378818731165,0.05244701357189644,6.309325546208705e-05,0.00013454986830658866,0.000184985637402845,0.00010083006076249403,0.19145684676129232,0.0295675195987707,0.10990857729618056,9.954277211187968e-05,0.00022634792695589947,8.67587976239536e-05,0.00014333226876717041,0.0028632084055680287,0.03166468222838998,0.0034967384126281475,0.00016873411188017003,0.00014565619059833,0.0006861000147709764,0.0001358325901496741,0.00014627637575644016,0.00010339709591480155,0.18799971856612147,0.0032941692106984695,0.0001252948190825488,0.001125163144531577,9.24438716367778e-05,0.00016916502329661527,0.0006711929346421057,9.44444818455964e-05,0.00012971124132860848,0.3599747652710207,0.00010968406271351773,0.00013701502366669386,0.00044271086888830215,0.0053336111430149855,0.00023290869171299484,0.00013229454662518335,0.0001394758911801804,6.093887400897692e-05
BörneCarlLudwig,4.521588856569798e-05,0.00012399771359369554,8.58390928404593e-05,7.792270149536962e-05,0.00010456986870266828,0.0008532486271824155,0.0002819655147224854,6.42512368616735e-05,6.241154354907506e-05,0.00015047079926244474,0.00022100958119768268,6.0397212235774383e-05,0.00010699397574559275,5.838208497943745e-05,0.00012139144211033862,0.00015547408941876,7.350507335090704e-05,0.0001867339252047197,0.0003182392917036042,9.250305088797463e-05,0.0002365115891548151,0.24680802828111456,4.3325364350773526e-05,0.05260567649033313,0.00012702736736978681,6.923876550752296e-05,0.09124601487863825,0.088201154580117,0.006202383150017123,0.06661634109289302,0.00015543034407694241,5.9576201769324196e-05,0.021103737608923527,0.00031882815168487804,0.06292662821898283,0.00011872101501896494,0.00011586764420494096,0.00010002031883440265,0.00047113646146989234,0.03685257249566189,0.00010044619237260056,7.100151704824505e-05,0.3175308010017566,0.0006147636485368176,8.603841485525578e-05,0.0007726357252271683,6.348007233619848e-05,0.00011616354578718882,0.0004608999524601838,6.485386681844752e-05,8.907111782066826e-05,0.00016521093160614208,7.531870000576849e-05,9.408653553241467e-05,0.0003040041214573072,0.0013800789799417253,0.00015993554073289362,9.084504186981869e-05,9.577638305827032e-05,4.1845977041893365e-05
BöttigerCarlAugust,4.799485047731147e-05,0.00013161859497266834,0.0013261216968907857,8.271181935580983e-05,0.0029372026527338634,0.014313915888161477,0.003124187901767954,6.82001085011905e-05,6.62473479061183e-05,0.00015971871262265229,0.000717886276091375,6.410921608431055e-05,0.00011356980987825786,6.197023940092369e-05,0.00012885214242435125,0.0017478954885363602,0.00047784098531912576,0.000788331445364164,0.00662046596740689,0.00529582618644768,0.0005461079970893046,0.0650149243117623,4.598813492007545e-05,0.00467885419157674,0.0031982848161973983,0.0029990407964388486,0.326416741416177,0.005395142746202866,0.01734674360365718,0.008288545007184038,0.002145074333395687,6.323774643442561e-05,0.00010447366626098497,0.05545634509882261,0.02908551819811161,0.1610217999043655,0.00012298885270593205,0.00010616755303116909,0.0032096609451740692,9.900721458413538e-05,0.0001066196006948649,7.536525992276934e-05,0.2169504229508299,0.002933634911774807,0.00045936088250108823,0.006537164032736413,0.0013283678723192956,0.00012330294035623553,0.0004892267962662123,0.009464862381692687,0.0065924997751436384,0.025537206890822284,0.0015440349308254604,9.986908027352592e-05,0.0003226881703901479,0.001674053740402206,0.0013926895407765526,9.64283648835497e-05,0.0006084701882701815,4.441782468312039e-05
CalmbergJohannErhartWilhelm,5.17075531262899e-05,0.00014180011864343902,9.816304830350653e-05,8.911009724958739e-05,0.00011958300970898795,0.053410463499087554,0.00032244742489380575,7.347581456079545e-05,7.137199568838635e-05,0.05275809134654524,0.0002527400217866724,0.0020916075963448295,0.0001223551468422372,6.676402601956107e-05,0.00013881966364272832,0.00017779557127803138,8.405822833319762e-05,0.0002135433951270098,0.009103047976909574,0.00010578375367287246,0.00027046765969083347,0.12361047395995692,4.954560553705457e-05,0.00010565875308473689,0.00014526474111467244,7.917940483856787e-05,0.004279300137396937,0.0009799513128577913,0.33137853425228575,7.81685282364881e-05,0.00017774554539868204,6.812958267034654e-05,0.00011255535947636462,0.0003646024464928738,0.03880427652277168,0.00013576584218577607,0.00013250281169726154,0.0001143802790101929,0.013322974919837553,0.00010666604348346205,0.00011486729539536147,8.119523537583355e-05,0.29325610921585066,0.004748103790621223,9.839098706565986e-05,0.0008835633684695812,7.259393361285899e-05,0.0001328411959968867,0.0005270715567849984,7.416496435954621e-05,0.00010185909649963625,0.00018893033608431906,0.048627071367324096,0.0001075945798884865,0.00034765012387238356,0.016384953836841343,0.00018289755507540234,0.00010388770358716865,0.00010952703955012847,4.785382195622031e-05
CottavonCottendorfElisabeth,3.2200692293578716e-05,8.830551266810555e-05,6.113068443406577e-05,5.549299180289262e-05,7.446988817618895e-05,0.0073094284933600704,0.00020080297136673407,4.575679862308713e-05,4.444665300497188e-05,0.00010715843611430398,0.0001573929373905565,4.301213817280906e-05,7.619622658182463e-05,4.157705650634071e-05,0.026893584490132568,0.00011072155102566772,5.234695864818406e-05,0.00013298337944973892,0.00022663549988594616,0.026873011496299743,0.0001684327599837791,0.4123299682494872,3.085434722662533e-05,6.579860756309866e-05,9.046309382142616e-05,4.930868890601403e-05,0.041616092348661086,0.0006102611471664964,0.0006772978783937946,4.867916914647625e-05,0.00011069039758965595,4.2427451987519175e-05,7.00934443298731e-05,0.00022705485909047554,0.2414983886290558,8.454768875884006e-05,8.251564828597921e-05,7.12299063903737e-05,0.00033552188633945336,6.642589402742632e-05,7.15331940884483e-05,5.056404010563383e-05,0.20883873303164446,0.0138413741367094,6.127263247643305e-05,0.013953803424831605,4.5207610442112565e-05,8.272637588862934e-05,0.00032823191179205213,4.618596417573966e-05,6.343238512323063e-05,0.00011765568566578359,5.363854078227776e-05,6.700413672610036e-05,0.00021649786129499608,0.0009828292660746807,0.00011389879304183335,6.469569287346706e-05,6.820756901349377e-05,2.9800795100870698e-05
CottavonCottendorfJohannFriedrichFreiherr,3.4449441395895584e-05,9.447236586901118e-05,6.539977189627954e-05,5.936836859181079e-05,7.967052463018333e-05,0.019424082629148902,0.0028132004370851047,4.895224420203449e-05,4.755060400498969e-05,0.03389350784887868,0.0027667588448416244,4.6015909216704325e-05,8.151742261586082e-05,4.4480608008997554e-05,0.00528923528784988,0.00011845383784130716,5.600263086777158e-05,0.00014227033056352892,0.0029244630822107104,7.047696134239704e-05,0.01739527554242114,0.020251658686590023,3.300907374603878e-05,0.0017325761283706303,9.678062262388312e-05,5.2752182260221576e-05,0.21970345832688698,0.0012069398107262548,0.09686444652901059,5.2078699719348386e-05,0.00011842050879178292,4.539039122188934e-05,7.498844995826236e-05,0.0002429113321719008,0.06531581146904487,9.045211272171619e-05,8.827816383435431e-05,7.620427733224966e-05,0.00035895320060545024,0.27885999082224044,7.652874525628246e-05,5.409520144714735e-05,0.21766808880599745,0.0004683810261037855,6.555163294082511e-05,0.0005886618615913014,4.836470322983079e-05,8.850360768915743e-05,0.005547902736432935,4.9411380714394165e-05,6.786221283634868e-05,0.0001258722207362475,0.0027393848065644937,7.168339923824149e-05,0.00023161708192547074,0.0010514655677313662,0.00012185296391097557,6.921374422300241e-05,7.297087373352602e-05,3.1881946357509225e-05
DobeneckFranziska,3.630769220776616e-05,9.956833676032265e-05,6.892752660863581e-05,6.25707810160746e-05,8.39680636054839e-05,0.0006851460739829418,0.00022641415322123779,5.1592796380687676e-05,5.01155497607643e-05,0.00012082583443957752,0.00017746743685980013,4.8498071399777965e-05,8.591458583881999e-05,4.6879953908262685e-05,0.16380814768459986,0.0019642891571486822,5.902349071513396e-05,0.00014994459019045778,0.014462592695817247,7.427858671935551e-05,0.0001899153208086493,0.05330404153863546,0.024990284488887238,7.419081457379041e-05,0.00010200110409693245,5.5597708386072786e-05,0.004528915062862869,0.03430497676627075,0.0007636830499634554,5.488789725966534e-05,0.00012480827584076255,4.7838812093794926e-05,7.903343130975848e-05,0.00025601430748675675,0.0002640405753264223,9.53312255633126e-05,9.304001084750142e-05,8.031484210435464e-05,0.00037831563579803043,7.489810756194298e-05,0.029511788883369056,5.7013171897008995e-05,0.3330218616925242,0.003266478912689561,0.18373209135436966,0.0033932478638370248,5.097356263076785e-05,9.327761545758081e-05,0.000370095869910504,5.2076699355500154e-05,7.152279503996906e-05,0.00013266194349799163,6.047980619301811e-05,7.555010155429051e-05,0.00024411082966392837,0.1433302850217455,0.0001284258823660012,7.294722991053289e-05,7.690702421561732e-05,3.3601702913849616e-05
EhrenbergCarolineAugusteEleonorevon,0.0002376962965975549,0.0006518460267558549,0.0004512492205438958,0.0004096333867112669,0.0005497154056853626,0.004485459540699335,0.0014822700768199206,0.0003377635945745422,0.00032809247450698984,0.000791012913055756,0.001161829627365078,0.0003175032964883744,0.0005624587418208892,0.0003069099342611095,0.0006381450667797698,0.0008173148077809067,0.0003864102701698729,0.1493935954823078,0.0016729584106229762,0.00048628111306712557,0.0012433224388108221,0.07546283688181354,0.00022775796255679808,0.00048570649340179807,0.0006677726734588903,0.0003639826323043903,0.20825678552798998,0.0045047731681153325,0.0049996191361292575,0.000359335697570414,0.0008170848420305197,0.00031318731037080657,0.0005174097494885272,0.001676054000275271,0.0017285997288793182,0.0006241068459222713,0.0006091069046001499,0.0005257987872316223,0.0024767265586466162,0.0004903369425895686,0.000528037570235996,0.00037324927565349686,0.5027041184858262,0.0032317631517443705,0.00045229704037560477,0.004061683986119604,0.00033370964456742283,0.0006106624354652678,0.002422914052492725,0.00034093157188269137,0.0004682397164221358,0.0008685006055593305,0.0003959443599101377,0.0004946053647326791,0.0015981252633308662,0.007254964415166647,0.0008407682992074661,0.00047756509275120515,0.0005034887575278204,0.00021998094222812968
EichstädtHeinrichKarlAbraham,5.1545840653211765e-05,0.0001413566467233387,9.785604887409476e-05,8.883141041698348e-05,0.00011920902055133169,0.0009726982963170603,0.00032143898865258776,7.324602307066179e-05,7.114878377381167e-05,0.00017153580495214273,0.0002519495915400676,6.885245820791448e-05,0.00012197248798113479,6.655522527174949e-05,0.0001383855129285239,0.00017723952559813838,8.379534093736344e-05,0.00021287555013246612,0.0003627908759530476,0.00010545292091472304,0.0002696217872507001,0.005636558661259912,4.939065443383794e-05,0.00010532831125891788,0.00014481043378206018,7.893177568964978e-05,0.3777297584656603,0.0009768865700742497,0.1620042205525367,7.792406054746156e-05,0.00017718965617192166,6.791651122067853e-05,0.00011220334890075938,0.00036346217278530364,0.0003748570232411225,0.0001353412421269457,0.0001320884165833207,0.00011402256110107186,0.0005370927286668093,0.00010633245141340138,0.00011450805436980352,8.094130182994096e-05,0.023190333629863658,0.000700826856931562,9.808327477055035e-05,0.0008808000735774889,7.236690015594152e-05,0.0001324257426050225,0.0005254231700448893,7.393301759205865e-05,0.00010154053788673436,0.4185804011451675,8.586286440137929e-05,0.0001072580838728836,0.00034656286760326535,0.001573281725638583,0.0001823255532272593,0.00010356280061934772,0.00010918449987528989,4.770416181129175e-05
EinsiedelDetlevGrafvon,0.00013267779125425498,0.00036384871075319247,0.000251879186777301,0.00022864997793747719,0.00030684123770029686,0.0025037027212414485,0.0008273764574789126,0.00018853355452198031,0.0001831353095014024,0.0004415291599411117,0.0006485123705294546,0.00017722462106906754,0.00031395433839170064,0.0001713115970868327,0.0003562010816831962,0.0004562104038135955,0.00021568725259064908,0.0005479366995608441,0.0009338152506325947,0.055498684921701034,0.0006940001899885314,0.18019012518128127,0.00012713039220702826,0.00027111261582467083,0.000372738678063972,0.0002031685491121484,0.281926941145248,0.002514483240178186,0.002790697346106484,0.000200574713846593,0.0004560820410739893,0.00017481551535997668,0.0002888088023171217,0.0009355431530171721,0.35994200839518553,0.00034836519966410936,0.0003399925026046678,0.00029349141207770594,0.0013824641529790046,0.00027369724915528044,0.00029474106042465004,0.0002083410225141301,0.08730500350436023,0.0018039119791433194,0.0002524640609334976,0.002267158839935709,0.00018627071264981415,0.000340860771914564,0.0013524269813421136,0.00019030186239217181,0.0002613629755350876,0.0004847813941489074,0.00022100900975079496,0.00027607980551057554,0.0008920447357468211,0.004049590456439741,0.00046930172027169335,0.00026656823262855624,0.0002810383553566375,0.00012278939954320833
EndeHenrietteFreifrauvon,8.702129514818946e-05,0.00023864269783528197,0.00016520363240167004,0.00014996795641249497,0.0002012523848726414,0.0016421395880110415,0.0005426633216026414,0.00012365621961519022,0.00012011559485216767,0.0002895920936016895,0.0004253491550439556,0.00011623886644316421,0.0002059177567395821,0.09066909419928736,0.00023362673713686567,0.00029922129261150486,0.00014146590691598533,0.00035938314019438324,0.0006124748669010838,0.00017802890861548122,0.0004551839067787825,0.3355200549885633,8.338284258404928e-05,0.00017781853870980663,0.0002444734888206895,0.00013325508444165252,0.003798018931406139,0.0016492103623386507,0.001830374888887165,0.00013155382832278086,0.00029913710149147114,0.00011465877156087727,0.00018942519158817665,0.0006136081711411836,0.0006328453129186651,0.0002284873042635627,0.00022299578277297808,0.00019249644233924404,0.0009067366885663283,0.00017951375942298385,0.00019331606721091884,0.00013664762911928767,0.4013775785721358,0.0011831577483646955,0.00016558724224390354,0.001486994143426736,0.00012217205690363218,0.0002235652670790576,0.0008870357758987238,0.00012481602518347795,0.00017142390161788647,0.00031796055981773015,0.00014495636448361686,0.0001810764409979584,0.0005850782372918295,0.14754683700573115,0.00030780768301346263,0.00017483794860774705,0.0001843286765498321,8.053565316174054e-05
EnslinTheodorChristianFriedrich,3.628354932617897e-05,0.0023949648275560765,0.13689638631163745,6.252917443452036e-05,8.391222885275071e-05,0.0019452730215678343,0.00022626359862086264,5.1558489634705505e-05,5.008222531324428e-05,0.0001207454910292375,0.0077408446515343675,0.01517545626658977,8.585745674175018e-05,4.684878097748142e-05,9.741072258674698e-05,0.00012476038780420812,5.8984242912242956e-05,0.0796630642419647,0.00025537153872976724,7.422919500606876e-05,0.0001897890361889704,0.03166974886430534,3.476649568020495e-05,0.01267996685130115,0.004013653315353306,5.5560738564845854e-05,0.3019993444716973,0.006389626605737085,0.014882605126993584,5.485139942894323e-05,0.00012472528429705655,4.780700156810678e-05,7.898087785186804e-05,0.012542447632521459,0.0019269725236015364,0.059777298008465825,9.297814368304748e-05,8.02614365694745e-05,0.00037806407396519937,7.484830389687869e-05,8.060317935105152e-05,5.697526086013717e-05,0.2990189781949139,0.0029370270251628263,6.904163930807256e-05,0.0006200025552238149,5.09396676456603e-05,9.321559029740703e-05,0.0003698497738294855,5.2042070837146615e-05,7.147523579655714e-05,0.0001325737296403146,6.043959000987493e-05,7.549986434435475e-05,0.000243948507618754,0.0034705910677939856,0.0001283404852867005,7.289872348595034e-05,7.685588471690624e-05,3.357935938592901e-05
FalkElisabethCharlotteKaroline,2.4240437834093764e-05,6.647572265599554e-05,4.601871730798389e-05,0.005086826878353793,5.606036908736901e-05,0.0004574303626520341,0.00015116295947734291,3.444537224223822e-05,3.345910452103565e-05,8.066806096418882e-05,0.0001184842139279725,3.237921259529396e-05,5.7359943594056424e-05,3.129889396097035e-05,6.507848898714287e-05,8.335034694478774e-05,3.940639491059085e-05,0.2019021958214544,0.00017060949174311918,4.959129468960701e-05,0.00012679490895373756,0.2549033104190217,2.3226919441346952e-05,4.953269456636148e-05,0.01520325645381646,3.711920840736877e-05,0.02123817550118014,0.015594556500520943,0.040870282112512514,3.664531068935442e-05,8.3326894873569e-05,0.010122043412167858,5.276581523045777e-05,0.00017092518218340142,0.00017628383305809354,6.364686121309462e-05,6.21171565002376e-05,5.362133528192775e-05,0.0002525783406654045,5.000491107661755e-05,5.3849647969245004e-05,3.8064227304381955e-05,0.4145098809827833,0.010419681857779348,4.612557472164767e-05,0.005459265602848557,3.403194752954075e-05,6.227579064714963e-05,0.00024709050291280916,3.47684448272858e-05,4.7751420193987295e-05,8.857031110408264e-05,4.037868818129695e-05,5.0440207810688753e-05,0.00016297795401691201,0.000739866444752251,8.57421507257298e-05,4.8702428722181e-05,5.134614254290314e-05,2.243381336224489e-05
FalkJohannesDaniel,0.0002674700145486278,0.0008462211387686125,0.003834306646866681,0.004090372542460152,0.0027754694283603845,0.008625069868077557,0.0016598690666142812,5.572356533369318e-05,0.0032986512997972874,0.00013049973546136467,0.0020321608129566645,0.0003760385373619022,0.0008237719085944142,0.0042164623651787,0.00020059917108133528,0.0024108284499167352,0.0002760607956522709,0.08442196709512045,0.0013897900971497588,0.006972185230299323,0.0012737605227189912,0.07118752773897796,0.004952392263565385,0.0006104698309947306,0.000553915812442899,0.0022036606967471275,0.12579357790983556,0.025378793771852145,0.014253857554304476,0.0017996010638798414,0.0008059375959357486,0.0008147339268641949,0.001807037725932411,0.1491772121712999,0.001966803657297803,0.00818238544967407,0.00029353726598469745,0.003395067046725573,0.002762156518159079,0.0007053668389209243,0.001932017903861402,0.0045352963235835006,0.337421995507247,0.0075003131273173405,0.0007708019400958213,0.0030561810474694934,0.0008291379597415549,0.07944573842198477,0.0014426535882680564,0.00030020468610092855,0.0005992764568326804,0.00032795372047058724,0.00037098957206371515,8.159900829689334e-05,0.0021329868374633555,0.010600953891879556,0.0018324425468444982,7.878773815317157e-05,8.30645727530878e-05,3.6292017858991864e-05
FalkensteinKonstantinKarlvon,2.9553869956208745e-05,8.104700402139991e-05,5.610588373774452e-05,5.0931596385295475e-05,6.834863582269567e-05,0.0005576977422753316,0.004198636606323222,4.1995695738156974e-05,4.0793241055864445e-05,9.835026081921776e-05,0.00014445560242174672,3.9476640020909466e-05,6.99330732091782e-05,3.815951874411622e-05,7.934350087387714e-05,0.000101620495936196,0.024134079205015247,0.00866236621903387,0.00020800658662935894,6.046155949193742e-05,0.00015458797716341583,0.23726680148828824,2.8318191335943223e-05,6.0390114395373195e-05,8.302723700036351e-05,4.525562886516233e-05,0.11983222199825642,0.013941229674725419,0.010657473496727993,0.039951942728955914,0.00010159190324048045,3.8940013686055954e-05,6.433192552574155e-05,0.00020839147547841244,0.18171660441906745,7.759806453524756e-05,7.573305308353235e-05,6.537497303664547e-05,0.0003079427642714204,0.0025010554866269656,6.565333118828067e-05,4.640779310326886e-05,0.30881961838097133,0.003078046040472219,5.623616397974718e-05,0.0025121773724385275,4.1491649553869025e-05,0.004956105753889213,0.009493931144121018,4.238958487622706e-05,0.0013963314480240528,0.0001079846607667047,4.9229576944106645e-05,6.149655185289561e-05,0.00019870223845421962,0.001571099505434499,0.0214135930918645,5.9377856739140586e-05,6.26010647931289e-05,2.735123875514891e-05
FichteJohannGottlieb,7.86106705236521e-06,2.155778359820829e-05,0.054005833062252484,1.354735250788018e-05,1.818013038346694e-05,0.0017844308121360067,0.01968207944280596,0.014735963953691297,1.0850639990587053e-05,2.616029630173882e-05,3.842390788109281e-05,1.0500435803036304e-05,0.05728168729888936,1.0150093235774874e-05,2.110466688332681e-05,2.70301498122827e-05,1.2779320027315787e-05,0.0016685530326687086,5.532790552472085e-05,1.608223809473851e-05,4.1119029615132216e-05,0.3215328909271165,7.5323875087563785e-06,1.606323433328574e-05,0.0016581726714838484,1.2037595534295067e-05,0.0003430939683797306,0.023054215675799645,0.23576204242386514,1.1883912594953353e-05,2.70225444090458e-05,1.0357697961711324e-05,1.7111721101668343e-05,5.543028254182895e-05,5.716806938068392e-05,2.0640396311860766e-05,2.0144319821807654e-05,1.738916248021429e-05,8.191004162281532e-05,1.6216372064368124e-05,1.7463203277504776e-05,1.234406099362453e-05,0.2489498972275975,0.00010688053283488537,1.4958320398230125e-05,0.003406503914824175,1.103641045113556e-05,2.0195764175833153e-05,8.013036004936713e-05,1.1275253275720053e-05,1.5485574912456354e-05,2.872296116115389e-05,1.3094630445712356e-05,1.635753687490618e-05,0.0049611175219833655,0.00023993542409585537,0.009844334782180057,1.579398278275427e-05,1.6651327512012065e-05,7.2751867061087125e-06
FischerMaximilianDavidBenjaminvon,9.061990499237133e-06,2.4851133930068106e-05,1.7203533281296432e-05,1.561696127236176e-05,2.0957481689499248e-05,0.00017100473303271498,5.651041915973958e-05,1.2876980116374976e-05,1.2508276020334625e-05,3.0156765610116297e-05,4.429387077384889e-05,1.2104571663249525e-05,2.14433116861872e-05,1.1700707786392475e-05,2.4328795252895005e-05,3.115950533943905e-05,1.4731597619359217e-05,3.742447864607845e-05,6.37802668350038e-05,1.8539097536019744e-05,4.740072222104577e-05,0.3951713911350447,0.0018947140023490875,1.851719059837532e-05,2.54583252206921e-05,1.3876560985778671e-05,0.060748496825185565,0.0020577719536620017,0.0001906066765024792,1.3699400133831676e-05,3.115073807013368e-05,1.194002797556028e-05,1.972585312095237e-05,6.389828383577403e-05,6.590154976882124e-05,2.3793598761162404e-05,2.322173740826837e-05,2.00456788036149e-05,9.442331607574056e-05,1.869372295141329e-05,2.013103070268061e-05,1.4229844714601764e-05,0.2039962406460981,0.0001232085118535809,1.7243480615334776e-05,0.00015484861236789692,1.2722426356073454e-05,2.328104083925465e-05,0.032154897110893275,1.2997756841461494e-05,1.7851283012486492e-05,3.3110924944218534e-05,0.21690864895420447,0.0037909182598494713,6.09273100178546e-05,0.00027658999969131155,3.205365185969916e-05,1.8206805891494225e-05,0.0811185239667321,8.386606089449058e-06
FouquéFriedrichFreiherrdelaMotte,0.3719504118925006,0.001978485421520132,1.7083252709106674e-05,1.5507773409206506e-05,2.0810954935485872e-05,0.0010056426502653099,5.6115319767069676e-05,1.2786949161038743e-05,1.2420822904033855e-05,2.9945920956075326e-05,4.398418484863431e-05,1.2019941094519174e-05,0.0004392101468893999,1.1618900880534217e-05,2.415869755459908e-05,3.094164990997025e-05,1.4628599882676114e-05,0.0007241449142750439,6.333433942788969e-05,0.00022736785855374236,4.706931437024376e-05,0.10278020873372685,8.622390142146628e-06,1.8387725433045535e-05,2.528033027776564e-05,1.3779541340563684e-05,0.04188278059796207,0.012416004072229791,0.12718668431219096,1.3603619130022115e-05,3.0932943938082756e-05,1.1856547833813844e-05,1.9587937446217174e-05,6.345153129860385e-05,0.0028133691646483766,2.3627242953512258e-05,2.3059379838050885e-05,1.99055270291505e-05,9.376314410409143e-05,1.8563023538903806e-05,1.9990282180147704e-05,1.4130355043703485e-05,0.29922689121924534,0.0035572575515876634,1.712292074655419e-05,0.001198557866409432,1.2633475981942214e-05,0.01444974222947209,0.0010686299456161218,1.2906881461124707e-05,1.7726473620139302e-05,3.287942592986473e-05,1.49895384881499e-05,1.872461613745059e-05,0.00716508622723491,0.008894275773268031,3.182954489728535e-05,1.8079510818175896e-05,1.906092086026151e-05,8.327970124227553e-06
FranzIII,3.663462970275446e-05,0.0033853137540086073,6.954819378726597e-05,6.31342080245387e-05,8.472416532126086e-05,0.0006913155639038993,0.00022845292989865526,5.205737065083463e-05,5.05668219651497e-05,0.0001219138269072755,0.00017906546625029185,4.893477880283939e-05,8.668821527569985e-05,4.730209075486336e-05,0.008777853600454156,0.00012596757190679538,5.955497567125418e-05,0.00015129478640847654,0.0002578425190403737,7.49474382380456e-05,0.000191625438843411,0.08166733765902076,0.00871460322670749,7.485887573639737e-05,0.00010291958674982763,5.609834542471511e-05,0.14857609143520084,0.0006942922513774953,0.061647206913058215,5.538214270860665e-05,0.00012593212873737987,4.826958310781756e-05,7.974509846571216e-05,0.00025831962273213004,0.5867862197472977,0.021794940472631585,9.387780213167618e-05,8.103804789605631e-05,0.01774072288918057,7.557253763933655e-05,8.13830973878829e-05,5.7526554667103044e-05,0.03947576223111322,0.0004980912536118139,6.970968764341494e-05,0.0006260017128202491,5.143256092737587e-05,9.4117546284406e-05,0.0003734284479196393,5.254563099503036e-05,7.216683166204685e-05,0.00013385651580072354,6.1024404737617794e-05,7.623040259922964e-05,0.0035311577992190586,0.010972708389638066,0.00012958231048685603,7.360409304787611e-05,7.759954385305875e-05,3.3904273964500004e-05
FrauenholzJohannFriedrich,5.256564450188601e-05,0.0001441533040391829,9.979207269276227e-05,9.058888712273503e-05,0.00012156750023493657,0.019263990304645675,0.003982208018195659,7.46951521425899e-05,7.255642021162196e-05,0.0001749295389927327,0.003911343814625054,7.021466320799411e-05,0.0001243856412268523,6.787198088231652e-05,0.015468484915968994,0.00018074610436475931,0.0021291013857112776,0.00021708716648332317,0.0003699684780034229,0.00010753924433558424,0.00027495609420622277,0.030860790316311684,5.036781920294195e-05,0.00010741216935173397,0.00014767542222395363,8.04933940008642e-05,0.2720161704856523,0.0009962136907741002,0.05424050031717881,0.01469710394192338,0.00018069524830155808,6.926019906539428e-05,0.00011442322553082466,0.011333881706127676,0.0003822733468505435,0.00013801888823488268,0.00013470170746945087,0.00638029350022127,0.004635015196794876,0.00010843617582290127,0.0001167735282290071,8.254267742255601e-05,0.20300862702792744,0.0007146923001350487,0.00010002379411864924,0.0008982261800016727,7.379863630303752e-05,0.00013504570728618313,0.0005358183554605146,7.539573844264554e-05,0.00010354945713261523,0.2894061743083598,8.756161018697675e-05,0.00010938012137094071,0.0003534194081448613,0.005258817720370991,0.00018593275603036722,0.05492175497954652,0.00011134465037002149,4.8647960325321865e-05
FriedrichAugustI,2.08709903128174e-05,5.723552408939763e-05,3.962206498565586e-05,3.59679749673701e-05,4.8267916122777774e-05,0.00039384703911046623,0.00013015114184410854,2.965742761370465e-05,2.8808252190556482e-05,6.945511176243534e-05,0.00010201477786983001,2.7878466430278478e-05,4.9386848343618625e-05,2.6948313274380785e-05,5.60325074373489e-05,7.176455704145368e-05,3.392886267447017e-05,8.619363829064921e-05,0.004490678956971131,4.269805018171428e-05,0.00010917027714598436,0.18037741054956385,1.999835209144297e-05,4.2647595540054825e-05,5.863396779177266e-05,3.195959761089879e-05,0.1008179488188792,0.00039554287760889753,0.00043899296729305287,3.1551572196934e-05,7.174436483392957e-05,2.7499500052848866e-05,4.5431308875695006e-05,0.00014716639385732805,0.5474686110880589,5.479987749855727e-05,5.348280342332726e-05,4.616791069901428e-05,0.00021746967349908146,4.305417343598891e-05,4.636448767167066e-05,0.01740791074678441,0.1440471173624274,0.00028376587434837984,3.971406910128667e-05,0.0003566373071077112,2.9301469390802722e-05,5.361938724933498e-05,0.0002127446512302329,2.993559275407935e-05,4.111392026468489e-05,7.625894044110779e-05,3.476600611111153e-05,4.342896344523632e-05,0.0001403238391472287,0.0006370241951440468,7.382389746607222e-05,4.193273756143442e-05,4.420897225322484e-05,1.931548862968261e-05
FroriepLudwigFriedrichseit1810von,0.04500156940807527,0.00011847805669132354,8.201803576159488e-05,7.445403610876641e-05,9.991502644117224e-05,0.0008152669617309139,0.00026941405022799835,6.139114555231642e-05,5.963334468431907e-05,0.05409381223599456,0.00021117152027709686,5.770867968352441e-05,0.00010223122633981332,5.578325417044741e-05,0.00011598780125346973,0.00014855328736581078,0.009061906308640176,0.0001784216171040996,0.0003040731296660238,8.838535316173013e-05,0.0002259834690166731,0.004724280973640725,4.139677115775608e-05,0.3957219040686144,0.00012137284790509535,6.61566584357943e-05,0.35256084528702764,0.0008187773628839225,0.0009087194446721812,6.531204210884822e-05,0.00014851148931214,5.6924215827142466e-05,9.404322357786716e-05,0.00030463577702638745,0.0003141863695849103,0.0001134362460420686,0.00011070989069834807,9.556799606786552e-05,0.00045016420685209727,8.912253154491653e-05,9.597491219349084e-05,6.784094253202144e-05,0.07338701490373797,0.000587397947044188,8.220848511976826e-05,0.0007382424772375848,6.065430878557616e-05,0.00011099262046344265,0.0004403833676767275,6.196694992897223e-05,8.510618979069013e-05,0.05410789622339112,7.196594961775115e-05,8.989835028108464e-05,0.00029047162639171534,0.0013186458918090329,0.00015281614082013751,8.680114906026199e-05,9.151297562509743e-05,3.9983237566126696e-05
FörsterErnstJoachim,0.010378772367659135,0.00035768924436908905,0.000247615212938838,0.000224779243175448,0.0003016468307036106,0.0024613184216919146,0.0008133700934978767,0.00018534193653067351,0.00018003507649444415,0.0004340546686542552,0.0006375339335365557,0.00017422444802008054,0.00030863951622436624,0.00016841152353351676,0.0985705820472391,0.00044848737893176706,0.0002120359592301158,0.000538660872598107,0.005326542867304981,0.021551853517223874,0.0006822517057574155,0.14603128120479875,0.036586180907354826,0.0002665230460553522,0.0003664287165614629,0.00019972918046364384,0.0124267505299853,0.01950064134822498,0.005285354877882198,0.00019717925531966343,0.0004483611891996671,0.00017185612521111374,0.0002839196600535062,0.013658877326228901,0.0009485392338995369,0.00034246784817348376,0.00033423688954696166,0.033959001181068996,0.007164609182857699,0.0002690639250406951,0.02821047851398351,0.00020481409088930988,0.43304467674898256,0.02240718396321087,0.00024819018596690764,0.046596569329754714,0.00018311740150976793,0.0003350904602322136,0.001329532222387802,0.00018708030934115114,0.00025693845398456436,0.0004765747010573811,0.00021726762624190186,0.00027140614794050465,0.006395280888640423,0.03587054629501129,0.0004613570771148396,0.00026205559311817683,0.0002762807562466131,0.00012071074114355368
FörsterLuise,0.00012911252627009428,0.027225674894329945,0.0002451107891700852,0.0002225057864170787,0.0002985959216596268,0.002436424214730257,0.0008051435254660816,0.00018346735562070032,0.00017821417009927332,0.00042966456347366455,0.0006310858033203812,0.0001724623113422057,0.00030551788193043623,0.00016670817979520862,0.00034662938749202896,0.0004439512987836552,0.00020989139028451808,0.0005332127618919,0.0009087221375856982,0.000264139508626134,0.0006753512921362497,0.12160492084044265,0.00012371419472986535,0.0002638273851404217,0.00036272259214197185,0.00019770908444074632,0.3549659223456116,0.0024469150438378765,0.0027157068338632038,0.0001951849496876847,0.0004438263853566768,0.0001701179421662344,0.00028104804672807665,0.0009104036084627144,0.0009389455414329943,0.0003390040681867058,0.00033085635892188167,0.0002856048272563826,0.0013453151245705645,0.0002663425652292836,0.00028682089554858084,0.00020274256518896687,0.16557378822241167,0.02862704135372716,0.00024567994681992824,0.2440506670831933,0.00018126531993783884,0.0003317012964432538,0.02818768848171971,0.00018518814622314704,0.00025433973331781556,0.0004717545407984507,0.0002150701432969621,0.0002686610984751645,0.0008680740634089894,0.003940771467835476,0.0004566908305781451,0.0002594051168071681,0.0002734864041364141,0.00011948985149919099
FüssliJohannHansHeinrich,2.2018725459381507e-05,6.0383013578148704e-05,4.180095711688149e-05,3.794592179222376e-05,5.092225992511754e-05,0.0004155054310881428,0.00013730839876488802,3.128834552985285e-05,3.0392472347559693e-05,7.327457943902801e-05,0.00010762476303465606,0.013777383374232744,5.210272434051332e-05,2.8430251880170476e-05,5.911384076998264e-05,7.571102547249394e-05,3.5794674865975125e-05,9.09335891312022e-05,0.0001549725951803048,4.504609654409582e-05,0.00011517375672038868,0.02073838568454781,2.1098099215306893e-05,4.499286730646983e-05,6.185836033896276e-05,0.055025604389476734,0.3721562399162873,0.004999951799719172,0.009628448564610313,3.328665269848245e-05,7.568972285736985e-05,2.9011749459826594e-05,4.7929662292064643e-05,0.0001552593515987449,0.00016012686526537383,5.78134261845473e-05,5.6423923720241686e-05,4.870677123981717e-05,0.0002294287412694992,4.542180368822492e-05,4.891415835119441e-05,3.4575521142603694e-05,0.3627707747500232,0.0002993706953225487,4.189802071246775e-05,0.0003762494656976233,3.0912812492483115e-05,5.656801854861259e-05,0.00022444388110867846,3.15818074962704e-05,4.3374852333242933e-05,8.04525634974247e-05,3.6677854400115824e-05,4.581720410741202e-05,0.0001480405118913665,0.000672055357873758,7.78836129136004e-05,0.1558545859722225,4.66401070718416e-05,2.0377683803034383e-05
GablerGeorgAndreas,0.0001225275052226782,0.0003360130914573601,0.0002326096031716229,0.00021115750496789355,0.0002833668769990957,0.002312161254365975,0.0007640794458252432,0.00017411011947036153,0.00016912485789267502,0.0004077507315973976,0.000598899047955555,0.00016366635650434026,0.0002899358021664225,0.0001582056982433303,0.00032895053108492083,0.000421308812179354,0.0001991864706100037,0.0005060177455658788,0.0008623753223298586,0.00025066781634339896,0.0006409069000885436,0.3959148257020011,0.00011740450039040144,0.00025037161183768186,0.00034422294712200245,0.00018762548899173336,0.2858596986898815,0.02782320990301491,0.002577199849481293,0.00018523009062820412,0.00042119026961018086,0.0001614415552805473,0.00026671398204431367,0.0008639710345168727,0.15389761451505693,0.0003217141197312071,0.0003139819614477406,0.00027103835680569526,0.0012767011126955884,0.0002527585122444581,0.00027219240295697073,0.00019240225121986665,0.029623698746461164,0.0016659067983892625,0.00023314973253728798,0.07859699237978704,0.00017202039242042444,0.00031478380530870087,0.0012489618831695193,0.00017574314599086627,0.00024136785099565899,0.00044769402808047225,0.00020410109589935626,0.00025495879522706617,0.0008238003887826702,0.0037397835094365533,0.0004333986000068995,0.00024617488885539504,0.0002595379997526825,0.00011339560789784763
GoetheJohannWolfgangvon,8.156533265431515e-05,0.0002236805485520629,0.000154845882373928,0.00014056543552291048,0.00018863449103644818,0.0015391825820662635,0.0005086400319650491,0.00011590336216569043,0.00011258472347951309,0.0002714355768718161,0.00039868109600428,0.00010895105379265846,0.00019300735870791982,0.00010531594829727315,0.00021897907287015555,0.00028046105528020703,0.00013259643788566158,0.00033685094355800487,0.0005740746121523758,0.00016686705396165918,0.0004266453023030493,0.10628366133495476,7.815499966357232e-05,0.00016666987358980207,0.00022914576721552528,0.00012490040824896163,0.017802067826795092,0.03540317914728777,0.10705828907396779,0.00012330581555725716,0.00028038214267955684,0.00010747002590770636,0.00017754882570623825,0.00057513686176823,0.0005931678950426312,0.0002141618663317833,0.00020901464602903914,0.0001804275186600611,0.0008498871397724017,0.0001682588092768351,0.00018119575562086545,0.0001280802510070442,0.11704615671506781,0.0011089774653842849,0.0001552054410812302,0.0013937642706544299,0.00011451225180499982,0.00020954842545380735,0.005578812339241429,0.00011699045155950628,0.00016067616020369488,0.5909766505633164,0.0001358680547023823,0.00016972351561427243,0.0024293606157118138,0.002489536414276527,0.00028850910591244434,0.00016387615714641144,0.00017277184618907072,7.548632009537022e-05
GoldschmidtCaroline,2.6961525695142726e-05,7.393789323276926e-05,0.000207625873861834,0.0002643208860505643,0.006772539289301741,0.0030699750674153662,0.001948581361756553,3.831200554808714e-05,0.0006385951636163944,8.972337931142108e-05,0.001764443211372356,0.0001530504207208612,0.0009776753926309847,0.0025843856269747644,0.000684284715600362,9.270676281639732e-05,4.38299232137016e-05,0.0009654640981967692,0.0031258700537267047,5.5158119468811176e-05,0.000652467225770969,0.10590787432596044,2.583423573546595e-05,0.00021350448784415463,0.0003268830848309283,0.00467160203233244,0.013113497604652746,0.007220778412801397,0.00824063072965477,4.075889604468667e-05,0.0004283877624415319,3.5524355393099566e-05,0.00030473173359398437,0.0031864686641566997,0.002513680762861779,0.0005573075363649911,0.0001667430459652706,5.964054852912714e-05,0.39435554482385426,0.00048016216520574726,0.006474297790841994,4.233709182799562e-05,0.37807827684246814,0.002306147251412354,0.003491113790940974,0.02009340429045208,3.785217222780269e-05,0.0001484722750531056,0.0008478918481541222,3.867134434645263e-05,0.0009770407275293724,0.0009292721829311681,0.0054296044593053665,0.0029138038684898815,0.000502998415794973,0.004661617655174613,0.0012141078899054142,0.004646988629925273,0.0010616861684435439,2.4952100269224124e-05
GöschenGeorgJoachim,5.3028962384008905e-05,0.00014542388302972602,0.00010067164816854677,9.138734496955306e-05,0.00392530898108938,0.004488992209303523,0.0024015573331617733,0.0005590717944863094,7.319593842290657e-05,0.1964918655407522,0.005002787507607243,7.083354098186661e-05,0.00012548198642352645,6.847021006291284e-05,0.00014236726119086433,0.00044682795014602106,8.620637332152565e-05,0.0007027188636663911,0.0010518833681278895,0.0001084871040147112,0.0002773795796680978,0.04129004994893645,5.0811765273448484e-05,0.00010835890898157883,0.00032530286869252197,0.0003072611449785952,0.14955615206308415,0.017043111872155226,0.20217760378422756,8.016615934894247e-05,0.0001822879109721308,6.987066411439102e-05,0.002780586761403904,0.00037392002234114437,0.004718165349102174,0.0014013532311001982,0.0010242739793900912,0.00011730331733721264,0.0009220084554916804,0.0047779838791920945,0.005541623085840708,8.32702153201804e-05,0.28019830357183456,0.006989802100599848,0.00010090541200599938,0.003261341307524635,7.444910350836694e-05,0.00013623601117539685,0.0007168669254307966,7.606028263662163e-05,0.0014608118042905456,0.05048938843453786,8.83333853677347e-05,0.00011034420669054734,0.000987593392219816,0.003969315720070709,0.0017268901756799845,0.00010654259953530927,0.00011232605120861109,4.9076747419271e-05
HaugFriedrich,2.4240437834093764e-05,6.647572265599554e-05,0.09085695783954,4.177470489645777e-05,5.606036908736901e-05,0.0004574303626520341,0.00015116295947734291,3.444537224223822e-05,3.345910452103565e-05,8.066806096418882e-05,0.025343745081214647,3.237921259529396e-05,5.7359943594056424e-05,3.129889396097035e-05,6.507848898714287e-05,8.335034694478774e-05,3.940639491059085e-05,0.00010010888316093514,0.00017060949174311918,4.959129468960701e-05,0.00012679490895373756,0.2347231017251924,2.3226919441346952e-05,4.953269456636148e-05,6.809993344445457e-05,3.711920840736877e-05,0.056553540715381476,0.015594556500520943,0.4596096125094713,3.664531068935442e-05,8.3326894873569e-05,3.1939065253188554e-05,0.02527802668251713,0.00017092518218340142,0.00017628383305809354,6.364686121309462e-05,6.21171565002376e-05,5.362133528192775e-05,0.0002525783406654045,5.000491107661755e-05,5.3849647969245004e-05,3.8064227304381955e-05,0.08658148970805653,0.0003295775108646779,4.612557472164767e-05,0.0004142134293912224,3.403194752954075e-05,6.227579064714963e-05,0.00024709050291280916,3.47684448272858e-05,4.7751420193987295e-05,8.857031110408264e-05,4.037868818129695e-05,5.0440207810688753e-05,0.00016297795401691201,0.000739866444752251,8.57421507257298e-05,4.8702428722181e-05,5.134614254290314e-05,2.243381336224489e-05
HeimAntonChristoph,0.00011364946259564436,0.0003116664066556221,0.00021575528161613223,0.00019585754985401035,0.0002628348078239715,0.01086743307984443,0.012160713957967688,0.00016149452708033772,0.00015687048533417536,0.0003782061132707045,0.0005555042912649954,0.14742447832965253,0.0351601492097009,0.00014674250122245463,0.0003051155820924492,0.0003907818085741178,0.0001847539072962382,0.00046935294032884265,0.0007998897207644602,0.0002325050409349082,0.0005944683574233245,0.20839675237942132,0.00010889765813341349,0.00023223029868146903,0.0003192813963069556,0.00017403060606190147,0.0049601974981795215,0.025057857792516847,0.11578693196292085,0.08033579362081324,0.0003906718553088755,0.0001497438959921245,0.034603382047276296,0.0008013698115586205,0.0008264934415984161,0.00029840350336387357,0.00029123159831264924,0.00025139958197787976,0.0011841944801652539,0.00023444425013674803,0.008975275370004953,0.005904460173554647,0.22435695299556935,0.0015451992760914211,0.00021625627453219945,0.036833229834886176,0.000159556216529043,0.0002919753425333297,0.0011584651672022126,0.00016300922850286735,0.00022387892827548597,0.00041525521641982933,0.00018931243088633984,0.00023648510600888292,0.000764109832327711,0.0034688079651918912,0.00040199560001628296,0.02885833224867958,0.00024073251260143562,0.00010517924016224493
HeimJohanna,4.257931657124886e-05,0.010915086767157951,8.08337516785084e-05,7.33789709835608e-05,9.847232210941531e-05,0.0022636559869450906,0.00026552389645289075,6.050469959143793e-05,5.877228016021694e-05,0.00014169673536803962,0.00020812234861694787,5.687540599962652e-05,0.00010075507767294478,5.497778230802854e-05,0.00011431301709677571,0.00014640827996489127,0.006360426048522903,0.0030961671715125805,0.0042545023040765325,8.710912939026999e-05,0.0002227204229937832,0.3036377764957302,4.0799030225312765e-05,8.700619588651636e-05,0.00011962030737473327,6.520140174318782e-05,0.014151239459767826,0.0021567447118581154,0.10821116443749594,0.05543184592180153,0.0001463670854463967,5.610226926233785e-05,9.268530404503235e-05,0.00030023704571660923,0.00030964973428065,0.0001117983045894935,0.00010911131594370014,9.418805986792254e-05,0.03694768714461543,8.783566342410693e-05,9.458910040427952e-05,6.686136593431074e-05,0.27507873074013744,0.000578916324280822,8.102145107880453e-05,0.0021877436830855254,5.9778502241340364e-05,0.00010938996328524594,0.02726879629255384,6.107218974852101e-05,8.387731488524591e-05,0.00015557735966346763,0.07137127406320519,0.004137970074446089,0.00028627741568513517,0.009687881698499741,0.002247678617581137,8.554780010754516e-05,9.01915911342068e-05,0.05540688284779338
HempelFriedrichFerdinand,3.6068236657208174e-05,9.891166624651933e-05,6.847293757173907e-05,6.21581158229439e-05,8.341427960883428e-05,0.0006806274163547066,0.00022492091246653848,5.125253290727634e-05,4.9785028985970645e-05,0.00012002896702807156,0.00017629700822015533,4.8178218176345864e-05,8.534796418919072e-05,4.657077245136922e-05,9.683267101637885e-05,0.00012402003873200263,5.863422051905075e-05,0.000148955679515778,0.00025385612117541525,7.378870650951533e-05,0.00018866279620743248,0.2891993677670507,3.456018546208453e-05,7.370151323652963e-05,0.00010132838905904772,5.523103182081034e-05,0.0015741876216992115,0.12829776739485876,0.0007586464273069019,5.452590202234557e-05,0.00012398514353495184,4.7523306800249735e-05,7.851219207212066e-05,0.00025432584856187774,0.0002622991817679269,9.470249953545044e-05,9.2426395779545e-05,7.978515173945826e-05,0.00037582057832270745,7.440414150429967e-05,8.012486656203542e-05,5.6637160103487854e-05,0.1438412109660895,0.0004903904681969704,6.863193463734412e-05,0.0006163233560436607,5.063738311173353e-05,9.266243334585866e-05,0.0003676550232221071,5.173324445773204e-05,7.105108975598302e-05,0.00013178701488681405,6.008093134284264e-05,7.505183548276847e-05,0.00024250087624744986,0.0011008744234197977,0.4280105159975293,7.246613023060968e-05,7.639980900293055e-05,3.338009383374397e-05
HerderCarolinevon,4.132397117786249e-05,0.00011332472069461858,7.845056927984414e-05,7.121557427799116e-05,9.556911027112141e-05,0.0007798060105797808,0.00025769558385683533,5.872086880159323e-05,5.703952545443191e-05,0.0073614905984380275,0.0002019863780886315,5.519857591713473e-05,9.778456445661891e-05,5.335689894689013e-05,0.00011094278171085988,0.0001420917954694202,6.717818954649268e-05,0.00017066096869636623,0.0002908471277505703,8.454093306614646e-05,0.0002161540645002065,0.4084426953091026,3.959617215307773e-05,8.444103430109151e-05,0.00011609359971687175,6.327910035575989e-05,0.014192962699216516,0.010419356010590804,0.05213163875046988,6.247122156353212e-05,0.0001420518154689872,5.444823319627866e-05,8.995270806095047e-05,0.00029138530213275904,0.05086832055657983,0.00010850220925597667,0.0001058944397966382,9.141115886084915e-05,0.00043058380963438244,8.524604704851335e-05,9.180037571306989e-05,6.489012462561783e-05,0.17275792782919552,0.0005618484143338404,0.09919375340825863,0.1238673143155801,5.80160815766819e-05,0.00010616487191340454,0.0004212283990321006,5.92716279208896e-05,8.140440058483388e-05,0.0001509905476266435,6.883570990029492e-05,0.05239674625387704,0.0002778372371207484,0.0012612899093516984,0.00014616923133024188,8.30256356993954e-05,8.753251608157982e-05,3.824412179086418e-05
HerderCarolinevonANDHerderJohannGottfriedseit1801von,1.2603929054443287e-05,3.456436298442544e-05,2.3927647350928894e-05,2.172095324304371e-05,2.9148851170885645e-05,0.00023784305703032882,7.859788795697487e-05,1.7910032441098903e-05,1.73972179254617e-05,4.194373568294721e-05,6.160642132953771e-05,1.6835723066677802e-05,2.982457101536029e-05,1.6274006338770485e-05,3.3837864801709866e-05,0.11021767454427364,2.048953938636771e-05,5.20520821329938e-05,8.870920338412667e-05,0.12856251072402838,6.592760608761713e-05,0.2269733140155444,1.2076945424651445e-05,2.575475626565425e-05,3.540887898233395e-05,1.9300306064008083e-05,0.0005500947909055738,0.00023886716886219013,0.03961308374233157,1.9053900728518866e-05,4.332620881279481e-05,0.00263980534595529,2.743583248026825e-05,8.887334810542728e-05,0.03681643831751237,3.309348324309396e-05,3.22981061213169e-05,2.7880664133358904e-05,0.00013132928985128549,2.600028744930445e-05,2.7999376383231244e-05,1.9791673060536084e-05,0.270613519864775,0.00017136536861706028,2.3983208363068106e-05,0.08940412051538282,1.7695070327631477e-05,3.2380588688132555e-05,0.002751674342496652,1.807801554310576e-05,2.482857432250777e-05,4.605254761181432e-05,2.099508782109343e-05,0.06035979165186248,8.474114964121377e-05,0.02923988029436316,4.458203239227438e-05,2.532305565578903e-05,2.669766702480348e-05,1.166456620848108e-05
HerderSusanneSophievon,4.030394126640775e-05,0.00011052744343590027,7.651411629734469e-05,6.945770798744713e-05,9.321010777670764e-05,0.10141987125462973,0.0002513346946176961,5.727141849715777e-05,5.563157698190289e-05,0.0001341246727236441,0.0001970006000647811,5.3836068953250645e-05,9.537087628045063e-05,5.203985144741234e-05,0.00010820429960036768,0.0001385844393896453,6.55199809866264e-05,0.0001664484187446958,0.1596609147342224,8.245414716411876e-05,0.00021081857507389398,0.0044072523864042605,3.861879077311763e-05,8.235671427360512e-05,0.00011322797618495183,6.171713587623281e-05,0.19468940509739005,0.0007638323178993843,0.03440084331692295,6.0929198549198586e-05,0.00013854544624490744,5.310424749250825e-05,8.773233934460406e-05,0.0002841928248499147,0.000293102513346424,0.00010582396958671404,0.00010328056961498493,8.915479013293858e-05,0.0004199553934222809,8.314185630052098e-05,8.953439965991946e-05,6.328839405158205e-05,0.2949457465089824,0.000547979897538655,7.669178532105051e-05,0.000688701823135419,5.6584028052617005e-05,0.03365664891584709,0.00041083090928655766,5.780858282486768e-05,7.939503601618718e-05,0.0001472635371158866,6.713658754895284e-05,8.386561278229498e-05,0.0002709791766705725,0.16899567951170938,0.00014256122890836753,8.097625299446562e-05,8.537188674022707e-05,3.730011406236936e-05
HärtelGottfriedChristoph,5.325995944053628e-05,0.0001460573574070934,0.0001011101793665418,9.1785433235715e-05,0.00012317322831584043,0.01208979799379933,0.00033212820435739884,7.568176536628005e-05,7.351478392855707e-05,0.2772960734869322,0.00026032798876561873,7.114209575523243e-05,0.00012602859281007312,6.876847003771322e-05,0.00014298742075655242,0.00018313349486576976,8.658189299220995e-05,0.0002199545690255525,0.0003748552180698987,0.0001089596797652436,0.0002785878602672946,0.0058239982485221355,5.1033104098261435e-05,0.00010883092630754502,0.000149625997598672,8.155659348119128e-05,0.17968056869264068,0.001009372210072148,0.001120250993473461,8.051536751765247e-05,0.0001830819670686873,7.017502454353086e-05,0.00011593458823868132,0.1888163555406724,0.0003873226161571654,0.00013984191498220896,0.00013648091913220114,0.0001178142969945096,0.0005549533499133813,0.00010986845839980848,0.00011831593498263096,8.363294492624116e-05,0.2789108377288877,0.0007241323354513527,0.00010134496149203829,0.034164350434524406,7.477340786957618e-05,0.00013682946268113552,0.011627649064183765,7.639160538211436e-05,0.00010491719333479804,0.0001946025566586256,8.87181704190673e-05,0.00011082487208176856,0.0003580875593110686,0.0016256000452061078,0.00018838865458006861,0.00010700670491812272,0.00011281534962279917,4.9290528411546416e-05
IndustrieComptoir,6.393676534107339e-05,0.00017533687755246605,0.00012137932284702717,0.00011018528305626472,0.00014786526084243387,0.0012065218440745463,0.01119001853743062,9.085337885441879e-05,8.825199152447077e-05,0.00021277069827231376,0.00031251487429321547,8.540366027227057e-05,0.00015129302856041,8.255420353023148e-05,0.0001716515232769573,0.0002198455164126856,0.00010393861041538025,0.0002640479604792969,0.0016099052560183218,0.001290706728336305,0.00033443522743701134,0.015545041475328456,0.0010794482230597486,0.3473216940130698,0.0001796209084250473,9.790590969649708e-05,0.4493157245522089,0.0012117169223389433,0.0013448231212565076,9.665595342921637e-05,0.00021978365904919508,8.424272425616814e-05,0.00013917552024061207,0.0004508335756530659,0.0004649675944304843,0.0013277797987444686,0.0001638406899245226,0.00014143204651087955,0.001826106922617385,0.00013189333820159786,0.00014203424581162244,0.00010039849881038801,0.14246021070601983,0.000869296178479598,0.00012166117078348502,0.004478302111847442,8.9762926651251e-05,0.0001642591045709747,0.0013548934354795142,9.170551759051326e-05,0.0001259495133108473,0.00023361373404249432,0.00010650313862717706,0.00013304148021662789,0.0004298719054938686,0.0019514774273311885,0.00022615415646822534,0.007550158671825328,0.0001354309806367256,5.917159873366252e-05
JungFranzWilhelm,2.364077460288685e-05,6.48312372338452e-05,0.002552833567184507,0.02585330352395758,5.467354009114098e-05,0.013283280519343639,0.0013719502259533214,3.359325796277361e-05,3.263138866591383e-05,7.867248355655037e-05,0.0017233657531099927,3.1578211252755484e-05,0.002522730515154632,3.052461768698984e-05,6.346856852055767e-05,8.128841478361075e-05,3.8431554181061425e-05,9.763237606318098e-05,0.06657909205999833,0.020860131906817403,0.012457605987372935,0.35001790713318326,2.2652328765282884e-05,0.0017131925405668607,0.0007373477118536126,3.620094840704407e-05,0.04702634076627404,0.032439852827758325,0.023187218823192093,0.0008396450828842662,0.0007082538596559676,0.0025391022194674144,5.146048735334081e-05,0.00016669681189800296,0.07196414308406159,6.207235654810288e-05,0.003525079566451855,0.02062507497334451,0.00024633002349667467,4.876788282004686e-05,0.0007234499518687499,3.712258929870879e-05,0.2283330183913607,0.016072879123167714,4.498451401275418e-05,0.0063984101163986765,3.319006060656092e-05,6.073520371134309e-05,0.0021947859818990324,3.390833833449608e-05,0.01970756143288893,8.637924676319955e-05,3.937979472927203e-05,4.919241112460894e-05,0.007559314832157669,0.007586729875148797,0.004907058902895156,4.749762145033828e-05,0.0022699228580556887,2.1878842651683886e-05
KeßlerGeorgWilhelm,7.367733716177343e-05,0.0002020489177926365,0.00013987109366828083,0.00012697167594724563,0.00017039208379537762,0.0013903317789806815,0.000459450625768784,0.00010469461491263756,0.00010169691413164702,0.0002451856672937537,0.0003601255652916007,9.841464827260207e-05,0.00017434206150417067,9.513108545876304e-05,0.0001978021109973792,0.0002533383124691197,0.00011977334172050596,0.0003042748645060744,0.0005185571783887925,0.00015072972543408834,0.0003853854175951248,0.008056646814855755,7.059680962125849e-05,0.00015055161392192704,0.00020698560774444808,0.00011282157738757224,0.29456408401983875,0.0013963183116247075,0.0015497028352811065,0.0001113811940830582,0.0002532670313243586,9.707684718389616e-05,0.00016037848763120815,0.0005195167002904432,0.0005358039938586983,0.00019345076541028096,0.00018880132093000831,0.0001629787888185141,0.0007676965116031286,0.0001519868872976644,0.0001636727313519334,0.0001156939048750551,0.09448375128603068,0.0010017308084576814,0.00014019588028099078,0.0012589765375965395,0.00010343803563148364,0.0001892834797757932,0.0007510165623730702,0.00010567657439452437,0.0001451375387550811,0.5829661205267207,0.00012272856800875319,0.0001533099452581306,0.0004953615834096567,0.0022487790805504697,0.0002606080546577455,0.000148028071362413,0.00015606347880272863,6.818621190866814e-05
KindJohannFriedrich,3.8069710826281677e-05,0.00010440040546307497,0.015502148050397513,0.005384316028278859,8.804304833838604e-05,0.009639395073908638,0.012791027499143834,5.409660376353772e-05,5.254766610818446e-05,0.0011448742548319756,0.004016299582423839,5.0851691240981336e-05,0.0006358938368378808,4.915504622613352e-05,0.00010220604403717894,0.0001309020747552412,6.188791098659364e-05,0.16516935544048772,0.0033712081485631528,0.0017153127430642428,0.0001991319443629993,0.04523257431700116,3.6477975875243756e-05,7.77913077104456e-05,0.00010695123542170694,5.829587484519305e-05,0.3214781000938241,0.012183495450073597,0.005167223130848428,5.755161646135038e-05,0.00013086524317754096,5.016043796620171e-05,0.009535259831891857,0.0017232380696877217,0.009051931223010864,0.03909117049584565,9.755525875811134e-05,8.421253536233419e-05,0.0003966753594107883,0.0011178826475226758,8.457110140984649e-05,5.97800310465329e-05,0.2840307633804856,0.011500062003043819,0.0006182502126915033,0.0016898736762162331,5.3447318492019425e-05,0.003386772989386088,0.0024799536619021325,5.460399063389209e-05,7.499380872454963e-05,0.00013910005069231,0.00242728542454171,7.921656112455544e-05,0.0002559575706902586,0.0033546091316087366,0.005331407021638376,7.648737166716037e-05,0.018289097385862218,3.523239940122829e-05
KönitzLouiseHenriette,3.426757733337598e-05,9.397363127255344e-05,6.505451613238406e-05,5.90549535621391e-05,7.924993130021312e-05,0.000646647986892635,0.014477602336042271,4.869381754432112e-05,4.7299576828083456e-05,0.00011403667855932408,0.00016749561172738,4.577298393688599e-05,8.108707921862899e-05,4.424578782765137e-05,9.199842714761541e-05,0.00011782850125244085,5.570698410112728e-05,0.00014151926293387,0.00024118268787589648,7.010490229051085e-05,0.00017924405399722052,0.2462336487109356,3.2834813612689304e-05,7.002206202711275e-05,9.62697023740804e-05,5.2473695127081544e-05,0.015759508677663778,0.007781387495661245,0.09343618898113107,5.180376800731117e-05,0.00011779534815225283,4.51507681507312e-05,7.459257404275092e-05,0.00024162896473978057,0.0002492042397619506,8.997460167896783e-05,8.781212941242608e-05,7.580198287128157e-05,0.00035705822975334525,7.068961250182148e-05,7.612473787770438e-05,5.3809624302806e-05,0.3220909614662435,0.000465908368412898,6.52055754784004e-05,0.0005855542223013331,4.810937829405462e-05,8.803638311337929e-05,0.00034930032926214265,0.12129238811929728,6.750395745635119e-05,0.171292131376521,5.708146978792378e-05,7.13049712094423e-05,0.00023039433863091845,0.001045914714306791,0.00012120968279671214,6.884835389455174e-05,7.258564892275841e-05,3.1713636508331244e-05
LevinRahel,8.576712173032041e-06,2.3520331753780546e-05,1.6282267491372694e-05,1.4780657942833945e-05,1.9835188343836372e-05,0.02158223282996695,5.348423174260479e-05,1.218740541885386e-05,1.1838445782555158e-05,2.854184174319451e-05,0.035742564500001524,0.3409525932732971,2.02950016759038e-05,1.1074123605966175e-05,2.302596481625913e-05,2.9490883793458116e-05,1.3942706366863265e-05,3.542036174063742e-05,6.036477206735752e-05,1.754631099288775e-05,0.0018298944982910862,0.041993605967961915,8.218110748579324e-06,1.752557719287057e-05,2.4095007365512008e-05,1.3133457769191935e-05,0.00037432809000286296,0.08941415067335264,0.032310977853080264,1.296578405163436e-05,2.9482586019874933e-05,1.130062796832019e-05,1.866951467231803e-05,6.047646914397838e-05,6.237245825533673e-05,2.251942861254169e-05,2.1978190986319765e-05,1.8972213381389835e-05,8.936685648401763e-05,1.7692656068241515e-05,1.9052994603988765e-05,1.3467822813801754e-05,0.3537249370640238,0.007256739099022139,1.6320075607167526e-05,0.00014655631991499708,1.2041128161392872e-05,2.2034318661413377e-05,8.742515868225146e-05,1.2301714433893733e-05,1.6895329600083107e-05,3.1337802997402826e-05,1.4286721585882672e-05,1.7846672048626928e-05,5.766459383776898e-05,0.07344809568644038,3.033714790567879e-05,1.7231813886226824e-05,1.8167208397802413e-05,7.937495249399969e-06
LudwigErnstKarlFriedrich,8.826048123230291e-05,0.00024204097764402507,0.00016755613752088858,0.00015210350500819016,0.00020411822540402087,0.006734473974136793,0.000550390865019958,0.0001254170882198263,0.01840273866863974,0.00029371589446961936,0.0004314061408992259,0.00011789411169645767,0.009034118195530126,0.00011396062488395796,0.006389124166000897,0.0010725035356501484,0.00014348038604926244,0.0176495192330173,0.011955575633943071,0.0001805640460867235,0.0010920420378450937,0.18579995030103255,8.457021698485565e-05,0.004592984762112452,0.02799162499838208,0.00013515264119481573,0.14056943143115277,0.058129424614375445,0.0048941245715983855,0.00013342715913326614,0.0030041019096731358,0.00011629151621145763,0.00019212261250103324,0.0006223459715322441,0.005891775432512036,0.01636337011688457,0.020501972309110023,0.00019523759796307065,0.0016886699706784524,0.0001820700412182046,0.0001960688943196785,0.00013859349581942537,0.28548846797862876,0.00992320787593652,0.00016794520997980017,0.012554509691311373,0.00012391179098279848,0.00022674884378156128,0.0024349305144557277,0.00012659340945727355,0.0001738649835738327,0.00032248832857079314,0.00014702054784661875,0.00018365497542982757,0.004292284497625356,0.02259444434669679,0.11422964885931673,0.00017732764670429587,0.00018695352292214388,8.168248349221388e-05
MahlmannErnestine,2.0924985949537747e-05,5.738359893011718e-05,3.9724571795108096e-05,0.008597448211943564,4.839279073702226e-05,0.06609184278192051,0.0001304878577195137,2.97341547676867e-05,2.8882782430689557e-05,6.963480007271127e-05,0.00010227870175668954,2.795059120840965e-05,4.951461776337094e-05,2.7018031640015594e-05,5.617746993652937e-05,7.195022015055049e-05,3.401664051902123e-05,8.641663108164718e-05,0.00014727461781079712,4.280851491633987e-05,0.06252158068786891,0.37051731724306425,2.0050090113374393e-05,4.275792974275736e-05,0.0033436345013420263,3.204228074171634e-05,0.0009132648812042567,0.0036070863861223505,0.000440128692260075,3.163319971938344e-05,0.006492970363489837,2.7570644401659802e-05,4.554884486287216e-05,0.023141489015565113,0.00015217285905137892,5.494165104324214e-05,5.3621169546886724e-05,4.628735235927466e-05,0.0002180322923931517,4.316555950216502e-05,4.648443789902078e-05,3.285804600459604e-05,0.2882394185812121,0.026414633441530923,3.9816813935898715e-05,0.011059293948215566,2.93772756401893e-05,5.375810673085879e-05,0.00021329504595179866,3.0013039553063524e-05,4.122028667420777e-05,7.645623103360104e-05,0.07922768739910649,4.354131913599097e-05,0.0001406868729529195,0.033487160657284014,0.013213410251427696,4.204122234486448e-05,4.432334591589187e-05,1.9365460005812472e-05
MahlmannSiegfriedAugust,1.6345946256815448e-05,4.482627736985741e-05,3.1031596255489394e-05,2.816975030753822e-05,3.780293848284076e-05,0.0003084569748830729,0.000101933043806764,2.3227394130469018e-05,2.2562328619856236e-05,5.439653351919083e-05,7.989693116943936e-05,2.183412991725213e-05,3.867927475978548e-05,2.1105643474154425e-05,4.388408702595379e-05,5.620526745313869e-05,2.657273840480716e-05,6.75059763845078e-05,0.00011504633711744527,3.344067641641749e-05,8.550104505458024e-05,0.05256408628154106,1.56625049224831e-05,3.34011608568484e-05,4.5921524181800304e-05,2.5030430138064607e-05,0.007010504408758585,0.053554841672935435,0.020275684549942965,2.4710868804935752e-05,0.006353279826507316,2.153732732447816e-05,3.558133668448081e-05,0.00011525921524307815,0.00011887269037113702,4.291870385859848e-05,4.188718490682486e-05,3.6158235702504635e-05,0.00017032002517485377,3.371958850865302e-05,0.05233373656895819,2.5667680513159987e-05,0.38737901999258684,0.05318708742754194,3.110365293832843e-05,0.21872871482402384,2.294861128911755e-05,4.199415596310968e-05,0.00016661943603599427,2.3445250224834224e-05,3.2200002059356744e-05,5.9725222587378435e-05,2.722838058658623e-05,3.40131202125601e-05,0.00010990019634295847,0.1458783819293677,5.781812182184728e-05,3.2841291395713676e-05,3.462401513724382e-05,1.5127693239885428e-05
MaxJoseph,1.7085899653822498e-05,4.685548728489528e-05,3.2436344240282675e-05,2.9444947356727843e-05,3.95142137010352e-05,0.00032242030149685533,0.0001065473806488807,2.4278859057639928e-05,2.358368715391424e-05,5.685897277663978e-05,8.351373038683645e-05,2.2822524125157195e-05,4.0430220242084414e-05,2.2061060330380083e-05,4.587064557442987e-05,5.874958504284685e-05,2.777564142072883e-05,7.056185799326856e-05,0.00012025429061403633,3.495447939385138e-05,8.93715330484711e-05,0.2792371810577644,1.637152008385369e-05,3.491317503159822e-05,4.800031407136675e-05,2.616351546198619e-05,0.15009815653237446,0.00032380858858716607,0.0003593787201988486,2.5829488126688625e-05,5.8733054824281496e-05,2.2512285779976293e-05,3.719204373906661e-05,0.00012047680537310332,0.2526010102562369,4.486156114054188e-05,0.11739213491317844,3.779505800189853e-05,0.00017803012523430494,3.524601736573153e-05,3.795598445429579e-05,2.682961308595829e-05,0.1854874324978588,0.00023230307626169995,3.2511662807530595e-05,0.0002919587978683348,2.39874561876132e-05,0.01071192712107795,0.0001741620166712895,2.450657712968153e-05,3.365764180275921e-05,6.242888260474244e-05,2.846096341742997e-05,3.5552836754427426e-05,0.00011487519273277019,0.0005214956890955005,6.0435450606517966e-05,3.432796122495188e-05,3.619138586123263e-05,1.5812498379084174e-05
MayerAuguste,3.308767815007565e-05,9.07379367934384e-05,6.281456290464777e-05,5.702157691575618e-05,7.652120238226143e-05,0.0006243826418933461,0.0002063342001341469,4.701719491665842e-05,4.56709606137837e-05,0.00011011017443008767,0.00016172841279292135,4.419693127816043e-05,0.02073745938459974,4.272231949446757e-05,8.883074277937551e-05,0.00011377143730990626,5.3788884539970784e-05,0.00013664648009508132,0.00023287829992099483,6.769105446715279e-05,0.00017307233339773783,0.017390927270591147,3.1704247264548395e-05,6.761106655477378e-05,9.295494971144876e-05,5.066692397944948e-05,0.0014441020188938796,0.0006270711275660237,0.000695954422585252,5.0020063750396176e-05,0.00011373942573529072,4.359613958892321e-05,7.202420697270452e-05,0.00023330921060646192,0.0002406236542099127,8.687660154881602e-05,8.478858739865579e-05,7.319197350842943e-05,0.0003447640220368778,6.825563197126673e-05,7.350361543367992e-05,5.195685452130352e-05,0.4762740589772877,0.27590539011742504,0.048267677099673584,0.0005653924541684433,4.645287904387406e-05,8.500511960952429e-05,0.0003372732411136752,4.745818207152459e-05,6.51796652107271e-05,0.0001208965765190156,5.511604401740233e-05,6.884980268448998e-05,0.0002224614144751489,0.1525104399741352,0.00011703619821247693,6.64777714707796e-05,7.008638417900098e-05,3.06216744635205e-05
MayerJohannSiegfriedWilhelm,2.8481427755338827e-05,0.00037871610618400324,0.0011428178373098633,0.00012790170848579426,0.00020064693736794562,0.016289264130192094,0.0016632759829987359,9.85322853953573e-05,0.0016703530791444606,0.00027195850004574183,0.005202459043729328,0.0011990728083836157,0.00016574884233658607,0.0005056543667814046,0.0017280370375454394,0.01998050422643353,0.0004257462918528676,0.0028068932176738993,0.0005548276683172552,0.0004068597277261312,0.001230267317250703,0.19293246100981298,2.729058907992821e-05,0.0001565521756249069,0.0012271092598321175,0.008264652009204152,0.027403254949626216,0.017241679543411246,0.006812709309522144,4.305659724936288e-05,0.0014672348704932907,0.00021243971921502825,0.00013615440838085388,0.0009474215218549532,0.0010336508773974048,0.00023702231085473926,0.012268813459750401,0.002152213522970679,0.0010599591753184983,0.0019524803365542835,0.0010862088089268957,0.0009269316642426156,0.38630356237617147,0.23406003306568912,0.0023645776202912204,0.010461674886155129,3.998601269374855e-05,0.001797904516206903,0.002784697395319843,0.0013302983534897294,0.0019211514800714482,0.0009525534129616189,0.0012710890417704727,0.0009046127738880272,0.0011480464209738554,0.015539769536152338,0.001455793035402115,0.003384637854024715,0.0005859388315135085,2.635872499195805e-05
MayerJohannSiegfriedWilhelmANDMayerJulieHenriette,1.9836979570603646e-05,5.4399906523693235e-05,3.765907040754525e-05,3.418601484307758e-05,4.587658044453859e-05,0.00037433468904343536,0.00012370306838132002,2.818811071597389e-05,2.738100596107859e-05,6.601409959254753e-05,9.696066330214832e-05,2.649728454416308e-05,4.6940077445544756e-05,2.5613213933496193e-05,5.325649088351008e-05,6.820912810497896e-05,3.224792621909976e-05,8.192334988711888e-05,0.00013961699146783805,4.058266217674928e-05,0.0001037616579282333,0.3861271604050592,1.9007574434072987e-05,4.0534707207634775e-05,5.572906717869178e-05,3.0376224385613756e-05,0.0008657791615577558,0.0003759465106745233,0.004545824369278318,2.998841376044492e-05,6.818993627928512e-05,2.6137093284699922e-05,4.318050713096657e-05,0.00013987533435988366,0.0001442605459082393,5.208492908661213e-05,0.008307993937148848,4.388061551594724e-05,0.0002066955810802051,4.092114202910801e-05,4.406745348253099e-05,3.1149573476178386e-05,0.3185681343395589,0.11586995889692984,3.7746516366497135e-05,0.00033896843749029343,2.7849787718844374e-05,5.0962923824469e-05,0.02910226755676354,0.1321430257808534,3.9077014752726695e-05,7.248084642524699e-05,3.3043595087774436e-05,4.127736383005156e-05,0.0001333717800981762,0.0006054641277511499,7.016644269905399e-05,3.9855265412816464e-05,4.2018728688980016e-05,1.835854205288632e-05
MayerJohannSiegfriedWilhelmANDRichterCaroline,2.651447532754179e-05,7.271192543246401e-05,5.0335812951015335e-05,4.569366237826776e-05,6.131948949079295e-05,0.0612020525945389,0.00016534381874336505,3.767675232252924e-05,3.659796111672865e-05,8.82356715994352e-05,0.00012959942342616755,3.5416762657465746e-05,6.27409793347347e-05,3.4235097459349185e-05,7.118361485106438e-05,9.116958747755404e-05,4.310317712721673e-05,0.00010950027102666859,0.0001866146639111024,5.424354000978781e-05,0.000138689759158695,0.0028993686718911983,2.540587701746098e-05,5.417944250739868e-05,7.448850625051976e-05,4.060142569334311e-05,0.0011572165075090805,0.09983256782857218,0.0005576960185309368,4.0083070808911234e-05,9.114393532688068e-05,3.493532433021232e-05,5.771586782553285e-05,0.00018695996981882943,0.0001928213250211723,6.961768359383942e-05,0.07732466616123954,5.865164569605522e-05,0.00027627315264186866,5.469595846705813e-05,5.8901376792344386e-05,4.1635098451253243e-05,0.3926940615643345,0.3093873824949113,5.045269484388975e-05,0.0004530715092316991,3.7224543520871554e-05,6.81179905213844e-05,0.00027027049131666414,3.8030132906818906e-05,5.2231063698354624e-05,9.687924552331811e-05,4.4166682915095395e-05,5.517209114232926e-05,0.00017826719840170768,0.0504743099684388,9.378577051732216e-05,5.327128798512921e-05,5.616301318218935e-05,2.4538368282247524e-05
MellishofBlythJosephCharles,9.029191137374316e-05,0.00024761186656945027,0.00017141266066001985,0.00015560436564681602,0.0002088162727034872,0.001703857910773613,0.0005630588289508607,0.00012830372615454198,0.000124630030230273,0.0003004761490333267,0.038025425938890516,0.00012060759851020112,0.0002136569883285308,0.0001165835773661376,0.00024240738555058783,0.0003104672527294255,0.00014678277435325093,0.000372890228631858,0.0006354941776803509,0.00018471996321474762,0.0004722915798901333,0.08504163811470188,8.651671087943347e-05,0.00018450168674751592,0.0002536618025304895,0.00013826335558459772,0.003940764018351394,0.09567142049057828,0.17102757476655828,0.00013649815930192214,0.00031037989736272363,0.00011896811719898179,0.0001965445651171719,0.01942871528750056,0.0006566302283830086,0.00023707479176745302,0.00023137687643660787,0.00019973124603417838,0.0009408155622590227,0.00018626062078926366,0.00020058167576114287,0.0001417834059681603,0.059414130762801824,0.0012276256561636026,0.00017181068812925092,0.0015428814657713749,0.00012676378253743072,0.0002319677642923414,0.0009203742087083086,0.00012950712196018103,0.0001778667130369124,0.5077151315252678,0.00015040441759372108,0.000187882034329854,0.0006070678706665843,0.0027558889783755496,0.00031937635480465534,0.00018140907387754736,0.00019125650219678532,8.3562512432426e-05
MesserschmidtJohannGeorgFriedrich,2.943861504216556e-05,8.073093490775132e-05,5.588708062271787e-05,5.073297208424225e-05,6.80820881198606e-05,0.0005555228188069916,0.00018357870444192555,4.1831919883771165e-05,4.0634154564030944e-05,9.796671203614332e-05,0.00014389225088555719,3.932268804240157e-05,6.966034647818008e-05,3.80107033077859e-05,7.90340751239955e-05,0.012355074542432964,4.7856796065820946e-05,0.00012157647043531943,0.00020719539739093068,6.022577000472354e-05,0.00015398511114125086,0.2544230566869757,2.8207755351988537e-05,6.015460353151643e-05,8.27034453250973e-05,4.5079139842826046e-05,0.30150417326992673,0.0005579148057697924,0.018999976853426474,4.450361836976241e-05,0.0001011957126200028,3.878815445621981e-05,6.40810422892081e-05,0.00020757878524091774,0.006341011732280543,7.729544568123015e-05,0.07972546497350175,6.512002209759487e-05,0.00030674184145221213,6.0728083274626966e-05,6.539729470121598e-05,4.6226810842300096e-05,0.23994058435517784,0.0004002528970518123,5.6016852794606e-05,0.012756888692097602,4.132983939127688e-05,7.563035947846653e-05,0.012553927527328606,4.222427292322478e-05,5.799134844133626e-05,0.00010756353951209101,4.903759022062566e-05,6.125672607683785e-05,0.00019792733454325416,0.0008985251668615927,0.055246455470494935,5.914629350276312e-05,6.235693161015032e-05,2.724457371681821e-05
MeusebachErnestinevon,5.210482125807162e-05,0.11943062598758812,9.89172331073066e-05,8.979472840532529e-05,0.00012050176366247507,0.0009832465670432957,0.0003249247822302189,7.404032782465878e-05,7.192034535249454e-05,0.0001733959974874118,0.0002546818184916225,6.959911765215714e-05,0.00012329519907176685,6.727697274172053e-05,0.0001398862124367743,0.000179161571217502,8.470404607764301e-05,0.0002151840449065349,0.00036672510344275353,0.010950936162879031,0.00027254565749533835,0.41778259105544735,4.992626346727274e-05,0.00010647052724356898,0.00014638080731442922,7.978773867635321e-05,0.013118439332905504,0.0009874802598637581,0.0010959542288852347,7.876909552886778e-05,0.00017911116099028802,6.865302093787412e-05,0.00011342012012887475,0.0003674036800458811,0.000378922100130585,0.00013680892852856207,0.00013352082823983954,0.00011525906048422771,0.0005429171446532676,0.00010748555663496867,0.00011574981860687527,8.181905680069487e-05,0.3053946490263406,0.011552766536091484,9.914692311856622e-05,0.09848940884079284,7.315167140243548e-05,0.00013386181233950183,0.011375460712044023,7.47347723480003e-05,0.00010264167797032685,0.00019038188420669475,8.6793990468388e-05,0.00010842122696725541,0.0003503211130581829,0.0015903429270753592,0.00018430275345782788,0.00010468587080692408,0.00011036853367914651,4.822148194586883e-05
MosengeilFriedrich,8.576712173032041e-06,2.3520331753780546e-05,1.6282267491372694e-05,1.4780657942833945e-05,1.9835188343836372e-05,0.00016184726474511853,5.348423174260479e-05,1.218740541885386e-05,1.1838445782555158e-05,2.854184174319451e-05,4.1921891298469e-05,1.1456360182927868e-05,2.02950016759038e-05,1.1074123605966175e-05,2.302596481625913e-05,2.9490883793458116e-05,1.3942706366863265e-05,3.542036174063742e-05,6.036477206735752e-05,1.754631099288775e-05,4.486236785593382e-05,0.07769424857666497,8.218110748579324e-06,1.752557719287057e-05,2.4095007365512008e-05,1.3133457769191935e-05,0.023579745785659845,0.0001625441515949993,0.0680116204617833,1.296578405163436e-05,2.9482586019874933e-05,1.130062796832019e-05,1.866951467231803e-05,6.047646914397838e-05,6.237245825533673e-05,2.251942861254169e-05,2.1978190986319765e-05,1.8972213381389835e-05,8.936685648401763e-05,1.7692656068241515e-05,1.9052994603988765e-05,1.3467822813801754e-05,0.4090609331075136,0.00011661057728152863,1.6320075607167526e-05,0.00014655631991499708,0.3659436278673677,2.2034318661413377e-05,0.02329284285433924,1.2301714433893733e-05,1.6895329600083107e-05,3.1337802997402826e-05,1.4286721585882672e-05,1.7846672048626928e-05,5.766459383776898e-05,0.030607324555996726,3.033714790567879e-05,1.7231813886226824e-05,1.8167208397802413e-05,7.937495249399969e-06
MurhardFriedrichWilhelmAugust,5.989969261566259e-05,0.00016426581816512118,0.0001137152323807587,0.00010322800270910964,0.00013852880460480082,0.0011303400666051648,0.00037353346789931066,8.511674679572807e-05,8.267961534863461e-05,0.0001993360057573022,0.000292782170135224,8.001113242548028e-05,0.00014174013742042517,7.734159507777025e-05,0.0001608131632316853,0.00020596410822165613,9.73757552726996e-05,0.0002473755371284314,0.00042158710922101305,0.00012254330258598868,0.00031331843605884044,0.0065500557744533,5.7395222993399084e-05,0.00012239849788428853,0.00016827934826872776,9.172396921853005e-05,0.389080480234354,0.07593511209315279,0.0012599087732383608,0.02502385459527839,0.0002059061566340315,7.892349982254795e-05,0.00013038774854445318,0.00042236720075500376,0.00043560877429528255,0.00015727551823564799,0.22455321044102616,0.000132501794027473,0.0006241374463110005,0.00012356537547973342,0.00013306596947199918,9.405917214821748e-05,0.2638150746767696,0.0008144073852520598,0.00011397928397404973,0.0010235482241544775,8.409514754163094e-05,0.00015388751402480909,0.0006105766436243944,8.591508008778103e-05,0.0001179968534874492,0.00021886297790159112,9.977835494710229e-05,0.00012464102191590438,0.00040272908499251904,0.0018282579267182518,0.00021187441034804368,0.00012034685718389876,0.0001268796453418052,5.5435406480390004e-05
MüchlerKarl,3.064202926647393e-05,0.04172594332589542,5.817167545437404e-05,5.280687332450676e-05,7.086519979636796e-05,0.07042874785681127,0.005180405743096264,4.354195710346217e-05,4.229522861676949e-05,0.00010197147022888281,0.00014977438838541596,4.093015096348284e-05,7.250797540712324e-05,3.956453391330307e-05,8.226489050281152e-05,0.00010536211383363505,4.981312278271794e-05,0.0015146101067277087,0.00021566528933640214,6.268772509975089e-05,0.00016027983230301973,0.11090261978315182,2.936085355235471e-05,6.261364942901434e-05,8.608426002582213e-05,4.6921919403914147e-05,0.30422844877238364,0.08247648235378574,0.0006445135161271657,4.632287132383833e-05,0.00010533246836858354,4.037376630448194e-05,6.670059615371173e-05,0.1186873456989464,0.00022283815204752255,8.0455188035747e-05,7.852150775731154e-05,6.778204817345733e-05,0.00031928106908453836,6.321057231573823e-05,6.807065533866466e-05,0.005037439073724861,0.22686904585419934,0.0031927422218165544,5.830675255237185e-05,0.0005236019296698019,4.301935218053697e-05,7.87220351655048e-05,0.00031234396315536344,4.3950349050586975e-05,0.023657445548852598,0.00011196060415933751,5.104218634421304e-05,6.376082538279507e-05,0.00020601835952617647,0.0009352557659455351,0.00010838556258307179,6.156412093161444e-05,6.490600595948355e-05,2.835829824153095e-05
MüllerFriedrichTheodorAdamHeinrichvon,0.00040114728778515354,0.004829759875654265,5.345352461992179e-05,0.002892176019118825,0.002760202994479935,0.011004292052918672,0.0025848905209023415,4.001038405460756e-05,3.886477442006893e-05,0.006074854600338562,0.0034775376524511185,3.761041460701362e-05,0.004778541888417798,0.00016396953663079682,7.559260267991055e-05,0.001726568468389909,4.5772912061809745e-05,0.0012628853224743155,0.00462930011344076,0.0010525315121525385,0.002368283641848978,0.17128423669295822,0.0010475372574884664,0.0005109211536151798,0.09240824129279049,0.0007343393886225795,0.025346827698182132,0.02106696761370505,0.19610209956275157,0.005220805299639644,0.004616880875854238,0.0073288482493239285,0.03978791638230226,0.0007854972772075532,0.0011380297018936832,0.0003304013514278171,0.0003441260436313675,0.008235900914216722,0.0004200036261391455,5.808372987587033e-05,0.0002069720544006565,0.005301785634013394,0.2770991335196412,0.0031568497583098834,0.0004853740418429944,0.004290196127285364,0.0016947098386320151,7.233709897439875e-05,0.06434362115500018,0.002047866318022748,0.004227233656182552,0.0005744016464192804,0.00014688097192598168,0.0003111061749850546,0.0037663134983490893,0.002082728071728512,9.959469609092495e-05,0.0008914255197672532,0.0021095017757262495,2.6058231628925503e-05
MüllerWilhelmChristian,3.0955932499152396e-05,8.489194780455196e-05,5.876759802910479e-05,0.00649606539943428,7.159115743797964e-05,0.0005841554317720742,0.00019304067038637617,4.398800984275899e-05,4.272850961373679e-05,0.00010301608688489667,0.0001513087079397042,4.134944782498387e-05,7.325076197903509e-05,3.996984111364543e-05,8.31076289141682e-05,0.00010644146493817832,5.0323418629488536e-05,0.00012784273332459378,0.00021787460879467004,6.332991101331901e-05,0.00016192177177953246,0.022713196506860205,2.966163215824056e-05,6.325507649621804e-05,8.69661248419492e-05,4.74025971702683e-05,0.4587840094829717,0.16165460974761656,0.0006511160447801439,4.679741231879167e-05,0.00010641151577890236,4.0787363447418185e-05,6.738389074142168e-05,0.06464545337380588,0.0002251209517826024,8.127938748384973e-05,7.932589818803201e-05,6.847642137747015e-05,0.00032255184984279355,6.385811438342619e-05,6.876798509367302e-05,4.8609421130568984e-05,0.2651929748111714,0.00042088262800336727,5.890405888459962e-05,0.0005289658152313846,4.346005124781379e-05,7.952847984012422e-05,0.0003155436787776362,4.44005854407539e-05,6.098032347355891e-05,0.00011310755155216909,5.1565072970196256e-05,6.441400435576229e-05,0.0002081288538568225,0.013830271841175544,0.00010949588651673262,6.219479641362589e-05,6.557091639716209e-05,2.864880646518233e-05
MünsterGeorgLudwigFriedrichWilhelmGrafvon,4.566686965468571e-05,0.00012523446080097908,8.669524780710692e-05,7.869989875703983e-05,0.00010561284352321855,0.0008617588877848338,0.009789215887828644,6.489207559530984e-05,6.303403327045407e-05,0.009656409650426748,0.00022321392008754946,6.099961111391066e-05,0.00010806112849272416,5.896438507563359e-05,0.00012260219449170928,0.000157024780478465,7.423820940280055e-05,0.00018859640035695326,0.0003214133950306379,9.342567185037215e-05,0.0002388705443234229,0.043011443039784686,4.375748944253881e-05,9.331527433163436e-05,0.11418155108434552,6.99293496110152e-05,0.3726662015911655,0.0008654694752798459,0.0009605406507416141,6.903656766267199e-05,0.00015698059882272066,6.0170411928716345e-05,9.940619154013022e-05,0.00032200812827292775,0.31397855942733105,0.00011990513268948655,0.00011702330249275856,0.00010101791666427381,0.000475835553784462,9.420488903126341e-05,0.00010144803784457541,7.170968275047761e-05,0.12509421924367786,0.0006208952714791457,8.689655785005329e-05,0.0007803419566384447,6.411321951209886e-05,0.00011732215538309802,0.0004654969463282322,6.550071615417052e-05,8.995950884838745e-05,0.00016685873745961224,7.606992508233393e-05,9.502495009418618e-05,0.00030703624388374936,0.0013938438210408632,0.00016153073009255332,9.175112593033774e-05,9.673165207765856e-05,4.2263346796082484e-05
MützschefahlAntonievon,2.8146054657845417e-05,7.718628417939932e-05,5.343324825646139e-05,4.8505441006404996e-05,0.1035772576398456,0.0005311314951272839,0.0001755183197931716,3.99952070369076e-05,3.885003196299897e-05,9.366529056034882e-05,0.0011319640149807745,3.759614796244919e-05,6.660177174269257e-05,3.6341768502075145e-05,7.556392836707987e-05,9.677974617928676e-05,4.5755549161828775e-05,0.00011623841600833364,0.00019809807531591492,0.0031958995100990293,0.00014722409150254732,0.2710543561351088,2.6969238287026347e-05,0.00319583146833002,7.90721876412391e-05,4.309985140698739e-05,0.03901523250861998,0.028136662411835583,0.0005920140763158677,4.254959933791378e-05,9.675251551279139e-05,3.708508412634223e-05,6.126743789476439e-05,0.00019846462976711563,0.00020468666591364357,7.390163687491146e-05,7.212546629774964e-05,6.226079924798587e-05,0.15309970927521457,5.8061697150685764e-05,6.25258976517479e-05,4.419713165044155e-05,0.27414164842661753,0.0003826790051517509,5.355732252550561e-05,0.000480951454072397,3.9515171377480644e-05,7.230965956192026e-05,0.05332197232036467,4.0370333043270874e-05,5.54451240513229e-05,0.00010284075042125084,0.05871587307075365,5.856712884929632e-05,0.000189236945024649,0.006034681890908896,9.955691713675819e-05,5.6549358974710685e-05,5.9619027691382566e-05,2.6048347038912027e-05
OsmundEmanuel,0.0002069277602429013,0.0021635389034831594,0.0015447694999084073,0.0014006345958280085,0.0029995499852511903,0.013042876460293498,0.002806301186144387,0.0012712768831289383,0.00036815258782597513,0.0027504867744241406,0.0010701038554438759,0.0028462631026788163,0.0009196802812210279,0.004057637501513442,0.00029840012734460664,0.0029254733670349416,0.0020412774384250374,0.0006652771515323728,0.002936943008202554,0.00022738771106818725,0.001995371329290386,0.2417590114602272,0.0009456215132073807,0.0009163168077802914,0.001285375221447528,0.002167463208219826,0.013398193799125505,0.016278042309565453,0.01812281717779815,0.0011114874747398021,0.0019114146276143868,0.000146448101164458,0.0021884196175295197,0.00129467657572088,0.002421349445287558,0.0006536765419193484,0.0015083048316302445,0.0014335699266305425,0.02439568836833678,0.0003209526205942392,0.004377262485852418,0.002234901863881832,0.29978980040401026,0.005101546935560565,0.0035258572212715244,0.153651431333091,0.0007956498468900976,0.003189564010365788,0.06497383667537926,0.0008590884893139218,0.0006332136015324543,0.0004061156385734641,0.0015498322094651665,0.023714519006515895,0.001607554117604438,0.044541197085928054,0.001284473304798148,0.0027764835597669344,0.002820362884260974,0.0013701501871131235
OsmundEmanuelANDOttoGeorgChristian,0.00017655593755764353,0.0004841778691737876,0.00033517867272528183,0.00030426728426556583,0.000408317336996566,0.04007749239953731,0.0011009998341272996,0.0002508838756285508,0.00024370036585073457,0.0005875481801099223,0.0008629832356580313,0.00023583494144234816,0.0004177828259050004,0.000227966409089532,0.0004740010769029637,0.0006070846884578161,0.0002870176292534043,0.0007291459768712661,0.001242639220343339,0.0003611996445174063,0.0009235144258152426,0.4235100984508982,0.000169173946717047,0.0003607728288067572,0.000496007855930227,0.00027035883949847665,0.007705732167674385,0.003346053184529507,0.0037136146277657947,0.0002669071916164086,0.0006069138746115465,0.00023262911540979921,0.00038432135767382455,0.0012449385608933519,0.0012839684511824904,0.00046357377416154433,0.00045243212516934034,0.0003905525629771464,0.0018396617275705052,0.0003642122315629728,0.0003922154851092253,0.00027724191225952976,0.042686251520434884,0.002400487434545675,0.00033595697182134263,0.003016935621198861,0.0002478726846484465,0.0004535875416155448,0.001799690900879787,0.00025323698424575656,0.00034779886484561116,0.0006451044500012883,0.00029409935571253037,0.03711316770967222,0.3318991195268295,0.005388838878023414,0.07411607542445739,0.0003547255632604558,0.0003739811301543509,0.0001633973354059433
OttoAmöne,2.042733071322443e-05,5.601885495585866e-05,3.877980933687684e-05,3.5203395178245604e-05,4.724187356230246e-05,0.0003854749390302263,0.00012738448810072276,2.9026992628931873e-05,2.81958683295e-05,6.79786879506106e-05,9.984622550006059e-05,2.7285847246026002e-05,4.833702037508987e-05,2.637546657674827e-05,5.4841411114594284e-05,0.14887090209527887,3.3207628779806545e-05,8.436139964368829e-05,0.00014377201164865512,4.179040758483251e-05,0.00010684961862810388,0.202051770174642,1.9573242369842455e-05,4.174102546947779e-05,5.738757160821115e-05,3.1280224851547936e-05,0.0008915448642174643,0.0003871347286868005,0.00042966118949170175,3.088087293074615e-05,0.02557890437287875,2.691493664691593e-05,4.446556474938984e-05,0.00014403804285942709,0.00014855375888498865,5.363498348325879e-05,5.2345906764555356e-05,4.518650845274954e-05,0.00021284686898323803,4.2138960642483545e-05,4.5378906741995566e-05,3.207658891360228e-05,0.28128284158884564,0.06404944653337316,3.8869857699163425e-05,0.2001670894277233,2.8678601094542456e-05,5.2479587195724156e-05,0.00020822228763532548,2.929924474683137e-05,4.023995189380575e-05,7.463788602661225e-05,3.402697685952733e-05,4.250578365146206e-05,0.00013734094196044908,0.07289809058980119,7.225460533861261e-05,4.104136339674431e-05,4.32692116269053e-05,1.890489469892291e-05
OttoGeorgChristian,9.336810982299832e-05,0.00025604787405195025,0.00017725260083719047,0.0001609057254366063,0.00021593053448504157,0.0017619074634204423,0.0005822419503413084,0.00013267496735904527,0.013140218179984637,0.0003107132151185537,0.00045637158759398054,0.00012471663664950626,0.00022093617077321526,0.00012055551919842251,0.0002506660790722266,0.02193342369536719,0.0001517835871167976,0.008985130619529902,0.0006571451337200242,0.00019101327626729327,0.0004883823083236083,0.23010790096292136,8.946429021176515e-05,0.00019078756323437384,0.00026230392818391186,0.00014297391618262975,0.252945480479281,0.011697221669607738,0.007967310132278043,0.00014114858058088581,0.0003209543790014503,0.0001230212990628973,0.0002032407362051925,0.000658361094417602,0.11533948414256572,0.00024515180659299816,0.00023925976625097477,0.005939560128877829,0.0009728686590383866,0.0030591184948411724,0.0002074153891086362,0.0001466138928515757,0.1671128832945517,0.028789994036613725,0.00017766418889523825,0.08026919357313773,0.00013108255866400146,0.00023987078534856414,0.0009517308792061078,0.00013391936223375732,0.00018392653942106595,0.0003411507082018133,0.00015552861785843574,0.0001942830775003331,0.0006277503572141028,0.012455282453255924,0.0003302573410683324,0.02621027372557053,0.00019777251173204048,8.640944376048785e-05
PaulusSophie,4.7471634493807815e-05,0.00013018375452768046,0.27673167735232485,8.181013624853392e-05,0.00010978668657380864,0.0008958157905731217,0.000296032308097086,6.745662484638935e-05,6.552515227586848e-05,0.00015797753867424498,0.00023203538382313726,6.341032930350774e-05,0.00011233172830948904,6.129467067982854e-05,0.00012744746046879484,0.0001632304347048507,7.7172119939316e-05,0.0001960497720183565,0.00033411572384276064,9.711787516761034e-05,0.0002483107613288083,0.0644713759637971,4.548679515127921e-05,9.700311471439396e-05,0.00013336455272193503,7.269297305082961e-05,0.002071885579331395,0.0008996730213106887,0.0009985014307581632,7.176490816144936e-05,0.00016318450698025108,6.254835998220855e-05,0.03962355701618975,0.0003347339610749771,0.0003452281574853043,0.0001246438101846727,0.010001703656884265,0.0001050101671840846,0.0004946406806339281,9.792788718468692e-05,0.00010545728684903468,7.454366535167799e-05,0.5054800821565802,0.0006454331906143098,9.033072913077358e-05,0.0008111812442112974,6.664698819765364e-05,0.00012195875304101767,0.0004838934891130674,6.808931901541866e-05,9.35147286333636e-05,0.00017345303185168514,7.907622542963973e-05,9.878035724309124e-05,0.00031917038448693965,0.09036942894585402,0.00016791446044922456,9.537715082061506e-05,0.00010055450846829888,4.393360365533205e-05
ReichardtJohannFriedrich,2.7579839312505616e-05,7.563352450905053e-05,5.235832939191899e-05,4.752965504406781e-05,6.378333517783167e-05,0.0005204467008784917,0.00017198741049653058,3.9190621803217405e-05,3.806848426362149e-05,9.178102203725767e-05,0.000134806788704367,3.6839824699356586e-05,6.526194114668328e-05,3.561067964245318e-05,7.404380569568898e-05,9.48328240237324e-05,4.4835082887431924e-05,0.09195496609598404,0.00019411292814379132,5.642307074646975e-05,0.00014426237836634342,0.5770225294886181,2.642669700527752e-05,5.635639777653969e-05,7.748148917296983e-05,4.223280991413293e-05,0.006943780634816775,0.0005226876560313466,0.0005801045046639211,4.16936272886848e-05,9.480614115768084e-05,3.6339041955572147e-05,6.003491831333882e-05,0.0059345387369162395,0.00020056897579203925,7.241495459020124e-05,7.06745153099816e-05,6.100829617514388e-05,0.0002873739367683162,0.05745755995071136,6.126806158335606e-05,4.330801612555899e-05,0.20183029349054465,0.0003749806357820357,5.247990765376259e-05,0.01769147601872126,3.872024304099975e-05,7.085500315064084e-05,0.034721529855585236,3.955820138419989e-05,5.432973219822788e-05,0.00010077189879274944,4.594132083388473e-05,5.738893149659129e-05,0.00018543005757698622,0.0008417916292865821,9.755412651822143e-05,5.541175318200379e-05,5.8419669246177184e-05,2.552433136447869e-05
ReitzensteinAnnaMargarethaFannyvon,3.086901740856421e-05,8.465359635660763e-05,5.860259601837583e-05,5.3198052836845455e-05,7.139015067023957e-05,0.0005825152963223851,0.00019249866935460962,0.001749103648543288,4.260854061316226e-05,0.00010272684822203661,0.006183294650983447,4.1233350821490974e-05,7.304509553325008e-05,3.985761763721541e-05,0.10153366775938098,0.01898011954039329,5.018212537369633e-05,0.004390581648802994,0.0002172628814186405,6.315209937889917e-05,0.006193877916483165,0.35152062625715,2.957835107969132e-05,6.307747497495934e-05,8.672194971916946e-05,4.726950471610684e-05,0.0021998887928520623,0.07384309230501268,0.007052245147171639,4.6666019044462374e-05,0.00010611274375729381,0.0036601193084609372,6.719469673254679e-05,0.00021766489782459338,0.003302775659627232,8.105117903539467e-05,7.910317455897672e-05,0.02299144509758626,0.0003216462197749789,6.367881971037512e-05,6.857490495776862e-05,4.847294027213842e-05,0.30961802702532937,0.00041970091423199535,5.873867373220251e-05,0.0005274806358800553,4.333802829498321e-05,7.930518742178617e-05,0.00031465772557864153,4.427592174645695e-05,6.0809108785099886e-05,0.0001127899790451986,5.142029351674209e-05,6.423314890830057e-05,0.0002075444896743681,0.08064844894115508,0.0009618080264979229,6.202017184482791e-05,6.538681268331771e-05,2.8568369101222034e-05
RichterCaroline,0.0003593086932876663,0.00361785162939228,0.0007208958191625139,0.004158917893815844,0.0019008469449805826,0.14509592343335473,0.04219475332425656,0.00406254077366237,0.003609685087772196,0.0008820733226236972,0.02319866066920471,0.0023929252165917235,0.010993808455356977,0.001454119463680613,0.004194353099812035,0.0023085728681726324,0.0028014030272925103,0.0014904847838316108,0.03557544522620198,0.004599965157090002,0.003666929089369924,0.1255376761508995,5.716866533058337e-05,0.001010295815557576,0.0006328000515094191,0.0016716185803038294,0.03584075682159496,0.018821849964743925,0.011403905513606183,0.005163978657235871,0.007028441325689606,0.0018738370800244362,0.000631966641193321,0.0017293697133141347,0.01726145970521323,0.0010753775216259384,0.002051226894387731,0.004100604618249836,0.003190369269283392,0.0032139720931271456,0.002368721398741618,0.0022058718593043628,0.31445470870563624,0.013522930975983666,0.002065152864817411,0.009173315258588641,0.0007469584786031168,0.000870018946437502,0.011281690848398845,0.0019832638385699516,0.003709618774215231,0.0040219785536708425,0.0014482636043488895,0.0010119406940170045,0.022421706413878726,0.058015634730525525,0.0035764851083386283,0.0016628760987457652,0.0029954200822792506,0.0008873037030948714
RichterCarolineANDJeanPaul,0.09260968682106474,6.420818707953984e-05,4.44489851635331e-05,4.034973912303021e-05,5.414810884775232e-05,0.015060712326816491,0.0245108154282186,3.327041537252917e-05,3.231778996548857e-05,7.79164143357411e-05,0.2973651093559588,3.127473394408173e-05,5.540335391640686e-05,3.0231265769435162e-05,6.285861407425211e-05,8.050720557744544e-05,3.806221392496949e-05,9.66940958518694e-05,0.00016478987705144412,4.789969931465938e-05,0.00012246984176411248,0.007433246118220298,2.2434632211356605e-05,4.7843098084527536e-05,0.00981170049403975,3.5853045028158154e-05,0.1325918460239383,0.0004437295104317252,0.0004924728657420654,3.539531230831554e-05,8.04845534735487e-05,3.084960035011219e-05,5.096593463532805e-05,0.00016509479905964486,0.01966211766081128,6.147582017188203e-05,5.999829480690253e-05,0.004924754021866926,0.005116924458111068,4.829920694383956e-05,5.201279704576178e-05,3.676582863860681e-05,0.3516410279228184,0.00031833538063688453,4.455219759257077e-05,0.019891931304390216,3.287109287951088e-05,6.0151517826903976e-05,0.00023866206492713214,3.3582467715131786e-05,0.009792046083476395,8.554911293696286e-05,3.900134156025281e-05,4.87196553875668e-05,0.00015741865666524975,0.005587590808152177,8.281742318002804e-05,4.704115321625186e-05,4.959468802269721e-05,2.1668579561362392e-05
RichterCarolineANDRichterEmmaANDRichterOdilieMinna,3.9638936574066825e-05,0.00010870376897112575,7.525165300543674e-05,6.831167362257979e-05,9.167216490815805e-05,0.0007480084830280558,0.00024718773662755664,0.1898033765353336,5.471367023202071e-05,0.0001319116500286588,0.00019375014069726888,5.294778762526696e-05,9.379728128585824e-05,5.118120724751872e-05,0.00010641895641295882,0.0001362978316886669,6.443891810718761e-05,0.00016370206253188028,0.00027898748646476785,8.109367488661448e-05,0.0002073401226632456,0.0538337643083496,3.7981590631650055e-05,8.099784961380136e-05,0.0001113597436225444,6.069881896562972e-05,0.001730029773433512,0.0007512292805882891,0.009083622998619,5.992388240237401e-05,0.00013625948192081484,5.222804103090382e-05,8.628477825005586e-05,0.00027950371613953814,0.00853813813969396,0.00010407790123394076,0.00010157646670932556,8.768375896526243e-05,0.00041302623715555977,8.17700369986736e-05,8.805710503242357e-05,6.224415178413655e-05,0.3560781912905752,0.0005389383697941854,7.542639053582614e-05,0.0006773384197158501,5.565040610438578e-05,0.0001018358716314216,0.0004040523046675112,5.685475603701065e-05,7.80850382879167e-05,0.00014483372652874166,6.602885107591906e-05,8.248185168415251e-05,0.0002665080897656597,0.3312047290023008,0.00014020900520043527,0.04132899887875485,8.396327250816021e-05,3.6684671748369125e-05
RichterCarolineANDRichterOdilieMinnaANDRichterEmma,3.713351558996442e-05,0.0001018330320803319,7.049529254718061e-05,6.399396191421024e-05,0.05602421337385123,0.0026296379331359806,0.00023156397383557919,5.276628152979478e-05,5.125543473520249e-05,0.00012357403442658953,0.00211041207657571,4.960116660958286e-05,8.786872474281789e-05,4.7946244816323726e-05,9.969263352069079e-05,0.00012768298282756364,6.03659880144003e-05,0.00015335510022521372,0.00026135378679210524,7.596806324566484e-05,0.002123143089332775,0.07555813927450034,3.558092395381641e-05,7.58782947107479e-05,0.00010432113303986998,5.686228580176539e-05,0.001620681408615925,0.006490471394377661,0.02974026967269398,5.6136329925045054e-05,0.00012764705699742075,4.892691236129676e-05,8.083105742098234e-05,0.00026183738762333003,0.00027004621401328433,9.749954721463917e-05,9.51562185094528e-05,8.214161407784707e-05,0.0003869204762297886,7.660167517381732e-05,8.249136241126858e-05,5.8309944222179476e-05,0.22326580244256977,0.01790343941761231,0.011669702464602002,0.04114159702208837,0.005838857319629844,0.03489252966445414,0.02352541117627493,5.326119094338141e-05,7.314959071087503e-05,0.00013567935739038637,6.185542758528964e-05,7.726849885792417e-05,0.2899442077104385,0.17110765620848772,0.00013134694647358452,7.460642454570788e-05,7.865628490916695e-05,3.436597820265469e-05
RichterCarolineANDUtheSpazierWilhelmine,2.8394778927197166e-05,7.786837274811266e-05,5.390543328534872e-05,4.893407942555692e-05,6.566802950126795e-05,0.5264970163890779,0.02381577458845883,4.034864124886931e-05,3.919334636111819e-05,9.449300269412557e-05,0.006048466418214984,3.792838189527125e-05,6.719032588342773e-05,3.666291759126408e-05,0.03553428952282321,9.763498049006717e-05,4.615988702276204e-05,0.00011726560491433608,0.00019984865100554198,5.809028116828655e-05,0.0001485250981635196,0.09175012524230676,2.7207563131110457e-05,5.802163812000288e-05,7.977094177698542e-05,4.348072109478869e-05,0.013058634421397031,0.02417683745865328,0.0005972456538981478,4.292560649540654e-05,9.76075091885091e-05,3.741280183190711e-05,6.180885298510925e-05,0.0002002184446669681,0.00020649546441291124,7.455469929730277e-05,7.276283285319195e-05,6.281099258735305e-05,0.09485068628484593,5.85747833852107e-05,6.307843364295682e-05,4.458769790957922e-05,0.1782456704725874,0.00038606070667651833,5.403060398805969e-05,0.00048520158079395773,3.986436355551948e-05,7.29486538174295e-05,0.0002894370247451219,4.07270822115553e-05,5.593508785393842e-05,0.00010374954530632654,4.72988125101256e-05,5.908468154036276e-05,0.00019090921566640632,0.0008666652095220668,0.00010043669306893669,5.704908080657228e-05,6.014587592223639e-05,2.6278534046072838e-05
RichterEmma,5.2284965115239445e-05,0.0005603118519635466,0.010388441594976348,0.04798090606902389,0.008458126664807938,0.039132459728378165,0.00032604815627022284,7.429631009114124e-05,7.216899812795402e-05,0.0013245778906675228,0.0002555623390274547,0.00017925499145958102,0.006056264958587988,6.750957181941894e-05,0.0554652626094475,0.00017978099290854883,8.499689639762725e-05,0.001264396552342734,0.0018063306143916056,0.004491900530555993,0.014592819547840644,0.1497323254107332,5.009887531887905e-05,0.0005594309202943208,0.00014688689490111053,0.004214381743203687,0.015223352174288456,0.025718044577420256,0.003169016935980719,7.904142673261398e-05,0.00017973040839625812,6.889037747608614e-05,0.00011381225155600805,0.0015127485779131155,0.0009592518347954364,0.00013728192291727836,0.018697434965689087,0.002094463532300248,0.002172301689382466,0.004681779770450027,0.00011615000458365928,8.210193274434138e-05,0.26873681828908275,0.007150373688050332,0.005183830513848957,0.0069439906536651426,7.340458128537012e-05,0.01318474985708893,0.0005329573010819415,0.0024473698453325978,0.0025727445525420035,0.00019104009828607919,0.0062893301413975465,0.00010879607554274538,0.0194203510153993,0.2049415797532672,0.0007712802891427111,0.005832725758925346,0.004509382656371731,0.02858704686841088
RichterEmmaANDRichterOdilieMinna,3.017821367037673e-05,8.27591719231971e-05,5.729115510462152e-05,5.2007557743412624e-05,6.9792542871454e-05,0.0005694794507389343,0.00018819082895184423,4.288288068872624e-05,4.16550234103076e-05,0.00010042797068328107,0.00014750731603766252,4.0310608367188574e-05,7.141045247406959e-05,3.8965662091801866e-05,8.101968122196994e-05,0.00010376729153225192,4.9059122352915864e-05,0.00012463088690932572,0.037897527709533065,6.173884719312576e-05,0.00015785374343940388,0.19800648870515572,2.891643057782255e-05,6.166589277487154e-05,8.478123854407749e-05,4.621168191183778e-05,0.02015968272187977,0.0005719315325898219,0.01319646673614523,4.5621701372293796e-05,0.00010373809479822027,3.976264547033762e-05,6.569097709434607e-05,0.00021279387381047268,0.00021946514403208402,0.01892180079925801,7.733296049726584e-05,0.05031359186707431,0.0003144482449235739,6.225378028922756e-05,6.704029826576762e-05,4.73881863294476e-05,0.08894735002972272,0.0004103086178516211,5.742418759701628e-05,0.0005156763859985428,4.2368186218197714e-05,7.75304526058529e-05,0.00030761614306882727,4.328509097755585e-05,5.944828932302843e-05,0.00011026590326645695,5.026958209273e-05,6.279570440548019e-05,0.00020289994568355448,0.5661980020239119,0.00010674497560103402,6.0632250551889354e-05,6.392355086218606e-05,2.792905052791465e-05
RichterMax,5.2191282740096325e-05,0.0021171950440480574,0.0006686060334889585,8.994373160903035e-05,0.00040528968099467106,0.01319676332745546,0.0007800399686770197,0.02245096523657208,7.203968823664163e-05,0.0005039508487985354,0.002767225719410252,6.971460874711767e-05,0.0004080877517632174,0.0035206062761070902,0.005013413759333499,0.0039198285704353025,0.0008436550926848346,0.0012333804927401955,0.014069669444396884,0.0016224234022928579,0.0089831174335964,0.13355914319684725,5.000910990311324e-05,0.00010664720186513303,0.003080386621511511,0.0025107596463601464,0.021025803866508944,0.02164811274836962,0.007511133719620313,0.0011092729124271969,0.002718696138218751,0.010382555167142028,0.0026131552952150814,0.0008210248351629848,0.006025601081069313,0.0005636840263988492,0.0024155790777975555,0.00011545031858560156,0.001415497240262273,0.001116783301821264,0.00011594189106042563,8.19548253675577e-05,0.3029897227284796,0.018754556421090026,0.005713450115648489,0.006994459466048688,7.327305751929238e-05,0.00038842657259028604,0.001154906284405759,0.003506531757460447,0.0014769967234169246,0.00019069779930748054,0.002062140286234067,0.0006836687209212689,0.10440583397320537,0.23612659074650624,0.00018460858099586465,0.00010485958401269796,0.00697780277274926,0.006436174793765
RichterOdilieMinna,3.1659822164704e-05,8.68222584081756e-05,0.0018544412167564258,0.00023488373485491053,0.0037891201107825606,0.008023736501960652,0.0012042786717077448,0.0011718658052885169,4.370008933734407e-05,0.00010535851216786406,0.0006487697147284716,0.0013715935010202148,7.491637015776583e-05,0.00039444069047560944,0.001277982735850561,0.00010886177798021663,0.00010704336166630618,0.0011379586575469643,0.0015359569257569938,0.0009302369257958039,0.1995977702331536,0.07144878602454953,0.0001561462099045911,0.002154788963685488,8.894359899915623e-05,4.848045836115221e-05,0.011169555336601135,0.004747753453675851,0.0012403281631347127,4.786151254922916e-05,0.0030180313206109362,0.0007816950844879561,0.0017127030460765628,0.0010946889217380463,0.0028148817354701817,0.0007693930048144176,0.003324180392967122,0.0038993278357949334,0.002653857748423101,6.531014839265324e-05,0.0016776190244777974,0.0007074749724672935,0.29685195727280034,0.007933174275896784,0.00025167705411147567,0.003937057774105183,4.444826508819858e-05,0.00016037268294803977,0.0014094616535833542,4.541018556302589e-05,0.000277232556123556,0.0002571924873647357,0.0007506243263621041,0.00042482404702995504,0.00625639864311477,0.3376233047765901,0.0014371809546488198,0.0003627875000281234,0.0045943907342181406,2.9300235679979263e-05
RichterOdilieMinnaANDRichterCaroline,3.378566168551229e-05,9.265205073138378e-05,6.413963414398444e-05,5.822444529688921e-05,7.81354147525698e-05,0.0006375539741904415,0.00021068681363086615,4.80090211725049e-05,4.663438809912762e-05,0.00011243294511492287,0.0001651400686011577,4.5129264160784e-05,7.994672628574278e-05,4.3623545487646974e-05,9.07046245192603e-05,0.00011617144222064955,5.492355937657054e-05,0.0001395290333177383,0.00023779086037229257,6.911899514344077e-05,0.00017672328885624122,0.0599477257678262,3.2373047368735104e-05,6.90373198885525e-05,9.491583146754092e-05,5.173574115569474e-05,0.0014745653058040988,0.02173526788865051,0.05696388546673356,5.107523543034641e-05,0.1477809197622265,4.451579878965792e-05,7.354355536553558e-05,0.00023823086110518867,0.0002456996026676238,8.870926074057691e-05,8.657719999724204e-05,7.473595589979834e-05,0.0073836930467179734,6.969548239234134e-05,7.505417190171236e-05,5.305288274197405e-05,0.1698965146223129,0.00045935615344233085,6.428856909521521e-05,0.000577319390300974,4.743280107403862e-05,8.679829994832466e-05,0.00034438800958346466,4.845931093760681e-05,6.655462820921891e-05,0.00012344688601846705,5.627871524165866e-05,7.030218711817155e-05,0.00022715423105385612,0.5284054235705112,0.0001195050731523228,6.788011798021632e-05,7.156485426062313e-05,3.126763772833753e-05
RichterOdilieMinnaANDWeldenLuisevon,2.3879025052372228e-05,6.548460294081195e-05,4.533260129195454e-05,4.1151864978896946e-05,5.5224537074974194e-05,0.00045061030515383807,0.00014890919549618545,3.3931809001973984e-05,3.296024603829607e-05,7.946534059631887e-05,0.00011671767366830896,3.1896454760055555e-05,5.650473557695694e-05,3.0832243135244264e-05,6.410820132583681e-05,8.210763503698538e-05,3.881886530820789e-05,9.861630987550784e-05,0.00016806578971013638,4.8851913334962704e-05,0.0001249044603955582,0.017520680031900788,2.288061771100805e-05,4.879418691019146e-05,6.708459756027367e-05,3.656577960968673e-05,0.0010421930523786065,0.0004525505566408003,0.0005022628972889862,3.6098947469187565e-05,8.208453262439715e-05,3.1462869794272154e-05,5.1979103365236324e-05,0.00016837677336413993,0.0001736555294394001,6.269791840454039e-05,6.119102082244849e-05,5.282186804142239e-05,0.00024881252416789464,4.925936290889757e-05,0.18890669977057345,3.749670874847498e-05,0.2940235879686773,0.0003246636753221972,4.543786551512464e-05,0.00040803771471282883,3.352454824458419e-05,6.13472898137184e-05,0.0002434065073263479,3.4250064736663525e-05,4.703947044614941e-05,8.724977214628187e-05,3.977666217344391e-05,4.968816958678202e-05,0.00016054803438742034,0.4927422997855658,8.446377822203726e-05,4.797629991371856e-05,5.058059728608436e-05,2.209933644613625e-05
RitterAuguste,5.916213888785011e-05,0.0001622431889787375,0.00011231503999430292,0.00010195694112451595,0.00013682307905289775,0.001116422023065782,0.0003689340953536189,8.406869176978216e-05,8.166156908075541e-05,0.00019688155219145696,0.0002891771001992925,7.902594358042968e-05,0.00013999487025510163,7.638927663883294e-05,0.00015883304709346272,0.0002034280418550195,9.617675327179189e-05,0.0002443295657450829,0.0004163960451199205,0.00012103440887228178,0.00030946050005922987,0.018782551097259948,5.6688507168511184e-05,0.00012089138717217781,0.00016620729989569487,9.059455849081632e-05,0.002582114218547218,0.0011212291467945462,0.0012443953311516381,8.943794561097935e-05,0.0002033708038338193,7.795170315775327e-05,0.2710180189759153,0.00041716653127208363,0.0004302450593692181,0.00015533896164073133,0.00015160550586328835,0.00013087027994352176,0.0006164523501094606,0.00012204389683211521,0.00013142750861279615,9.290100772326792e-05,0.21131409235605936,0.0008043794672992117,0.00011257584028147763,0.00101094512428275,8.305967161760171e-05,0.00015199267442419462,0.0006030585235814438,8.485719506655673e-05,0.00011654394087038086,0.0002161680858548621,9.854976938292546e-05,0.00012310629867546503,0.0003977702225182052,0.17418980604300666,0.00020926556956178213,0.00011886500862557596,0.00012531735760176925,0.30788343090273473
RochlitzFriedrich,3.887591010698286e-05,0.00010661128466237631,7.380310246655747e-05,6.699671364913463e-05,8.990752906861908e-05,0.005399346932967386,0.014239641050648467,5.524220329912528e-05,5.366046391251393e-05,0.00012937242751191668,0.0001900205632128422,5.192857351854819e-05,9.199173819244307e-05,5.0195998785273654e-05,0.00010437045341664821,0.00013367417772685382,6.31985064242413e-05,0.00016055089307014006,0.00027361713966547665,7.953266882541577e-05,0.00020334894593263689,0.03334469582592728,3.725046710971235e-05,0.012376384075368715,0.00010921613334700345,0.10907973967340594,0.2517945791434593,0.023132307008621927,0.0008177020293858112,5.8770382529893776e-05,0.000133636566169721,5.122268162737737e-05,8.462384646929926e-05,0.23406528394015827,0.00028271743663152465,0.00010207446218779835,9.962117882244532e-05,8.599589761966625e-05,0.00040507572238932937,8.019601136032582e-05,8.63620569922476e-05,6.104598807599207e-05,0.2828411325784023,0.0005285641197304466,7.39744764011493e-05,0.0015974474848215162,5.4579168164329684e-05,9.987559035071299e-05,0.0041288642753171565,5.576033506144333e-05,7.658194673081563e-05,0.00014204576155744792,6.4757834108349e-05,8.089412402724366e-05,0.0002613779640923028,0.0011865702094252964,0.00013751006342404472,0.020607350722139605,8.23470283622811e-05,3.597851316038608e-05
SchellingFriedrichWilhelmJosephab1812von,5.705457476832424e-05,0.00015646351417054248,0.00010831398200645996,9.832487516324334e-05,0.00013194895824598146,0.0010766511317103792,0.00035579136122578447,8.107386836278291e-05,7.875249587660644e-05,0.00018986793667661136,0.0002788755916327432,0.011950720140835524,0.00013500775905503777,7.366802109285396e-05,0.000153174853570681,0.00019618121728142215,9.275059799514844e-05,0.00023562568458419683,0.0004015625488889814,0.0001167227362018464,0.0002984364252269844,0.006238940979515507,5.466906253814851e-05,0.0001165848094393008,0.00016028640947069738,8.736726068703891e-05,0.4418469772666832,0.001081287008731717,0.0012000655790544007,8.625185043867452e-05,0.0001961260182804809,7.517478846671001e-05,0.0001241945863718465,0.24976700257138745,0.0004149182123894503,0.00014980523976940044,0.00014620478285890665,0.00012620821884319332,0.0005944921424680341,0.00011769626263893516,0.0001267455970612871,8.959154606035355e-05,0.27503339512160097,0.0007757246327102055,0.00010856549166726548,0.0009749316921993217,8.010079306838804e-05,0.00014657815910968836,0.0005815754512962474,8.183428239017593e-05,0.00011239223451317539,0.00020846741596532482,9.503907890006904e-05,0.00011872081798032188,0.00038360024380285903,0.0017414192631174342,0.0002018107916556518,0.00011463061764587714,0.00012085311118674448,5.2802333463408064e-05
SchillerCharlottevon,2.918042251191298e-05,8.002288107017668e-05,5.5396920785587584e-05,5.028801655862048e-05,0.012062033998152604,0.0005506505840909433,0.00018196862019942775,4.14650313863115e-05,4.027777111438381e-05,9.71074911378467e-05,0.00014263023824377137,3.897780686142691e-05,6.90493876715341e-05,3.767732894049111e-05,7.834090366184593e-05,0.00010033640303899939,4.7437066155011035e-05,0.004165588439987838,0.00020537818201471727,5.969755752184495e-05,0.000152634578671913,0.3643396137682937,2.796035812502511e-05,5.962701521698816e-05,8.19780915073818e-05,4.4683771475090075e-05,0.005799047521981536,0.006731859076989593,0.1767399765405928,4.411329763572565e-05,0.00010030817164517616,3.8447961423071546e-05,6.351901698923475e-05,0.00020575820734649775,0.025337300748750298,7.661752293694166e-05,0.0010860456432604704,6.454888438437708e-05,0.0003040515500758875,6.0195465233472286e-05,6.482372515773048e-05,4.582137678095634e-05,0.1431526130087295,0.00039674246328708833,5.552555478554173e-05,0.00140372173204647,4.096735441050989e-05,7.496704043816223e-05,0.0038132734592261357,4.185394327801194e-05,5.74827330405988e-05,0.2073219362294705,0.04083007419476053,0.0009658147776881701,0.0011012867112114696,0.0008906446165709176,0.00010321563506323768,5.862754861097162e-05,6.181002769065034e-05,2.7005624112241962e-05
SchlabrendorffAmanda,4.095307975377222e-05,0.00011230760724097314,7.774645874710615e-05,7.057639936308077e-05,9.47113571947064e-05,0.0007728070858991579,0.0002553827112225218,5.81938365238893e-05,5.6527583590612185e-05,0.00013628489538262877,0.00020017350741621497,5.4703156966677504e-05,9.690692720802864e-05,5.287800943866071e-05,0.00010994704666583786,0.00014081649140567553,6.657525101763096e-05,0.00016912925023097514,0.00028823671296396427,8.378216022401407e-05,0.0002142140358311242,0.17700254854142272,3.9240788092451775e-05,8.368315807160743e-05,0.00011505163498551932,6.271115698107589e-05,0.0017873851674965384,0.003297299736049288,0.010188532096001818,6.191052907271047e-05,0.00014077687023424353,5.3959548731214814e-05,8.914536338805088e-05,0.00028877005711669217,0.00029782324576558823,0.00010752837886744307,0.00010494401469324307,9.059072428204941e-05,0.24874773221262667,8.44809456585282e-05,9.097644783029946e-05,6.430772196571365e-05,0.4453606912577917,0.00366585224574274,7.792698932225523e-05,0.0006997941095388802,5.7495374914113126e-05,0.03771638011496184,0.04346609926677284,5.8739652463034665e-05,8.067377878834259e-05,0.00014963537537099596,6.821789477397757e-05,8.521635901982904e-05,0.006493436669547013,0.001249969564347665,0.00014485733141305057,0.014548114345795319,8.674689314606936e-05,3.790087266959642e-05
SchragJohannLeonhard,5.67479062230935e-05,0.010193921311209077,0.00010773179396238202,9.779637860448808e-05,0.00013123973211934197,0.004262595333811396,0.0020069736011836606,8.063809602782118e-05,7.832920092713332e-05,0.0206167687833053,0.0026909641173481057,7.580112754197054e-05,0.00013428209186301348,7.327205521368814e-05,0.00015235153818008888,0.00019512674253071937,9.225206319628345e-05,0.00023435919567942718,0.004226115234281413,0.0001160953510736298,0.0002968323283646407,0.031083583224735162,5.437521612976183e-05,0.059748683533411576,0.0001594248694414844,8.689766134562794e-05,0.3333681594337806,0.012555608343783138,0.0036512390030541894,8.578824643137288e-05,0.00019507184022460731,7.477072370747332e-05,0.00012352704002200796,0.0017539789856068706,0.09117982547856239,0.14821045326947757,0.00014541893162353808,0.00012552984921155615,0.0005912967450573607,0.05956539341146511,0.00012606433901978884,8.910999117703588e-05,0.20030321695305625,0.0007715551100105999,0.00010798195175785328,0.004275880670452526,7.967025101664448e-05,0.00014579030097562474,0.0005784494811472254,8.139442282707338e-05,0.00011178812584715967,0.0002073469028523677,9.452824350808341e-05,0.00011808269315533692,0.0003815383911084019,0.0017320591282951959,0.00020072605792237613,0.00011401447766244719,0.00012020352527808175,0.0016813791932118187
SchubaertHenrietteLuiseEleonorevon,7.482470892933745e-05,0.0002051954107696168,0.00014204929595076714,0.00012894899654370366,0.0001730455872184717,0.001411983313797241,0.00046660561666427773,0.00010632501647157272,0.000103280632716194,0.0002490039257067377,0.0003657337743055388,9.99472523716725e-05,0.00017705707764040232,9.6612554874975e-05,0.0002008824687636301,0.0002572835314274426,0.00012163856318603157,0.00030901331465319485,0.0005266326312929136,0.0001530770283926089,0.000391386996436236,0.21063015886589384,7.169620855938341e-05,0.00015289614316293278,0.0002102089794319536,0.00011457853953703633,0.14342204237076622,0.0014180630742750345,0.0015738362438679468,0.00011311572524896976,0.0002572111402266425,9.858861780473666e-05,0.00016287605005571088,0.0005276070957587601,0.0005441480301551199,0.00019646335999086486,0.0001917415100527265,0.00016551684554268092,0.000779651793069623,0.00015435376794567667,0.00016622159479227412,0.00011749559756980341,0.4541324528197204,0.01659025734125755,0.0001423791404415745,0.12586199570602816,0.00010504886857344052,0.0001922311775228516,0.016335638740607956,0.00010732226793644659,0.00014739775500062299,0.0002733963715301684,0.0001246398109965069,0.00015569742979071804,0.000503075813014509,0.01785672580462364,0.0002646664847779537,0.00015033330166023526,0.00015849384391124102,6.924807078542647e-05
SchubaertMarievon,7.367733716177343e-05,0.0002020489177926365,0.00013987109366828083,0.00012697167594724563,0.00017039208379537762,0.0013903317789806815,0.000459450625768784,0.00010469461491263756,0.00010169691413164702,0.0002451856672937537,0.0003601255652916007,9.841464827260207e-05,0.00017434206150417067,9.513108545876304e-05,0.015531931491274319,0.0002533383124691197,0.00011977334172050596,0.0003042748645060744,0.0005185571783887925,0.00015072972543408834,0.0003853854175951248,0.008056646814855755,7.059680962125849e-05,0.00015055161392192704,0.00020698560774444808,0.015446950957664513,0.0032156257945769088,0.0013963183116247075,0.13955686725777355,0.0001113811940830582,0.0002532670313243586,9.707684718389616e-05,0.00016037848763120815,0.0005195167002904432,0.0005358039938586983,0.00019345076541028096,0.3222055183067457,0.0001629787888185141,0.0007676965116031286,0.0001519868872976644,0.0001636727313519334,0.0001156939048750551,0.4165004682718464,0.0010017308084576814,0.00014019588028099078,0.0012589765375965395,0.00010343803563148364,0.0001892834797757932,0.0007510165623730702,0.00010567657439452437,0.0001451375387550811,0.0002692040761970265,0.00012272856800875319,0.0001533099452581306,0.0004953615834096567,0.06358529660165824,0.0002606080546577455,0.000148028071362413,0.00015606347880272863,6.818621190866814e-05
SchwendlerAugusteSophieHenriette,2.928602826515596e-05,8.031248882443861e-05,5.559740566700132e-05,5.047001199976259e-05,0.021269250256081104,0.007818095231790908,0.00018262717588671777,4.161509589860591e-05,4.0423538858347967e-05,9.745892915225385e-05,0.0008254636183113606,3.91188699543852e-05,6.929928167471524e-05,0.00037487922497153766,0.009970040496598822,0.0036222109363617397,4.76087438303734e-05,0.00012094631301258211,0.0002061214583535874,5.9913606673507736e-05,0.0019112841189170742,0.19177880185785098,2.806154838981759e-05,5.984280907168818e-05,8.227477528910306e-05,4.484548480677461e-05,0.011462419355127778,0.008213028344248974,0.021677383464677794,0.0017296006436277656,0.00010067119312023157,3.858710697262905e-05,0.000449881772153901,0.00921679086375906,0.00021297690053965018,7.689480648957232e-05,7.504669731907443e-05,6.478249078790408e-05,0.21389282981253774,6.041331634392818e-05,6.505832622700915e-05,0.00029884564069751913,0.3538304029125387,0.00039817829879158805,5.572650520135451e-05,0.023724565887908187,4.111561779905842e-05,7.523835079258349e-05,0.09008665257068754,4.200541528648813e-05,0.00039475630605361573,0.0001070060141735387,4.878341767095357e-05,6.093921907493453e-05,0.0001969014339016378,0.0198157573341905,0.0008251466270791611,0.003666626966589204,6.203372200246422e-05,2.7103359135612702e-05
SchützFriedrichKarlJulius,4.4400854150087046e-05,0.01860365862280009,8.429180897434346e-05,7.651811373892589e-05,0.26809017720776274,0.0008378684805506403,0.00027688297392091814,6.309308270504897e-05,6.128655059775913e-05,0.00014775850312421485,0.0002170257953965004,5.93085284093449e-05,0.00010506536668223236,5.73297246250849e-05,0.00011920331297655388,0.00015267160698102258,7.218011510274724e-05,0.00018336797176596715,0.0003125029016122934,9.083564652162751e-05,0.00023224837348070698,0.0233371474956312,4.2544407387748107e-05,9.072830953608256e-05,0.00012473764843657598,6.799070915890004e-05,0.4547443146977549,0.0008414762000072827,0.0009339117321003432,6.71226776652601e-05,0.00015262865016642927,5.850231698382832e-05,9.66503691968312e-05,0.06499971720813677,0.00032289650930405003,0.000116581021398003,0.00011377908373032871,9.821741271674516e-05,0.00046264403894480616,9.159326158615043e-05,9.86356097146529e-05,6.972168640042258e-05,0.14010814773243696,0.0006036822887113653,8.448753813036833e-05,0.000758708658287509,6.233581872755166e-05,0.00011406965156860256,0.000452592047090533,6.368485001662838e-05,0.018569361592838514,0.0001622329387066218,7.396105041419668e-05,9.239058822413393e-05,0.00029852432598419026,0.001355202506193357,0.0001570526388567699,8.920752377694883e-05,9.40499755747194e-05,4.109168662483228e-05
SedlnitzkyvonCholtitzJosefGraf,2.1334349379959824e-05,5.8506216023607584e-05,4.0501718648219984e-05,3.676650379030035e-05,4.933951724243446e-05,0.0004025908789524578,0.0001330406411332425,3.0315855306256013e-05,2.94478272495714e-05,7.099709205719647e-05,0.0001042796187614228,2.8497399217121954e-05,5.048329099605712e-05,2.7546595632463735e-05,5.7276491071411364e-05,7.335780957553185e-05,3.468212094934902e-05,8.810723238625087e-05,0.0001501558069741504,4.364599411750583e-05,0.00011159397803510688,0.07781668000850922,2.0442337624979727e-05,4.3594419327001415e-05,5.9935706722779197e-05,3.2669136023464616e-05,0.11193666116049653,0.0004043243669410608,0.00044873909666967723,3.2252051994055554e-05,7.33371690786692e-05,2.811001936699688e-05,4.6439934177330713e-05,0.00015043365055911323,0.6395470011324472,5.6016495384755834e-05,5.467018080844231e-05,4.7192889375769846e-05,0.0002222977407605769,4.4010023701878615e-05,4.7393830574622824e-05,3.3500860411346216e-05,0.06288092007972038,0.0002900657905887784,4.0595765356969424e-05,0.00036455504974727,2.995199441713493e-05,0.008935252175530924,0.00021746781777173832,3.0600196020382785e-05,4.202669476435552e-05,0.09332259694839427,3.553784989611964e-05,4.4393134463829e-05,0.00014343918356695052,0.0006511668367908992,7.546286963509717e-05,4.2863690710660975e-05,4.519046033000285e-05,1.974431383915787e-05
SpazierRichardOtto,1.9126299385096107e-05,5.2450973949444736e-05,3.6309895496716745e-05,3.2961265718142996e-05,4.423300478904456e-05,0.0003609237639928531,0.00011927127878995666,2.7178242672230885e-05,2.64000532748824e-05,6.364907661223111e-05,9.348694786390589e-05,2.554799208619242e-05,4.525840091671609e-05,2.469559421397618e-05,5.134852235000102e-05,6.576546597171804e-05,3.109261111147191e-05,0.012020997694584827,0.00013461506922240674,3.91287465853403e-05,0.00010004428986609724,0.12947290150916874,1.832660854020912e-05,3.9082509652291963e-05,5.3732516057602446e-05,2.928796492027773e-05,0.0008347617330750329,0.00036247784045705664,0.0004022957605055399,0.10352632826668856,6.574696171290887e-05,2.5200705048875706e-05,0.023925652186922528,0.00013486415671476866,0.00013909226355141236,5.021893295884104e-05,4.901195845990087e-05,4.230854735586949e-05,0.016121969609971226,3.94551000490314e-05,4.248869166023118e-05,3.0033607984670965e-05,0.3230777825497588,0.00026004473130954294,3.639420861429485e-05,0.1913989738715504,2.685204044426915e-05,4.913712468863422e-05,0.00019496046095658444,2.743315485768845e-05,3.7677040528087016e-05,6.988414559184127e-05,3.18597743249797e-05,3.979855983776057e-05,0.00012859359897013272,0.19563659185739185,6.765265775834334e-05,3.842740955823835e-05,4.051336453849576e-05,1.7700828411282948e-05
StudnitzAugustvon,8.378553650252396e-05,0.00022976912072486907,0.00015906077873661318,0.00014439161891133316,0.00019376911146004155,0.00744865910258721,0.0005224851855317967,0.00011905824527995665,0.0001156492734321027,0.0002788240382769287,0.0004095331734096185,0.00011191669545713916,0.00019826100834792126,0.00010818264259101602,0.01179526259102823,0.000288095189708921,0.0001362057055987008,0.00034602000762999066,0.0005897008913764361,0.00017140916595076954,0.00043825856385876395,0.2371734187422978,8.028237443620057e-05,0.0001712066183400851,0.00023538310233838707,0.0001283001904605103,0.038367763953003294,0.0015878869049093984,0.3037445713529567,0.00012666219304384202,0.00028801412911164115,0.00011039535407498833,0.00018238169493204763,0.0005907920553681422,0.0006093138923720234,0.00021999134050047905,0.00021470401314548798,0.0001853387457490202,0.0008730210207591057,0.00017283880476872735,0.006053707949757355,0.00013156658836277547,0.1664519720204978,0.0011391637707189048,0.00015943012461206184,0.04250476284685282,0.00011762926897210954,0.00021525232201670608,0.012424375577395912,0.00012017492518700835,0.0001650497564067723,0.00030613766487392545,0.01187472648700422,0.000174343380331742,0.0005633229650738756,0.1361929452068293,0.012031522419194507,0.00016833685708946358,0.0001774746862963601,7.754105355760167e-05
ThieriotPaulEmile,5.1869968468906607e-05,0.00014224551807659946,0.03758689405296594,0.0013512227698629106,0.002379855642366769,0.0009788147660480802,0.00032346024421755316,7.370660482013702e-05,7.159617777460218e-05,0.00017261444728424973,0.00025353388757125473,6.928541257632404e-05,0.00012273946889760043,6.697373430210063e-05,0.00013925570135616262,0.017580244345655933,8.432225834678472e-05,0.00021421414285313756,0.002070265992025586,0.00010611602436752511,0.0002713172086437328,0.20103000226905796,4.9701230122089553e-05,0.00010599063114790494,0.014260086119435885,7.942811028656371e-05,0.018051752504090458,0.005560708587093532,0.035201386114442464,7.841405848357532e-05,0.00017830385075078434,0.0023282405982049796,0.00011290890003605905,0.00036574767630333113,0.0493209060039246,0.0001361922877327234,0.00013291900794439252,0.00011473955170984407,0.009683947359879376,0.00010700108548314095,0.00011522809783154572,8.145027262233026e-05,0.3129356901682046,0.0021043262690100895,9.870003680614236e-05,0.16598372769874098,7.282195385142704e-05,0.00013325845512165619,0.0005287271080981628,7.439791926397172e-05,0.0315808142482624,0.00018952377327889828,8.640278270196458e-05,0.00010793253845546039,0.009469736781150333,0.07266499412673867,0.00018347204308102844,0.0005475750779936818,0.00010987106804459001,0.0019224252661305691
ThüngenJohannHansCarlMoritzFreiherrvon,3.0955932499152396e-05,8.489194780455196e-05,5.876759802910479e-05,5.33478377658645e-05,7.159115743797964e-05,0.0005841554317720742,0.00019304067038637617,4.398800984275899e-05,4.272850961373679e-05,0.00010301608688489667,0.0001513087079397042,4.134944782498387e-05,0.2899955410370577,3.996984111364543e-05,8.31076289141682e-05,0.00010644146493817832,5.0323418629488536e-05,0.00012784273332459378,0.00021787460879467004,6.332991101331901e-05,0.00016192177177953246,0.0678122194385391,2.966163215824056e-05,6.325507649621804e-05,8.69661248419492e-05,4.74025971702683e-05,0.14953356652288774,0.07789928144592714,0.0006511160447801439,4.679741231879167e-05,0.00010641151577890236,4.0787363447418185e-05,6.738389074142168e-05,0.00021827775712172944,0.0002251209517826024,8.127938748384973e-05,7.932589818803201e-05,6.847642137747015e-05,0.00032255184984279355,6.385811438342619e-05,6.876798509367302e-05,4.8609421130568984e-05,0.2845211274961766,0.00042088262800336727,5.890405888459962e-05,0.0005289658152313846,4.346005124781379e-05,0.012964963603176954,0.0003155436787776362,4.44005854407539e-05,6.098032347355891e-05,0.00011310755155216909,5.1565072970196256e-05,6.441400435576229e-05,0.10973432740221986,0.0009448367178387148,0.00010949588651673262,6.219479641362589e-05,6.557091639716209e-05,2.864880646518233e-05
TieckLudwig,0.04685836178869537,9.749347080643641e-05,6.749117261399083e-05,6.126689277747885e-05,8.221828569357443e-05,0.010671222713379183,0.029008613660482914,5.0517674106286766e-05,4.907121125575134e-05,0.0001183079917359071,0.00017376926177076332,4.7487438899018516e-05,8.412424510501515e-05,4.590304073034996e-05,9.544428420926336e-05,0.00012224183945498034,5.779352308336416e-05,0.00014681995302890202,0.0002502163321884333,7.27307240583796e-05,0.0001859577490936995,0.06550851063901432,3.406466153360684e-05,7.264478096251503e-05,9.987554264802543e-05,5.44391293036277e-05,0.22450663068619117,0.016281360793038515,0.0007477689550665661,5.374410965599545e-05,0.00012220744458525405,4.684191764203051e-05,7.738648428644765e-05,0.075687429894275,0.00025853833618077815,9.334465512637037e-05,9.110118614541387e-05,7.864119225846827e-05,0.00037043206298682975,7.333733494639886e-05,7.897603625002426e-05,5.5825096519422624e-05,0.4337539008072908,0.00048335924981547293,6.764788997971835e-05,0.0006074865119551255,4.991134432832238e-05,0.08252245636936388,0.000362383585612739,5.099149321468054e-05,7.003235925301363e-05,0.00012989745270808371,5.921949096781152e-05,7.39757422888045e-05,0.0028402911597811926,0.005882909696941901,0.00012574966521113957,7.142711087775227e-05,7.530438856505095e-05,3.290149005866884e-05
TruchsessvonWetzhausenChristianFreiherr,0.003383053557772114,0.043013137045713704,0.001077568792982777,7.070756987805821e-05,9.48873839913347e-05,0.002975260965734988,0.0040934363064481,0.0003071030092568493,0.0010760986009921763,0.00132504945251115,0.0005270695097248423,0.012719626523352316,0.0005289334452014971,0.00014658053122887775,0.00011015138991459465,0.00023904753644214306,6.669898515594835e-05,0.0001694435871913579,0.004093868657242586,0.0005326059710760951,0.0010072164649038238,0.10914060886177332,3.9313719475019595e-05,0.0009483473945650501,0.003554553366608892,0.004641713458657724,0.012729347300318097,0.01638603540201212,0.2497854087338031,0.0007097952094380082,0.06963938626398428,5.4059835822351515e-05,0.04521979444472405,0.0018677562898423811,0.004846917526233388,0.0006417948985963016,0.009677337544185451,0.009548182854916555,0.0020059996263850776,0.006574061460284875,0.006753350312304069,0.010705207990373652,0.27484297551730963,0.001097025454956799,0.006527260014167726,0.002910058804091988,0.005145177295500147,0.0002704437761573336,0.0027728056161013905,0.014955306122168232,0.00033610313735642607,0.007416796462108033,6.834468186525643e-05,0.0009974101530355183,0.002471260915077639,0.03512283020897651,0.00034106521564958433,0.001573739413216827,8.690811750363578e-05,3.797131373815522e-05
UnbekannteKorrespondenten,0.0011129058881513417,0.0020069411082547736,0.0001956140538300982,0.002885908888861932,0.00023829860321833055,0.015562753086814485,0.01282276846105078,0.002006928699227023,0.00014222628216865207,0.01544090863149366,0.007154577931620745,0.00013763593177103085,0.0002438227693050561,0.007336598319306707,0.0021371424143946517,0.0039454677991064765,0.0006724396514820639,0.0004255378160250619,0.0009776847274365343,0.0009982500437857764,0.0009006472736273022,0.1069062060939547,0.001796968660337922,0.0002105510919917151,0.0017361711333048796,0.0017326841827288914,0.22058632787048732,0.022308176655219697,0.03749027545656387,0.0001557700474316436,0.005527310111025953,0.005166340158102845,0.01046410926830933,0.04490284160104439,0.00778104740688276,0.00027054688317649096,0.005398003010976058,0.0020214957745783232,0.0029552527152412007,0.004094242564969803,0.00022890138084661927,0.0005327321020694961,0.293029939976329,0.02684101922006467,0.0044204649577821,0.015456512755539225,0.0001446612944779254,0.005791755035028671,0.002829069417813334,0.0028561270302076285,0.00020297934029268793,0.044060205917994935,0.00594130247446217,0.00021440870374215306,0.0006927785069892079,0.01813534799977385,0.0023754454847329277,0.011658241622875098,0.0056433671838422884,9.536052787579976e-05
UtheJohannAndreas,4.099163965268633e-05,0.08542645022648508,7.781966192518809e-05,7.064285147954e-05,9.480053389109662e-05,0.137275993731665,0.00025562317009859083,5.82486296790629e-05,5.658080786390783e-05,0.00013641321617855108,0.00020036198335642903,5.475466342762258e-05,9.699817117160076e-05,5.292779740847871e-05,0.00011005056872158628,0.00014094907898411135,6.663793580140927e-05,0.00016928849605159563,0.00028850810594788765,8.386104639444295e-05,0.008745819419268653,0.3713328110455866,3.927773576113146e-05,8.376195102528653e-05,0.00011515996333204707,6.277020347742039e-05,0.09563450866501684,0.0007768654416064363,0.00939360721760256,6.196882172755148e-05,0.00014090942050685586,5.40103550382627e-05,8.922929935139168e-05,0.00028904195227766165,0.0002981036650727573,0.00010762962359542093,0.00010504282607989684,9.067602114352784e-05,0.02602133207377796,8.456048977936958e-05,9.106210787474527e-05,6.436827172835187e-05,0.17200729365585726,0.03468294472280456,7.800036248122189e-05,0.000700453009682331,5.7549510423775573e-05,0.00010531108335442851,0.00041784083795537517,5.879495953822517e-05,8.074973822225577e-05,0.00014977626648304354,6.82821262101097e-05,8.529659557857844e-05,0.017338410217079152,0.0012511464892660535,0.00014499372369636209,0.03420797268503013,8.682857079890859e-05,3.7936558723677896e-05
UtheSpazierWilhelmine,6.107969908400667e-05,0.04975559630872431,0.00011595538928138792,0.00010526156424493527,0.03797404321876651,0.0011526074361320965,0.000380891968235737,8.679352187415479e-05,8.430837964860497e-05,0.00020326286691294665,0.00029854989346549436,8.158732839041442e-05,0.00014453237677385965,7.886520193581205e-05,0.00016398113562890332,0.03470608728149135,9.929402924146502e-05,0.007818805850461758,0.00042989225227146676,0.00012495736989400524,0.0041027692615489796,0.2614778862252747,5.8525892140882375e-05,0.0001248097125819295,0.00017159440233286002,9.353090465097928e-05,0.14282543084062937,0.008724127455532941,0.003176367880339716,9.233680369409796e-05,0.00020996244784505678,8.047826974252928e-05,0.005807874164718348,0.0004306877113810796,0.008010747227482337,0.13655675821612973,0.00015651933570491578,0.00013511204071142227,0.0006364327719065474,0.002282003686102391,0.00013568733024760322,9.591211039706859e-05,0.22538658509142204,0.008397008060557628,0.00011622464261402774,0.013979736478203436,8.575179741281121e-05,0.00015691905315326176,0.0006226048253634809,8.760758209914149e-05,0.00012032135707468516,0.00022317451471133757,0.00010174395942847698,0.000127096413682695,0.00041066273046764124,0.021003946216537676,0.019620085253407433,0.0001227176551583236,0.00012937913733695086,5.652746781435815e-05
UtheSpazierWilhelmineANDMahlmannErnestineANDRichterCaroline,2.264126850197377e-05,6.209024341137296e-05,4.298281003905981e-05,3.9018779966965835e-05,5.236200259723256e-05,0.16064288028738125,0.047263433839418105,3.217297174764938e-05,3.125176923293366e-05,7.534629697385041e-05,0.0001106676751941934,3.024311900923834e-05,5.357584269144263e-05,2.9234070227412957e-05,6.078518684131394e-05,7.785162948894236e-05,3.680671009211809e-05,9.350458595642732e-05,0.00015935418897872607,0.16026194682790615,0.03781622472242306,0.011900280583176907,2.1694613073597205e-05,4.626496620972336e-05,6.360730316157191e-05,3.467041189123711e-05,0.0009881715303720687,0.056975784766824675,0.0004762283674127428,3.422777774619933e-05,7.782972457761094e-05,2.983200868931572e-05,4.928479421597029e-05,0.00015964905296059198,0.00016465418752510043,5.944800518440839e-05,5.801921683621207e-05,5.0083874633854086e-05,0.00023591545944542217,4.6706030058196224e-05,5.029712527277971e-05,3.555308681374288e-05,0.3306174994245288,0.18408458367044853,4.308261794726457e-05,0.00038688729700994,3.1786821134793296e-05,5.816738570751707e-05,0.00023078966060869398,3.247473086577063e-05,4.460120453938401e-05,0.004794951553937974,3.771486006677559e-05,4.711260977022917e-05,0.00015222611250071059,0.0006910566115136638,8.008564324640754e-05,4.548947395026966e-05,4.795877895486661e-05,2.0953829107135944e-05
ViewegEduard,2.164269089296596e-05,5.935179583706693e-05,4.1087082700571714e-05,3.729788345436904e-05,0.02195931267653359,0.0031494796671458006,0.00013496345358220632,3.075400490841761e-05,2.9873431398409674e-05,7.202320025454863e-05,0.00010578675332887314,0.001489526604609004,5.121291691761791e-05,2.7944721622819024e-05,5.810429789139485e-05,7.441803679842446e-05,3.5183375403249975e-05,8.938063036323717e-05,0.000152325981835567,4.427680181748146e-05,0.00011320682572110382,0.1333278168762133,2.0737787052586337e-05,4.422448162580946e-05,6.080194670811259e-05,0.0027742115118244187,0.17059430385005783,0.012005024464855144,0.004869537319048443,3.271818509857576e-05,7.439709798817439e-05,2.8516288419213357e-05,4.7111122190291356e-05,0.00015260784104387227,0.23566167815190783,0.013762177164993785,5.546031909513544e-05,4.7874959714738096e-05,0.00022551057001087246,0.07432284120348544,4.807880508058373e-05,3.3985042319229705e-05,0.2801676877005878,0.03428384404270934,4.118248864948135e-05,0.0003698238982887067,3.038488520333373e-05,5.5601953080057e-05,0.00022061084101410004,3.104245514772566e-05,4.263409902213245e-05,7.90785991011847e-05,3.6051472046521254e-05,4.503474044880081e-05,0.001606129621887142,0.006838215403454195,7.655352091227777e-05,4.3483191920253395e-05,4.584358992225962e-05,2.002967485457991e-05
VoßErnestine,1.1957818725320244e-05,0.01812649965953758,0.00175752306160382,0.013590887847507506,2.7654604913053835e-05,0.005430116624489189,7.456875489561773e-05,1.6991917391011143e-05,1.6505391087093176e-05,3.9793590220393586e-05,5.84483152350506e-05,1.5972679921587987e-05,2.8295685593088366e-05,1.543975826055025e-05,3.210324745584767e-05,0.04527538465331754,1.9439192071707238e-05,0.000803288221262176,8.41617378797445e-05,2.4463407645971116e-05,0.0008164524496112503,0.3893863568661886,1.1457849653053796e-05,2.4434500179206403e-05,0.001768415735308878,1.8310921956137715e-05,0.0005218954948871964,0.014550807045690747,0.010660448542488784,0.003487721163928509,4.1105194166110484e-05,1.5755555042683138e-05,2.602940003551074e-05,8.431746811382887e-05,0.005364292146825585,3.139702484050675e-05,3.064242082779025e-05,2.6451428456010892e-05,0.00879870704719296,2.46674447929709e-05,0.13091448001700265,1.877710019680431e-05,0.24556149261166305,0.00016258073215654102,2.2753766449998487e-05,0.03369284120612246,1.678797479703494e-05,3.072067512275813e-05,0.00012188985458108776,1.7151289240379558e-05,2.3555796741971004e-05,0.001778513781679493,1.9918824773002744e-05,2.4882176864783002e-05,0.029572371232314286,0.03504458182756922,4.229664094826335e-05,0.0017588469376336872,2.5329074869634832e-05,1.1066610072780494e-05
VoßHeinrich,0.01546279288780015,0.092530768726777,3.33190696900368e-05,3.0246264675532696e-05,0.0015115649865163926,0.0047441209640514,0.00010944697018975766,2.493958600708933e-05,2.4225495635646473e-05,5.840633773074844e-05,8.578648019705745e-05,2.344361825104468e-05,0.0007770182065278878,2.2661431915350604e-05,4.711897325110175e-05,0.0011279921562188796,2.8531530104844872e-05,7.248213443907229e-05,0.0573729487565141,3.590573358930846e-05,9.180369760194301e-05,0.22448127284129996,1.6817056033346767e-05,3.586330516660397e-05,4.93065987288827e-05,2.6875531612210947e-05,0.005178929164341104,0.008422985606155479,0.2494521141258732,2.6532414028407064e-05,6.0331421207716637e-05,2.3124937052971608e-05,3.820419120222218e-05,0.007597261756035935,0.00012763531150987567,4.60824275070197e-05,0.0015159503004432567,3.882361594684032e-05,0.009431138863332442,3.6205205500520446e-05,3.898892186549363e-05,2.7559756473961307e-05,0.22510924216927786,0.00023862499207173487,3.339643798322352e-05,0.00029990418959463,2.4640252874404187e-05,4.508972717965195e-05,0.00658476420633376,2.5173501218243492e-05,3.457360374896111e-05,0.0074627388763817805,2.9235502513049957e-05,3.6520374698333954e-05,0.006737390849354849,0.06494553937583261,0.007416957294234572,3.526216530131034e-05,3.7176301335212186e-05,1.624282106403334e-05
VoßJohannHeinrich,3.6068236657208174e-05,9.891166624651933e-05,6.847293757173907e-05,6.21581158229439e-05,8.341427960883428e-05,0.0006806274163547066,0.00022492091246653848,5.125253290727634e-05,4.9785028985970645e-05,0.00012002896702807156,0.00017629700822015533,4.8178218176345864e-05,8.534796418919072e-05,4.657077245136922e-05,9.683267101637885e-05,0.00012402003873200263,5.863422051905075e-05,0.000148955679515778,0.06781431987478814,7.378870650951533e-05,0.00018866279620743248,0.5594412227815015,3.456018546208453e-05,7.370151323652963e-05,0.00010132838905904772,5.523103182081034e-05,0.15921526971346225,0.015696994472170888,0.0007586464273069019,5.452590202234557e-05,0.00012398514353495184,4.7523306800249735e-05,7.851219207212066e-05,0.00025432584856187774,0.0002622991817679269,9.470249953545044e-05,9.2426395779545e-05,7.978515173945826e-05,0.00037582057832270745,7.440414150429967e-05,8.012486656203542e-05,5.6637160103487854e-05,0.1813748019403188,0.007997108663042828,6.863193463734412e-05,0.0006163233560436607,5.063738311173353e-05,9.266243334585866e-05,0.0003676550232221071,5.173324445773204e-05,7.105108975598302e-05,0.00013178701488681405,6.008093134284264e-05,7.505183548276847e-05,0.00024250087624744986,0.0011008744234197977,0.00012757889131540315,7.246613023060968e-05,7.639980900293055e-05,3.338009383374397e-05
WagnerJohannErnst,0.0018239684125700686,0.006561980458439168,0.00010224702781264048,0.004360266558902854,0.003219239226247439,0.011939917753159737,0.00033586254085442394,0.006581350179012564,0.00193852439758162,0.0096703554944393,0.011149805525028032,7.194199326820535e-05,0.0004618380767327459,0.0033978464887033663,0.009854795121230655,0.00034692667943462814,0.027151732046675262,0.00043845759229525045,0.004077019983603917,0.0004892872267192813,0.0008052819137280791,0.15859649288187117,0.019678275372748927,0.002228905101748118,0.000536279760156254,0.0006264430970393848,0.17643701206099793,0.04298406125808666,0.08262532190165357,0.0002113753694806093,0.0061338204679587975,0.0035232131994078816,0.00011723811729296614,0.006465237835292611,0.004390994686053001,0.007566258682611667,0.005124315106534197,0.0053777334978362306,0.003904230344885173,0.008073070879767065,0.00011964623908926402,0.00021452799986857907,0.2569256161596854,0.003216118648690271,0.0009066699983968376,0.004368018282032931,0.024870018642160794,0.0013835446974539594,0.0038863068202305362,0.00019327342539466664,0.006559963448378067,0.012258095787665726,0.0020409036843273753,0.0021387600494596946,0.0035098579158551455,0.008505095272081205,0.000406536761450529,0.0068170614744713694,0.011112444304371968,0.0111886160710743
WagnerJohannFriedrich,7.979529397015107e-05,0.0002188264860361878,0.0001514855920034225,0.00013751504327371317,0.00018454095846033296,0.001505780980876267,0.03371246596012647,0.0001133881583654752,0.00011014153702615515,0.0002655451886923462,0.00039002936935022127,0.00010658672113296392,0.00018881893109873896,0.00010303050058953628,0.00021422703646707645,0.0002743748063666965,0.00012971897981858452,0.00032954098500708736,0.0005616166935975321,0.00016324589370873146,0.00041738672804217034,0.025333079812349973,7.645896817245285e-05,0.00016305299232249957,0.00022417310469966317,0.0001221899607208983,0.05330493801614368,0.0015122646181871958,0.3836493201400661,0.00012062997207797234,0.000274297606238138,0.0001051378328416772,0.00017369586171282381,0.0005626558914725164,0.0005802956356370405,0.00020951436750177662,0.0002044788463579188,0.00017651208452495432,0.0008314438493987048,0.00016460744672267731,0.00017726365007530797,0.00012530079812452202,0.40126318836031294,0.0010849116895243907,0.00015183734797394368,0.0013635183733426439,0.00011202723630994114,0.00020500104230475707,0.0008133788445615013,0.00011445165697362781,0.00015718934773167537,0.0002915580180502227,0.00013291959970392634,0.0001660403676582309,0.0005364950022949717,0.08547267095656415,0.00028224820729804264,0.00016031990195659144,0.00016902254680736922,7.384820127275385e-05
WagnerJulianeLouiseAntoinetteKaroline,7.256462186171501e-05,0.00019899746491921805,0.00013775868418178068,0.00012505408049736744,0.00016781872968200012,0.07688205923700306,0.00045251175201725566,0.00010311345977953026,0.00010016103190948492,0.0002414827397197868,0.0003546867527356814,9.69283366182823e-05,0.00017170905267469214,9.369436395960372e-05,0.00019481479571469774,0.0002495122592045125,0.00011796445943722119,0.0002996795396721203,0.2874590806691347,0.00014845332297269302,0.0003795651169830665,0.2948833259676433,6.953061812700833e-05,0.00014827790139765938,0.0002038595982888752,0.0001111176844379637,0.003167061661307112,0.0013752303514873176,0.1374492033897787,0.00010969905458712518,0.0002494420545864479,9.56107397307213e-05,0.0001579563643045244,0.0005116706759454027,0.0005277119899295945,0.00019052916652014472,0.00018594994048436623,0.00016051739432613232,0.0007561023404893349,0.0001496914984926506,0.0001612008565612123,0.00011394663247030852,0.18367207618788325,0.0009866021238438046,0.00013807856569005638,0.001239962787781962,0.00010187585804351761,0.0001864248175044849,0.0007396743009431419,0.00010408058917415248,0.00014294559254466092,0.00026513840952173927,0.00012087505428746128,0.00015099457491072954,0.00048788036280431865,0.0022148167932885734,0.00025667220978458705,0.000145792470753213,0.0001537065230910578,6.71564265748523e-05
WagnerLorenzHeinrich,4.988673158859669e-05,0.02635416359169321,9.470635035997596e-05,8.597218848214486e-05,0.00011537203265717314,0.06435994247894161,0.000311092812646222,0.06910124080014977,6.885871360326893e-05,0.00016601457171012732,0.00024384007492625432,6.663630000608556e-05,0.00011804655219507165,6.441300824421561e-05,0.00013393129012409256,0.00017153470635760429,8.109821527290835e-05,0.00020602371203294167,0.00035111370427002366,0.00010205870142460297,0.001904523272499754,0.05788984800924396,0.0016913807323634367,0.00010193810258726281,0.00014014941166477543,7.639119389151974e-05,0.02683098905275449,0.002589023281339693,0.0010492997217856426,7.541591413705178e-05,0.00017148644208160019,0.47201637503599253,0.00010859185298018956,0.00035176339403087824,0.0003627914777516589,0.00013098500544938773,0.00012783687879662666,0.00011035251008830153,0.0005198052927965705,0.00010290992242236972,0.00011082237675607467,7.833603929341016e-05,0.22115722236199303,0.0006782693008547577,9.492626252287424e-05,0.009591568642061092,7.00376224003495e-05,0.0001281633472854365,0.0005085113429579072,7.155333112062098e-05,9.827224650378505e-05,0.00018227737333000455,8.309919123518627e-05,0.00010380576149436291,0.03485058420340663,0.0031662222302625185,0.00017645702971038748,0.00010022941854453667,0.00010567017182936112,4.616870509396985e-05
WagnerLudwigAnton,0.0001225275052226782,0.0003360130914573601,0.0002326096031716229,0.00021115750496789355,0.0002833668769990957,0.002312161254365975,0.0007640794458252432,0.00017411011947036153,0.00016912485789267502,0.0004077507315973976,0.000598899047955555,0.00016366635650434026,0.0002899358021664225,0.02565929857299946,0.00032895053108492083,0.000421308812179354,0.0001991864706100037,0.0005060177455658788,0.0008623753223298586,0.00025066781634339896,0.0006409069000885436,0.21740717557870812,0.00011740450039040144,0.00025037161183768186,0.00034422294712200245,0.00018762548899173336,0.03084876994232019,0.002322117028258781,0.05357938559899356,0.00018523009062820412,0.00042119026961018086,0.0001614415552805473,0.00026671398204431367,0.0008639710345168727,0.0008910572665201525,0.0003217141197312071,0.0003139819614477406,0.00027103835680569526,0.17978435123598852,0.0002527585122444581,0.00027219240295697073,0.00019240225121986665,0.4631422776173154,0.0016659067983892625,0.00023314973253728798,0.0020937137555186343,0.00017202039242042444,0.00031478380530870087,0.0012489618831695193,0.00017574314599086627,0.00024136785099565899,0.00044769402808047225,0.00020410109589935626,0.00025495879522706617,0.0008238003887826702,0.0037397835094365533,0.0004333986000068995,0.00024617488885539504,0.0002595379997526825,0.00011339560789784763
WagnerLudwigAntonANDWagnerKarlLudwigFriedrichErnst,3.075776888142232e-05,0.006485823182552857,5.8391398738998644e-05,5.300633293379231e-05,7.113286845715886e-05,0.0005804159755731763,0.00019180492542492648,4.370642171203717e-05,4.24549841418259e-05,0.00010235663201426516,0.0001503401090787196,4.108475038217984e-05,0.01927720585428697,3.971397518825638e-05,8.257561753292321e-05,0.00010576008259670899,5.000127453990449e-05,0.00012702435130567714,0.0066179545584073105,6.292450619221512e-05,0.00016088523365922306,0.1634002412596211,2.947175397135613e-05,6.285015072637967e-05,8.64094133967644e-05,4.709915064526638e-05,0.001342413811475973,0.0005829151482436236,0.039055795952323655,4.6497839869286184e-05,0.14733964769839594,4.052626417351864e-05,6.695253447178212e-05,0.0002168804575888392,0.0002236798457124396,8.075907954380865e-05,7.881809546023312e-05,6.803807130063948e-05,0.0003204870423467788,6.344932828182877e-05,6.832776857909884e-05,4.829824915255598e-05,0.4235322154107227,0.00041818835852183337,5.852698604378382e-05,0.0005255796539647307,0.18568594722648074,7.901938029101118e-05,0.0003135237339111669,4.411635621779271e-05,6.0589959477571984e-05,0.00011238349642610293,5.123498046180326e-05,6.400165973858856e-05,0.0002067965222710946,0.0009387883695236944,0.00010879495137290156,6.179665799987766e-05,6.515116583686177e-05,2.846541185631552e-05
WaltherJohannAdam,0.00012573385596104192,0.00034480602184418387,0.00023869662805248043,0.0002166831624170876,0.0002907821393407444,0.002372666852122814,0.0007840741946845947,0.00017866630552104318,0.00017355058754410575,0.000418420922400268,0.0006145712874345827,0.00016794924582024762,0.00029752296287507236,0.00016234569078177273,0.0003375586454533024,0.0004323337964761892,0.00020439886505116823,0.0005192594284775783,0.0008849423185848939,0.0002572273960602634,0.0006576784185209696,0.4847805378457482,0.0001204767902067154,0.00025692344035179484,0.00035323071642784555,0.0001925353508555752,0.13632969772460735,0.0023828831528492824,0.028813057171164964,0.0001900772687109829,0.0004322121518357424,0.00016566622507232698,0.00027369346450178755,0.0008865797880323677,0.05325120699120808,0.000330132868676332,0.0003221983720576787,0.00027813100130122674,0.07981535860970196,0.000259372802161566,0.0002793152470123685,0.00019743711338522708,0.10890415227227132,0.0017095009406461633,0.00023925089174812515,0.002148502928233195,0.000176521893624162,0.07882826944997727,0.0012816452374009705,0.00018034206575901222,0.00024768406534973986,0.0004594094716854661,0.00020944209829998803,0.0002616306630647647,0.0008453579401262421,0.0038376477203744173,0.00044473995490196966,0.0002526168957763196,0.0002663296981197397,0.00011636299134738166
WangenheimKarlAugustFreiherrvon,2.025510369266977e-05,5.5546548484720715e-05,3.845284879986238e-05,3.4906588123517105e-05,0.008478048944993894,0.0003822249206514333,0.00012631048331965446,2.878226009258995e-05,2.7958143172820698e-05,6.740554567121486e-05,9.900440146671441e-05,2.7055794663999203e-05,4.792948102897737e-05,2.615308960111575e-05,5.437903191430235e-05,6.964684102414e-05,0.2487534862808567,8.365013135737e-05,0.0001425598402909277,4.143806407568078e-05,0.00010594874754895668,0.15819220331658834,1.9408216343521275e-05,4.13890983110826e-05,5.6903725205873794e-05,3.101649485157422e-05,0.0008840280663641074,0.017246281471020544,0.40933949943020576,3.0620509948834565e-05,6.962724467288619e-05,2.668801128832688e-05,4.409066644076699e-05,0.00014282362853792487,0.000147301271634249,0.008484388153292105,5.1904567673958726e-05,4.480553171969814e-05,0.0002110523133169102,4.178367841091785e-05,4.4996307859453277e-05,3.1806144604666234e-05,0.13136519407830474,0.00027539216506835916,3.8542137945912625e-05,0.00034611321877261065,2.84368059187787e-05,5.203712101795741e-05,0.00020646672276412626,2.9052216796969014e-05,3.990068059501358e-05,7.400859868058917e-05,3.3740088429253644e-05,4.2147408659770535e-05,0.00013618299227205908,0.0006182261087754003,0.012718453477976552,4.0695335232979074e-05,4.290440001716197e-05,1.8745503649078725e-05
WeldenFranziskaFannyvon,7.367733716177343e-05,0.0002020489177926365,0.00013987109366828083,0.00012697167594724563,0.00017039208379537762,0.0013903317789806815,0.000459450625768784,0.00010469461491263756,0.00010169691413164702,0.0002451856672937537,0.0003601255652916007,9.841464827260207e-05,0.00017434206150417067,9.513108545876304e-05,0.0001978021109973792,0.0002533383124691197,0.00011977334172050596,0.0003042748645060744,0.0005185571783887925,0.00015072972543408834,0.0003853854175951248,0.17673206999790206,7.059680962125849e-05,0.00015055161392192704,0.00020698560774444808,0.00011282157738757224,0.0032156257945769088,0.0013963183116247075,0.0015497028352811065,0.0001113811940830582,0.0002532670313243586,9.707684718389616e-05,0.00016037848763120815,0.0005195167002904432,0.0005358039938586983,0.00019345076541028096,0.00018880132093000831,0.3528479545351881,0.0007676965116031286,0.0001519868872976644,0.0001636727313519334,0.0001156939048750551,0.32449569199018474,0.0010017308084576814,0.00014019588028099078,0.0012589765375965395,0.00010343803563148364,0.0001892834797757932,0.0007510165623730702,0.00010567657439452437,0.0001451375387550811,0.0002692040761970265,0.00012272856800875319,0.0001533099452581306,0.0004953615834096567,0.12492181412276596,0.0002606080546577455,0.000148028071362413,0.00015606347880272863,6.818621190866814e-05
WeldenJosephinevon,5.970643560726618e-05,0.00016373584014329614,0.00011334834793345414,0.044082133110666076,0.00013808186303990118,0.009289739345374373,0.0003723283204705027,8.484213089818545e-05,8.241286247529073e-05,0.00019869287924936634,0.00029183755416406715,0.005943651409928389,0.00014128283499145739,7.709206449361118e-05,0.00016029432466207317,0.0002052995971757089,0.004088519641956604,0.00024657741857108523,0.0004202269242192417,0.00012214793574815303,0.006299494644569373,0.465822863332753,5.72100462653127e-05,0.00012200359823622013,0.00016773642121850103,0.048023043793145474,0.041191859920683374,0.011780171459990513,0.015901615355546884,9.026078233227589e-05,0.005668677366023176,7.866886546965159e-05,0.00012996707282618325,0.005746739583020364,0.04853259425963317,0.00015676809332541955,0.02277884462073438,0.00013207429767143645,0.0006221237642629779,0.00012316671108324287,0.00013263665289195377,9.375570491111094e-05,0.17058279882257996,0.0008117798269455485,0.003549210898252164,0.050594300815092696,8.382382767461881e-05,0.00015339101998132856,0.0006086067133895151,8.563788849248459e-05,0.00011761615505796824,0.0022138858778454097,9.945643565941047e-05,0.00012423888711408676,0.0004014297424623451,0.01268038018014343,0.017657530303347248,0.00011995857683430669,0.00012647028797093383,5.52565527943723e-05
WilmansFriedrich,6.646419219400273e-05,0.00018226796219947435,0.00012617745985501368,0.0001145409185299774,0.0001537103896798868,0.009811755026427121,0.0035548968139722924,9.444482218395031e-05,0.007942808696661311,0.00022118154566913242,0.00032486861913806294,8.877967567059612e-05,0.00015727365740524993,8.581757961301344e-05,0.00017843692549369578,0.00022853603209194208,0.00010804731428268763,0.2677518334253183,0.00046778948989886196,0.0001359730118720725,0.0003476554860766338,0.027723541237722537,6.368525388815511e-05,0.00013581233780006772,0.0001867213412492488,0.00010177614028929245,0.22023729726597308,0.001259616215825737,0.0013979841163580292,0.00010047677312332052,0.0002284717295005658,8.757284773540806e-05,0.0019150397838612547,0.026826379731294047,0.0020535614298291868,0.0001745115845334436,0.00017031732910244632,0.00014702286972987519,0.0006925376304225218,0.0001371070953085603,0.0001476488740303767,0.00010436726170500004,0.32273762470830886,0.0009036595450483909,0.000126470449269137,0.00969325970146884,9.331126429400874e-05,0.0001707522837225342,0.0063174028896738794,9.533064605116674e-05,0.00013092831041384555,0.0002428485087684655,0.00011071321855617622,0.00013830062349450906,0.0004468647857478085,0.07904647278655975,0.003375521291297586,0.00013353585463514266,0.00014078458110984687,6.151065806474422e-05
