receiver_norm,0,1,2,3,4,5,6,7,8,9,10,11,12,13,14,15,16,17,18,19,20,21,22,23,24,25,26,27,28,29,30,31,32,33,34,35,36,37,38,39,40,41,42,43,44,45,46,47,48,49,50,51,52,53,54,55,56,57,58,59
AbekenBernhardRudolf,0.0008188188580530715,0.028700850748494763,0.00016403577883670296,0.00015639614597464665,0.00022835794658984562,0.0006822439287431024,0.0010216353833955747,0.0003435222980357733,0.00017589577822471226,0.004389559516443528,0.00043757763819147176,0.11014546977548745,0.0002574909092015998,0.00333320257511974,0.0009910697391313644,0.0009084731393078001,0.00016886443483853377,0.113057377805905,0.00037180446841279075,0.00014757844541617184,0.00031474511621817057,0.0001728475356639736,0.0005082518074369207,0.0753640454302496,0.0004915079173346078,0.00023830484313139126,0.03722186640026525,0.0027042774422151297,0.00011605906129870633,0.007997843831603324,0.08760645633072642,0.16126262609790482,0.00021463974006058443,0.00017908602581587153,0.00023207878684708167,0.0015944870608589725,0.0002808956367675785,0.00030861486933242557,0.0002247315737604144,0.0001790445712374909,0.0007314343742772317,0.0003545299528588295,0.09269966614357068,0.01652396675431892,0.0005144005150099836,0.0013405084606361761,0.001459710121052626,0.00024733301295626873,0.00015092949218984908,0.00017801580791932374,0.0001650107223955112,0.00038426738058052113,0.0004414864295584752,0.001045097880999942,0.12982712977917657,0.10950145518370613,0.00011361334187877049,0.00011045551678260111,0.0003115564522809367,0.00018679728531831316
AbekenBernhardRudolfANDTruchsessvonWetzhausenChristianFreiherrANDVoßHeinrichANDVoßAbrahamSophus,0.0020580851209885107,0.015412578161650571,0.0004123007090192088,0.0003930986418360005,0.000573973214605163,0.0017148067180200635,0.002567860474832327,0.0008634365505409275,0.000442110584592217,0.07570278477995335,0.001099842801105579,0.018169622886683005,0.0006471983440606932,0.008377939220166193,0.4551790262445586,0.00228342939642692,0.00042443744106195774,0.019444081548358364,0.00093452323042102,0.0003709355246309583,0.0007911056691252107,0.0004344488867725834,0.0012774809377114349,0.003360175431086706,0.0012353954987304927,0.0005989745437402088,0.0020346351022804497,0.006797148248492207,0.0002917121715817632,0.0011936078842462669,0.05001776787181105,0.1375847440518855,0.0005394927718712831,0.0004501292092673327,0.0005833254735274852,0.004007711917340643,0.0007060256672110945,0.0007756974139544194,0.0005648583977076198,0.0004500250139985953,0.001838445936942432,0.0008911040747869813,0.004194302585850255,0.022623850427368915,0.0012929355934572966,0.003369341692928754,0.1330083789875069,0.0006216666713134768,0.00037935831489380124,0.0004474392375996821,0.0004147512105098043,0.0009658485154267668,0.0011096674714516019,0.0026268330018398172,0.002969375696334379,0.0006643718160778076,0.000285564903845098,0.00027762777247447546,0.0007830910249331393,0.0004695113086046536
AbekenMinonaLaura,0.009877398619404879,0.03099970084486013,6.1030913063732176e-05,5.818852238317739e-05,8.496252515502361e-05,0.0002538346828884802,0.00038010817340598937,0.0001278104060928429,6.544352716974425e-05,0.08778792372752107,0.00016280449902141442,0.0026895628616207053,0.15325980276719398,0.0012401464974812193,0.0003687359642998098,0.0003380051936170916,6.282745578601093e-05,0.4145064678034167,0.0001383330292289316,5.49078215505741e-05,0.0001171036097208288,6.430940248035678e-05,0.0001890994275404199,0.000497390788149208,0.00018286972016541954,8.866335300115676e-05,0.0003011773575143445,0.04886989986389322,4.318076538308754e-05,0.00017668409833422166,0.09355864289908816,0.010793265245076173,7.985854920529419e-05,6.663048604401309e-05,8.634689556417362e-05,0.019738742668839054,0.00010450962167595088,0.009687572866138106,8.361330215953298e-05,6.66150625139321e-05,0.00027213640844036917,0.00013190589812089794,0.0006208626637799159,0.03206715118171477,0.00019138710672850413,0.0004987476262951628,0.07712509815972217,9.202236072260772e-05,5.615460713459229e-05,6.623230233149214e-05,6.139364914485813e-05,0.00014296996218602067,0.0001642587982468374,0.0003888375961069701,0.0004395425620480793,9.834380019741726e-05,4.22708145762884e-05,4.1095918768303474e-05,0.00011591724005853389,6.949952602811251e-05
AhlefeldtJohannGeorgJacobvon,0.0020580851209885107,0.015412578161650571,0.0004123007090192088,0.0003930986418360005,0.000573973214605163,0.0017148067180200635,0.002567860474832327,0.0008634365505409275,0.000442110584592217,0.011033071649041578,0.001099842801105579,0.2768484754103301,0.0006471983440606932,0.26705679174381325,0.002491034328176185,0.0669531425273387,0.00042443744106195774,0.019444081548358364,0.00093452323042102,0.0003709355246309583,0.0007911056691252107,0.0004344488867725834,0.0012774809377114349,0.003360175431086706,0.0012353954987304927,0.0005989745437402088,0.0020346351022804497,0.006797148248492207,0.0002917121715817632,0.0011936078842462669,0.05001776787181105,0.008245317790061959,0.0005394927718712831,0.0004501292092673327,0.0005833254735274852,0.004007711917340643,0.0007060256672110945,0.0007756974139544194,0.0005648583977076198,0.0004500250139985953,0.19584758532967766,0.0008911040747869813,0.004194302585850255,0.022623850427368915,0.0012929355934572966,0.003369341692928754,0.0036689527256833507,0.0006216666713134768,0.00037935831489380124,0.0004474392375996821,0.0004147512105098043,0.0009658485154267668,0.0011096674714516019,0.0026268330018398172,0.002969375696334379,0.0006643718160778076,0.000285564903845098,0.00027762777247447546,0.0007830910249331393,0.0004695113086046536
ArnimLudwigAchimvon,0.0004332041627864714,0.0032441772941305684,8.678474065307236e-05,8.2742917818322e-05,0.00012081501554972737,0.0003609478544131828,0.0005405062384484433,0.00018174384731796985,9.305938986883045e-05,0.002322339595162397,0.00023150474924031573,0.00382450472553383,0.00013622809568777241,0.0017634635753087011,0.0005243351840042525,0.0004806366412512751,8.933938855850859e-05,0.1402153601280025,0.000196706807464115,7.807782669277259e-05,0.00016651899650506805,9.144668718922353e-05,0.000268895612942944,0.2593402120724333,0.00026003709335436484,0.00012607751890590272,0.0004282681931231404,0.001430724553758647,6.14021868075138e-05,0.00025124126252945307,0.14665078306166912,0.0017355482305982475,0.00011355726358664868,9.474722170516088e-05,0.0001227835626497914,0.0008435790474045267,0.00014861059678767757,0.00016327572915271623,0.00011889644737060568,9.47252897531248e-05,0.0003869725429815119,0.00018756755526627345,0.15061770985982653,0.0592111087528467,0.000272148647103321,0.0007092091732948795,0.0007722739830456567,0.00013085396086496979,7.985073091666999e-05,9.418101241074444e-05,8.730054412291648e-05,0.0002033004336103671,0.0002335727337218603,0.16390003443761353,0.0006250207532287053,0.054588881299755435,6.010825491610243e-05,5.8437576519338525e-05,0.00016483200251640818,9.882693931782963e-05
BarthKarl,0.0005443520927455801,0.004076541388564925,0.0001090512493901586,0.00010397240918592053,0.00015181272988366973,0.00045355686025272656,0.0006791848447367692,0.00022837417580387953,0.00011693579604333999,0.0029181862209290226,0.0002909023170943594,0.021910544643155103,0.00017118037024712508,0.0022159184286810662,0.0006588647553083187,0.0006039544030058173,0.00011226134766023867,0.022247631886304454,0.00024717620812238607,9.811038768384792e-05,0.0002092430590841462,0.00011490931949017458,0.00033788661838816513,0.000888747753555399,0.00032675525333928485,0.00015842544269000232,0.0005381496929378768,0.0017978079895896316,7.715625046821228e-05,0.00031570266121694915,0.013229422018466157,0.08770474192438467,0.00014269284413668634,0.00011905667776894328,0.0001542863504663886,0.035269578011718844,0.00018673987074638564,0.0002051676611026722,0.00014940191139877276,0.00011902911869861477,0.27416274235695937,0.0002356920824204896,0.30899541381747964,0.005983882882446634,0.00034197428906423597,0.0008911721789426135,0.0009704176343547274,0.00016442738449862148,0.00010033816896440716,0.00011834519519138665,0.00010969939343487194,0.0002554615721604585,0.051607841564651084,0.05200912342762458,0.10341406474608324,0.00017572265828802675,7.553033226735876e-05,7.343100506853051e-05,0.00020712323017421755,0.00012418313547881964
BentzelSternauChristianErnstGrafvon,0.03502080367239318,0.00808899571130699,0.00021638811054490364,0.0002063102742825916,0.00030123882082872986,0.0008999833799577127,0.00134769226473976,0.0004531580947105669,0.0002320332513601269,0.005790495809046553,0.000577231376084203,0.21317992098078467,0.0003396696240281247,0.0043970005349356425,0.0013073715368057375,0.00119841407459838,0.00022275784132020986,0.010204852854944442,0.0004904665737106527,0.00019467838777142648,0.00041519662042441616,0.00022801215637171333,0.000670461341252824,0.001763523556294404,0.0006483736066859778,0.00031436028837486437,0.001067839166413588,0.0035673527462120017,0.00015309953209075754,0.000626442179587706,0.026250865076612152,0.004327396723808843,0.0002831424225186594,0.034176898886479665,0.0003061471743514344,0.03604402786168436,0.00037054401504047857,0.00040710989355185583,0.00029645508419360727,0.0002361869876691456,0.0009648730500131007,0.00046767886356711513,0.0022012991774007736,0.1815769795659888,0.0006785724205762727,0.0017683342928208558,0.03586623660445655,0.00032626981582026726,0.00019909892751492645,0.00023482989257565562,0.000217674209200176,0.2380915075455399,0.0005823876656718675,0.13714127171890594,0.0015584198192533751,0.0003486827910685579,0.00014987325665282556,0.00014570760565377368,0.00041099028830934983,0.0002464139952368911
BergnerCaroline,0.0015552101497692213,0.011646650445438124,0.00031155866241127126,0.00029704845120798906,0.00043372791530647305,0.0012958088008897947,0.0019404263861216367,0.0006524634347669782,0.00033408475746035877,0.10607371448008003,0.0008311059003276067,0.01373003557660252,0.000489061129363581,0.05519910191986864,0.0018823720316982868,0.0017254935363892456,0.000320729890882544,0.014693091490026946,0.0007061807105664434,0.0002803006964740881,0.0005978059671179013,0.0003282951280169295,0.0009653397229320023,0.002539146161710377,0.0009335374902676814,0.00045262038988491454,0.0015374899365792356,0.005136324944841861,0.00022043487192467359,0.0009019603113076114,0.3798740353336489,0.2994400771345768,0.0004076724650428268,0.00034014410182602815,0.00044079503213800586,0.003028462811200718,0.0005335145142669785,0.0005861625833785836,0.000426840223632409,0.0003400653657534306,0.050257476219016974,0.000673370643165522,0.0031694616933941786,0.017095911851597947,0.0009770181696745794,0.0025460727282098955,0.0027724764441548343,0.0004697678959632121,0.0002866654521261085,0.00033811140104146966,0.0003134104054472291,0.00072985193810146,0.000838529999012569,0.0019849894955986333,0.0022438348998894764,0.0005020384147612644,0.0002157896349128931,0.00020979187168057605,0.000591749630639305,0.00035479035591233103
BertuchFriedrichJohannJustin,0.001548598732572712,0.011597138895472911,0.0003102341826946922,0.00029578565644111817,0.00043188407690412657,0.001290300135330441,0.001932177360496599,0.0006496897208908489,0.0003326645161438443,0.008301795002474579,0.0008275727521917346,0.3159263037719156,0.0004869820616817641,0.006303950174659958,0.0018743698033033367,0.0017181582205538632,0.00031936642298315416,0.03487782009984016,0.014909829429967028,0.0002791090987693423,0.0005952646098281705,0.0003268994992298981,0.0009612359279267977,0.20712583234783669,0.0009295688910287568,0.00045069623691457796,0.0015309538505025924,0.047734442083641256,0.00021949777226443188,0.0008981259511,0.037635689186266225,0.00620415965750547,0.00040593939202608533,0.00033869810138394157,0.00043892115042752097,0.003015588389623716,0.0005312464689904379,0.0005836707237515906,0.00042502566577660804,0.00033861970002946844,0.0013833320200502999,0.0006705080498044192,0.003155987865727549,0.06568372731987872,0.0009728647279488757,0.0025352490147578263,0.002760690256646655,0.00046777084653153227,0.0002854467969494348,0.00033667404189646077,0.000312078053710426,0.0007267492348075124,0.1997280763916421,0.0019765510259242684,0.002234296041976635,0.0004999041788130528,0.00021487228280886827,0.00020890001691205954,0.0005892340196881951,0.0003532820921830964
BodeAugustTheodorHeinrich,0.002615055483269604,0.028828686400792808,0.00020205307997821863,0.00019264286861684263,0.0002812826980381669,0.0022844376541695153,0.005597095685987266,0.017136706244828354,0.0002166617795063418,0.025424135415166218,0.0047853683971642,0.12011285402627296,0.00031716758160649564,0.009293712126866404,0.001220762291524513,0.0019356930188215713,0.00020800083615826805,0.02279901019940403,0.0019020500461040932,0.00018178155793937694,0.0003876911524484701,0.00021290706939196445,0.0006260453897643736,0.002463365777801007,0.00484053473913403,0.0002935349097001406,0.3361181178230015,0.025722066855169333,0.00014295717044833837,0.0034730930341268923,0.1335940952623432,0.005897783485528067,0.000264385129101247,0.0002205914060564649,0.00028586588860435373,0.0084211417944369,0.0003459966414877842,0.003646820549420372,0.01478504954580587,0.0002205403438717366,0.018699971697631806,0.00043669661233462006,0.06364706802117395,0.017748970438547087,0.0006336191356375805,0.004350354899717296,0.0029793721578321012,0.004643339256193718,0.00018590925085231516,0.00021927315205249803,0.0002032539786495885,0.0004733260532066565,0.01526320073954889,0.009570236575955862,0.06309938319530488,0.0003255836547275729,0.00013994462559339843,0.0001360549358486464,0.009516610414924704,0.00023008984440954334
BoieHeinrich,0.0003479493732795016,0.002605721627972251,6.970546156857852e-05,6.645907142954523e-05,9.703856184780332e-05,0.00028991314146616933,0.00043413434836843157,0.00014597656995014426,7.474525677305783e-05,0.08933218442872436,0.00018594450222100126,0.0030718403391934023,0.00010941834033341068,0.0014164130877300373,0.0004211457652880368,0.00038604711695944136,7.175735352623835e-05,0.1016875488973074,0.0001579948122767389,6.271207250186694e-05,0.00013374797716712836,7.344993476357845e-05,0.00021597682579800603,0.044301527969760016,0.00020886166716424748,0.00010126540198914568,0.00034398480484175735,0.18701628235250228,4.931820664012446e-05,0.00020179686011503845,0.0193895950808562,0.08886087388952588,9.120913899385892e-05,7.610092248475101e-05,9.86196979230725e-05,0.0006775622814151094,0.00011936395920658026,0.00013114298640395114,9.54975688175761e-05,0.3718103334775013,0.0003108161586922704,0.00015065416934748405,0.0007091081613719787,0.04755833381013119,0.00021858966125664844,0.0005696364637512968,0.03342037098575154,0.00010510183785225749,6.413606831396108e-05,7.564614345430494e-05,7.011975466519428e-05,0.00016329080959696455,0.0001876055063528102,0.0004441045160761253,0.0005020163656179014,0.00011232176680710183,4.827892117299733e-05,4.693703309563799e-05,0.00013239298441427755,7.937774969101479e-05
BoieSaraHenriette,0.10560489929089402,0.011854200710562307,6.1030913063732176e-05,5.818852238317739e-05,0.775477717964217,0.0002538346828884802,0.00038010817340598937,0.0001278104060928429,6.544352716974425e-05,0.0016331731231808613,0.00016280449902141442,0.0026895628616207053,9.580169281134894e-05,0.0012401464974812193,0.0003687359642998098,0.0003380051936170916,6.282745578601093e-05,0.0220237150503112,0.0001383330292289316,5.49078215505741e-05,0.0001171036097208288,6.430940248035678e-05,0.0001890994275404199,0.048361141123893774,0.00018286972016541954,8.866335300115676e-05,0.0003011773575143445,0.0010061495281486416,4.318076538308754e-05,0.00017668409833422166,0.00740389229474795,0.0012205151779272616,7.985854920529419e-05,6.663048604401309e-05,8.634689556417362e-05,0.0005932425345412266,0.00010450962167595088,0.00011482279898919221,8.361330215953298e-05,6.66150625139321e-05,0.00027213640844036917,0.00013190589812089794,0.0006208626637799159,0.012921651047416943,0.00019138710672850413,0.0004987476262951628,0.0005430976225308686,9.202236072260772e-05,5.615460713459229e-05,6.623230233149214e-05,6.139364914485813e-05,0.00014296996218602067,0.0001642587982468374,0.0003888375961069701,0.0004395425620480793,9.834380019741726e-05,4.22708145762884e-05,4.1095918768303474e-05,0.00011591724005853389,6.949952602811251e-05
BornträgerJohannFriedrichWilhelm,0.005315175347640988,0.0505548643157565,0.0002863758001074568,0.004547276217003061,0.00039867027869977447,0.00629858894748267,0.001783584364416315,0.0005997257040653322,0.0003070811415768702,0.030385872899723273,0.0007639287424663693,0.06400240429336483,0.00044953098443487586,0.015502131952885856,0.0017302224643842674,0.023878233940849102,0.0002948057306736691,0.23600982421628622,0.0006491010856310616,0.00025764437298001565,0.005846681727147291,0.0003017594799952092,0.0031117183832512657,0.0023339104360697144,0.006595962092761885,0.0004160357002917733,0.001413216719244436,0.009674685482513136,0.0002026174214847617,0.008774849491024871,0.186992754525011,0.037737550979771876,0.00037472085499040556,0.011478565551766204,0.002629571925323685,0.0031722433588777257,0.0004903912627871771,0.0005387838601852431,0.0003923393097618933,0.00031257834544789234,0.008444427983177114,0.007305300170286258,0.00291327842189008,0.11968337535942496,0.0008980471218313922,0.004758316083787608,0.01771439676186598,0.000431797196810646,0.0002634946741022157,0.00031078231704207354,0.000288077869276106,0.0006708590000873691,0.0007707527613671064,0.001824545498454389,0.002062468781293745,0.0004614593335304263,0.00019834765265329404,0.00019283468045339886,0.07157923908066731,0.03242221954386262
BreitenbauchGeorgAugustvon,0.0019330737933140106,0.1359595399758267,0.00038725691539279503,0.00036922121197568536,0.0005391091786740695,0.0016106466605284293,0.0024118845902744144,0.0008109900562511442,0.0004152560922317278,0.01036290552174743,0.0010330366192828314,0.13854911746735193,0.0006078864985812872,0.06861062304126615,0.002339724984615852,0.002144730302989421,0.0003986564432398472,0.01826301744902508,0.0008777588193739773,0.0003484043173728828,0.0007430526663511247,0.00040805977798972446,0.0011998847360414724,0.003156073089752239,0.0011603556328258105,0.0005625918877496601,0.0019110481656298148,0.006384278771773825,0.0002739931154084536,0.0011211062637784463,0.04697960997192457,0.007744484217377295,0.0005067231322705496,0.0004227876530305552,0.0005478933666780842,0.0037642771912380453,0.0006631405575865027,0.0007285803328370247,0.0005305480100927457,0.0004226897867463431,0.0017267758388054915,0.0008369770115527003,0.307647399189362,0.02124964216445884,0.001214400651686724,0.0031646825784312138,0.0034460947657597328,0.0005839056597987742,0.00035631549410587525,0.00042026107447339875,0.00038955856956814414,0.0009071813572929224,0.0010422645236975547,0.06320884806129243,0.1242721572017605,0.0006240168268937284,0.00026821924238393816,0.00026076422485809777,0.0007355248442545397,0.00044099245316554114
BrentanoClemens,0.0008727859558325447,0.11623579067578944,0.00017484712597257783,0.00016670397660059868,0.00024340866936098043,0.000727209581951769,0.0010889698079614351,0.000366163326958344,0.00018748879976920914,0.03210378749622469,0.0004664177106374578,0.3368043397572826,0.0002744617409521645,0.0035528888555725283,0.0010563896288627176,0.0009683492135540913,0.00017999403130151108,0.03567070085642928,0.0003963095319006881,0.00015730511489329442,0.000335489485128952,0.00018423965220645082,0.0005417499062151544,0.0014249721235910036,0.0005239024519417514,0.00025401115063043066,0.000862841349176735,0.0028825122296916397,0.00012370833640723734,0.0005061812980994557,0.1034861266590615,0.003496647196538616,0.00022878631683429562,0.0001908893116966127,0.0002473747445050405,0.0016995772627701545,0.00029940903829243784,0.00032895520305295517,0.00023954328784831478,0.0001908451249104148,0.0007796420944679273,0.0003778964794642101,0.3034528131487819,0.03701916676393307,0.0005483038656941173,0.0014288593217062012,0.0015559173811294667,0.00026363435331137517,0.00016087702403124187,0.00018974855737640984,0.00017588632656925245,0.00040959385553562887,0.00047058412446128185,0.0011139786828749136,0.0012592430599305605,0.00028174461037120064,0.00012110142336336535,0.00011773547084797576,0.0003320906612316803,0.00019910880851122447
BrockhausFriedrichArnold,0.0016351153567584426,0.3718983354169277,0.0003275662478896402,0.00031231051594124984,0.0004560124399121735,0.0013623862151825954,0.002040123634145259,0.0006859863807274905,0.00035124971211344876,0.008765597059901582,0.000873807324958545,0.06581451325054218,0.0005141886214764496,0.0066561372691441145,0.001979086502630651,0.0018141477405842254,0.0003372086852901056,0.2209641748682516,0.0007424635986751537,0.00029470227762008847,0.0006285206647740579,0.000345162617057969,0.0010149379527193052,0.0026696050579935976,0.0009815017518197981,0.00047587559172799853,0.0016164846959977224,0.0054002243978787355,0.00023176060438044312,0.0009483021676681758,0.1938754327803897,0.006550771686939939,0.00042861828558539916,0.00035762037978537986,0.0004634426584334197,0.003184062327976032,0.0005609259786922736,0.0006162790551371769,0.0004487708652410266,0.0003575375983288324,0.0014606155758129678,0.0007079677814561836,0.0033323055976039427,0.017974283417893432,0.0010272164268629485,0.002676887504841473,0.05429396523154125,0.0004939041202345118,0.00030139404831755863,0.0003554832407826412,0.0003295131317080838,0.0007673510311945289,0.0008816128667187203,0.002086976353478114,0.0023591209865652307,0.0005278326673604981,0.00022687669954297017,0.0002205707769840041,0.000622153159531555,0.00037301914436973724
BöckhPhilippAugust,0.0010989490871342019,0.022337597687685676,0.00022015488241021748,0.00020990161640733177,0.00030648262979855083,0.0009156498233049838,0.0013711521918731845,0.0004610464355135648,0.0002360723657127579,0.07377260818112989,0.0005872795201422804,0.0837471680283075,0.0003455824164642201,0.0044735412370336385,0.001330129581644481,0.0012192754445129554,0.00022663549415127376,0.04411826544979504,0.0004990043611430486,0.00019806724805582692,0.00042242414759515476,0.0002319812735908051,0.0006821323841333783,0.2183583988823348,0.0006596601577526086,0.00031983250903819266,0.0010864275561296313,0.0036294513704120263,0.0001557646092459671,0.0006373469597596609,0.10102209457168848,0.020815977844425126,0.00028807121878354834,0.00024035404491879465,0.00031147642539063606,0.0021399850317867144,0.0003769942528432864,0.0004141966511803616,0.0003016156203601172,0.0002402984081065487,0.0009816690590416777,0.0004758199743742221,0.3545106891805799,0.029050713194105116,0.0006903846569138799,0.0017991165379538897,0.0019590988766740956,0.00033194935135314894,0.0002025647382597444,0.00023891768940636495,0.00022146336880305312,0.0005157310227423266,0.0005925255677415996,0.0014026415622884136,0.01569334092161112,0.00035475248003625923,0.0001524821724805077,0.00014824400799194645,0.0004181445938348359,0.00025070344211149326
BörneCarlLudwig,0.0006530073741247491,0.016394226426539125,0.00013081840036678876,0.00012472579936540195,0.00018211527689740827,0.000544088978947539,0.0008147533883261335,0.0002739587536210608,0.00014027674024418214,0.03956062332157337,0.0003489678109887917,0.10930090888793219,0.00020534879091393943,0.06825214398403988,0.0007903773118556163,0.000724506590594184,0.00013466924960566016,0.0782892957969357,0.0002965137615215357,0.00011769369033313201,0.0002510089744988447,0.00013784576927825182,0.00040533040354943765,0.0010661460560963242,0.00039197716479484607,0.0001900479188088679,0.0006455669456489959,0.0021566590633300214,9.255700710442035e-05,0.0003787184224197127,0.0848940052013512,0.0386761002235763,0.00017117501833439257,0.00014282096010651425,0.0001850826439799064,0.0012716021357435815,0.00022401404213483195,0.00024612010758740714,0.00017922324751184338,0.09775966958849015,0.0005833183193008439,0.00028273734940031145,0.15989763598007392,0.19649304868578818,0.00041023399284401455,0.001069054408386992,0.010179105929008787,0.00019724787691011796,0.08064828129681728,0.00014196746220341552,0.00013159591706293685,0.0003064529238509768,0.00035208506892864613,0.0008334647111057113,0.0009421496742184487,0.00021079774137382822,9.060654785381686e-05,8.808818490490058e-05,0.00024846601759923156,0.00014897068329542199
BöttigerCarlAugust,0.0015598192490386097,0.027762038500708658,0.00015635262932692058,0.00014907082353097923,0.00021766205903507447,0.0006502888141708555,0.009118490157808913,0.00032743231331128025,0.0025965777265235224,0.011429481541540658,0.004523661908505388,0.3025913563606432,0.0002454304845379346,0.019003343995873345,0.0009446497627434836,0.0013478224895512331,0.00016095511951141276,0.04009457442941602,0.00035438979620237973,0.00940834889905008,0.0003000030044512896,0.00016475165884782006,0.00048444618007411,0.03446778287086035,0.0029993854207224185,0.00499238902654593,0.0011947440881160019,0.0045226571499218035,0.0001106230574814498,0.0014817582271599166,0.10826468065709689,0.009761044536902987,0.0033517065850628817,0.0001706979490120552,0.0017328517977637,0.004734763888779832,0.0002677389755243062,0.0002941598876275901,0.00021420553917811258,0.002206835034148146,0.02272948754940643,0.0003379243887994048,0.16081801279069094,0.04025975287210324,0.0013116228215129732,0.001277721384577306,0.00772068559775775,0.00023574836641924895,0.00014386021826586845,0.0001696778582534131,0.007858312130779813,0.00816861113531907,0.012750114557273075,0.006144859970977928,0.10668619776083017,0.0014970923140019824,0.00010829189128944757,0.0014774398094149887,0.0031494081073164845,0.002796205878702901
CalmbergJohannErhartWilhelm,0.0008716358629650969,0.11782069401343426,0.0001746167253444158,0.00016648430641321498,0.00024308792339498923,0.0007262513188773539,0.0010875348439812829,0.02601639084433248,0.00018724174087704894,0.004672703198665119,0.0004658030998286211,0.007695160303660119,0.0002741000755420522,0.003548207121059819,0.0010549975966361654,0.000967073194484049,0.00017975684846166398,0.1297043229920917,0.0003957873044715061,0.00015709782983165606,0.0003350474018651551,0.00018399687480096237,0.000541036028203123,0.20679691221891125,0.0005232120919867244,0.0002536764334977362,0.0008617043605774163,0.11417190533575104,0.00012354532269878455,0.0005055142897720538,0.031443703400241246,0.07531402763014114,0.00022848483912443738,0.000190637771861001,0.00024704877233816416,0.0016973376853863457,0.0002990144991765316,0.00032852173018344715,0.00023922763539657873,0.00019059364330088624,0.06747046079264007,0.000377398515395516,0.0017763621711614982,0.1686160074688698,0.0005475813513583688,0.023685614769983415,0.0015538671081267712,0.0002632869554329705,0.00016066503217156754,0.00018949852074258365,0.0001756545565593009,0.00040905412300595883,0.00046996402346004523,0.0011125107640465896,0.0012575837224355754,0.00028137334813369046,0.00012094184485237164,0.00011758032774059303,0.0003316530566869736,0.0001988464376298136
CottavonCottendorfElisabeth,0.00047173221064919784,0.2406990810597654,9.450314903615148e-05,9.01018570249549e-05,0.0001315599877856712,0.0003930496147502232,0.0005885774529333063,0.00019790767086754689,0.00010133584918048688,0.002528882418990303,0.0002520941775639207,0.241331021298648,0.00014834386705327895,0.0019203014242265047,0.000570968187102574,0.0005233832099813564,9.72850006603608e-05,0.019279662393694733,0.01503709984153604,8.502186486749243e-05,0.00018132876155010696,9.957971693263991e-05,0.0002928104871189094,0.0007701833943167128,0.000283164113912982,0.00013729052445870182,0.0004663572487236167,0.0015579694623279155,6.686313708319718e-05,0.0002735860048457864,0.05593323193867738,0.0018899033615980359,0.00012365675030091456,0.00010317379237621904,0.00013370361232821284,0.0009186047666989533,0.00016182763549089566,0.00017779704646221338,0.00012947078715888874,0.00010314990985359676,0.044890084202883686,0.000204249324204758,0.0009613730796539943,0.30164356536585385,0.000296352837649249,0.000772284386602232,0.06013255179153632,0.0001424917707022633,8.69524465669593e-05,0.0001025572259045879,9.506482672069865e-05,0.00022138144369639922,0.00025434608318918614,0.0006020945034425928,0.0006806084681313032,0.00015228018622518198,6.545412626566759e-05,6.363486209165787e-05,0.000179491730718031,0.00010761634942800188
CottavonCottendorfJohannFriedrichFreiherr,0.006743728981173411,0.031092128528929692,0.00011324254110449836,0.00010796850001090302,0.00015764752261141033,0.00047098893114590754,0.0007052887346799801,0.00023715154237389843,0.0001214301235802275,0.003030344218174161,0.0003020828994181586,0.27638978759228156,0.0001777595417053765,0.010385951926328964,0.013041098020456904,0.0006271668751169872,0.00011657601676233733,0.005340512775777462,0.00025667621476035474,0.00010188117671459774,0.0002172851375080696,0.00011932576112998083,0.00035087300223939316,0.06270745781758891,0.00033931381267351225,0.0001645143893916724,0.0005588330171702775,0.01208049850690065,8.012168511573246e-05,0.0003278364236043888,0.08909018783458542,0.05787075617373944,0.00014817712183795258,0.00012363251958515654,0.00016021621469042795,0.03334858338670141,0.00019391705832904195,0.00021305310508280964,0.0001551440463752539,0.00012360390130547677,0.0005049476875212018,0.0002447507064867777,0.014864466851796812,0.02061315975146193,0.00035511777904979425,0.0009254236211822964,0.0010077148080511818,0.00017074701071210916,0.00010419458086765763,0.00012289369178185617,0.00011391559601249383,0.00026528001969513626,0.3129893833706991,0.0007214861330050234,0.03170784483429838,0.00018247640871109006,7.843327613626301e-05,7.625326308795258e-05,0.006929811022458634,0.00012895600832258628
DobeneckFranziska,0.0006118700656214815,0.004582169665866797,0.00012257727307323312,0.00011686848581869306,0.04218975174899891,0.0005098131697192088,0.0007634266149729559,0.0002567002566860364,0.00013143976876741712,0.08508446500104651,0.0003269839911006974,0.027892355426952686,0.00019241249509657256,0.002490766862914652,0.0007405861508363895,0.0006788650675258245,0.00012618553152459413,0.19488784295800662,0.00027783437355976144,0.0001102793764371956,0.12222421409386057,0.00012916194094588388,0.0213893504930487,0.0009989823747091706,0.0003672838976230709,0.00017807552741447787,0.02161445292619681,0.0020207966630876213,8.672622125686837e-05,0.006831982010840366,0.14425357637402647,0.0024513384241619737,0.00016039155735631005,0.00013382371117879826,0.00017342304850564866,0.0011914953997031023,0.00020990189711852763,0.00023061535343627503,0.00016793277466881586,0.00013379273385659247,0.0005465711911556995,0.0002649258299159162,0.0012469689286747788,0.03671343839755084,0.007881228786981902,0.0010017075104081761,0.0010907820683081061,0.00018482191192780527,0.00011278347754471751,0.045472875171024406,0.1524425764168053,0.00028714740147906914,0.000329904872082745,0.011285736469509281,0.0008827973554846434,0.00019751817966855633,8.489863449912556e-05,0.052560406188482046,0.000232813478862961,0.00013958602211164856
EhrenbergCarolineAugusteEleonorevon,0.003362984627880824,0.02518470344353261,0.0006737140910041612,0.0006423372270921147,0.0009378927420676305,0.0028020554512917235,0.004195975771524991,0.0014108861761873619,0.0007224244928668969,0.12370105536765835,0.0017971824369571825,0.13536243509559914,0.0010575452201027733,0.01368985204907667,0.004070439102711299,0.0037312052260241725,0.0006935459448357801,0.031772324032439965,0.0015270443512044446,0.0006061219016391624,0.0012926949314028447,0.0007099050048592674,0.0020874494995964357,0.005490646721307549,0.0020186803884906014,0.000978745807230146,0.0033246664593879448,0.011106783116009893,0.0004766681119214405,0.001950397933254364,0.1874034420098624,0.013473143893413073,0.0008815504665737633,0.0007355272121102133,0.0009531746673247473,0.006548744477836693,0.0011536711681681064,0.0012675172918808464,0.0009229988055633596,0.0007353569533179562,0.0030040863529287786,0.10712871795515032,0.006853640297501545,0.2483134241127472,0.0021127029593161,0.005505624720689388,0.005995199854011988,0.0010158255545275547,0.0006198850418946052,0.0007311317022863058,0.000677718298001933,0.001578230986229391,0.001813236299360989,0.004292338987881281,0.004852065990535472,0.0010856072870269813,0.0004666232567835037,0.000453653700511675,0.0012795987164110538,0.0007671982549950492
EichstädtHeinrichKarlAbraham,0.0008494887945937994,0.006361647684345878,0.00017017995453301362,0.0001622541691809782,0.0002369113936210174,0.0007077982717996362,0.0010599020794643571,0.00035638937721630586,0.0001824841857862589,0.004553976237537591,0.00045396768375891776,0.1943497203032355,0.0002671355696382253,0.0034580520585566327,0.0010281915588203586,0.0009425011947897855,0.00017518947419192392,0.008025678446460474,0.0003857308934573886,0.00015310619005856485,0.0003265343082305138,0.00017932176729395846,0.0005272890469038581,0.5085514477193562,0.0005099179923904765,0.000247230864246203,0.0008398096380213327,0.0028055697081730353,0.00012040620598156248,0.053878407992258716,0.02064517784244476,0.030096180713398868,0.00022267935363571504,0.00018579392829403841,0.0002407716028405645,0.0016542106694331974,0.00029141695203712813,0.0003201744448903899,0.0002331491902309465,0.00018575092097993878,0.0007588312101245758,0.00036780933821864095,0.13519557256489886,0.00933814993005983,0.0005336680624006072,0.0013907189669229714,0.0015143854822026988,0.00025659719603802203,0.00015658275469358944,0.00018468362397953733,0.00017119141588423138,0.00039866062038095625,0.00045802288404408185,0.0010842433957543665,0.0012256302498138013,0.0002742240383774588,0.00011786887892622824,0.00011459277334060298,0.00032322620869449904,0.00019379402315641698
EinsiedelDetlevGrafvon,0.0013009162150669374,0.009742295224819193,0.0002606154003917305,0.0002484777680330445,0.00036280863909813,0.0010839298347905758,0.0016231453673472766,0.0005457784995504209,0.00027945823157814317,0.00697400785995655,0.000695210960611612,0.7472844311412082,0.00040909426513352027,0.005295697864588128,0.04245232837773909,0.0014433563983716658,0.0002682870323137139,0.012290609710639102,0.0005907124109752639,0.000234468455077796,0.0005000581279660841,0.0002746152701151513,0.0008074960794184758,0.002123967886066184,0.0007808938609629918,0.0003786119866556813,0.0012860934512901473,0.004296479422789972,0.0001843913501307621,0.0007544798974601678,0.07249399073929576,0.0052118678193055,0.00034101354102480697,0.00028452680661229123,0.041246465045202456,0.0025332758909802906,0.00044627903353541316,0.0004903185653050684,0.00035704716063523475,0.00028446094475203506,0.001162082221722495,0.000563267149827996,0.002651219907857369,0.014300542561658988,0.0008172649718967482,0.0021297618828937503,0.002319146105513366,0.00039295568722150286,0.00023979250329975562,0.00028282647472376536,0.0002621643631103523,0.0006105131329133323,0.0007014211376497171,0.001660421919150279,0.0018769432578822074,0.00041994962188637,0.00018050566037214585,0.00017548859727992548,0.0004949920689964482,0.0002967782373489598
EndeHenrietteFreifrauvon,0.0013009162150669374,0.009742295224819193,0.0002606154003917305,0.0002484777680330445,0.00036280863909813,0.0010839298347905758,0.0016231453673472766,0.0005457784995504209,0.00027945823157814317,0.00697400785995655,0.000695210960611612,0.05236276885326613,0.00040909426513352027,0.04617344270505532,0.0015745835372719089,0.0014433563983716658,0.0002682870323137139,0.012290609710639102,0.0005907124109752639,0.000234468455077796,0.0005000581279660841,0.04115236011058234,0.0008074960794184758,0.1656349472479349,0.0007808938609629918,0.0003786119866556813,0.0012860934512901473,0.004296479422789972,0.0001843913501307621,0.0007544798974601678,0.4812714391439675,0.0052118678193055,0.00034101354102480697,0.00028452680661229123,0.00036872020473527415,0.12516651041238186,0.00044627903353541316,0.0004903185653050684,0.00035704716063523475,0.00028446094475203506,0.001162082221722495,0.000563267149827996,0.002651219907857369,0.014300542561658988,0.0008172649718967482,0.0021297618828937503,0.002319146105513366,0.00039295568722150286,0.00023979250329975562,0.00028282647472376536,0.0002621643631103523,0.0006105131329133323,0.0007014211376497171,0.001660421919150279,0.0018769432578822074,0.00041994962188637,0.00018050566037214585,0.00017548859727992548,0.0004949920689964482,0.0002967782373489598
EnslinTheodorChristianFriedrich,0.0035225052583002015,0.06576436841336515,0.00011433551459621989,0.0001090105704846127,0.00015916907592140577,0.004495164447423321,0.0007120959105301202,0.029567196831031373,0.0001226021204718125,0.006725561485253533,0.0003049984874837933,0.17906502871272423,0.00017947520849534427,0.015665288536867227,0.0006907911763392185,0.008672479472994097,0.000117701163680174,0.0615613418307156,0.0002591535549538215,0.00010286449468298999,0.006122933593892616,0.0001204774475238265,0.0003542594936291839,0.01674647843140555,0.004008558288344799,0.00016610221906114198,0.0005642266587126571,0.008907910302082161,8.089498883259931e-05,0.008370259998985382,0.10395600691836361,0.02428233447006456,0.0001496072704788156,0.00012482577315667989,0.00016176256002931443,0.0011113825283312747,0.00019578867126071112,0.0002151094117844545,0.00015664143709461344,0.00012479687866436158,0.000509821248567995,0.0002471129462569301,0.0277291070366871,0.012711633706589445,0.0003585452393942445,0.0009343554543670695,0.001017440884150082,0.00017239499524759232,0.00010520022692397752,0.00012407981447132686,0.02118397440016442,0.011764338351008834,0.00030772297646762976,0.07261556686741706,0.2956994387456555,0.00018423760088887527,7.919028397845461e-05,7.698923028190218e-05,0.00021715974130726113,0.00013020064216177877
FalkElisabethCharlotteKaroline,0.0003955170020452623,0.02781803252244329,7.923478903248137e-05,7.554458984299085e-05,0.00011030455581248204,0.00032954672539132427,0.0004934841937870827,0.00016593280445185082,8.496356696189741e-05,0.0021203046353513114,0.00021136469185754867,0.10291613359316402,0.00012437675495588632,0.22531482870491185,0.0004787199613001717,0.0004388230302267659,8.156719201388435e-05,0.3641499654012657,0.00017959404237869673,7.12853443999716e-05,0.00015203245937812766,8.349116345375546e-05,0.0002455026886404558,0.0006457490505597898,0.000237414827508888,0.00011510924083051022,0.0003910104434958945,0.05101843012689875,5.6060423540069995e-05,0.00022938420145028946,0.022040317086852473,0.0015845619503188561,0.00010367820144053686,8.650456366785707e-05,0.06225231849705805,0.0007701907887300111,0.0001356820242343597,0.00014907134429607857,0.00010855289597259344,8.648453971457252e-05,0.1122056973330984,0.0001712498713370911,0.0008060492578797694,0.01677583118614436,0.00024847272085433674,0.000647510596944221,0.0007050890013776907,0.00011947014999616064,7.290401251026609e-05,8.598761248895501e-05,7.970571950721425e-05,0.0001856140474248124,0.00021325276933389505,0.0005048173679338512,0.0005706462582053685,0.00012767710443980604,5.487905893994716e-05,5.335372338772268e-05,0.00015049222763018852,9.022936092967228e-05
FalkJohannesDaniel,0.0063645063951076695,0.05259380303421208,0.0006988753734947807,0.0001248436322841588,0.0015862756656734689,0.0005446029992446951,0.002738252897008887,0.0010399417324059614,0.0015443976026598963,0.018500184450262316,0.0016663421428329043,0.09513697628212157,0.002585380875739177,0.016933492960847476,0.0012127500729125049,0.011346684405783097,0.005526300877514966,0.08781330545103132,0.010388980063229277,0.00011780487976724895,0.0037302031193442234,0.0035526779713403226,0.006361204585252275,0.01436166412631108,0.043050247496149066,0.00047985000843192414,0.12760990138288486,0.013100100766406669,9.264444901582924e-05,0.003280766372689443,0.15008372394738873,0.020541640351331422,0.00017133673348980734,0.0001429558881701116,0.009241332060259183,0.006554326976811663,0.00022422567620381827,0.009705763283319756,0.00045055916031336806,0.0009084090209047781,0.0011062303836935304,0.00028300446147568736,0.10242860324205516,0.06251885785922595,0.008264935341977692,0.005035505225303492,0.00514440482066424,0.0005792032354083419,0.00012047986161269537,0.0062302763474108855,0.004406996040324532,0.004756723432040956,0.0021528239122572354,0.013965260083309648,0.045631791000438765,0.002610729746368215,0.0008993144120195782,8.817140496031934e-05,0.0015203425980791821,0.00014911142122222794
FalkensteinKonstantinKarlvon,0.00046974303922704105,0.009204558577069668,9.410465395965919e-05,8.972192104638214e-05,0.00013100523370677882,0.0031357078996816176,0.06175351145797899,0.00019707314595229138,0.00010090854239354432,0.0025182187828758063,0.09225112397280442,0.30719166030058154,0.00014771833974279802,0.007598953132212941,0.008801507580750366,0.003364550798360641,9.68747752427414e-05,0.15279427215070235,0.0002132981663437686,8.466334988794473e-05,0.000180564145561739,9.915981529633597e-05,0.00029157578183498746,0.0007669357322677589,0.0002819700848633207,0.0001367116062046137,0.0004643907421108925,0.044694707699952686,6.658119271204937e-05,0.000272432364178357,0.0744631233504939,0.0018819341331403159,0.0001231353221086,0.00010273873546325595,0.00013313981914496508,0.0009147312505198061,0.00016114525065355183,0.00017704732279318557,0.00012892484269292533,0.00010271495364698865,0.0216083943927762,0.00020338805819507887,0.0009573192206786943,0.14948242046688523,0.0002951031951991062,0.0007690278652180065,0.03482137983766837,0.002985265478716489,8.658579082903634e-05,0.000102124768891266,9.466396319623238e-05,0.00022044793601713622,0.00025327357224209354,0.0005995556283082503,0.0006777385201313107,0.00015163806048570154,6.517812332482383e-05,0.010657757734653774,0.00017873486100848453,0.00010716255941322966
FichteJohannGottlieb,0.00012555890039708006,0.12324601346201833,2.515349007164672e-05,2.398201741665931e-05,3.5016746852815837e-05,0.2092079586746316,0.00015665908776319793,5.2676219629096636e-05,2.6972120000870906e-05,0.0006731015788066586,6.709880524773099e-05,0.008999177838091333,3.948403862909293e-05,0.0005111182357571256,0.000151972106453476,0.00013930662110419722,2.5893923357987e-05,0.11954661985585258,5.7013049659885976e-05,2.2629898110583122e-05,4.826348380845822e-05,2.650469795714813e-05,7.793608737632671e-05,0.0002049963473162326,7.536855438787701e-05,3.654201874883639e-05,0.00012412827027724282,0.05564952307748718,1.7796668914577415e-05,7.281919096682645e-05,0.030668888171140232,0.193824985362816,0.08288518091089701,2.746131730696719e-05,3.558730602674911e-05,0.0002445010151999315,4.307295433172451e-05,4.73234626419124e-05,3.446067345463365e-05,2.7454960600319908e-05,0.00011215923380812395,5.436414977621102e-05,0.00025588447010347324,0.16708476301754852,7.887893933209705e-05,0.0002055555592486752,0.004169180201563425,3.792641172496426e-05,2.314375260226219e-05,2.7297208504447265e-05,2.530298936564715e-05,5.8924131130635634e-05,6.769818512411722e-05,0.00016025686200935794,0.0001811545807777306,4.053175149600935e-05,1.7421638664569392e-05,1.6937413072032255e-05,4.777452934220804e-05,2.864377329742307e-05
FischerMaximilianDavidBenjaminvon,0.00013401891651319508,0.030481893378119983,2.6848303666777733e-05,2.559789851469581e-05,3.737613548852288e-05,0.00011166522513326116,0.00016721459918469934,5.6225483485253635e-05,2.878947081528169e-05,0.000718454398769864,7.161984654366982e-05,0.0727732175364042,4.2144428311346034e-05,0.11424739037013774,0.0001622118143971612,0.00014869294302877542,2.7638626507068675e-05,0.005477343726830272,6.0854524198338684e-05,2.415467494532854e-05,5.15154225364029e-05,2.829055440508695e-05,8.318733243458629e-05,0.00021880876839156383,8.044680198922795e-05,3.900417847270192e-05,0.00013249189216059742,0.01728733453291259,1.899578825501717e-05,7.772566535608558e-05,0.09169182932115708,0.0047480997466525935,3.5130829145765614e-05,2.931162968029929e-05,3.7985138291632645e-05,0.00026097521593326334,4.597516107822093e-05,5.051206381120281e-05,0.09268272105740362,2.930484466597721e-05,0.00011971639560698523,5.80271444487602e-05,0.004484304696141676,0.5405041404071776,8.419371268437404e-05,0.02127530076459515,0.0002389158077184125,4.0481850275356926e-05,2.470315236909123e-05,2.9136463413037927e-05,2.7007876053427037e-05,6.289437216824228e-05,7.22596119554332e-05,0.00017105478737370532,0.00019336057069991786,4.326273488138618e-05,1.859548889267172e-05,1.8078636729626685e-05,5.099352287350445e-05,3.057375821252018e-05
FouquéFriedrichFreiherrdelaMotte,0.002074839863881669,0.02007055858762242,3.289798022154784e-05,3.1365823684857065e-05,4.579802811083489e-05,0.0007294579106326003,0.00020489274275973312,6.889466338738102e-05,0.08983454452942967,0.05454449127212074,8.775780862384446e-05,0.0032276706637386645,5.1640751171580565e-05,0.018712884520895284,0.00019876269011150029,0.015876909676671918,3.3866384985261156e-05,0.05851669134264074,0.034285275455050036,2.9597401328286838e-05,6.3123293476614e-05,3.466521054091141e-05,0.00010193177383131098,0.037463617455121064,9.857372493902621e-05,4.7792914884989875e-05,0.00016234603503864146,0.005855996372507319,2.3276072636184826e-05,9.523943982931109e-05,0.1718619288048772,0.1427254241750494,4.3046791214377e-05,3.591636274127233e-05,4.654425634261563e-05,0.0003197802586950958,5.633465557473388e-05,6.18938498623571e-05,4.507074566998795e-05,0.1744040125070501,0.00014669186045251098,7.110228914575309e-05,0.027083386679902347,0.00549370167574796,0.00010316491980447135,0.03989499079591371,0.0002927502465141323,4.9603547628906475e-05,3.0269466113565545e-05,0.021052551679971967,3.309350874674067e-05,7.70662399128709e-05,8.854173114363724e-05,0.061682950735209914,0.01149692626808708,5.301104360716307e-05,2.2785574589508063e-05,2.215226112403353e-05,6.24837951678657e-05,3.7462884264769285e-05
FranzIII,0.0005412906425992579,0.004053614815126835,0.00010843794236360118,0.0001033876656870754,0.00015095893119287796,0.000451006044825192,0.0006753650917312986,0.00022708979357544975,0.00011627814612396236,0.002901774266695508,0.582755764962324,0.12111345265798472,0.000170217647449648,0.05274609286350528,0.0006551592830075302,0.0006005577479362495,0.00011162998695858818,0.005113928130925946,0.007145841221811202,9.755861234444306e-05,0.00020806627074735652,0.00011426306652696352,0.0003359863353708126,0.010992276776762577,0.00032491757340477487,0.00015753445393260047,0.0005351231252473256,0.0422218065248661,7.672232173452413e-05,0.00031392714134432023,0.06835546052159532,0.0021685756917935793,0.00014189033591749674,0.00011838709995628533,0.00015341864006992724,0.001054055994558707,0.0001856896409185967,0.00020401379290876974,0.00014856167121303995,0.00011835969587887596,0.0004835240158160201,0.0002343665440973542,0.008003185771867809,0.07125919784710494,0.0003400510168820467,0.000886160203726607,0.0009649599806627858,0.00016350264066638284,9.977386452588017e-05,0.00011767961877501279,0.00010908244122956536,0.0002540248497194265,0.0002918502313475909,0.0006908752748204482,0.0007809663761698356,0.0001747343895459804,7.51055477393791e-05,0.006973073166240384,0.00020595836380964583,0.000123484726336375
FrauenholzJohannFriedrich,0.0007810208099483405,0.023216216232616663,0.00015646361290722112,0.00732331470635814,0.0002178165618068621,0.0006507504078206505,0.0009744749852351083,0.0003276647341576312,0.00016777613488556744,0.02570934431110684,0.00041737832248782213,0.3591015632831945,0.00024560469813450904,0.003179336368890983,0.0009453203022364917,0.000866536499617967,0.00016106937007124005,0.03983823831523864,0.0035153018285064494,0.00014076597752513514,0.00030021595518757243,0.00016486860430014853,0.000484790053866057,0.24291878413392595,0.0004688190897379361,0.00022730429296613494,0.05816522632879293,0.0025794434721079567,0.00011070158090018563,0.00045296114675130034,0.06809673762231927,0.031542309571578726,0.00020473161063707876,0.00017081911531167468,0.0065426865943805776,0.02304329707531705,0.0002679290243275633,0.0002943686907519779,0.00021435758841297693,0.00017077957434597207,0.000697670140109346,0.0003381642572218373,0.06796556199199166,0.008585503973930349,0.003651315403076018,0.0012786283478595827,0.0013923274602456934,0.0002359157073707113,0.00014396233437453064,0.0001697983004633571,0.00015739355144059198,0.007540667023620321,0.0004211066775071912,0.0009968544147049487,0.0011268456235075913,0.0002521218430706667,0.00010836875997956528,0.00010535670537184695,0.00029717448531127645,0.0001781744101770604
FriedrichAugustI,0.00026864513409915027,0.0020118284150762145,5.381826929026153e-05,5.131179282784184e-05,7.492163936002007e-05,0.00022383645652875587,0.00033518692427935283,0.00011270575037963664,5.7709399904404126e-05,0.0014401644433728238,0.36312551959695183,0.09522755890731656,8.447983232366202e-05,0.0264179082387923,0.00032515868479582403,0.00029805968186311804,5.540249628549082e-05,0.03630383027303377,0.00012198480810873503,4.841880578231866e-05,0.00010326428503922256,5.670930626532567e-05,0.00016675162476067118,0.00043860905949671746,0.00016125814527172456,7.818510273655689e-05,0.00026558416574744845,0.0008872426043442488,3.807765512404897e-05,0.00015580354128945262,0.0065288990334903966,0.0010762744848655222,7.042085216342822e-05,5.875608377533292e-05,7.614240463677912e-05,0.0005231330300603008,9.215865666152177e-05,0.00010125302091103962,7.373186776954588e-05,5.8742483000682264e-05,0.0002399752810159377,0.00011631723645738574,0.0005474890076883488,0.2646377927812486,0.00016876894562994086,0.00043980554627786776,0.00047891425235183446,8.114714234937308e-05,4.951824603217755e-05,5.8404957482251415e-05,5.413813715910604e-05,0.00012607374753366077,0.17741510393489066,0.017225766347031476,0.00038759734667794665,8.672151302284019e-05,3.727524245966579e-05,3.6239196039778496e-05,0.00010221812074709555,6.128606012203365e-05
FroriepLudwigFriedrichseit1810von,0.0005952611483416669,0.004457788884360258,0.00011924997222417017,0.00011369614724120716,0.00016601060440062082,0.0004959745375654591,0.0007427037683920959,0.00024973225225412315,0.00012787189975503352,0.0031911016860128416,0.00031810816865872365,0.136186419907875,0.00018718955088959337,0.0024231561999425483,0.019424941781212447,0.0006604376032908486,0.00012276028624335502,0.005623822937588514,0.0002702926937371733,0.0001072858960500573,0.00022881194964224458,0.0001256559024690848,0.0003694865495171826,0.0009718654808492222,0.0003573141536911898,0.00017324175326770326,0.0005884786858854548,0.0019659431141033985,8.437207988637467e-05,0.00034522789781641234,0.05187558486018648,0.002384798027108257,0.00015603780603198956,0.0001301911312015626,0.00016871556365080783,0.0011591528328006866,0.0002042042115444233,0.00022435541109902754,0.00016337432064441264,0.00013016099474380007,0.0005317347802712839,0.00025773454627321923,0.019917579043227152,0.025247967810768,0.0003739565085255294,0.0009745166440564454,0.0010611733161224061,0.00017980501043322381,0.00010972202454298028,0.0001294131091423374,0.00011995873218576214,0.7110487753005966,0.00032094976373786343,0.0007597604264423847,0.0008588342478317286,0.0001921566441209029,8.259410208809323e-05,8.029844099709516e-05,0.00022649386947312552,0.0001357970269884504
FörsterErnstJoachim,0.0017859425712625082,0.03278038116803087,0.0003577817947808932,0.0003411188351739247,0.0004980761914431406,0.0014880561974657377,0.010765646457402673,0.000749263515619043,0.0003836498822020311,0.09158952124150754,0.0009544095432008242,0.03299402088051173,0.0005616186925025855,0.007270116362125022,0.002161642493693043,0.005426886255276501,0.00036831367522164986,0.17866272275544517,0.01803793481674103,0.00032188636800106356,0.03627450694118608,0.0003770012979599659,0.0080897353279487,0.002915856243305303,0.0010720379789098055,0.000519771571087583,0.001765593370794302,0.02561279813598714,0.000253138794149133,0.013498027298467403,0.2591950592079282,0.017099286004837722,0.03492212409123184,0.00039060819652257124,0.0005061917922880767,0.0034777683651378496,0.0006126672228555262,0.0006731262083727819,0.0004901666354385925,0.0003905177790931537,0.008486140277241061,0.0007732725368633791,0.0036396859723802502,0.07001125503087922,0.0011219694922758408,0.002923810441640497,0.045070864306231306,0.003984859993169404,0.0003291954047099056,0.000388273922362696,0.0003599082641326053,0.0008381334491465799,0.0009629350880583444,0.03211224762536119,0.015472242212474816,0.011068535840256423,0.00024780438546219506,0.00024091678850911603,0.005925549425275446,0.0004074273824609713
FörsterLuise,0.0018223795903423712,0.013647427693786504,0.0003650813027788706,0.00034807838342913337,0.0005082380029049782,0.0015184157022624894,0.0022737720964299355,0.0007645500816339608,0.0003914771540878793,0.00976949125522135,0.0009738815235966037,0.3024052650598466,0.0005730769058536777,0.007418442166583735,0.0022057445886057908,0.0020219159477901155,0.0003758280559343167,0.017217216627882514,0.0008274954444071293,0.0003284535331054328,0.0007005030115204734,0.00038469292461579377,0.0011311753650007314,0.0029753458995131995,0.001093909829057966,0.0005303760143421612,0.0018016152229938566,0.006018693840337397,0.0002583033628316215,0.0010569080087792344,0.3878692592068671,0.007301009420484345,0.0004777064887011288,0.00039857743278943645,0.0005165191792323458,0.003548722221277967,0.0006251669345752668,0.0006868594117200187,0.0005001670751700687,0.0003984851706525497,0.001627894939458362,0.0007890489378703313,0.00371394329137488,0.1918227459189763,0.0011448600512752713,0.002983462380377052,0.0032487599745169523,0.0005504692892651663,0.00033591168967641417,0.0003961955344822513,0.0003672511566187448,0.0008552331504300523,0.0009825810076645098,0.0023259906993017858,0.002629303137111912,0.0005882835581831367,0.0002528601208852982,0.0002458320023355945,0.0006934062574306951,0.0004157397658193536
FüssliJohannHansHeinrich,0.00032991402856907,0.08540384877323477,6.609240138186221e-05,6.301428217451698e-05,9.200873840931182e-05,0.0002748860029110831,0.0004116317568285591,0.00013841013080446302,7.087096765258584e-05,0.0017686173803531523,0.00017630639549599936,0.3139120799515701,0.00010374683281794467,0.0013429958027704296,0.0003993164141421536,0.00036603704261095566,6.803793712333992e-05,0.10678340214817733,0.00014980542864597156,5.946150235593882e-05,0.00012681538565303353,6.964278638467982e-05,0.00020478204632184667,0.000538640992961542,0.0001980356894405378,9.601648771492e-05,0.00032615495657389404,0.0010895927182857184,4.676188400941679e-05,0.00019133707425781854,0.09095111085207068,0.0013217363952590126,8.648147345162353e-05,7.21563648128744e-05,9.350791907284162e-05,0.0006424420304632798,0.00011317693800288552,0.0001243454200112944,9.054762004658168e-05,7.213966216024044e-05,0.0002947055489482364,0.00014284527505163772,0.3116718158468588,0.06582652863440278,0.00020725945004303805,0.0005401103580234578,0.010954787209654348,9.965406866244868e-05,6.08116878458724e-05,7.172515845480842e-05,6.648522032337838e-05,0.00015482691724570276,0.00017788130439561897,0.00042108513840229816,0.0004759952289253402,0.00010649976527924301,4.577646807933039e-05,4.450413441389567e-05,0.00012553062656994756,7.526334343552251e-05
GablerGeorgAndreas,0.0022003832762410762,0.2239013538793887,0.00044080761075249533,0.00042027789258471836,0.0006136583222665366,0.0018333702458841407,0.002745405030588657,0.0009231354556380113,0.00047267857226363527,0.01179590974860178,0.0011758870813295028,0.019425889594042497,0.0006919463136675669,0.008957198689898508,0.002663267043895948,0.002441308090290159,0.00045378348912736885,0.36649368893033135,0.0009991371428260175,0.0003965823943033243,0.0008458035415204474,0.00046448713665292685,0.0013658073042707266,0.00359250147061367,0.0013208120340739086,0.0006403882694157247,0.0021753118987423783,0.0072671101790629375,0.00031188145586329337,0.001276135180270633,0.19175813790229373,0.008815407675573322,0.0005767938657018942,0.000481251613025479,0.0006236572061406254,0.004284809305978964,0.0007548410193948013,0.0008293299434908478,0.0006039132974068643,0.0004811402135870131,0.0019655580095630397,0.0009527159414134343,0.004484301048232071,0.02418808708001928,0.0013823305110596295,0.003602301497375053,0.003922627949924249,0.0006646493543948362,0.0004055875450838441,0.00047837565390663664,0.00044342754247607744,0.0010326282907611546,0.0011863910396466338,0.07194949963399466,0.003174681433949954,0.0007103071774802852,0.0003053091596135457,0.0002968232466884002,0.0008372347564564037,0.0005019738109585752
GoetheJohannWolfgangvon,0.001171202920162192,0.008770898912812243,0.00023462965135101198,0.00022370225241654892,0.0003266332855647715,0.0009758520749103919,0.0014613028664471278,0.000491359370443624,0.011193761709552504,0.02152392241822004,0.0006258920426748521,0.018946099963175353,0.00036830380957418655,0.04853634027054671,0.0014175830968463133,0.0012994405089498387,0.00024153635111028447,0.03688383802530904,0.0005318129582039838,0.00021108979663144765,0.0004501977398249138,0.0002472336054812301,0.0007269813038542055,0.5056633949587966,0.0007030315709067595,0.0003408608942250186,0.012100026152419905,0.0038680809633304977,0.00016600583898071077,0.0335057554132031,0.0917808942837292,0.1620223667905625,0.0003070113589463968,0.00025615687075711654,0.00033195541381312877,0.002280685017781819,0.00040178091504297414,0.0004414293010141967,0.0003214462794209153,0.0002560975759292361,0.0010462119510747457,0.0005071042416640489,0.0023868689329196485,0.012874647124954874,0.0007357761480300193,0.001917405062375168,0.002087905938600566,0.00035377439610473636,0.0002158829883469668,0.0002546260775745718,0.00023602416826014195,0.0005496393663051327,0.0006314830080248985,0.0014948626036689497,0.00168979477628947,0.00037807678755777326,0.000162507588179139,0.00015799077235641973,0.00044563681346375985,0.00026718672132609633
GoldschmidtCaroline,0.01532073247341582,0.03929707010156765,9.797865701790796e-05,0.005576855593819309,0.001597835018979662,0.0008709062438138587,0.0039480038146486205,0.002257964959383106,0.000105062640893323,0.020405885583922583,0.002514054243099569,0.052142475948393704,0.000153799455562727,0.021668904018711216,0.002166657148602446,0.003918320521281237,0.00010086281578873203,0.06310888168429685,0.013241105460808965,0.004585981699979925,0.000969135741167988,0.0005934741274508272,0.010299576619327191,0.0027913454409098475,0.0008895196606668738,0.0011389076960017282,0.0041550041097288505,0.3482456938216627,0.0013336476189530395,0.00028364757795987006,0.20644329618476678,0.01417823416546167,0.001977046486590033,0.00010696817745829133,0.004970664412350459,0.002364337457884378,0.0008080262954686401,0.0022390165173639567,0.000442372630082511,0.00010694341661681041,0.013594576061551721,0.0010062202998113582,0.008593011723663212,0.08908618075418769,0.0045039382358320985,0.0019843339220301237,0.005413642320837774,0.002511777403683461,9.01502651069649e-05,0.00010632893574551437,0.0027387908465671784,0.001470052879374521,0.0009265887113675878,0.002656739725568255,0.0023353877321758447,0.0001578805393148607,6.786130888968998e-05,6.597513829804041e-05,0.000762536626785257,0.004511830327349277
GöschenGeorgJoachim,0.0008845747823889215,0.05485433690953785,0.0001772088074687076,0.00016895566758310095,0.005494567566509673,0.0007370320906372887,0.005512191746788802,0.008106453338140014,0.0001900212338980719,0.007052206632901946,0.0004727176716494132,0.09631582119829776,0.0002781689292253304,0.019996399175369578,0.003440078103265742,0.0038519001596709875,0.0039309046230397585,0.04561383095250787,0.0009541871187741326,0.00015942985430221295,0.0003400209826000596,0.0001867281997021506,0.0005490673883980702,0.3651177257644256,0.0005309788663789089,0.0002574421102811407,0.0020226843867002325,0.04703384542729528,0.00012537928002375294,0.007634720286853399,0.1392256376247603,0.03204861906156092,0.00023187656157254758,0.001900318697770018,0.00025071606540727265,0.005295567368073241,0.00030345319275923855,0.00033339844117759917,0.0004555504801647381,0.002934093409383642,0.001997265051759332,0.0009570950403819743,0.004112871134001401,0.04318321686973323,0.002994921348002518,0.0014481590991653702,0.011477915205540904,0.0002671952947366135,0.00016305000965335955,0.00019231151432740643,0.00017826204467482766,0.00041512628979307656,0.047060780978381164,0.01379793691341864,0.0057190955407158605,0.00028555016925154694,0.000122737155086843,0.00011932573823952214,0.00033657625037308473,0.0002017981955180842
HaugFriedrich,0.04364649249106607,0.0034309914809518,9.178219279076143e-05,8.75076237841186e-05,0.00012777208257764558,0.00038173284049549815,0.0005716309965158379,0.0001922094680187545,9.841816427239909e-05,0.002456070258951313,0.00024483582444167064,0.018440850919495568,0.00014407271656103956,0.0018650116671488685,0.0005545287406877094,0.0005083138410930637,9.448394870781348e-05,0.033120672119153864,0.00020803406209507914,8.257389592079191e-05,0.00017610790244392138,9.671259498521796e-05,0.0002843798207150088,0.0007480080981680088,0.00027501118808902734,0.00013333762433030634,0.14441407145746174,0.001513112049830196,6.493799837312838e-05,0.0002657088541251084,0.011134447051266738,0.5488878271903703,0.00012009639691113278,0.00010020318898797372,0.00012985398739289464,0.000892156088506881,0.00015716825725898921,0.00017267787330325126,0.0001257430346923463,0.00010017999409639592,0.0004092561466150208,0.0001983685310250616,0.0009336930064298344,0.1202052049484149,0.00028782017908003763,0.0007500485982039143,0.0008167449607591392,0.00013838911510439858,8.444889187114905e-05,9.96043748389772e-05,9.232769852316463e-05,0.0002150073786204433,0.00024702289268598536,0.058169215530272,0.0006610122337103869,0.00014789570033254716,6.356955611678305e-05,6.180267261227244e-05,0.00017432376382302031,0.00010451783492273196
HeimAntonChristoph,0.0015986273062074143,0.0119717926421024,0.00032025651664504905,0.0003053412205663513,0.0004458363964357061,0.001331984190711272,0.020048539120439312,0.000670678405278637,0.00034341147782700806,0.008569990341813077,0.0008543080732921949,0.050221222927828914,0.0005027143604491476,0.06486775214206159,0.015025715497676171,0.00177366453296718,0.10505602663373803,0.1428467146895033,0.0007258953185175599,0.000288125914943988,0.0006144950526398127,0.00033746021797800184,0.0009922893321361091,0.0026100320841940853,0.014050392125957668,0.0004652562965356431,0.001580412393784465,0.018370509756404734,0.038402128489448746,0.039102680229954195,0.11520261602800064,0.0064045894084399264,0.0004190535502247455,0.0003496399822912508,0.00045310080757957825,0.0031130090981836465,0.0005484087606370999,0.0006025266179012106,0.01952652626296802,0.0003495590481257576,0.001428021536043481,0.0006921692849822194,0.016348737134996145,0.12796448764206989,0.0010042938087398286,0.002617152021230269,0.09311958334312455,0.0004828825134518531,0.00029466835693111606,0.00034755053413530426,0.0003221599552136571,0.0007502273811102211,0.0008619394322333134,0.0020404049000514422,0.04048201623745848,0.018569995344038297,0.00022181388336455342,0.00021564867920820726,0.0006082696400345126,0.0003646951191931607
HeimJohanna,0.011276335921339121,0.011832420292489794,0.0001267061974769091,0.00012080511396369323,0.000176390585524872,0.0005269858476960752,0.0007891420734910644,0.00026534701417775877,0.00013586721975625642,0.014345420612588278,0.00033799820398549885,0.016434944412296062,0.00019889376708654238,0.024380605088263608,0.01965970252239722,0.0007017321331231794,0.00013043599743430196,0.020167265450161707,0.00028719301808178107,0.00011399405532650052,0.000243118648463472,0.00013351266499632837,0.00039258907012723783,0.00103263235404355,0.0003796555829277939,0.00018407386929633583,0.03714124745387747,0.009392060406276392,8.964752960717039e-05,0.000366813621667231,0.24145437466604353,0.05921642076967744,0.0001657942278408819,0.00013833146349717876,0.00017926467509092158,0.004883227391535196,0.019111142563739237,0.0002383834603356389,0.00017358946545759557,0.00013829944272688172,0.0005649820357839754,0.00027384965973264265,0.0012889721508965277,0.3120190161774191,0.00039733851784837097,0.0010354492839145816,0.08035580271482629,0.00019104750076136376,0.0001165825052199996,0.0190316750719342,0.00012745927337271212,0.00029681974842963915,0.000341017472674049,0.007903168861023204,0.019806704005851865,0.00020417143285127252,8.775838194686637e-05,0.014691708599253082,0.04405982387877854,0.00014428787359405598
HempelFriedrichFerdinand,0.0005094930276854565,0.0038154889863090055,0.00010206785638397794,9.731425350952862e-05,0.00014209098930712859,0.00042451211456199085,0.0006356913981127024,0.0002137496150490074,0.0001094474946728568,0.05075959970830501,0.016281702753497808,0.1966111641162368,0.00016021837020527074,0.0020740160722784004,0.0006166725608128902,0.0005652785420909816,0.00010507238729069634,0.3250020983144426,0.0002313476081499047,9.182762247926247e-05,0.0001958436113605152,0.00010755078905095264,0.00031624913086803684,0.0008318343767610414,0.00030583059301981966,0.0001482802390846387,0.03252254612850194,0.0016826804710039626,7.221534036478834e-05,0.016304914940211246,0.20449538991873648,0.002041184731499197,0.00013355512021927387,0.00011143255997551818,0.00014440620487593054,0.0009921364563756398,0.00017478147582071428,0.00019202919256011784,0.00013983455413320463,0.00011140676572512588,0.00045511984761783565,0.0002205988996354059,0.001038328250712676,0.08564783446885334,0.0003200750364476923,0.0008341035474823281,0.0009082743048768461,0.00015389783024451057,9.391274173347208e-05,0.00011076663911764763,0.00010267449476402296,0.00023910239639356206,0.0002747057611895042,0.0006502904499346587,0.0007350892334007888,0.00016446978049177452,7.069354225293847e-05,6.872865117437447e-05,0.04822214700110795,0.0001162307310392733
HerderCarolinevon,0.0006943245793219201,0.13264297498883315,0.0001390955667598404,0.00013261747356382687,0.00019363810889481904,0.0005785146789923907,0.0008663046177064779,0.00029129272332407394,0.00014915235649404077,0.04013454245006158,0.00037104776785475656,0.013351919409538636,0.00021834165817298718,0.05744498400632122,0.000840386213548185,0.04771423253769856,0.00014319006765486515,0.21013718651258867,0.0003152748359198011,0.0001251404276083796,0.00026689086146773356,0.000146567572676667,0.00043097654495565234,0.0011336034495582719,0.0004167784175711126,0.00020207266641488988,0.0006864133786584877,0.005904183664412411,9.841329143826125e-05,0.0004026807655586968,0.0713419300431734,0.06055876541952635,0.00018200563623764542,0.0001518575547132553,0.00019679322778457236,0.0013520591848574584,0.00023818790067408393,0.0002616926652510454,0.00019056309448290613,0.0001518224029426139,0.0006202261455350047,0.00030062676006391173,0.00502607629104695,0.15944818791005558,0.014880462650474914,0.011969900011212736,0.12401408807629816,0.00020972818161712846,0.00012798197689432769,0.00015095005413056208,0.00013992227863838906,0.0003258428707945238,0.00037436226152433923,0.029774744357618663,0.001001761545322212,0.00022413537564957653,9.633942236369686e-05,9.366171708137923e-05,0.0002641870061216524,0.00015839638434256496
HerderCarolinevonANDHerderJohannGottfriedseit1801von,0.000203399659059922,0.0015232184088714506,4.074750008609549e-05,3.884976812230074e-05,5.6725523628558106e-05,0.00016947360351714623,0.0002537805359787451,8.533305945846745e-05,4.3693597148036405e-05,0.096959588800151,0.00010869698657407144,0.04653465366423308,6.396233138445882e-05,0.013610547445293816,0.00024618784125616665,0.00022567033597597827,4.1946968045132615e-05,0.00831292981302076,9.235852517116252e-05,3.665939687028689e-05,7.818462984813428e-05,4.293639487858648e-05,0.00012625288649929743,0.0003320846791488844,0.0001220936008347671,5.919639413350142e-05,0.0002010821038910292,0.007063038885229192,2.8829787280548213e-05,0.00011796374903595682,0.13276882777687524,0.06472767792357367,5.3317836441675455e-05,4.448607434366602e-05,5.7649803317887365e-05,0.00039608042897950864,6.977621019353955e-05,7.666183867857276e-05,5.5824710231460374e-05,4.447577677048952e-05,0.00018169281384949925,8.806742886879414e-05,0.00041452110374634685,0.07893126141133079,0.00012778026341754995,0.0003329905768275145,0.3263178644087342,6.143904725055521e-05,3.749181757549689e-05,0.03200061859851401,0.1470404221974361,9.545438948947774e-05,0.00010966795447932378,0.038607286812704984,0.00029346211101567113,6.565957816863381e-05,2.8222255478759955e-05,2.743783223103588e-05,7.739254604191593e-05,4.640159880709691e-05
HerderSusanneSophievon,0.0006849413473017914,0.19883111337418927,0.00013721580329654272,0.00013082525626167125,0.0001910212473320705,0.0005706965235911558,0.0008545972153328107,0.0002873561390663277,0.00014713668369631362,0.003671863171792458,0.00036603335903211023,0.4580176425350489,0.02173780515247661,0.002788221399859772,0.000829029077328204,0.000759937084869437,0.00014125497034188266,0.006471090664307286,0.00031101415291412014,0.00012344925650149716,0.0002632840485278122,0.00014458683113011922,0.0004251522474484236,0.0011182837208567307,0.00041114599620865536,0.0001993418186667824,0.0006771370600814279,0.0022621260081294053,9.708331584049172e-05,0.00039723886249807004,0.08121341383556935,0.04578891271212719,0.00017954597808258365,0.00014980532336163665,0.0001941337273559745,0.13046827243002168,0.00023496898490619483,0.00025815610170548507,0.00018798778923913517,0.0001497706466385878,0.0006118442935858937,0.00029656403389066564,0.001395885541781583,0.029051748358039437,0.0004302956366215457,0.0011213343000926364,0.0012210463976869517,0.00020689387580702,0.00012625240455977626,0.0001489100869112807,0.0001380313428363881,0.00032143936939211664,0.00036930306001530807,0.0008742235765995893,0.0009882235527341042,0.00022110636832897642,9.503747341986632e-05,9.239595514675706e-05,0.0002606167335877842,0.00015625578602630302
HärtelGottfriedChristoph,0.0010114854936361028,0.007574807801221736,0.00020263310877467733,0.00019319588375149054,0.0002820901693463267,0.0008427747239307278,0.0012620243902870696,0.000424352489914444,0.00021728374513645845,0.005422415141844667,0.0005405388860029572,0.008929810427807371,0.00031807806676541905,0.0041174992721840775,0.0012242667037452597,0.0011222352694133133,0.0002085979390317916,0.16847203569711094,0.0004592894051839794,0.00018230339377717423,0.0003888040878839339,0.0002135182564683024,0.000627842562833909,0.0016514228055757936,0.0006071588648719492,0.00029437755313032406,0.0009999605311810488,0.03512376277529725,0.00014336755407391453,0.0005866215384837428,0.08814854069704853,0.004052319921083537,0.0002651440929747534,0.00022122465236866094,0.00028668651676470473,0.00196966705882192,0.00034698988551832584,0.3499961411413689,0.00027761051737518454,0.00022117344360097753,0.0009035395946880687,0.0004379502265358851,0.2563267595289402,0.011118926172735476,0.0006354380504727152,0.0016559277411537974,0.0018031773423846,0.0003055300354188486,0.0001864429359564176,0.00021990261408541743,0.0002038374548362632,0.0004746848186409849,0.0005453674090963004,0.0012910075722666805,0.03324253037632511,0.00032651829970016435,0.00014034636118071315,0.00013644550539948454,0.000384865136936637,0.00023075035765460062
IndustrieComptoir,0.007532363273548179,0.00985384469598136,0.0272286229844985,0.0001751046018872549,0.0002556746336440295,0.0007638554696349355,0.0011438456872998356,0.0003846152017499222,0.0001969368236521642,0.004914648419225483,0.0004899216515393166,0.21787738422043987,0.00028829254624114975,0.0073379230210813065,0.034931840000688795,0.0010171467231011248,0.00018906437528269502,0.011330594263334165,0.00041628054844700764,0.0001652321083150472,0.00035239562923932246,0.00019352394351546023,0.0005690500225890929,0.0014967799898358437,0.0005503031909959106,0.00026681140014212087,0.0009063220567403758,0.02297456567811127,0.00012994230514742322,0.0005316890244246326,0.08288971904883317,0.0071074135149570405,0.00024031542464342638,0.00020050869577785125,0.00025984056911429996,0.0017852231604949579,0.004607699032516696,0.0003455320685440802,0.0002516144660060415,0.00020046228231031656,0.0008189301860113015,0.00039693961680178707,0.034797156517687715,0.02119234662908806,0.0005759342522802572,0.001500863073468872,0.005896319140344447,0.0023403413235901114,0.0001689840147802196,0.00019931045602878476,0.00018474967315932673,0.43836233435200234,0.021101667779556757,0.00787287960861478,0.011133557806606176,0.00029594241744531756,0.00012720402331389764,0.00012366845213438813,0.0003488255302077766,0.000209142393346353
JungFranzWilhelm,0.015729605152294213,0.02669441393984024,7.380062929063859e-05,7.036351504173764e-05,0.00010273953817493507,0.0184044134632665,0.018042499784780546,0.000634590568675588,0.010420956027641426,0.007480098556755154,0.042508821201343694,0.07090545573922519,0.00011584662364796746,0.023728744657055788,0.0013759745071250966,0.00040872722920590133,0.0019961248058006473,0.10864378841873393,0.0028667994186027347,6.639638143999047e-05,0.0001416056168220468,7.776508877393243e-05,0.008869348192385797,0.010832414221653918,0.0002211322057777131,0.0001072147034679028,0.0010929671368442237,0.008171099728359877,5.221563136693481e-05,0.024586801039733035,0.2785998087861403,0.03316715376616464,9.656763908207754e-05,8.057182095333001e-05,0.0013463893130360857,0.0007173687918677616,0.0001263765436141761,0.0001388475839033545,0.0016559100382949874,8.055317030288555e-05,0.00032907648251666733,0.00015950504096675616,0.0007507679795347629,0.21551341901834037,0.00023143171559515376,0.002463275572339866,0.02284211677572623,0.0001112765283889281,6.790403643107591e-05,8.009032383847217e-05,7.423926193940073e-05,0.006413377223095657,0.02908560110570506,0.0004701954770787549,0.0005315096243979434,0.00011892062525466648,5.111528829824805e-05,4.969456483816028e-05,0.00014017101879207377,8.404116043487166e-05
KeßlerGeorgWilhelm,0.001158807859114861,0.008678074838014667,0.0002321465215688501,0.00022133476935499327,0.0003231764639969898,0.0009655244486438836,0.001445837623041021,0.00048615922170083977,0.00024893101592282825,0.006212187244687883,0.0006192681093286827,0.4471789598429484,0.00036440598100404925,0.041129588261957936,0.0014025805479945393,0.0012856882853526015,0.00023898012642400477,0.010948018758663249,0.0005261846815243226,0.000208855793564453,0.0004454332123699043,0.00024461708567912176,0.0007192875238213712,0.4024281013948484,0.0006955912554075603,0.00033725349919565696,0.0011456042915373266,0.003827144334116953,0.00016424896792706421,0.0006720626775153473,0.02816257788084025,0.0046425383277802325,0.00030376219992292236,0.00025344591435829886,0.00032844226715991184,0.00225654809877446,0.00039752879196175753,0.0004367575715982609,0.0003180443529158926,0.00025338724705874737,0.00103513969298968,0.0005017374619843023,0.0023616082495434326,0.012738392310072276,0.0007279892905051603,0.0018971128035432745,0.0020658092368894274,0.00035003033505330594,0.00021359825802946534,0.00025193132184826093,0.00023352628004293636,0.000543822429391737,0.0006247999044396232,0.0014790421912443613,0.0016719113599753545,0.0003740755297213359,0.00016078773977246328,0.00015631872626213446,0.0004409205551512753,0.00026435903394173216
KindJohannFriedrich,0.007812235005717929,0.05118422840070458,0.0001248559865230947,0.00011904107282298144,0.00017381486468416626,0.0005192906046272417,0.0007776187278492299,0.00026147231852774444,0.00013388323615274607,0.007982774534707072,0.00033306262867950376,0.23390908439022623,0.000195989446431067,0.012999621061351451,0.01485348048284641,0.0018348233211779332,0.00012853132255627448,0.047613111387578996,0.0002829993189692277,0.016597195909019112,0.00023956853966515822,0.0001315630634758962,0.0003868563387189767,0.0010175534728936151,0.00037411171110307274,0.00018138595429245333,0.006629107411533842,0.004413344224697259,8.83384630850548e-05,0.0003614572729302978,0.09982095495239561,0.025052472475220782,0.011053180914567778,0.0001363114960913516,0.0016589368301159803,0.00697209098499958,0.00021380397671390004,0.0002349024965130007,0.00017105464761243877,0.00013627994290023486,0.0032791838771693374,0.001577669655664978,0.05248904362995712,0.023023770078652406,0.00039153643324055677,0.0010203292689084714,0.014975753516053469,0.00018825775420084565,0.00011488012418042594,0.0001354968987381658,0.00012559806572497734,0.012649395836728167,0.0003360378088853176,0.02565310527625785,0.3061784899042016,0.00020119004576019318,8.647690146050968e-05,8.407331993429818e-05,0.00023714148512621954,0.0001421809284758035
KönitzLouiseHenriette,0.0005351976544883056,0.0040079856744560365,0.00010721732068349076,0.00010222389197980141,0.00014925967593033834,0.16861719898526886,0.0006677629069702412,0.00022453357829389683,0.00011496927191454544,0.2214917612555616,0.00028601017589341974,0.021542072232022542,0.00016830160822679224,0.0189957800119543,0.0006477845430656459,0.000593797625129499,0.00011037343432339329,0.005056363671373549,0.00024301941444770621,9.646045283759976e-05,0.00020572419199301823,0.00011297687487486587,0.00033220433622701363,0.0345080554994083,0.00032126016875745226,0.0001557611819058248,0.01734622652605773,0.0017675740243703133,7.585870400795797e-05,0.0003103934494801283,0.1307268299025348,0.3553038315813377,0.0001402931604598667,0.00011705448650289187,0.00015169169732165481,0.001042191110635563,0.0001835994426306473,0.0002017173304968309,0.00014688940048599098,0.0001170273908969481,0.0004780812724026481,0.0002317284187458185,0.0010907133447828972,0.005883251164269843,0.00033622326402633456,0.0008761852232618098,0.0009540979977888717,0.0001616621882970129,9.865076923751396e-05,0.00011635496901817525,0.00010785456480751264,0.0002511654424668005,0.0002885650461811884,0.0006830985011163657,0.0007721755003065353,0.00017276750803299924,7.426012907992264e-05,7.219610653313779e-05,0.0002036400125150116,0.0001220947319225814
LevinRahel,0.00015718689139274932,0.10983886855748523,3.14895949194891e-05,3.002303106454343e-05,4.3837382830480425e-05,0.00013096889657096035,0.00019612114263541002,6.594523516559866e-05,3.3766333440330856e-05,0.153956907519167,8.400083609925916e-05,0.011266049519281993,4.942997487323235e-05,0.0006398677143454603,0.0001902535217836728,0.0693227700612972,3.24165416050325e-05,0.21880850398834328,7.137450245674761e-05,0.1926559392303599,6.042094159509111e-05,3.3181168885776206e-05,9.756800404635734e-05,0.0002566344439112046,9.435371555126528e-05,4.574686712116772e-05,0.00015539588891854097,0.0005191343120944343,2.2279607857201763e-05,9.116217349476412e-05,0.1223601896060708,0.010508077630042629,4.120392828969782e-05,3.4378758394514115e-05,4.4551664515192215e-05,0.00030609024449964315,5.392292998022371e-05,5.9244131312861535e-05,4.3141235854280136e-05,3.437080044844881e-05,0.000140411880380736,6.805835093735153e-05,0.0003203411648560537,0.03136292037078785,9.874835818694328e-05,0.0002573345200110461,0.07436775929595034,4.74799854241738e-05,2.897360931967072e-05,3.417331097153801e-05,3.167675273319265e-05,7.376698084446378e-05,8.475119835342489e-05,0.00020062518773216002,0.0002267869925903745,5.074160414126475e-05,2.1810108371378145e-05,2.120390749367841e-05,5.980882065153868e-05,3.585907226123875e-05
LudwigErnstKarlFriedrich,0.001319474486069466,0.024744039438717166,0.00026433321955017145,0.0002520224373236978,0.00036798429988893293,0.03352626991567703,0.0033467057275791755,0.0005535643240214374,0.0002834448538797552,0.05168735438908845,0.0007051285196838501,0.12888279304702233,0.0004149302153276975,0.007951572447071646,0.0015970458201325381,0.017022057914220092,0.000272114291436536,0.10654296733396694,0.0005991392419121602,0.00023781327396811484,0.007020289325797721,0.00027853280496113476,0.011124926506475827,0.005144837048501702,0.0007920337327918755,0.00038401309071740624,0.0013044402675779214,0.007960757377289247,0.00018702179212742268,0.008630780961949837,0.2912897765860785,0.005286217922947689,0.00034587828299402344,0.00028858573486873027,0.00037398019719622836,0.002569414437002308,0.019184577068733596,0.0004973132239211379,0.0003621406308303243,0.000288518933453538,0.0011786599509783621,0.0005713024593216148,0.009696636399881381,0.10868585008353676,0.000828923697227152,0.025579555422329824,0.02004969047942603,0.0015571823143788696,0.0002432132726076258,0.00028686114682933484,0.00026590427905686607,0.012777798547135611,0.0007114272882446926,0.008554716106291065,0.031284339740842146,0.00042594042959567016,0.00018308067091001075,0.00017799203670858,0.03275512261307665,0.00030101193886838577
MahlmannErnestine,0.00875715600487128,0.011019101522906704,6.983430505442785e-05,6.658191429202118e-05,9.721792780118672e-05,0.005380461068328611,0.0004349368017416968,0.00014624639285499948,7.488341580990559e-05,0.0018687498574993533,0.00018628820180065475,0.0030775183249403997,0.00010962058905348459,0.02177907939099943,0.0004219242105809786,0.0003867606859557847,7.188998972655313e-05,0.10000361144150871,0.00015828684968531153,6.282798941632604e-05,0.00013399519675675198,7.35856995288836e-05,0.00021637603708607868,0.008204154901739745,0.0002092477268022182,0.00010145258082843047,0.00034462062591427697,0.0011512813679475384,4.940936635008635e-05,0.00020216986117271152,0.33707895052448156,0.0013965681485041085,9.137772984950837e-05,7.624158733236325e-05,0.1042196792363344,0.0006788146866679124,0.00011958459139583592,0.007766403468606822,9.567408640141688e-05,7.622393903823457e-05,0.00031139067088174657,0.00015093263832107183,0.01752754584082095,0.3621051387256289,0.00021899370210643498,0.0005706893790610162,0.0006214366317369311,0.00010529610795467596,6.425461734045469e-05,7.578596768894003e-05,7.024936392987258e-05,0.00016359263612019808,0.00018795227613037266,0.0004449253982946067,0.0005029442920248729,0.00011252938221694954,4.836815986903343e-05,4.7023791447471254e-05,0.00013263769943703296,7.95244714218365e-05
MahlmannSiegfriedAugust,0.00026918241964520273,0.09572998420034566,5.3925904882844195e-05,5.141441551155758e-05,7.507148132179493e-05,0.00022428412550729802,0.011938767334616221,0.00011293115989929542,5.7824817689818213e-05,0.22181375147229115,0.00014385136135125387,0.002376453239372838,8.464879050335377e-05,0.0010957729240283298,0.0003258089964498952,0.0002986557959876601,5.551330030421698e-05,0.1580221376408348,0.0001222287755807481,4.851564254279523e-05,0.00010347081179415917,5.6822723881040876e-05,0.00016708512507909346,0.00043948626990600125,0.00016158065872773128,7.834147156772085e-05,0.00026611532941060197,0.027911996697391216,3.8153809764981975e-05,0.00015611514563337384,0.1586403492916991,0.04404261784496494,7.056169262992309e-05,5.8873594910090635e-05,7.629468810764934e-05,0.0005241792869249802,9.234297235491366e-05,0.00010145552517307313,7.387933020905316e-05,5.8859966934129736e-05,0.0002404552273597718,0.00011654986888571866,0.000548583976080164,0.0590227118933326,0.14404519100606794,0.0004406851496396826,0.06185728754393557,8.130943520769703e-05,4.961728165382828e-05,5.852176637059493e-05,5.4246412481803876e-05,0.006264067439962369,0.00014513635608202994,0.0003435704656858363,0.00038837253455825807,8.689495452452681e-05,3.734979228937454e-05,3.631167379485872e-05,0.00010242255519183699,6.140863116501377e-05
MaxJoseph,0.0002458193679739808,0.19494597495186447,4.9245533468337e-05,4.695202287898731e-05,6.85558295958464e-05,0.00020481791512042216,0.00030670735264120934,0.00010312956688480423,5.280604935663043e-05,0.0013177990899989544,0.02330397620575597,0.14893005845948654,7.730189887111809e-05,0.0010006679038797523,0.023470141258128054,0.000272734672302219,5.069515465727263e-05,0.002322416982809857,0.00011162021799601773,4.43048420563302e-05,9.449030732586412e-05,5.189092991068382e-05,0.0001525833666958357,0.0004013420982095735,0.0001475566474869462,7.154200876978385e-05,0.0002430184785846125,0.0008118569389721237,3.484234005545137e-05,0.00014256550067921888,0.029146773134244387,0.000984827491937816,6.44374573507595e-05,5.37638004377474e-05,6.96728710408135e-05,0.0004786843850604601,8.432828240062297e-05,9.26499327422091e-05,6.746714842027067e-05,5.375135526973871e-05,0.00021958548442178096,0.00010643419858065122,0.0005009709269216857,0.2730493288123865,0.00015442928340207889,0.00040243692401134313,0.0004382227104973715,7.425237502293787e-05,4.531086700538332e-05,5.3442508024490864e-05,4.953822336803763e-05,0.00011536173562480214,0.2936522673097173,0.000313751079438013,0.0003546646586704959,7.935311239679491e-05,3.4108105375659275e-05,3.3160087921397845e-05,9.353303167689333e-05,5.607881421464149e-05
MayerAuguste,0.0006183946213860537,0.0823564899115476,0.00012388435164852372,0.00011811468986704881,0.00017246222962878006,0.0005152494619031837,0.0007715672641097795,0.01969080232504328,0.00013284135081757743,0.0033151166079356553,0.0003304707203981864,0.024890807144005687,0.0001944642477881885,0.002517326664099122,0.0007484832451887568,0.0006861040112796648,0.00012753108605221785,0.005842380047683049,0.00028079700560446595,0.0001114553188172431,0.00023770420656851768,0.0001305392338283292,0.00038384580537880185,0.0010096348262308749,0.0003712003570253416,0.0001799744006789205,0.0006113485739254406,0.04090507462133827,8.765100921207964e-05,0.0003586443962567278,0.4425189076030041,0.002477477787966344,0.00016210186109387714,0.00013525071392867332,0.0001752723109788634,0.0012042006758971554,0.0002121401445991399,0.0002330744747729811,0.00016972349268982764,0.0001352194062859019,0.000552399445251415,0.00026775081425144885,0.001260265735903882,0.00679780796073576,0.3501530558035864,0.0010123890208769237,0.0011024134077566917,0.0001867927239329048,0.00011398612191303692,0.00013444245580854417,0.00012462065595684845,0.0002902093411601668,0.00033342274761849564,0.0007892867904496133,0.0008922108909692174,0.00019962437582060264,8.580393434340372e-05,8.341905759619223e-05,0.00023529603947661451,0.0001410744701276456
MayerJohannSiegfriedWilhelm,0.002037571189060224,0.05571910445909594,0.002403845318420976,0.00324740970613584,0.0006847687863008982,0.008463011542730593,0.0024423089781930997,0.0021349099068912595,9.768258705048063e-05,0.028661444696707068,0.0004689767688290478,0.03507917530204144,0.0010311686725711085,0.015799673585746174,0.002588966711563708,0.008628520781708872,0.003462284147867428,0.058621385206182194,0.0007375137961077842,8.195673873834042e-05,0.001262757366499684,0.0012638458044102125,0.0012328942236543437,0.0035229043845747357,0.0031622962075511427,0.0011532440767171904,0.0013738372467444037,0.004743746838243519,6.445265186424571e-05,0.0021109007200132987,0.48874189224456394,0.014210076121277664,0.00046835552304883336,0.0013662546583882653,0.00044371147402115757,0.010205990335550977,0.0008750978581571393,0.000503387501875235,0.0001731185963779199,9.943124896084073e-05,0.0020599336353983675,0.0034118487797463563,0.002991229180586032,0.129346410300398,0.025352832795781793,0.010479833760167557,0.02920208431016828,0.0016182401166430864,0.0009833993090847455,0.003359507680855314,0.0007893401097995072,0.0008542806384893369,0.0002451766439320531,0.00960738052608514,0.002987143557457278,0.00014679032807541793,6.309443734340757e-05,0.0033167531987615285,0.0006444188851164414,0.0031704278416730355
MayerJohannSiegfriedWilhelmANDMayerJulieHenriette,0.08781483176639711,0.05727252312367075,6.970546156857852e-05,6.645907142954523e-05,9.703856184780332e-05,0.00028991314146616933,0.00043413434836843157,0.00014597656995014426,7.474525677305783e-05,0.02373202263388616,0.00018594450222100126,0.0468052815357522,0.00010941834033341068,0.0014164130877300373,0.0004211457652880368,0.00038604711695944136,7.175735352623835e-05,0.1563543503930059,0.0001579948122767389,6.271207250186694e-05,0.00013374797716712836,7.344993476357845e-05,0.00021597682579800603,0.0005680867732012166,0.00020886166716424748,0.00010126540198914568,0.00034398480484175735,0.0011491572671274025,4.931820664012446e-05,0.00020179686011503845,0.4785907276447236,0.001393991496408277,9.120913899385892e-05,7.610092248475101e-05,9.86196979230725e-05,0.0006775622814151094,0.00011936395920658026,0.00013114298640395114,9.54975688175761e-05,7.608330675152106e-05,0.0003108161586922704,0.00015065416934748405,0.0007091081613719787,0.0256916132118518,0.00021858966125664844,0.0005696364637512968,0.0006202900883324388,0.00010510183785225749,6.413606831396108e-05,7.564614345430494e-05,7.011975466519428e-05,0.00016329080959696455,0.0001876055063528102,0.0004441045160761253,0.0005020163656179014,0.00011232176680710183,4.827892117299733e-05,0.10938054002449264,0.00013239298441427755,7.937774969101479e-05
MayerJohannSiegfriedWilhelmANDRichterCaroline,0.00047882985699128204,0.2292746981827922,9.592503610455583e-05,9.145752259430003e-05,0.00013353942918270146,0.00039896340884232117,0.0005974331437501284,0.0002008853743707068,0.00010286054052659628,0.002566931788199173,0.00025588716705426083,0.004227307140842267,0.0001505758373991503,0.0019491941308759052,0.0005795589302681893,0.0005312579932629988,9.874874325306274e-05,0.07975343321028375,0.00021742425530125892,8.630109726789068e-05,0.00018405702006643685,0.00010107798564882546,0.00029721609105247025,0.015827694141060968,0.00028742457926165534,0.00013935618706712558,0.0004733740238044458,0.0015814105503133065,6.786915467034844e-05,0.0002777023587065219,0.4028310194393538,0.0019183387013491187,0.0001255172801982465,0.00010472613727344424,0.0001357153065342515,0.0009324260229434848,0.00016426248157339957,0.00018047216706659023,0.00013141879460493622,0.00010470189541623442,0.00042772905556478347,0.00020732244373335672,0.06115952833256525,0.005263618571580788,0.18085188326333207,0.0007839041177290778,0.0008536110052158245,0.00014463569085923158,8.82607263502328e-05,0.00010410029399038653,9.6495164748086e-05,0.00022471233176930527,0.00025817295467732724,0.0006111535707555227,0.0006908488504820772,0.00015457138212474888,6.64389439850777e-05,6.459230730306778e-05,0.00018219234941059808,0.00010923553669489414
MellishofBlythJosephCharles,0.0013563612022020625,0.010157511383362423,0.00027172281634564084,0.00025906787867383457,0.0003782715260191551,0.001130126872731447,0.0016923237456076912,0.0005690395532107012,0.00029136872809990244,0.007271239742838154,0.0007248408186461861,0.13983437232607254,0.0004265298432320025,0.005521400255390052,0.0016416922126470787,0.001504872179336084,0.00027972141285480766,0.26853414918476914,0.0006158885458006703,0.000244461489467572,0.0005213705815666934,0.0002863193598499849,0.0008419115238694604,0.002214491296224692,0.00081417552013023,0.00039474841149703685,0.0013409066929389814,0.0044795951711863145,0.00019225010069242096,0.0007866357947607769,0.03296372879343705,0.30377366403005,0.0003555475219038532,0.00029665332556063484,0.0003844350423022393,0.045261196367742326,0.00046529942469240556,0.0005112159192088736,0.0003722644936185392,0.00029658465667103105,0.001211610110672704,0.0005872735689302786,0.13062407191085362,0.014910031004629697,0.0008520967660799517,0.002220532232921133,0.0024179880020901165,0.00040970343989791126,0.0002500124483712146,0.0002948805256079917,0.0002733377957815669,0.0006365331735648073,0.00073131567313392,0.0017311890222733884,0.001956938490151093,0.00043784785477271495,0.00018819880302133328,0.00018296791293904042,0.0005160886074050228,0.00030942691169187403
MesserschmidtJohannGeorgFriedrich,0.0003813005430334393,0.18257542975754373,7.638677459880145e-05,7.282921589063431e-05,0.00010633977000449792,0.00031770150131807417,0.0004757464030532378,0.11997326721517493,8.190963739384847e-05,0.01402542229734187,0.00020376740156964447,0.03931026780779923,0.012101236027940323,0.13334680575471206,0.0004615128559854259,0.0004230499797879662,7.863534171167615e-05,0.0635090459541164,0.00017313871598554167,6.872306472156245e-05,0.00014656780623796138,8.049015794210392e-05,0.00023667834255090394,0.0006225382533962425,0.0002288811914158109,0.00011097175547416203,0.00037695596817774376,0.001259304725444997,5.404538825885183e-05,0.0002211392180968189,0.2848373572934853,0.01350893634181349,9.995159324524558e-05,8.339524453022114e-05,0.00010807245898286146,0.0007425070590227082,0.00013080507096510882,0.0001437131254456535,0.03604864068112433,8.337594031770541e-05,0.0003406080861014509,0.0001650944677411539,0.0007770766317299416,0.02815417075407415,0.0002395416199577498,0.0006242364827757352,0.0006797452896385276,0.00011517591616607513,7.028355144211959e-05,8.289687463912205e-05,7.684077795344381e-05,0.0001789423380328317,0.0002055876140087995,0.0004866722177062343,0.0604567843038909,0.000123087879924474,5.2906486615640616e-05,5.143597770865602e-05,0.0001450829365639661,8.698615771796087e-05
MeusebachErnestinevon,0.0008274030337518341,0.03219513619215076,0.00016575546559350986,0.00015803574181742907,0.0002307519617208562,0.0006893963064590603,0.05303011430715816,0.00034712365105027675,0.00017773980056262186,0.03043446218604933,0.0004421650304958167,0.007304654674024149,0.00026019034288425364,0.0033681465633571732,0.0010014597254961858,0.0009179972153213488,0.0001706347433306621,0.059814788260680235,0.0003757023206069001,0.00014912559994533701,0.0003180447805473097,0.0261735438510095,0.0005135801200073297,0.0013508767529907422,0.0004966606935295347,0.00024080313762374082,0.0008179755244507285,0.002732628026076097,0.00011727577896931592,0.00047986100014226895,0.17610173175092805,0.0033148293450897164,0.00021688993889576732,0.0001809634934580456,0.00023451180980772515,0.0016112030377141726,0.0782804931851933,0.00031185026655800886,0.0002270875714212472,0.0001809216042861272,0.0007391024453275727,0.0003582467058083774,0.0016862172747931926,0.3730797479451388,0.0005197932882185526,0.0013545618254782355,0.1314694343972759,0.0002499259552394609,0.00015251177777882938,0.00017988205581689911,0.0001667406300781344,0.0003882958890568033,0.0004461148000981578,0.0010560542772097695,0.0011937652308161,0.000267094519345229,0.00011480441958639663,0.00011161348909068146,0.0003148226879082179,0.0001887555947801116
MosengeilFriedrich,0.00016116704820446685,0.17845517323646146,3.2286948468544734e-05,3.078324949332688e-05,4.494739688021851e-05,0.0001342851829431335,0.0002010871604430385,6.761504601699373e-05,3.462133668429385e-05,0.09708445693031917,8.612783598473343e-05,0.21412072050965508,5.068159992575119e-05,0.0006560699168273888,0.005259305998960808,0.00017881358348709842,3.3237366533488e-05,0.011651121001135271,7.318178873627816e-05,2.9047672989459694e-05,6.195087084128513e-05,3.4021355075548796e-05,0.00010003854056800971,0.00026313272962068105,9.674286251087972e-05,4.690523155711872e-05,0.00015933069544287536,0.0005322794029488379,2.284375371052021e-05,9.347050685889668e-05,0.02417379271268176,0.07660920995195941,4.224726017570093e-05,3.524926895802176e-05,4.567976501659113e-05,0.00031384080919909707,5.528832193604717e-05,6.074426233975486e-05,4.423362264448831e-05,3.524110950741011e-05,0.01027243734304998,6.978166836336212e-05,0.00032845257960621634,0.02709283133698103,0.0001012487826625546,0.0002638505324700805,0.0002873128398674332,4.868223445226923e-05,0.3494619246304773,3.503861936485981e-05,3.247884533803389e-05,7.563484748834521e-05,8.689719829297944e-05,0.0002057052532546664,0.00023252950575651475,5.202644118824033e-05,2.2362365945972835e-05,2.174081534965937e-05,6.132325027609448e-05,3.676706611147546e-05
MurhardFriedrichWilhelmAugust,0.000951031871472203,0.0668892497508016,0.00019052230197336107,0.0001816491131517975,0.0002652304391563171,0.0007924044664724205,0.001186596768109535,0.00039899014388872114,0.00020429731130870612,0.0050983327518713895,0.000508232408268068,0.27734835133634234,0.00029906744190936124,0.003871408006588229,0.0011510957515153842,0.001055162446932952,0.00019613063122585976,0.06875218932099085,0.0004318389787175927,0.00017140763644210471,0.03024914974439946,0.00020075687522967708,0.0005903181916879291,0.0015527219433793026,0.0005708706997510796,0.06004395019136353,0.0009401957233699936,0.0031409316133303115,0.000134798881562962,0.0005515608311737272,0.02311298541585261,0.003810124240633607,0.0002492971817570109,0.00020800268168121323,0.06003671882645085,0.0018519456392742664,0.0003262512831698017,0.0003584462837644401,0.00026101852329151864,0.00020795453351648703,0.0008495375930666331,0.0004117751823180786,0.3605411688506263,0.010454379458082664,0.0005974597185504753,0.0015569576317214155,0.0016954065414815065,0.0002872693708446723,0.00017529976991365037,0.00020675965788049486,0.0001916546676830588,0.00044631425193132,0.0005127723442165324,0.0012138477074188096,0.0013721351448440532,0.00030700322603488225,0.00013195825680919414,0.000128290544125912,0.0003618628381208761,0.00021695906255091168
MüchlerKarl,0.0004790991598261449,0.01998527621303233,9.597898613248349e-05,9.150896000937463e-05,0.00013361453424626376,0.0003991877932983844,0.0005977691512837102,0.0237508075520853,0.0001029183912114583,0.0025683754784732206,0.000256031082765628,0.2629963764957478,0.00015066052405617757,0.0019502903939795503,0.0005798848850110115,0.0005315567826587315,9.880428138651226e-05,0.15775624359257734,0.00021754653875427594,8.634963461326852e-05,0.003463640673406606,0.00010113483379160523,0.00029738325092088403,0.0007822111969445033,0.0002875862322013671,0.02309579551727819,0.010312080666903254,0.0015822999650773677,6.790732554771877e-05,0.0002778585436882139,0.1446031261976333,0.0019194176107841868,0.00012558787345572225,0.00010478503720468324,0.0001357916353517852,0.0009329504367151248,0.00016435486585416955,0.0001805736679765591,0.00013149270698409264,0.00010476078171340117,0.0004279696183566289,0.00020743904573929448,0.2572131660609611,0.0759160065168655,0.00030098092164292323,0.000784345000013427,0.0008540910919527277,0.00014471703666714652,8.831036582752546e-05,0.00010415884193570017,9.654943542698748e-05,0.00022483871417234587,0.00025831815595825066,0.000611497294912941,0.0006912373967499848,0.00015465831595058927,6.647631048530577e-05,6.46286352204127e-05,0.0001822948177831739,0.00010929697279640321
MüllerFriedrichTheodorAdamHeinrichvon,0.008242052835876945,0.031008102488163616,0.011674195794238012,9.516691501149083e-05,0.00013895560635386367,0.00255827291632577,0.004940308491118364,0.001009737441558187,0.004068981069209953,0.020191682306244605,0.0007088215744152365,0.04435576097792106,0.0001566829880590062,0.1542946621066161,0.00522494228567211,0.02608579214036019,0.006977055359006428,0.09268223396677704,0.004533346254333443,8.980135210445357e-05,0.0013004147184023384,0.0005477335436890712,0.006167574318794501,0.052912693205403864,0.0007528367536113048,0.00027964125301518884,0.00398142082348761,0.016745831741603594,0.0005538067151894832,0.007028351882704982,0.1260887405127736,0.162575004143699,0.004007814275824188,0.020548789707563957,0.00014121973432405744,0.009027070439776136,0.0038533505946010994,0.00018779187209512472,0.00013674896172903765,0.00010894846153682918,0.009535700720202949,0.004566218315841385,0.004479047277154916,0.07362551835432926,0.0003130122535229105,0.002342178383500529,0.010810158608834502,0.0017560799368066399,9.18404610704876e-05,0.0012855241204216463,0.0001004088770623799,0.0021670069298758516,0.0010051292678572431,0.014495881806959137,0.009785606029215924,0.01665167897740491,6.913361696586292e-05,0.0015890035971905267,0.008077193361003394,0.0012713405755887296
MüllerWilhelmChristian,0.0005014648615106026,0.019512533618234497,0.00010045955623532983,9.57808566701146e-05,0.00013985203801217334,0.0004178230067356787,0.0006256747032755659,0.00021038152689828216,0.00010772291233922459,0.06571693819838395,0.0002679833367022926,0.30381329085532977,0.00015769378276171838,0.0020413354568964604,0.000606955548950787,0.0005563713543094298,0.00010341674425002436,0.0362519996759216,0.00022770222550194224,9.038067939536146e-05,0.0001927576710809627,0.00010585609342251557,0.0003112659408393225,0.03233305887439964,0.0003010115696206751,0.0001459437627539882,0.0004957511229174143,0.00165616619562365,7.107743126433236e-05,0.0002908297651382025,0.02794429695425185,0.002009021445001454,0.00013145067002984977,0.00010967669863854006,0.00014213077234510565,0.0009765031976123195,0.00017202741510559657,0.0001890033567105105,0.00013763115786168386,0.00010965131083243108,0.0004479484486631755,0.0002171228861709856,0.3791939493394052,0.0055124377051752075,0.0003150315609899459,0.0008209604394860449,0.0954369580257554,0.00015147283659785533,9.243294307950914e-05,0.00010902127080611982,0.00010105663571376402,0.015992500745228178,0.00027037717692989665,0.0006400437154156165,0.0007235063103804353,0.00016187820287092263,6.95796123778352e-05,6.764568241402063e-05,0.0001908048546503655,0.00011439926412470716
MünsterGeorgLudwigFriedrichWilhelmGrafvon,0.000630648992007862,0.10380492609387827,0.0001263392966089775,0.00012045530075765862,0.00017587981446384455,0.0005254598642102038,0.0007868569689148818,0.00026457865357864424,0.00013547379148009728,0.003380810367491809,0.1985012692536909,0.22354830374148368,0.00019831783396548463,0.0025672110790846336,0.0007633155072647081,0.0006997001399466397,0.00013005829625139896,0.045591005090604736,0.0002863613984002158,0.00011366396478104038,0.0002424146541450579,0.00013312605476223987,0.00039145225698440487,0.0010296421790205654,0.00037855622105232873,0.00018354084988802584,0.0006234633170763504,0.0020828170068013167,8.938793886042109e-05,0.00036575144602911066,0.035143125788474984,0.002526572540687492,0.00016531414046312007,0.00013793089955453018,0.0001787455815801853,0.001228063628250137,0.00021634400385951805,0.00023769317761672447,0.2181537615691096,0.00013789897150620452,0.0005633460274164077,0.00027305667817499634,0.0012852396973124026,0.0267489411907134,0.00039618795181478936,0.0010324509519581938,0.0011242593003468004,0.0001904942879332519,0.00011624491934651738,0.0001371066246480002,0.00012709019183638947,0.0002959602527973288,0.0003400299944828047,0.1197034775039517,0.0009098913211551145,0.0002035802172879326,8.750426157118041e-05,8.50721250928248e-05,0.00023995876579064237,0.0001438700617813125
MützschefahlAntonievon,0.12171966698778065,0.009225239072278698,9.211389885637542e-05,8.782388131419127e-05,0.00012823385815217077,0.0003831124446952482,0.0005736969034534673,0.00019290412396967094,9.877385311642325e-05,0.01046217571604667,0.0002457206750382569,0.06830541197000463,0.00014459340355401357,0.0854705496245462,0.0005565328390999441,0.0005101509162293104,9.482541907299629e-05,0.09707221619369359,0.00020878590902914142,8.287232267772009e-05,0.00017674436642094114,9.706211980481994e-05,0.0002854075855635174,0.0007507114419839095,0.0002760050941663075,0.00013381951408931168,0.00045456669833754946,0.07951523327160955,6.517268799313237e-05,0.0002666691410382961,0.10246362804416259,0.06503903344439797,0.00012053043212104141,0.00010056532901285792,0.00013032328708984764,0.0008953803913594706,0.0001577362722809623,0.00017330194095984547,0.0001261974771723952,0.00010054205029362258,0.0004107352216087016,0.00019908544618003023,0.0009370674260665517,0.30019479984496183,0.0002888603775793762,0.04305061436121937,0.0008196967235064196,0.00013888926123840664,8.475409497009769e-05,9.996435071546446e-05,9.266137607752567e-05,0.00021578442751709313,0.00024791564747161406,0.0005868722128071548,0.005094163742566416,0.00014843020380633508,6.379930010863117e-05,6.202603098662922e-05,0.00017495377982157653,0.00010489556832345544
OsmundEmanuel,0.011162746861842246,0.04220089273903908,0.0009878621427489944,0.002781086591056478,0.0028570226336728905,0.003279500780874316,0.014320378037186027,0.0016650661400550654,0.000416404767077234,0.06769473974795037,0.0008961353346139252,0.04383999813086953,0.0023945883484327067,0.06547892791874219,0.005589832073311954,0.007079960852832804,0.00038451591252392945,0.08700209154659952,0.002905171783187319,0.0035149763284702193,0.0023726034496352527,0.0005472188355606622,0.00787752356026188,0.00482610676035279,0.0035208294876809066,0.0006625366381327536,0.005080409900330205,0.04822494754518688,0.00023768267995080849,0.0012713073792525646,0.24661649696974097,0.04775107081024831,0.002728450332817508,0.0008739845418859989,0.001024879358242149,0.012934140103062696,0.0016497610082240848,0.000632026559536003,0.007874743870370581,0.0004392582602149389,0.0037292797011551173,0.02431852816096729,0.00872945942672784,0.13448685972989893,0.0037144514133699773,0.007702641396025299,0.023429834539768865,0.0046205309431045895,0.0009505260138519641,0.0003645667458137955,0.0008321698454995352,0.001463558988652618,0.0016971522003529527,0.008845821050650623,0.0037842934016890433,0.0009200245167408786,0.0015155351339947343,0.0026175065453133348,0.0022968327881077956,0.00038255073654027024
OsmundEmanuelANDOttoGeorgChristian,0.002363820279758543,0.017702166178809212,0.0004735493043506012,0.00045149470837783966,0.0006592387802066334,0.0019695467668388272,0.002949324400675721,0.00099170282494103,0.0005077875327396733,0.01267206989937668,0.0012632279837634195,0.020868778758031763,0.0007433417379656358,0.009622509015419816,0.002861085483038405,0.002622640171499932,0.00048748898694199265,0.022332562349613817,0.0010733496595678493,0.0004260391888866044,0.0009086269586419918,0.0004989876650866128,0.0014672548364359453,0.003859340289936192,0.0014189174702448385,0.0006879541371312072,0.0023368866854103143,0.007806886464731815,0.00033504695214266845,0.0013709221713365492,0.05744806803075971,0.15802339993548364,0.0006196361568951879,0.0005169973498796498,0.0006699803472471258,0.004603070402204563,0.0008109080490227978,0.0008909297576482262,0.0006487699279667656,0.0005168776760688902,0.002111552989070212,0.0010234804488286758,0.004817379714165808,0.5459209440287418,0.001485005330959325,0.07814647507433949,0.0042139874439596145,0.000714017253180943,0.00043571321171122793,0.0005139077742760354,0.00047636383571277637,0.0011093284163309492,0.0012745121404627874,0.003017057486089584,0.003410485998677281,0.0007630663844411041,0.00032798648802831004,0.0003188702702851034,0.0008994217132986074,0.000539258722361585
OttoAmöne,0.00032991402856907,0.0024706586234409683,6.609240138186221e-05,6.301428217451698e-05,0.04155860381330622,0.0002748860029110831,0.0004116317568285591,0.00013841013080446302,7.087096765258584e-05,0.032868563686525826,0.00017630639549599936,0.002912616889843319,0.00010374683281794467,0.0013429958027704296,0.0003993164141421536,0.00036603704261095566,6.803793712333992e-05,0.09641675337945313,0.00014980542864597156,5.946150235593882e-05,0.00012681538565303353,6.964278638467982e-05,0.00020478204632184667,0.000538640992961542,0.0001980356894405378,9.601648771492e-05,0.052159398800195024,0.011456241487009943,4.676188400941679e-05,0.00019133707425781854,0.2775507886891068,0.0013217363952590126,0.08301967162324543,7.21563648128744e-05,9.350791907284162e-05,0.0006424420304632798,0.00011317693800288552,0.0001243454200112944,9.054762004658168e-05,7.213966216024044e-05,0.0002947055489482364,0.00014284527505163772,0.0006723527851320832,0.2731595040088873,0.00020725945004303805,0.0005401103580234578,0.09388797735944816,9.965406866244868e-05,6.08116878458724e-05,7.172515845480842e-05,6.648522032337838e-05,0.00015482691724570276,0.00017788130439561897,0.00042108513840229816,0.0004759952289253402,0.02083979730272769,4.577646807933039e-05,4.450413441389567e-05,0.00012553062656994756,7.526334343552251e-05
OttoGeorgChristian,0.0013982525579738063,0.01650067173932849,0.0002801150035833436,0.0002670692168549453,0.00038995448115607763,0.0011650309578792233,0.0017445913392200156,0.0005866143985638734,0.00030036768135053893,0.014121559753400641,0.0007472276021685193,0.03825103495649924,0.00043970326147862386,0.060818174041006534,0.001692396046136305,0.06063073480907729,0.0002883606375715362,0.12423410422098387,0.0006349103271270532,0.0002520117078099651,0.0005374731658089087,0.0002951623628408849,0.0008679140482099438,0.002282886088550636,0.0008393214151315372,0.00040694025694315095,0.0013823207345964863,0.004617947930558147,0.00019818776490176628,0.004123804632682203,0.21772995331166659,0.030873145356107152,0.00036652864382746386,0.00030581549414947077,0.0003963083582759361,0.002722819082114605,0.0004796702454653173,0.000527004875655718,0.00038376192093955377,0.0003057447044141216,0.0012490308140372867,0.0006054115737415772,0.06192897232988081,0.10286449477914383,0.004191287372859291,0.0022891136002006623,0.05549864397409262,0.00042235717294026475,0.00025773410865247273,0.000303987941087252,0.0002817798618258919,0.018744526270792344,0.14546057206873472,0.0017846569739682996,0.00804682330561666,0.0004513708309743345,0.00019401134248381817,0.00018861889582125424,0.0005320280573299011,0.0003189835938072219
PaulusSophie,0.0008274030337518341,0.16218955744008506,0.00016575546559350986,0.00015803574181742907,0.0002307519617208562,0.0006893963064590603,0.0010323458079844667,0.00034712365105027675,0.00017773980056262186,0.08243223068522303,0.0004421650304958167,0.007304654674024149,0.00026019034288425364,0.0033681465633571732,0.0010014597254961858,0.0009179972153213488,0.0001706347433306621,0.08581367251026709,0.0003757023206069001,0.00014912559994533701,0.0003180447805473097,0.00017465960142265148,0.0005135801200073297,0.0013508767529907422,0.0004966606935295347,0.00024080313762374082,0.0008179755244507285,0.1587259335235972,0.00011727577896931592,0.00047986100014226895,0.020108426253406902,0.0033148293450897164,0.00021688993889576732,0.0001809634934580456,0.00023451180980772515,0.0016112030377141726,0.00028384043643274736,0.00031185026655800886,0.0002270875714212472,0.0001809216042861272,0.0007391024453275727,0.0003582467058083774,0.0016862172747931926,0.06109313695009664,0.0005197932882185526,0.0013545618254782355,0.001475013149341656,0.0002499259552394609,0.00015251177777882938,0.00017988205581689911,0.3901500043738809,0.0003882958890568033,0.0004461148000981578,0.0010560542772097695,0.0011937652308161,0.000267094519345229,0.00011480441958639663,0.00011161348909068146,0.0003148226879082179,0.0001887555947801116
ReichardtJohannFriedrich,0.0004108346131670904,0.09344215876694867,8.230339968497803e-05,7.847028619381553e-05,0.00011457643864473567,0.00034230943485744856,0.0005125958854112378,0.00017235906212928164,8.825404214125976e-05,0.002202419946946448,0.00021955043896327848,0.003627017130592237,0.0001291936269365026,0.001672402848430868,0.000497259862658479,0.0004558178003467785,8.472613213809468e-05,0.2749779317108868,0.00018654937346870927,7.404608838457378e-05,0.00015792038348406222,8.672461528333637e-05,0.0002550105345598769,0.0006707576665930206,0.00024660944615620693,0.0001195671998523801,0.00040615352429159237,0.001356845614804992,5.823153568612509e-05,0.0002382678094295604,0.009984538591497607,0.0016459289803780394,0.00010769345834040323,8.98547186793375e-05,0.00011644333503177398,0.0008000187934184929,0.00014093672750298562,0.00015484459012249737,0.00011275694039560957,8.983391923693882e-05,0.0003669902753922925,0.00017788204876622844,0.0008372659919604638,0.598346613975028,0.0002580955903966017,0.0006725874342735028,0.000732395739327089,0.00012409699862427152,7.572744439076296e-05,8.931774697771086e-05,8.279256838926884e-05,0.000192802521706574,0.00022151163804097447,0.0005243679715477779,0.000592746287852933,0.00013262179259444106,5.700441911214474e-05,5.5420010254099146e-05,0.0001563205015293547,9.372377015947734e-05
ReitzensteinAnnaMargarethaFannyvon,0.011676375295199722,0.02009644053103989,8.636681977223713e-05,8.23444607527447e-05,0.00012023321836583638,0.01694053977773168,0.00486828783858654,0.00018086864105260641,9.261125276671656e-05,0.08414286210740123,0.0002303899142129597,0.00813647189182035,0.00013557207522477496,0.008848910915594626,0.000521810193777826,0.00047832208587020406,8.890916550686743e-05,0.14428981915750536,0.00019575954551894975,7.77018348552722e-05,0.045146746194264814,0.011336263588019346,0.00026760071835009057,0.0007038737977194314,0.0002587848578774055,0.0001254703795936437,0.0004262058234120959,0.03386736239515678,6.110649823596656e-05,0.00025003138428417247,0.17117966907778004,0.024530963008682308,0.00011301041685684064,9.429095667453756e-05,0.00012219228572404913,0.0008395167053857288,0.061195657163853376,0.0001624894580175717,0.00011832388924991094,9.426913033808141e-05,0.02203703135547419,0.017054550212027782,0.01516200040733136,0.23257904199305698,0.00027083808718852894,0.0007057939032811718,0.04799854214718078,0.000130223820103196,7.946620147579242e-05,9.372747401945054e-05,8.688013933720542e-05,0.003197653886820627,0.00023244794010167353,0.000550256663349794,0.00711758759686669,0.00013916949363837404,5.981879740720201e-05,5.815616433478792e-05,0.0001640382369861651,9.835102798573194e-05
RichterCaroline,0.007556359205135378,0.14750363684211804,0.0014528984802288627,0.0015071697111191946,0.0012900795033514586,0.011065694154295928,0.031423295019677916,0.007532571163652434,0.0014876177123818758,0.056563583840062125,0.005512187346693274,0.07190494703624764,0.004691365210594215,0.032243697179884644,0.05207625565039369,0.01284692053215478,0.0011443046970603334,0.05710142691115674,0.0038592186135858347,0.0011361899063486191,0.0030124614803554483,0.004700397726998475,0.0023383438319906566,0.0040381041282800375,0.002167861903131427,0.0010832597929105543,0.004002623707789793,0.016431917897655843,0.0005557454891860953,0.015215908201997185,0.21227669524956905,0.01647569168486413,0.00071031040699502,0.0012093176987947251,0.001374643392590398,0.010532472695435209,0.004309846530075562,0.0020563999058738386,0.0010162028802108817,0.0010556433212285574,0.004524428488933256,0.0018752203382939446,0.0061312832484288066,0.08629230288919569,0.003165174641099292,0.029202603315648425,0.016206659875528443,0.005192015056487872,0.002041873588684524,0.0023470270386732584,0.0013685195901394285,0.0006361463983858309,0.006507787645275522,0.00809615822021327,0.00274887575016973,0.005027843552987905,0.00043019922977935497,0.00033138095777536703,0.002732748391445127,0.0006784851407792682
RichterCarolineANDJeanPaul,0.0003906618397731476,0.1256804174888929,7.826214371923275e-05,7.461724350750743e-05,0.00010895051410238172,0.00032550138013500134,0.0004874264369089454,0.0001638958991160124,8.392059813202524e-05,0.0020942768716452915,0.00020877008815591954,0.08937730524081104,0.00012284997020310155,0.0015902846368597828,0.0004728434425083279,0.13546375030283167,8.056591532726843e-05,0.028241805111107764,0.0001773894387476401,7.041028235991842e-05,0.012425649281792687,8.246626908825551e-05,0.012517972118835886,0.0006378221690064832,0.00023450044580746666,0.00011369621929069764,0.00038621060140706613,0.11176956972187553,5.5372254758644604e-05,0.00022656839956328707,0.193626524867252,0.0015651106868858466,0.0001024055014315062,8.544267835897254e-05,0.00011072574226926844,0.0007607363247235707,0.0001340164618396705,0.00014724142152932758,0.00010722035673324462,0.2701460509747971,0.000348970343706891,0.00016914769643659172,0.0007961546138414938,0.0042944166597265795,0.00024542259817009475,0.0006395620915580527,0.0006964336932613022,0.00011800359618960935,7.200908053718972e-05,8.493207300552765e-05,7.872729329488445e-05,0.00018333554532358465,0.00021063498856912426,0.0004986204908680704,0.0005636412997099433,0.0001261098063027261,5.420539197969877e-05,5.2698780658258756e-05,0.00014864486283409068,8.912175193497066e-05
RichterCarolineANDRichterEmmaANDRichterOdilieMinna,0.0006066074114856407,0.0998476780511222,0.00012152299402063113,0.00011586330766927908,0.0001691749298525121,0.0005054283002234217,0.05793981202779613,0.00025449239468489733,0.00013030926397304506,0.2510447174681472,0.0003241716233288372,0.005355380005695384,0.057373709162757074,0.0024693439411719127,0.0007342164181290264,0.0006730261937909835,0.00012510021807869663,0.005731018535861241,0.03839741246831683,0.00010933087078360444,0.0002331733305224838,0.00012805102759858407,0.00037652932667584676,0.020051374058051352,0.0003641249130094168,0.0001765439115314751,0.0005996956686219857,0.0020034159240807387,8.598029473974136e-05,0.0003518082812064226,0.20535225546581354,0.13585714167849344,0.00015901204013508792,0.0001326727022527555,0.00017193144828732228,0.0011812474262437149,0.00020809654472582693,0.00022863184597000097,0.0001664883959341634,0.00013264199136445783,0.000541870168338469,0.000262647220301174,0.0012362438310462654,0.10197315437764293,0.0003810844875007286,0.0009930918900849333,0.0010814003235789336,0.00018323227083592912,0.00011181343428242395,0.0001318798503276129,0.00012224526364441508,0.0002846776655908543,0.00032706738200593123,0.0007742422076720327,0.0008752044735723183,0.0001958193388140349,8.416842693533463e-05,8.182900828532165e-05,0.00023081106546466349,0.0001383854519287858
RichterCarolineANDRichterOdilieMinnaANDRichterEmma,0.0006873015274500225,0.0051470604419691715,0.0001376886233653557,0.00013127605569717386,0.005375003855288976,0.0005726630373823735,0.0008575419979631889,0.000288346314732563,0.00014764368926884123,0.05033443518677645,0.00036729464172584905,0.006067780888095655,0.00021613314527165427,0.0027978290908288535,0.0008318857569232147,0.08887907022049928,0.00014174170862707043,0.02290664088146359,0.0003120858496840969,0.020857172177065824,0.00026419127625925104,0.00014508505038622523,0.00042661724280657575,0.0011221371180103019,0.00041256272863705824,0.00020002871339869335,0.005862794732473431,0.0022699208724900064,9.741784684183044e-05,0.005581932057899358,0.12641662178856666,0.2187193042052209,0.00018016466003956377,0.00015032152456877692,0.0001948026759764843,0.14560453602646747,0.00023577864420886392,0.00025904565948848385,0.00018863556010304913,0.0001502867283562073,0.0006139525949188743,0.0002975859382452873,0.0014006955030401549,0.05679503497170348,0.005615102739501712,0.18167462173945081,0.034051757986899626,0.0002076067935194547,0.0001266874468011043,0.00014942320330056546,0.00013850697310236555,0.00032254698951388,0.00037057560948886915,0.0008772359880107765,0.0009916287868032192,0.00022186825964015696,9.536495482975232e-05,9.271433437729013e-05,0.0002615147702493667,0.0001567942143248403
RichterCarolineANDUtheSpazierWilhelmine,0.0005263460265326708,0.3843384375636212,0.0001054440546291064,0.0001005332121862823,0.00014679107183793597,0.00043855411668681393,0.0006567187838028388,0.0002208200199814913,0.00011306779642640874,0.002821658523110093,0.0002812798568284853,0.004646799450845487,0.0001655180698314626,0.0021426203290118035,0.01717605953395961,0.05020094288930205,0.0001085479693412075,0.004972736529789422,0.00023900011910018838,9.486509449888128e-05,0.00020232172190794883,0.00011110835161883867,0.00032671001246667957,0.0008593497754629876,0.0168549355425858,0.00015318504947961208,0.0005203487895655348,0.001738340137568756,7.460407776017096e-05,0.016844248547855732,0.2112596838016525,0.1674985899151514,0.00013797285346543823,0.016654107215800917,0.00014918287005496244,0.05064192040002171,0.0001805628935250983,0.00019838112984873785,0.00014445999835235992,0.0001150918762022344,0.00047017429164446326,0.00022789586504853707,0.017611662741233842,0.005785948139791043,0.00033066247126457317,0.0008616940057620742,0.0009383181817922608,0.00015898845919282416,9.701918528062513e-05,0.00011443057550131091,0.00010607075937976696,0.00024701142005398904,0.00028379247214545473,0.0006718007427307934,0.0007594044984386281,0.00016991010817127454,7.303194164479393e-05,0.016609990748070232,0.0002002720126507613,0.00012007540853194558
RichterEmma,0.0028829614073901813,0.05647604367310706,0.0001534277286950259,0.00014628214419875555,0.0004075869340089827,0.005881694964520483,0.011972644359606552,0.006408072160800261,0.00016452075231055142,0.15911849991063648,0.004289213791813142,0.04366583974044386,0.00024083919763472414,0.01970258681821941,0.006025181528312983,0.002401696543589577,0.003184913035211541,0.1031484644873711,0.0003477601990967117,0.010099229135035272,0.032136963454965216,0.00016166963692632041,0.0006693803040285713,0.00418821831950104,0.009556397363867477,0.0038103707563203935,0.0014053430406942037,0.013407345591275696,0.00010855362345835405,0.0066008474269000335,0.1865775044142087,0.029565302032400567,0.00020075917606956716,0.00016750468938426518,0.00021707045497489758,0.04488745270270849,0.0050168685403811164,0.027454831624655854,0.0027523763856885704,0.00016746591563715916,0.003202256327674484,0.0003316028113332189,0.0018095194222590555,0.08406394639428269,0.002872785936702727,0.024624952051211783,0.00541862340815865,0.008767534270110396,0.00014116901412608695,0.00016650368154170442,0.017588105069051722,0.00035941714565057326,0.00041293588884815563,0.000977512316416228,0.001880968071814614,0.0002472298895441835,0.0009531040056512154,0.033546239995922086,0.0014682569751602453,0.0053976533584910715
RichterEmmaANDRichterOdilieMinna,0.0005094930276854565,0.0038154889863090055,0.00010206785638397794,9.731425350952862e-05,0.00014209098930712859,0.00042451211456199085,0.0006356913981127024,0.0002137496150490074,0.0001094474946728568,0.03475017055175356,0.0002722735969463642,0.0525263017072738,0.00016021837020527074,0.050102303541932736,0.0006166725608128902,0.0005652785420909816,0.00010507238729069634,0.03683237349651658,0.0002313476081499047,9.182762247926247e-05,0.0001958436113605152,0.00010755078905095264,0.00031624913086803684,0.0008318343767610414,0.00030583059301981966,0.0001482802390846387,0.0005036878153990416,0.0016826804710039626,7.221534036478834e-05,0.000295485783659799,0.3805991106408024,0.002041184731499197,0.00013355512021927387,0.00011143255997551818,0.00014440620487593054,0.25714300296119874,0.00017478147582071428,0.00019202919256011784,0.00013983455413320463,0.00011140676572512588,0.00045511984761783565,0.0002205988996354059,0.001038328250712676,0.14968555109505913,0.01632950419299914,0.0008341035474823281,0.0009082743048768461,0.00015389783024451057,9.391274173347208e-05,0.00011076663911764763,0.00010267449476402296,0.00023910239639356206,0.0002747057611895042,0.0006502904499346587,0.0007350892334007888,0.00016446978049177452,7.069354225293847e-05,6.872865117437447e-05,0.00019385953145361666,0.0001162307310392733
RichterMax,0.013311171039297753,0.032165582052956915,0.0005641847686870677,0.0005018645354818988,0.0031774475158910256,0.002001909025596909,0.008302440378496721,0.005716804648645264,0.0001761712842183975,0.08732570693744877,0.002608890321302382,0.03362461866916075,0.000257894217851304,0.016522652105602175,0.0033082711390801794,0.003947677995759654,0.00016912892762163426,0.05934593099655388,0.0018553239968202326,0.00014780959790124717,0.0003152381022743252,0.0012962879742313927,0.0005090478835034614,0.006058545838114369,0.0004922777674045535,0.0002386781005982251,0.002064583948128283,0.011225633444100703,0.0031301756940282865,0.0012224429893068637,0.25115700867166185,0.01647538243752915,0.0002149759308177849,0.0008698133803741166,0.00023244229242651564,0.0763904403617883,0.0016297085305024333,0.0010551790521983176,0.002589890623042886,0.0013498227500041966,0.001908687730820609,0.0016089121395853523,0.0025541887130325295,0.11773172822857696,0.006714168417999194,0.14006424213324328,0.014151225969752332,0.0013832133235030899,0.00015116589342779714,0.00017829463452077765,0.0007900056941990288,0.004949071690828549,0.0010400227698548429,0.0071457107288999365,0.008139185127489627,0.0025357232908780215,0.027568535273798236,0.00011062852353248642,0.00031204444392485806,0.0074141893457223594
RichterOdilieMinna,0.0020471204469877154,0.054191887989252,0.0014384639907791118,9.965578095827807e-05,0.001965410535180668,0.003359880774021327,0.0032723670437632526,0.002221302327625632,0.003955515203824589,0.135407434641432,0.0009991424606595992,0.03817011049861584,0.00016407346540561366,0.007281992379593061,0.0013778032194361393,0.001939291874145997,0.0001076005871183064,0.03054899983693617,0.0007782598981887252,0.0007639657882443104,0.0002005559034978429,0.0018637790649989946,0.0003238585610785677,0.0024091236819273926,0.00076438199344232,0.0001518480848770315,0.0011075587298741863,0.007865491911594582,0.0005959991565339528,0.00030259561647670406,0.22753343293288972,0.009575736120601839,0.0001367686574826907,0.0001141137951333417,0.00014788083557279574,0.3295888689196976,0.0030825366423472803,0.002079828867845645,0.005702302763391554,0.0006062869368178835,0.004694786337177393,0.0010347405138704593,0.002283719520107709,0.058744060079103676,0.008403834682768278,0.024215001601261502,0.001977843477924268,0.0028547744133138324,9.617242368781919e-05,0.0006500490672766733,0.0009740311582588855,0.00139439238976903,0.0002813155953808732,0.0021231528983123296,0.0015686306949296105,0.003999938826244334,7.239453531063454e-05,7.038236599452224e-05,0.00019852408364129696,0.00011902741741667045
RichterOdilieMinnaANDRichterCaroline,0.0006066074114856407,0.023603742591311167,0.00012152299402063113,0.00011586330766927908,0.0001691749298525121,0.0005054283002234217,0.0007568604329378573,0.00025449239468489733,0.00013030926397304506,0.5178984915774859,0.0003241716233288372,0.005355380005695384,0.00019075756789878765,0.0024693439411719127,0.0007342164181290264,0.0006730261937909835,0.00012510021807869663,0.005731018535861241,0.0002754447384113121,0.00010933087078360444,0.0002331733305224838,0.00012805102759858407,0.00037652932667584676,0.0009903901930985938,0.0003641249130094168,0.0001765439115314751,0.0005996956686219857,0.0020034159240807387,8.598029473974136e-05,0.0003518082812064226,0.24347422319571904,0.021491238488776897,0.00015901204013508792,0.0001326727022527555,0.00017193144828732228,0.0011812474262437149,0.00020809654472582693,0.0955335511707338,0.057349439990792436,0.00013264199136445783,0.000541870168338469,0.000262647220301174,0.0012362438310462654,0.006668235052879128,0.0003810844875007286,0.0009930918900849333,0.0010814003235789336,0.00018323227083592912,0.00011181343428242395,0.0001318798503276129,0.00012224526364441508,0.0002846776655908543,0.00032706738200593123,0.0007742422076720327,0.0008752044735723183,0.0001958193388140349,8.416842693533463e-05,8.182900828532165e-05,0.00023081106546466349,0.0001383854519287858
RichterOdilieMinnaANDWeldenLuisevon,0.00047173221064919784,0.003532705957519803,9.450314903615148e-05,9.01018570249549e-05,0.0001315599877856712,0.0003930496147502232,0.0005885774529333063,0.00019790767086754689,0.20762191406364536,0.5361532263990428,0.0002520941775639207,0.00416464619640243,0.00014834386705327895,0.0019203014242265047,0.000570968187102574,0.0005233832099813564,9.72850006603608e-05,0.004456763949804376,0.00021420139764568983,8.502186486749243e-05,0.00018132876155010696,9.957971693263991e-05,0.0002928104871189094,0.0007701833943167128,0.000283164113912982,0.00013729052445870182,0.0004663572487236167,0.0015579694623279155,6.686313708319718e-05,0.0002735860048457864,0.18933931793369047,0.0018899033615980359,0.00012365675030091456,0.00010317379237621904,0.00013370361232821284,0.0009186047666989533,0.00016182763549089566,0.00017779704646221338,0.00012947078715888874,0.00010314990985359676,0.0004213888712126456,0.000204249324204758,0.0009613730796539943,0.020008494931937224,0.000296352837649249,0.000772284386602232,0.015663856459865268,0.0001424917707022633,8.69524465669593e-05,0.0001025572259045879,9.506482672069865e-05,0.00022138144369639922,0.00025434608318918614,0.0006020945034425928,0.0006806084681313032,0.00015228018622518198,6.545412626566759e-05,6.363486209165787e-05,0.000179491730718031,0.00010761634942800188
RitterAuguste,0.001158807859114861,0.008678074838014667,0.0002321465215688501,0.00022133476935499327,0.0003231764639969898,0.0009655244486438836,0.001445837623041021,0.00048615922170083977,0.00024893101592282825,0.006212187244687883,0.0006192681093286827,0.010230432931816072,0.00036440598100404925,0.004717211019363575,0.0014025805479945393,0.0012856882853526015,0.00023898012642400477,0.010948018758663249,0.0005261846815243226,0.000208855793564453,0.0004454332123699043,0.2187188805412453,0.0007192875238213712,0.0018919517263103905,0.0006955912554075603,0.00033725349919565696,0.0011456042915373266,0.003827144334116953,0.00016424896792706421,0.0006720626775153473,0.02816257788084025,0.0046425383277802325,0.00030376219992292236,0.00025344591435829886,0.00032844226715991184,0.00225654809877446,0.00039752879196175753,0.0004367575715982609,0.0003180443529158926,0.00025338724705874737,0.21950940314855585,0.0005017374619843023,0.0023616082495434326,0.012738392310072276,0.0007279892905051603,0.0018971128035432745,0.4390143361480218,0.00035003033505330594,0.00021359825802946534,0.00025193132184826093,0.00023352628004293636,0.000543822429391737,0.0006247999044396232,0.0014790421912443613,0.0016719113599753545,0.0003740755297213359,0.00016078773977246328,0.00015631872626213446,0.0004409205551512753,0.00026435903394173216
RochlitzFriedrich,0.0006236694183268229,0.06422872469817939,0.00012494106329588602,0.00011912218731806827,0.00017393330199872586,0.0005196444488441896,0.000778148596649836,0.00026165048556365573,0.0001339744640864633,0.0033433939673063393,0.00033328957729746375,0.21268918576796184,0.00019612299348850364,0.0025387990161013837,0.010745137972249555,0.0006919563573619053,0.00012861890370020036,0.1933313519263321,0.00028319215448661467,0.00011240601300894209,0.00023973178148306863,0.00013165271044574328,0.00038711994232941286,0.005539149106745225,0.000374366630534094,0.00018150955054162493,0.0006165632693253743,0.007054901020823334,8.839865684557771e-05,0.00036170356963692124,0.024673113228553385,0.0024986102360906462,0.0001634845613493782,0.005131539527202804,0.03014757824422633,0.0012144722950568718,0.00021394966257851328,0.08839265689606281,0.0001711712041172174,0.00013637280394807887,0.0005571113149914264,0.0002700346814247053,0.305218563255027,0.026215786531868557,0.0003918032258637856,0.0010210245204843114,0.0011118167994900545,0.00018838603288916776,0.00011495840340832125,0.0001355892262203225,0.00012568364814996368,0.00029268477560282603,0.00033626678478877194,0.0007960192674209063,0.0008998212923463459,0.002698894710783641,8.653582675437926e-05,8.413060742957209e-05,0.00023730307315104164,0.00014227781045066142
SchellingFriedrichWilhelmJosephab1812von,0.001118095349457234,0.00837318718742335,0.00022399049516031718,0.00021355859329262445,0.000311822273733174,0.0009316025839180826,0.0013950408686624475,0.00046907894229735147,0.00024018529823535738,0.005993933863676532,0.0005975113023797186,0.009871006132746541,0.0003516032700936688,0.004551480784042597,0.0013533035486570956,0.0012405180732916494,0.00023058401430887807,0.08082957622209404,0.0005076981837328617,0.00020151804257695184,0.00042978376382863407,0.00023602292972410533,0.0006940167250173687,0.0018254816015840954,0.0006711529799153898,0.00032540473907975687,0.0011053556641085669,0.003692684898552818,0.0001584783928999897,0.0006484510338475402,0.027173139282423098,0.004479431575423523,0.0002930900928943851,0.0002445415743032704,0.00031690307291943216,0.0021772685740960294,0.0003835623740999645,0.0004214129251912906,0.0003068704696117766,0.0002444849681676821,0.0009987720290872053,0.0004841098707439113,0.3887427116511313,0.012290853129295063,0.0007024127716826358,0.0018304613541866405,0.0019932309592689094,0.0003377326851157181,0.0002060938895748715,0.00024308019411976885,0.0002253217784452169,0.4221218879153927,0.0006028487483929147,0.0014270788575290818,0.001613171934923745,0.0003609330976117584,0.00015513876841209074,0.00015082676518976453,0.0004254296502366726,0.00025507128219084686
SchillerCharlottevon,0.0004329876188880037,0.06244964354765336,8.6741359938659e-05,8.270155747247554e-05,0.02075497246233003,0.000360767428964278,0.0005402360579237068,0.00018165299980402261,9.301287267254681e-05,0.00747973319678976,0.030393301476490567,0.032080181902682636,0.00013615999993649586,0.016444821689790032,0.0005240730868348307,0.002993889091528473,8.9294730863253e-05,0.05016590476880587,0.0001966084804797448,7.803879826592835e-05,0.000166435759371703,9.140097612768029e-05,0.0002687612012513919,0.008247404343762003,0.0002599071097328341,0.0001260144970797101,0.00042805411654656247,0.01174711830267079,6.137149396093493e-05,0.0002511156756419815,0.06405168654125082,0.44201261135375486,0.015561907222338541,9.469986081964897e-05,0.010176693003536606,0.0027742082114470138,0.00014853631144892413,0.0001631941132174296,0.0001188370151157031,9.467793983064327e-05,0.010703888027714461,0.00018747379668052451,0.0008824130115040259,0.2015363287807527,0.00027201260933159833,0.0007088546639609282,0.0007718879497769587,0.0001307885514593136,7.98108162758296e-05,9.413393455383313e-05,8.72569055760449e-05,0.0002031988106985026,0.00023345597872576198,0.0005526429179648102,0.0006247083267975817,0.0001397730189904204,6.007820886168341e-05,5.840836557973188e-05,0.0001647496086534602,9.877753912145144e-05
SchlabrendorffAmanda,0.09202196876484507,0.013265421131353873,0.0001448692212001418,0.00013812223178825945,0.00020167574484020078,0.0006025279809469451,0.0009022636609685143,0.00030338386012034095,0.00015534345363260076,0.05097628525748818,0.0003864494204188342,0.061333776451091816,0.00022740470247827274,0.04673555722081272,0.0008752694215931837,0.000802323719289229,0.00014913367886535024,0.03492397126290469,0.007351347880154048,0.00013033482454246606,0.00027796911250969235,0.00015265137920265011,0.09464810253794109,0.0011806576781188676,0.01613395108017451,0.00021046040856144055,0.015587828242068877,0.12798728186901556,0.00010249828386708712,0.008269331856475727,0.24232237903180118,0.010747076133498666,0.00018956042518097468,0.00015816094069087826,0.00020496182812092538,0.0014081811928987407,0.0002480747336076411,0.0002725551467370998,0.00019847309105755232,0.00015812432982142174,0.000645970829730023,0.00031310533913403606,0.0014737431583256345,0.12775962679810696,0.0004542960232391335,0.0011838784080019978,0.0012891520978808733,0.000218433693052592,0.00013329432240171752,0.007180202215944687,0.00014573024868500074,0.00033936813390410644,0.0003899014938944347,0.0009229847120676076,0.0010433432084118704,0.00023343890873113134,0.023650147527543398,9.754947857737888e-05,0.0002751530240652566,0.00016497118761696502
SchragJohannLeonhard,0.0008589108236782975,0.028584114623461037,0.018123685633765346,0.00016405379680506626,0.00023953907518121207,0.0007156487531070945,0.0034126533703242217,0.025080588381155962,0.00018450819283247457,0.004604486258191494,0.000459002825772585,0.32895153298421503,0.00027009847994693503,0.011525754693016678,0.0010395956536516193,0.0009529548626027082,0.004222952266217688,0.05893245768571317,0.00039000919320669,0.00015480435368936155,0.0003301560343425169,0.00018131069865795032,0.0005331374262674035,0.022116665580487672,0.0005155737022545594,0.0002499730032930486,0.0008491243116052997,0.007679212780669233,0.00012174168065990101,0.0004981342708091978,0.07828613799158171,0.004514978434925531,0.00022514918179569241,0.0001878546450536357,0.000243442099566504,0.0016725581993105518,0.0002946491771297764,0.0003237256311462519,0.0002357351436482998,0.0001878111607277534,0.0007672477187089385,0.0003718888626388579,0.016100057429523543,0.01781571226727702,0.008085356516894302,0.001406144002118376,0.001531182153505795,0.00025944322091728717,0.00015831947833049072,0.00018673202589800848,0.00017309017018180743,0.0827663311877413,0.10972111828142132,0.004627732919241972,0.146880160439842,0.000277265569804011,0.00011917621106817972,0.00011586376885009024,0.00032681124331599494,0.00019594347225357047
SchubaertHenrietteLuiseEleonorevon,0.0012498261409809716,0.009359692118609349,0.00025038041372637323,0.00023871945506062105,0.00034856028087500016,0.001041361331975358,0.0015594005880066653,0.0005243444797007078,0.00026848324211310243,0.0067001219831301535,0.0006679083725804562,0.011033979801882707,0.00039302816028237886,0.20144961606327924,0.0015127458965060706,0.0013866723594833756,0.0002577507624152668,0.011807928233226713,0.0005675137295454432,0.00022526032114725679,0.0004804196558575924,0.0002638304752660851,0.000775783787693759,0.0020405546151740605,0.0007502263016322607,0.000363742993384598,0.0012355855023946773,0.0041277464563799285,0.03944952843322772,0.000724849677303654,0.5016431435609792,0.044279563943253226,0.039599999698148494,0.00027335276214969886,0.00035423968526850097,0.002433788121167448,0.00042875259438255486,0.00047106258898850647,0.00034302506937542273,0.0002732894868413521,0.0011164444887815377,0.0005411463090839037,0.002547100195963663,0.09228368338042968,0.0007851690325284152,0.002046121067964782,0.0022280677216984933,0.0003775233827117037,0.0002303752813319186,0.00027171920633879394,0.00025186854499471844,0.0005865368300356006,0.0006738746611949343,0.001595213200955476,0.0018032312317042398,0.0004034572013553183,0.00017341677374398232,0.00016859674265282928,0.00047555255307367,0.0002851230500604528
SchubaertMarievon,0.001080146458468823,0.00808899571130699,0.00021638811054490364,0.0002063102742825916,0.00030123882082872986,0.0008999833799577127,0.00134769226473976,0.0004531580947105669,0.0002320332513601269,0.0736718102368953,0.000577231376084203,0.009535977697238443,0.0003396696240281247,0.0043970005349356425,0.0013073715368057375,0.00119841407459838,0.00022275784132020986,0.010204852854944442,0.0004904665737106527,0.00019467838777142648,0.00041519662042441616,0.00022801215637171333,0.000670461341252824,0.001763523556294404,0.0006483736066859778,0.00031436028837486437,0.001067839166413588,0.0035673527462120017,0.00015309953209075754,0.000626442179587706,0.2298948083601584,0.004327396723808843,0.0002831424225186594,0.00023624167255528955,0.0003061471743514344,0.17180665671738182,0.00037054401504047857,0.00040710989355185583,0.00029645508419360727,0.03417684420159352,0.0009648730500131007,0.00046767886356711513,0.0022012991774007736,0.11369566513814007,0.0006785724205762727,0.0017683342928208558,0.0019255793905321816,0.00032626981582026726,0.00019909892751492645,0.00023482989257565562,0.000217674209200176,0.00050690704806928,0.0005823876656718675,0.0013786428632084485,0.0015584198192533751,0.0003486827910685579,0.00014987325665282556,0.3056116225309731,0.00041099028830934983,0.0002464139952368911
SchwendlerAugusteSophieHenriette,0.08481121765856497,0.01838574008383531,0.00010157464414105038,0.000751713656699343,0.00014140437730195113,0.003918871396333548,0.007325701342873737,0.00021271673426951276,0.00010891862254559934,0.043392139900650606,0.00027095791661175736,0.021619152935535693,0.004894959859146138,0.055143709149573325,0.0014931835538933233,0.0018140778483143722,0.00010456465655507236,0.02549506941882492,0.00023022969035723268,9.138389308932289e-05,0.0001948972559628004,0.00010703108218362221,0.04138996587751206,0.0008278147871150798,0.002807414448391441,0.00014756371938988148,0.005211214039222543,0.1070710973344475,7.186638143435777e-05,0.0024468607424573637,0.1846492151272018,0.0342305496512529,0.00013290975523629626,0.00011089409561673,0.0012201098078116895,0.0018770049863488787,0.00213854583208964,0.00019110126919496116,0.0001391588456729098,0.00011086842600930107,0.003303326414698976,0.00021953292174646877,0.0016881804865509905,0.26140342734853894,0.00031852837002180394,0.0025989185379833944,0.03855742608667202,0.00015315416522865063,0.01648574831314126,0.00011023139262128502,0.0001021783511234285,0.0002379470059171423,0.00027337832815209725,0.0015914160470889142,0.0007315371355866289,0.00016367502970338735,0.0063280061614678865,6.839654062164984e-05,0.009089550075981407,0.0011920704834851603
SchützFriedrichKarlJulius,0.0006566748893687503,0.004917703818940153,0.00013155312174445178,0.00012542630258882413,0.00018313809927377416,0.0005471447708167469,0.04208776500124607,0.0002754974007251298,0.00014106458292959418,0.003520331122675815,0.0003509277348995783,0.21213957469688394,0.0002065021007399173,0.002673155864368869,0.0007948163441768491,0.0007285756701646023,0.000135425598684396,0.02683825671353457,0.0002981790853502198,0.00011835469880029988,0.00025241872770659287,0.0001386199587900114,0.0004076068792720391,0.001072133901054899,0.4130785354053429,0.0001911152936455708,0.0006491926728735383,0.0021687716064716324,9.307683926550364e-05,0.00038084543605301205,0.1397645168048426,0.002630840237063913,0.00017213639643517593,0.0001436230920105461,0.06208877564630085,0.0012787438930987644,0.00022527218246670962,0.0002475024032278536,0.0001802298272510233,0.0001435898463416119,0.0005865944367122412,0.0002843253001341971,0.0013382795290893393,0.048487045987708366,0.000412538008819913,0.0010750585876578326,0.0011706557229664454,0.00019835568920149413,0.00012104216532324526,0.00014276480056805657,0.00013233500524325573,0.0003081740694525844,0.00035406250043807085,0.02147236357522375,0.0009474411126144668,0.00021198165439001085,9.11154255612173e-05,8.858291861504914e-05,0.0002498614886815954,0.0001498073541716545
SedlnitzkyvonCholtitzJosefGraf,0.0003232127622024265,0.012576553956979365,6.474992198384459e-05,6.173432602477154e-05,9.013984224016776e-05,0.0002693024745780846,0.0004032706269322592,0.00013559872215237993,6.943142525433853e-05,0.0017326929420447025,0.6196935897101634,0.2465993692441389,0.00010163951060305098,0.0013157166578286904,0.0003912054354506873,0.0003586020398217945,6.665593969304578e-05,0.08430224116165068,0.00014676255688668324,5.8253710836505075e-05,0.0001242394913137248,6.822819100023017e-05,0.00020062248073604528,0.0005277000312040673,0.00019401315693169332,9.406618550268007e-05,0.000319530045077155,0.0010674607372115669,4.581204916331359e-05,0.0001874506050889349,0.018011139163731073,0.001294889074793331,8.472484796984955e-05,7.069071322249791e-05,9.160857130695398e-05,0.0006293926454767289,0.00011087806998745754,0.00012181969600803828,8.870840234665676e-05,7.067434983680817e-05,0.00028871944283509005,0.00013994377904224002,0.0006586958481262008,0.0035529712127612616,0.00020304956303772795,0.0005291395502884949,0.0005761920791151077,9.762987932584084e-05,5.957647114342459e-05,7.026826559675054e-05,6.513476192436956e-05,0.00015168204820909399,0.00017426815097025175,0.00041253198991174236,0.00046632673791841006,0.0001043365250611272,4.4846649158764175e-05,4.360015933766764e-05,0.00012298082846204212,7.373458239982738e-05
SpazierRichardOtto,0.00035179568222494864,0.0026345258482889915,7.047600108083786e-05,6.719372463077466e-05,9.811124746574436e-05,0.0002931179051331188,0.0004389333649952383,0.0001475902270794356,7.557150729061518e-05,0.4219462841544592,0.0001879999736693571,0.0252142372783045,0.07749016836468339,0.0014320704297118205,0.0004258012032590755,0.00039031456674769647,7.255057510375753e-05,0.1028116254411962,0.00015974132170156288,6.340530555234782e-05,0.00013522645674064992,7.426186650658152e-05,0.00021836428116039528,0.0005743665294110339,0.00021117046999726623,0.0001023848120282098,0.00034778728857521094,0.0011618603044532578,4.9863380949781675e-05,0.00020402756701618326,0.09698347242188422,0.12300582175508508,9.221738488869145e-05,7.694215882942677e-05,9.970986176715016e-05,0.0006850522039849973,0.0001206834346800752,0.06645791308978165,9.655321995943468e-05,7.6924348368005e-05,0.00031425198891176404,0.0001523195336899128,0.033879607009013886,0.0149213938882578,0.0002210059994772042,0.011630153420572387,0.0006271469114760998,0.00010626365669763682,6.484504252752758e-05,0.011130702422562387,7.089487386451711e-05,0.00016509586214165638,0.00018967933890637616,0.0004490137451309076,0.0005075657650021788,0.00011356339633603777,4.881260699238539e-05,4.745588538890962e-05,0.00013385648559971583,8.025520880475994e-05
StudnitzAugustvon,0.0014029298745732778,0.010506254637704066,0.0002810520206826864,0.00026796259428814203,0.000391258924017525,0.0011689281212400992,0.0017504271991179248,0.0005885766916047441,0.0003013724460004685,0.07608318416902365,0.0007497271649601446,0.04275642911817127,0.00044117411976672585,0.11541064475446133,0.0016980573067392848,0.0015565397582717562,0.0002893252372706791,0.04362518625175098,0.0006370341756373327,0.00025285471613308865,0.0005392710757400384,0.0002961497150980876,0.0008708173211283134,0.0022905226066716215,0.000842129042383781,0.00040830151919004536,0.0013869447574032748,0.04871664142977533,0.00019885072590784548,0.0008136437809389511,0.07817873599950743,0.2730659089652279,0.0003677547245524226,0.00030683848236358395,0.00039763405559156234,0.0027319272270041,0.00048127479793947026,0.0005287677679449899,0.00038504564897053024,0.00030676745582837895,0.0012532089666367095,0.0006074367455084553,0.0028591200338025876,0.2544254904723751,0.0008813522586904206,0.0022967709500687074,0.0025010060734446,0.0004237700065550747,0.00025859625906855853,0.0003050048159249043,0.0002827224480686983,0.0006583876064142756,0.0007564243240794183,0.0017906268580504712,0.01573658651778854,0.00045288071863246453,0.00019466033287365175,0.00018924984785303675,0.00053380775274311,0.00032005063083838283
ThieriotPaulEmile,0.0019660319915965996,0.03552965188558267,0.00017780789595065095,0.00016952685473713646,0.00024753042473235403,0.0007395237694800651,0.0011074098543534241,0.0003723637456355127,0.00019066363725363367,0.14032517143024636,0.013255146990405352,0.017059683361293095,0.00027910933283118854,0.0036130516211913327,0.0010742779795055247,0.0020632134676497028,0.00018304195628824182,0.06409099962933558,0.00040302043067897173,0.0066307692409937535,0.0003411704889773355,0.00018735947032178567,0.0005509236163863888,0.0036060353256296873,0.0005327739426369505,0.00025831244288616005,0.0008774522542646645,0.04787571704220979,0.00012580314881227147,0.0005147527080242032,0.2610359561138265,0.010321273131310855,0.0002326604649194242,0.0001941217316752803,0.00025156365932299925,0.06773015639455292,0.00030447907468456606,0.00033452555877892164,0.00024359958886650514,0.013135677603418676,0.01601502910292193,0.000384295581222352,0.014107348100407983,0.20555053187065608,0.0005575885571946409,0.010130422455172827,0.04108248126183932,0.00026809859985893047,0.0001636012315940711,0.0001929616604167816,0.00017886469382786833,0.0004165297041172253,0.0004785527504258935,0.002211308950399625,0.007369131050266189,0.00028651552656001905,0.0001231520916634689,0.001811083025878596,0.0003377141111700421,0.00020248041315917508
ThüngenJohannHansCarlMoritzFreiherrvon,0.0005263460265326708,0.003941697644708002,0.0001054440546291064,0.0001005332121862823,0.00014679107183793597,0.00043855411668681393,0.0006567187838028388,0.0002208200199814913,0.21511992079407294,0.15167255675225005,0.0002812798568284853,0.004646799450845487,0.0001655180698314626,0.0021426203290118035,0.0006370708418329487,0.0005839768129220706,0.0001085479693412075,0.2530575669116893,0.00023900011910018838,9.486509449888128e-05,0.00020232172190794883,0.00011110835161883867,0.00032671001246667957,0.0008593497754629876,0.00031594685045914197,0.00015318504947961208,0.0005203487895655348,0.001738340137568756,7.460407776017096e-05,0.0003052598557290664,0.14510372903314586,0.0021087029938848104,0.00013797285346543823,0.00011511852367425784,0.00014918287005496244,0.0010249543236417263,0.0001805628935250983,0.00019838112984873785,0.00014445999835235992,0.0001150918762022344,0.00047017429164446326,0.00022789586504853707,0.18300154966250048,0.0223249368319177,0.00033066247126457317,0.0008616940057620742,0.0009383181817922608,0.00015898845919282416,9.701918528062513e-05,0.00011443057550131091,0.00010607075937976696,0.00024701142005398904,0.00028379247214545473,0.0006718007427307934,0.0007594044984386281,0.00016991010817127454,7.303194164479393e-05,7.100205594357067e-05,0.0002002720126507613,0.00012007540853194558
TieckLudwig,0.007056395355386974,0.0429226096193104,0.00010363206535453888,9.88056126278234e-05,0.00014426856026809745,0.00043101784203814755,0.0006454334875683249,0.00021702536783895326,0.0001111247979790873,0.015851358612762254,0.00027644624069414904,0.31621245571809903,0.00016267374666562208,0.002105800756117952,0.0006261231830332052,0.0071130357932243414,0.00010668264125880222,0.09643460272895117,0.00023489305347232364,9.323489795183619e-05,0.000198844951298181,0.0001091990249891262,0.0003210957078900418,0.059138676781412464,0.00031051750400258696,0.00015055266145491515,0.1114900912470258,0.0017084678636325517,7.332205394938409e-05,0.00030001415850618656,0.13943362523434244,0.09623862006161692,0.00013560187739153608,0.00011314028477842334,0.00014661925694809156,0.0010073411329512413,0.00017746003459575253,0.00019497207581693977,0.00014197754480351607,0.00011311409522632405,0.00046209464432215745,0.00022397961899143373,0.007593335077020452,0.005686520286704569,0.00032498024618757965,0.0008468863402005398,0.0009221937783110057,0.00015625634324896434,9.53519720482231e-05,0.00011246415855897793,0.00010424800058110906,0.0002427666852948046,0.00027891567830876736,0.0006602562725872994,0.03344182587251968,0.0001669903106091466,7.177693399712068e-05,6.97819305956359e-05,0.04597049022796684,0.0001180119887102733
TruchsessvonWetzhausenChristianFreiherr,0.0020075435582329877,0.033862541837964756,0.00013623124380166343,0.00012988655062334123,0.016978777340382216,0.04437617780743509,0.0164210587411921,0.0007396591867472996,0.00014608093927403898,0.06354900350666545,0.011889076919552198,0.03806732792312967,0.00021384546150188025,0.013019589090028531,0.0019781505334934358,0.0016632141435039874,0.00673244319028277,0.05598538805242694,0.0007447501458192667,0.002217192789268828,0.004813132592079083,0.0013970773937158375,0.015941278953888787,0.03276894856589041,0.0031363034896250783,0.020341614608269144,0.0028529096635859044,0.005214508309438081,9.638671750335595e-05,0.0008117946658775044,0.12642946054737889,0.23747999483488094,0.005376034739712863,0.00014873043074755188,0.0019392565341868956,0.01203032389820517,0.0002332830206110211,0.0002563037637459436,0.00018663892738525115,0.015594523069968136,0.06480494360365549,0.0002944361089112393,0.0027276064477149446,0.053089571952778705,0.012036678236685004,0.011704201837889103,0.01294281330028591,0.00452404474203828,0.0001253465103356829,0.0001478416178542949,0.00013704093163071368,0.0021293175099420495,0.001075999633165288,0.016039097875179827,0.004356762740731858,0.01432455696808159,9.435555454043049e-05,9.173298985600566e-05,0.0002587467399470099,0.001188461010754353
UnbekannteKorrespondenten,0.009377092092599711,0.05150771840538221,0.00031566851514802305,0.0003009668959101732,0.00043944933497727293,0.0013129021575804009,0.0024997397201824527,0.0006610702525400877,0.00033849175787603993,0.038656913343395806,0.0008420692381226669,0.16428266600610938,0.000495512464099062,0.024606107317193787,0.005177048684587744,0.0033527818833917087,0.002724979902513213,0.06768607506376359,0.0007154961271351909,0.0021370396248924454,0.0006056917837759624,0.0003326257558990122,0.00844720110464354,0.04149369267996407,0.057416515582953125,0.0004585910251857639,0.0015577713730659457,0.01981106285077607,0.00022334268663489086,0.0009138583083819978,0.16883583638470515,0.03665339506549521,0.00041305018037639344,0.0003446310326561983,0.0022466240601112133,0.008544437444004228,0.004333411342175844,0.0005938948090815556,0.009784164370920265,0.00034455125795523797,0.0014075636699123315,0.0006822532534554871,0.1035783851573719,0.07500403173012898,0.0009899062748147686,0.00257965864711524,0.009917503648975354,0.00128920205392667,0.00029044693194064654,0.0003425715179778524,0.0003175446850162351,0.0032291887181119575,0.01491662697594498,0.01998481214482719,0.022490429729169824,0.0005086609363014854,0.00021863617307281983,0.00021255929175903468,0.0005995555565607115,0.0006563250174539672
UtheJohannAndreas,0.0005443520927455801,0.1409147831932961,0.0001090512493901586,0.00010397240918592053,0.00015181272988366973,0.00045355686025272656,0.0006791848447367692,0.00022837417580387953,0.00011693579604333999,0.0029181862209290226,0.0002909023170943594,0.004805764417563708,0.00017118037024712508,0.0022159184286810662,0.0006588647553083187,0.0006039544030058173,0.00011226134766023867,0.0051428516607130575,0.00024717620812238607,9.811038768384792e-05,0.0002092430590841462,0.00011490931949017458,0.00033788661838816513,0.017993527979146794,0.034536315704522084,0.0172632056682814,0.0005381496929378768,0.0017978079895896316,7.715625046821228e-05,0.00031570266121694915,0.3895345869814769,0.002180840796427703,0.00014269284413668634,0.00011905667776894328,0.0001542863504663886,0.0010600175605360491,0.017291520096337783,0.0002051676611026722,0.00014940191139877276,0.00011902911869861477,0.0004862587474970666,0.0002356920824204896,0.0011093697568345282,0.2283460258151348,0.00034197428906423597,0.0008911721789426135,0.0009704176343547274,0.00016442738449862148,0.00010033816896440716,0.11985180677433115,0.00010969939343487194,0.0002554615721604585,0.00029350088787690533,0.0006947827508503919,0.0007853833925348646,0.00017572265828802675,7.553033226735876e-05,7.343100506853051e-05,0.00020712323017421755,0.00012418313547881964
UtheSpazierWilhelmine,0.0008947435537569537,0.0067005513116427775,0.00017924593975353754,0.00017089792457390714,0.0002495323582877179,0.0007455047613145519,0.0011163661713369539,0.0003753752844311768,0.0001922056534870663,0.007586839700493893,0.0004781518735058684,0.14521344746732318,0.000281366664791953,0.09407536786479626,0.0010829663382690422,0.000992710997264687,0.00018452233121479515,0.09774154329674711,0.0004062799092846656,0.00016126260577774057,0.0003439297483723053,0.00018887476368807766,0.008091470550055158,0.004251081446547721,0.004305128453838719,0.03932403870064607,0.008420640029509424,0.0029550306336929796,0.00012682059765820646,0.0005189158355267005,0.16321356841317322,0.0035846160424074388,0.00023454213579779146,0.00019569171568385735,0.0002535982121722232,0.0017423353226678716,0.0003069415876349488,0.0003372310764621337,0.0002455697312906213,0.00019564641724401926,0.0007992563739151037,0.0003874036202444597,0.0018234548041400414,0.13864076252803378,0.0005620981250343999,0.0014648066444912478,0.03786843856643691,0.00027026688112691597,0.00016492437720569097,0.00019452226220262176,0.00018031128461698469,0.0004198984406771034,0.00048242310620185574,0.06581171735183695,0.1521869204727697,0.0002888327570474367,0.0001241480997500745,0.00012069746641291904,0.0003404454166732027,0.0002041179990593551
UtheSpazierWilhelmineANDMahlmannErnestineANDRichterCaroline,0.0004217229580233058,0.08266716114632801,8.448468570589204e-05,8.054998325355841e-05,0.00011761305663255242,0.00035138165772964435,0.0005261812080528934,0.00017692709229862437,9.059303796826955e-05,0.028763778738003364,0.013476863222356715,0.003723143922375547,0.00013261764409140038,0.10772867884700073,0.11977388510140875,0.0004678983340766832,8.697162780833818e-05,0.1762537162318724,0.00019149348929035296,7.600853098250832e-05,0.00016210574552535877,8.902307672855921e-05,0.0002617690757179622,0.0006885347490362784,0.0002531453333684585,0.00012273608792500042,0.0004169178063051325,0.00139280607796254,5.977484538237914e-05,0.0002445826183430658,0.2090215693096816,0.001689551016527916,0.00011054765678324937,9.223613721755824e-05,0.00011952943135228566,0.0008212216819654014,0.00014467197191223618,0.0001589484344489913,0.00011574533624301548,9.221478652778559e-05,0.00037671661428702346,0.00018259645458458413,0.0008594560425663973,0.1504022957283646,0.0002649358947527582,0.0006904130110277882,0.0007518064148773813,0.00012738593989975464,7.773444794689022e-05,9.168493416132334e-05,8.498681884252249e-05,0.00019791236464143736,0.00022738235834387748,0.000538265289648004,0.0006084558356552246,0.09289659495146713,5.851520655246405e-05,5.6888806125337525e-05,0.00016046346191827388,9.620773012296276e-05
ViewegEduard,0.0003240263746384508,0.0024265671884128423,6.491291474873012e-05,6.1889727733049e-05,9.036674818326272e-05,0.000269980380490202,0.00040428576629408276,0.00013594006017969174,6.960620260735172e-05,0.008665499042324491,0.011738775533384592,0.3347704413876524,0.00010189536426815557,0.004572229512677787,0.0003921902035184893,0.0003595047364764519,6.682373041114615e-05,0.09307114424364411,0.00014713199725349322,5.840035091116729e-05,0.00012455223513760535,6.839993949279269e-05,0.00020112750084775316,0.0005290283924511679,0.09453732608200434,9.430297509543271e-05,0.0003203343871352678,0.0010701478196301101,4.59273702684118e-05,0.00018792246808840743,0.11884888388577623,0.03521302928748143,8.49381229330002e-05,0.003926073829268822,9.183917443151463e-05,0.0006309769940649861,0.00011115717956224491,0.00012212634856392579,8.893170497504704e-05,7.085225596137867e-05,0.0002894462264175574,0.00014029605473270823,0.0006603539606646452,0.08669685107174874,0.00020356069276073472,0.023302877459211932,0.0005776425077365281,9.787563968321592e-05,5.972644095738374e-05,7.044514949934709e-05,6.529872343368013e-05,0.00015206387224321822,0.10838721494152716,0.022762835569084542,0.038128337886295834,0.0001045991678285193,4.495954009543684e-05,4.37099125281297e-05,0.00012329040389695835,0.003929125360673966
VoßErnestine,0.00018598167389944096,0.0013927786836304256,0.01662303104573478,3.552289585629065e-05,0.04649203207450898,0.00015496085199731574,0.0002320482202505538,7.802562359443705e-05,3.995192702798805e-05,0.0980627366872358,9.938879742623021e-05,0.04239390585149941,0.0017170622555059188,0.0007570839243256858,0.00022510572054116842,0.00020634521723508428,3.835486926623523e-05,0.17952502001503007,8.44494685468282e-05,3.352009548880951e-05,7.148934467033906e-05,3.925956723641502e-05,0.00011544131034584476,0.0003036468438045571,0.00011163820215141357,0.005029859031670634,0.00018386258091935886,0.0006142335883513205,0.008319247433369377,0.00010786200727454275,0.23463846406123096,0.04259899632538611,4.8752001433778704e-05,4.067654100252234e-05,5.271300340712751e-05,0.026899399049254587,6.380097405340607e-05,7.009695663968406e-05,5.1044200869282566e-05,4.0667125254701924e-05,0.00016613367894227567,8.052583722479603e-05,0.0003790238838044343,0.19735567812375907,0.00011683789142786266,0.008675254549137916,0.06114224633316351,5.617775813025736e-05,0.018278631454164952,4.043345803749347e-05,0.005013211438460753,8.728022072579912e-05,0.00010027661718539833,0.00023737735322716517,0.0002683316918278567,6.0036866884502407e-05,2.5805462700461707e-05,2.5088212979731447e-05,7.076509039759352e-05,4.242803089070969e-05
VoßHeinrich,0.0003021823203557146,0.0382698020474058,6.053684741469271e-05,5.771746683714825e-05,8.427472510374609e-05,0.00025177980625212603,0.06307649403185715,0.005115222767895919,6.491373993400706e-05,0.0865820162327156,0.00016148654216254253,0.04024116849700068,9.502614607344431e-05,0.016739293836925528,0.0003657509233692287,0.000335268928551079,6.231884652289864e-05,0.08227012615688332,0.00013721317710090888,5.446332437480027e-05,0.00011615561684251203,6.378879636321382e-05,0.00018756860444257132,0.0004933642433993928,0.00018138932863188888,0.014279752882846079,0.00029873922609623956,0.005986451441055727,4.283120264833479e-05,0.00017525378147779035,0.13325857043330946,0.30653465337602676,7.921206754601994e-05,6.609108997928809e-05,8.564788857152208e-05,0.0005884400378530342,0.00010366358134209122,0.00011389327003641572,8.293642451956313e-05,6.60757913078405e-05,0.00026993337321586005,0.0017936537523610644,0.08219776451429367,0.102317197302577,0.00018983776410266365,0.005483157127265061,0.0005387010656730792,9.127740894171135e-05,5.570001681261009e-05,6.569612969706643e-05,6.0896647025948635e-05,0.00014181257253519206,0.0001629290683494406,0.005374136855523448,0.0037616156712175727,9.754767425018119e-05,4.1928618197590086e-05,4.0763233564037694e-05,0.00011497885123933699,6.893690412535385e-05
VoßJohannHeinrich,0.00047882985699128204,0.0035858587780205338,9.592503610455583e-05,9.145752259430003e-05,0.00013353942918270146,0.00039896340884232117,0.0005974331437501284,0.0002008853743707068,0.00010286054052659628,0.002566931788199173,0.00025588716705426083,0.1847783786646596,0.0001505758373991503,0.0019491941308759052,0.0005795589302681893,0.0005312579932629988,9.874874325306274e-05,0.1098452784642533,0.00021742425530125892,8.630109726789068e-05,0.00018405702006643685,0.00010107798564882546,0.00029721609105247025,0.0007817715140761905,0.00028742457926165534,0.00013935618706712558,0.0004733740238044458,0.0015814105503133065,6.786915467034844e-05,0.0002777023587065219,0.3276014063044299,0.03201018395531868,0.0001255172801982465,0.00010472613727344424,0.0001357153065342515,0.0009324260229434848,0.00016426248157339957,0.00018047216706659023,0.00013141879460493622,0.00010470189541623442,0.01547365168254956,0.00020732244373335672,0.031067683078595688,0.17076876746841332,0.00030081173951480703,0.10610536250662253,0.0008536110052158245,0.00014463569085923158,8.82607263502328e-05,0.00010410029399038653,9.6495164748086e-05,0.00022471233176930527,0.00025817295467732724,0.0006111535707555227,0.0006908488504820772,0.00015457138212474888,6.64389439850777e-05,6.459230730306778e-05,0.00018219234941059808,0.00010923553669489414
WagnerJohannErnst,0.010417034321917021,0.03392894596052571,0.0020372163614366646,0.00016225493817406239,0.00023691251644716212,0.00807339767410006,0.009029990888646224,0.004028092013975781,0.00018248505065819126,0.01886125842602057,0.0019208327348422514,0.12462509547130483,0.00864934986198215,0.033459114903839626,0.002040221789420208,0.018318312688091493,0.006917698661424483,0.12095068645371855,0.0019632793281022473,0.00015310691569539684,0.012949525004494618,0.00017932261717781405,0.004190581087709448,0.046755243192603546,0.0027022673905217503,0.007560076820418313,0.003656424288222237,0.008593449036151432,0.013883556740117648,0.003429439623529556,0.14283272672164188,0.04915138943128288,0.00022268040901003176,0.00048170060242592815,0.0034382618809503697,0.0016542185094571,0.005352147916672454,0.009447587183922159,0.0024154018006705903,0.0021111855848376937,0.015460261564337108,0.0003678110814270825,0.055286204934910155,0.083647702583683,0.0017847976957581508,0.002675610582056942,0.007819092383757557,0.0019080737701713006,0.004140333993217996,0.012578127548103021,0.005799949367176784,0.006942557468078199,0.0019297102293446822,0.052539167524456275,0.0151849979573754,0.0002742253380444572,0.00011786943755811541,0.00011459331644560073,0.003275003392470172,0.0011914370294879425
WagnerJohannFriedrich,0.0014167427089925135,0.0996442493012678,0.00028381917611592755,0.0002706008750835929,0.0003951111441679772,0.2237668199788422,0.001767661389865839,0.0005943716443899865,0.04482161625746533,0.00759493553360125,0.0007571087578514841,0.01250758799397363,0.0004455177902358173,0.005767197957707379,0.0017147758789483895,0.001571864990371832,0.0002921738483582018,0.013384898654464529,0.0006433062265409101,0.0002553442492090962,0.0005445805799506791,0.0002990655179846703,0.0008793911320394305,0.22489945735329733,0.0008504203969503197,0.00041232153571397193,0.0014006002070660506,0.004679014548420289,0.00020080855159884483,0.0008216546780094617,0.03443118422547689,0.13922773390312376,0.0003713755292763077,0.00030985952370510294,0.00040154904341018464,0.0027588249780007338,0.0004860132878772594,0.0005339738596800278,0.00038883669504451526,0.0003097877978635477,0.001265547693085257,0.0006134173888306456,0.002887270087720035,0.060091061565892924,0.0008900297934945131,0.0023193842805046714,0.0025256302427634704,0.00042794232125053616,0.000261142321685576,0.0003080078035266344,0.0002855060500380853,0.0006648698969092613,0.0007638718552273097,0.09084281001701804,0.002044056062181106,0.0004573396488267037,0.00019657690118879656,0.00019111314612591359,0.0005390634666843277,0.0003232017551031557
WagnerJulianeLouiseAntoinetteKaroline,0.0012498261409809716,0.20572158496863094,0.00025038041372637323,0.00023871945506062105,0.00034856028087500016,0.001041361331975358,0.0015594005880066653,0.0005243444797007078,0.00026848324211310243,0.0067001219831301535,0.0006679083725804562,0.3252130083619172,0.00039302816028237886,0.00508772321325766,0.0015127458965060706,0.0013866723594833756,0.0002577507624152668,0.011807928233226713,0.0005675137295454432,0.00022526032114725679,0.0004804196558575924,0.0002638304752660851,0.000775783787693759,0.0020405546151740605,0.0007502263016322607,0.000363742993384598,0.0012355855023946773,0.0041277464563799285,0.00017714986322339254,0.000724849677303654,0.18746411500094468,0.08355194251325755,0.00032762112814418304,0.00027335276214969886,0.00035423968526850097,0.002433788121167448,0.00042875259438255486,0.00047106258898850647,0.00034302506937542273,0.0002732894868413521,0.0011164444887815377,0.0005411463090839037,0.002547100195963663,0.131556061950434,0.0007851690325284152,0.002046121067964782,0.0022280677216984933,0.0003775233827117037,0.0002303752813319186,0.00027171920633879394,0.00025186854499471844,0.0005865368300356006,0.0006738746611949343,0.001595213200955476,0.0018032312317042398,0.0004034572013553183,0.00017341677374398232,0.00016859674265282928,0.00047555255307367,0.0002851230500604528
WagnerLorenzHeinrich,0.0006279763633001976,0.04367624660579627,0.00012580388303454491,0.00011994482298178797,0.00017513445302318298,0.0005232330167314781,0.0007835223460888748,0.0002634573951386076,0.0001348996668103772,0.007696867287775291,0.00033559121311194784,0.07340213756523505,0.00019747738239414314,0.0025563314897797326,0.0007600806508492149,0.0006967348792319207,0.00012950712192045345,0.02566534996409532,0.0002851478268194628,0.00011318226802238299,0.00024138732456547063,0.00013256187957096135,0.00038979332063002246,0.001025278656235076,0.0003769519368361149,0.00018276302172900814,0.0006208211405557971,0.002073990232167989,8.900912152376497e-05,0.0003642014271962653,0.16013015363144237,0.08479316998472745,0.00016461355531483037,0.0001373463619012633,0.00017798807529895212,0.001222859214781957,0.00021542715914435397,0.00023668585719258199,0.00017235328060757503,0.00013731456916088173,0.0005609586220858638,0.00027189949069644917,0.018601330832247964,0.011233521350720505,0.0003945089460491896,0.03134076677209812,0.009780263726955488,0.00018968699178431884,0.00011575228475500479,0.00013652558019111694,0.00012655159604147185,0.0002947060022110631,0.000338588980644301,0.16540236721674073,0.0009060352907854609,0.00020271746425109041,0.3484836091027011,8.471159775253493e-05,0.00023894184402554775,0.00014326035453978344
WagnerLudwigAnton,0.002363820279758543,0.09197877302371628,0.0004735493043506012,0.00045149470837783966,0.0006592387802066334,0.0019695467668388272,0.002949324400675721,0.00099170282494103,0.0005077875327396733,0.01267206989937668,0.0012632279837634195,0.020868778758031763,0.0007433417379656358,0.0838991158603269,0.002861085483038405,0.002622640171499932,0.00048748898694199265,0.022332562349613817,0.0010733496595678493,0.0004260391888866044,0.0009086269586419918,0.0004989876650866128,0.0014672548364359453,0.003859340289936192,0.0014189174702448385,0.0006879541371312072,0.0023368866854103143,0.007806886464731815,0.00033504695214266845,0.0013709221713365492,0.1317246748756668,0.009470186245669459,0.0006196361568951879,0.0005169973498796498,0.0006699803472471258,0.004603070402204563,0.0008109080490227978,0.0008909297576482262,0.0006487699279667656,0.0005168776760688902,0.0763881598339773,0.0010234804488286758,0.004817379714165808,0.3973677303389277,0.001485005330959325,0.07814647507433949,0.0042139874439596145,0.000714017253180943,0.00043571321171122793,0.0005139077742760354,0.00047636383571277637,0.0011093284163309492,0.0012745121404627874,0.003017057486089584,0.003410485998677281,0.0007630663844411041,0.00032798648802831004,0.0003188702702851034,0.0008994217132986074,0.000539258722361585
WagnerLudwigAntonANDWagnerKarlLudwigFriedrichErnst,0.08606825322070256,0.004076541388564925,0.0001090512493901586,0.00010397240918592053,0.00015181272988366973,0.00045355686025272656,0.0006791848447367692,0.00022837417580387953,0.00011693579604333999,0.0029181862209290226,0.0002909023170943594,0.004805764417563708,0.00017118037024712508,0.0022159184286810662,0.0006588647553083187,0.0006039544030058173,0.00011226134766023867,0.0051428516607130575,0.00024717620812238607,9.811038768384792e-05,0.0002092430590841462,0.00011490931949017458,0.00033788661838816513,0.000888747753555399,0.00032675525333928485,0.00015842544269000232,0.0005381496929378768,0.018902588215181027,7.715625046821228e-05,0.017420482886808347,0.5434776090117994,0.07059996169879329,0.00014269284413668634,0.00011905667776894328,0.0001542863504663886,0.0010600175605360491,0.00018673987074638564,0.0002051676611026722,0.00014940191139877276,0.00011902911869861477,0.0004862587474970666,0.0002356920824204896,0.0011093697568345282,0.2283460258151348,0.00034197428906423597,0.0008911721789426135,0.0009704176343547274,0.00016442738449862148,0.00010033816896440716,0.00011834519519138665,0.00010969939343487194,0.0002554615721604585,0.00029350088787690533,0.0006947827508503919,0.0007853833925348646,0.00017572265828802675,7.553033226735876e-05,7.343100506853051e-05,0.00020712323017421755,0.00012418313547881964
WaltherJohannAdam,0.0016351153567584426,0.012245044183231014,0.0003275662478896402,0.00031231051594124984,0.0004560124399121735,0.0013623862151825954,0.002040123634145259,0.0006859863807274905,0.00035124971211344876,0.008765597059901582,0.000873807324958545,0.06581451325054218,0.0005141886214764496,0.0066561372691441145,0.001979086502630651,0.0018141477405842254,0.0003372086852901056,0.6319965077067622,0.0007424635986751537,0.00029470227762008847,0.0006285206647740579,0.000345162617057969,0.0010149379527193052,0.0026696050579935976,0.0009815017518197981,0.00047587559172799853,0.0016164846959977224,0.0054002243978787355,0.00023176060438044312,0.0009483021676681758,0.1424963911755759,0.006550771686939939,0.00042861828558539916,0.00035762037978537986,0.0004634426584334197,0.003184062327976032,0.051939967583506094,0.0006162790551371769,0.0004487708652410266,0.0003575375983288324,0.0014606155758129678,0.0007079677814561836,0.0033323055976039427,0.017974283417893432,0.0010272164268629485,0.002676887504841473,0.0029149236267274315,0.0004939041202345118,0.00030139404831755863,0.0003554832407826412,0.0003295131317080838,0.0007673510311945289,0.0008816128667187203,0.002086976353478114,0.0023591209865652307,0.0005278326673604981,0.00022687669954297017,0.0002205707769840041,0.000622153159531555,0.00037301914436973724
WangenheimKarlAugustFreiherrvon,0.0003333699578319583,0.01297178129273165,6.678473527557635e-05,6.367437202486786e-05,9.297255220313358e-05,0.00027776550029268637,0.0004159436990643228,0.00013986001040916494,7.16133581840285e-05,0.0017871440752806934,0.00017815324764130426,0.0029431272563919947,0.00010483360599040604,0.08515899938872312,0.0004034993501839187,0.0003698713691849026,6.875065097461489e-05,0.01362480681646735,0.00015137467675234223,6.008437597819272e-05,0.0001281438074972445,7.037231142021649e-05,0.0002069271877984531,0.000544283387672191,0.00020011016119671687,9.702228365228274e-05,0.0003295715086482288,0.001101006465606758,4.725172605716742e-05,0.00019334137639941297,0.018577152283850887,0.4412957426488504,8.738738780784374e-05,7.291222019053758e-05,9.44874371467994e-05,0.0006491717661535662,0.00011436249380851379,0.0001256479683678679,9.149612827207644e-05,7.289534257357652e-05,0.2621788407234249,0.00014434161386528999,0.0006793958432136099,0.003664625911753342,0.0002094305429229636,0.0005457681446886029,0.0005942993333827888,0.00010069796914024947,6.14487049877736e-05,7.247649684155233e-05,6.718166909053663e-05,0.00015644876665996674,0.00017974465409265332,0.14707888302212813,0.00048098139410229004,0.00010761537608523276,4.625598765681909e-05,4.497032598843278e-05,0.00012684559025195104,7.605174516590598e-05
WeldenFranziskaFannyvon,0.0010114854936361028,0.007574807801221736,0.00020263310877467733,0.00019319588375149054,0.0002820901693463267,0.03262594833635521,0.0012620243902870696,0.000424352489914444,0.00021728374513645845,0.037205588754269145,0.0005405388860029572,0.008929810427807371,0.00031807806676541905,0.0041174992721840775,0.0012242667037452597,0.0011222352694133133,0.0002085979390317916,0.26382155653438444,0.0004592894051839794,0.00018230339377717423,0.0003888040878839339,0.0002135182564683024,0.000627842562833909,0.0016514228055757936,0.0006071588648719492,0.00029437755313032406,0.0009999605311810488,0.003340589162872771,0.00014336755407391453,0.0005866215384837428,0.4377634504337178,0.004052319921083537,0.0002651440929747534,0.00022122465236866094,0.00028668651676470473,0.00196966705882192,0.00034698988551832584,0.06394757862954863,0.00027761051737518454,0.00022117344360097753,0.0009035395946880687,0.0004379502265358851,0.0020613706295443427,0.011118926172735476,0.0006354380504727152,0.0016559277411537974,0.03358635095480908,0.0003055300354188486,0.0001864429359564176,0.00021990261408541743,0.0002038374548362632,0.0004746848186409849,0.0005453674090963004,0.06485735479711564,0.0014593567639006287,0.00032651829970016435,0.00014034636118071315,0.00013644550539948454,0.000384865136936637,0.00023075035765460062
WeldenJosephinevon,0.000887521770825016,0.009655653383029523,0.00017779918412965426,0.00016951854865148876,0.0002475182968077758,0.0007394875360008481,0.007672656414248499,0.05152848243316418,0.00019065429555668905,0.03279513682235391,0.000474292545294495,0.016633734557370005,0.00027909565767613917,0.052717147209307105,0.0010742253445119652,0.0009846984854044003,0.00018303298802083422,0.32218018487217803,0.00040300068441387305,0.00015996099982699033,0.00034115377309296244,0.0001873502905147881,0.0005508966235022812,0.0014490308580863763,0.0005327478390086773,0.00025829978668913563,0.0008774092628838183,0.0029311795651894407,0.00012579698499987486,0.00653309653815271,0.1371350317179353,0.03894195715105632,0.0002326490655588247,0.00019411222054660472,0.0002515513337872992,0.0017282723350753703,0.0003044641565214456,0.0003345091684675054,0.00024358765353595232,0.00019406728772605302,0.0007928053008504852,0.00038427675239421954,0.00620790053227982,0.24557980490210332,0.00811522934860244,0.0014529836863046736,0.03677549462159986,0.0002680854641823681,0.00016359321583843286,0.00019295220612660068,0.0001788559302283278,0.00041650929595591913,0.0004785293034024815,0.004141971237510542,0.0012805036824665745,0.000286501488533379,0.00012314605774145317,0.00011972327565266274,0.0003376975646332932,0.0002024704924911117
WilmansFriedrich,0.013656456482133017,0.03460327196522831,0.0002508589716916383,0.0002391757251617155,0.0003492264923262285,0.001043351710346889,0.00569712828000674,0.0005253466716196724,0.0002689964004394316,0.01130318444499608,0.000669184961539667,0.19689756012568665,0.0003937793642359046,0.00509744749812696,0.0015156372432668687,0.0013893227389318616,0.00025824340750108324,0.13222097530975363,0.0005685984318655223,0.00022569086648959735,0.0004813378932291139,0.00026433474064986324,0.0007772665614674703,0.002044454775135124,0.004886407399814277,0.0003644382239108316,0.0012379471059847378,0.004135635915127508,0.00017748845391756654,0.0007262350995159226,0.21329922822658445,0.009607012085611558,0.00032824731810101367,0.000273875227704041,0.00035491675189873483,0.0024384398775641174,0.00042957207928601083,0.0004719629419783582,0.0003436807012469101,0.0002738118314561112,0.0011185783753540977,0.0005421806147339812,0.06362699326912125,0.013765185772820938,0.0007866697445410035,0.0020500318672177996,0.002232326279864047,0.00037824495201970864,0.004435097344225811,0.00027223854963954856,0.0002523499472602275,0.0005876578916544286,0.0006751626536616996,0.0015982621694121207,0.251875983472011,0.004608510079788005,0.0001737482292965578,0.00016891898556677557,0.00047646148783733034,0.00028566801244251934
