sender_norm,0,1,2,3,4,5,6,7,8,9,10,11,12,13,14,15,16,17,18,19,20,21,22,23,24,25,26,27,28,29,30,31,32,33,34,35,36,37,38,39,40,41,42,43,44,45,46,47,48,49,50,51,52,53,54,55,56,57,58,59
AdelheidLouiseTheresaCarolineAmelia,0.001955039923688852,0.0666515926153442,0.0003916574384982756,0.0003734167896652008,0.0005452352471904333,0.0016289489491711814,0.002439291599537218,0.0008202055933764874,0.00041997477886048396,0.010480662502645004,0.0010447753419015114,0.08538947218906971,0.0006147941055889076,0.0788113672411214,0.0023663120214020873,0.0021691015533872524,0.0004031865027943585,0.11385195053415932,0.0008877330711230436,0.00035236334608924154,0.0007514962093761744,0.00041269669061823035,0.0012135194067083826,0.0031919365488720154,0.0011735411217605797,0.0005689847977342043,0.0019327640118142798,0.006456825355528242,0.00027710658604557464,0.0011338457496891166,0.3111521019881032,0.04871023208731662,0.0005124811878739631,0.00042759192317247337,0.0005541192527076752,0.0038070518663879394,0.0006706760339843374,0.0007368594221480474,0.0005365767953362882,0.00042749294480264613,0.026505266688420945,0.0008464878466900354,0.003984300223418416,0.1683324682116271,0.0012282002713052342,0.02795951281820276,0.0034852538331324096,0.0005905407649324274,0.0003603644200316092,0.00042503663430214586,0.0003939852470997354,0.0009174899466684788,0.0010541081059197127,0.0024953114616530704,0.0028207035635031477,0.0006311077279359198,0.0002712671026713339,0.0002637273714178097,0.0007438828462504864,0.00044600359022304003
AdersbachGerson,0.0022003832762410762,0.08561926457083807,0.00044080761075249533,0.00042027789258471836,0.0006136583222665366,0.0018333702458841407,0.002745405030588657,0.0009231354556380113,0.00047267857226363527,0.0809369544028771,0.0011758870813295028,0.15770797890259314,0.0006919463136675669,0.008957198689898508,0.002663267043895948,0.002441308090290159,0.00045378348912736885,0.020788465658954786,0.0009991371428260175,0.0003965823943033243,0.0008458035415204474,0.00046448713665292685,0.0013658073042707266,0.00359250147061367,0.0013208120340739086,0.0006403882694157247,0.0021753118987423783,0.0072671101790629375,0.00031188145586329337,0.001276135180270633,0.2608991825565691,0.14709749698412394,0.0005767938657018942,0.000481251613025479,0.0006236572061406254,0.004284809305978964,0.0007548410193948013,0.0008293299434908478,0.0006039132974068643,0.0004811402135870131,0.0019655580095630397,0.0009527159414134343,0.004484301048232071,0.16247017638856992,0.0013823305110596295,0.003602301497375053,0.003922627949924249,0.0006646493543948362,0.0004055875450838441,0.00047837565390663664,0.00044342754247607744,0.0010326282907611546,0.0011863910396466338,0.002808454979719348,0.003174681433949954,0.0007103071774802852,0.0003053091596135457,0.0002968232466884002,0.0008372347564564037,0.0005019738109585752
AretinJohannChristophANDBaboJosephMariusFranzvon,0.0014167427089925135,0.010609696127052265,0.00028381917611592755,0.0002706008750835929,0.0003951111441679772,0.001180437043303356,0.001767661389865839,0.0005943716443899865,0.0003043396703575596,0.00759493553360125,0.0007571087578514841,0.1905766943424047,0.0004455177902358173,0.005767197957707379,0.0017147758789483895,0.001571864990371832,0.0002921738483582018,0.013384898654464529,0.0006433062265409101,0.0002553442492090962,0.0005445805799506791,0.0002990655179846703,0.0008793911320394305,0.31393401052751285,0.0008504203969503197,0.00041232153571397193,0.0014006002070660506,0.049196291135528064,0.00020080855159884483,0.0008216546780094617,0.03443118422547689,0.00567590414180044,0.0003713755292763077,0.00030985952370510294,0.00040154904341018464,0.0027588249780007338,0.04500328987498504,0.0005339738596800278,0.00038883669504451526,0.0003097877978635477,0.001265547693085257,0.0006134173888306456,0.002887270087720035,0.015573784978785147,0.0008900297934945131,0.0023193842805046714,0.0025256302427634704,0.00042794232125053616,0.000261142321685576,0.0003080078035266344,0.0002855060500380853,0.08969942307112481,0.0007638718552273097,0.0018082568428024973,0.18011316241061218,0.0004573396488267037,0.00019657690118879656,0.00019111314612591359,0.0005390634666843277,0.0003232017551031557
AretinJohannChristophANDBaboJosephMariusFranzvonANDSchererJoseph,0.00026639636494913993,0.018736546610372492,5.336776843122782e-05,5.088227313030512e-05,7.429448684588283e-05,0.00022196277093315626,0.0003323811484839569,0.00011176231540795026,5.722632724944682e-05,0.001428109144541305,0.00014236249086202975,0.3120706939929825,8.377267028492068e-05,0.0010844316064756027,0.00032243685318075017,0.0002955646900231082,5.493873421178657e-05,0.0025168213848071595,0.00012096370019191111,4.8013502641099515e-05,0.00010239988249095837,5.6234605173583985e-05,0.00016535578369794975,0.0841427313954063,0.09223848150805436,7.753063249046834e-05,0.00026336101928821023,0.0008798156922435894,3.775891547356234e-05,0.0001544993442181415,0.006474247060063522,0.0010672652285965603,6.983137474596599e-05,5.826424956060774e-05,7.550503336583103e-05,0.0005187539988774137,9.138721687832308e-05,0.0001004054542110745,7.311467457090931e-05,5.825076263504112e-05,0.0002379665008810459,0.0001153435705324958,0.3353740814403192,0.002928407311019947,0.00016735621801927683,0.00043612403107831047,0.0004749053668017555,8.046787752316028e-05,4.910373971918144e-05,5.791606246826141e-05,5.368495875671035e-05,0.00012501841200699806,0.00014363418581784723,0.08404780832569357,0.05060902915614862,8.599558636951762e-05,3.696321962856728e-05,3.5935845724692e-05,0.0001013624754093197,6.0773048033464625e-05
BassewitzAdelheidHenriettevon,0.004356122006095236,0.005208505612416552,0.004164482818059559,4.577337346951597e-05,6.683485394635795e-05,0.00019967631525095463,0.007126662140772463,0.00010054067729806378,5.1480444727174495e-05,0.02799209327468026,0.00012806840302889518,0.005529542686677722,7.536136826415605e-05,0.13160243328849752,0.0037038892420066527,0.00026588813959201203,4.9422540391986234e-05,0.05577827232926414,0.016574712219768504,4.319264554754495e-05,9.211829142321729e-05,5.058829777375159e-05,0.00014875302491237908,0.0003912670982831612,0.0001438524928039348,6.974607025173044e-05,0.00023691791957328683,0.03834357447782019,3.3967683309845286e-05,0.0001389866401129844,0.4506157625609118,0.0009601050993628384,6.281986632065506e-05,5.241415312222682e-05,6.792385399590189e-05,0.0004666678406566372,8.221136657551783e-05,9.032411626363866e-05,6.577350223064387e-05,5.240202036865791e-05,0.0002140731702407867,0.00010376235192501365,0.0004883949173916933,0.2374789877380734,0.0001505526030691341,0.00039233444037484546,0.004543695395143992,7.238839744313912e-05,4.4173415978487725e-05,5.2100926199867845e-05,4.829465186379201e-05,0.00011246577857689798,0.0001292124118274578,0.00030587490069585897,0.00034576141521323867,7.736108961840994e-05,3.325188032305993e-05,3.2327661208978924e-05,9.118504652540857e-05,5.4671052478191984e-05
BayreutherPostamtANDOsmundEmanuel,0.0004217229580233058,0.06941566710560168,8.448468570589204e-05,8.054998325355841e-05,0.00011761305663255242,0.00035138165772964435,0.013777675248779207,0.06643439729593019,9.059303796826955e-05,0.0022607906565507226,0.0002253691816304,0.016974637963101863,0.00013261764409140038,0.0017167265211902188,0.0005104387348719015,0.0004678983340766832,8.697162780833818e-05,0.003984293702430323,0.1857124100594588,7.600853098250832e-05,0.00016210574552535877,8.902307672855921e-05,0.0002617690757179622,0.0006885347490362784,0.0002531453333684585,0.00012273608792500042,0.0004169178063051325,0.2664226868924888,5.977484538237914e-05,0.0002445826183430658,0.35478800375767106,0.001689551016527916,0.00011054765678324937,9.223613721755824e-05,0.00011952943135228566,0.0008212216819654014,0.00014467197191223618,0.0001589484344489913,0.00011574533624301548,9.221478652778559e-05,0.00037671661428702346,0.00018259645458458413,0.0008594560425663973,0.004635861280375156,0.0002649358947527582,0.0006904130110277882,0.0007518064148773813,0.00012738593989975464,7.773444794689022e-05,9.168493416132334e-05,8.498681884252249e-05,0.00019791236464143736,0.00022738235834387748,0.000538265289648004,0.0006084558356552246,0.00013613666638291242,5.851520655246405e-05,5.6888806125337525e-05,0.00016046346191827388,9.620773012296276e-05
BergnerCaroline,0.001044689026330975,0.007823462260497375,0.0002092848453488492,0.00019953782921983072,0.00029135020344441584,0.0008704400718536639,0.0013034522390978187,0.00043828249866066296,0.00022441641088509663,0.005600414074681743,0.0005582828879556988,0.009222944886347992,0.00032851945772536384,0.004252662378887277,0.001264455099704276,0.0011590743300758175,0.00021544548013080096,0.10834937548406996,0.0004743662707222222,0.0001882877768788109,0.0004015671668654685,0.00022052731438777066,0.0006484524392913048,0.0017056332430590616,0.0006270897678335787,0.0003040409390824667,0.001032785739648741,0.003450249026694294,0.0001480738096742441,0.0006058782728166707,0.4521336941302875,0.13549135978170693,0.000273847846627504,0.00022848668432467944,0.00029609743288012703,0.002034324342586322,0.0003583803504148423,0.00039374589896567336,0.00028672350015951657,0.00022843379455217416,0.0009331996408895123,0.0004523266014389368,0.0021290382209482265,0.24126945028550525,0.0006562972602361598,0.0017102860599232475,0.0018623693507912567,0.0003155595183764607,0.00019256320575633624,0.0002271212481463225,0.00021052872588135272,0.0004902670617820573,0.0005632699145821194,0.0013333868376192548,0.001507262344681098,0.0003372367540010709,0.00014495344158017425,0.00014092453434068458,0.00039749891392878577,0.00023832508521415806
BornträgerJohannFriedrichWilhelm,0.0016351153567584426,0.3718983354169277,0.0003275662478896402,0.00031231051594124984,0.0004560124399121735,0.0013623862151825954,0.002040123634145259,0.0006859863807274905,0.00035124971211344876,0.008765597059901582,0.000873807324958545,0.06581451325054218,0.0005141886214764496,0.0066561372691441145,0.001979086502630651,0.0018141477405842254,0.0003372086852901056,0.2209641748682516,0.0007424635986751537,0.00029470227762008847,0.0006285206647740579,0.000345162617057969,0.0010149379527193052,0.0026696050579935976,0.0009815017518197981,0.00047587559172799853,0.0016164846959977224,0.0054002243978787355,0.00023176060438044312,0.0009483021676681758,0.1938754327803897,0.006550771686939939,0.00042861828558539916,0.00035762037978537986,0.0004634426584334197,0.003184062327976032,0.0005609259786922736,0.0006162790551371769,0.0004487708652410266,0.0003575375983288324,0.0014606155758129678,0.0007079677814561836,0.0033323055976039427,0.017974283417893432,0.0010272164268629485,0.002676887504841473,0.05429396523154125,0.0004939041202345118,0.00030139404831755863,0.0003554832407826412,0.0003295131317080838,0.0007673510311945289,0.0008816128667187203,0.002086976353478114,0.0023591209865652307,0.0005278326673604981,0.00022687669954297017,0.0002205707769840041,0.000622153159531555,0.00037301914436973724
BrockhausFriedrichArnold,0.003593940892572969,0.037305766675463675,0.00027516781373363293,0.0027047740251657827,0.00038306738540488353,0.021048544204047254,0.0026044681201985212,0.0005762540367084045,0.0002950628032635057,0.04179116944569282,0.0014963843747175791,0.09897952083915607,0.0036729517277000476,0.011772738755268566,0.0016625061636450767,0.01700544109180349,0.0002832678192611969,0.2006119350529726,0.000623696997295883,0.00024756085816986446,0.0035549496165531787,0.00028994941734784363,0.007522008942009667,0.003133255894586799,0.004103287161447693,0.00039975317062919413,0.002882614718098143,0.009254252015317297,0.0001946875150532531,0.006099416182466463,0.18779655546067286,0.02379461646453298,0.0003600552783769341,0.006680937163208732,0.0016603980478968,0.0028967689352416095,0.010283162838497383,0.000517697294347185,0.0003769841937357598,0.0003003448612106842,0.005322674370645655,0.004415494749117439,0.0038948783539126787,0.13346825160872913,0.0008628999484293057,0.01654593500065675,0.011114938853870616,0.0010217944673390899,0.00025318219408189044,0.00029861912457495167,0.00027680326844658316,0.007013381330072949,0.0007405875503271082,0.00535202722187884,0.017371598274413275,0.0004433990437980461,0.00019058485360608435,0.00018528764446044342,0.05353776571950973,0.01865398216865714
CarlAugust,0.0037603507516576883,0.028160496999904774,0.0007533193186512692,0.0007182350031244763,0.0010487129939189498,0.003133142874069881,0.0046917671034179325,0.0015775947499566151,0.000807785281635319,0.020158650798971608,0.0020095353013660647,0.15135669379455438,0.0011825034614658322,0.015307428114908494,0.004551397176353582,0.0041720798423959685,0.0007754944799185053,0.035526502728198364,0.00170747803194233,0.000677740519397278,0.0014454381731824652,0.0007937865063362704,0.002334099962806339,0.4787744907557369,0.0022572051781874127,0.0010943932069707087,0.003717504955545578,0.012419146936483343,0.0005329906292448743,0.00218085455209656,0.09138803302881196,0.015065113990340676,0.0009857133845103943,0.0008224362020549027,0.001065800612652309,0.007322536063795534,0.0012899875332229671,0.0014172855747683676,0.0010320592082118565,0.0008222458256933421,0.0033590454983431625,0.0016281463984448876,0.007663457998183468,0.041336294642218906,0.0023623373402393236,0.0061561625602301615,0.0067035852886363385,0.0011358542515633955,0.000693129895362799,0.0008175213242010999,0.0007577966578186955,0.0017647128167507808,0.0020274860683891084,0.004799516478795205,0.005425380135055839,0.0012138813076732382,0.0005217588863891138,0.0005072568633138045,0.001430794525548761,0.0008578494563797736
CarolineFriederikeWilhelmine,0.001158807859114861,0.008678074838014667,0.0002321465215688501,0.00022133476935499327,0.0003231764639969898,0.0009655244486438836,0.001445837623041021,0.00048615922170083977,0.00024893101592282825,0.006212187244687883,0.0006192681093286827,0.3743542053577597,0.00036440598100404925,0.004717211019363575,0.0014025805479945393,0.0012856882853526015,0.00023898012642400477,0.08377277324385196,0.0005261846815243226,0.000208855793564453,0.0004454332123699043,0.00024461708567912176,0.0007192875238213712,0.2931909696670653,0.0006955912554075603,0.00033725349919565696,0.0011456042915373266,0.003827144334116953,0.00016424896792706421,0.0006720626775153473,0.02816257788084025,0.0046425383277802325,0.00030376219992292236,0.00025344591435829886,0.00032844226715991184,0.00225654809877446,0.00039752879196175753,0.0004367575715982609,0.0003180443529158926,0.00025338724705874737,0.00103513969298968,0.0005017374619843023,0.0023616082495434326,0.04915076955266665,0.0007279892905051603,0.0018971128035432745,0.0020658092368894274,0.00035003033505330594,0.00021359825802946534,0.00025193132184826093,0.00023352628004293636,0.000543822429391737,0.0006247999044396232,0.11071617391902744,0.0016719113599753545,0.0003740755297213359,0.00016078773977246328,0.00015631872626213446,0.0004409205551512753,0.00026435903394173216
CottaJohannHeinrich,0.12297150099165424,0.17945287233552165,0.00015333760466727385,0.00014619621751434502,0.00021346477448485403,0.0006377489750964641,0.000955005814244702,0.0003211182749529326,0.00016442411219879885,0.11103360261586419,0.00040903946304932787,0.022033174217506928,0.00024069772777972445,0.06763133264094229,0.0009264336167044823,0.0008492238466139292,0.00015785134276961838,0.007231394039250856,0.00034755592344131993,0.000137953594521371,0.00029421789894789913,0.00016157467157052103,0.0004751043660893828,0.0012496734557898978,0.000459452488070401,0.14794203135862155,0.0007566954558428924,0.01894116045846278,0.00010848985864963034,0.00044391137312783084,0.15413339040376356,0.019479745146286018,0.00020064124937072686,0.000167406296496597,0.00021694294696917592,0.0014904969410878966,0.00026257603316107636,0.0002884874578200833,0.04603735652272908,0.00016736754552533657,0.0006837312915411476,0.00033140802658847,0.009197771624308449,0.024827225043857936,0.015756612602034946,0.0012530824546197962,0.0013645099566577264,0.00023120231470726097,0.0001410860909136074,0.0001664058766498265,0.00015424896382960793,0.00035920602266071536,0.0004126933287462569,0.03380344221302576,0.001104332218385584,0.00024708466577260107,0.00010620364548198644,0.00010325176913135902,0.0002912371950204279,0.00017461463890492763
CottavonCottendorfJohannFriedrichFreiherr,0.0005510014464668469,0.03507766379449049,0.00011038332901399896,0.00010524244990982491,0.00015366714829013933,0.00045909713471243565,0.0006874812035364574,0.00023116380533954204,0.00011836418675025969,0.0029538323636849263,0.0002944557385480004,0.42039370050070535,0.00017327136768624496,0.002242986250493704,0.0006669129007474667,0.000611331809119656,0.00011363263918233798,0.025839890309576743,0.00025019550769189356,9.93088228145923e-05,0.00021179899876383563,0.00011631295644012443,0.0003420139611012493,0.0008996039590538743,0.000330746624528429,0.0001603606365120392,0.0005447232832868858,0.0018197685210269345,7.809872723647849e-05,0.0003195590231068957,0.013391021666379718,0.002207480138975422,0.00014443586158220185,0.00012051097540812696,0.00015617098457046624,0.0010729658559586093,0.0001890209301397528,0.021197501168326485,0.00015122688124597806,0.0001204830796990507,0.000492198481090925,0.0002385711014344723,0.001122920897758159,0.040684413104045844,0.00034615156337229977,0.0009020579992109872,0.000982271451386336,0.00016643589306424402,0.00010156381682372457,0.00011979080194945174,0.00011103939024884176,0.00025858207886581203,0.417604366457686,0.0007032696407354617,0.0007949769847215554,0.00017786914055083035,7.64529481672947e-05,7.432797732842589e-05,0.00020965327578196619,0.00012570005367389787
DalbergKarlTheodorReichsfreiherrvon,0.0015189804416374732,0.011375333577802372,0.0003043006854705002,0.00029012849978544324,0.0004236239201759906,0.001265622028601976,0.0018952227963490507,0.0006372638427300091,0.00032630201938097403,0.008143015988585352,0.0008117447071152868,0.2997890961737393,0.023773367494742032,0.006183381672060102,0.0018385208587144207,0.001685296957672294,0.00031325826376030186,0.1609555207075341,0.0006897297370205923,0.0002737708957112209,0.0005838796590165087,0.00032064726340461764,0.0009428514589407992,0.05134823332933434,0.0009117900815284435,0.000442076281345987,0.0015016730332070248,0.005016670662975805,0.00021529968741403025,0.0008809485150368988,0.13009867160594835,0.006085499734906031,0.0003981754498490643,0.0003322202070818219,0.0004305264035782873,0.0029579126519480043,0.0005210859205243179,0.07387486504600269,0.000416896682096632,0.0003321433052211024,0.0013568745980157269,0.0006576840030866912,0.0030956268665680636,0.016697650628366218,0.0009542578480987605,0.025782459569747226,0.0027078896663558457,0.00045882432427745746,0.00027998737992890375,0.000330234859483683,0.0003061092908573514,0.0007128495267548455,0.0008189958562290691,0.14171294409560212,0.0021915631965888716,0.0004903430787705463,0.00021076266444725492,0.00020490462330418892,0.0005779644091319009,0.00034652526643579295
DegenGeorgChristoph,0.0012498261409809716,0.08790444925861797,0.00025038041372637323,0.00023871945506062105,0.00034856028087500016,0.001041361331975358,0.0015594005880066653,0.0005243444797007078,0.00026848324211310243,0.0067001219831301535,0.0006679083725804562,0.4037577655019258,0.00039302816028237886,0.00508772321325766,0.23714701731653198,0.0013866723594833756,0.0002577507624152668,0.011807928233226713,0.0005675137295454432,0.00022526032114725679,0.0004804196558575924,0.0002638304752660851,0.000775783787693759,0.0020405546151740605,0.0007502263016322607,0.000363742993384598,0.0012355855023946773,0.0041277464563799285,0.00017714986322339254,0.000724849677303654,0.030374600720927424,0.005007185373248914,0.00032762112814418304,0.00027335276214969886,0.00035423968526850097,0.002433788121167448,0.00042875259438255486,0.00047106258898850647,0.00034302506937542273,0.0002732894868413521,0.0011164444887815377,0.0005411463090839037,0.002547100195963663,0.013738926240421057,0.0007851690325284152,0.041318499637969096,0.0022280677216984933,0.07892228052272034,0.0002303752813319186,0.00027171920633879394,0.00025186854499471844,0.0005865368300356006,0.0006738746611949343,0.001595213200955476,0.04107560980170855,0.0004034572013553183,0.00017341677374398232,0.00016859674265282928,0.00047555255307367,0.0002851230500604528
DieskauJohannaSidonieDorotheavon,0.0006849413473017914,0.005129385535990202,0.00013721580329654272,0.00013082525626167125,0.0001910212473320705,0.0005706965235911558,0.0008545972153328107,0.0002873561390663277,0.00014713668369631362,0.003671863171792458,0.00036603335903211023,0.02756935845016196,0.00021539094823225949,0.04583304980834847,0.000829029077328204,0.000759937084869437,0.00014125497034188266,0.006471090664307286,0.00031101415291412014,0.00012344925650149716,0.10787535506974956,0.00014458683113011922,0.0004251522474484236,0.02264069792510108,0.00041114599620865536,0.0001993418186667824,0.0006771370600814279,0.0022621260081294053,9.708331584049172e-05,0.00039723886249807004,0.2749151416737685,0.002744084303638477,0.00017954597808258365,0.00014980532336163665,0.0001941337273559745,0.0013337872045556035,0.00023496898490619483,0.2370047123483933,0.00018798778923913517,0.0001497706466385878,0.129746329519052,0.00029656403389066564,0.001395885541781583,0.07209657676652813,0.0004302956366215457,0.0011213343000926364,0.0227434606019313,0.00020689387580702,0.00012625240455977626,0.0001489100869112807,0.0001380313428363881,0.00032143936939211664,0.021891717264259657,0.0008742235765995893,0.0009882235527341042,0.00022110636832897642,9.503747341986632e-05,9.239595514675706e-05,0.0002606167335877842,0.00015625578602630302
DoerfferWilhelmine,0.00035179568222494864,0.0026345258482889915,7.047600108083786e-05,0.02217563386461256,9.811124746574436e-05,0.0002931179051331188,0.0004389333649952383,0.0001475902270794356,7.557150729061518e-05,0.023994361634787145,0.0001879999736693571,0.003105797138322721,0.00011062787474714936,0.11197427112962073,0.0004258012032590755,0.00039031456674769647,7.255057510375753e-05,0.13597428565116887,0.00015974132170156288,6.340530555234782e-05,0.00013522645674064992,7.426186650658152e-05,0.00021836428116039528,0.0005743665294110339,0.00021117046999726623,0.0001023848120282098,0.00034778728857521094,0.0011618603044532578,4.9863380949781675e-05,0.00020402756701618326,0.4507185146615928,0.02351784112516705,9.221738488869145e-05,7.694215882942677e-05,9.970986176715016e-05,0.0006850522039849973,0.0001206834346800752,0.00013259266983629622,9.655321995943468e-05,7.6924348368005e-05,0.00031425198891176404,0.0001523195336899128,0.0007169467990412112,0.21389735514809385,0.0002210059994772042,0.0005759333505814951,0.0006271469114760998,0.00010626365669763682,6.484504252752758e-05,7.648235257149494e-05,7.089487386451711e-05,0.00016509586214165638,0.00018967933890637616,0.0004490137451309076,0.0005075657650021788,0.00011356339633603777,4.881260699238539e-05,4.745588538890962e-05,0.00013385648559971583,8.025520880475994e-05
DoeringHeinrich,0.0007157507139677881,0.005360110575983957,0.0001433879113358458,0.00013670991091891576,0.0001996135796145846,0.000596367040518764,0.0008930378775335223,0.00030028171391605096,0.00015375504314544926,0.0038370273559270134,0.0003824979162016132,0.5236007765235451,0.00022507945473981085,0.002913638467748373,0.0008663196583696247,0.0007941198369883787,0.00014760876427154018,0.006762166981704296,0.00032500388957287595,0.0001290021310989822,0.0002751268359728332,0.00015109049558680683,0.00044427603305738253,0.0011685852734323115,0.00042963976622319616,0.00020830841881052496,0.0007075953818769606,0.0023638787638999496,0.00010145022329419311,0.00041510707532665535,0.017394933134800946,0.0028675160395181237,0.0001876221409452032,0.0001565437209691814,0.00020286606219297696,0.0013937823255998323,0.00024553813165084637,0.0002697682288253335,0.00019644367345493608,0.00015650748445144444,0.0006393656795525082,0.00030990378932531425,0.0014586739099388395,0.2777541858754766,0.0004496507771685077,0.00117177307086156,0.0012759703212181096,0.0002162001752526557,0.00013193136764160646,0.00015560821586201203,0.0001442401346834547,0.022826412586608388,0.11283848740965925,0.0009135470527273172,0.0010326748651042774,0.0002310519603141437,9.931235677613778e-05,9.655202029275148e-05,0.000272339542461903,0.00016328433208259293
DönhoffStanislausOttovon,0.0007877943602765632,0.005899630695176589,0.0001578205731098983,0.00015047040081706453,0.00021970561703423406,0.0006563941635085126,0.0009829263033971948,0.000330506468384594,0.00016923120506941728,0.0135754712899528,0.03122511900492905,0.006954972995288834,0.00024773475121692574,0.018608970208487167,0.01635557921600638,0.0008740517008989576,0.00016246627457188305,0.11031733227451956,0.0003577170462801402,0.00014198679702331348,0.00030281963470020024,0.00016629845837643717,0.0004889944870727736,0.0012862088293406182,0.00047288501174503543,0.00022927563233202076,0.0007788181559892902,0.0026018141822792837,0.00011166166124643251,0.00045688953775595525,0.35965603866608076,0.003156144897728499,0.000206507184156714,0.00017230057631738413,0.0002232854771477521,0.0015340730147146116,0.0002702526893407841,0.00029692165876059405,0.0002162166450409915,0.00017226069242519637,0.0007037208160277527,0.0003410970505435027,0.0016054962395526126,0.2881169108834805,0.0004949102242366272,0.0012897174934431584,0.001404402682832867,0.0002379617308527226,0.00014521087488053689,0.00017127090825969906,0.00015875857671064988,0.00036970774705821606,0.00042475880461739475,0.07526836888337286,0.047342799740067644,0.0002543084173221215,0.00010930860849624848,0.00010627043127666523,0.0002997517871025728,0.00017971966136520165
EhrenbergCarolineAugusteEleonorevon,0.04276276268606903,0.0825609994587319,0.0336474440535092,0.0001207705084001076,0.00017634005707104243,0.0005268348885051699,0.0007889160176122502,0.0002652710034637243,0.06832775210581667,0.06870166574809028,0.012291334731881376,0.01020844456168268,0.0001988367924214982,0.06869019183021427,0.0007653129526239101,0.0007015311165009843,0.008654389108814466,0.06125558869368508,0.0002871107494101787,0.00011396140084358542,0.00024304900523751733,0.00013347441925600805,0.00039247660993756904,0.001032336548481882,0.006356263502689907,0.00018402113990616858,0.006601811472032672,0.013435808115454806,8.962184937572713e-05,0.00036670854505505625,0.26784577310049823,0.0025331840801466705,0.00016574673479604772,0.00013829183737458443,0.0011386153209253739,0.0012312772273080717,0.00021691013322855035,0.0002383151735411172,0.00784875572015494,0.0024513829270153436,0.0015242221898833217,0.000273771213369721,0.009492552063496687,0.0530019531172916,0.0003972246971424978,0.0010351526714214633,0.0011272012640572778,0.11445302437721146,0.0001165491092554995,0.00013746540550403223,0.000127422761673459,0.00029673472210632606,0.008721113323570975,0.0008070339689617362,0.0018716743239549488,0.0022991613308583057,8.773324287644966e-05,8.529474197908855e-05,0.030311187006410084,0.00014424654121150638
EndeHenrietteFreifrauvon,0.0057577691866937146,0.03989876636689362,5.802773034744756e-05,0.005442111380862646,8.078172604407119e-05,0.004795797105620732,0.31224752095408526,0.0009619797159772263,0.00037622912904686825,0.024247232204085287,0.0005750225602750169,0.038228143844308955,0.0007190993618279781,0.022691333472463215,0.000350591364796582,0.0005940266834950533,0.0033578163665445087,0.04656710345275775,0.0001315259974868733,0.0016040007629076313,0.0004783603922416998,0.02057545212680824,0.0033432611586354847,0.00322085591235833,0.001781550244710572,0.00045676396753435613,0.0019651567265205096,0.010205487830280033,4.105594499675299e-05,0.00016798990380684228,0.28387622037881655,0.005851576187845142,7.592890433056555e-05,0.010372015700975859,8.2097974954181e-05,0.0014023343757066486,0.01870088804633142,0.00010917264846629786,7.949889502892403e-05,6.333709739194304e-05,0.002029668621120637,0.0001254151298605737,0.0013135955010719035,0.051626528763011915,0.0009160077453163231,0.007292117651065237,0.03408401128853962,0.0022896091614209232,5.3391375566841465e-05,0.009590396570082965,0.01326020604746583,0.0033407579130742826,0.00015617602250043075,0.001621258824868625,0.00041791374217386567,9.350454110427188e-05,4.0190770654838034e-05,3.907368861051565e-05,0.00011021323475388316,6.607962347578393e-05
FernowCarlLudwig,0.0003723773903341622,0.002788658047049153,7.459917983555302e-05,7.112487471873162e-05,0.0001038512185898913,0.0003102666862860849,0.0004646130388917198,0.14056755447638192,7.999279721262789e-05,0.001996256804998723,0.0001989988596082936,0.07349316569439902,0.00011710012765368889,0.001515853310131933,0.012151656710726742,0.12912353520870892,7.67951262321205e-05,0.14392942324675112,0.00016908694310159838,6.711481524047262e-05,0.00014313784281473938,7.860653626039198e-05,0.00023113962242637403,0.012308913809781288,0.00022352493935084432,0.011809318933878096,0.0003681344867337511,0.0012298346169823365,5.2780624122171445e-05,0.0002159641428263292,0.07925557512810108,0.09509941061228556,9.761253722930609e-05,8.144363833680575e-05,0.00010554335937440417,0.0007251309917996157,0.00012774398531132029,0.00014034996694333403,0.00010220203911958314,8.142478587931412e-05,0.00033263721373207896,0.00016123094545571358,0.03586172395230405,0.07429908650430145,0.0002339358937353045,0.0006096281703617166,0.0006638379663291902,0.00011248058224639883,6.863878362517335e-05,8.095693124220735e-05,7.504255865442307e-05,0.1639879725277828,0.0002007764756393488,0.012176227295876016,0.0005372607582875843,0.00012020739111305356,5.166837492794702e-05,5.023227870608026e-05,0.00014168772189492677,8.4950517375396e-05
FeuchterslebenCarolineHenrietteSusanneFriederikevon,0.001080146458468823,0.00808899571130699,0.00021638811054490364,0.0002063102742825916,0.00030123882082872986,0.0008999833799577127,0.00134769226473976,0.0004531580947105669,0.0002320332513601269,0.005790495809046553,0.000577231376084203,0.009535977697238443,0.0003396696240281247,0.0043970005349356425,0.0013073715368057375,0.00119841407459838,0.00022275784132020986,0.010204852854944442,0.0004904665737106527,0.00019467838777142648,0.00041519662042441616,0.00022801215637171333,0.000670461341252824,0.001763523556294404,0.0006483736066859778,0.00031436028837486437,0.001067839166413588,0.0035673527462120017,0.00015309953209075754,0.000626442179587706,0.5014200660715533,0.004327396723808843,0.0002831424225186594,0.00023624167255528955,0.0003061471743514344,0.002103370647759986,0.00037054401504047857,0.00040710989355185583,0.00029645508419360727,0.0002361869876691456,0.0009648730500131007,0.00046767886356711513,0.10402327081917387,0.28339895120776193,0.0006785724205762727,0.035708991506745225,0.0019255793905321816,0.00032626981582026726,0.00019909892751492645,0.00023482989257565562,0.000217674209200176,0.00050690704806928,0.0005823876656718675,0.0013786428632084485,0.0015584198192533751,0.0003486827910685579,0.00014987325665282556,0.00014570760565377368,0.00041099028830934983,0.0002464139952368911
FichteJohannGottlieb,0.0007284663012106046,0.07333664943369354,0.00014593525283418518,0.0001391386151665309,0.00020315979177603608,0.0006069617307991539,0.0009089030395533651,0.0003056163342750799,0.00015648656073528284,0.020875522232437004,0.00038929313907564307,0.18757643535083313,0.00022907807798594628,0.07400226350645264,0.0008817101609303555,0.17366706245224967,0.00015023109084875624,0.27643225447714065,0.00033077770890895366,0.00013129390366796098,0.00028001457023195696,0.00015377467646249775,0.00045216876798309007,0.013028822829216413,0.0004372724822286184,0.00021200909814078354,0.0007201660865025875,0.04384404413937959,0.00010325252560409846,0.00042248161247823707,0.0650618695773319,0.026597412943127986,0.000190955320577882,0.00015932478049514973,0.0002064700559607534,0.0014185434056976974,0.00024990021117590435,0.00027456076536358276,0.0001999335710119618,0.00015928790022171172,0.0006507242572245363,0.0003154093495617834,0.001484587814037973,0.008007789605928257,0.0004576389964944666,0.0011925900709993953,0.0012986384256601592,0.01719036966163932,0.00013427517922652435,0.00015837265577926167,0.00014680261625796224,0.00034186540118649376,0.00039277061490722737,0.0009297765681475349,0.0010510207320163821,0.0002351566874232675,0.00010107667906353901,9.826730413885033e-05,0.0002771777593777424,0.00016618514116243505
FischerFriederikeChristianevon,0.00017276475797185428,0.01935599840930257,3.461034311890601e-05,3.299843676205285e-05,4.818184753017403e-05,0.00014394845217332488,0.00021555755343433846,7.248067883927373e-05,3.711271577882215e-05,0.007572308639482311,9.232566398848787e-05,0.13368934606364874,5.432868841582515e-05,0.14395406819147427,0.00020910842725505607,0.00019168115205557454,3.562915402840214e-05,0.0037378116224387435,7.844800881958482e-05,3.113796678402208e-05,6.640890508500105e-05,3.646955901335916e-05,0.00010723739400602062,0.0002820679714237664,0.00010370455631843775,5.0280569557237825e-05,0.00017079625979594422,0.008992940696839518,2.4487608508904172e-05,0.00010019671933494074,0.06835452372047836,0.002797737914818342,4.528740682753682e-05,3.778583456148849e-05,4.8966917463738816e-05,0.00033642504498925327,5.926691382864463e-05,6.51154680700773e-05,0.04637038594098289,3.777708795028099e-05,0.00015432727446552068,7.480321306358904e-05,0.0024576778006089824,0.5405834296192933,0.00010853472609022018,0.010810784980543758,0.00030798810175470767,5.218544700282134e-05,3.184501301178395e-05,3.756002645502418e-05,3.4816049040694635e-05,8.107759164258189e-05,9.315039022413969e-05,0.00022050796790045357,0.006895406374643547,5.5770305531811144e-05,2.3971579695575483e-05,2.3305301820937446e-05,6.573612044166777e-05,3.941285361276581e-05
FriedrichWilhelmIII,0.0020580851209885107,0.015412578161650571,0.0004123007090192088,0.0003930986418360005,0.000573973214605163,0.0017148067180200635,0.002567860474832327,0.0008634365505409275,0.000442110584592217,0.011033071649041578,0.001099842801105579,0.2768484754103301,0.0006471983440606932,0.008377939220166193,0.002491034328176185,0.00228342939642692,0.00042443744106195774,0.21345322094109365,0.00093452323042102,0.0003709355246309583,0.0007911056691252107,0.0004344488867725834,0.0012774809377114349,0.003360175431086706,0.0012353954987304927,0.0005989745437402088,0.0020346351022804497,0.006797148248492207,0.0002917121715817632,0.0011936078842462669,0.3733663335263699,0.008245317790061959,0.0005394927718712831,0.0004501292092673327,0.0005833254735274852,0.004007711917340643,0.0007060256672110945,0.0007756974139544194,0.0005648583977076198,0.0004500250139985953,0.001838445936942432,0.0008911040747869813,0.004194302585850255,0.022623850427368915,0.0012929355934572966,0.003369341692928754,0.0036689527256833507,0.0006216666713134768,0.00037935831489380124,0.0004474392375996821,0.0004147512105098043,0.0009658485154267668,0.0011096674714516019,0.0026268330018398172,0.002969375696334379,0.0006643718160778076,0.000285564903845098,0.00027762777247447546,0.0007830910249331393,0.0004695113086046536
FörsterErnstJoachim,0.000902384596685525,0.02602014354797914,0.00018077668665266632,0.00017235738004870758,0.00025166334593634425,0.0007518713161343549,0.001125899854819079,0.00037858096124283955,0.00019384707537073572,0.017064302276843066,0.0035568658552961123,0.027054561855337788,0.0002837695150335859,0.009925307065012984,0.0010922147896785725,0.001001188674822591,0.00018609813810177645,0.1852911603148631,0.0004097495092776749,0.030046223151621126,0.08990551495471759,0.0001904877400223631,0.0005601221781325025,0.0014732969595142,0.000541669466194665,0.00026262538733980883,0.002836711253788041,0.012218796821232095,0.00012790363606274648,0.0005233473378928546,0.14741669681593894,0.04591210357173042,0.00023654510806919225,0.00019736290827756487,0.0002557639219084716,0.0017572147358143205,0.005034988186409595,0.07424835458277979,0.0002476668784015119,0.00019731722299244362,0.0008060819634802659,0.0003907120181429889,0.014137549374007375,0.21496452413286962,0.0005668984009183925,0.005746399322838473,0.0016086829411768105,0.014448850961870329,0.00016633281903341373,0.0001961834677511971,0.052483147466113156,0.00042348434190811197,0.00048654296339305323,0.0011517568514303855,0.0013019475544614552,0.00029129936715768584,0.00012520831522266183,0.00012172821373527579,0.0003433527950306242,0.00020586115148192103
GentzAnnaHenrietteNanette,0.16385023079435987,0.009209417228722608,4.741434331822996e-05,4.5206116686725577e-05,6.600658804952328e-05,0.00019720178179180004,0.00029530247094806847,9.929470443609744e-05,5.0842461785584996e-05,0.0012687968649549785,0.00012648128666030033,0.002089496133929325,7.442743562891609e-05,0.01583741746013101,0.00028646750847120003,0.0002625930612699492,4.881006049078871e-05,0.046857936014910916,0.00010746963154986767,4.265737101354488e-05,9.097669486460482e-05,4.9961370963100595e-05,0.00014690956973426484,0.00038641823313382607,0.00014206976856756876,6.888172645479314e-05,0.00023398186119139721,0.0007816681213223429,3.3546731186532417e-05,0.00013726421704591806,0.42222287453763,0.0009482067818799043,6.204135705722685e-05,5.1764598990224765e-05,6.7082092422045e-05,0.00046088455491959357,8.119254380197924e-05,8.920475442254082e-05,6.495838937266193e-05,5.175261659452188e-05,0.00021142022053164184,0.00010247645373865982,0.0004823423739898988,0.2926439358906402,0.00014868684621565262,0.0003874723479495816,0.015295886734022282,7.149130801466833e-05,4.362598702725461e-05,5.145525380265597e-05,4.7696149573798434e-05,0.00011107202122641484,0.0001276111180735979,0.00030208427748080097,0.007778456134641006,0.01495036166540349,3.283979894858243e-05,3.1927033426874205e-05,9.005501541321529e-05,5.399352921543317e-05
GentzLudwig,0.03279465910606058,0.03935798141364622,0.00020263310877467733,0.00019319588375149054,0.0002820901693463267,0.0008427747239307278,0.0012620243902870696,0.000424352489914444,0.00021728374513645845,0.005422415141844667,0.0005405388860029572,0.1042793312650808,0.00031807806676541905,0.0041174992721840775,0.0012242667037452597,0.0011222352694133133,0.0002085979390317916,0.009556167634988552,0.0004592894051839794,0.00018230339377717423,0.0003888040878839339,0.0002135182564683024,0.000627842562833909,0.0016514228055757936,0.0006071588648719492,0.00029437755313032406,0.0009999605311810488,0.19403963083741965,0.00014336755407391453,0.0005866215384837428,0.3741971032088688,0.004052319921083537,0.0002651440929747534,0.00022122465236866094,0.00028668651676470473,0.00196966705882192,0.00034698988551832584,0.0003812314046996673,0.00027761051737518454,0.00022117344360097753,0.0009035395946880687,0.0004379502265358851,0.0020613706295443427,0.20181796784728234,0.0006354380504727152,0.0016559277411537974,0.0018031773423846,0.0003055300354188486,0.0001864429359564176,0.00021990261408541743,0.0002038374548362632,0.0004746848186409849,0.0005453674090963004,0.0012910075722666805,0.0014593567639006287,0.00032651829970016435,0.00014034636118071315,0.00013644550539948454,0.000384865136936637,0.00023075035765460062
GiechAugusteCarolineWilhelmineLouisevon,0.0022003832762410762,0.15476030922511338,0.00044080761075249533,0.00042027789258471836,0.0006136583222665366,0.0018333702458841407,0.002745405030588657,0.0009231354556380113,0.00047267857226363527,0.01179590974860178,0.0011758870813295028,0.22684902355686845,0.0006919463136675669,0.21638033265272444,0.002663267043895948,0.002441308090290159,0.06959482814340268,0.020788465658954786,0.0009991371428260175,0.0003965823943033243,0.06998684819579576,0.00046448713665292685,0.0013658073042707266,0.00359250147061367,0.0013208120340739086,0.0006403882694157247,0.0021753118987423783,0.0072671101790629375,0.00031188145586329337,0.001276135180270633,0.053476048593743115,0.07795645232984863,0.0005767938657018942,0.000481251613025479,0.0006236572061406254,0.004284809305978964,0.0007548410193948013,0.0008293299434908478,0.0006039132974068643,0.0004811402135870131,0.0019655580095630397,0.0009527159414134343,0.004484301048232071,0.02418808708001928,0.0013823305110596295,0.003602301497375053,0.003922627949924249,0.0006646493543948362,0.0004055875450838441,0.00047837565390663664,0.00044342754247607744,0.0010326282907611546,0.0011863910396466338,0.002808454979719348,0.003174681433949954,0.0007103071774802852,0.0003053091596135457,0.0002968232466884002,0.0008372347564564037,0.0005019738109585752
GiechSchönburgKarolineWilhelminevon,0.0010114854936361028,0.007574807801221736,0.00020263310877467733,0.00019319588375149054,0.0002820901693463267,0.0008427747239307278,0.3190937605145319,0.000424352489914444,0.00021728374513645845,0.005422415141844667,0.0005405388860029572,0.07249615765265634,0.00031807806676541905,0.0041174992721840775,0.0012242667037452597,0.0011222352694133133,0.0002085979390317916,0.0731225148598375,0.0004592894051839794,0.00018230339377717423,0.0003888040878839339,0.0002135182564683024,0.000627842562833909,0.0016514228055757936,0.0006071588648719492,0.00029437755313032406,0.0009999605311810488,0.003340589162872771,0.00014336755407391453,0.0005866215384837428,0.2470644087591709,0.004052319921083537,0.0002651440929747534,0.00022122465236866094,0.00028668651676470473,0.00196966705882192,0.00034698988551832584,0.0003812314046996673,0.00027761051737518454,0.00022117344360097753,0.0009035395946880687,0.0004379502265358851,0.0020613706295443427,0.2336011414597068,0.0006354380504727152,0.0016559277411537974,0.0018031773423846,0.0003055300354188486,0.0001864429359564176,0.00021990261408541743,0.0002038374548362632,0.0004746848186409849,0.0005453674090963004,0.0012910075722666805,0.0014593567639006287,0.00032651829970016435,0.00014034636118071315,0.00013644550539948454,0.000384865136936637,0.00023075035765460062
GleimJohannWilhelmLudwig,0.0019330737933140106,0.014476393919693891,0.00038725691539279503,0.00036922121197568536,0.0005391091786740695,0.0016106466605284293,0.0024118845902744144,0.0008109900562511442,0.0004152560922317278,0.01036290552174743,0.0010330366192828314,0.4422569826076839,0.0006078864985812872,0.007869050013199768,0.002339724984615852,0.002144730302989421,0.0003986564432398472,0.01826301744902508,0.0008777588193739773,0.0003484043173728828,0.0007430526663511247,0.00040805977798972446,0.0011998847360414724,0.003156073089752239,0.0011603556328258105,0.0005625918877496601,0.0019110481656298148,0.006384278771773825,0.0002739931154084536,0.0011211062637784463,0.16846275602805735,0.007744484217377295,0.0005067231322705496,0.0004227876530305552,0.0005478933666780842,0.0037642771912380453,0.0006631405575865027,0.0007285803328370247,0.0005305480100927457,0.0004226897867463431,0.0017267758388054915,0.0008369770115527003,0.003939534049030025,0.2642159342767244,0.001214400651686724,0.0031646825784312138,0.0034460947657597328,0.0005839056597987742,0.00035631549410587525,0.00042026107447339875,0.00038955856956814414,0.0009071813572929224,0.0010422645236975547,0.002467275033226029,0.002789011145627719,0.0006240168268937284,0.00026821924238393816,0.00026076422485809777,0.0007355248442545397,0.00044099245316554114
GoldschmidtCaroline,0.002568712497932014,0.09580383409462984,0.000514595812079526,0.0004906295584699832,0.0007163805591900625,0.0021402639780031276,0.027926808248566352,0.0010776620635984714,0.0005518017561706072,0.06174320986425812,0.0013727225954597566,0.08749605120452392,0.003212346654751843,0.01816320192348841,0.011714836495383928,0.01660615739403389,0.0005297437643990528,0.044200661444350524,0.001166385917234215,0.011230218895217539,0.0009873853120762842,0.0005422391298516247,0.009835047859272191,0.004193861826730878,0.0015419070013750354,0.0007475849180181648,0.0025394443420536004,0.20649431865206136,0.00036408829416203055,0.004108414874216752,0.23550023306026033,0.013659477043636653,0.0006733452428751542,0.0005618098657522473,0.0007280531883406616,0.005002057293548384,0.005600977805305264,0.0009681541455784054,0.0007050042833294042,0.0005616798188040907,0.0022945790758781355,0.003986796377942867,0.005234942599073512,0.05698510089459874,0.004982153226125741,0.004205302311438177,0.004579249237396906,0.0007759071439104175,0.0004734801465325671,0.0005584524906022544,0.0005176543025865032,0.0012054832559569672,0.0013849848450861325,0.003278571276277099,0.010656617375765377,0.0008292077766021523,0.011600316552732505,0.00034650944300383587,0.0009773821705673636,0.0005860008189330482
GriesbachJohannJakob,0.07474024017206958,0.00221776044409306,5.932714137401657e-05,5.6564100395596875e-05,8.259066575166328e-05,0.00024674849779205685,0.009675008913865293,0.00012424238227310024,6.361657057890137e-05,0.0015875805866776918,0.00015825956134202305,0.31900188907936833,9.312724139246948e-05,0.0012055259029752508,0.00035844213342924833,0.0003285692594166599,6.107353084647605e-05,0.0865474735214612,0.00013447125022020636,5.337498536632542e-05,0.00011383448256886392,6.251410672238342e-05,0.00018382042653893803,0.0004835053602400924,0.00017776463101496393,8.618817930351138e-05,0.0002927695289311404,0.0009780613184918363,4.197530798606107e-05,0.01878277577835167,0.025808225356016377,0.0011864426218629411,7.762917513095161e-05,6.477039367286941e-05,8.393638933426612e-05,0.0005766812578906383,0.00010159207504628743,0.00011161734417242744,8.127910838867647e-05,6.475540071432323e-05,0.0002645393025612977,0.00012822354234997557,0.0006035303287934637,0.0032554112650497236,0.0001860442416483096,0.0004848243201649202,0.01913896030616081,8.945341516453862e-05,5.458696501553844e-05,6.438332587034626e-05,5.9679751120227365e-05,0.000138978736070857,0.00015967326157057264,0.4284315366220545,0.0004272720562330908,9.559838194584304e-05,4.109075985383831e-05,3.994866306712839e-05,0.00011268123223811245,6.755933999858844e-05
GöschenGeorgJoachim,0.0006433988571926766,0.1261206106924132,0.00012889350508266478,0.00012289055216520756,0.0001794355862981969,0.0005360831150416703,0.0008027648993175861,0.0002699276546975828,0.00013821267253649549,0.003449160395712273,0.0003438330096779668,0.06633135421802434,0.0002023272364680623,0.002619112525965697,0.0007787474986488824,0.0007138460159682803,0.00013268769194438592,0.006078611482000421,0.00029215078246331167,0.00011596191537748203,0.00024731556447448323,0.00013581747149692906,0.00039936626868678214,0.20322100577915395,0.00038620951289050864,0.0001872515052948127,0.0006360679090778263,0.0021249254322136977,9.119509971227676e-05,0.000373145863029882,0.0762877257393811,0.02279470712279888,0.0001686563054879744,0.0001407194560993388,0.0001823592907851629,0.0012528914578304442,0.00022071784242535766,0.0002424986335967852,0.00017658611097009036,0.08100890578970035,0.0005747352248828022,0.0002785770799811744,0.32478409908717176,0.06772383545221984,0.00040419770531872185,0.001053324069356654,0.001146988512149009,0.0001943455213775384,0.00011859504924265664,0.00013987851678191359,0.0001296595811999834,0.0003019436974250855,0.000346904399490012,0.00082120089892491,0.0009282866437903339,0.0002076960096821336,8.927334001619186e-05,8.679203290155036e-05,0.0002448100252908036,0.00014677869069389124
HaugFriedrich,0.0005263460265326708,0.07009765241321464,0.0001054440546291064,0.0001005332121862823,0.00014679107183793597,0.00043855411668681393,0.0006567187838028388,0.0002208200199814913,0.00011306779642640874,0.01936064721523676,0.0002812798568284853,0.004646799450845487,0.2813283258359847,0.0848375637896451,0.0006370708418329487,0.017122965505048732,0.0001085479693412075,0.12074565737467605,0.00023900011910018838,9.486509449888128e-05,0.00020232172190794883,0.00011110835161883867,0.00032671001246667957,0.0008593497754629876,0.00031594685045914197,0.00015318504947961208,0.0005203487895655348,0.001738340137568756,7.460407776017096e-05,0.0003052598557290664,0.012791819496132593,0.15095960122302474,0.00013797285346543823,0.00011511852367425784,0.00014918287005496244,0.0010249543236417263,0.0001805628935250983,0.00019838112984873785,0.00014445999835235992,0.0001150918762022344,0.21547702728929105,0.00022789586504853707,0.0010726740491071812,0.005785948139791043,0.00033066247126457317,0.0008616940057620742,0.0009383181817922608,0.00015898845919282416,9.701918528062513e-05,0.00011443057550131091,0.00010607075937976696,0.00024701142005398904,0.00028379247214545473,0.0006718007427307934,0.0007594044984386281,0.00016991010817127454,7.303194164479393e-05,7.100205594357067e-05,0.0002002720126507613,0.00012007540853194558
HeimJohanna,0.005785441357796735,0.09096430516672652,9.712981078767129e-05,9.260618734624208e-05,0.0001352166234795235,0.0004039742072113597,0.0006049366314283577,0.00020340840300930125,0.00010415242198059897,0.043679398402758106,0.00025910099311177815,0.004280400189621407,0.0001524670012094998,0.08594533671538125,0.004007793971099323,0.005164176553723583,9.998898240951282e-05,0.004580637191298425,0.00022015500473769037,8.73849996705972e-05,0.00018636869225370625,0.00010234747902693878,0.00030094898953711874,0.03561400364298753,0.000291034500826054,0.0001411064371888037,0.010149750347772404,0.08846228992720358,6.872156028447986e-05,0.007220559477332344,0.131328800570995,0.08781259002107715,0.0001270937199643106,0.00010604144977132016,0.0001374198288577615,0.0009441368683279567,0.00016632554338939562,0.00018273881513594122,0.00013306935469910183,0.00010601690344744527,0.0027462242385694192,0.0002099263190259271,0.0009880939024310424,0.2830639563652607,0.000304589797703457,0.002159280425010737,0.06235423542976785,0.005608575566165518,8.936924080003961e-05,0.00010540774618219796,9.770709998681588e-05,0.00022753461612064416,0.000261415489184391,0.0006188293807363427,0.0061845093628152634,0.00015651272815369468,6.727338680560375e-05,6.540355720948357e-05,0.00018448060218527476,0.02405729980101982
HeineJohannGeorg,0.0006763524812728108,0.01676600940354593,0.00013549517691558972,0.00012918476455582676,0.00018862592412886928,0.029815900555431065,0.0008438809386470069,0.0002837528182991287,0.00014529165379821444,0.003625819607648596,0.0003614434602104826,0.3035065733205839,0.00021269003959897349,0.0027532583184851846,0.0316227543041449,0.0007504078049710784,0.00013948369456626578,0.05319372251528249,0.0003071141709623527,0.00012190125661852113,0.00025998258128644765,0.00014277377527209076,0.00041982102352736925,0.0011042609302942034,0.0004059904045748627,0.0001968421591247691,0.0006686460564134383,0.0022337599337187526,9.58659333643309e-05,0.00039225766026091373,0.3650753786088524,0.002709674682217572,0.00017729454975537226,0.0001479268298850057,0.00019169937500955025,0.0013170620942140761,0.00023202257622423263,0.0002549189366827473,0.00018563050427857674,0.0001478925879929534,0.0006041720327581502,0.00029284525013474985,0.0013783817453508643,0.02283698002954342,0.0004248999168415148,0.001107273256595794,0.001205735007936259,0.0002042995167593101,0.00012466925442163344,0.14640884440712082,0.00013630048994498034,0.00031740865976854875,0.0003646721605681375,0.0008632611938957724,0.0009758316600055484,0.00021833379081819684,9.384574491617538e-05,9.123735013115777e-05,0.0002573487133134734,0.00015429640655867442
HenckelvonDonnersmarckLuiseAntoinetteBenedictineFriederikeSophieKaroline,0.0832708740942857,0.0021973133185428807,5.878016186978802e-05,5.604259534959331e-05,8.182920311651034e-05,0.0002444735462628643,0.0003660902129630895,0.00012309690256371252,6.303004374767253e-05,0.010792661390141022,0.0001568004528396168,0.03024952836434348,9.226863450281855e-05,0.0933915897796338,0.000355137398094004,0.0003255399435511364,6.051045012405777e-05,0.05809037668948689,0.0001332314632344364,5.2882883061078246e-05,0.00011278496075814508,6.193774429684989e-05,0.0001821256540714517,0.0004790475772404248,0.00017612569127355713,8.539354860845413e-05,0.0002900702764797469,0.0009690438690967759,4.1588307489824254e-05,0.00017016818819436482,0.2007449199222144,0.1118121181380576,7.691345603942977e-05,6.417322891826707e-05,8.316251950737946e-05,0.0005713644194043487,0.00010065542477871356,0.00011058826375215493,8.052973794235242e-05,6.41583741905684e-05,0.00026210032483183453,0.00012704135746796923,0.0005979659494489549,0.2613774970506657,0.0001843289662329676,0.0004803543767268923,0.12959911867463544,8.862867991613378e-05,5.408368859988735e-05,6.378972977167143e-05,5.9129520653628124e-05,0.00013769739133733777,0.009377918967685249,0.00037449770440693567,0.0004233327284300585,9.471699183752596e-05,4.071191464180404e-05,3.9580347665223295e-05,0.00011164234307005189,6.693646194576826e-05
HenningsJohannWilhelmChristoph,0.000951031871472203,0.037005666375532216,0.00019052230197336107,0.0001816491131517975,0.0002652304391563171,0.0007924044664724205,0.001186596768109535,0.00039899014388872114,0.00020429731130870612,0.0050983327518713895,0.0901589825340762,0.5164170183384974,0.00029906744190936124,0.003871408006588229,0.0011510957515153842,0.001055162446932952,0.00019613063122585976,0.00898502257045209,0.0004318389787175927,0.00017140763644210471,0.0003655663691300837,0.00020075687522967708,0.0005903181916879291,0.0015527219433793026,0.0005708706997510796,0.0002767834408247684,0.0009401957233699936,0.0031409316133303115,0.000134798881562962,0.0005515608311737272,0.052996568791122,0.003810124240633607,0.0002492971817570109,0.00020800268168121323,0.0002695520759120975,0.0018519456392742664,0.0003262512831698017,0.0003584462837644401,0.00026101852329151864,0.00020795453351648703,0.12038387109414415,0.0004117751823180786,0.001938168347393702,0.010454379458082664,0.0005974597185504753,0.0015569576317214155,0.0016954065414815065,0.0002872693708446723,0.00017529976991365037,0.00020675965788049486,0.0001916546676830588,0.00044631425193132,0.0005127723442165324,0.0012138477074188096,0.12090646864592156,0.00030700322603488225,0.00013195825680919414,0.000128290544125912,0.0003618628381208761,0.00021695906255091168
HerderLuisevon,0.002553484439560356,0.01912252224552291,0.000511545141726006,0.0004877209668851887,0.0007121336514569278,0.0021275758843320646,0.003185967236523751,0.0010712733763387603,0.0005485305183970867,0.17416140153885,0.0013645847054356358,0.10277949796500226,0.0008029847181803887,0.010394583399933256,0.0030906483558626754,0.002833071078134181,0.000526603292675267,0.024124444207355454,0.0011594712497321794,0.00046022299105411837,0.0009815318110792985,0.0005390245820470629,0.0015849819149921015,0.00416899942085574,0.0015327661380672454,0.0007431530219696512,0.002524389793635473,0.08866956794715773,0.00036192987518738836,0.0014809198746335115,0.3830026312740993,0.010230038816878912,0.0006693534607387586,0.0005584792970582668,0.0007237370819415808,0.004972403675050457,0.08111225820707975,0.000962414652406826,0.0007008248173956134,0.0005583500210654113,0.0022809761584111216,0.0011056007187421318,0.005203908370238969,0.02806961162105887,0.0016041566432690676,0.004180372083115386,0.004552102145325842,0.0007713073456504071,0.0004706732215399788,0.0005551418253831864,0.0005145855006312537,0.0011983368083095375,0.0013767742609581645,0.003259134973144311,0.0036841307283523492,0.0008242919970298971,0.0003543029056557072,0.0003444552364592572,0.0009715879710386892,0.0005825268393873668
HolzschuherJohannHeinrichChristoph,0.0019330737933140106,0.014476393919693891,0.00038725691539279503,0.00036922121197568536,0.0005391091786740695,0.0016106466605284293,0.0024118845902744144,0.0008109900562511442,0.0004152560922317278,0.01036290552174743,0.0010330366192828314,0.017065971411219124,0.0006078864985812872,0.007869050013199768,0.002339724984615852,0.002144730302989421,0.0003986564432398472,0.01826301744902508,0.0008777588193739773,0.0003484043173728828,0.0007430526663511247,0.00040805977798972446,0.0011998847360414724,0.003156073089752239,0.0011603556328258105,0.0005625918877496601,0.0019110481656298148,0.006384278771773825,0.0002739931154084536,0.0011211062637784463,0.10772118299999096,0.12922763027351009,0.0005067231322705496,0.0004227876530305552,0.0005478933666780842,0.0037642771912380453,0.0006631405575865027,0.0007285803328370247,0.0005305480100927457,0.0004226897867463431,0.0017267758388054915,0.0008369770115527003,0.003939534049030025,0.14273278822059166,0.001214400651686724,0.0031646825784312138,0.0034460947657597328,0.0005839056597987742,0.00035631549410587525,0.00042026107447339875,0.00038955856956814414,0.0009071813572929224,0.0010422645236975547,0.002467275033226029,0.002789011145627719,0.36507345499529215,0.00026821924238393816,0.00026076422485809777,0.12221867090038735,0.00044099245316554114
IndustrieComptoir,0.0037603507516576883,0.028160496999904774,0.0007533193186512692,0.0007182350031244763,0.0010487129939189498,0.003133142874069881,0.0046917671034179325,0.0015775947499566151,0.000807785281635319,0.020158650798971608,0.0020095353013660647,0.03319792480033998,0.0011825034614658322,0.015307428114908494,0.004551397176353582,0.2404896178308248,0.0007754944799185053,0.035526502728198364,0.00170747803194233,0.000677740519397278,0.0014454381731824652,0.0007937865063362704,0.002334099962806339,0.006139414778879367,0.0022572051781874127,0.0010943932069707087,0.003717504955545578,0.012419146936483343,0.0005329906292448743,0.00218085455209656,0.2095468020230264,0.015065113990340676,0.0009857133845103943,0.0008224362020549027,0.001065800612652309,0.007322536063795534,0.0012899875332229671,0.0014172855747683676,0.0010320592082118565,0.0008222458256933421,0.0033590454983431625,0.0016281463984448876,0.24398099598661224,0.041336294642218906,0.0023623373402393236,0.0061561625602301615,0.0067035852886363385,0.0011358542515633955,0.000693129895362799,0.0008175213242010999,0.0007577966578186955,0.0017647128167507808,0.0020274860683891084,0.004799516478795205,0.005425380135055839,0.0012138813076732382,0.0005217588863891138,0.0005072568633138045,0.001430794525548761,0.0008578494563797736
JeanPaulANDRichterCaroline,0.0036824262061114794,0.03096102010251082,0.00017872965520777763,0.00017040568493109415,0.003704363216378622,0.0038035283812686113,0.010312480271988273,0.002466988931725783,0.0008892169895294337,0.0198004701447817,0.00047677464608773725,0.031774471748068404,0.00028055624051721726,0.04195092841427739,0.0026099325092151277,0.01480176152718228,0.0001839908490061337,0.0405013861604255,0.00040510969567366355,0.0001607981188761878,0.00034293912278739175,0.00018833074510829668,0.0005537796140948078,0.0014566140273306986,0.0005355358521177183,0.0002596515391292617,0.0052014379691381766,0.016521514832893873,0.0033991535287134097,0.0005174211951080614,0.32815202707975066,0.0536986947629812,0.01041766397417449,0.00019512806214347727,0.005841758634312965,0.037372845590129246,0.0003060574995581709,0.0003362597451540617,0.00024486241341582814,0.00019508289417735855,0.009580228674215025,0.04995707325846661,0.0066962424158927315,0.12786323097481825,0.002967857815307003,0.022792995704536242,0.05032077240260935,0.0002694884277117455,0.00016444934325352746,0.00019396197705518934,0.00017979193154376097,0.000418689001422812,0.0004810335762934405,0.02963949552269279,0.0012872049035537127,0.002015775622871854,0.00012379051427073494,0.019652824455266997,0.0003394648270568082,0.00020353007517906702
JeanPaulANDRichterEmma,0.00026864513409915027,0.0020118284150762145,5.381826929026153e-05,5.131179282784184e-05,7.492163936002007e-05,0.00022383645652875587,0.008776627746640932,0.00011270575037963664,5.7709399904404126e-05,0.4319536463838133,0.00014356423540396555,0.010813150683700787,8.447983232366202e-05,0.0010935857717075657,0.00032515868479582403,0.00029805968186311804,5.540249628549082e-05,0.0025380669835874635,0.00012198480810873503,4.841880578231866e-05,0.00010326428503922256,5.670930626532567e-05,0.00016675162476067118,0.00043860905949671746,0.00016125814527172456,7.818510273655689e-05,0.00026558416574744845,0.0008872426043442488,3.807765512404897e-05,0.00015580354128945262,0.2091234787701683,0.0010762744848655222,7.042085216342822e-05,5.875608377533292e-05,7.614240463677912e-05,0.17779339029965344,9.215865666152177e-05,0.00010125302091103962,7.373186776954588e-05,5.8742483000682264e-05,0.0002399752810159377,0.00011631723645738574,0.0005474890076883488,0.002953127288039693,0.00016876894562994086,0.00043980554627786776,0.02580323671943657,0.11826131865541148,4.951824603217755e-05,5.8404957482251415e-05,5.413813715910604e-05,0.00012607374753366077,0.00014484666529749666,0.00034288470230832164,0.00038759734667794665,8.672151302284019e-05,3.727524245966579e-05,3.6239196039778496e-05,0.00010221812074709555,6.128606012203365e-05
JungFranzWilhelm,0.0003813005430334393,0.07474346092959383,7.638677459880145e-05,7.282921589063431e-05,0.00010633977000449792,0.00031770150131807417,0.0004757464030532378,0.00015996851745278873,8.190963739384847e-05,0.002044092427569658,0.00020376740156964447,0.12317957689620472,0.00011990615816811145,0.14532813562448424,0.0004615128559854259,0.03636703958910461,7.863534171167615e-05,0.1593596849122941,0.1439490971532521,6.872306472156245e-05,0.00014656780623796138,8.049015794210392e-05,0.00023667834255090394,0.0006225382533962425,0.0002288811914158109,0.00011097175547416203,0.00037695596817774376,0.03720329433476164,5.404538825885183e-05,0.0002211392180968189,0.05719208976781325,0.025490266211585705,9.995159324524558e-05,8.339524453022114e-05,0.00010807245898286146,0.0007425070590227082,0.00013080507096510882,0.0001437131254456535,0.00010465107180769332,8.337594031770541e-05,0.0003406080861014509,0.0001650944677411539,0.0007770766317299416,0.10004214997270744,0.0002395416199577498,0.0006242364827757352,0.0006797452896385276,0.00011517591616607513,7.028355144211959e-05,8.289687463912205e-05,7.684077795344381e-05,0.0001789423380328317,0.0002055876140087995,0.08435598130611173,0.0005501349550298394,0.000123087879924474,5.2906486615640616e-05,5.143597770865602e-05,0.0001450829365639661,8.698615771796087e-05
KalbCharlottevon,0.005559073613065515,0.0745552661097394,0.00017246957007476877,0.006975117210339646,0.00024009881960395424,0.001978033726946509,0.010736855542654467,0.06493363829460672,0.00018493934349885364,0.01851684308106593,0.0052062674290947065,0.10464044080434218,0.0002707296342487,0.04710492026417483,0.004931241962262871,0.035880417417793006,0.001987551537162608,0.1018101816852602,0.0024728524920200373,0.005830732810229374,0.006878285204724687,0.00018173437755994364,0.000972793348972549,0.004236513331591322,0.000516778472307759,0.00025055712926215626,0.01836926470355964,0.031360804117097976,0.00012202616128884677,0.004928768589877025,0.2233461514929462,0.010860905191228324,0.0002256753005456281,0.0001882936155630419,0.0017864517680464041,0.004698637938073571,0.003319947483193495,0.00032448209902689184,0.0002362859992103897,0.010288444958261377,0.002795492415515073,0.0010667351903857346,0.01176986459437646,0.10947223717563755,0.0005408480777741201,0.0014094298178549635,0.01864386719950772,0.00026004947647628875,0.0028307549300118128,0.002455625710195919,0.0011020262200551784,0.00040402423417915426,0.0004641851627722936,0.026730810918656388,0.0019360972972798385,0.0002779134718475453,0.0001194546968201118,0.00011613451423208131,0.00032757492152005055,0.00019640134438021076
KeßlerGeorgWilhelm,0.0004108346131670904,0.01598601380924019,8.230339968497803e-05,7.847028619381553e-05,0.00011457643864473567,0.00034230943485744856,0.0005125958854112378,0.00017235906212928164,8.825404214125976e-05,0.040930492425800685,0.00021955043896327848,0.01653637462354365,0.0001291936269365026,0.001672402848430868,0.000497259862658479,0.0004558178003467785,8.472613213809468e-05,0.2362498592320325,0.00018654937346870927,7.404608838457378e-05,0.00015792038348406222,8.672461528333637e-05,0.0002550105345598769,0.0006707576665930206,0.00024660944615620693,0.0001195671998523801,0.00040615352429159237,0.027175560600707808,5.823153568612509e-05,0.0002382678094295604,0.03580325357740043,0.14364886140284358,0.00010769345834040323,8.98547186793375e-05,0.00011644333503177398,0.0008000187934184929,0.00014093672750298562,0.00015484459012249737,0.00011275694039560957,8.983391923693882e-05,0.013276347768343705,0.00017788204876622844,0.0395653384708147,0.004516169299262967,0.0002580955903966017,0.0006725874342735028,0.000732395739327089,0.00012409699862427152,7.572744439076296e-05,0.33573261256371445,0.025901507554292092,0.000192802521706574,0.00022151163804097447,0.05216179794335343,0.000592746287852933,0.00013262179259444106,5.700441911214474e-05,5.5420010254099146e-05,0.0001563205015293547,9.372377015947734e-05
LangermannJohannGottfried,0.0009372792865413246,0.12054055035707711,0.00018776721645234794,0.0001790223401369545,0.0002613950218057872,0.0007809457445813238,0.0011694377502872717,0.00039322046780844536,0.00020134302953413874,0.005024607300307448,0.0005008830127651479,0.1657082892815171,0.01153999998966787,0.16071019098572936,0.019340638724479265,0.00103990406117049,0.0001932944453477725,0.10577808239405252,0.00042559428554859926,0.00016892896233171762,0.0003602800241713687,0.0001978537906329643,0.0005817817784393769,0.001530268499871351,0.0005626155108153782,0.00027278095900309094,0.0009265998367071436,0.003095511549008451,0.00013284959561062868,0.0005435848764210013,0.13523132822577996,0.003755027183649178,0.036658069413028425,0.0002049948176637401,0.0002656541646764444,0.020031353833484332,0.00032153346180630195,0.00035326290021179716,0.00025724401318541435,0.0002049473657550959,0.0008372526862710941,0.0004058206256548083,0.0019101410797411362,0.0777747454619988,0.000588820033836834,0.11077157466498551,0.0016708897790537686,0.0002831152551529808,0.00017276481283553591,0.00020376976885513648,0.00018888320736319553,0.0004398602362041232,0.000505357298069733,0.0011962946219858392,0.001352293112539816,0.0003025637450177398,0.00013005004827430054,0.00012643537327744296,0.0003566300488065891,0.00021382168301216256
LentzTherese,0.00020083250563737162,0.0015039935224104848,4.023321660700875e-05,3.835943635054947e-05,5.6009577875246304e-05,0.00016733463856847432,0.0002505775140340398,8.425605147989968e-05,4.314213030693872e-05,0.0010766315744459617,0.00010732509715009588,0.045947329201775945,6.31550482322312e-05,0.0008175378697920126,0.00024308064844083912,0.0002228220992677832,4.141754580774848e-05,0.2669431794368164,9.119284718974069e-05,3.619671027297816e-05,7.719784382777844e-05,4.239448485978912e-05,0.10740509534867113,0.00032789336277896626,0.00012055262969104388,5.844926296079039e-05,0.0001985442008601032,0.0006632807846536987,2.8465919969114532e-05,0.0001164749016923862,0.32672215238531976,0.0008045963768297331,5.264489988447156e-05,4.3924605467390615e-05,5.692219202010603e-05,0.00039108140767554257,6.889554875271496e-05,7.569427215239324e-05,5.512013384919928e-05,4.3914437862230516e-05,0.00017939962746422048,8.695590979112873e-05,0.00040928933848616853,0.2420110128159533,0.00012616751961019618,0.0003287878269166704,0.00035802453525835725,6.0663611042075464e-05,3.701862480687865e-05,4.3662112072633295e-05,4.047234197136104e-05,9.424963789939185e-05,0.00010828381024827197,0.00025633218386858644,0.0002897582588746957,6.483087367818446e-05,2.786605596456585e-05,2.709153310130864e-05,7.641575709168045e-05,4.581595366029578e-05
LevezowMarieUlrikeWilhelmine,0.0003955170020452623,0.0899582491729094,7.923478903248137e-05,7.554458984299085e-05,0.00011030455581248204,0.00032954672539132427,0.0004934841937870827,0.00016593280445185082,8.496356696189741e-05,0.0518324779557242,0.00021136469185754867,0.015919830282511486,0.00012437675495588632,0.0886063520738864,0.0004787199613001717,0.0004388230302267659,8.156719201388435e-05,0.1901573587799605,0.00017959404237869673,7.12853443999716e-05,0.00015203245937812766,8.349116345375546e-05,0.0002455026886404558,0.0006457490505597898,0.000237414827508888,0.00011510924083051022,0.0003910104434958945,0.0013062568065258615,5.6060423540069995e-05,0.00022938420145028946,0.23331705369843725,0.014012605280412076,0.00010367820144053686,8.650456366785707e-05,0.00011210184659194763,0.0007701907887300111,0.0001356820242343597,0.00014907134429607857,0.00010855289597259344,8.648453971457252e-05,0.0003533073622593977,0.0001712498713370911,0.0008060492578797694,0.19076843780744945,0.00024847272085433674,0.000647510596944221,0.0007050890013776907,0.00011947014999616064,7.290401251026609e-05,8.598761248895501e-05,7.970571950721425e-05,0.0001856140474248124,0.00021325276933389505,0.0005048173679338512,0.0005706462582053685,0.1119800670752788,5.487905893994716e-05,5.335372338772268e-05,0.00015049222763018852,9.022936092967228e-05
LindenauBernhardAugustvon,0.0019330737933140106,0.07521796694776027,0.00038725691539279503,0.00036922121197568536,0.0005391091786740695,0.0016106466605284293,0.1846366036744736,0.0008109900562511442,0.0004152560922317278,0.01036290552174743,0.0010330366192828314,0.1992906904954183,0.0006078864985812872,0.007869050013199768,0.002339724984615852,0.002144730302989421,0.0003986564432398472,0.01826301744902508,0.0008777588193739773,0.0003484043173728828,0.0007430526663511247,0.00040805977798972446,0.0011998847360414724,0.003156073089752239,0.0011603556328258105,0.0005625918877496601,0.0019110481656298148,0.006384278771773825,0.0002739931154084536,0.06186267929184485,0.10772118299999096,0.1899692033015765,0.0005067231322705496,0.0004227876530305552,0.0005478933666780842,0.0037642771912380453,0.0006631405575865027,0.0007285803328370247,0.0005305480100927457,0.0004226897867463431,0.0017267758388054915,0.0008369770115527003,0.003939534049030025,0.02124964216445884,0.001214400651686724,0.0031646825784312138,0.0034460947657597328,0.0005839056597987742,0.00035631549410587525,0.00042026107447339875,0.00038955856956814414,0.0009071813572929224,0.0010422645236975547,0.002467275033226029,0.06353058417369413,0.0006240168268937284,0.00026821924238393816,0.00026076422485809777,0.0007355248442545397,0.00044099245316554114
Ludwig,0.0006717030246136946,0.00503024644738854,0.00013456374105924043,0.00012829670843057957,0.0001873292510430066,0.0005596662875482642,0.0008380798394297616,0.0002818022134486798,0.0001442928739223798,0.003600894599481536,0.4566961194673277,0.12334954086766167,0.0002112279423222988,0.05327696838411994,0.0008130058740470471,0.0007452492690560334,0.00013852484040294724,0.12732301465866344,0.0003050029729305177,0.00012106326958508402,0.00025819538041517746,0.000141792304073912,0.00041693504364628267,0.011205197261676209,0.0004031995006566341,0.0001954890050921038,0.0006640495761081799,0.042652513828928124,9.520692121518584e-05,0.00038956115948493174,0.02732234810878119,0.046682682127967216,0.0001760757720502416,0.00014690993499171505,0.00019038157406941133,0.0013080082010238137,0.00023042758109674972,0.0002531665448744641,0.00018435442263749376,0.0001468759284890454,0.0006000187668816462,0.00029083214108875763,0.0013689063218665508,0.07248188024248273,0.00042197902307307763,0.0010996615169202738,0.0011974464116539932,0.00020289509853811387,0.00012381223931308102,0.00014603200137912561,0.00013536351811717996,0.0003152266942288574,0.0003621652910699182,0.0008573268687951059,0.011967032138030631,0.00021683289664579816,9.320062016878165e-05,9.061015629824814e-05,0.00025557961846727926,0.00015323572522044402
LudwigErnstKarlFriedrich,0.00035974917533321065,0.0026940879300217237,7.206934181017602e-05,6.871285875541579e-05,0.00010032937341210784,0.0002997447949904359,0.00044885689069457774,0.00015092698734465258,7.728004861953505e-05,0.0019285589243405704,0.0001922503285499965,0.2857794364521348,0.00011312898003024523,0.27276373276774696,0.00043542783345019103,0.00039913890534403287,7.419081837064113e-05,0.0033987866832125412,0.00016335279724106555,6.483879006116389e-05,0.00013828369350074674,7.594079911806566e-05,0.02283157492875609,0.000587351965174188,0.011520081573871813,0.00010469955589233825,0.022963923966959617,0.0011881279603431429,5.09907059192938e-05,0.0002086402781156932,0.031351279896850215,0.001441265108563797,9.430226077612538e-05,7.868168822363164e-05,0.00010196412962335341,0.0007005400517855579,0.0001234118788154288,0.00013559036122090716,9.873612159333487e-05,7.866347509842141e-05,0.00032135668392183287,0.00015576321541390214,0.0007331557285798026,0.3317745741608049,0.00022600256362662592,0.0005889542094666794,0.000641325620568679,0.0001086660945441109,6.631107700409023e-05,7.821148653992178e-05,7.249768458443948e-05,0.0001688283945975454,0.00019396766133611805,0.0004591651708244443,0.0005190409507929846,0.00011613086869498491,4.991617577655824e-05,4.852878103958967e-05,0.0001368827496771492,8.206964053994718e-05
MahlmannErnestine,0.001634681343503486,0.0592839765170979,0.00368778265022045,8.867680389797318e-05,0.005448496169265664,0.0006997921362742928,0.0015924795486958506,0.0030761011503835363,9.973311896472668e-05,0.045908865535014075,0.0002481070500185711,0.039811894991603425,0.00014599765690186903,0.01449563549499464,0.0024976547230175007,0.0018669662132862793,9.574633876173789e-05,0.06330264303660289,0.001041998143686134,8.367715701804511e-05,0.005655355675169665,0.00192595334488046,0.00045106423124821143,0.005056599455342155,0.0008246059780906686,0.0001351191342382911,0.0010141968999680337,0.010767147102394101,6.580562810695235e-05,0.0005950286456477682,0.5096979658190313,0.011371663297450573,0.0004935440405612821,0.00010154199320689041,0.00013158895279589817,0.01886224488744731,0.001142236592175941,0.00017498500412041216,0.0001274230740907501,0.00010151848841081743,0.00041472417474106726,0.0027525772986560153,0.0064342299312574545,0.07170969839129183,0.04667445931326881,0.0032986795205669,0.017003579494205227,0.005700069078049425,0.0011675222752281394,0.0030620848778366407,0.0010239438460403415,0.0010199767014321675,0.0002503233394505758,0.005222400011998357,0.005758133783691265,0.008148490797495894,6.44189022382326e-05,6.262841158993677e-05,0.0009144932594252305,0.005511072567950013
MahlmannSiegfriedAugust,0.00147818194380488,0.04656063127967734,0.00015823363261435877,0.00015086422291498702,0.00022028064658526826,0.0006581121261452391,0.0009854988897451083,0.003546783947939522,0.00016967412931134448,0.011780004770184956,0.0004220999816800687,0.1402750961302183,0.0002483831406604493,0.027796394655847722,0.0009560143897206411,0.0049629409704107464,0.000162891493144746,0.10280591365203634,0.002601808677765319,0.0001423584152151796,0.0003036121963148578,0.00016673370682000781,0.006648055253456848,0.019414395644707143,0.00506702574192668,0.0002298757092244673,0.12414512224387853,0.016212139131577864,0.00011195391028312536,0.00045808534234809313,0.12248259994804875,0.017742911649256756,0.00020704766980744028,0.0001727515339414092,0.012684214941784691,0.006593697309729941,0.0002709600143728665,0.00029769878376283203,0.00021678254300028064,0.00017271154566219239,0.000705562645428185,0.0003419897946002127,0.13894143636349332,0.0797568104426426,0.0004962055393400214,0.005203804801520841,0.003648890065137815,0.00023858454163518076,0.00014559093136391223,0.00017171917096145075,0.0001591740912264873,0.0027136899303309286,0.03430622596881591,0.015002222863542436,0.029746714764085313,0.0023830850357157212,0.0009521962335071537,0.00010654856999341774,0.005118816294372506,0.00018019003675924877
MannLukreziavon,0.0003955170020452623,0.0029619458622568533,7.923478903248137e-05,7.554458984299085e-05,0.00011030455581248204,0.00032954672539132427,0.0004934841937870827,0.00016593280445185082,8.496356696189741e-05,0.08911660794600386,0.00021136469185754867,0.02834787361260472,0.00012437675495588632,0.05132222208360674,0.0004787199613001717,0.0004388230302267659,8.156719201388435e-05,0.1777293154498673,0.00017959404237869673,7.12853443999716e-05,0.00015203245937812766,8.349116345375546e-05,0.0002455026886404558,0.0006457490505597898,0.000237414827508888,0.00011510924083051022,0.0003910104434958945,0.0013062568065258615,5.6060423540069995e-05,0.00022938420145028946,0.25817314035862365,0.13829303858134429,0.00010367820144053686,8.650456366785707e-05,0.00011210184659194763,0.0007701907887300111,0.0001356820242343597,0.00014907134429607857,0.00010855289597259344,8.648453971457252e-05,0.0003533073622593977,0.0001712498713370911,0.0008060492578797694,0.1534843078171698,0.00024847272085433674,0.013075553927037442,0.0007050890013776907,0.00011947014999616064,7.290401251026609e-05,8.598761248895501e-05,7.970571950721425e-05,0.0001856140474248124,0.00021325276933389505,0.07507307734849318,0.0005706462582053685,0.00012767710443980604,5.487905893994716e-05,5.335372338772268e-05,0.00015049222763018852,9.022936092967228e-05
MayerJohannSiegfriedWilhelm,0.0027345773150819087,0.34089287394755324,0.00013545117297762262,0.0003847869850892705,0.00042241926684327707,0.01461497879057827,0.0019733543826556117,0.0004778036246649966,0.00014524446831850658,0.022478015824388665,0.002610302536889071,0.06343551850775414,0.0016940246861637655,0.013824255893151024,0.14522496604957957,0.01709846006235503,0.0010208107636331682,0.03408237844587728,0.0028272156935220077,0.0003152221700122676,0.000640004375572685,0.0022665241824219523,0.000514276962893674,0.003937367037141124,0.0030205473594095817,0.0014541152633499742,0.0015112716980029666,0.007121512869583704,0.0008130213269590392,0.03642540582821805,0.15801197356087998,0.008618377124251128,0.0004271315769312449,0.0009643292176197349,0.0005049510473948155,0.006036063910731322,0.00038742742626140327,0.0043460817905515755,0.00018557021819769174,0.00014784455782379188,0.005770398022806564,0.001607762108977196,0.008355759663880321,0.0517609558782547,0.003090754329282145,0.005469576991844304,0.006617932072334105,0.0007324876022104664,0.0009373937685794562,0.00014699506511463834,0.0001362562244704376,0.0003173055769039581,0.0012672827756403354,0.00440971201768016,0.0018826904202416317,0.001248934642614585,0.00037759211340824487,0.00047898565439806164,0.001510520853413873,0.00015424629666061526
MayerJohannSiegfriedWilhelmANDMayerJulieHenriette,0.0069146627712445684,0.29238555564332885,8.14755798952938e-05,7.768102042761315e-05,0.00011342401184700083,0.0057837702736471324,0.0005074401200397185,0.007916239944913202,8.736636990798874e-05,0.01803452208216893,0.00021734216811537533,0.10445841449031246,0.0028503460971972777,0.011949134108630596,0.05322490209226153,0.018556812154032033,8.387394414639843e-05,0.03255720169682451,0.015083170216878179,7.330132185551089e-05,0.0010616109486996552,8.585232625203163e-05,0.00025244560081601425,0.005387705599951142,0.009637046966981005,0.00011836457523889171,0.0004020683719607594,0.0026341340098501136,5.764583427149111e-05,0.025860928248635385,0.2559426381158288,0.0029203097320960832,0.00010661026157848393,8.895094660425953e-05,0.00011527213071354306,0.0007919720858481375,0.00013951916501386773,0.0001532871402902963,0.00011162281438087621,8.893035636573456e-05,0.023296431186850243,0.00017609288476131636,0.0008288446465479126,0.06271888722093773,0.0049791941400650465,0.002027048409648261,0.008457247844778339,0.00012284881262351343,7.496576653384783e-05,8.841937584357592e-05,8.195982846827225e-05,0.00019086328537392408,0.00021928364116213897,0.010314346563761673,0.002213774456230497,0.0001312878629527338,5.643106021784503e-05,5.4862587578870105e-05,0.006960878004022304,9.278108259129912e-05
MayerJulieHenriette,0.0002556945515462811,0.0019148441534441519,5.1223850665731954e-05,4.8838203975465915e-05,7.130989005816921e-05,0.00021304596699192507,0.00031902856001908667,0.00010727254151334144,5.492740145114834e-05,0.0013707384008124432,0.00013664343079504077,0.002257376786021375,8.040731097973795e-05,0.0010408672556524224,0.0003094837521217166,0.00028369111148646034,5.273170679143852e-05,0.0024157143264068944,0.00011610428347944829,4.6084679227233426e-05,9.828622112361147e-05,5.397551935059975e-05,0.0001587130251056664,0.0004174650218334401,0.00015348436991686074,7.441603157586116e-05,0.00025278114337080697,0.0008444712784071032,0.008070746122760125,0.1206658538874874,0.3838358519081826,0.0010243904944387554,6.70260724200911e-05,5.592362780710046e-05,7.247180587336121e-05,0.2254640285297536,8.771596204485293e-05,9.637191405446855e-05,0.008104681551904214,5.591068268532616e-05,0.00022840678677216002,0.00011070992859337275,0.0005210961916984653,0.01887977396478317,0.21709224320532367,0.0004186038295470554,0.00045582722127038186,7.723528007258557e-05,4.713111873406568e-05,5.558942826782107e-05,5.152829865639638e-05,0.00011999610730146629,0.00013786403855931532,0.0003263552510742596,0.0003689124319027056,8.254092692260018e-05,3.547831393434229e-05,3.4492212229569044e-05,9.729048929911316e-05,5.8331641522150975e-05
MayerJulieHenrietteANDMayerJohannSiegfriedWilhelm,0.0005094930276854565,0.01982491814286045,0.00010206785638397794,9.731425350952862e-05,0.00014209098930712859,0.016433941271113434,0.0006356913981127024,0.0002137496150490074,0.0001094474946728568,0.0027313122386506718,0.0002722735969463642,0.00449801423761946,0.00016021837020527074,0.0020740160722784004,0.0006166725608128902,0.0005652785420909816,0.00010507238729069634,0.0048135151834137035,0.0002313476081499047,9.182762247926247e-05,0.0001958436113605152,0.00010755078905095264,0.00031624913086803684,0.0008318343767610414,0.00030583059301981966,0.0001482802390846387,0.0005036878153990416,0.0016826804710039626,7.221534036478834e-05,0.000295485783659799,0.3165613940145966,0.034060043044602084,0.00013355512021927387,0.00011143255997551818,0.00014440620487593054,0.0009921364563756398,0.00017478147582071428,0.00019202919256011784,0.00013983455413320463,0.00011140676572512588,0.00045511984761783565,0.0002205988996354059,0.001038328250712676,0.005600688686096114,0.01632950419299914,0.0008341035474823281,0.4651817198448688,0.00015389783024451057,9.391274173347208e-05,0.00011076663911764763,0.00010267449476402296,0.00023910239639356206,0.016284134917740948,0.0006502904499346587,0.0007350892334007888,0.08021161556324903,7.069354225293847e-05,6.872865117437447e-05,0.00019385953145361666,0.0001162307310392733
MayerThereseApollonia,0.001158807859114861,0.008678074838014667,0.0002321465215688501,0.00022133476935499327,0.0003231764639969898,0.0009655244486438836,0.001445837623041021,0.00048615922170083977,0.00024893101592282825,0.006212187244687883,0.0006192681093286827,0.010230432931816072,0.00036440598100404925,0.004717211019363575,0.0014025805479945393,0.0012856882853526015,0.00023898012642400477,0.08377277324385196,0.0005261846815243226,0.000208855793564453,0.0004454332123699043,0.00024461708567912176,0.0007192875238213712,0.0018919517263103905,0.0006955912554075603,0.00033725349919565696,0.0011456042915373266,0.003827144334116953,0.00016424896792706421,0.0006720626775153473,0.4286987275493782,0.0046425383277802325,0.00030376219992292236,0.00025344591435829886,0.00032844226715991184,0.00225654809877446,0.00039752879196175753,0.0004367575715982609,0.0003180443529158926,0.00025338724705874737,0.00103513969298968,0.0005017374619843023,0.0023616082495434326,0.41327454197861024,0.0007279892905051603,0.0018971128035432745,0.0020658092368894274,0.00035003033505330594,0.00021359825802946534,0.00025193132184826093,0.00023352628004293636,0.000543822429391737,0.0006247999044396232,0.0014790421912443613,0.0016719113599753545,0.0003740755297213359,0.00016078773977246328,0.00015631872626213446,0.0004409205551512753,0.00026435903394173216
MerzdorfErnestineAmalie,0.0005856631627753808,0.11579620886055123,0.007818357409260004,0.0001118629115543098,0.00016333385086257025,0.02909002243979686,0.0007307284193055433,0.00024570557159598054,0.00012581009435818952,0.010840678612796409,0.00031297899532058447,0.08216036838323645,0.00018417130820299585,0.025487175918145123,0.0007088662312086438,0.016051849158229856,0.00012078090045820958,0.05312408332495487,0.06301360830804485,0.00010555601919748054,0.00022512258776102953,0.00012362982779316007,0.00036352895161400613,0.0009561951303088768,0.00035155282339219084,0.0001704484047483621,0.000578990060684682,0.005291607858308851,8.301166520585508e-05,0.00033966144620176857,0.21101264957337054,0.03868702590864575,0.00015352185380789051,0.00012809193053709417,0.0001659951953733895,0.0011404626626302745,0.011198820272029984,0.00022073790640643058,0.00016074007452266368,0.00012806227999931388,0.0005231610933099323,0.00025357883669607784,0.0011935602143055058,0.19764667939152258,0.00036792683704227206,0.008659833768731997,0.027200291369180413,0.010248996617526183,0.00010795286757582214,0.00012732645329876905,0.00011802451863381693,0.0002748486399022485,0.0003157747725454417,0.000747510055950132,0.006047869823725744,0.06067755587283356,8.126235550609244e-05,7.90037096345117e-05,0.006937569071972094,0.0001336074369091872
MeyerJohannFriedrichvongenImo,0.0005737960592067032,0.05838697098557799,0.00011494982380987363,0.00010959626949572784,0.00016002426977969713,0.00047808971896580086,0.0548058516649257,0.00024072691893202783,0.00012326084503771223,0.003076030708644633,0.01833661378954068,0.09521559081008996,0.00018043950445002186,0.02036575388738929,0.0006945027036440505,0.0006366222542424293,0.00011833355606990388,0.04148098131890083,0.000260545951857981,0.00010341717166235865,0.00022056100145270054,0.00012112475651012656,0.0003561628818435044,0.0009368200571192512,0.00034442942204100126,0.00016699466375724492,0.0005672581720290602,0.2362847469225889,8.132962663655533e-05,0.0003327789959871064,0.03197497711275344,0.002298802321923443,0.00015041109005324343,0.00012549644510688191,0.00016263168832598727,0.0011173538359294326,0.0001968406172383825,0.00021626516548066605,0.00015748305029228882,0.0001254673953683751,0.000512560448994195,0.00024844065060351795,0.09131925842179804,0.006307550687248104,0.0003604716543393245,0.0009393756195053678,0.0010229074560344936,0.00017332125017671378,0.32464534401133577,0.00012474647848668,0.00011563302592043965,0.00026927947065490576,0.00030937633028656,0.0007323635010421012,0.0008278647250714657,0.00018522748453200395,7.961576263442271e-05,7.740288297486732e-05,0.00021832651114593146,0.00013090019255420127
MiltitzCarlBorromäusvon,0.0005177824287978021,0.03641736858179009,0.00010372849030096733,9.88975467784347e-05,0.00014440279563383645,0.0004314188846323103,0.000646034034216208,0.00021722730012116608,0.000111228194574102,0.035315552385798483,0.0002767034614091668,0.5414779289471325,0.00016282510722428583,0.06718736404335167,0.0006267057623167022,0.0005744755679990318,0.00010678190462804059,0.03743163256630085,0.0002351116108273275,9.332164880457183e-05,0.0001990299675256478,0.0001093006297395342,0.000321394472913452,0.0008453682397058102,0.0816603113451593,0.0001506927438923903,0.0005118827662822977,0.0017100575156544606,7.339027680203015e-05,0.00030029330810204527,0.012583697859528708,0.018344295588704845,0.00013572804880111224,0.00011324555669268397,0.00014675567953069884,0.001008278418283225,0.00017762515312610833,0.00019515348850905747,0.0001421096484830566,0.0001132193427723918,0.00046252460247431037,0.00022418802188959482,0.0010552217485403856,0.00569181133645962,0.0003252826255980615,0.0008476743296100472,0.0009230518378832627,0.00015640173270420037,9.544069274258672e-05,0.0001125688013683928,0.0001043449986273886,0.000242992568707859,0.0002791751967237189,0.14708997946477764,0.000747049062442429,0.0001671456875351923,7.184371918558325e-05,6.984685952372717e-05,0.00019701360683512016,0.00011812179352454936
MosengeilFriedrich,0.00046296707776188905,0.01859933386348819,9.274721072862938e-05,8.842769797372081e-05,0.013558569881396119,0.004536392016159345,0.07672331400035796,0.00019423040017156344,9.945295425776604e-05,0.04599759641514793,0.006473378411878766,0.044290077560754176,0.00014558752843915328,0.0018846208054621647,0.0005603591764787447,0.0005136583633779,9.547737349503225e-05,0.13666314732324647,0.00021022137747189688,0.01185834669384075,0.00017795953923414404,9.772945224413373e-05,0.0002873698520033577,0.000755872818005856,0.0002779027155362448,0.016737321779317763,0.0004576919865987414,0.001529021239027921,6.562077061220716e-05,0.0002685025748097473,0.1570093603291854,0.1152113372762348,0.00012135911654953546,0.00010125674711144772,0.0001312193004599239,0.0009015364116677144,0.00015882075850031535,0.00017449344602104866,0.00012706512430853904,0.05827421946566455,0.01332291664770622,0.00020045422090593106,0.005094155611331089,0.010976696574314049,0.09065634883370441,0.0007579347723029527,0.07736221228203909,0.00013984416836059906,8.533680588813616e-05,0.00010065163690024505,9.3298452026952e-05,0.00021726801296392324,0.0002496201451078081,0.08360381821389161,0.0006679622601074996,0.00014945070789354343,6.423794025633885e-05,6.245247935436006e-05,0.000176156641791728,0.00010561675817201077
MüfflingWilhelminevon,0.0007157507139677881,0.09532216875035147,0.0001433879113358458,0.00013670991091891576,0.0001996135796145846,0.000596367040518764,0.0008930378775335223,0.00030028171391605096,0.00015375504314544926,0.048818056443110776,0.0003824979162016132,0.006318942020931809,0.00022507945473981085,0.002913638467748373,0.0008663196583696247,0.045775148924172136,0.00014760876427154018,0.006762166981704296,0.00032500388957287595,0.0001290021310989822,0.0002751268359728332,0.00015109049558680683,0.00044427603305738253,0.0011685852734323115,0.00042963976622319616,0.00020830841881052496,0.0007075953818769606,0.06983542239467559,0.00010145022329419311,0.00041510707532665535,0.1748285349399441,0.0028675160395181237,0.0001876221409452032,0.0001565437209691814,0.00020286606219297696,0.0013937823255998323,0.13518862539320212,0.0002697682288253335,0.00019644367345493608,0.00015650748445144444,0.0006393656795525082,0.00030990378932531425,0.0014586739099388395,0.3902067585934361,0.0004496507771685077,0.00117177307086156,0.0012759703212181096,0.0002162001752526557,0.00013193136764160646,0.00015560821586201203,0.0001442401346834547,0.00033589804301650936,0.00038591469169984265,0.0009135470527273172,0.0010326748651042774,0.0002310519603141437,9.931235677613778e-05,9.655202029275148e-05,0.000272339542461903,0.00016328433208259293
MüllerFriedrichTheodorAdamHeinrichvon,0.000750880774924432,0.08487726697243357,0.00015042559354471157,0.00014341982738876505,0.00020941089742759872,0.0801297770347159,0.000936869444114057,0.00491505672599909,0.00016130155889832647,0.004025354104717504,0.000401271456834863,0.18495601566723163,0.00023612667384947074,0.04445697481345514,0.0009088398568305563,0.0008330963657376568,0.00015485361193344195,0.047804901443145746,0.0003409555417738897,0.00013533373879507756,0.00028863045158916234,0.00015850623156352694,0.041790940857476956,0.005825977856660448,0.0004507270957672339,0.00021853249167246998,0.0007423251675591526,0.0024799012888508053,0.00010642954424887751,0.00043548111977422525,0.19665492932659986,0.08822535654746166,0.00019683090192803556,0.00016422710898781308,0.0002128230164674149,0.0014621911404331187,0.0002575894916617326,0.00028300883639701703,0.00020608540777436492,0.00016418909393035256,0.04789915708445861,0.0003251143071735481,0.029130488251955713,0.10065852482076165,0.00047172027553277034,0.0012292853563590116,0.007242148059389661,0.012033914194186398,0.00013840674642488432,0.00016324568796215593,0.00015131964522384136,0.0003523843957313716,0.0004048559325242143,0.0009583852387364716,0.0010833600132313381,0.0002423923184745872,0.00010418674820769238,0.00010129093049176261,0.00028570635375651496,0.00017129855886209217
MüllnerAdolph,0.00012965104638060278,0.0254145138177254,2.597327865726468e-05,2.47636260157948e-05,0.00411008860525713,0.00010802589410150533,0.00016176483378952593,5.439301373848008e-05,2.7851180363613813e-05,0.0006950389318219018,0.08154789789283788,0.005218543434684051,4.077088049835366e-05,0.0005277763175732625,0.028674439381188424,0.03273529172140011,2.6737843734256048e-05,0.05418599652492535,5.88711873262422e-05,2.3367439187861505e-05,4.983646048150169e-05,2.7368524360109752e-05,0.004154406749102295,0.0002116774744737181,7.782492447511807e-05,3.773297593928612e-05,0.00012817378995804798,0.06968501327845505,1.837668806884332e-05,7.519247361660987e-05,0.047964153998113865,0.0005194217033689445,3.39858646635025e-05,2.835632131675511e-05,3.67471477501252e-05,0.00025246965656389246,4.447676414934477e-05,4.886580266690511e-05,3.558379659461734e-05,2.8349757435853417e-05,0.00011581466529638484,5.613595596797283e-05,0.0002642241147106517,0.01772093360733971,8.144971793681221e-05,0.00021225491193104223,0.00023112919633631944,3.916248828281018e-05,2.389804093989081e-05,2.8186863971240868e-05,2.6127650349267545e-05,6.0844553703438e-05,6.99045667941647e-05,0.00016547986469677876,0.016482781118430108,4.185273984143925e-05,1.7989435041107742e-05,0.6070331506201303,4.933157028270797e-05,2.9577315256466164e-05
MützschefahlAntonievon,0.010771761470335815,0.017723036469918813,0.00011777952655428616,0.00011229418458851112,0.00016396356346767341,0.030343433052884245,0.00946074088629986,0.0002466528577510608,0.00012629513895762916,0.019014635021618362,0.0003141856454879874,0.0521998058840569,0.00018488135693852308,0.1459372730390129,0.0007115991735764794,0.0006522938897463121,0.00012124655564892836,0.051036427748682694,0.00026695977286772467,0.00010596297682128071,0.00022599051887547955,0.00012410646665593684,0.013067160177871176,0.007048314749833211,0.014351003167166781,0.006301040693128522,0.0005812222822206169,0.006829660892720965,8.333170597924448e-05,0.0003409709671186592,0.288088206698031,0.02981740250251841,0.00015411373752330582,0.00012858577246174872,0.00016663516844915525,0.0037149963485521567,0.0002016862134850769,0.0002215889329471883,0.004409636429568771,0.00012855600761014252,0.009520656800498033,0.00704378338303619,0.0011981618318387271,0.21390510854418843,0.0003693453315295918,0.014337436868257385,0.005411685835882734,0.0001775878736567224,0.00010836906593954482,0.00012781734402461605,0.00011847954694976277,0.00027590828340007755,0.0003169922014715053,0.010730715310298863,0.0020630619590986466,0.0001897872020152405,8.157565204145435e-05,7.930829825189893e-05,0.018214658476529505,0.00013412254315760375
MützschefahlAntonievonANDSchwendlerAugusteSophieHenriette,0.15221457993660756,0.04421903252688411,5.381826929026153e-05,5.131179282784184e-05,7.492163936002007e-05,0.00022383645652875587,0.00033518692427935283,0.00011270575037963664,5.7709399904404126e-05,0.0014401644433728238,0.00014356423540396555,0.019254591506062367,8.447983232366202e-05,0.13615663892949284,0.008766599507157401,0.00029805968186311804,5.540249628549082e-05,0.010979507805949041,0.00012198480810873503,4.841880578231866e-05,0.00010326428503922256,5.670930626532567e-05,0.00016675162476067118,0.00043860905949671746,0.00016125814527172456,7.818510273655689e-05,0.00026558416574744845,0.0008872426043442488,3.807765512404897e-05,0.00015580354128945262,0.3104207686385072,0.06860780106375815,7.042085216342822e-05,5.875608377533292e-05,7.614240463677912e-05,0.0005231330300603008,9.215865666152177e-05,0.00010125302091103962,7.373186776954588e-05,5.8742483000682264e-05,0.0002399752810159377,0.00011631723645738574,0.0005474890076883488,0.22243058866944074,0.00016876894562994086,0.008881246368639446,0.00047891425235183446,8.114714234937308e-05,4.951824603217755e-05,5.8404957482251415e-05,5.413813715910604e-05,0.00012607374753366077,0.00014484666529749666,0.008784325524669899,0.00038759734667794665,8.672151302284019e-05,3.727524245966579e-05,3.6239196039778496e-05,0.00010221812074709555,6.128606012203365e-05
OertelAuguste,0.0009234362862211637,0.06494836001908427,0.0001849940178179717,0.00017637829759017352,0.00025753438877729184,0.11683528110351987,0.08820156798326043,0.029403880213249044,0.00019836932504463885,0.03396686449986265,0.0004934852991853916,0.2112677472464587,0.00029038956124460033,0.0037590734225516477,0.0011176950192203882,0.0010245453602385187,0.0001904396131678056,0.008724308956363006,0.0004193085370895159,0.0001664339923550827,0.000354958924514557,0.00019493161991351524,0.0005731892431504355,0.001507667437799638,0.0005543060487284856,0.02928521951699497,0.0009129145648566037,0.003049792873711453,0.0001308874942167555,0.0005355564843223152,0.3706399364752233,0.003699567894991168,0.00024206345822115312,0.00020196717865869808,0.000261730626901233,0.0017982087190911691,0.00031678462346255515,0.00034804543887348216,0.00025344468783168144,0.00020192042758362185,0.0008248870132315509,0.0003998269211832225,0.0018819295488152969,0.010151030297832502,0.000580123548131918,0.0015117802214292511,0.0016462118329191127,0.00027893382852379827,0.0001702131898628144,0.00020076022301751341,0.0001860935262750213,0.00043336378901059913,0.0004978935022306189,0.001178626135043952,0.0013323206302086224,0.00029809507694911604,0.00012812929435841985,0.00012456800574047543,0.000351362856891972,0.0002106636769952824
OertelLudwigChristianvon,0.0005737960592067032,0.004297041225934681,0.00011494982380987363,0.00010959626949572784,0.00016002426977969713,0.00047808971896580086,0.0007159219052823952,0.00024072691893202783,0.00012326084503771223,0.003076030708644633,0.00030663720299291085,0.27551535667556765,0.00018043950445002186,0.1826355431663192,0.0006945027036440505,0.0006366222542424293,0.00011833355606990388,0.04148098131890083,0.000260545951857981,0.00010341717166235865,0.00022056100145270054,0.00012112475651012656,0.0003561628818435044,0.0009368200571192512,0.00034442942204100126,0.00016699466375724492,0.0005672581720290602,0.11007491081675448,8.132962663655533e-05,0.0003327789959871064,0.19424476639168334,0.002298802321923443,0.00015041109005324343,0.00012549644510688191,0.00016263168832598727,0.019147330422477203,0.0001968406172383825,0.00021626516548066605,0.00015748305029228882,0.0001254673953683751,0.000512560448994195,0.09039832358334238,0.0011693754890591804,0.024337527273795883,0.0003604716543393245,0.036999328792600907,0.0010229074560344936,0.00017332125017671378,0.00010576545347590316,0.00012474647848668,0.00011563302592043965,0.00026927947065490576,0.00030937633028656,0.0007323635010421012,0.0008278647250714657,0.00018522748453200395,7.961576263442271e-05,7.740288297486732e-05,0.00021832651114593146,0.00013090019255420127
OsmundEmanuel,0.03609504017747926,0.03275188949057028,0.00010624149078333358,0.004199041870237062,0.0012089442824966615,0.0014009614587289056,0.004095396726980539,0.0008052271548688793,0.0001139228882480042,0.025080156063967147,0.0019189209283837117,0.04818695428120406,0.0010100808389193433,0.02706638484226701,0.0019417790168670412,0.0032621113048830943,0.00010936887930645012,0.06040042221278667,0.007440210947979145,0.003361132524265484,0.0007709796292998359,0.00046787063557015527,0.0187725200431652,0.0019182891196601074,0.0018419572268317792,0.0008778792688983832,0.004639866583515839,0.27591453740545735,0.000993103220004322,0.0010135443962027335,0.20594555201137688,0.020839491248478607,0.0014813262799593515,0.0005809296342017295,0.003850195069172754,0.002483986265459757,0.000996627288579903,0.0016916358923999228,0.00291321549436604,0.00011596227542449805,0.010534179935723358,0.0008064186313875004,0.006712516193061874,0.12877169544250935,0.0033800725587417348,0.003780839123630818,0.011413219718755101,0.0018765524634489221,0.003016927727597049,0.00040391185483566256,0.002023752145055724,0.004404121649343674,0.0007672140045144423,0.004569269604782095,0.0007651476065244067,0.0001711950783263109,0.0021557614140599764,7.153901942276367e-05,0.0022046314777736634,0.003507377981258266
OsmundEmanuelANDBraunHenriette,0.0004581499891273884,0.04661933398289046,9.178219279076143e-05,8.75076237841186e-05,0.00012777208257764558,0.00038173284049549815,0.0005716309965158379,0.0001922094680187545,9.841816427239909e-05,0.002456070258951313,0.00024483582444167064,0.004044736752182681,0.00014407271656103956,0.1890144958422164,0.0005545287406877094,0.0005083138410930637,9.448394870781348e-05,0.004328443784528079,0.00020803406209507914,8.257389592079191e-05,0.00017610790244392138,9.671259498521796e-05,0.0002843798207150088,0.029540236432793788,0.00027501118808902734,0.00013333762433030634,0.0004529297843328585,0.2606431670614622,6.493799837312838e-05,0.0002657088541251084,0.08311501788783117,0.05941994550173209,0.00012009639691113278,0.00010020318898797372,0.00012985398739289464,0.015288270255819771,0.00015716825725898921,0.00017267787330325126,0.0001257430346923463,0.00010017999409639592,0.0004092561466150208,0.0001983685310250616,0.0009336930064298344,0.20658188995229226,0.00028782017908003763,0.0007500485982039143,0.0008167449607591392,0.00013838911510439858,8.444889187114905e-05,9.96043748389772e-05,9.232769852316463e-05,0.0002150073786204433,0.00024702289268598536,0.0005847588610204505,0.08703769723758772,0.00014789570033254716,6.356955611678305e-05,6.180267261227244e-05,0.00017432376382302031,0.00010451783492273196
OttoGeorgChristian,0.005263330261478531,0.008379681598989165,0.01820084658178283,0.0001629120726404013,0.00023787201501045092,0.0007106682315297391,0.0010641997394150947,0.00035783445443901026,0.00018322411732530535,0.004572441567186314,0.0004558084186449235,0.2538990638735861,0.0002682187431325466,0.030336792895799183,0.024827468730928597,0.0009463228210672031,0.0026033916435207177,0.021394488741976154,0.00038729494380193737,0.00015372700055981165,0.00032785832999272546,0.00018004887595099992,0.0005294270831085675,0.0013925592348957244,0.0005119855929514309,0.0002482333287232935,0.0008432148735779907,0.01854230182288503,0.00012089442554381557,0.0004946675303538922,0.0832582044316132,0.008799307330475622,0.00022358226736568908,0.00018654728008019874,0.0002417478764934342,0.0016609181144716105,0.0031547332696242494,0.00032147267886474957,0.0002340945567481146,0.0001865040983812998,0.0007619080967203359,0.0003693007207651952,0.02736524743499991,0.03147683219329449,0.0005358319640507731,0.0013963580135129135,0.011706266304930307,0.0016332521613807466,0.00015721766186743225,0.0001854324737362385,0.0001718855578301814,0.36438293533508315,0.049637462048023245,0.0055571496124295116,0.0077711721511326114,0.0002753359539874933,0.00011834681020895165,0.00011505742076622063,0.00032453681687147064,0.00019457981349323052
PohlEduard,0.00025776557007020087,0.0019303535872127648,5.1638742351744396e-05,4.923377292480998e-05,7.188747023090284e-05,0.0002147715498853361,0.00032161255742326833,0.0001081414040653144,5.537229034372812e-05,0.0013818408064067873,0.00013775018521994787,0.0022756605903146037,8.105857644273112e-05,0.0010492978434547893,0.0003119904405889532,0.04078388983109644,0.02435189937590135,0.0024352805983052675,0.0001170446794336767,4.645794578207914e-05,9.908229825299152e-05,5.4412698397776473e-05,0.00015999853397941207,0.0004208463132535242,0.04875220865772322,7.501877019089306e-05,0.0002548285645115888,0.0008513111412431433,3.653559001878095e-05,0.00014949382490810152,0.022463652703461786,0.3412150555293046,6.756895546835376e-05,5.637658571493579e-05,7.305879707641185e-05,0.01670110761671164,8.842642451321512e-05,9.715248610023731e-05,7.074588189244174e-05,5.6363535743109654e-05,0.00023025678585713663,0.00011160663253763811,0.0005253168520888619,0.3997129610505609,0.00016193415758795242,0.0004219943448315346,0.06525616073552712,7.786085341688698e-05,4.751286100960902e-05,5.603967929968918e-05,5.194565624332233e-05,0.00012096802539481926,0.00013898067939468735,0.0003289985916001565,0.0003719004677273034,8.320947377901325e-05,3.5765673382993525e-05,0.024333512149090686,9.807850141873477e-05,5.880410333016552e-05
ReckeElisavonder,0.0003046485522559665,0.03099970084486013,6.1030913063732176e-05,5.818852238317739e-05,8.496252515502361e-05,0.0002538346828884802,0.00038010817340598937,0.0001278104060928429,6.544352716974425e-05,0.0016331731231808613,0.3926455572521269,0.012262312928769621,9.580169281134894e-05,0.0012401464974812193,0.0003687359642998098,0.0003380051936170916,6.282745578601093e-05,0.04116921518460903,0.0001383330292289316,5.49078215505741e-05,0.0001171036097208288,6.430940248035678e-05,0.0001890994275404199,0.000497390788149208,0.00018286972016541954,8.866335300115676e-05,0.0003011773575143445,0.0010061495281486416,4.318076538308754e-05,0.00017668409833422166,0.2467226439734708,0.0012205151779272616,7.985854920529419e-05,6.663048604401309e-05,8.634689556417362e-05,0.0005932425345412266,0.00010450962167595088,0.00011482279898919221,8.361330215953298e-05,6.66150625139321e-05,0.00027213640844036917,0.00013190589812089794,0.0006208626637799159,0.23309490259184196,0.00019138710672850413,0.0004987476262951628,0.0005430976225308686,9.202236072260772e-05,5.615460713459229e-05,6.623230233149214e-05,6.139364914485813e-05,0.00014296996218602067,0.0001642587982468374,0.02910708779755371,0.0004395425620480793,9.834380019741726e-05,4.22708145762884e-05,4.1095918768303474e-05,0.00011591724005853389,6.949952602811251e-05
RichterCaroline,0.003963079945398064,0.04295780146964002,0.00043556762951148,0.0012541035465846904,0.0017327985354965863,0.005874774116196809,0.00938139884250078,0.004039100961989213,0.0014617816837602393,0.07420281831292341,0.012479320709961784,0.06520694380579155,0.0007507071208184949,0.017185842332960263,0.0025392493860867706,0.004671497774001196,0.001603609402435337,0.0775654061259536,0.0013360624434268936,0.0007114529092686285,0.0004054229672329382,0.0008946044401064946,0.0026298164877194665,0.004217310937959673,0.0034658718856757495,0.0015105008778927371,0.002534242062083871,0.013473888377020713,0.0008082232581843399,0.002441372464405197,0.26825689963900773,0.0225939435796692,0.0011557181387954953,0.0011164169131349737,0.0017192123692556887,0.09632401630871988,0.001498408902412279,0.0011846014437542922,0.005747688994224473,0.000987727076376625,0.004291347354614357,0.004435687686714105,0.005038618977671099,0.13471743134003664,0.007359695077764993,0.026904606280837386,0.017276737939447215,0.002712121824696421,0.0008328690486745902,0.0007653450059291136,0.0008495971510299219,0.0013249668724498057,0.014551339596172445,0.007869645123366817,0.004421218222185782,0.00045659344391079786,0.00042013050859149856,0.0012988838018622,0.001884080476972135,0.0002698800887351351
RichterCarolineANDJeanPaul,0.010608808841129072,0.04788920000742536,0.0002729100792353685,0.009749359975405384,0.009499196638791667,0.001561358531622797,0.012612811222400037,0.0005715259088042449,0.0002926418316351617,0.05179421024367559,0.0014362899123351747,0.025424080866625946,0.005990110468659925,0.011049316118178778,0.0072015798283560535,0.0017741997673247217,0.0002809436247301708,0.09179580799934635,0.006860618600130691,0.006675560999271979,0.009138581234373997,0.000971751565190159,0.00630925163757083,0.007888992576710423,0.0037324182087457238,0.0008465990165720255,0.007725867099768212,0.03715418457556983,0.00019309011631263374,0.0007900729131427053,0.25130736285522387,0.06374119390609197,0.0003571010476031972,0.000297949519561894,0.0003861147888372368,0.009644228146782587,0.004558035938698262,0.001220263008984852,0.0066900142444792305,0.0002978805506311476,0.003454807096752401,0.04773950367311734,0.0070385458338406,0.11777433174275084,0.0080746978068016,0.01293134481597234,0.050330252507615685,0.007298527217071385,0.00025110485020155454,0.004288007393345887,0.004142938233970936,0.0030699731153292355,0.00073451107634321,0.0048148699773102295,0.0024376771049012982,0.0009787863100413573,0.00018902111694301063,0.00018376737106318681,0.0005183435996784868,0.0071575047410142225
RichterCarolineANDOttoAmöneANDOttoGeorgChristian,0.0013563612022020625,0.010157511383362423,0.00027172281634564084,0.00025906787867383457,0.0003782715260191551,0.001130126872731447,0.0016923237456076912,0.0005690395532107012,0.00029136872809990244,0.13513109687961547,0.0007248408186461861,0.011974515189295251,0.0004265298432320025,0.005521400255390052,0.0016416922126470787,0.001504872179336084,0.00027972141285480766,0.05543438729014028,0.0006158885458006703,0.000244461489467572,0.0005213705815666934,0.0002863193598499849,0.0008419115238694604,0.002214491296224692,0.00081417552013023,0.00039474841149703685,0.0013409066929389814,0.17495940468688942,0.00019225010069242096,0.0007866357947607769,0.5017832049616205,0.0054339973775695575,0.0003555475219038532,0.00029665332556063484,0.0003844350423022393,0.0026412439888165514,0.00046529942469240556,0.0005112159192088736,0.0003722644936185392,0.00029658465667103105,0.001211610110672704,0.0005872735689302786,0.0027642147740763105,0.014910031004629697,0.0008520967660799517,0.002220532232921133,0.0024179880020901165,0.00040970343989791126,0.0002500124483712146,0.0002948805256079917,0.0002733377957815669,0.0006365331735648073,0.00073131567313392,0.0017311890222733884,0.04457689086907687,0.00043784785477271495,0.00018819880302133328,0.00018296791293904042,0.0005160886074050228,0.00030942691169187403
RichterCarolineANDRichterEmmaANDJeanPaul,0.002363820279758543,0.017702166178809212,0.0004735493043506012,0.00045149470837783966,0.0006592387802066334,0.0019695467668388272,0.002949324400675721,0.00099170282494103,0.0005077875327396733,0.16122528358919086,0.0012632279837634195,0.020868778758031763,0.0007433417379656358,0.0838991158603269,0.0771376923279455,0.002622640171499932,0.00048748898694199265,0.022332562349613817,0.0010733496595678493,0.0004260391888866044,0.0009086269586419918,0.0004989876650866128,0.0014672548364359453,0.003859340289936192,0.0014189174702448385,0.0006879541371312072,0.0023368866854103143,0.007806886464731815,0.00033504695214266845,0.0013709221713365492,0.2060012817205739,0.08374679309057655,0.0006196361568951879,0.0005169973498796498,0.0006699803472471258,0.004603070402204563,0.0008109080490227978,0.0008909297576482262,0.0006487699279667656,0.0005168776760688902,0.002111552989070212,0.0010234804488286758,0.0790939865590729,0.025984696114392244,0.001485005330959325,0.0038698682294324,0.15276720113377382,0.000714017253180943,0.00043571321171122793,0.0005139077742760354,0.00047636383571277637,0.0011093284163309492,0.0012745121404627874,0.003017057486089584,0.003410485998677281,0.0007630663844411041,0.00032798648802831004,0.0003188702702851034,0.0008994217132986074,0.000539258722361585
RichterEmma,0.01265689106478394,0.03147532340179909,0.002172607112622587,0.0002187835048959504,0.004521362211912765,0.002013834236701708,0.0034212170633457486,0.0004805553992766638,0.0071634142643372456,0.2049854989565097,0.0013453238875261765,0.031863898051454405,0.000360205574395058,0.006025428531799016,0.001386413391277719,0.0028079883655530878,0.0002362254688311651,0.11016308869153235,0.006951527036089925,0.0002064483707960421,0.026940540140608316,0.010386232031861953,0.004440893231264903,0.007968221862425854,0.0006875733680547782,0.0003333660717088091,0.004199882016762508,0.019001283873467358,0.00016235571565798802,0.007208245135827102,0.20443766059243806,0.01801156954414163,0.008339520241543974,0.00025052451364264856,0.00032465640429934795,0.02060541414722733,0.005584856198138097,0.005727432073271409,0.002220476730422349,0.004751330884179774,0.010646729168217755,0.002745005527867015,0.0036744255951639466,0.0464492824531777,0.001469281778113004,0.019657260307478195,0.05162661843236376,0.0011499215749451043,0.00021113617018934827,0.004783012498440013,0.028462203673019205,0.00093693160150159,0.0006175980093426376,0.015233565466437178,0.004661592007986009,0.007972712824514555,0.00015893438411972624,0.015584500774703252,0.0016599065493102033,0.00026131184072537524
RichterEmmaANDJeanPaul,0.0003557279775741055,0.002663974003180888,7.126376643806063e-05,6.794480141826397e-05,9.920791357508803e-05,0.0002963943130975933,0.0004438396663427827,0.0001492399584230806,7.641622910405019e-05,0.5160849614531018,0.0001901013963401133,0.003140513060829816,0.0001118644489842293,0.0014480778003958651,0.0004305607161691016,0.0003946774177804979,7.336152959658938e-05,0.003360795787523755,0.0001615268753286639,6.411403621828003e-05,0.00013673798855809904,7.509194944118906e-05,0.0002208051094326421,0.0005807866731093017,0.00021353088741853115,0.000103529247109438,0.00035167477897506675,0.001174847325336164,5.042074293831424e-05,0.0002063081426270133,0.10924531423706696,0.001425154961766476,9.32481706886074e-05,7.780220148658929e-05,0.00010082439683822398,0.07893718167182645,0.00012203240777124944,0.00013407476175860748,9.763247077738484e-05,7.778419194371725e-05,0.0003177646290517612,0.02250958558642837,0.0007249606738722842,0.2051104713672562,0.00022347635630018615,0.0452934979243404,0.0006341570227646706,0.000107451448657941,6.556986625911572e-05,7.733725561466861e-05,7.16873212902881e-05,0.0001669412676530565,0.00019179953315519532,0.00045403272276735507,0.0005132392243365463,0.00011483278319269942,4.935822365897553e-05,4.798633691754893e-05,0.00013535270417877642,8.115228401140441e-05
RichterEmmaANDJeanPaulANDRichterOdilieMinna,0.00035179568222494864,0.0026345258482889915,7.047600108083786e-05,6.719372463077466e-05,9.811124746574436e-05,0.0002931179051331188,0.0004389333649952383,0.0001475902270794356,7.557150729061518e-05,0.4219462841544592,0.0001879999736693571,0.0252142372783045,0.07749016836468339,0.0014320704297118205,0.0004258012032590755,0.00039031456674769647,7.255057510375753e-05,0.1028116254411962,0.00015974132170156288,6.340530555234782e-05,0.00013522645674064992,7.426186650658152e-05,0.00021836428116039528,0.0005743665294110339,0.00021117046999726623,0.0001023848120282098,0.00034778728857521094,0.0011618603044532578,4.9863380949781675e-05,0.00020402756701618326,0.09698347242188422,0.12300582175508508,9.221738488869145e-05,7.694215882942677e-05,9.970986176715016e-05,0.0006850522039849973,0.0001206834346800752,0.06645791308978165,9.655321995943468e-05,7.6924348368005e-05,0.00031425198891176404,0.0001523195336899128,0.033879607009013886,0.0149213938882578,0.0002210059994772042,0.011630153420572387,0.0006271469114760998,0.00010626365669763682,6.484504252752758e-05,0.011130702422562387,7.089487386451711e-05,0.00016509586214165638,0.00018967933890637616,0.0004490137451309076,0.0005075657650021788,0.00011356339633603777,4.881260699238539e-05,4.745588538890962e-05,0.00013385648559971583,8.025520880475994e-05
RichterEmmaANDRichterCaroline,0.0042642038265423505,0.03193374953424016,0.0008542573109130647,0.0008144720136359378,0.0011892310736285696,0.0035529557520194077,0.005320421566211788,0.001788978213410691,0.00091602122154574,0.022859728134938338,0.002278794901746753,0.03764614721232305,0.0013409482567708088,0.017358485378881162,0.00516124333533654,0.004731100900824853,0.0008794037437260826,0.3082686895991185,0.0019362646833771461,0.0007685516344300207,0.0016391138476637888,0.000900146736653395,0.0026468482996017057,0.006962040969525826,0.002559650307587629,0.0012410320231029533,0.004215617080305455,0.14807417859308625,0.0006044065649288943,0.002473069386434996,0.10363320495298137,0.017083703347776258,0.001117790084940956,0.0009326352331211273,0.0012086082791079164,0.008303689832515318,0.0014628342244234482,0.0016071890550545928,0.001170345830886972,0.0009324193480446908,0.003809127289854657,0.001846303326720052,0.008690292230317807,0.18086596320124526,0.002678869230853445,0.006981032802479352,0.0076018052376509455,0.0012880484736100342,0.000786003047932164,0.0009270618059768812,0.0008593345731344283,0.002001168412978416,0.002299150909599289,0.005442608385776097,0.006152332125441572,0.0013765304512794708,0.0005916698698631052,0.0005752247065327756,0.001622508083361974,0.0009727935440275932
RichterMax,0.006841823109650383,0.04484143344214012,0.00012494290370797804,0.0006967540770677124,0.0004701258288990399,0.0046841722592714935,0.003521742651981871,0.0008585613214531572,0.006277029380352634,0.1430198290540585,0.0003332944867335774,0.031746881801686944,0.005761917217021642,0.015656485985648515,0.000754878794506474,0.021545330120693006,0.00012862079828777142,0.07629623154941582,0.0019068085035041352,0.001297167528059479,0.0014335492762192988,0.0011004194226579569,0.0023828853190415496,0.005581174322767793,0.0007686610101325556,0.0014043007407106148,0.004624520428055496,0.016990284781374945,0.0016809787916817842,0.001400250484795368,0.17693839243920018,0.04190330828579392,0.0007322809495085384,0.0001364063879090163,0.00017676995667247262,0.016039429771254977,0.0050027272885715965,0.0011521574087881218,0.0001711737255104692,0.0037563849106056085,0.006334783042967694,0.000270038659100898,0.011734598775685407,0.06332818270191092,0.0014506523638303835,0.20772056206948886,0.007359300486446733,0.005402107421391111,0.00011496009677341786,0.00013559122348243073,0.00043138262862285875,0.00029268908692038636,0.0016934897730513019,0.016743971074094352,0.0010824425376339953,0.00020133010209942838,0.02196635146549236,8.413184669377507e-05,0.000237306568682725,0.0032760415602385833
RichterOdilieMinna,0.0010319819306431565,0.016229843265244483,0.00020673920498235837,0.00019711074687730728,0.00028780635946738467,0.004430068690415719,0.022545277808677863,0.013840471017356214,0.00022168671742114882,0.39822107133592444,0.0005514922029773759,0.01223883977843499,0.00032452350478682514,0.006838795704243325,0.008389507342298562,0.0011449759064776535,0.00021282490476097534,0.0290059290734495,0.0004685963071816736,0.00018599753477102442,0.000396682696668278,0.0002178449260261883,0.011192007649312706,0.013116443491155842,0.014900327083554455,0.00030034273109084655,0.0010202234298245221,0.0070841099863828754,0.00014627271095398793,0.0005985086604307813,0.16420488361443375,0.00985021328583261,0.003490635785859493,0.0002257074820090363,0.0002924958458837177,0.07799144222596935,0.0003540211839159376,0.0003889565629156766,0.005136484853658855,0.004056375114579212,0.0009218486485523306,0.000446824717852759,0.0021031416223291836,0.07223988652771145,0.0006483143754969916,0.047895865035242784,0.0056704362632792596,0.00402787982577784,0.00019022095938461684,0.00022435865434071125,0.00020796795554933877,0.0004843036886541419,0.0005564185698065338,0.009230750165973078,0.003326842795334135,0.019376930703051916,0.00014319029751910675,0.00013921039597271725,0.00039266392800686354,0.0002354262133142016
RichterOdilieMinnaANDRichterEmma,0.0015552101497692213,0.011646650445438124,0.00031155866241127126,0.00029704845120798906,0.00043372791530647305,0.0012958088008897947,0.0019404263861216367,0.0006524634347669782,0.00033408475746035877,0.008337237773469279,0.0008311059003276067,0.01373003557660252,0.000489061129363581,0.00633086356656326,0.0018823720316982868,0.0017254935363892456,0.000320729890882544,0.06356132984333232,0.0007061807105664434,0.0002803006964740881,0.0005978059671179013,0.0003282951280169295,0.0009653397229320023,0.002539146161710377,0.0009335374902676814,0.00045262038988491454,0.0015374899365792356,0.054004563298147235,0.00022043487192467359,0.0009019603113076114,0.2332693202737328,0.0062306470147444745,0.0004076724650428268,0.00034014410182602815,0.00044079503213800586,0.19850141622442224,0.0005335145142669785,0.0005861625833785836,0.000426840223632409,0.0003400653657534306,0.0013892378657115894,0.000673370643165522,0.0031694616933941786,0.1637006269115141,0.0009770181696745794,0.19801902614143144,0.0027724764441548343,0.0004697678959632121,0.0002866654521261085,0.00033811140104146966,0.0003134104054472291,0.00072985193810146,0.000838529999012569,0.0019849894955986333,0.0022438348998894764,0.0005020384147612644,0.0002157896349128931,0.00020979187168057605,0.000591749630639305,0.00035479035591233103
SchillerCharlottevon,0.0003333699578319583,0.002496539370229429,6.678473527557635e-05,6.367437202486786e-05,9.297255220313358e-05,0.00027776550029268637,0.0004159436990643228,0.00013986001040916494,7.16133581840285e-05,0.0017871440752806934,0.00017815324764130426,0.04484409494640088,0.00010483360599040604,0.1165847251562298,0.0004034993501839187,0.0003698713691849026,6.875065097461489e-05,0.01362480681646735,0.00015137467675234223,6.008437597819272e-05,0.0001281438074972445,7.037231142021649e-05,0.0002069271877984531,0.000544283387672191,0.00020011016119671687,9.702228365228274e-05,0.0003295715086482288,0.001101006465606758,4.725172605716742e-05,0.00019334137639941297,0.14428005535387753,0.0013355819037571266,8.738738780784374e-05,7.291222019053758e-05,9.44874371467994e-05,0.0006491717661535662,0.00011436249380851379,0.0001256479683678679,9.149612827207644e-05,7.289534257357652e-05,0.00029779266086937285,0.00014434161386528999,0.0006793958432136099,0.6217038993393844,0.0002094305429229636,0.0005457681446886029,0.0005942993333827888,0.00010069796914024947,6.14487049877736e-05,7.247649684155233e-05,6.718166909053663e-05,0.00015644876665996674,0.00017974465409265332,0.00042549610709703256,0.00048098139410229004,0.00010761537608523276,4.625598765681909e-05,4.497032598843278e-05,0.00012684559025195104,0.04197701943517479
SchlabrendorffAmanda,0.014120364412791074,0.01830464182493983,0.00020625632936485346,0.0001966503602098469,0.00028713413731406103,0.000857844120788382,0.001284590262092734,0.00043194020688847615,0.0002211689292707276,0.13070369109377614,0.0005502040963597434,0.009089481634571408,0.008990060273172966,0.14070063948203562,0.0012461574419158387,0.0011423016147393459,0.00021232781492590681,0.28012764856129024,0.0004675018184454409,0.00018556310495658934,0.0003957561747629453,0.00021733611105234632,0.0006390688235116659,0.019013540890971427,0.0006180152866779149,0.00029964122804622097,0.0010178405193421516,0.038065500214558734,0.00014593106542220766,0.0005971107386432219,0.22741130402824017,0.014719169417282218,0.0002698850533382346,0.0002251803026588018,0.0002918126706136436,0.002004886072567847,0.0003531943054445427,0.00038804808674872755,0.00028257438605728484,0.00022512817824281895,0.0009196955095990598,0.00044578108047605536,0.01076452411662935,0.06118451006217229,0.0006468001237398944,0.0016855368781989383,0.0018354194044749165,0.0003109931244566711,0.0001897766650223885,0.00022383462541370348,0.00020748220996970532,0.00048317251257779626,0.0005551189567964642,0.0013140916834773087,0.0014854510754736562,0.00033235667346690384,0.00014285585150369739,0.00013888524571433177,0.00039174679263950834,0.000234876334165055
SchlabrendorffAmandaANDMützschefahlAntonievon,0.03279465910606058,0.007574807801221736,0.00020263310877467733,0.00019319588375149054,0.0002820901693463267,0.0008427747239307278,0.0012620243902870696,0.000424352489914444,0.00021728374513645845,0.005422415141844667,0.0005405388860029572,0.008929810427807371,0.00031807806676541905,0.035900672884608555,0.0012242667037452597,0.0011222352694133133,0.0002085979390317916,0.3273879037592334,0.0004592894051839794,0.00018230339377717423,0.0003888040878839339,0.0002135182564683024,0.000627842562833909,0.0016514228055757936,0.0006071588648719492,0.00029437755313032406,0.0009999605311810488,0.003340589162872771,0.00014336755407391453,0.0005866215384837428,0.2470644087591709,0.004052319921083537,0.0002651440929747534,0.00022122465236866094,0.00028668651676470473,0.00196966705882192,0.00034698988551832584,0.0003812314046996673,0.00027761051737518454,0.00022117344360097753,0.0009035395946880687,0.0004379502265358851,0.12919406507924228,0.011118926172735476,0.0006354380504727152,0.0016559277411537974,0.0018031773423846,0.0003055300354188486,0.0001864429359564176,0.00021990261408541743,0.0002038374548362632,0.0004746848186409849,0.0005453674090963004,0.0012910075722666805,0.0014593567639006287,0.00032651829970016435,0.00014034636118071315,0.1590523135675219,0.000384865136936637,0.00023075035765460062
SchlichtegrollAlfred,0.0004066153948073792,0.12775612217685212,8.145815441136165e-05,7.766440650016352e-05,0.00011339975343363941,0.0003387939612192391,0.0005073315919424695,0.000170588956845814,8.734768453898615e-05,0.028061231173885356,0.00021729568434118013,0.028815458580852462,0.0001278668250915313,0.0016552274874053286,0.008900716550576598,0.04413330239202902,8.385600571542404e-05,0.012250126114993251,0.00018463353552247556,7.328564463041052e-05,0.00015629856156347934,8.583396469715143e-05,0.00025239160934069837,0.0006638690720805248,0.00024407679902874283,0.00011833926016894542,0.0004019823801094067,0.001342910985769852,5.763350534348416e-05,0.00023582082983277436,0.06470159614373319,0.0016290255025545506,0.00010658746044712005,8.893192233597209e-05,0.00011524747703615708,0.0007918027038458931,0.00013948932553348227,0.00015325435620206312,0.00011159894119628573,8.891133650115764e-05,0.0003632213327128186,0.00017605522312407582,0.0008286673784745923,0.046512606236543026,0.00025544498205285203,0.038668150556103495,0.005093090707932741,0.000122822538493115,7.494973332780159e-05,8.840046526429517e-05,8.194229941630487e-05,0.05905076684164868,0.00021923674215791497,0.05097036367477264,0.0005866588601138722,0.00013125978393139622,0.47094611122775387,5.485085391413815e-05,0.00015471511018959517,9.276123915764722e-05
SchmidtLudwigFriedrich,0.0008255195317534577,0.006182146781668696,0.03315910408174124,0.00015767598892387454,0.00023022667747206671,0.0006878269632636393,0.015971787461460427,0.000346333458044249,0.00017733519330848509,0.004425480777561094,0.0004411584850946296,0.1558722027459221,0.00025959804504294826,0.07806943774564187,0.000999180000480298,0.05590545072159947,0.00017024631004368418,0.04473683406381399,0.015316638758692349,0.00014878613011739536,0.0003173207827429777,0.00017426200594028603,0.015454202692781551,0.18914598909358482,0.0004955300940869196,0.00024025497285708164,0.0008161134832542635,0.002726407465916201,0.00011700881214052845,0.022474585938381295,0.2346342796773474,0.0033072834606282563,0.00021639621018475983,0.0001805515477826523,0.00023397796663287863,0.0016075352917457246,0.0002831943014689717,0.00031114036995829155,0.00022657062879820791,0.00018050975396733247,0.0007374199509735616,0.00035743119225720973,0.0016823787662583996,0.0688418304856769,0.011516518677101177,0.0013514782981026547,0.001471655426320242,0.0002493570232716808,0.00015216459964857788,0.00017947257192841627,0.00016636106135871766,0.011385320618894194,0.0004450992634331784,0.0010536502730420557,0.01218895638855749,0.0002664865048221725,0.00011454307856528278,0.00011135941191042897,0.00031410602488231553,0.00018832591114895423
SchragJohannLeonhard,0.0012040430797605267,0.017056091569549875,0.0002412085925952857,0.00022997479284946474,0.00033579197962488365,0.0010032146585692385,0.0015022773368224083,0.0005051369318445734,0.00025864828642824223,0.006454686170195938,0.0006434418576718327,0.18535129320226282,0.0003786309319531301,0.020979870905128425,0.001457331678704261,0.0013358764099946757,0.00024830895403221253,0.036089206312130306,0.0005467248254160829,0.00021700868779165477,0.0004628211421168176,0.00025416595761449745,0.0007473656297746628,0.001965805949094114,0.0007227443538872259,0.00035041852593381795,0.0011903240977525647,0.003976540730624677,0.00017066059022196199,0.0006982973144881621,0.10221130946566137,0.004823764442153937,0.0003156198603877226,0.00026333942842757447,0.00034126333866670125,0.002344634704627813,0.00041304672487526943,0.0004538068390540437,0.00033045953146865767,0.00026327847099146673,0.0010755474034165326,0.000521323284276181,0.0024537959831754086,0.021473588400274964,0.0007564070786006223,0.0019711684941247534,0.0021464501610146095,0.0003636941183235599,0.00022193627908747998,0.0002617657122881609,0.00024264221131766253,0.024682829352952643,0.31716051937765766,0.06620649120937758,0.16067243281723448,0.0003886779411495893,0.00016706424957390763,0.00016242078366353847,0.0004581323288224618,0.00027467855251935334
SchwendlerAugusteSophieHenriette,0.027740520951017793,0.028068398415246037,0.004602420065162996,0.00021131326578326242,0.00031999417676527515,0.008576118879254071,0.0073940966720231335,0.0004370783986891383,0.00035992112587571114,0.023328935338328187,0.0005881300761437212,0.03557864385990277,0.0001628241289960097,0.23085970954867882,0.0033416046532629686,0.02079596286985619,0.0029016423653323723,0.09447923881188672,0.0035082236071246977,0.001043586656230827,0.00019902877178412271,0.00042072825020463104,0.007885477157863448,0.0026483206942619518,0.000603208333892673,0.0006132655087282356,0.0010529306853493258,0.00850904826750462,7.338983588450102e-05,0.0006617582646846941,0.201369970412529,0.032981978832311486,0.0006004589683047538,0.013609078885567172,0.00042125291717638285,0.0030049148651364508,0.0027689607957624186,0.0001951523160568239,0.007016415593097084,0.00011321866256794184,0.0046835061833973455,0.0008055201229222023,0.003152159720658024,0.16083000372493775,0.0003252806713499267,0.00461971882708155,0.019826801640140963,0.0006973781788788427,9.544011934953989e-05,0.0014906003026237558,0.0002704845896547929,0.0005876397030685924,0.000797440861438145,0.009421603023182313,0.0037029427346233416,0.0001671446833495321,7.184328755953513e-05,0.0047960659410630204,0.0036787228168172264,0.0009327809836752396
SchwendlerAugusteSophieHenrietteANDSchwendlerFriedrichChristianAugust,0.0005263460265326708,0.03701967502896132,0.0001054440546291064,0.0001005332121862823,0.00014679107183793597,0.00043855411668681393,0.06681267355230948,0.0002208200199814913,0.00011306779642640874,0.06897761329161674,0.0002812798568284853,0.004646799450845487,0.0001655180698314626,0.382539360247925,0.0006370708418329487,0.0005839768129220706,0.0001085479693412075,0.1372846460668027,0.00023900011910018838,9.486509449888128e-05,0.00020232172190794883,0.00011110835161883867,0.00032671001246667957,0.0008593497754629876,0.00031594685045914197,0.00015318504947961208,0.0005203487895655348,0.001738340137568756,7.460407776017096e-05,0.0003052598557290664,0.04586979688038592,0.0517256690702648,0.00013797285346543823,0.00011511852367425784,0.00014918287005496244,0.0010249543236417263,0.0001805628935250983,0.00019838112984873785,0.00014445999835235992,0.0001150918762022344,0.00047017429164446326,0.00022789586504853707,0.0010726740491071812,0.1877148237531843,0.00033066247126457317,0.0008616940057620742,0.0009383181817922608,0.00015898845919282416,9.701918528062513e-05,0.00011443057550131091,0.00010607075937976696,0.00024701142005398904,0.00028379247214545473,0.0006718007427307934,0.0007594044984386281,0.00016991010817127454,7.303194164479393e-05,7.100205594357067e-05,0.0002002720126507613,0.00012007540853194558
SchwendlerFriedrichChristianAugust,0.00034050367456509907,0.002549962314504832,6.821384840458212e-05,6.503692711573479e-05,9.496205316383088e-05,0.08587890550267083,0.00042484439469195735,0.0001428528466654422,7.314579804428527e-05,0.0018253868122005855,0.00018196551318564816,0.12069950135720055,0.0001070769192574828,0.16187709633794298,0.0004121337516906957,0.0110771856915664,7.022183233859116e-05,0.05671395939660096,0.00015461391303969328,6.137010946510761e-05,0.00013088593108191447,7.187819437017697e-05,0.0002113551811057675,0.0005559303985050172,0.00020439227832174024,9.909844400242052e-05,0.00033662394313062875,0.0011245666817044366,4.826285624729004e-05,0.00019747864965882344,0.5004476593999805,0.0013641617525151687,8.925737295804886e-05,7.447245413785045e-05,9.650935482597274e-05,0.0006630632623189963,0.00011680971383107124,0.0001283366839925758,9.345403553377731e-05,7.445521536015579e-05,0.011003564585456668,0.00014743035105329542,0.000693934098330174,0.035841243063037036,0.0002139121050235096,0.0005574469275384443,0.0006070166253865996,0.00010285278474547324,6.2763633476987e-05,7.402740683248388e-05,6.861927612648035e-05,0.00015979658237755463,0.00018359097382383827,0.00043460121278449343,0.0004912738182959734,0.0001099182158915402,4.724581024101767e-05,4.5932636956957976e-05,0.00012955993354668064,7.767916117724332e-05
SchwendlerFriedrichChristianAugustANDSchwendlerAugusteSophieHenriette,0.00013869134931839122,0.022828618531552932,2.778434238489531e-05,2.6490343132783504e-05,3.867921632316635e-05,0.030621540690400982,0.00017304436560175126,5.818572760869158e-05,2.9793186345755437e-05,0.031249484949562083,7.411679943062145e-05,0.20169230849242986,4.3613750810896166e-05,0.26640242346018045,0.000167867163826173,0.14396779386316708,2.860221902476729e-05,0.0013103082465818526,6.297615510393492e-05,2.499680304597088e-05,5.331145518981514e-05,2.9276875723887488e-05,8.608757391658517e-05,0.0002264373128843604,8.325149767299417e-05,4.036401936514513e-05,0.00013711108681952998,0.00045804988942718585,1.965805703402617e-05,8.04354913870975e-05,0.17769052356141812,0.0005556399189715597,3.635562966531207e-05,0.04796830584720302,3.930945138773397e-05,0.00027007385060361344,4.757803816777645e-05,5.227311538623464e-05,3.806498212973163e-05,3.0326528179998213e-05,0.0001238901856114645,6.005020164373122e-05,0.00028264792313438856,0.001524588225506526,8.712904058712567e-05,0.0002270550138774412,0.0002472453636251977,0.061053857950904615,2.556440257558529e-05,3.0152276486448877e-05,2.794947810001781e-05,6.508712029236379e-05,7.477886961081101e-05,0.008893013401208245,0.00020010188974110545,4.477104599866333e-05,1.9243801642776847e-05,1.8708929956332587e-05,5.277136002758428e-05,3.1639681102862674e-05
SchützeStephan,0.00037678614395238635,0.014661151488478585,7.548239512346672e-05,7.196695605047022e-05,0.00010508076272334228,0.000313940081640595,0.02414906819055896,0.00015807457383959286,8.09398701104388e-05,0.0020198914419030877,0.0002013549020670831,0.0980422407293108,0.00011848653194376787,0.0015338002208177398,0.00045604878505497336,0.0004180412892028421,7.770434037730264e-05,0.2285098126866488,0.00017108884410725462,6.790941956449547e-05,0.00014483252003949775,7.953719655328214e-05,0.0002338761947133561,0.0006151677259464407,0.00022617135777125912,0.00010965790790670272,0.08324883332326354,0.0012443952158752295,5.3405519117439364e-05,0.00021852104536876815,0.2104281687709156,0.013348997598159149,9.876821863710464e-05,8.240788843500991e-05,0.00010679293757007243,0.0007337161636354086,0.00012925640731133013,0.00014201163717530966,0.00010341205783031632,8.238881277427785e-05,0.00033657546443597176,0.00016313983555645166,0.012607353638771164,0.19357352072502546,0.0002367055724126605,0.0006168458491779349,0.0006716974607881367,0.00011381229353400884,6.945143093812226e-05,0.011921392607078859,7.593102331574848e-05,0.00017682375430370746,0.00020315356414258724,0.0004809102730866212,0.09525943914954732,0.00012163058377797708,5.228010147425244e-05,5.0827002623926975e-05,0.00014336523044613503,8.595628708797896e-05
SpazierJohannKarlGottlieb,0.003633570381635101,0.037967280789560486,0.00017961669039731154,0.0005023654729409844,0.0012652400561628788,0.0010580783676482986,0.0032412051939483782,0.004314394407829699,0.0012077947773362864,0.021692782834793,0.001681506007942936,0.18543924748381854,0.0020027546405501557,0.010859993697064734,0.0027321378035224057,0.008425232695732402,0.004083376408570465,0.05338177363920264,0.0007181518660722788,0.00016159615985986345,0.003420849175784395,0.0026583576272596414,0.005705761555315084,0.004818234328984416,0.052764695576443095,0.003646260064167426,0.12864431031853918,0.012705460684966183,0.0001270829122093211,0.0030682316995085364,0.10281083529040574,0.009445551133951069,0.0013970408713065018,0.00042664118178290265,0.0038141024126357153,0.005554737078492295,0.0003075764627756251,0.010776785169533893,0.004457842266451693,0.0007495565139626489,0.005754925129120436,0.00038820492230911706,0.1888338931204037,0.024928997995992682,0.0009016579527479982,0.002793011621561834,0.0049893707574867364,0.0017691208993608964,0.00016526550526196445,0.00459714328537768,0.003024141551751145,0.013429037551621158,0.005296396496615647,0.016882658677035613,0.017863235540906273,0.001977578190140875,0.00012440488653123638,0.00012094711593600448,0.003520965094705013,0.000791032006069848
SpazierJohannKarlGottliebANDLeipzigerAugustWilhelmvon,0.0027762395933189805,0.1080264492186456,0.0005561701705432065,0.0005302676757222008,0.0007742571712126585,0.002313176581914201,0.0034638975072733076,0.0011647267226630276,0.0005963819946284747,0.014882985176668681,0.001483625288243463,0.024509786276213832,0.0008730336997182968,0.01130136277467174,0.0033602634116891234,0.0030802161845784365,0.0005725419307230767,0.026228958413706392,0.0012606186045041026,0.0005003708930923093,0.0010671564838239636,0.0005860468007037957,0.0017232490157070345,0.004532685250549783,0.0016664781558385262,0.000807982540062794,0.002744606853867408,0.00916896580062695,0.00039350310263618684,0.0016101090442510828,0.2419426381457111,0.011122464019988006,0.0007277450180773268,0.0006071986625495411,0.0007868728357652747,0.005406175084825141,0.08818814763436687,0.0010463716253004411,0.0007619618024260368,0.0006070581090672992,0.0024799588453681284,0.0012020486368431926,0.26736515294797786,0.11775404472872565,0.0017440964659632071,0.0045450500156360785,0.004949208232050854,0.000838592927545355,0.0005117327573686978,0.0006035700439989874,0.0005594757574658751,0.0013028746295917265,0.0014968782088966355,0.003543448086948861,0.0040055186695306,0.000896199735215297,0.0003852107886268104,0.0003745040505313946,0.0010563451853477831,0.0006333440104912566
SpazierRichardOtto,0.0016581912155572988,0.013755700481224384,9.247283162838317e-05,8.816609752216798e-05,0.00012873353664524565,0.00038460528794119025,0.0005759323817298767,0.00019365579785176465,9.915873719299721e-05,0.10455553633344251,0.0002466781548988001,0.16204516065758887,0.1132374827610807,0.02022747067836452,0.0005587014355564133,0.004335629583219061,9.51949176063038e-05,0.16213909234828935,0.0002095994681772656,8.319524454804295e-05,0.0001774330718841106,9.744033390878283e-05,0.0002865197101951984,0.0007536366784812739,0.00027708058087099944,0.00013434095775565456,0.0004563379715886263,0.01386081753010269,6.542664112996621e-05,0.0002677082490902855,0.16874846945553412,0.013523500510265412,0.00012100009329758059,0.0001009571937885172,0.00013083110729150097,0.0101482865719312,0.0001583509104426175,0.00848205706258836,0.00012668922066457432,0.024505154246455035,0.00041233570029306497,0.0016624792221980446,0.04743865620674324,0.07021563044618993,0.00028998595642616264,0.00903062832418454,0.012649387909832534,0.0001394304597780118,0.027029380912260467,0.00010035387370764831,9.302244215969656e-05,0.00021662525722559973,0.0017782780015903256,0.000589159030244832,0.0006659861911509573,0.00014900857976439712,6.404790167608684e-05,6.226772279986344e-05,0.00017563550805091253,0.00010530430639205427
StainleinJohannGottliebEduardvon,0.0006433988571926766,0.0048182823317025215,0.00012889350508266478,0.00012289055216520756,0.04061354503986842,0.0005360831150416703,0.0008027648993175861,0.0002699276546975828,0.00013821267253649549,0.003449160395712273,0.12164616137038865,0.36958717511980105,0.0002023272364680623,0.002619112525965697,0.0007787474986488824,0.04114795546953851,0.00013268769194438592,0.006078611482000421,0.00029215078246331167,0.00011596191537748203,0.00024731556447448323,0.00013581747149692906,0.00039936626868678214,0.0010504585113028306,0.00038620951289050864,0.0001872515052948127,0.0006360679090778263,0.0021249254322136977,9.119509971227676e-05,0.000373145863029882,0.05607067101259598,0.002577652396013764,0.0001686563054879744,0.0001407194560993388,0.0001823592907851629,0.0012528914578304442,0.00022071784242535766,0.0002424986335967852,0.00017658611097009036,0.00014068688255991285,0.0005747352248828022,0.0002785770799811744,0.001311223458610004,0.08794089017900494,0.00040419770531872185,0.001053324069356654,0.08201520741928946,0.0001943455213775384,0.00011859504924265664,0.00013987851678191359,0.0001296595811999834,0.0003019436974250855,0.1620833422137709,0.00082120089892491,0.0009282866437903339,0.0002076960096821336,8.927334001619186e-05,8.679203290155036e-05,0.0002448100252908036,0.00014677869069389124
SteinAnnaChristianeCharlottevon,0.00048614434722517823,0.003640635498037053,9.739036398569853e-05,9.28546058088593e-05,0.00013557934552529223,0.0004050578783392643,0.0006065593893915854,0.0002039540512452022,0.00010443181351250106,0.01788190416162289,0.00025979603814295696,0.034843403548665865,0.00015287599783408504,0.17001233547286618,0.0005884121337046889,0.000539373363152041,0.0001002572054084358,0.035144445943767595,0.00022074557616041766,8.761941216393108e-05,0.00018686863103032977,0.0001026220287532714,0.00030175629288746073,0.0007937136685207338,0.0002918152083072233,0.00014148495881026698,0.00048060517203704384,0.0016055677991923323,6.89059076250166e-05,0.00028194447343899093,0.04236631671500342,0.001947642783981916,0.0001274346521139497,0.00010632590866851456,0.00013778846105822482,0.0009466695395894713,0.00016677171590731045,0.0001832290166744932,0.0001334263166415282,0.000106301296498499,0.00043426294219278287,0.0002104894517380032,0.000990744489559153,0.6774774880252631,0.00030540686761468743,0.000795878849316345,0.0008666505625241963,0.00014684511103806123,8.960897607087857e-05,0.00010569050515333047,9.796920177786316e-05,0.00022814498353937343,0.00026211674291039434,0.0006204894063543947,0.0007014020920900699,0.00015693257754413118,6.745384938379863e-05,6.557900392203345e-05,0.00018497547611207,0.0001109041925956972
ThieriotPaulEmile,0.0007675376650215537,0.005747932451148365,0.0001537625048935482,0.00014660132887653882,0.00021405628777461112,0.0006395161846756975,0.000957652146091651,0.00032200809730267117,0.00016487973326207174,0.004114649080915322,0.00041017291599964575,0.03089391682125452,0.0002413647038892003,0.003124449927343289,0.0009290007746708538,0.0008515770554394276,0.0001582887506149154,0.10372254540377793,0.000348519004812218,0.00013833586548259202,0.16911948108817065,0.3860464747582128,0.0004764208856286917,0.0012531363149840685,0.00046072563607976914,0.00022338022758208197,0.0007587922674574082,0.05077046982074938,0.00010879048526753483,0.000445141456532988,0.2115957407367413,0.003074990387620689,0.00020119722852823731,0.0001678701812260833,0.0002175440983139869,0.0014946271248670398,0.0002633036343007084,0.00028928685980872816,0.00021065702833325268,0.0001678313228754459,0.0006856259186361585,0.00033232636195566263,0.0015642138317345825,0.008437288212102358,0.0004821845104000488,0.0012565547601880464,0.0013682910290867339,0.0002318429789203705,0.00014147704205754518,0.0001668669892046712,0.00015467638944236613,0.0003602013865875149,0.0004138369065994957,0.0009796452285050787,0.0011073923353770569,0.00024776934015905376,0.00010649793697750296,0.00010353788094432452,0.000292044216561766,0.00017509849803225982
ThieriotPaulEmileANDJeanPaulANDRichterCaroline,0.0063815623880760204,0.0029273510065443665,7.830934467209746e-05,7.466224617196711e-05,0.00010901622362471708,0.0003256976944010182,0.012469050280129625,0.00016399474694002103,8.397121177495097e-05,0.18780615293970035,0.00020889600020767673,0.0034510036729745236,0.00012292406267460078,0.051929017107632106,0.006765350289342827,0.0004336976767868336,8.061450571581575e-05,0.01627750825434176,0.00017749642470712344,7.045274774945316e-05,0.00015025675474327204,8.251600560574889e-05,0.00024263527293283952,0.0006382068481464176,0.00023464187618444456,0.00011376479101174439,0.00038644353022202757,0.07348053597570173,5.540565051120986e-05,0.00022670504601635105,0.21714331964330816,0.033027162969150856,0.00010246726356855543,8.549420998898161e-05,0.00011079252245561895,0.0007611951350461523,0.00013409728897265937,0.00014733022481361113,0.00010728502277436994,8.547441991092872e-05,0.00034918081242090403,0.287460079591642,0.0007966347854112346,0.07230521809989758,0.00024557061584425555,0.0006399478200687099,0.0006968537218008598,0.00011807476574767299,7.205251018343683e-05,8.498329668257153e-05,7.877477478572259e-05,0.00018344611746002248,0.00021076202536743604,0.0004989212156012348,0.0005639812393685816,0.0180981806694836,5.423808398160745e-05,5.273056400258934e-05,0.00014873451255272582,8.917550246380095e-05
ThümmelMoritzAugustvon,0.0007573328136293441,0.044410420738969024,0.0001517181446182925,0.00014465218052426415,0.00021121028723827703,0.03605232127433645,0.04577029467705408,0.0003177268158362176,0.00016268756308957693,0.0577406444911098,0.000404719432941237,0.050962680696610134,0.00023815562237208048,0.08886731591444094,0.0009166491790674024,0.027406235719173836,0.00015618421131906418,0.037038603756731465,0.00034388524569712686,0.00013649661118433825,0.0002911105455098743,0.0001598682165485874,0.0004700865979975445,0.0012364751523449237,0.00045460002575073964,0.00022041025994359607,0.018459357602314423,0.020211864067758822,0.00010734405366471524,0.00043922304676699526,0.08647925885319764,0.017975898322746292,0.0001985221965249578,0.00016563825134086085,0.00021465172534557484,0.0014747552040596025,0.0002598028621803044,0.00028544062587311525,0.0002078562228916006,0.0001655999096341768,0.0006765101306700622,0.00032790789327064257,0.0015434167159369598,0.05315048471194486,0.00047577359208749977,0.001239848147368554,0.03123368219405888,0.00022876049417202518,0.00013959602402364052,0.0001646483973300284,0.00015261987855035857,0.0003554123035380333,0.0004083347086945356,0.3042426979159698,0.0010926689221422451,0.0002444751053467492,0.00010508198611286131,0.00010216128571434132,0.062275450011181704,0.00017277046354893826
TiedgeChristophAugust,0.0005351976544883056,0.03764223960412018,0.15146136000417218,0.00010222389197980141,0.00014925967593033834,0.0004459293369480858,0.0006677629069702412,0.00022453357829389683,0.00011496927191454544,0.002869110712744636,0.11800589892971795,0.021542072232022542,0.00016830160822679224,0.11989854180094675,0.0006477845430656459,0.000593797625129499,0.00011037343432339329,0.005056363671373549,0.00024301941444770621,9.646045283759976e-05,0.00020572419199301823,0.00011297687487486587,0.00033220433622701363,0.0008738015697441488,0.00032126016875745226,0.0001557611819058248,0.0005290995612256554,0.0017675740243703133,7.585870400795797e-05,0.0003103934494801283,0.3998008613398481,0.08622980014402447,0.0001402931604598667,0.00011705448650289187,0.00015169169732165481,0.001042191110635563,0.0001835994426306473,0.0002017173304968309,0.00014688940048599098,0.0001170273908969481,0.0004780812724026481,0.0002317284187458185,0.0010907133447828972,0.039517505093933994,0.00033622326402633456,0.0008761852232618098,0.0009540979977888717,0.0001616621882970129,9.865076923751396e-05,0.00011635496901817525,0.00010785456480751264,0.0002511654424668005,0.0002885650461811884,0.0006830985011163657,0.0007721755003065353,0.00017276750803299924,7.426012907992264e-05,7.219610653313779e-05,0.0002036400125150116,0.0001220947319225814
TruchsessvonWetzhausenChristianFreiherr,0.015802712908007537,0.054968452634044485,0.0021387089833006852,6.423088071935365e-05,9.378512454588665e-05,0.00028019314757094616,0.0004195790122615299,0.0001410823752213876,7.223925295461491e-05,0.04348817843672453,0.00017971029214932936,0.07476224400681333,0.004155539937023208,0.007381988668581824,0.0012510650732152097,0.000373104014066149,0.0023075939218151513,0.09624388480066155,0.006214926695063932,6.060950840700661e-05,0.0705548426442026,7.098735954571849e-05,0.00020873571414073658,0.0005490403790310608,0.00020185910729574456,9.787025030973599e-05,0.00033245193611355044,0.00396142587444387,4.7664702197238415e-05,0.00304582786814976,0.18606464684287735,0.11165003719813475,8.815114628016087e-05,0.0021448900219221386,0.022477737208376616,0.0006548454731818516,0.00011536201245477006,0.00012674612111940008,9.229579679295816e-05,7.353244178067782e-05,0.02177580649219729,0.0001456031475174911,0.000685333706151594,0.089197623815449,0.00021126094837999726,0.0005505381126998142,0.0018119392631860862,0.00010157806098193618,0.08618694213229937,7.310993537193067e-05,0.03516594964654515,0.00015781611581660776,0.006896042795035921,0.04111990017984901,0.002556525686338813,0.00010855592548599327,4.666026112641835e-05,4.536336288240716e-05,0.00012795421011874491,7.671643106809462e-05
UngernSternbergRosalievon,0.0002165971420657927,0.0061125025963647195,0.0022886168502759944,4.13705154870986e-05,6.0406130260580355e-05,0.00018046981173449778,0.0002702469564549641,9.08698514435037e-05,4.652863388552027e-05,0.054573543806982476,0.00011574973503850252,0.013364880522918164,0.024765592658605434,0.165020840727375,0.00026216161361275204,0.00024031284048034769,4.466867564524393e-05,0.0336357382339967,9.83511609111989e-05,3.9038023114977646e-05,0.00981294870528133,4.5722300933505505e-05,0.00013444474056492164,0.0003536318239663017,0.0001300155817741142,6.303732193641161e-05,0.0002141292135132965,0.022824950667386476,3.0700393305437434e-05,0.00012561776665037278,0.19081086764138933,0.03642536326488787,5.677733703081611e-05,4.7372530559285694e-05,6.139038136554017e-05,0.0026670053747990716,0.10740569952192319,8.16360029315286e-05,5.944686804623974e-05,4.736156483333241e-05,0.00019348185928915352,9.378163901663038e-05,0.0004414170938750989,0.2977883141216033,0.00013607122055451346,0.00035459650035318536,0.0183479319418194,6.542548845568634e-05,3.9924455012544216e-05,4.708943236790904e-05,4.3649276674039515e-05,0.00010164789880481058,0.00011678370370043279,0.0002764533473762905,0.00031250325022355585,6.991986636704175e-05,3.005344211294477e-05,0.008542523507943402,8.24141218689843e-05,4.941234284930537e-05
UtheSpazierWilhelmine,0.005034416706972094,0.04841170058114446,0.003169577248540457,0.00012696506473566248,0.00018538488458905397,0.0034258056756038763,0.002511595477847736,0.006705470074445552,0.0010830225283517039,0.01669093474701506,0.001051953007310616,0.18569794952746438,0.0002090355216357151,0.013972309657106483,0.0049471847338906465,0.0053174181360225925,0.0001370870347681145,0.0855598013755279,0.007952365452182374,0.010576577360788455,0.0022582600081449094,0.0001403205841052742,0.002895559473557304,0.01423026295295417,0.0010205436579432158,0.00041301251933877206,0.010462695104751594,0.01129256932570486,9.421872987419545e-05,0.007579848052780736,0.16348231418502954,0.01892626516609864,0.001930668802871269,0.0001453850970512449,0.008811358893062922,0.004975494597287275,0.00032492836581487393,0.00711969757490251,0.0003880027061568587,0.0001453514435158915,0.010586994406979038,0.0004987520003139769,0.023101125950468152,0.05662744070956784,0.006996607255355784,0.0027083476914771757,0.015671943631843075,0.0018479614342622394,0.00039377112505000654,0.00014451627586853813,0.00541382495420779,0.009658536183377999,0.0009644009370637647,0.014655166984927009,0.18588472001224013,0.00048582628316337975,0.00044700449973271607,0.0006208275487292745,0.0033386648375225824,0.0005502552409606121
VoßErnestine,0.011255171928948312,0.016599299873762716,6.0175757827951175e-05,5.7373194263698465e-05,0.049566609572128995,0.06111753538413643,0.05149714511871061,0.00012601954745300158,0.005684053585235899,0.07053281306659483,0.00016052330883831038,0.015152126423763896,9.445933506030635e-05,0.031277497979072824,0.00036356929589092575,0.00033326911977298924,6.194712768555956e-05,0.05792630424686078,0.006576197778774453,5.413846207801847e-05,0.00011546277297180215,6.340830958365382e-05,0.00018644979709206807,0.00907682549521707,0.0001803073793644231,8.742101650749065e-05,0.00029695730932486177,0.0009920515244685002,4.257572351579945e-05,0.0001742084294611053,0.24682852409691614,0.02606194124100411,0.044259844519967693,6.569687050161296e-05,8.513701689566951e-05,0.012955639498571758,0.00010304524984077361,0.00011321392058948518,8.244172615758136e-05,6.568166308352903e-05,0.0002683232773098977,0.0001300576541123135,0.0006121632370307551,0.17795455263913787,0.00018870542169113712,0.026606719857963798,0.07215279570867537,9.073295835861737e-05,5.536777790504717e-05,6.530426607456346e-05,6.053341131005624e-05,0.00014096669030976488,0.00016195723065932325,0.0003833892668998986,0.00043338376309825046,9.69658228507962e-05,4.167852279183004e-05,4.052008943297555e-05,0.00011429302652841964,6.85257099636998e-05
VoßGeorgANDSpazierJohannKarlGottlieb,0.0002172870843152512,0.06990375995654677,4.3529598465230256e-05,4.150229592632414e-05,6.059854619458383e-05,0.00018104467503453903,0.0002711077932659559,9.115930563073325e-05,4.66768448453743e-05,0.0011648419908453773,0.00011611844088478016,0.015573608143184772,6.832945815528879e-05,0.0008845202597091537,0.0002629966956073367,0.00024107832602717182,4.481096194810591e-05,0.008880507910077027,9.866444584445676e-05,3.916237370070319e-05,8.352280596971606e-05,4.5867943423778525e-05,0.0001348729969391681,0.00035475827251396213,0.00013042972963450773,6.323811919200717e-05,0.00021481129449477712,0.0007176246062475827,3.0798185447172984e-05,0.00012601790583812063,0.025763703664751145,0.000870518446289878,5.695819391219363e-05,4.752342964310965e-05,6.158593250444481e-05,0.0004231234308113416,7.454028850193755e-05,8.189604388572673e-05,5.9636228374228866e-05,4.75124289872512e-05,0.000194098170787792,9.408036832747875e-05,0.41010207194802384,0.002388565198404534,0.000136504657870909,0.0003557260217530083,0.00038735814768988834,6.563389290759423e-05,4.005162921270699e-05,4.72394296789713e-05,4.378831581300736e-05,0.00010197168507126472,0.2663956674081382,0.0002773339538447785,0.18466016063863386,7.014258707989614e-05,3.014917347512995e-05,2.9311192521008227e-05,8.267664142066039e-05,0.006877223885774497
VoßHeinrich,0.00927500308361489,0.031235929336824696,0.00014705802638487702,0.00014020909782205745,0.08440271485591633,0.0006116314768981157,0.003147931764200327,0.0014963066154825475,0.020880598508254435,0.06263608439557333,0.010244244625046252,0.009234212703335163,0.00023084052264555293,0.0331692690107953,0.0008884937230158897,0.0038042365719699813,0.0001513869150380508,0.05686346882132176,0.008228101524428374,0.00013230403192376336,0.0002821689020137507,0.012893521097323347,0.000455647592484235,0.018059506461449368,0.002266300739860827,0.04778868462093521,0.0007257067863563033,0.01964006645686332,0.00010404691354353718,0.0004257320346410243,0.1398293083068963,0.17177046250763686,0.010344340136934691,0.00016055056827456304,0.00020805856259873483,0.0014294571704357858,0.00025182285386827303,0.00027667313752466853,0.00020147178827659124,0.04813077097554002,0.012019115167974161,0.0003178359960947583,0.009900826756274926,0.08694950549083172,0.00046115990697394467,0.03233740858507555,0.010961746702149066,0.002453769922012893,0.0001353082443483647,0.005009633415185058,0.000147932062992084,0.0003444955911021886,0.00039579245129934214,0.020241041483198323,0.005275487461570754,0.00023696589872608512,0.00010185432681924103,9.902333757040409e-05,0.0002793102657531757,0.0001674637100989427
VoßHeinrichANDTruchsessvonWetzhausenChristianFreiherr,5.6580697062251294e-05,0.011091086014715394,1.1334935216072392e-05,1.0807033655936594e-05,1.577962167173288e-05,0.0018250374432479024,7.059539673210035e-05,2.373752251567061e-05,1.2154465721423727e-05,0.028749626264450257,3.023678258533996e-05,0.005833200069882932,1.7792720559050783e-05,0.04289978460410949,6.848329899324523e-05,0.03917644661800861,1.1668597197315746e-05,0.11787556732520656,2.569183133333745e-05,1.0197727166255857e-05,2.174900821765041e-05,1.1943830991647836e-05,3.512039477975261e-05,9.237765056627992e-05,3.396338555334665e-05,1.646695603682669e-05,5.5936011188429124e-05,0.00018686660819472329,8.019725637835439e-06,3.281456409208925e-05,0.17738660261284772,0.0731203387321787,1.4831688340403545e-05,1.2374913053252595e-05,1.603673316023997e-05,0.00011017966730108398,1.9409996208251003e-05,2.1325405807242007e-05,1.5529037918710025e-05,0.3484796207777953,5.0542395726326834e-05,2.44981556847577e-05,0.00011530940172359148,0.005955655305847536,3.554527283073332e-05,0.05520734755990122,0.00010086652908112142,1.709080603351893e-05,1.0429285783254117e-05,1.2300960586233024e-05,1.1402304189821827e-05,2.655302334295052e-05,3.0506881567600622e-05,0.05696482870174481,0.03386162221548893,1.826485215739822e-05,7.850725488122612e-06,7.632518563129742e-06,2.152867031691504e-05,1.2907764041703791e-05
WagnerJohannErnst,0.004270116414150242,0.03604251381765754,0.0032075547115536537,0.0001680666179414252,0.002016023871957244,0.006917287774985889,0.0043725230350449545,0.0025673938760093187,0.002400035510120176,0.02756140553483634,0.004176839716372796,0.06326758450548654,0.00027670519622133717,0.01803679477862274,0.009292980416878418,0.002186672752133063,0.007584598372836222,0.0639602275856116,0.0007469489508389953,0.0004072278191754747,0.0023680977580539794,0.0006251265828391073,0.006614100924007637,0.16916396025284997,0.0054767764516413095,0.0007477521299308443,0.007234124847666774,0.020751935578823006,0.0014946952471611185,0.0074463519414764996,0.10068501719119034,0.2071579114032298,0.0031304536385702315,0.0004915884831064218,0.0014716790810395685,0.008906407871206078,0.0010809974555796079,0.0003316440888738009,0.0008691345933958945,0.0028915343831928974,0.030357944675747345,0.002185914427475209,0.03498148676492692,0.05089549125015259,0.00142091508852396,0.0026916913177889583,0.013382254018254566,0.0014803989518117578,0.0001621920357556433,0.0009704406078953826,0.00017732402460595627,0.001612901805321844,0.009416259650885404,0.010308332860633315,0.012159887704227103,0.015060421267869498,0.00012209130860349514,0.0007210231795116127,0.003293501570202295,0.00020073632753826105
WagnerJulianeLouiseAntoinetteKaroline,0.0005094930276854565,0.11588149308216912,0.00010206785638397794,9.731425350952862e-05,0.00014209098930712859,0.16051880368007646,0.06467340802431848,0.0002137496150490074,0.0001094474946728568,0.0027313122386506718,0.0002722735969463642,0.03651687255072236,0.00016021837020527074,0.0020740160722784004,0.0006166725608128902,0.0005652785420909816,0.00010507238729069634,0.0048135151834137035,0.0002313476081499047,9.182762247926247e-05,0.0001958436113605152,0.00010755078905095264,0.00031624913086803684,0.0008318343767610414,0.00030583059301981966,0.0001482802390846387,0.0005036878153990416,0.0016826804710039626,7.221534036478834e-05,0.000295485783659799,0.18848596076218505,0.09809775967080787,0.00013355512021927387,0.00011143255997551818,0.00014440620487593054,0.0009921364563756398,0.00017478147582071428,0.00019202919256011784,0.00013983455413320463,0.00011140676572512588,0.16054941141313228,0.0002205988996354059,0.001038328250712676,0.14968555109505913,0.0003200750364476923,0.0008341035474823281,0.0009082743048768461,0.00015389783024451057,9.391274173347208e-05,0.00011076663911764763,0.00010267449476402296,0.00023910239639356206,0.0002747057611895042,0.0006502904499346587,0.0007350892334007888,0.00016446978049177452,7.069354225293847e-05,6.872865117437447e-05,0.00019385953145361666,0.0001162307310392733
WagnerKarlLudwigFriedrichErnstANDWagnerLudwigAnton,0.0012379280384222971,0.04421413874384577,0.00024799684072888305,0.00023644689212892186,0.0003452420545763601,0.3292386268724048,0.01319240508994427,0.0005193528219084833,0.00026592733369896115,0.14666593741174777,0.0006615500143607109,0.10704847135294927,0.00038928660839275666,0.005039289074623006,0.0014983448488469816,0.0013734715074548989,0.0002552970251271459,0.02334336873886117,0.0005621111088639081,0.00022311588656109404,0.0004758461538726603,0.00026131886029029676,0.0007683984764359131,0.0020211289308393896,0.0007430842926868974,0.00036028023060633496,0.0012238229679545159,0.004088451110360313,0.0001754634308695032,0.0007179492489021394,0.14856323418605633,0.04349379914284766,0.00032450223852007235,0.00027075049684886185,0.00035086739214109936,0.04040829185158854,0.00042467095280618544,0.0004665781644661159,0.00033975953721714856,0.0002706878239091833,0.0011058161536931365,0.0005359947011333173,0.002522852295903734,0.052506647465917836,0.0007776943755592584,0.00202664239207871,0.0022068569489428268,0.00037392943329864713,0.00022818215331643388,0.0002691324921725796,0.00024947080527605727,0.0005809531131254025,0.0006674595050642617,0.0015800270805459433,0.00178606481997038,0.0003996163670165571,0.00017176587967820386,0.0001669917343485805,0.00047102538496365684,0.009065683143327905
WangenheimKarlAugustFreiherrvon,0.00021204647831516856,0.005889339803194479,4.247973636405214e-05,4.050132901780258e-05,5.913700923400279e-05,0.00017667817615468623,0.00026456912055774557,8.896069357076067e-05,4.555107635373814e-05,0.00236570996232008,0.00011331785565929971,0.018376756199658006,6.668146435243821e-05,0.0037329306713192105,0.0002566536491932108,0.00023526391452706225,0.08996236240075788,0.39421352371987445,9.628482218428048e-05,3.8217841855931324e-05,8.150837368310312e-05,4.4761684299930394e-05,0.00013162008276235005,0.000346202088250298,0.00012728397973471125,6.171292008541527e-05,0.00020963040046068182,0.0007003166846600681,0.19271415487272578,0.00012297856184980078,0.016214036806698664,0.0888922297597083,5.558445624292177e-05,4.637724292282189e-05,6.010058141502975e-05,0.00041291839171629657,0.0560838644727858,7.992084641679716e-05,5.819790093187225e-05,4.6366507584634205e-05,0.0001894168431256297,9.181130505434079e-05,0.08699478605603066,0.02935452525076848,0.00013321239072428183,0.0028050705741205066,0.0003780157082192601,6.405091169145673e-05,3.90856499920522e-05,4.610009256928409e-05,4.273221387622485e-05,9.951229625712017e-05,0.00011433010084111273,0.006319146489458212,0.0003059376178279419,6.845086359862882e-05,2.9422025150096216e-05,2.8604254914112506e-05,8.068261722699423e-05,4.837419915408781e-05
WestphalenEngelChristine,0.07604998953096953,0.002577540449551696,6.895158900281256e-05,6.574030894566551e-05,9.598907866596585e-05,0.0002867776975728477,0.0004294391355726645,0.0001443978165949031,7.393687824382447e-05,0.0018451285800429114,0.00018393349109181584,0.14363510982073294,0.00010823496842663624,0.0014010944176487698,0.0004165910255087615,0.07608767524317972,7.098128951348983e-05,0.14384824539852506,0.00015628608025160782,6.203383424136895e-05,0.00013230147744610162,7.265556529051953e-05,0.00021364101164304,0.0005619428495594578,0.0002066028042663904,0.00010017020504613759,0.0003402645697041501,0.022766958505154387,4.878482457590575e-05,0.00019961440391612543,0.02999500913791508,0.0013789153184100966,9.022270168912989e-05,7.527788227527915e-05,9.755311457314107e-05,0.0006702343675893885,0.00011807302429040418,0.00012972465995695834,9.44647516521939e-05,7.526045705822553e-05,0.00030745464626896724,0.0001490248272179927,0.0007014390752345443,0.11193467348973953,0.0002162255889863668,0.0005634757800284074,0.09794961435567734,0.00010396514941514776,6.344242937534769e-05,0.17311666406765272,6.936140147204711e-05,0.00016152480075308433,0.00018557653127333423,0.03288464573338259,0.07620239027110612,0.00011110699400983794,4.77567791003666e-05,4.642940369654939e-05,0.0001309611390953622,7.851927021928189e-05
WilkenFriedrich,0.001080146458468823,0.042029652925231364,0.00021638811054490364,0.0002063102742825916,0.00030123882082872986,0.0008999833799577127,0.00134769226473976,0.0004531580947105669,0.0002320332513601269,0.005790495809046553,0.000577231376084203,0.4168238642643309,0.0003396696240281247,0.03833765774886001,0.0013073715368057375,0.00119841407459838,0.00022275784132020986,0.010204852854944442,0.0004904665737106527,0.00019467838777142648,0.00041519662042441616,0.00022801215637171333,0.000670461341252824,0.001763523556294404,0.0006483736066859778,0.00031436028837486437,0.001067839166413588,0.0035673527462120017,0.00015309953209075754,0.000626442179587706,0.026250865076612152,0.004327396723808843,0.0002831424225186594,0.00023624167255528955,0.0003061471743514344,0.002103370647759986,0.00037054401504047857,0.00040710989355185583,0.00029645508419360727,0.0002361869876691456,0.0009648730500131007,0.00046767886356711513,0.4094891857444932,0.01187369349636697,0.0006785724205762727,0.0017683342928208558,0.0019255793905321816,0.00032626981582026726,0.00019909892751492645,0.00023482989257565562,0.000217674209200176,0.00050690704806928,0.0005823876656718675,0.0013786428632084485,0.0015584198192533751,0.0003486827910685579,0.00014987325665282556,0.00014570760565377368,0.00041099028830934983,0.0002464139952368911
