receiver_norm,0,1,2,3,4,5,6,7,8,9,10,11,12,13,14,15,16,17,18,19,20,21,22,23,24,25,26,27,28,29,30,31,32,33,34,35,36,37,38,39
AbekenBernhardRudolf,0.034191290025415676,0.00017509187633418233,0.00011630876372975482,0.00091651619019146,0.08143980829783447,0.00039238788548480945,0.00015878288757628395,0.0001906559512325844,0.0001914680041794672,0.00021181001153650533,0.011464076026108579,0.0011521082672409757,0.09892365342558423,0.0004052099794425463,0.00016253030053599727,0.00015177807277149487,0.00012891748833015456,0.0013643991086520124,0.0005759674622230792,0.13284676092204317,0.001462794820748306,0.2006299731221366,0.00012482698078169233,0.000162662176802038,0.00023464617243990212,0.0001233185257866192,0.0003076289428980714,0.0005176490215923965,0.00025163043123452945,0.0007648892738798122,0.0020715587301446217,0.1693293419757668,0.0010084960202342065,0.04731259345703072,0.000341288633025929,0.032842779225493196,0.17633256198601555,0.0001747696873296395,0.0001043825951063503,0.0007426872751055864
AbekenBernhardRudolfANDTruchsessvonWetzhausenChristianFreiherrANDVoßHeinrichANDVoßAbrahamSophus,0.20328406166824026,0.0003446929923295897,0.000228970164941557,0.0018042910655240649,0.07393916696267364,0.0007724707578294107,0.00031258645343968587,0.00037533306348476236,0.0003769317039588462,0.0004169778073686085,0.001008053523991724,0.0022680872147660108,0.0012765178042723347,0.0007977128537321812,0.00031996376307633014,0.0002987964899854764,0.00025379221324536524,0.002686011603390836,0.0011338729825433633,0.04635415315085842,0.17449937317045816,0.4083327877086712,0.0002457394736406154,0.0003202233800597707,0.00046193400293811785,0.00024276986775750826,0.0006056108545683768,0.0010190649273105852,0.0004953699058994097,0.0015057921482960776,0.004078154808948344,0.060103606390058864,0.0019853663016526067,0.0002889858303238994,0.0006718746901841066,0.00040639671071137664,0.004472870656717285,0.00034405871794521104,0.00020549182410761378,0.0014620843900984358
AbekenMinonaLaura,0.00043688686639264046,4.919485421684777e-05,3.267880152764142e-05,0.00025750983602342795,0.2881478305006015,0.00011024763242607295,0.09801938008944004,5.356782920390895e-05,5.379598842622498e-05,5.9511399714053916e-05,0.00014387018958637374,0.012570549124414913,0.0001821856222314541,0.00011385020415134065,4.5665479222052805e-05,4.26444694044901e-05,3.622142373013108e-05,0.0003833496827438419,0.0001618272413942972,0.28421087569374426,0.033069251362031864,0.19707516302732692,3.5072130417770644e-05,4.5702531961553716e-05,6.592758320603336e-05,3.46483059369954e-05,0.00416871523556163,0.0001454417457045681,7.069958150130656e-05,0.00021490783643628056,0.004664319432336169,0.0004134698859887401,0.00028335303574565266,0.02453493616077172,9.589048275165508e-05,5.800125730010785e-05,0.008802935567117013,4.910433007923157e-05,2.932795430915519e-05,0.041031489624919995
AhlefeldtJohannGeorgJacobvon,0.003348460786821375,0.0003770473615255462,0.00025046229102543933,0.0019736495978121627,0.23731992902943136,0.0008449781909599206,0.00034192716458060723,0.0004105634417566358,0.0004123121375125533,0.00045611714070679406,0.0011026737704437537,0.002480979651653736,0.0013963372646144461,0.1573131029447607,0.00034999694028116444,0.00032684281574948336,0.0002776142437163184,0.002938132223811323,0.001240303185404726,0.3635861803111543,0.0031500200875322283,0.07120343027638709,0.0002688056392810997,0.0003502809260330996,0.0005052931184635511,0.000265557293396755,0.0006624560983470736,0.0011147187515152003,0.0005418674593185134,0.001647132286281127,0.09832525598360954,0.034457087146696125,0.002171721335675052,0.00031611128530779193,0.0007349397430380095,0.00044454285673399617,0.004892713565663968,0.0003763535514149986,0.00022478017197623268,0.001599321929606224
ArnimLudwigAchimvon,0.0006371731389580192,7.174772714215671e-05,4.766006064380092e-05,0.03609813455440432,0.00943665003274218,0.00016078952108502693,6.506476217619298e-05,7.812544735631057e-05,7.845820381810512e-05,8.679378639299802e-05,0.000209825992385976,0.00047210156934100403,0.035988278732603886,0.00016604365461727008,6.660034662563559e-05,6.219438605242516e-05,5.282676141359256e-05,0.0005590923862951107,0.11335749324739905,0.22398403290562952,0.006553174180968792,0.18620828252116287,5.115058644988462e-05,6.665438581095082e-05,9.615140295279865e-05,5.053246401234695e-05,0.00012605768992934136,0.0002121180121785294,0.00010311107459046444,0.0003134301148932138,0.0008488665130625062,0.2566147868364246,0.1075809692884305,6.01523006368611e-05,0.006093612483249772,8.459133478324219e-05,0.01283855047797249,7.16157031484106e-05,4.2773052119143696e-05,0.00030433236014059843
BarthKarl,0.0009732562215725498,0.00010959175388181964,7.279881668891321e-05,0.009667787497406613,0.0235082324512476,0.00024559949594796644,9.938379495512653e-05,0.0001193334637850728,0.00011984173583376533,0.00013257400137577018,0.00032050072429487715,0.0007211160695296819,0.0004058563073362643,0.0002536249725987729,0.00010172933814863602,9.499941141805718e-05,8.069074332823549e-05,0.0008539910271255345,0.000360503786271694,0.03292610976919469,0.0009155778859156144,0.30261388859184,7.813045380545259e-05,0.00010181188082047994,0.00014686738252929726,7.718629676046023e-05,0.00019254802737200463,0.00032400169190741334,0.0001574979997152903,0.0004787518347789576,0.010390740157528779,0.13733305295801412,0.0006312277300024853,9.188020846651652e-05,0.0002136159635519217,0.0001292098455430043,0.4743169101262536,0.00010939009256646604,6.533410865166165e-05,0.00046485538203488243
BentzelSternauChristianErnstGrafvon,0.0016732103330404425,0.00018840881871251064,0.00012515484578171446,0.0009862235549711355,0.1498567081402544,0.0004222316850394045,0.00017085941910240795,0.0002051566486367508,0.0002060304637997238,0.00022791962083329044,0.0005510009715331261,0.2982956114202575,0.06323582270861289,0.0004360289874989842,0.00017489184861170157,0.00016332183991654505,0.00013872255067567883,0.001468171052224555,0.0006197737521938226,0.009702610371905885,0.001574050435497917,0.11375262335122735,0.00013432093187259146,0.0001750337549754984,0.0002524926289580418,0.00013269774849222567,0.00033102624146068836,0.00055701979273878,0.00027076865753914955,0.0008230643680036412,0.0022291150304152656,0.0015835268552469074,0.0010851990841993194,0.00015795934390194438,0.0003672459827073629,0.00022213600478586656,0.3464043032650105,0.00018806212501649807,0.00011232160994492893,0.0007991737544030157
BergnerCaroline,0.002491100795122496,0.0002805058926751686,0.00018633242317702474,0.07129903187265585,0.13000129216460513,0.0006286249048057657,0.00025437808168848343,0.0003054403146166344,0.00030674126381847013,0.0003393301711507565,0.0008203385618622412,0.001845734734968855,0.001038810692910102,0.0006491665369298924,0.0002603816235974216,0.0002431560200430226,0.00020653222698048665,0.0021858352194888213,0.0009227285155958732,0.03772230186899228,0.0023434700431873303,0.4952333500274804,0.0001999790304793196,0.0002605928959334255,0.0003759148364909986,0.00019756241056632207,0.0004928368639767423,0.0008292994737063963,0.0004031244636556538,0.001225390652378494,0.003318740098022546,0.2351266698812551,0.001615660773862665,0.0002351722550482543,0.0005467613613558418,0.0003307194362957784,0.003639953826457136,0.00027998972986840933,0.00016722610799014723,0.0011898219463041429
BertuchFriedrichJohannJustin,0.07557211284493973,0.0003145315041646207,0.00020893470998977121,0.001646411140982612,0.03680091434070753,0.0007048776586410802,0.00028523436672555936,0.00034249049341767893,0.0003439492489018962,0.00038049121935588393,0.0009198463509127326,0.002069623981664158,0.10882704155604146,0.0007279110088084505,0.00029196614354823157,0.00027265105913258013,0.00023158476776053796,0.013217201175322053,0.0010346562960873217,0.19427643040325268,0.008692638298234674,0.051491927408031456,0.00022423666276017253,0.000292203043404409,0.00042151363677850475,0.0002215269047262851,0.23342607850649363,0.028737773738502174,0.0004520238156493928,0.0013740316162562834,0.0037213061907803457,0.06253956943123341,0.007876545124424834,0.0002636988564221391,0.0006130839953708124,0.00037083599478976307,0.15897653459861114,0.0003139527303554308,0.00018751078196651533,0.0013341483948520535
BodeAugustTheodorHeinrich,0.004957840791774676,0.0007848128624393479,0.00011215739586406465,0.0037845731418304947,0.029318384628528583,0.00037838252246270187,0.007808840485997942,0.00643978284568673,0.009794757609559916,0.015071232964566238,0.00049377899592885,0.0016003538815741525,0.004159029172477761,0.00039074696192287493,0.0011774214410241867,0.001771176390142785,0.0006136834918741599,0.023994423055649965,0.2600021853086657,0.12213967715133059,0.010625736660659175,0.3256212719499421,0.0010991063955650786,0.00015685633283908274,0.00022627102899553072,0.00011891696094508796,0.0057911441740819275,0.000499172756820657,0.0002426490746044826,0.002872750167143346,0.00948513879352475,0.0014190760833589185,0.01478316724081854,0.00014155511561524144,0.0058838518680756876,0.00019906696915182685,0.1195763745126207,0.00016853169424458907,0.0017625395291587258,0.004533581592532874
BoieHeinrich,0.0004955535577987094,5.580091073426331e-05,3.706702491501905e-05,0.00029208915448349944,0.07679621380419649,0.0001250520688313031,5.060331707715584e-05,0.01858262124174066,6.101990128482164e-05,6.750279792429416e-05,0.00016318958017526555,0.0003671711784835656,0.0002066501426834596,0.0001291384064463986,5.179759896177211e-05,4.8370917414672055e-05,0.08801992101682242,0.014326222317769437,0.00018355796749820868,0.026025940637422047,0.03287944067985542,0.3763444490582905,3.978173835165521e-05,5.183962727229898e-05,0.06027082601640753,0.0926486016897116,9.803981510351684e-05,0.00016497217032745295,8.019336776392158e-05,0.00024376640988129259,0.0006601954710963188,0.0004689920636346199,0.20869232921821004,4.678271064458362e-05,0.00010876699104960532,6.578986832264956e-05,0.0007240943732407907,5.569823069988102e-05,3.3266214250986855e-05,0.000236690743221817
BoieSaraHenriette,0.0005754983005392192,6.480294367930543e-05,4.304683017391083e-05,0.0003392101809497474,0.05154300039637253,0.0001452259840712535,5.876685278764488e-05,7.056333582415068e-05,7.086388329947172e-05,7.839262754895467e-05,0.00018951599595763919,0.000426404746568494,0.005617458537283359,0.027037325255106992,6.0153801149017784e-05,5.6174313209096226e-05,4.771342286372864e-05,0.0058824460749274925,0.00021317029548713576,0.01409214044137011,0.000541392395626673,0.21120411581469245,4.619949237287682e-05,6.0202609639850135e-05,8.684447854202943e-05,4.564120077114701e-05,0.00011385600222079592,0.0001915861609014625,9.313049242883196e-05,0.005660562553708137,0.0007667009259853809,0.0005446517966434182,0.20471714085794096,5.4329890375869314e-05,0.005503784472128957,7.640336108284606e-05,0.0008409082624311478,0.0161970959240335,0.4463687044196872,0.0002748746696171436
BornträgerJohannFriedrichWilhelm,0.0024601237755361486,0.0002770177814961678,0.0001840153659412727,0.0023843578694228854,0.16706743093592413,0.0006208079083892575,0.0002512148717396005,0.0003016421420870984,0.17617011118039427,0.0003351105757901206,0.0008101375921752669,0.013148759537375482,0.0010258930063822066,0.0006410941038237527,0.00025714375916821233,0.0014144858422533819,0.00020396398371513464,0.012616114304164525,0.0034565407481134056,0.298306825911576,0.03535394259382966,0.1584301095336056,0.0001974922766891295,0.00025735240431735035,0.0018082632976586703,0.00019510570762053142,0.0004867084017249645,0.0008189870744288362,0.003921172036646631,0.004386813054451006,0.05655056645348646,0.0035026155025579928,0.003863790483539792,0.00023224787095064612,0.02556810501760469,0.00032660691604939634,0.010575744368829956,0.0014508615222178598,0.0001651466391735092,0.009975577649149019
BreitenbauchGeorgAugustvon,0.0034566116056114924,0.000389225488571899,0.0002585518890751043,0.002037395848282903,0.11579037965488985,0.0008722698598878574,0.0003529709560926709,0.00042382409350624745,0.0004256292698034817,0.0004708491161940967,0.0011382886629941556,0.002561111986421999,0.0014414370964743735,0.0009007730999564582,0.0003613013747886315,0.00033739940290681116,0.00028658081363521545,0.003033029977122171,0.0012803633245520767,0.11694019584271652,0.0032517615363234875,0.07350320613619833,0.000277487703021571,0.00036159453290170564,0.0005216134124642824,0.00027413443989629933,0.0006838525470469415,0.0011507226808942,0.0005593690557629649,0.00170033246294679,0.0046050306600575975,0.00327133845491954,0.0022418650391825327,0.0003263212583405918,0.0007586773168163222,0.0004589009982813903,0.6510240749648195,0.0003885092693198629,0.00023204027182350908,0.0016509778954985706
BrentanoClemens,0.016052838113913524,0.0001747482906100319,0.00011608052909290131,0.0009147176951070764,0.09548855964072776,0.0003916178961591777,0.00015847130525417513,0.00019028182386334648,0.00019109228330511848,0.00021139437320010879,0.0005110508019627377,0.0011498474658743596,0.0006471535807045553,0.0004044148291069932,0.00016221136460261643,0.00015148023611490536,0.00012866451138164651,0.0013617217254084765,0.0005748372316165072,0.22651327669275506,0.0014599243539494293,0.1200059649969462,0.00012458203070471937,0.00016234298208564956,0.00023418572232214213,0.0001230765357761707,0.0003070252774663667,0.0005166332302395176,0.00025113665262101463,0.05876716200980284,0.002067493675721089,0.0014687136885652686,0.001006517031587391,0.00014650654635686675,0.014841562339361937,0.0002060300965980977,0.4372959046317446,0.00017442673384237382,0.00010417776339011542,0.015242173310157241
BrockhausFriedrichArnold,0.07974687081370446,0.00030930450399491903,0.00020546255616698107,0.0016190504753597155,0.015014732852193544,0.0006931637425705063,0.0002804942371565388,0.00033679886048580427,0.000338233373835092,0.0003741680763898863,0.0009045600060834916,0.002035230209466016,0.0011454619475222904,0.0007158143160568778,0.00028711414283712,0.0002681200435952321,0.0002277362069507085,0.0024102476847484237,0.0010174619973807575,0.6575952612918735,0.00258406635390863,0.2124105783823969,0.00022051021546067623,0.0002873471058043942,0.0004145087681984095,0.00021784548918200392,0.0005434347931480439,0.0009144409050794645,0.00044451191770014317,0.0013511974537121461,0.003659464156411222,0.0025996234776682232,0.0017815353164874054,0.00025931661188059626,0.0006028955401432324,0.0003646733058952252,0.0040136558348900465,0.000308735348461669,0.0001843946588558495,0.0013119770263437685
BöckhPhilippAugust,0.016455238696270053,0.00021549612280436048,0.0001431482039982997,0.001128011702248949,0.10558223175318439,0.00048293541498172843,0.00019542366760101832,0.00023465176763416877,0.00023565121012818322,0.00026068734434113124,0.014276250078215374,0.00141796906766491,0.33543438748211485,0.0004987163386429257,0.0002000358345402984,0.0001868024199280905,0.00015866652113431665,0.0016792481983062366,0.0007088778621210619,0.05961331554836994,0.0018003497302634096,0.14275494327765348,0.00015363208701063877,0.00020019814260744973,0.00028879318361505656,0.00015177554055246563,0.00037861747697769333,0.0006371018431130635,0.0003096967343426898,0.0009413953196843038,0.008507501142200254,0.0660763092344371,0.0402950822416263,0.00018066896445824023,0.0004200444858670454,0.000254072224929387,0.19628443361946094,0.00021509958538216365,0.000128469949632292,0.0009140699819557779
BörneCarlLudwig,0.0011323023510595442,0.0001275008551978449,8.469534482710172e-05,0.012300579975524105,0.34175226695568156,0.00028573450702589875,0.00011562474730763474,0.1097033077140296,0.00013942585336919317,0.0001542387812374912,0.023639232587439062,0.0008389583367840925,0.00047217992631649506,0.00029507147901606883,0.00011835359097043841,0.023376880638303944,9.38769425297658e-05,0.0009935472554550898,0.0004194160547997874,0.23025422275694485,0.00688178761220862,0.11187871719752308,9.089825944325437e-05,0.00011844962247716805,0.00017086793677330558,8.979981155448884e-05,0.00022401355290894092,0.00037694891577601556,0.00018323577225805066,0.0005569877860306849,0.0015084966545328917,0.035971146481155965,0.02294782107292103,0.00010689495094557943,0.0002485243375715327,0.00015032486681872015,0.0714535710723314,0.00012726623909529002,7.601078029701721e-05,0.00054082042355744
BöttigerCarlAugust,0.0034935086532032022,0.00044669899090857865,9.900222601281956e-05,0.0064009399492532095,0.06022346128710749,0.00178117227334637,0.0001351562755780013,0.002557995801065707,0.0028928022370868557,0.0033377908843671444,0.02239970465152191,0.0025908514145241545,0.028180390831773743,0.0006606652360048276,0.0009438604192659683,0.006580599424975824,0.002981044267382805,0.0032537196776083193,0.02433755187086864,0.23325658116258974,0.0024031677335517544,0.1492155962370031,0.0008571355072542366,0.0003649555789753624,0.00019973123823166617,0.003893966340078615,0.006392655314912586,0.010539869853119178,0.00021418826944689647,0.0012144348443463373,0.009498142759893503,0.006977580766499218,0.008472736316626619,0.00012495182721963612,0.00427765217173164,0.0007547350916871648,0.3807917206883981,0.002213691307271604,0.0017859824898203405,0.00325360812948723
CalmbergJohannErhartWilhelm,0.01361251072971909,0.05408447851822446,0.00010137295134968544,0.0007988215864400004,0.11772329390496625,0.00034199931931080615,0.00013839275237103525,0.00016617283039596382,0.0001668806034066803,0.0001846103879562896,0.00044629989619641107,0.0010041600613687135,0.19256497929579505,0.0003531748615940935,0.00014165894057104804,0.00013228746221362835,0.00011236252414290838,0.0011891895333382388,0.0005020044892112023,0.07159658846975021,0.0012749497410430644,0.3772922476782129,0.00010879729991209052,0.00014177388192088985,0.0002045140388424129,0.00010748255345683597,0.010480328092820115,0.0004511750224086824,0.0002193172607603994,0.0006666658699002052,0.05286655601581084,0.08625751532788462,0.011091193188923066,0.00012794394643359116,0.00029746198723533694,0.00017992577327326456,0.0019802933696299306,0.00015232660414337147,9.097828397571489e-05,0.0006473149450908343
CottavonCottendorfElisabeth,0.04848340981527066,9.567103525370877e-05,6.355166252183404e-05,0.0005007888120123131,0.22693518285230804,0.0002144026097115772,8.675972611089488e-05,0.0001041753199154049,0.0001046190295136779,0.00011573399922975979,0.2146317992720076,0.0006295174451207953,0.0003543030539412616,0.0002214086629262661,8.880733040233938e-05,8.293226193514062e-05,7.044112970332001e-05,0.01662344081235257,0.00031471136489600687,0.32248536577043896,0.04843305797867208,0.01012801336044845,6.820605689430187e-05,8.887938822227746e-05,0.00012821178632411014,6.738182989968776e-05,0.00016808991974527631,0.0002828458911439838,0.0001374920662315434,0.00041793914268684485,0.0011319095577200285,0.0008040900347912523,0.0005510470292802254,8.020927078872532e-05,0.09545404157637342,0.00011279716995314663,0.009180427973627569,9.549498964692606e-05,5.7035147177434484e-05,0.0004058078648006127
CottavonCottendorfJohannFriedrichFreiherr,0.07747792737077974,0.00010450328540106221,6.94186856933144e-05,0.0005470211125927257,0.032740331991287897,0.0002341960349232546,9.47692934966266e-05,0.00011379267674899011,0.00011427734915439002,0.00012641844127682362,0.0003056195149349733,0.0006876338387887958,0.0035725160050142746,0.0002418488796603067,9.700593047969896e-05,9.058848182190732e-05,7.694418129622909e-05,0.002407091293963764,0.00034376518971984574,0.23411624993575392,0.013379158543892359,0.11422532360461196,7.45027688976534e-05,0.01885622259518786,0.00014004816465586518,7.360245012693038e-05,0.3072456665953287,0.00030895792868084035,0.00015018519032090988,0.000456522848244035,0.003882181676653014,0.08036299846856554,0.0006019191160372282,8.761410697414091e-05,0.006786020041407747,0.00012321048698580737,0.09249174022982654,0.00010431098744755488,6.230057245193199e-05,0.007025594130914834
DobeneckFranziska,0.000981391489985883,0.00011050781104534437,7.340732850811376e-05,0.003981165355690853,0.03258614842016786,0.0002476524166254092,0.0001002145256815012,0.00012033095009655588,0.00012084347069712144,0.00013368216288752385,0.00032317973046099615,0.000727143745133248,0.00040924878500477583,0.007061172237368455,0.0001025796748359399,9.579349389486462e-05,8.136522229985298e-05,0.03621499156401083,0.04765791228404643,0.18263200074684746,0.004325944662118904,0.3197922304085976,0.11358533180401392,0.091975930925837,0.00014809501976557305,7.783148271258593e-05,0.00019415750065397163,0.00032670996201308194,0.00015881449631078776,0.0004827536326539402,0.004710161043137032,0.01113693014665946,0.0739428164714425,9.264821810383524e-05,0.012039000318165079,0.00013028988669952447,0.0014339924406996652,0.00011030446408042327,0.05110658467900973,0.0004687410220363673
EhrenbergCarolineAugusteEleonorevon,0.11112372134163433,0.0006355573475374719,0.053161933311561216,0.003326816817597352,0.030852197954675205,0.0014243093907371448,0.0005763581553590466,0.0006920526137166018,0.0006950002445706789,0.0007688386916197661,0.0018586853755105594,0.004181980853332814,0.002353689479686118,0.0014708516758292411,0.0005899607044359508,0.000550931724330197,0.000467951218809975,0.21591156440138573,0.002090675822444911,0.08546945623929447,0.005309726617424147,0.383720444014092,0.00045310328764370665,0.0005904393955757272,0.0008517305433468036,0.00044762782141637305,0.0011166470944710821,0.001878988597339069,0.0009133808648545867,0.0027764337686294557,0.007519448642414125,0.005341693317502078,0.003660689856328978,0.0005328424768814333,0.0012388267399491171,0.0007493288847041741,0.060986989810496064,0.0006343878495949053,0.0003788932225973207,0.002695843830669996
EichstädtHeinrichKarlAbraham,0.04441072751237757,0.0001722504959142403,0.00011442131211950057,0.0009016430206767332,0.008361647329431253,0.0003860202385203605,0.00015620616844329562,0.00018756199794291967,0.00018836087294350645,0.00020837277143075162,0.043384761104010065,0.0011334119236942088,0.5866784430037829,0.0003986342563098768,0.00015989276861127867,0.00014931502735112163,0.00012682542309675515,0.0013422577221212575,0.000566620696947911,0.008870494808279714,0.0014390566745299516,0.0182349372444537,0.00012280129605833805,0.00016002250479721963,0.0002308383484908768,0.00012131732018004123,0.00030263675894723086,0.0005092486444581224,0.00024754698775707906,0.0007524766968275352,0.0020379415998823427,0.03003506377357012,0.000992130207579291,0.00014441242988161282,0.0003357502216516753,0.00020308517003738764,0.2452276084601251,0.00017193353537345144,0.0001026886806419702,0.0007306349907517569
EinsiedelDetlevGrafvon,0.1209333229965284,0.00035484265470475256,0.00023571230916803442,0.0313029334707114,0.046670829620893126,0.00079521655644187,0.00032179072227039304,0.0003863849385079812,0.0003880306517727288,0.00042925593328617975,0.2071563350681693,0.002334872208889961,0.001314105527311566,0.0008212019188361437,0.00032938526058216323,0.00030759470625247996,0.0002612652554458368,0.0027651025960041104,0.0011672604554692125,0.22439215978508106,0.002964512165555893,0.03756467292505244,0.0002529753987832931,0.0003296525221211574,0.000475535887147433,0.00024991835132820293,0.0006234433775421119,0.0010490718180241696,0.0005099563274617248,0.0015501309722712481,0.06308926642824382,0.002982359726852689,0.0020438264331354428,0.0002974951666732416,0.0006916583858655825,0.0004183632707978468,0.2401686896498524,0.0003541897037850284,0.00021154263651738383,0.001505136216662133
EndeHenrietteFreifrauvon,0.0021420746555259663,0.00024120443644899515,0.00016022553642620346,0.0012625815416449065,0.011708915095866341,0.0005405487722750452,0.00021873737215816666,0.0002626453164790536,0.0002637639907289415,0.00029178689232507796,0.0007054015822066798,0.0015871303177864,0.22106486380351234,0.02057381233691565,0.0002238997626129022,0.00020908762459252885,0.00017759516187801702,0.1419887796246156,0.0007934457614316737,0.012421460326709929,0.022030728334304826,0.5459402015523507,0.0001719601284962622,0.00022408143375092027,0.0003232457094711654,0.00016988209926604918,0.0004237858852200983,0.0007131069878608188,0.00034664301754069014,0.001053702148350576,0.002853754077784028,0.002027260217073467,0.0013892918353183305,0.00020222245852439806,0.00047015506440943963,0.00028438260064229384,0.003129962807689274,0.0002407605928001757,0.00014379619177566367,0.0010231169452303726
EnslinTheodorChristianFriedrich,0.02354217017892757,0.00010920068975878855,7.253904344505352e-05,0.0026823554589636036,0.019109285232894294,0.002955609085422003,9.902915662476875e-05,0.012135138279099449,0.00011941409596428305,0.00013210092804909773,0.0003193570585514457,0.010136061161790715,0.025017113924413192,0.00025271994440116707,0.00010136633004811295,9.466041819823211e-05,8.040280875598279e-05,0.001344097174571162,0.07429081042315745,0.16601424794554473,0.0009123107636154424,0.23749721630912457,0.020552687004118532,0.007498751152220363,0.00014634330510452468,7.691086735648154e-05,0.00019186094442280027,0.0016782885233034915,0.007667080139221169,0.00047704347023704816,0.0037577500366274444,0.02373495924432401,0.003553951753180236,9.15523457225128e-05,0.0352267525528454,0.0001287487767751046,0.3175628161477095,0.0001089997480459839,6.510097226138696e-05,0.00046319660520293397
FalkElisabethCharlotteKaroline,0.0006082043093229296,6.848574455499843e-05,4.5493214471587625e-05,0.0003584877550924888,0.3386260544861152,0.00015347928787112067,6.210661799922393e-05,0.11941918039780072,7.489113201153359e-05,8.284774055761514e-05,0.00020028633502317008,0.04591524980454125,0.011619779523109058,0.00015849454426013638,6.357238769724911e-05,5.936674241264764e-05,5.042501319478585e-05,0.0005336734677962161,0.005908361445238115,0.15128684401561904,0.0005721601397367938,0.2061577777709468,4.882504487569834e-05,6.36239700119631e-05,9.17799167098765e-05,4.82350251350445e-05,0.02853570911966425,0.0002024741490248151,9.842316957584484e-05,0.0059822566550266935,0.0008102731262790428,0.08013867603741236,0.00039446490763894265,5.741749961847928e-05,0.0001334922363635399,8.074542255607585e-05,0.0008886977224375437,6.835972298092246e-05,4.0828391894077414e-05,0.0002904960074221285
FalkJohannesDaniel,0.009050338675362892,0.005549101526761009,0.00020720759825710398,0.00807189605068089,0.07103547032850027,0.0008829771703898611,0.0081512460353813,0.00492049754920122,0.002353532365291423,0.009281254008957412,0.0023838435452882027,0.001783785720059438,0.008631930950011073,0.005843082068670922,0.00269448097329385,0.0019703516544697687,8.670856850034657e-05,0.004263551390999418,0.14797638199219476,0.22198969537978538,0.010496172920299838,0.2619094465442368,0.00389908934839124,0.0021173691140817514,0.0009051631049642242,0.006925288400814031,0.002128120312622724,0.0010890802767656814,0.001009408837629179,0.005814259202472278,0.01911527901593493,0.01702047929763834,0.010472354562524919,0.007381012131231153,0.0038192220732218185,0.0001388461709617738,0.12200147468834452,0.004497793339140946,0.0015252589384441482,0.0006075481682232467
FalkensteinKonstantinKarlvon,0.024568600153962408,8.39810334264227e-05,0.003100197209678453,0.0004395976467658661,0.24950717700851754,0.003074694684652919,0.0023594667659287204,9.144618327608974e-05,9.183567619320281e-05,0.00010159251263575363,0.04708962645484303,0.0005525969846673763,0.00031101091921100816,0.02378853928666713,7.795600165977201e-05,7.27988052312196e-05,6.183395896701313e-05,0.0006544201224504004,0.00027625692128153387,0.23011407860362612,0.0007016146226155821,0.2270919339083928,5.987198872401461e-05,7.801925476630325e-05,0.00011254564439898286,5.914847366428846e-05,0.09219634395622987,0.0002482850757880598,0.00012069197097573533,0.024614695405426712,0.03012388455635384,0.005470395858904679,0.00048371483451381975,7.040853517842334e-05,0.02902859397104925,9.901453324007873e-05,0.00253301554998928,8.382649875510253e-05,5.006604756483369e-05,0.00035622237982633657
FichteJohannGottlieb,0.04179328719324627,2.2782060466442515e-05,1.5133502156382752e-05,0.00011925240451226491,0.2374182260104673,0.064328002289341,2.0660018166091453e-05,2.480717838089605e-05,2.4912838561854576e-05,2.7559636639067176e-05,0.02464310571304844,0.00014990644202176538,8.436987827015446e-05,5.272385245130757e-05,2.1147612396208528e-05,1.974858744880133e-05,1.6774084987894447e-05,0.00017752864178771768,7.494194377142524e-05,0.1845515706244005,0.00019033138917696823,0.17822812945192787,1.6241849042637665e-05,2.1164771462236774e-05,3.053096123398804e-05,1.6045576584839155e-05,4.002710648297185e-05,0.04354881784596342,3.2740866221803665e-05,9.952348476981425e-05,0.009722032812969765,0.21003680352076406,0.003912217219649402,1.9100163933965205e-05,4.4406733407015865e-05,2.686029203615795e-05,0.00029562889883898017,2.274013887912051e-05,1.3581730021661798e-05,9.66346741114322e-05
FischerMaximilianDavidBenjaminvon,0.004445555904117364,2.542576584583651e-05,1.6889643622113264e-05,0.09929736171863628,0.3852320713249937,5.698015639536532e-05,2.3057474763334985e-05,2.7685885117267132e-05,2.7803806453848492e-05,3.07577477029969e-05,0.05071143205658297,0.00016730207960083808,9.4160437002547e-05,0.03170701365697229,2.360165103487981e-05,2.204027862180705e-05,1.8720605092264675e-05,0.0149672763760917,8.363845391292857e-05,0.26293425190537784,0.00021241807085248463,0.11451518483376635,1.812660673382956e-05,2.362080129548115e-05,3.4073874596510933e-05,0.008457419972818627,4.467198383664578e-05,7.516980849650738e-05,3.6540224242299594e-05,0.0001110725179421891,0.02350947816347187,0.002323575017145744,0.0001464475919944609,2.1316609905299066e-05,4.955983710289833e-05,2.997724884753511e-05,0.00032993465056482384,2.5378979539360628e-05,1.515779873470174e-05,0.00010784848017435113
FouquéFriedrichFreiherrdelaMotte,0.00025032061722669803,2.8186899674094217e-05,0.020911042133613184,0.00014754396630774092,0.09217832026033175,6.316796754396915e-05,2.5561421899057843e-05,3.069245862329431e-05,3.0823185733101235e-05,3.40979128794833e-05,0.0006205177543131737,0.0071550578627500305,0.02565953990827474,6.523211285764859e-05,2.6164693480494545e-05,2.4433762430943197e-05,0.19688499454316688,0.04342066499827319,0.012809784586600788,0.09391232359286844,0.0026568694661806207,0.28013704812203094,2.009508183691073e-05,0.0005642711821714066,3.777415754486677e-05,1.9852245501500973e-05,4.9523177955816905e-05,0.002808417942608398,4.050834264074921e-05,0.00012313453756981655,0.00033348673461089124,0.0774874750167031,0.09797997551425865,2.363150626162387e-05,0.0003239844614232458,3.323265505134008e-05,0.04291774992823092,2.8135032566737326e-05,1.680387347251186e-05,0.00011956038253124099
FranzIII,0.0009858380563466814,0.015742353794987497,7.373992825134664e-05,0.0005810726203138735,0.07703755412285225,0.00024877449982683655,0.00010066858559877758,0.00012087615510426381,0.0001213909978737955,0.00013428786062853743,0.6113739927223065,0.0007304383456566547,0.00041110304184230556,0.0002569037263627873,0.00010304445095849796,9.622752265085307e-05,8.173387829912458e-05,0.0008650310531369001,0.0003651642230341639,0.12826076910889536,0.0009274140801552215,0.0501813115601519,7.91404904626237e-05,0.00010312806070624229,0.00014876602042108192,7.818412776440495e-05,0.00019503720484940644,0.0003281902454082905,0.00015953406562039412,0.00048494093108215766,0.0013133712992105,0.03219568806050045,0.04232297539899724,9.306799599493388e-05,0.01063727435577506,0.00013088021444666916,0.022282283402515805,0.0001108042402904584,6.617871970263667e-05,0.00047086483101757527
FrauenholzJohannFriedrich,0.07142423237100877,0.00016121519989554,0.00010709086558937594,0.0008438789046226542,0.027686402145991423,0.00036128969955342283,0.0001461987585977126,0.0001755457645023526,0.00017629345926066116,0.00019502328757138335,0.01098382915947768,0.0010607994413747537,0.3473117443302311,0.00037309559531371856,0.00014964917527060415,0.00013974910117996956,0.0001187003023002008,0.013607886907103113,0.0005303199183176096,0.14413516434929108,0.0013468629405912643,0.11653173177782862,0.00011493398254907238,0.00014977059985657782,0.000216049598568595,0.00011354507817123599,0.00028324821551577693,0.00047662342901888706,0.0002316877922642718,0.00220603409974787,0.0019073800667839293,0.044906160066809364,0.002430334113727209,0.00013516059055270412,0.00031424025116012343,0.00019007443844862955,0.20781719921497452,0.00016091854555692079,9.610988977905093e-05,0.0006838265716422976
FriedrichAugustI,0.0005433575197282732,6.118378927563629e-05,4.064272449379095e-05,0.00032026576345184707,0.1654387642014608,0.0001371153145563051,5.548480567711985e-05,6.662247151944605e-05,6.69062338356823e-05,7.401450817504115e-05,0.2641905481908291,0.0004025906336799524,0.030689463625876063,0.0001415958439286974,5.67942948987573e-05,5.303705583341449e-05,4.50486944630258e-05,0.005553919631410102,0.00020126503054328272,0.27223958390023323,0.0005111563822375008,0.0064770934440419895,4.361931488748318e-05,5.684037750316376e-05,8.199433502840835e-05,4.3092203096333134e-05,0.22350194194881087,0.00018088633989734318,8.792928376989077e-05,0.00026728152745896747,0.01087817468255585,0.000514233750234242,0.010506699967727816,5.1295641453817935e-05,0.00011925928399655772,7.213633947829494e-05,0.0007939447038600988,0.005138217673362859,3.647526565333969e-05,0.0002595233010755372
FroriepLudwigFriedrichseit1810von,0.0011269913196887036,0.00012690281613069018,8.429808376611392e-05,0.0006642711700837558,0.0061603108192199215,0.00028439427759943323,0.010645717937017822,0.00013818332197955354,0.010669407404681,0.00015351532870293985,0.0003711268689869288,0.011365658751250372,0.00046996518005283026,0.0002936874547930084,0.00011779845688111377,0.0001100054740679667,9.343661545077704e-05,0.0009888870508399565,0.00041744879594671566,0.027596467163113626,0.001060202141075051,0.1503325621113225,9.047190379097988e-05,0.00011789403795484346,0.00017006648566651893,8.93786081402107e-05,0.2740194864540013,0.0003751808478081116,0.00018237631017726282,0.0005543752509582141,0.001501421094681289,0.0010665849864280512,0.05338411378855108,0.00010639356327529404,0.042369900738316285,0.0001496197723863501,0.4018108903397608,0.00012666930048816667,7.565425393433523e-05,0.0005382837210302244
FörsterErnstJoachim,0.006460623155485566,0.00034430495758917004,0.00022871240403404198,0.0018022599026317756,0.14183530306672068,0.0007716011564836733,0.00031223456231912854,0.00037491053598608624,0.00037650737680640513,0.024554138165910833,0.00860885444945028,0.010588541877421167,0.0012750807769296138,0.0007968148363456504,0.0003196035670221258,0.0002984601227804276,0.013286692060844733,0.01699659191934329,0.0011325965362034582,0.06710535045547172,0.043256450762915406,0.4068313026933173,0.00024546283484903295,0.0003198628917443049,0.0004614139852849893,0.0017628837183269917,0.000604929094114938,0.0010179177250078427,0.003897751497436716,0.00962640424183433,0.00407356386634755,0.06625901209940056,0.08661317541199984,0.00028866050737231624,0.02109552509406554,0.00040593921361785443,0.012239219055985002,0.04186564446388883,0.000205260493710999,0.001460438462999805
FörsterLuise,0.0035719818569376147,0.00040221654674174763,0.0002671814951248593,0.0021053973763358693,0.18640845761826405,0.0009013833399201796,0.00036475195799902453,0.0004379699385605493,0.0004398353656660495,0.00048656450081636926,0.0011762809699453092,0.0026465934252588572,0.0014895474944783243,0.000930837923774407,0.0003733604184909001,0.0003486606779217564,0.00029614593238927646,0.003134262476073509,0.0013230976133285536,0.05408989397048405,0.03673698379384253,0.2762166351440794,0.00028674932384860737,0.00037366336125120765,0.000539023141226804,0.00028328413990211964,0.0007066772809842845,0.0011891299941966002,0.000578038942898292,0.0017570839311388414,0.0047587313372620755,0.0033805249018735964,0.002316691071875893,0.00033721278156717966,0.03416068867713338,0.0004742175942852872,0.3723629001821656,0.00040147642246232055,0.00023978500786345078,0.0017060820716311524
FüssliJohannHansHeinrich,0.0005786097575814863,6.51533036634821e-05,4.327956476716054e-05,0.00034104413581170935,0.019382404257863344,0.0001460111547840693,5.908457837916561e-05,7.094483962350195e-05,7.124701202205518e-05,0.15146205617120342,0.00019054062258067557,0.00042871012271004574,0.00024128530020729781,0.00015078237432160902,6.047902533826194e-05,5.647802212059989e-05,4.797138759697097e-05,0.005914249780079083,0.00021432281012788128,0.32774789819423256,0.0005443194575839789,0.2501918101455963,4.644927197389053e-05,6.0528097714360977e-05,8.73140070603386e-05,4.58879619438974e-05,0.00011447156973781963,0.000192621979962925,9.363400655953572e-05,0.0002846223604053221,0.0007708461284876903,0.0005475964806966324,0.00037527067974486514,5.462362733366261e-05,0.00012699665118667768,7.681643923732777e-05,0.23873340278659355,6.503341416038517e-05,3.884172731786895e-05,0.00027636079168860727
GablerGeorgAndreas,0.003348460786821375,0.0003770473615255462,0.00025046229102543933,0.0019736495978121627,0.17474372369901786,0.0008449781909599206,0.00034192716458060723,0.0004105634417566358,0.0004123121375125533,0.00045611714070679406,0.22011939242689105,0.002480979651653736,0.0013963372646144461,0.000872589618726964,0.00034999694028116444,0.00032684281574948336,0.0002776142437163184,0.03422623488901808,0.001240303185404726,0.4261623856415677,0.0031500200875322283,0.039915327611180336,0.0002688056392810997,0.0003502809260330996,0.0005052931184635511,0.000265557293396755,0.0006624560983470736,0.0011147187515152003,0.0005418674593185134,0.001647132286281127,0.035749050653196036,0.034457087146696125,0.002171721335675052,0.00031611128530779193,0.0007349397430380095,0.00044454285673399617,0.004892713565663968,0.0003763535514149986,0.00022478017197623268,0.001599321929606224
GoetheJohannWolfgangvon,0.002034865998122684,0.0002291323997789836,0.00015220641132350897,0.001199390619894012,0.04908785997709366,0.0005134948561161939,0.0002077897892004471,0.000249500185575077,0.0002505628713167714,0.00027718325519536903,0.49437773195776086,0.01876066746749624,0.1040277660464371,0.000530274373363016,0.00021269380726455847,0.00019862300168390184,0.00016870670469136233,0.0017855085488092913,0.0007537346082344816,0.07475130789080996,0.0019142732071853019,0.11897865375232182,0.00016335369899791522,0.00021286638594693056,0.00030706759054595665,0.0001613796730167212,0.00040257583277692046,0.000677416708553217,0.0003292938871483908,0.018253936835290863,0.00846191705846172,0.09382909770975086,0.0013197591922698797,0.0001921014301936333,0.000446624281718622,0.00027014954077901474,0.002973311353236498,0.00022871077005327096,0.0001365993386593616,0.0009719109829256826
GoldschmidtCaroline,0.007874910850677418,0.0007475527777138081,5.5265159801674145e-05,0.0013498112600860142,0.07716212417039393,0.002445160171119259,7.544712345205402e-05,9.059189758469956e-05,0.004106170238025841,0.0024596563350132885,0.0025747369812693563,0.3291646613053199,0.0014565066477653407,0.0027509938336183954,7.722774057341407e-05,0.0003202531417244268,6.125630920083267e-05,0.0016018025411064303,0.0019320145294600272,0.09022494940182497,0.007010693695695866,0.41773068211643677,5.9312667586164826e-05,0.0009181914584627994,0.002571228433759661,0.003584232577267759,0.0005030847658358576,0.0004761169380266329,0.0006408900996635983,0.0019766523439913833,0.011558307059858029,0.005121081799749683,0.00404941026897853,6.975078214817305e-05,0.0019984994981437944,0.0024369022671296404,0.0071919323700603026,8.304339577715084e-05,0.0017050658152832163,0.003783829230414015
GöschenGeorgJoachim,0.022066870632068553,0.0001688781789280576,0.00011218117381166073,0.00823457651330135,0.03596585447876344,0.0003784627415130915,0.00015314796700014794,0.0001838899126564996,0.0007545114080494675,0.00020429325321035855,0.00987405780272293,0.01009331149780466,0.276620474796822,0.0033490814594567507,0.00968890661960058,0.00014639174053934252,0.00853941564456924,0.0015642203896101149,0.0005555274075446024,0.1564004105024131,0.0018600510431856611,0.23279158099197522,0.0027705708349672906,0.0014716681014849684,0.00022631899962313414,0.00011894217195541727,0.01751654449866197,0.002468822343683545,0.0004973907970887036,0.0018584535446084895,0.00996129922869972,0.06300639976800551,0.0017010432403029325,0.00014158512603136358,0.0019192811543254375,0.005159139888277039,0.10920193813103078,0.000168567423834806,0.00010067824357367859,0.002005260348298413
HaugFriedrich,0.0006259921147646155,7.048870816607422e-05,4.682372863522179e-05,0.000368972242530453,0.3602282305147351,0.0001579680092927416,6.392301492485754e-05,7.675451304724681e-05,7.708143034567688e-05,8.52707412955788e-05,0.029452575119119168,0.01216238964715986,0.00026104415516551324,0.00016312994403230586,6.54316531553991e-05,6.110300775565128e-05,5.1899764870093455e-05,0.0005492815121146073,0.00023187370658081768,0.04457500600937148,0.0005888937818552718,0.10105071874946173,5.0253003187761824e-05,6.548474406872757e-05,9.446415172246109e-05,4.96457274754014e-05,0.00012384564740167066,0.00020839579527857758,0.00010130169602581058,0.00030793008753284316,0.0008339707234580618,0.3164538952952265,0.00040600159839087983,0.12874339370037885,0.0001373964078598807,8.310693799540761e-05,0.000914688959166508,7.035900091071196e-05,4.2022476645494645e-05,0.00029899197889487875
HeimAntonChristoph,0.020888139513096662,0.0003571582056627947,0.0002372504665909928,0.00186954006549633,0.26466456795006693,0.0008004057985882291,0.0003238905904946973,0.00038890632088034455,0.0003905627733639441,0.0004320570733813385,0.0010445079994451472,0.0023501085834027706,0.0013226808163090697,0.0008265607303113011,0.0864613124574548,0.0003096019373655045,0.024105677580928863,0.0027831464694797765,0.0011748774965157443,0.1594410965376449,0.11027604069256765,0.1689639927366715,0.0002546262077242338,0.0003318036930790394,0.00047863903037012096,0.0002515492112887447,0.0006275117016035295,0.024898625031212044,0.0005132840837135661,0.0015602464620815698,0.011175721065958063,0.02385208229850347,0.02985751152953005,0.00029943649252307857,0.042396693794470475,0.0004210933300499162,0.011584711115285857,0.0003565009938654457,0.00021292307302398745,0.0015149580899974447
HeimJohanna,0.001108573005370694,0.00012482885520969452,8.292040802355445e-05,0.0075366098687384385,0.33137799589059846,0.00027974644837168314,0.0701678016461744,0.00013592500480065178,0.014933947460844086,0.00015100644196416324,0.00036506157708499266,0.07397513024503301,0.0027566828563607908,0.014470380843214312,0.00011587328765655204,0.025346588673720097,9.190958953485534e-05,0.000972725761742884,0.00041062646910080424,0.04202228428580454,0.08256946673832785,0.2605786173068694,8.899332988197117e-05,0.00011596730665768362,0.00016728710490888316,0.0032136792125605235,0.0002193189631370574,0.000369049302107355,0.00017939575110256507,0.0005453151477933609,0.01502670440535109,0.0010491538871962233,0.000718990545564176,0.04599262025386325,0.0002433160820973574,0.00014717455036213602,0.0016198278932377447,0.00012459915589159787,7.44178434987677e-05,0.0005294866002423364
HempelFriedrichFerdinand,0.0008564290533065391,0.00809893147530252,6.406023437279889e-05,0.0005047963718929077,0.22074873564744504,0.00021611836548799366,8.745402037081706e-05,0.00010500898237476276,0.3202052495660975,0.00011666015996060803,0.00028202864344233796,0.0006345551552227103,0.00035713836229977217,0.0002231804846073335,8.951801060502404e-05,8.359592693277251e-05,7.100483447980738e-05,0.008753974978477975,0.00031722984096749983,0.4050910015745971,0.0008056742763957358,0.01020906273503484,6.875187551218352e-05,8.959064506729385e-05,0.00012923780048170922,6.792105264530371e-05,0.00016943505845953133,0.00028510936392642244,0.00013859234578115132,0.0004212836985167397,0.009143462491190716,0.008813019594223521,0.0005554567802848264,8.085114506377752e-05,0.00018797405388309562,0.00011369982872288313,0.0012513994679685,9.625918780816096e-05,5.749157064802605e-05,0.00040905534014190425
HerderCarolinevon,0.0010250469692707064,0.00011542355721303389,7.667272477631073e-05,0.0023649881284800514,0.42183236904913113,0.0002586688000505217,0.00010467239310196365,0.0001256836613772894,0.00012621898055792144,0.00013962877945414049,0.008154815745277351,0.01836753938512497,0.008244713430766113,0.00026712134351802706,0.00010714275176858041,0.00010005469946982662,8.498461151696078e-05,0.0008994352101083928,0.00037968759442537836,0.022565326213622575,0.05456248908333397,0.2075915664970735,8.2288079033928e-05,0.00010722968685692992,0.00015468276699339388,8.129367972156473e-05,0.00020279425656054094,0.012666878029714026,0.00016587908065309235,0.0005042280813576888,0.001365606918008268,0.14231895879190307,0.06053218755933326,9.676951160136287e-05,0.00022498329953950008,0.02126574551469895,0.0014977810795133743,0.00011521116471500455,6.881079060062974e-05,0.011054422099776721
HerderCarolinevonANDHerderJohannGottfriedseit1801von,0.0003324012748540877,3.742944344599472e-05,2.486335965688965e-05,0.00019592394362509132,0.2596121318244784,8.388087714940936e-05,3.394306597860134e-05,4.075658045198063e-05,4.0930173256437716e-05,4.527869033152501e-05,0.00010946228442818556,0.0002462865333058312,0.00013861422200637862,8.662186005905822e-05,3.4744151582234196e-05,3.2445644595754844e-05,2.7558730534382783e-05,0.00029166801078529657,0.00012312473888203545,0.07025877923706117,0.22394225102744053,0.2679694958586554,2.668430149657657e-05,3.47723428115761e-05,5.0160383365792075e-05,2.6361838615310997e-05,6.576193231591183e-05,0.00011065798816152476,5.379111351350216e-05,0.00016351061179154907,0.003548803694734629,0.01895038042955786,0.04369910990387721,0.1056342228798008,7.295737447135349e-05,4.4129712639081024e-05,0.0004856990510754785,3.7360569004890224e-05,2.2313898977371126e-05,0.003264730441224866
HerderSusanneSophievon,0.0012030015444893776,0.00013546180981007067,8.998359010976369e-05,0.0007090731131729175,0.17518894953536632,0.000303575324156499,0.00012284417625921178,0.00014750313233112834,0.00014813138627499725,0.00016386921026458566,0.2476954515285613,0.0008913415873146307,0.000501662104740921,0.00031349528212048085,0.00012574340466578628,0.00011742482208523491,9.973847245797156e-05,0.012296459792987687,0.00044560373935075616,0.05193947211241092,0.0011317077522269893,0.261639674109845,9.657380504359716e-05,0.0001258454322300736,0.00018153666434557328,9.540677178124499e-05,0.00023800060989349415,0.0004004850183767713,0.0001946767281953183,0.10175965819844757,0.0016026848337478165,0.0011385210902569724,0.0007802343486595504,0.00011356930502291775,0.00026404180973570293,0.00015971091713168266,0.05796219023738593,0.00013521254464386175,8.075677491050786e-05,0.07926072737918895
HärtelGottfriedChristoph,0.03100335949866045,0.0001773195919810934,0.00011778857454827119,0.0009281771392902064,0.02332203402288732,0.0003973802851920608,0.00016080310193757332,0.0001930816905337437,0.00019390407533093139,0.00021450489656915926,0.0005185705643774749,0.0011667666835399118,0.0006566760022604059,0.000410365516240643,0.00016459819369690068,0.00015370916400570913,0.00013055772151473376,0.0013817585276417,0.0005832955676416142,0.15627469001739425,0.1339102399721892,0.25420060438382003,0.0001264151699316749,0.00016473174784102158,0.00023763160477849042,0.0001248875226767121,0.00031154294407211084,0.0005242351342616595,0.0002548319564031229,0.030203250795284294,0.0020979154286577518,0.0014903248042329596,0.0010213272401123656,0.1325774961214196,0.00034563089060990536,0.00020906168831217548,0.22301569121125392,0.00017699330372590745,0.00010571066780310856,0.0007521365773699399
IndustrieComptoir,0.039464057786757205,0.00019072317208805877,0.010928375957472453,0.0009983380081537933,0.012897720085100636,0.0004274182433555808,0.002914147558710118,0.0002076767269724316,0.00020856127580002739,0.0002307193122035445,0.0005577692903788793,0.0012549625254897005,0.005882205534460876,0.015742517724343125,0.007030013557412548,0.000165328032907375,0.00014042657390354478,0.0014862055935683058,0.011250519414626889,0.15729118566559153,0.003288860751713779,0.13894106923977348,0.0001359708870297354,0.00017718381336677007,0.00025559416726247605,0.0018596249057411269,0.04157320071551354,0.0005638620448498088,0.00027409469270486315,0.0008331746261720193,0.006964537592839123,0.003299013879157839,0.0010985293209728475,0.00015989966571520653,0.0003717571143281824,0.0002248646520754152,0.5154727033018697,0.00019037221971810982,0.014237823821947129,0.0008089905479522298
JungFranzWilhelm,0.0013360355297868333,6.970242987444795e-05,4.630142538528658e-05,0.0016496674083841297,0.26353079722695777,0.018801448053906065,0.0015454616265888764,7.589834176870372e-05,7.622161241249081e-05,8.431957429967314e-05,0.0380839398927159,0.0011010489346178407,0.002451385492841025,0.036328676875471436,6.470178464454346e-05,0.0007774475744597932,0.0026209426991659346,0.006677833516347809,0.00022928723185845692,0.20593157354598435,0.0026989888413232587,0.17892423954798423,4.969244751120624e-05,0.0019292784959119792,0.007148957019868035,4.909194575913085e-05,0.020225941626598066,0.010412182067084687,0.00010017170901707781,0.055119956778950895,0.09390628345081499,0.0016556341768060312,0.019627021893966597,5.8437551737635264e-05,0.016220484314320147,0.001573799277564258,0.008410363356090479,6.957416946074034e-05,4.155372977799811e-05,0.0002956568219812134
KeßlerGeorgWilhelm,0.0020207359293011808,0.0002275413089744293,0.0001511494930453229,0.02007286993890745,0.01104565864047556,0.0005099291580981898,0.0002063469010571901,0.00024776766127303137,0.0002488229677461747,0.0002752585002111625,0.0006654438107811598,0.0014972266486420333,0.7561149789940731,0.0005265921587126109,0.00021121686571787759,0.00019724376752994948,0.0001675352087058098,0.0017731100131320847,0.000748500690179274,0.16277230435294338,0.0019009805322938629,0.024088183129152577,0.00016221937417691118,0.0002113882460173284,0.00030493531933435333,0.0001602590557926771,0.00039978035424012245,0.000672712740468083,0.00032700727697740177,0.000994014743819017,0.0026921019692247787,0.001912425203349132,0.001310594810815873,0.00019076748170176723,0.0004435229316327388,0.00026827362776713745,0.0029526647386251426,0.00022712260703710516,0.00013565079558182757,0.00096516205248516
KindJohannFriedrich,0.024079706282922157,0.0015160790421137511,7.694404714546075e-05,0.0006063211634810698,0.05245968476475078,0.008104719590608898,0.0049265836847144934,0.054900158121710764,0.00012666563264882586,0.00014012288490498431,0.0015441355470248816,0.004439395019912892,0.004596760697406259,0.0002680666078996607,0.00010752189865988911,0.00010040876381518476,8.528534722454582e-05,0.000902618048501257,0.00038103119787702194,0.21083891716637182,0.0028879205111206683,0.23277514181150422,8.25792725009846e-05,0.0007613704278243,0.0013606153657570268,0.01916983669425533,0.004002854404047919,0.0003424506412496364,0.00016646607824951967,0.005832684458471789,0.012423181099160104,0.006974804850332227,0.019776019737724894,9.71119506267891e-05,0.00022577944969626493,0.0001365671709967879,0.3172859518570727,0.004937159749960836,6.905429188199564e-05,0.0004913246678714268
KönitzLouiseHenriette,0.016595803062949326,9.49174887917518e-05,6.305110213469269e-05,0.047755440045955236,0.1306305518510643,0.0789770399874594,8.607636897487303e-05,0.0001033547900284092,0.00010379500477793276,0.00011482242818407769,0.14992980548459772,0.0006245590933871385,0.0003515124098131827,0.0002196647525133364,8.81078454491029e-05,8.227905156276838e-05,6.988630489220111e-05,0.0007396421799477331,0.0003122325620386308,0.09940521842378773,0.032298713040289466,0.2463412190621004,0.05520269711030187,8.817933571047819e-05,0.00012720193482925062,6.685110145730763e-05,0.00016676597081989066,0.0002806180745432185,0.000136409119237386,0.00041464727319416274,0.0011229941483674145,0.13469711105309248,0.0005467067444888585,7.957750787261693e-05,0.00018501292394721303,0.00011190873064535044,0.0012316863408118473,9.474282979632732e-05,5.6585913684258875e-05,0.0004026115465006813
LevinRahel,0.008539195480470194,2.5055714324660146e-05,1.664382847725646e-05,0.00013115381659131817,0.02200799814154914,5.6150856161939904e-05,2.2721891809319265e-05,2.728293938242169e-05,2.739914446902868e-05,3.0310093485048664e-05,7.327535425191584e-05,0.000164867132727354,0.01880532476921517,5.798570270065559e-05,2.325814803399927e-05,0.16427619129510454,1.8448141779507907e-05,0.00019524603315094973,8.242116365363097e-05,0.09277381354788383,0.11040536453676468,0.3623489721377466,1.786278858824093e-05,2.3277019577998332e-05,3.35779568254096e-05,1.7646928102766315e-05,4.402181913077425e-05,0.06868670323120014,3.600841074071326e-05,0.00010945594700093947,0.00029644084486360803,0.00021058672721172044,0.133211230024587,2.1006363835638567e-05,0.004207179591734229,2.954095416111452e-05,0.0003251327177510558,2.5009608955151377e-05,1.4937189195800476e-05,0.01258130200680458
LudwigErnstKarlFriedrich,0.009866205963512458,0.0002674073528191464,0.00017763141997107854,0.022896100904024087,0.14378435540702073,0.03118219152596372,0.00024249960951195214,0.02385851835493644,0.043449954833478244,0.0003234847650925099,0.0007820319250728754,0.010886020674622578,0.0009903022529120084,0.000618852971406979,0.00024822280924261534,0.00023180157472499309,0.00019688797109389215,0.004406590548699876,0.00854536208521949,0.2747677664084263,0.018898540657078352,0.22546193316718532,0.00019064078351373662,0.0002484242159779816,0.0003583610681145551,0.00018833701040030313,0.002112636912094656,0.0017328277704174576,0.011766418005520083,0.0011681696501874138,0.045378885120075825,0.007650260164512996,0.009660246233114341,0.00022419062066473936,0.0005212297213066757,0.00031527611823864974,0.09342745891006671,0.00026691529281832834,0.00015941729577737508,0.0025476419251825415
MahlmannErnestine,0.0005475555702410886,6.165650314931753e-05,4.095673544276743e-05,0.0003227401781855727,0.40527725337517573,0.031894027965756945,5.591348846601874e-05,6.71372053559578e-05,6.742316005657072e-05,7.458635384335066e-05,0.000180314240961553,0.004375182761081698,0.00022833543405495208,0.00014268983174267792,5.723309497084235e-05,5.3446826990259865e-05,4.539674650615709e-05,0.004449938433395409,0.01740619252743346,0.11256253123564913,0.031481176137588565,0.30548128540038105,4.395632335903913e-05,5.727953361541397e-05,8.262783387164901e-05,4.3425139033977614e-05,0.00010832784069556097,0.012798090389128087,8.860863679514436e-05,0.00026934657912877115,0.05744910928887786,0.0005182067867350665,0.00035512977157756007,5.169195821781173e-05,0.004089662356725,7.269367417220132e-05,0.008739042143519875,6.154304815763446e-05,3.6757078276007835e-05,0.0002615284116843175
MahlmannSiegfriedAugust,0.00043802879640942466,0.054212013379458954,3.276421701445856e-05,0.010154280465594962,0.05567314889343265,0.00011053579645761325,4.472919167827794e-05,5.3707844198195675e-05,5.393659978054129e-05,5.96669499466243e-05,0.00014424623588267383,0.005160503736940516,0.00018266181697809507,0.00011414778454466054,0.0010129757309328608,4.275593304281118e-05,3.631609888333405e-05,0.017793787730100544,0.00016225022363225587,0.06630420344536785,0.12097162908768168,0.49202000708191246,3.5163801560937086e-05,4.5821988729665924e-05,0.09554913237324653,3.473886929246285e-05,8.665917444071643e-05,0.00014582189971671516,7.088437527859963e-05,0.00021546956014130986,0.01992737661174971,0.025785702430850467,0.00028409366074895524,4.13520882131193e-05,9.61411202255672e-05,5.815286033928616e-05,0.0006400401769011906,4.923267842930799e-05,2.9404611388899948e-05,0.03212651467887516
MaxJoseph,0.11882306426903555,4.919485421684777e-05,3.267880152764142e-05,0.00025750983602342795,0.2065021909125719,0.00011024763242607295,4.461258380449748e-05,5.356782920390895e-05,5.379598842622498e-05,5.9511399714053916e-05,0.008308434148389334,0.0003237031862104727,0.0001821856222314541,0.00011385020415134065,4.5665479222052805e-05,0.049030028222222265,3.622142373013108e-05,0.008547913641546803,0.0001618272413942972,0.239305773920328,0.00041099552682001897,0.050113011768873686,3.5072130417770644e-05,4.5702531961553716e-05,6.592758320603336e-05,3.46483059369954e-05,0.13888402055581048,0.0001454417457045681,7.069958150130656e-05,0.00021490783643628056,0.0822276770409643,0.0004134698859887401,0.00028335303574565266,4.1244284362837436e-05,9.589048275165508e-05,5.800125730010785e-05,0.07003716525813923,0.02454279620648812,2.932795430915519e-05,0.00020866983090519562
MayerAuguste,0.0008234795971979093,9.272642839826526e-05,6.159564040249181e-05,0.0004853753050394837,0.004501268273677892,0.00020780362818380896,0.03855716078594877,0.0001009689642992308,0.00010139901720066304,0.00011217188529803426,0.00027117813530905813,0.0006101418694347141,0.0003433981525907813,0.00021459404589010327,8.607397779229509e-05,8.037973486794572e-05,6.827306041380597e-05,0.0007225683961122685,0.0003050250346488088,0.0586374925944458,0.0007746775124425964,0.586912359590807,6.610677969738303e-05,8.614381778371258e-05,0.07707040840605152,0.030843765033415613,0.00016291637135939008,0.0002741403310140247,0.0001332602725677574,0.0004050756207081156,0.17037858524546978,0.008473955662210429,0.0005340866519226759,7.774055318774748e-05,0.007875356392757927,0.00010932544709535741,0.008897868564968915,9.255580120364073e-05,5.5279693346141355e-05,0.00039331772483802203
MayerJohannSiegfriedWilhelm,0.012000505440215454,0.00034750914934488354,0.00035068282239779434,0.003190184191095696,0.18072776900291707,0.0016730773027742374,0.0008639333009426074,0.0015940975857852604,8.949635268881264e-05,0.0027746839987450272,0.004473793404335038,0.00495558545111369,0.003578730629262359,0.006840564846164068,0.0009214963191792043,0.0003363331459610992,0.00015411506742237793,0.01170750899257296,0.0008737135704878432,0.1128357494281858,0.03644739479983124,0.36629162469103754,0.00020490783608094246,0.0020642849549609224,0.002964344584433368,0.0004048889367006867,0.0002646064147019667,0.003783951448497693,0.0067275137650632776,0.0021117651719109016,0.19084704142281864,0.005871164964422271,0.0022281443304851285,0.0007850590574510265,0.00036975859669475565,0.0009421721782252677,0.01014517102179887,0.0018173865342971539,0.0004636256999222278,0.014975663589074891
MayerJohannSiegfriedWilhelmANDMayerJulieHenriette,0.0005247093366371136,5.908394439782256e-05,3.9247854743828185e-05,0.00030927415226062485,0.31665357514958736,0.00013240947834789742,5.358055152128931e-05,6.433596953544573e-05,6.46099930490789e-05,7.14743094113606e-05,0.00017279080134186792,0.00038877360975912,0.0002188083559828806,0.1030975810601302,5.4845098704076895e-05,5.121680914152704e-05,4.350261058296039e-05,0.005363307545629243,0.00019435755801709795,0.16974119463564205,0.000493613351253138,0.22198228216919744,4.212228771697579e-05,5.4889599740522885e-05,7.918026635993332e-05,4.161326655093717e-05,0.00010380796492613852,0.00017467826977293917,8.491152598927617e-05,0.0002581083501678311,0.14778595909798392,0.029913969338953537,0.0003403123207796166,4.953516059383529e-05,0.00011516627178537012,6.966059999319496e-05,0.0007666962980420589,5.897522320739073e-05,3.5223424264372947e-05,0.00025061638829866243
MayerJohannSiegfriedWilhelmANDRichterCaroline,0.000690626905920114,7.776679174520721e-05,5.165836129285086e-05,0.0004070692780611629,0.04249448681705144,0.0001742784851742556,7.052317908387665e-05,8.467955204381021e-05,8.504022413053676e-05,0.038813487228468516,0.00022742872704916645,0.0005117071423431261,0.0002879974251085873,0.00017997339879004018,7.218758687550431e-05,6.741200119520021e-05,5.725850723166351e-05,0.0006059957980995893,0.0002558150762016442,0.1395227490613446,0.04582234559263538,0.3502540920351353,5.544171449796569e-05,7.224615951937587e-05,0.00010421774218191668,5.4771736496045284e-05,0.006589868284597318,0.0002299130291028083,0.00011176127500754917,0.0003397244127787188,0.27195596460119553,0.0006536095497888287,0.0004479219802964258,6.519860102820336e-05,0.00015158282957044545,9.16878760842619e-05,0.0074623675646835206,7.76236919867064e-05,4.636137155767683e-05,0.09067515840464507
MellishofBlythJosephCharles,0.002612733516353048,0.0002942021249248188,0.00019543045715817882,0.0015399972650226618,0.3072429903331005,0.0006593187081053077,0.0002667985740096929,0.00032035401731107327,0.0003217184878252187,0.0003558986103698792,0.04968728986327496,0.001935856234236801,0.19639711945604416,0.0006808633243795204,0.0002730952502393441,0.0002550285739193378,0.00021661655469561918,0.002292562769987209,0.0009677824855230256,0.015150716448617863,0.002457894412941159,0.20203922901050766,0.00020974338594573544,0.0002733168383478768,0.0003942695913860488,0.0002072087699818461,0.12258414234658452,0.0008697915934550124,0.0004228077802059313,0.0012852226751979274,0.027894232235603816,0.0024726919306257557,0.0016945484755948273,0.00024665498645577163,0.0005734580218746152,0.0003468674400534954,0.05264457819117077,0.0002936607594900056,0.00017539123989306388,0.0012479172595857909
MesserschmidtJohannGeorgFriedrich,0.02872825025020612,8.429445525199244e-05,5.599451033878923e-05,0.00044123824930841787,0.2419189996709783,0.00018890723971278788,7.644282128792414e-05,9.178746545058084e-05,9.217841197663565e-05,0.00010197166146823864,0.014236345278073412,0.0005546593069403039,0.0003121716290295726,0.00019508017844636119,7.824693773613895e-05,7.307049436749172e-05,6.206472669528387e-05,0.0006568624542615193,0.0002772879272725497,0.12325449046677615,0.0076991462971600574,0.14182700658992525,6.009543427166689e-05,7.831042690673505e-05,0.00011296567092030872,5.936921901403184e-05,0.00014810175494290914,0.00024921168931661794,0.00012114240003491057,0.1332715915212783,0.02897696304378685,0.056667778536828826,0.00048552008482216825,7.067130369568201e-05,0.035138872585758284,9.938406091198136e-05,0.18296158118289896,8.413934384879815e-05,5.025289680193648e-05,0.0003575518212970918
MeusebachErnestinevon,0.0014276785738224485,0.00016076115971998834,0.00010678925906937232,0.0008415022371232652,0.6214560982295376,0.0003602721773922585,0.013486051876456172,0.00017505136428584917,0.00017579695326592131,0.00019447403162167794,0.0004701454836127785,0.0010578118473705967,0.0005953543796498508,0.000372044823490072,0.0001492277091938629,0.0001393555172841951,0.00011836599941728811,0.0012527273544614744,0.0005288263460678002,0.008278821057091016,0.0013430696885505984,0.21712261577589745,0.00011461028698161197,0.0001493487918043878,0.0002154411249400196,0.00011322529425967368,0.00028245048633403224,0.00047528108545870167,0.00023103527583938745,0.08074387470252133,0.001902008196259764,0.04137195010980621,0.0009259538088243828,0.0001347799295585672,0.0003133552372228856,0.00018953912024378893,0.0020860994857818858,0.00016046534086703104,9.583920964928768e-05,0.0006819006692656201
MosengeilFriedrich,0.0002494871314005661,2.8093046512412042e-05,0.2121591440393097,0.030452835920817545,0.008357377964299945,6.295763886151079e-05,2.547631072010391e-05,3.0590262769372745e-05,3.0720554600638394e-05,3.398437797612377e-05,8.215802225947761e-05,0.00018485284307057518,0.00010403830320708941,6.501491124606001e-05,2.6077573604382503e-05,2.43524059893888e-05,2.0684483322401433e-05,0.0491744103521627,9.241251532987321e-05,0.2602114902055393,0.0002347017108832875,0.3456624832919002,2.0028171783429768e-05,2.6098732816068e-05,3.764838194852743e-05,1.9786144013634287e-05,4.93582819622368e-05,8.305546976345212e-05,4.037346310183938e-05,0.007116366823124219,0.00033237633280068214,0.08415982210977911,0.00016181062306938645,2.355282107085761e-05,5.4758893687651693e-05,3.312200117369748e-05,0.0003645463244086232,2.8041352105567408e-05,1.6747922066995915e-05,0.00011916228554142549
MurhardFriedrichWilhelmAugust,0.0014871973953081707,0.00016746316880148182,0.00011124122113120054,0.0008765838180543835,0.02202566381263223,0.0003752916473245355,0.0001518647584438665,0.00018234912100280145,0.0001831257930139005,0.1669595044618329,0.0004897454871601789,0.0011019112095544566,0.0006201742457547611,0.00038755508598193347,0.00015544889759515175,0.0001451651415990586,0.00012330058687869022,0.001304952594195125,0.0005508727096300727,0.3004485739138997,0.0013990612306956224,0.03162454715337205,0.00011938830168069247,0.00015557502804656537,0.00022442269970839103,0.000117945569677597,0.0002942256298312558,0.0004950951882964423,0.00024066695876278707,0.000731563247067513,0.001981301454821788,0.0014074841447126163,0.0009645561108144502,0.0001403988011409688,0.00032641877601085695,0.0001974408603617673,0.4607546055015338,0.00016715501748810644,9.98346725742346e-05,0.0007103285836079575
MüchlerKarl,0.024642573119600854,8.917703802869e-05,5.9237877069762014e-05,0.0004667960664869392,0.04047755689432094,0.0001998493026546246,8.087061433204333e-05,9.710406541656897e-05,9.751765671527242e-05,0.03971693277907486,0.00026079795483050796,0.0005867868053730994,0.00033025352794827263,0.00020637979615561469,8.277923051124139e-05,7.73029523176255e-05,6.565969821146403e-05,0.0006949098595890573,0.0002933492595848563,0.3011811825337105,0.00899691071755765,0.23650052084653622,6.357633857854971e-05,8.284639716133398e-05,0.010021772629600188,0.005812509939986534,0.00015668024418898367,0.0002636467633481363,0.00012815932415133138,0.0003895701005244221,0.0010550773429612661,0.018051852497942694,0.0005136428361562476,7.476479346555798e-05,0.00017382365214948126,0.00010514067803034907,0.3073820489567969,8.9012942116806e-05,5.3163692389508614e-05,0.0003782622744250365
MüllerFriedrichTheodorAdamHeinrichvon,0.011421075072253192,0.0008211253381951378,0.0010457412350152711,0.09009835593291705,0.17132785128939768,0.002005148304279017,7.788734827385612e-05,9.352195756612253e-05,0.0003109751709991006,0.004161469075231952,0.0030294480697975177,0.004282135371015967,0.03883844088264015,0.009600203708108107,0.006644987901953537,0.006953021465650334,6.323755327435726e-05,0.003630975491517678,0.001777884459043481,0.13815981771606287,0.01899721867371045,0.23103777363832037,0.0020970534057033214,7.97902457182433e-05,0.0015941482125947188,0.0008127896194717614,0.002572899774578434,0.013440660180338114,0.026923448576339847,0.004859281549223967,0.006406704480673957,0.153232955106864,0.01590526885537264,0.006091209025831854,0.0016215791549540604,0.0007858589761235092,0.016136074521711178,0.00019966969896575008,5.1202517241483506e-05,0.002811110443070014
MüllerWilhelmChristian,0.000792971546287092,8.929112458748652e-05,5.9313661662911716e-05,0.0004673932511217117,0.004334506495822201,0.00020010497518784342,8.097407426187341e-05,9.722829323253393e-05,9.764241364959633e-05,0.14829894167645508,0.00026113160059701364,0.0005875374973544888,0.00774022230533007,0.00020664382332302242,8.288513218456016e-05,7.740184804246322e-05,6.574369841136025e-05,0.0006957988762721276,0.00029372454910210594,0.3380278649797893,0.0007459774680583954,0.1872817281134508,6.365767348100492e-05,8.295238476273632e-05,0.00011966186584989968,6.288841081891195e-05,0.00015688068939647272,0.0002639840536712187,0.0001283232817865402,0.0152091610384282,0.00846597340674567,0.0007504685538909622,0.0005142999531105996,7.486044205620609e-05,0.00017404602937516123,0.00010527518729877932,0.282721434904861,8.912681874333394e-05,5.3231706116491605e-05,0.00037874619542270217
MünsterGeorgLudwigFriedrichWilhelmGrafvon,0.001244985739156033,0.00014018936400068269,9.312397557417004e-05,0.0937992464558553,0.07660435703630508,0.011947348339429523,0.00012713138090442348,0.00015265092308010869,0.0001533011027945639,0.00016958816952538999,0.3726716914172257,0.0009224489943563961,0.0005191698789900941,0.000324436121732795,0.00013013179103463102,0.00012152289378905504,0.00010321929878160501,0.0010924221459592779,0.012094333480289704,0.2282498112079072,0.0011712038266858368,0.04974038793450032,9.99441859456192e-05,0.0001302373793134827,0.00018787220954078317,9.873642376492652e-05,0.00024630672054008724,0.00041446175934575015,0.00020147085551049896,0.0006124175666008385,0.0016586177894099185,0.0011782549470457685,0.0008074641647223701,0.023383889576137944,0.00027325674615108806,0.000165284753895203,0.11815093561985747,0.0001399313995960483,8.357514881370443e-05,0.0005946412759306643
MützschefahlAntonievon,0.0007401707960238221,8.334559174693808e-05,5.536420616059584e-05,0.03783410491555662,0.31349236462760216,0.0001867807987141697,7.558233997718228e-05,9.075425661226363e-05,9.114080243497568e-05,0.00010082381386868159,0.0002437439093317598,0.1586624884140633,0.0013771671860944277,0.09486586389855385,7.736614832504268e-05,7.224797377352945e-05,6.136609291283309e-05,0.0055075349290112235,0.00027416662595095557,0.16220120677296812,0.006870630621927631,0.2096496419208059,5.941896789875642e-05,7.742892282755338e-05,0.0001116940688660594,5.870092730875193e-05,0.00014643464232109155,0.00024640642915663965,0.00011977875634133432,0.0003640954137171075,0.000986083945282003,0.0007004979050322858,0.000480054810883551,6.987578967603523e-05,0.00016245701212179244,9.826534072924131e-05,0.003218543949137433,8.319222636071805e-05,4.968722329878523e-05,0.0003535270266248881
OsmundEmanuel,0.010585318512559502,0.00221787648441186,0.00021939789561370055,0.038400524085643054,0.29390139798375187,0.0034683430137505797,0.0005796154034516664,0.0012604442220510393,0.0009641807262892107,0.00039954573766253957,0.0017375063726145568,0.0204832659308721,0.004741896270411369,0.0064509242366522146,0.001738322286317217,0.001412185834570605,0.00238726470763099,0.012285696778690462,0.00393359615680508,0.0860511007176862,0.03938563349265572,0.3404307663928903,0.0011432032451974463,0.001139131157607894,0.004492001918784884,0.0009259216886249129,0.0009276305995260116,0.0038172870371550836,0.0016819112728463366,0.009953551226019965,0.018972957981832895,0.01642835488158848,0.015455355897495573,0.0006308125051488699,0.0067887301126333495,0.021734876978296278,0.010785318292505815,0.0030406159988673686,0.0006022086563996581,0.008445327306487397
OsmundEmanuelANDOttoGeorgChristian,0.004287493556918274,0.0004827854456460303,0.00032070121987062285,0.002527134248529397,0.5041854950826415,0.0010819414591132796,0.000437816241075453,0.000525700679597557,0.0005279397745918944,0.0005840293276472187,0.0014119044501782233,0.003176738492257632,0.0017879220950956574,0.001117296156744633,0.00044814908160268485,0.0004185016805829752,0.00035546758854905177,0.2040743372581042,0.0015881302648002773,0.0649247619895997,0.004033402715245246,0.13123396542532134,0.0003441887242690573,0.00044851270750700207,0.0006469960760162211,0.00034002942155164645,0.0008482333926629357,0.001427327291305789,0.0006938272204576772,0.002109049355637304,0.005711963488277197,0.044120134156288716,0.002780752658288618,0.0004047606304247316,0.0009410441434465373,0.0005692091845669649,0.006264812170174581,0.0004818970654116237,0.0002878168807782101,0.0020478311992221587
OttoAmöne,0.0005196141073536518,0.029190234729909705,3.886673551296893e-05,0.00030627092245854876,0.3475656988545993,0.0001311237061986728,5.3060253565691634e-05,6.37112302882697e-05,6.398259287606537e-05,7.078025278057525e-05,0.0001711129033335106,0.005240285815287793,0.0002166836010661577,0.00013540844724996393,5.4312521268420116e-05,5.071946448321412e-05,4.308017522709282e-05,0.00045593932554664345,0.02932419475897985,0.007868425176275362,0.10244985591787864,0.3751959040691056,4.171325608960384e-05,5.4356590174221165e-05,7.841138045747328e-05,4.1209177811693956e-05,0.00010279992991357685,0.0001729820433611209,8.408698626124919e-05,0.0002556019697163037,0.0006922498587569031,0.0004917629763046468,0.00033700769251919293,4.905414570960188e-05,0.00011404794108397884,0.0971747325707764,0.0007592512362592013,5.8402539888639696e-05,3.4881384566878966e-05,0.00024818275910357547
OttoGeorgChristian,0.0027265236992106336,0.00030701526234689096,0.00020394187530196697,0.008555272592420428,0.2027050325213413,0.0006880334606382991,0.0002784182276531623,0.00033430612608176485,0.00033573002223129814,0.0003713987628727176,0.004371967688015607,0.0020201669507722104,0.04042506213863742,0.0007105163914440532,0.00028498913772070103,0.0002661356186594755,0.00022605067310628687,0.003935990015816139,0.0010099315012204815,0.17490095742226722,0.048872376715612134,0.11965415312595461,0.00021887816302520148,0.00028522037646954253,0.0004114408829158589,0.00021623315906644028,0.12560710491149543,0.0009076728943407563,0.00044122197144361966,0.0013411968961845452,0.04418119659654162,0.04341294656393844,0.0017683497185046393,0.00025739734339185697,0.0005984333562368224,0.00036197426559999197,0.16038427242645162,0.00339361269907289,0.00018302990688077425,0.002845847939115125
PaulusSophie,0.001305745626302114,0.00014703112103280465,9.766876839269392e-05,0.0007696325249914392,0.12914661288483312,0.00032950261251646736,0.0001333358602920465,0.00016010085006913592,0.00016078276094711578,0.00017786469649079791,0.0004299920305657143,0.0009674679010252423,0.0005445072802670491,0.0003402697987964053,0.00013648270148179938,0.0001274536583593332,0.00010825678053582929,0.062150337902035786,0.04928734239645605,0.019772676712209336,0.05003204411201512,0.4547982720951068,0.00010482183013701321,0.00013659344285735342,0.0001970410649666462,0.21972012064675464,0.0002583273952134229,0.0004346890189296913,0.00021130337491938848,0.0006423057982991141,0.0017395644432819102,0.0012357581258856671,0.0008468713884198032,0.00012326885530208477,0.0002865926812834058,0.00017335125833600745,0.0019079331507356105,0.00014676056701559852,8.765392373491756e-05,0.0006236619592056719
ReichardtJohannFriedrich,0.000690626905920114,7.776679174520721e-05,5.165836129285086e-05,0.0004070692780611629,0.552300079895926,0.0001742784851742556,7.052317908387665e-05,8.467955204381021e-05,8.504022413053676e-05,9.407509589577481e-05,0.00022742872704916645,0.0005117071423431261,0.0002879974251085873,0.00017997339879004018,7.218758687550431e-05,6.741200119520021e-05,5.725850723166351e-05,0.03932540793067234,0.0002558150762016442,0.3073068683024932,0.0006496981046338416,0.02759232426369569,5.544171449796569e-05,7.224615951937587e-05,0.00010421774218191668,5.4771736496045284e-05,0.00013663292916852552,0.0002299130291028083,0.0065649966304363394,0.0003397244127787188,0.007373315028615049,0.0006536095497888287,0.0004479219802964258,6.519860102820336e-05,0.00015158282957044545,9.16878760842619e-05,0.052635015052685065,7.76236919867064e-05,4.636137155767683e-05,0.00032986342864198357
ReitzensteinAnnaMargarethaFannyvon,0.007329576433060943,8.414317472116132e-05,5.58940188032267e-05,0.00044044637330211577,0.27820405659003006,0.019009715810017418,7.630563183046702e-05,9.162273745684158e-05,0.006902384179007298,0.00010178865622749621,0.0035372376918569675,0.004675425545203749,0.00031161138470971986,0.00019473007436345599,7.810651048927858e-05,7.293935711602055e-05,6.195334113887592e-05,0.03391232416366694,0.00027679028760330387,0.14250950027482856,0.01973098691110127,0.30585653176485805,5.998758294063965e-05,0.0028260109972987483,0.00011276293508660022,5.926267099802507e-05,0.0001478359615163094,0.013840205643263003,0.00012092498969008242,0.0003675796568172737,0.01981666795838106,0.007517572578018333,0.05972555130489749,7.054447219406486e-05,0.012811843881132599,9.920569955421503e-05,0.0024657951965531963,0.05334836934523671,5.016270955437351e-05,0.003045645505473975
RichterCaroline,0.12755968739849619,0.0006720212241830927,0.0011297069267015103,0.014370142903347696,0.12299355568079785,0.009250828571121071,0.0028093962690223934,0.0015459272043523477,0.0017506285279259414,0.001091884502880488,0.015318112613978509,0.009439981145007685,0.0033666520935569087,0.004573547817176653,0.002973958192220908,0.002340766352258559,0.0008884908147750791,0.039282718993322696,0.0023737654200049604,0.13332150731172138,0.023174763820407833,0.30902258873948696,0.000923390517312714,0.0007615135421072282,0.004296612682101164,0.0013094942167777186,0.005992700881484518,0.02279691434083153,0.004776979913797239,0.03753791224514126,0.027919306869694037,0.008019961571618097,0.015146852615872794,0.0013389443248474928,0.0037309796512652203,0.0021288540586984184,0.022357555871976256,0.003311441641855586,0.001501309673304064,0.006898642858567777
RichterCarolineANDJeanPaul,0.10530146283871918,7.878361010147758e-05,5.233380602753291e-05,0.006950004665140921,0.00382443463812119,0.000176557215707576,7.144528556950838e-05,8.578675630139362e-05,8.61521442570682e-05,9.530514901006717e-05,0.0002304024089925397,0.0005183978287362832,0.0002917630564511848,0.00018232659160439282,7.313145586871627e-05,6.829342832765518e-05,0.2092616188353582,0.0006139193299504237,0.00025915991606780155,0.3047873621091659,0.000658193054007479,0.1913934217413713,5.6166627429816236e-05,7.319079436312798e-05,0.00010558041268588734,5.548788931428745e-05,0.0001384194355593862,0.0002329191938563113,0.0001132225789060073,0.00034416638616137216,0.014007335651365338,0.007199768506572656,0.00045377866129767645,6.605108745384672e-05,0.00015356480928368374,0.11776991827463415,0.033710391162590204,7.863863928133261e-05,4.6967556955888547e-05,0.00033417646743114153
RichterCarolineANDRichterEmmaANDRichterOdilieMinna,0.0011152470593868236,0.00012558037497285398,8.34196221298944e-05,0.115287214302273,0.2561976394378272,0.00028143063416567944,0.00011388315082673808,0.00013674332783376487,0.0001373257529907877,0.09393998727964586,0.00036725939416413415,0.0008263215360905992,0.00046506772138483896,0.0002906269681182411,0.00011657089131197188,0.00010885911836893364,9.246292211844175e-05,0.1677129316823894,0.07335937660826149,0.006467093509984071,0.0010491538839147072,0.2633958274207607,8.952910541306389e-05,0.00011666547634519072,0.0001682942403604546,8.844720288350621e-05,0.00022063935123928154,0.0003712711268901585,0.0001804757854596369,0.0005485981636475757,0.0014857749403137989,0.0010554702142946256,0.0007233191569546159,0.00010528484692609023,0.0002447809424782647,0.00014806060017045518,0.012050476764279977,0.00012534929277275582,7.486586875724728e-05,0.0005326743218932463
RichterCarolineANDRichterOdilieMinnaANDRichterEmma,0.010487272828813511,0.0001184108224810217,7.865708371703828e-05,0.000619819937794318,0.16296334092625542,0.00026536338078395755,0.00010738140859222054,0.0001289364673507958,0.0001294856410723396,0.030809256850172405,0.00034629206144875185,0.010214842452198846,0.00043851637973256095,0.0002740346836636341,0.00010991570235859028,0.00010264420490391679,8.718408954751125e-05,0.13850344865790615,0.019260907697923237,0.02339086194662802,0.0009892562777452543,0.31953356943108624,8.441776838333691e-05,0.00011000488740506156,0.00015868609585062855,8.33976331241699e-05,0.0002080427539539509,0.000350074758958337,0.02375941398982827,0.0005172779567120229,0.015554495136654307,0.0033541361812964056,0.062014052598683415,0.11957174856400583,0.00023080606928269204,0.0001396076213899432,0.016470604319622745,0.00011819293307449413,7.059167562780536e-05,0.03824505012397086
RichterCarolineANDUtheSpazierWilhelmine,0.3946645683691321,9.49174887917518e-05,6.305110213469269e-05,0.000496844382682383,0.05974265835615505,0.00021271388200465885,8.607636897487303e-05,0.0001033547900284092,0.00010379500477793276,0.00011482242818407769,0.00027758588423370373,0.0006245590933871385,0.0003515124098131827,0.023848962584149758,8.81078454491029e-05,8.227905156276838e-05,6.988630489220111e-05,0.0007396421799477331,0.0003122325620386308,0.1939224097503334,0.0007929825981075737,0.3014762473359187,6.766883648354289e-05,8.817933571047819e-05,0.00012720193482925062,6.685110145730763e-05,0.00016676597081989066,0.0002806180745432185,0.000136409119237386,0.00041464727319416274,0.0011229941483674145,0.016550621894910356,0.0005467067444888585,7.957750787261693e-05,0.00018501292394721303,0.00011190873064535044,0.0012316863408118473,9.474282979632732e-05,5.6585913684258875e-05,0.0004026115465006813
RichterEmma,0.03150756373200329,0.04683370138723766,0.001801340973506431,0.0035168233213535333,0.11709129803897708,0.0005432768154550085,0.005899353280971122,0.00037279678760410867,0.0001618061652264742,0.00017899682962785318,0.008052387057183889,0.006957132437642015,0.006331596708871288,0.00746849226880019,0.0015956572741182063,0.017040339682042445,0.008624198499936972,0.10282649810049874,0.009682667555855447,0.11626992667805178,0.029606149634996606,0.3394157112165804,0.0001054890354325342,0.0034814366304450053,0.00083663810736396,0.004792170754455391,0.00025997168444057394,0.008307523338765697,0.0002126483498213091,0.024640415126240007,0.011123321003496469,0.007003943574837665,0.009933513589221848,0.0011400320737606972,0.0038105489964301927,0.0030118046079239276,0.004719491444297795,0.006917286648748244,0.022804525719633012,0.025121524868145177
RichterEmmaANDRichterOdilieMinna,0.0008298650889602944,9.344545513154112e-05,6.207327027423038e-05,0.0004891390412905592,0.1673760623523187,0.0002094149958005376,8.474144836021451e-05,0.00010175190596771072,0.00010218529361995993,0.00011304169755808188,0.0002732809266290218,0.0006148730806200538,0.0003460609581806808,0.0002162580683102712,8.674141955772396e-05,8.100302187664451e-05,6.880246887316386e-05,0.0627624151967667,0.00030739028431947323,0.10561786701037956,0.0007806845791520081,0.3898521502829053,6.661939020847746e-05,8.681180110802332e-05,0.00012522921586990903,6.581433707573808e-05,0.000164179670596934,0.00027626609203030764,0.00013429361009746686,0.04693389954267109,0.0011055781251702213,0.0007853846158196818,0.0005382281096198148,0.02334118480123461,0.00018214363973951747,0.00011017318727522578,0.0012125846581232686,9.327350484579276e-05,5.570834759293764e-05,0.19425337950406849
RichterMax,0.013549318384804047,0.000918044889554912,0.027674913436760196,0.007416145478862068,0.16349631129044234,0.00198057701603554,0.00014201652753150968,0.0019281491210407895,0.0033545535468637298,0.004733066786401938,0.0023209248004052497,0.0029893642207960373,0.0017149588921174916,0.00235634849136865,0.00014536823994768162,0.0019052815549732535,0.0009407056842425193,0.18948743105089877,0.0013753183016822583,0.08126829641556722,0.020685545479077767,0.35297724159453187,0.0005441636967413704,0.004399338254214697,0.005418753048912844,0.00011029695378292389,0.00033004650488103636,0.0020407424707620924,0.00022506002133268756,0.012137488774482338,0.028782236310717944,0.008032805319423336,0.0067776965306361545,0.0030067893571508937,0.0023036530155841387,0.00018463707886366674,0.018235641295875057,0.0020893618792819303,9.336052466365126e-05,0.02192804775878727
RichterOdilieMinna,0.012492559441851646,9.420703345854006e-05,6.257916601052118e-05,0.003251912618392732,0.0920887205177388,0.006376988494933858,8.543208923064306e-05,0.0005219255756527452,0.0002447798213258157,0.0009548385567261481,0.0024436895573768293,0.0035624357111803807,0.0019030299819241111,0.0013030266467017448,0.0004799620643125664,8.166319465653878e-05,0.00023010673008867636,0.11658069328003796,0.003304526506195334,0.06687319267563704,0.020202319571365982,0.39974676364482037,6.71623367184949e-05,0.0002143087823987119,0.0016267198564987614,0.0002589159616837091,0.00022812694319699584,0.0025977202012613665,0.0016904881635004126,0.004080961474598527,0.020199143881953343,0.0017817430274738675,0.0035960621927855836,7.89818719619805e-05,0.00024842394222812116,0.00011107109623748724,0.003696482011330539,0.0027567902244912236,0.0006932594730268929,0.22318828567903506
RichterOdilieMinnaANDRichterCaroline,0.0009474086469289498,0.00010668123455916231,7.086543798901433e-05,0.0005584215596414671,0.02288390477724524,0.00023907690594213168,9.67443768846042e-05,0.0001161642257732364,0.00011665899921855332,0.00012905312339892645,0.02686982032222693,0.0007019647905337444,0.01810029857870729,0.0002468892433371243,9.902762753743406e-05,9.247643306631463e-05,7.854777217121147e-05,0.3814935609746355,0.0003509295874960601,0.005493832295084185,0.0008912621227859469,0.4627767188388445,7.605547838591532e-05,9.910797805491566e-05,0.0001429669033456117,7.513639610454099e-05,0.00018743436932424585,0.0003153969095997307,0.00015331519439267858,0.00046603722426743664,0.010114784632281763,0.03630706975046395,0.0006144636903727287,8.944006938087001e-05,0.00020794278680710568,0.00012577831224957768,0.001384337292316601,0.00010648492893102221,6.359897640928224e-05,0.027010341233304563
RichterOdilieMinnaANDWeldenLuisevon,0.0006818269266612862,7.677588602097734e-05,5.100012961374117e-05,0.00040188239470469736,0.035582013249781004,0.00017205782588391105,6.962457158989565e-05,8.360056381551409e-05,8.395664021265021e-05,9.287638949502703e-05,0.00022453082651309057,0.0005051869616194773,0.00028432775723751744,0.00017768017481785352,7.126777147039358e-05,6.655303638043748e-05,5.652891840199175e-05,0.0005982741897919768,0.000252555476343352,0.003953777286593296,0.14080359840526635,0.556034416848995,5.473527527083195e-05,7.132559778068503e-05,0.03832893855195559,5.407383413950006e-05,0.0001348919501645957,0.00022698347354959176,0.00011033721102513553,0.00033539563879012463,0.0009083560030380132,0.007016289371939779,0.00044221455114416857,6.436783939433914e-05,0.00014965135869263893,9.051958767714788e-05,0.00099627383024468,7.66346096419249e-05,0.14020794939864806,0.0704067496856936
RitterAuguste,0.001815101538306796,0.00020438622086096003,0.00013576819878475431,0.0010698570624349821,0.009921628897286127,0.00045803768115886337,0.0001853486010234257,0.00022255429648092696,0.00022350221272025958,0.0002472476091114409,0.0005977268316416397,0.0013448656767754412,0.05163797779339915,0.00047300501934960945,0.00018972298771044343,0.00017717182174756022,0.000150486469128912,0.0015926745626462047,0.0006723316661360777,0.010525408948219885,0.0017075327054985948,0.3269233063344185,0.00014571158524087969,0.00018987692798569567,0.00027390445192869325,0.0001439507530296046,0.00035909785412536636,0.0006042560595656175,0.0002937303201633391,0.0008928616868951707,0.0024181479404429148,0.0017178127424577125,0.0011772258921686333,0.5768234208221225,0.00039838909369980174,0.00024097353216047032,0.002652195287603034,0.00020401012692433573,0.00012184668177710124,0.0008669451068685634
RochlitzFriedrich,0.03673459006358305,0.00011160719260940819,7.413761773260922e-05,0.0005842064241353369,0.03899017213673538,0.0002501161746037669,0.00010121150499855993,0.014021702037566435,0.00012204567606672547,0.00013501209335970026,0.00032639486823439885,0.0007343776991882766,0.000413320176566094,0.0002582892431661587,0.0001036001837239136,0.002428066481377018,8.217468024229387e-05,0.0008696962834802962,0.014114679089848085,0.38279577164761974,0.0009324157506639774,0.11102879765042772,0.04819597650831125,0.00010368424439042061,0.00014956833584087861,7.860578541923223e-05,0.004858729048240036,0.0003299602201227623,0.00016039445457526302,0.00048755628360416846,0.0024660832801275674,0.0009380292703038783,0.016918203227840285,0.07819278960894409,0.00021754445151314143,0.0001315860692776288,0.2328881612794004,0.00011140182265713233,6.653563055586471e-05,0.00849280580294709
SchellingFriedrichWilhelmJosephab1812von,0.0015297124179459102,0.0001722504959142403,0.00011442131211950057,0.0009016430206767332,0.008361647329431253,0.0003860202385203605,0.00015620616844329562,0.00018756199794291967,0.00018836087294350645,0.00020837277143075162,0.0005037460095784089,0.0011334119236942088,0.0006379033798836862,0.0003986342563098768,0.00015989276861127867,0.00014931502735112163,0.00012682542309675515,0.0013422577221212575,0.000566620696947911,0.4090933023563085,0.0014390566745299516,0.07540962403702925,0.00012280129605833805,0.00016002250479721963,0.0002308383484908768,0.00012131732018004123,0.00030263675894723086,0.0005092486444581224,0.00024754698775707906,0.0007524766968275352,0.0020379415998823427,0.10150342226428953,0.015285801905723175,0.00014441242988161282,0.0003357502216516753,0.00020308517003738764,0.3738706537434201,0.00017193353537345144,0.0001026886806419702,0.0007306349907517569
SchillerCharlottevon,0.0007394453467216969,8.326390384234518e-05,5.5309943110854246e-05,0.00043584384111803676,0.40893229712861084,0.00018659773285855172,7.550826091855962e-05,9.066530739611251e-05,9.105147436113547e-05,0.00010072499537192169,0.20132774348453264,0.0031805371378234226,0.0003083551394231498,0.00019269520363050717,7.72903209368074e-05,7.217716276283366e-05,6.130594734978615e-05,0.008546808551110497,0.00027389791231279177,0.09177004944439077,0.0030999200137538986,0.0821819823781178,5.936073073373084e-05,7.735303391335775e-05,0.01854019676373169,5.864339390297721e-05,0.00014629112016424682,0.0033204264104025483,0.00011966135990302033,0.00036373855991362464,0.0009851174738759645,0.17001965238359787,0.00047958430403647164,6.980730366830805e-05,0.00016229778626918894,9.816902981932962e-05,0.0031302999715104056,8.311068877117816e-05,4.9638524320576046e-05,0.0003531805310104635
SchlabrendorffAmanda,0.001110800331111589,0.0001250796591901884,8.308701027558622e-05,0.0006547278783662083,0.18187325484602854,0.00028030851010542876,0.00011342907437561298,0.00013619810297330892,0.009148951186986968,0.00015130984149996132,0.00036579505250223084,0.2640179088497106,0.0004632133970275814,0.00028946817630991505,0.00011610609826535202,0.00010842507380849841,9.209425269516533e-05,0.004560412058689843,0.011780122319017662,0.03512716313173756,0.0010449706832495193,0.44592988185119403,8.917213374374102e-05,0.0039057572482696177,0.00016762321527155505,8.809454499069477e-05,0.00021975961501085825,0.0003697907895928529,0.00017975618994809186,0.012562641427052679,0.001479850838221693,0.01620948959747798,0.000720435128953666,0.00010486505374946677,0.00024380494856822012,0.0001474702509274918,0.005208814336613927,0.00012484949836418795,7.456736254496828e-05,0.0005305504355770104
SchragJohannLeonhard,0.013586766489723037,0.004371798874977463,0.00011680676612197751,0.0009204404624525485,0.02365090098554929,0.002492046634850779,0.0001594627525780369,0.0001914722879965614,0.00019228781793259958,0.00021271692421495985,0.0005142480997268389,0.006847555564526409,0.012424436963306851,0.0008859526411833298,0.00190039508455842,0.0011104432714027562,0.00012946947784091002,0.0013702410933680907,0.0026764122492481815,0.32314970081599914,0.0014690581090569688,0.08678197447772365,0.001183758920440792,0.0001633586518618176,0.0002356508633286514,0.0001238465420674027,0.15266096373485857,0.002788040441474729,0.00025270784408539584,0.006262603029212423,0.013225061376900955,0.016311986531811117,0.0047213351498417815,0.00014742313831072723,0.013932092525890623,0.0007365178192704461,0.3010738507905808,0.00017551800344604499,0.0001048295328985029,0.000745867259380334
SchubaertHenrietteLuiseEleonorevon,0.0019832878688240225,0.0002233245379575092,0.00014834840692883535,0.13089223508622402,0.04790474615484295,0.0005004792058928409,0.00020252290252377648,0.00024317605767500697,0.00024421180732231505,0.0002701574393484875,0.0006531118777913298,0.001469480205738061,0.13055029393181067,0.000516833409575564,0.00020730261752418392,0.0001935884672860633,0.00016443046427250908,0.0017402509294479598,0.0007346295560510648,0.03003257990498585,0.0018657517659286013,0.5240028738596868,0.00015921314221623904,0.0002074708218223941,0.00029928429085781025,0.00015728915224104778,0.00039237166779768296,0.0006602461004566316,0.00032094721336040283,0.000975593769706583,0.0026422122256455315,0.0018769843455732087,0.0012863070090181113,0.00018723219928893183,0.0004353036124599792,0.0002633020098078701,0.11408929968375404,0.00022291359535936607,0.00013313692965651606,0.0009472757733392144
SchubaertMarievon,0.0018788328832635031,0.0002115625735173732,0.0001405352543616966,0.0011074215887501417,0.11560516757295132,0.0004741201739809104,0.00019185651001902174,0.0002303685616012432,0.00023134976081431806,0.00025592889901916775,0.0006187140514160046,0.001392086229762777,0.0007834896496949133,0.05315719962937658,0.00019638448896577848,0.00018339262992280703,0.00015577030855770682,0.0016485961129361485,0.00069593839029753,0.010894974206323932,0.0017674871232445598,0.373513871755888,0.00015082777026259361,0.00019654383434954825,0.2109538680621605,0.00014900511219601546,0.0003717063990092111,0.0006254725317913425,0.0003040436982105179,0.0009242116003657004,0.002503053284467073,0.07200157689423012,0.0012185603232417034,0.00017737113122079197,0.00041237722175860807,0.0002494345284074798,0.002745318437575381,0.0002111732742741005,0.00012612492888575084,0.14134428261292795
SchwendlerAugusteSophieHenriette,0.011470698611995764,8.97251289740548e-05,5.960195895409333e-05,0.014762506356229574,0.2152675731403644,0.00020107759634595832,8.136765317120305e-05,9.770087666069003e-05,9.811700993265154e-05,0.00010854118992269193,0.0029270338788155224,0.17853524100839752,0.00033228329897840036,0.036009712587642434,0.002205786155207849,0.0018670922300840845,6.606324924725322e-05,0.00784989389294374,0.00029515221331108567,0.0674440789369269,0.037293424967561856,0.3893442063674564,6.39670850788219e-05,8.335557935827593e-05,0.002451796484857714,0.0005295046825685609,0.002762010781328167,0.002596728362990972,0.00012894700410442443,0.0003919644371092907,0.004975490004690691,0.013721581293209785,0.0005167997361147119,7.522430532238104e-05,0.0001748919896042723,0.00010578688309492423,0.004491435483213787,8.95600245123752e-05,5.349044173065039e-05,0.00038058711198601003
SchützFriedrichKarlJulius,0.0010814383857593005,0.00012177341051978157,8.089075935013371e-05,0.0006374213619322688,0.01601629910996064,0.0002728990748316197,0.00011043078729386126,0.00013259795887487697,0.00013316272783466484,0.0001473102466376341,0.00035612593912434773,0.0008012716290857418,0.00045096921049915165,0.00028181662225831264,0.00011303704902504152,0.00010555905819541594,8.965991203180841e-05,0.041368867293707166,0.3338651713604445,0.2791057131187062,0.001017348822473144,0.08362620080219964,8.681503387205612e-05,0.00011312876671645366,0.00016319240664760276,0.01019075368143183,0.00021395067741346698,0.0003600160563201868,0.00017500466865469274,0.0005319674304738723,0.0014407337275903688,0.0010234736735296778,0.0007013917632886249,0.00010209314066003204,0.0002373604172010806,0.00014357214851651374,0.22388990980127632,0.00012154933356808868,7.259631269668579e-05,0.0005165263193972321
SedlnitzkyvonCholtitzJosefGraf,0.0006187535811669846,6.967362620213353e-05,4.628229189041575e-05,0.000364705706401393,0.05541704649599293,0.00015614137806904587,6.318385403084307e-05,7.586697771196352e-05,7.619011476813094e-05,8.428473027210922e-05,0.6477484687730715,0.00045845394107793037,0.00025802562371269894,0.000161243623817072,6.467504742739887e-05,6.039645544592788e-05,5.129963240378823e-05,0.006324579188978883,0.00022919248172845102,0.1828191523042455,0.0005820842273499436,0.07097399322410983,4.9671912718126676e-05,6.4727524434656e-05,9.337183455122664e-05,4.907165911601856e-05,0.00012241358322946552,0.00020598605251960346,0.00010013031428970748,0.000304369400054909,0.0008243272711544147,0.0005855886096386154,0.0061829560636473616,5.8413403137735106e-05,0.00013580765220141443,8.214594767510272e-05,0.0240307088693224,6.954541879046524e-05,4.1536558209974985e-05,0.0002955346454339509
SpazierRichardOtto,0.000517103421615449,5.822749411410026e-05,3.8678938151115364e-05,0.000304791074190073,0.11879042840600812,0.00013049013906792277,0.12568031912092928,6.340338861310277e-05,6.36734400236817e-05,7.043825480806517e-05,0.00017028611529996417,0.00038313814869138856,0.00021563662328168246,0.00013475417698953143,5.405009253404849e-05,5.047439677946022e-05,4.28720192513192e-05,0.0004537363053708332,0.00019154025143061605,0.002998578793615905,0.04880473328191216,0.6198062251596725,4.151170483132191e-05,5.409394850649818e-05,7.803251019232597e-05,0.004872837571609487,0.00010230321838425225,0.00017214622396537004,8.368069244784646e-05,0.00025436694508756226,0.0006889050268459576,0.0004893868624276155,0.07281279197103135,4.88171245389103e-05,0.00011349688110485466,6.865083598308198e-05,0.00075558266524927,5.812034888978479e-05,3.471284373336146e-05,0.0002469835828207709
StudnitzAugustvon,0.00224440425842814,0.000252727076024789,0.00016787971200546466,0.001322896651323665,0.5155312752695751,0.0005663714676108346,0.0002291867317895256,0.0002751922138853058,0.00027636432861238375,0.00030572591949514324,0.07128591629160663,0.0016629495310683039,0.05814248801344865,0.0005848788386111266,0.00023459573613509652,0.00021907600363483575,0.00018607910633132668,0.001969369478926155,0.0008313496643055818,0.03302524642307804,0.04880232057938188,0.19831459789930922,0.00018017488031111368,0.00023478608593207928,0.00033868756393906873,0.00017799758100859095,0.0004440306704512045,0.0007471730063846434,0.007033335024027801,0.0011040388264582802,0.0029900815026040538,0.02213450228918876,0.008125792488396897,0.0002118828799412333,0.0004926149637034961,0.0002979679154775828,0.0032794850712495856,0.00025226202940612104,0.00015066551687845073,0.015373630510053913
ThieriotPaulEmile,0.001438968658183099,0.014088695180571487,0.00010763374869456617,0.0008481568381104896,0.22955497578887885,0.01410968683808277,0.0001469398940400837,0.003093047353867096,0.0001771871558431048,0.004838232839680876,0.0004738633948212907,0.0010661770250888097,0.0006000624430010668,0.00037498695452724246,0.00015040780214800345,0.00014045754092950922,0.005952525404168714,0.020895741068950393,0.000533008305626985,0.10393257620241776,0.03417496977173155,0.387976523582879,0.00011551662530758148,0.008003186207927265,0.0078021046809331075,0.000114120680061065,0.0017429899467764159,0.0036201021552734283,0.00023286230315655812,0.0007078391794726582,0.0019170492800051951,0.0013618404507166457,0.06179459495395039,0.0001358457694490999,0.03843422280669149,0.00019103799589859864,0.008964439176128014,0.00016173430102975084,9.65971062668026e-05,0.03992909258871324
ThüngenJohannHansCarlMoritzFreiherrvon,0.0008633379104743147,9.721460156573236e-05,0.266277272221247,0.0005088685901563525,0.012786191418031171,0.00021786180344438364,8.815951644566059e-05,0.00010585609522989035,0.0001063069636844086,0.00011760126346384152,0.0002843037829967959,0.0006396741442569839,0.00036001941581463847,0.0002249808930414401,9.024015699511407e-05,8.427029956966113e-05,7.157763412707364e-05,0.0007575423743308826,0.06485619991031133,0.35188953190388955,0.041147430542121305,0.13936424168839912,6.930650042372347e-05,9.031337740332227e-05,0.00013028036845713972,6.846897526609719e-05,0.00017080189978000158,0.00028740935581128205,0.00013971037735405529,0.0004246822157540136,0.02535132601278689,0.03308526878598509,0.0005599376786651933,8.15033754043295e-05,0.00018949045023199576,0.05658397664101252,0.00126149457176098,9.70357156210429e-05,5.7955358101785106e-05,0.00041235521058399777
TieckLudwig,0.053553297473431724,0.00010135636549229426,6.732827252390629e-05,0.0005305486005264502,0.07309401378233285,0.000227143661765549,9.191549444811004e-05,0.00011036602428960481,0.00011083610169700128,0.00012261158766296198,0.0002964163579972193,0.0006669270389123873,0.037232582140200796,0.00023456605547544609,9.40847793147039e-05,8.786058005445219e-05,7.462715197934513e-05,0.0007898169671215986,0.10844105232141957,0.2658149833912059,0.000846775816195052,0.2754962054814486,7.225925812378083e-05,9.416111923006966e-05,0.00013583087755478926,7.138605075967965e-05,0.0001780788019706537,0.0002996542416914209,0.00014566264575583567,0.00044277552121567334,0.0011991742174865291,0.011382509273056817,0.03217570002655169,8.497577291155414e-05,0.00019756356577799929,0.00011950023488247312,0.13472393524930154,0.00010116985823001721,6.042450787631405e-05,0.00042992333212767185
TruchsessvonWetzhausenChristianFreiherr,0.006668087786075208,0.01889041026083277,0.003755758031774393,0.001139579895346398,0.10044041018865714,0.050914463535908956,0.01042339293741686,0.003365633033521229,0.0006385934628264273,0.002754285020981178,0.007546231598588121,0.0070384758898957445,0.01780657917342593,0.0006003556701563819,0.0008572603788478189,0.00010886066450287148,0.01630043295790374,0.00962173202618293,0.00041310447237021805,0.06468211153483752,0.025944429734876075,0.3110769673521743,0.007643891704370664,0.0068674795024063415,0.009014373078064672,0.0003296055288090136,0.0027654847230311175,0.004010825410609752,0.004867135917550316,0.002179155064496834,0.011425929329615779,0.21180575299508186,0.05464219581206939,0.00010528634229439203,0.0008761727914040567,0.006239460963255883,0.0058661781590899995,0.0011671776999894815,0.002123050056977519,0.007083689313780644
UnbekannteKorrespondenten,0.04481968319521429,0.0032227669411468846,0.00021417518261183713,0.008878429615807672,0.13600662584714077,0.0022775164859724258,0.00029238857719528363,0.01992061834230536,0.00035257613824134,0.0003900346495406944,0.040081140790406235,0.012724593696741776,0.01215461053148771,0.0029404178191770078,0.0002992891995493604,0.00027948965675396876,0.00023739334612071582,0.008598908377456489,0.020575334525355437,0.1967445424999543,0.013871875763598373,0.19724208973395344,0.0138333838348435,0.0024471232620223286,0.00043208598578395893,0.00022708321310283943,0.01527440595036624,0.0023124651288989237,0.0015793036915044668,0.001607972116713621,0.05231153279175875,0.02644724299755769,0.0020429166887788635,0.0002703129160851697,0.0006284612866448418,0.0003801372539154846,0.15515999865203658,0.0010592339853335284,0.00019221390247380594,0.0016696254264479758
UtheJohannAndreas,0.0010600154985002128,0.00011936112510521468,7.928834386287207e-05,0.000624794284742271,0.30293856298796623,0.00026749304690602284,0.0001082431949748891,0.00012997124323285063,0.00013052482433218126,0.00014439208611422092,0.0003490712183521227,0.000785398739793249,0.00044203568022959316,0.0002762339410756598,0.00011079782764243523,0.00010346797299567232,8.788378293151892e-05,0.0009301186103598953,0.030107075533777467,0.006146816791072587,0.0009971955253329603,0.2701610204886748,8.50952607370114e-05,0.00011088772844091232,0.00015995962651404373,8.406693841188618e-05,0.00020971239504658382,0.0003528842737909457,0.00017153789205810358,0.0005214293559625383,0.25893729881983946,0.0010031990453960773,0.0006874974565326879,0.00010007071398174242,0.11909039938975882,0.00014072803830948168,0.0015488764956537962,0.0001191414870335696,7.115820707476018e-05,0.00050629412748273
UtheSpazierWilhelmine,0.013547147364368614,0.00018306954947307612,0.00012160811467424902,0.04237616780192222,0.21468672334869057,0.0004102661695011671,0.00016601747780202144,0.002597760508232918,0.00020019181927517616,0.00022146066509600272,0.001734595166826527,0.0012046015260322829,0.013103337865918234,0.0004236724737414861,0.00016993563332463925,0.0001586935041414301,0.00013479132785553722,0.0014265649289499748,0.0602089786938621,0.19248271157668692,0.06356078198510591,0.12381720134618031,0.00013051444539992886,0.00017007351824035167,0.0002453373050395966,0.0042707265193560355,0.0003216453736193928,0.0005412345515518244,0.00026309541392942375,0.0007997397577641278,0.004564362452008311,0.007751335580964733,0.037030712024852135,0.00015348297452740987,0.00035683869289909054,0.00021584094946187023,0.2091803841813227,0.00018273268064088514,0.00010913855661971374,0.0007765261741410832
UtheSpazierWilhelmineANDMahlmannErnestineANDRichterCaroline,0.10069340149969956,7.533598745626275e-05,5.0043644221817204e-05,0.0003943452640597805,0.03491468796754308,0.00016883095571180434,6.831879283699703e-05,8.203267136795056e-05,8.238206970613172e-05,9.113453294526058e-05,0.0002203198478896457,0.0004957123984636753,0.00027899531301873044,0.00017434785992110897,0.08759124787481905,6.530486294307191e-05,5.54687429655317e-05,0.0005870538158981235,0.00024781890752279494,0.3477133700791725,0.0006293900926428445,0.2455331458161512,5.37087388361994e-05,6.998791701665248e-05,0.00010096014431790906,5.305970274745325e-05,0.00013236210993089936,0.00022272649659085385,0.00010826788431301795,0.0003291054385210782,0.05090350114993717,0.0006331792753584878,0.00043392100833419817,6.3160648382146e-05,0.00014684471213006787,8.882193192701731e-05,0.0009775891450840284,7.519736065464886e-05,4.491222574241701e-05,0.1253500051132188
ViewegEduard,0.002177670959623263,6.297241206399521e-05,4.183085788780313e-05,0.010135423031871088,0.1417146789132383,0.00014112368963656625,5.7106826624444227e-05,6.857008660159863e-05,6.886214431358115e-05,7.617821914421077e-05,0.0139940531414793,0.00041435980963824105,0.00023320870155898237,0.0017641643412934515,0.030808608261768126,5.4587520226257916e-05,4.6365630247100745e-05,0.002463552465120074,0.00020714873314476277,0.36948198401745286,0.0037946975749392543,0.10666569678734274,4.489446475224357e-05,5.850202670313521e-05,8.439132511163856e-05,4.4351943582680946e-05,0.14815611238634746,0.00018617429988598778,9.049977380617119e-05,0.00027509513031979683,0.012105787367477175,0.003797864905499484,0.0003627091575046962,5.279519802483146e-05,0.00012274566291497737,7.424514480381035e-05,0.13983927135932864,6.285653564995855e-05,3.754156919765103e-05,0.010131317623873568
VoßErnestine,0.004358641018037421,3.484158509121686e-05,2.3144315848269672e-05,0.00018237783212218366,0.3619283396490152,7.808138325497306e-05,0.0061054290274694025,3.793868503264276e-05,3.810027569258514e-05,4.214813784984296e-05,0.00010189410116894815,0.008327702067605402,0.00012903048419238164,0.002105243779902442,3.2341953348069034e-05,3.0202364313897958e-05,2.5653329745739584e-05,0.01587047599454097,0.00011461193840036507,0.22464911439747523,0.05228766133390148,0.19391107598745383,2.483935841937148e-05,0.013031513033674485,0.08150799996527011,2.4539190506573526e-05,6.121517579746086e-05,0.00010300713437311889,5.0072015132582556e-05,0.000152205546477657,0.0004122200942665683,0.00029283441214871653,0.00453372920555416,2.9210702339311126e-05,0.0070007903747068365,4.107860006478457e-05,0.0004521179921145855,3.477747260437704e-05,2.077112396978714e-05,0.021813028961116997
VoßHeinrich,0.016767307310913086,0.018923482131770305,3.383280264754864e-05,0.0035754427942556017,0.26049994374172764,0.00011414085633084784,4.6188007910207055e-05,5.5459493891796024e-05,5.569571020267596e-05,6.161295236307547e-05,0.0001489507418754014,0.0003351342614623741,0.004922673793749145,0.00011787064728115316,4.727808469409786e-05,4.415039260699815e-05,3.750052705079139e-05,0.03378113626140001,0.0026491714678263823,0.0586121906166095,0.02193296528465774,0.24762012919401,3.631064823016364e-05,4.731644589354469e-05,6.825571340959013e-05,3.5871857046125274e-05,8.94855123550921e-05,0.00015057779505700118,7.319622741289145e-05,0.034506901598850524,0.005565850299074461,0.22382721159426477,0.014355926651015821,4.27007622053381e-05,0.01377716460456408,6.0049481615303005e-05,0.036683683053194804,5.0838373228145584e-05,3.0363625464008457e-05,0.00021603868188192925
VoßJohannHeinrich,0.0008847498786359613,9.96256574551106e-05,6.617861032143044e-05,0.0005214892314124552,0.451260949817859,0.00022326507595494345,9.03459937639606e-05,0.00010848147205312443,0.00010894352266572485,0.0001205179366210225,0.00029135490802664494,0.0006555389432476062,0.00036894839272561697,0.00023056072877011266,9.247823706207164e-05,8.636031895774366e-05,7.335285794664721e-05,0.0007763304676179704,0.016861970845398144,0.2779456230619015,0.0008323167173149433,0.20895766940812605,7.10253970022979e-05,9.255327343715712e-05,0.00013351150086502768,7.016710006829982e-05,0.00017503802192368094,0.00029453750332030263,0.00014317538695859486,0.025236590952577874,0.009445823093180305,0.0008373276003206604,0.0005738249035890918,8.352477126573149e-05,0.000194190074142956,0.00011745971166568359,0.0012927813729994384,9.944233489283979e-05,5.93927307312234e-05,0.000422582187221063
WagnerJohannErnst,0.013477298416375611,0.014954108315403931,0.003128760268663227,0.008312238825632198,0.1392346871609906,0.008252607853555942,0.0001440014505361129,0.0017931562696642193,0.0018132464192753587,0.012349539538443768,0.013079855032914303,0.008437156750019433,0.04396939914756049,0.004842119033964676,0.008369072863757711,0.0037615375273608196,0.000278928784030278,0.0030906906279668115,0.004921965824252207,0.1866771945453373,0.007343563968835454,0.2230146845120053,0.005028895259099592,0.02662348339352627,0.00021280246070508945,0.004664905688936823,0.0065764963840099395,0.008137990968732,0.011395482061856022,0.010097464195744314,0.018708267664203988,0.052929308026310344,0.027423548019141545,0.0013935246713680676,0.014403567039918786,0.00023340668563872965,0.09845672774468335,0.0017001022669276018,9.466539710594917e-05,0.0006735489355459456
WagnerJohannFriedrich,0.05866615951982097,0.0002275413089744293,0.0001511494930453229,0.0011910620754008593,0.01104565864047556,0.0005099291580981898,0.0002063469010571901,0.00024776766127303137,0.0002488229677461747,0.0002752585002111625,0.0006654438107811598,0.0014972266486420333,0.15189712736186206,0.0005265921587126109,0.00021121686571787759,0.00019724376752994948,0.0001675352087058098,0.0017731100131320847,0.000748500690179274,0.2382995358069697,0.0019009805322938629,0.3828425325357779,0.00016221937417691118,0.0002113882460173284,0.00030493531933435333,0.0001602590557926771,0.00039978035424012245,0.000672712740468083,0.00032700727697740177,0.000994014743819017,0.0026921019692247787,0.11520327238438872,0.001310594810815873,0.00019076748170176723,0.0004435229316327388,0.00026827362776713745,0.02183447260213174,0.00022712260703710516,0.00013565079558182757,0.00096516205248516
WagnerJulianeLouiseAntoinetteKaroline,0.0019124068341058503,0.0002153431074363958,0.00014304656005768846,0.01899678879098261,0.010453514863048387,0.00048259250143291386,0.00019528490489838663,0.0002344851505920576,0.00023548388342104883,0.00026050224045434667,0.0006297702104457682,0.055025696360460216,0.0007974902791381524,0.0004983622196774688,0.00019989379691832184,0.00018666977883622296,0.00015855385824368502,0.0016780558298421359,0.0007083745156779664,0.38635080175838826,0.0017990713723381887,0.21936220462688494,0.00015352299887476335,0.00020005598973686309,0.0002885881228711254,0.00015166777067761382,0.00037834863551640077,0.0006366494620136438,0.0003094768308050009,0.12602777319174865,0.00254778179048646,0.16263610492057054,0.0012403354820412925,0.00018054067849320005,0.00041974622870710174,0.0002538918181801553,0.0027943761196559955,0.0002149468515799124,0.000128378728145986,0.0009134209366141992
WagnerLorenzHeinrich,0.0013037294860256598,0.00014680409720899452,0.2963079145249918,0.0007684441716855211,0.03149055216057731,0.00032899384306328316,0.00013312998267483268,0.0001598536458927505,0.00016053450386428484,0.0001775900639964353,0.0004293281001385966,0.000965974079439979,0.0005436665322404385,0.00033974440423838783,0.0001362719649754279,0.0001272568631728715,0.00010808962634358769,0.04072810024337141,0.00048291437092166033,0.27508826293604116,0.0012264662276625829,0.18602919398268503,0.00010465997968977917,0.00013638253536044364,0.0001967368231455805,0.00010339523012875758,0.00025792852405849803,0.000434017836104229,0.00021097711133776564,0.0006413140441904535,0.07179147847838022,0.009930975804941991,0.02086116377838614,0.0001230785216727769,0.00028615016703251845,0.00017308359482876292,0.05670909022497565,0.00014653396094149404,8.751858144276554e-05,0.000622698992170195
WagnerLudwigAnton,0.0036953193835843187,0.00041610474551721305,0.0002764070472397071,0.0021780949754295984,0.05472835191878876,0.0009325073478684213,0.00037734653606267453,0.00045309267185852264,0.0004550225105916702,0.0005033651634424192,0.0012168969616511078,0.17538376909770742,0.0015409803155703276,0.0009629789737084393,0.0003862522394487831,0.0003606996376298833,0.00030637160214077127,0.0032424859209685803,0.0013687830601409874,0.09048673068260198,0.0034763227133944555,0.42387079586155196,0.00029665053661720285,0.00038656564256758856,0.0005576351565468506,0.00029306570278601435,0.0007310782526198865,0.0012301896518935626,0.0005979981410067822,0.2089927037954116,0.00492304632446564,0.0034972515810292805,0.002396684464410828,0.00034885645505095496,0.0008110702950154371,0.0004905919286223719,0.005399537407958454,0.00041533906536944963,0.00024806458233536416,0.0017649916493947067
WagnerLudwigAntonANDWagnerKarlLudwigFriedrichErnst,0.00851809387526732,9.272642839826526e-05,6.159564040249181e-05,0.0004853753050394837,0.06605818249823317,0.03098626074046145,8.408939560171774e-05,0.0001009689642992308,0.00010139901720066304,0.00011217188529803426,0.00027117813530905813,0.0006101418694347141,0.0003433981525907813,0.00021459404589010327,8.607397779229509e-05,8.037973486794572e-05,6.827306041380597e-05,0.008417182674181678,0.0003050250346488088,0.15866747820934812,0.016163906068581414,0.5099662168101129,6.610677969738303e-05,8.614381778371258e-05,0.000124265625357445,6.530792113797342e-05,0.00016291637135939008,0.0002741403310140247,0.0001332602725677574,0.0004050756207081156,0.04726475679635922,0.1469770126674598,0.0005340866519226759,7.774055318774748e-05,0.00018074211468851824,0.00010932544709535741,0.0012032542868995054,9.255580120364073e-05,5.5279693346141355e-05,0.00039331772483802203
WaltherJohannAdam,0.0034566116056114924,0.06498655881603359,0.0002585518890751043,0.002037395848282903,0.4387770462921983,0.0008722698598878574,0.0003529709560926709,0.00042382409350624745,0.0004256292698034817,0.0004708491161940967,0.0011382886629941556,0.002561111986421999,0.0014414370964743735,0.0009007730999564582,0.0003613013747886315,0.00033739940290681116,0.00028658081363521545,0.003033029977122171,0.0012803633245520767,0.2461348624976399,0.0032517615363234875,0.04120453947246746,0.000277487703021571,0.00036159453290170564,0.0005216134124642824,0.00027413443989629933,0.16217718586570118,0.0011507226808942,0.0005593690557629649,0.00170033246294679,0.0046050306600575975,0.00327133845491954,0.0022418650391825327,0.0003263212583405918,0.0007586773168163222,0.0004589009982813903,0.005050741690202463,0.0003885092693198629,0.00023204027182350908,0.0016509778954985706
WangenheimKarlAugustFreiherrvon,0.0005097148587855036,5.73955183802165e-05,3.812627933514331e-05,0.0003004361078380332,0.1266186844960121,0.00012862564823129343,5.2049394484496083e-05,6.249745780542048e-05,0.009588340831893062,6.943180725903285e-05,0.00016785300499868138,0.0003776637306817153,0.0002125555283344152,0.00013282876001941292,5.3277805041916666e-05,4.975320013615901e-05,0.1334003399859444,0.0004472531550757017,0.00018880345425813263,0.04105804272809842,0.014767873266933525,0.20135038831226013,4.0918570408876596e-05,5.332103438419071e-05,7.691755314459805e-05,4.042409540404998e-05,0.00010084147258033492,0.0001696865357511005,8.248503210610528e-05,0.00025073245713586896,0.0006790616998402782,0.44342173325300654,0.009856164488218041,4.811960760756569e-05,0.014400240968059247,6.766992772800861e-05,0.0007447866237572773,5.728990408605678e-05,3.4216853925116204e-05,0.00024345459104977202
WeldenFranziskaFannyvon,0.001784830184952377,0.0002009775699497675,0.00013350392484031142,0.0010520145227796516,0.10982115251372418,0.0004503987583749992,0.0001822574499903208,0.00021884264751411333,0.0002197747548816965,0.00024312413745793243,0.01726525683798524,0.001322436681340907,0.0007442897070995762,0.00046511647880410217,0.0001865588828495129,0.00017421703893933808,0.00014797673125148744,0.0015661127348657973,0.0006611188557188954,0.16044735880792202,0.01835655392594052,0.3715035391366541,0.00014328148048278782,0.00018671025578604095,0.0002693364108165599,0.016819048609286586,0.000353109000167817,0.0005941785799813497,0.00028883163316158303,0.0008779709873666809,0.0023778192815643085,0.0016891639228593502,0.2346425730353431,0.00016849681084574625,0.05042424074436449,0.00023695469641649486,0.0026079633044210626,0.00020060774831924272,0.00011981458391299009,0.0008524866310670476
WeldenJosephinevon,0.003097693361844862,0.00016713500848875205,0.012618639123244943,0.0008748660670890498,0.4888538188165521,0.00037455622696176374,0.04351381141171769,0.00018199179022372597,0.01528821323107601,0.00020218452630315058,0.022497497619427473,0.005939982729716849,0.000618958954202055,0.00038679563422232537,0.00015514428041148436,0.00014488067643214728,0.00012305896742624908,0.0013023954130879395,0.0005497932211553214,0.11513850620876451,0.0013963196345925567,0.1716606245859305,0.0017325646227283602,0.00015527016369805166,0.00022398292167333383,0.00011771444390046343,0.00029364906618810024,0.0004941250012816787,0.00024019534852743468,0.0038570336504864604,0.009844637121591643,0.044013717058304515,0.005702980216129153,0.00014012367608022232,0.000325779126777039,0.00019705395585646224,0.01581121402399581,0.030954516451163296,9.963903685560043e-05,0.0007089366258908907
WilmansFriedrich,0.010031266030201463,0.00022844610575191784,0.00015175052489682645,0.0011957982225754922,0.054389373303007214,0.0005119568438009496,0.08296892297881878,0.00024875288625260167,0.000249812389053438,0.0002763530399459031,0.0006680898859852983,0.029303700684696073,0.0008460152303594435,0.0005286861032820667,0.00021205674987040407,0.00019802808896171578,0.012692604955498609,0.010957753713744871,0.0007514770333121961,0.17384833857175133,0.010792358132827282,0.3293359696892321,0.00016286442437752323,0.0002122288116476199,0.0003061478661704408,0.00016089631097020122,0.0004013700435051181,0.0006753877198926737,0.0024657716605505325,0.000997967350671097,0.002702806861437115,0.008803224604277928,0.01732079593492328,0.00019152605078740414,0.00044528655917400726,0.0002693403928085399,0.24316365837848258,0.00022802573888541962,0.0001361901983094439,0.0009689999293031268
