sender_norm,0,1,2,3,4,5,6,7,8,9,10,11,12,13,14,15,16,17,18,19,20,21,22,23,24,25,26,27,28,29,30,31,32,33,34,35,36,37,38,39,40,41,42,43,44,45,46,47,48,49,50,51,52,53,54,55,56,57,58,59,60,61,62,63,64,65,66,67,68,69,70,71,72,73,74,75,76,77,78,79
AdelheidLouiseTheresaCarolineAmelia,0.00023773442838220772,0.00011321117194433583,0.00011907854478294354,0.00016154639332511907,0.00011762598042419513,0.00010067176345155348,0.0001169628745859139,0.000122492050592348,0.00013703718492521916,0.00012177891780133625,0.009792603569969313,0.00018297462366057468,0.00020011582328007885,0.017551536373807766,0.00019363921289207098,9.368836498161846e-05,0.003346459221729972,0.00010181023701155946,0.0001824692473838151,0.00014932923320236908,0.0005086421786976466,0.0001858576545430905,0.0014779913117642408,0.0001054496615965653,7.180864348726617e-05,0.00013361901051401796,0.00018234818052953198,0.00020489466186879413,7.746413312246771e-05,0.00018150095643978078,0.08497443050333021,0.00016801124900395456,0.00014592515612063775,0.0001196778726955265,0.0005069571529496586,0.00015364600469956876,0.0005458151775708033,0.0001529347383993952,0.000423149810424315,8.696614807337242e-05,0.00021250585984714413,0.00015932077198207737,0.00013849327737438713,0.0002635005928704208,0.00026122395190701994,0.00031814999675927217,0.13688629576383318,7.986042504588155e-05,0.0017472222327253302,0.0019346332351348437,0.0004524436805132673,9.468727138673657e-05,0.03478821273453356,0.2828749750304626,9.72804396288575e-05,8.027602989305108e-05,5.2981262848937324e-05,0.23950120845043266,0.00012286242546283898,0.0005761909072234333,0.0003199639844783774,0.15047669910526532,0.0002093176134787673,0.00015556256640453364,0.0002108617023643436,0.0006837683681170204,0.0001201806598846187,0.00015054354717073545,0.0003465645342237027,0.0008235237458235266,0.00014348263719872605,0.00036798825275758773,0.0002336836043808027,0.00022257786094320936,0.00015692005191010006,0.00015340851731755086,0.0001384476012950325,0.00040552728335954084,0.00022307080154146877,0.020265727798254304
AdersbachGerson,0.0004071791952084355,0.00019390222188091127,0.00020395155367803407,0.00027668828141793147,0.00020146367680379043,0.0001724253735622811,0.00020032794352608746,0.00020979802933480368,0.00023471018081475448,0.00020857661248787536,0.001850600718872296,0.0003133894426342796,0.07650163937775477,0.00021803565688935026,0.000331655197788295,0.00016046457096352394,0.043811087428646464,0.0001743752920115519,0.00031252386036649993,0.00025576336338916256,0.0008711759351834508,0.00031832734835745305,0.0025314268402121904,0.0001806087096264462,0.00012299011911369746,0.00022885570901903565,0.00031231650333946395,0.00035093294685997615,0.00013267654835258234,0.00031086542187274644,0.4692556019973041,0.0002877609508262296,0.00024993303676798653,0.00020497805143341656,0.0008682899105018756,0.0002631569056543266,0.0009348439191084447,0.0002619386856360718,0.0007247490421714177,0.0001489511065934596,0.000363969011886343,0.0002728763526473897,0.00023720410041923058,0.000451310144988463,0.0004474108324590816,0.0005449108087438547,0.0017861728903247145,0.00013678079283875095,0.0029925515938634237,0.0033135394358583905,0.0007749220630860981,0.00016217544603068344,0.22989372688395385,0.019467919700675226,0.00016661689006153846,0.00013749261925929425,9.074355832582228e-05,0.1200588264756534,0.0002104323881978352,0.0009868698929566338,0.0005480177127989784,0.003783519388472681,0.00035850834891364657,0.00026643949311086555,0.00036115298424912453,0.0011711229868282323,0.00020583919924616227,0.00025784317735525267,0.0005935777543592618,0.0014104887472182195,0.00024574961707705956,0.0006302711879959532,0.0004002411540166425,0.00038121981282562026,0.00026876452385809504,0.0002627501495873141,0.0002371258688001989,0.0006945660920762072,0.0003820640959084312,0.00024534815710650017
AretinJohannChristophANDBaboJosephMariusFranzvon,0.0002127476725726253,0.00010131226471604866,0.00010656295526189915,0.00014456727797610469,0.00010526306071701296,9.00907938065516e-05,0.00010466964972171174,0.00010961768915637904,0.00012263407680217496,0.00010897950922360523,0.0009669231641360436,0.00016374332312127425,0.00017908292012019686,0.00011392177961672972,0.00017328702511422352,8.384137599510472e-05,0.002994734147793016,9.110960964162005e-05,0.0001632910637350942,0.00013363418595720942,0.00045518202990868273,0.0001663233369391473,0.0013226490323684922,9.436651742410906e-05,6.426129305912783e-05,0.0001195751649929808,0.00016318272144891498,0.00018335948533739328,6.932237009931717e-05,0.00016242454370213845,0.6828981838665531,0.00015035265373572734,0.00013058788979672294,0.00010709929162419007,0.00045367410651471366,0.0001374972490200847,0.0004884480109726217,0.00013686073940315195,0.00037867522146429723,7.782568861027863e-05,0.00019017071863836104,0.0001425755775565136,0.00012393712862230526,0.00023580571916391577,0.0002337683614722132,0.00028471127131281384,0.000933260170707832,7.146680299858264e-05,0.001563582801233343,0.0017312962235106802,0.00040489019892666917,8.473529369248217e-05,0.000740398031635906,0.010171822762283437,8.705591049104497e-05,7.183872625995842e-05,4.741273881857953e-05,0.042833530461715175,0.00010994913627664916,0.0005156311406113072,0.0002863346023042109,0.06166541800018534,0.00018731756859578585,0.00013921237309718118,0.00018869936810579825,0.0006119018178629332,0.00010754923404526312,0.00013472087109701184,0.0003101393372177926,0.0007369683954676117,0.0001284020885251634,0.17939499506936313,0.00020912260495341322,0.00019918411567100214,0.00014042718192325504,0.00013728472242840212,0.00012389625326554232,0.0003629048862907512,0.00019962524641386464,0.00012819232909891404
AretinJohannChristophANDBaboJosephMariusFranzvonANDSchererJoseph,4.061707290044742e-05,1.9342198163302786e-05,2.0344642411456408e-05,2.7600300381994594e-05,2.0096470899852625e-05,1.7199832531426355e-05,1.998317886067485e-05,2.0927841972622948e-05,2.341288709446465e-05,2.0806002797887783e-05,0.00018460173111148004,0.02662085499520137,3.418991114586217e-05,2.1749564503751965e-05,0.007630110140724106,1.6006714619660524e-05,0.0005717446105401933,1.7394341437421454e-05,3.117498283068565e-05,2.551299108178508e-05,8.690182819961677e-05,3.1753894272083704e-05,0.0002525157221218401,1.8016139359963865e-05,1.2268550782705287e-05,2.282888989981771e-05,3.115429848437658e-05,3.500637864978322e-05,1.3234794655601136e-05,3.1009549729008605e-05,0.4038695968664121,2.8704824939859527e-05,0.03041303845216605,2.0447037952911256e-05,8.661394051708421e-05,2.62505141397178e-05,9.325285785667528e-05,2.6128993856087117e-05,0.0038708087858621673,1.4858219737901596e-05,3.630675649261449e-05,2.722005161047975e-05,2.366166138248053e-05,4.501923790660348e-05,0.003843143653619349,5.435612207952118e-05,0.00017817490518390514,1.3644202600451156e-05,0.00029851399009735727,0.004129046656022836,7.730028031619111e-05,1.6177378391641318e-05,0.0001413543117189095,0.001941970324140964,1.6620422776293995e-05,1.3715208943495945e-05,9.051881253115578e-06,0.07275236161558472,2.099112074641099e-05,9.844256989838936e-05,5.4666042993916276e-05,0.00037741486949789877,3.57620426451075e-05,2.6577959882509465e-05,3.6025851178255234e-05,0.11027371030038637,2.0532939452545707e-05,2.572045736806429e-05,5.9210763233009424e-05,0.0001406995370716237,2.4514096568628365e-05,0.3305335351846236,3.9924987135286685e-05,3.802756405740928e-05,2.680988711373172e-05,2.620993927484021e-05,2.365385759630795e-05,6.928458508690951e-05,3.8111783260960656e-05,2.447405000170473e-05
BassewitzAdelheidHenriettevon,3.307411703428619e-05,1.5750177944171473e-05,1.6566459276532445e-05,2.2474676283368697e-05,1.6364375447412673e-05,1.4005668884826303e-05,1.627212275918961e-05,1.7041353432190668e-05,1.906490331715465e-05,1.694214088838111e-05,0.00015031952879710503,2.5455817057868065e-05,2.784053704218638e-05,1.77104746963173e-05,2.6939497292007412e-05,1.3034123703661573e-05,0.009048936646638165,1.4164055736997085e-05,2.5385508040206456e-05,2.0774999099562496e-05,7.076337685416754e-05,2.5856910418517072e-05,0.07892483438579131,1.4670380191057317e-05,9.990170523189239e-06,1.8589359655729583e-05,2.536866496310239e-05,2.8505379184936636e-05,1.0776974215669677e-05,2.5250797353899192e-05,0.019557852005414655,2.337408069351924e-05,2.030141668846171e-05,1.664983904469465e-05,7.052895250438368e-05,2.1375557490201292e-05,7.59349631642057e-05,2.127660461654908e-05,5.886949756603797e-05,1.2098914654361644e-05,2.956426516295895e-05,2.216504312979187e-05,1.926747798168367e-05,3.665876039287348e-05,3.6342029281687886e-05,4.4261701171682106e-05,0.0001450862222659184,1.1110351421750592e-05,0.0029959197375540535,0.0019858243027356,6.294492279705048e-05,1.3173093677737263e-05,0.020715191914396993,0.4857746350949443,1.3533860734125136e-05,1.1168171248053592e-05,7.370865465362175e-06,0.2590396455526891,1.7092880768372215e-05,8.016089898835037e-05,4.451406698394042e-05,0.010267116927438633,2.912070957768082e-05,0.025771752656259674,2.933552649275879e-05,9.512730312282252e-05,0.0564499906509093,2.094393702992212e-05,4.821479178615038e-05,0.00011457036717496966,0.005169983700813895,5.119530486926236e-05,3.251055782235594e-05,3.096550328100366e-05,2.1831049870307036e-05,2.1342517742780282e-05,1.926112342881337e-05,5.641781428841374e-05,0.022053773931214413,1.992899872532267e-05
BayreutherPostamtANDOsmundEmanuel,6.207379305164047e-05,2.956007216215356e-05,3.109207612901277e-05,4.218066964781634e-05,3.07128034253799e-05,2.6285962252756825e-05,3.053966277067158e-05,3.198336164720827e-05,3.578117782650982e-05,3.1797158674467467e-05,0.03511301108100881,4.77757008107722e-05,5.2251364201550955e-05,3.323917430678107e-05,5.056028489243651e-05,2.446255773213363e-05,0.0008737792779910488,2.6583224086642152e-05,4.7643744229513626e-05,3.8990700595798746e-05,0.00013280932657785895,4.8528476349345284e-05,0.00038591182372238334,2.7533498264656892e-05,1.8749639694513807e-05,3.488867331019217e-05,4.761213299461876e-05,5.349914576857834e-05,2.0226319768200053e-05,4.7390918031462344e-05,0.06573208997525475,4.38686797364165e-05,3.8101876971298254e-05,3.124856400949736e-05,0.011742666047040008,4.011783385281944e-05,0.00014251540514150497,3.993211823130836e-05,0.00011048678956962396,2.2707349182617826e-05,5.5486472263096777e-05,4.1599547428374156e-05,3.616137173434549e-05,6.880148315971556e-05,6.820703943115376e-05,8.307074912374435e-05,0.3834120898695544,2.0852005033718962e-05,0.0004562095276963863,0.0005051435918886607,0.00011813558340212618,2.4723377798840884e-05,0.040852065757340114,0.026188445453434246,2.540046857574221e-05,2.0960521791052e-05,1.3833704979457813e-05,0.4130528564577582,3.2080068603869274e-05,0.00015044667857582028,8.354439149452004e-05,0.0005767912562592957,5.465400324876416e-05,4.0618258866790996e-05,5.505717351984711e-05,0.00017853575717487625,3.137984456544002e-05,3.930776478580703e-05,0.01750593497948261,0.00021502667038690958,3.746412157711653e-05,9.60837973807702e-05,6.101610017786125e-05,5.811632825790415e-05,4.0972705948421336e-05,4.005582456495956e-05,3.614944545376187e-05,0.00010588544888241372,5.824503781373638e-05,3.740291967037797e-05
BergnerCaroline,0.0001025589459263604,4.883944887878087e-05,5.137064125920093e-05,6.969132712655683e-05,5.074400307920654e-05,4.342993151812224e-05,5.0457938346073296e-05,5.284323216708238e-05,5.9118022300290614e-05,5.253558574056602e-05,0.12515334232630482,7.893549395265233e-05,8.633023007418436e-05,5.4918098488520425e-05,8.353621181149543e-05,4.041728420854184e-05,0.011034991471677516,4.3921070513318697e-05,7.871747396037206e-05,6.442082813770875e-05,0.00021942890668343016,8.01792372774879e-05,0.0006376074010582968,4.5491123078934463e-05,3.097834350107533e-05,5.7643417351437145e-05,7.86652455597723e-05,8.839182734365051e-05,3.341812918811608e-05,7.829975197014123e-05,0.003098650888912625,7.248027439220679e-05,6.295230479538002e-05,5.1629192111078114e-05,0.00021870198435354962,6.628308905452466e-05,0.00023546538742076558,6.597624783461742e-05,0.00018254738626365864,3.751731096911822e-05,9.167530818909816e-05,6.873119114403688e-05,5.9746182503144846e-05,0.00011367450326678858,0.00011269235735276145,0.00013725032817563893,0.00044989530661105877,3.4451892684087565e-05,0.000753753975420511,0.0008346033290161164,0.00019518480045255588,4.0848213749059616e-05,0.0003569225494798725,0.21591265518285332,4.196690994856027e-05,3.4631185163252875e-05,2.285618666430021e-05,0.5289888958356255,5.300301237465962e-05,0.0002485695172521813,0.00013803288486993344,0.10645755037307192,9.02998945011464e-05,6.710989630159285e-05,9.096601648271618e-05,0.00029497857575397585,5.184609516752425e-05,6.494468478508963e-05,0.00014950839711066054,0.0003552692300048446,6.189859891129275e-05,0.00015875061753960838,0.00010081141510995972,9.602038274481576e-05,6.76955173389353e-05,6.618063668472566e-05,5.9726477782274e-05,0.00017494500484746634,9.6233037968991e-05,6.179748050471225e-05
BornträgerJohannFriedrichWilhelm,0.000272354691385234,0.0001296976378477618,0.00013641945146800858,0.0001850717138357621,0.00013475535628273703,0.00011533216813668348,0.0001339956851355253,0.00014033005174407542,0.00015699333269729543,0.00013951306842981836,0.0012378328598241569,0.00020962044705736345,0.0002292578473452056,0.00014584004964368944,0.0002218380754785393,0.0001073318067753014,0.0038337899763606492,0.00011663643280375632,0.00020904147496305248,0.00017107542016690368,0.0005827135957859368,0.00021292332157833653,0.0016932249583070198,0.00012080585145470376,8.226583363989683e-05,0.0001530773839506255,0.0002089027776529504,0.05117601743180343,8.874490839869175e-05,0.00020793217588917318,0.21199389105268407,0.00019247801920449297,0.00016717562168438874,0.00013710605697895992,0.0005807831868388925,0.00017602082490655806,0.0006252999418396324,0.00017520597989233465,0.00048477133418198563,9.963066174582964e-05,0.00024345219272647124,0.00018252198463520225,0.00015866146975392713,0.0003018730738303978,0.0002992648952371604,0.00036448084011743285,0.00119473826764659,9.149016221704507e-05,0.027472305255632403,0.002216365720709391,0.0005183311471289304,0.00010847617971084984,0.0009478405802046773,0.2931988007556791,0.0001114469801165756,9.196628984676763e-05,6.069670089695018e-05,0.3859528547299608,0.00014075436274621283,0.0006600991609996055,0.000366558991224008,0.0025307266862444502,0.0002397996554745957,0.00017821648741631144,0.00024156860351785679,0.0007833426741965053,0.00013768206294767683,0.00017246656956141837,0.0003970332669352152,0.0009434500386354832,0.0001643774090245448,0.0004215768313205959,0.00026771396295449586,0.0002549909368991933,0.00017977165781567014,0.0001757487532378581,0.000158609142059613,0.0004645825127613112,0.00025555566235954745,0.0001641088798175718
BrockhausFriedrichArnold,0.002565449510935389,0.001205949859183453,0.0002891968107396131,0.011573970987574619,0.0013362166393338414,0.0015935762965629016,0.00010295108560966519,0.00036625063357285237,0.00012062055594043023,0.00010719018181114055,0.0011391679033366912,0.0001610548322411419,0.000979691933193948,0.00011205130539091242,0.0001704418368171728,8.246478994295995e-05,0.011905720225074376,8.961368693805739e-05,0.00016060999847215357,0.00013144005502489792,0.011050585604008796,0.00016359248498139822,0.012631441132729584,0.0036837571171697858,0.001249812761616512,0.0001176118682035548,0.002510797816010612,0.005837569726945467,6.818417065247233e-05,0.00015975770577477189,0.10328607956983271,0.00014788402337775655,0.0025016569168258853,0.00010534083538114062,0.00154696663530253,0.00013523969070877574,0.0040713682125289976,0.00013461363190148598,0.000988798720798174,7.65478737346529e-05,0.0010411460445397354,0.003056103740081887,0.003029613470123993,0.005562738011854664,0.006656146942794987,0.003361741330389982,0.007072381423652849,7.029339424864785e-05,0.0015379104377969777,0.005983827691521895,0.2923891384588447,8.334403046430859e-05,0.000728241484927453,0.20437654432013358,8.562654520789726e-05,7.065921092639472e-05,4.663427217037648e-05,0.2533545881634812,0.00010814388862121186,0.0005071650267410093,0.0031736233130061128,0.005247277334623317,0.002231414535913132,0.0013763509484558025,0.00018560112556027819,0.0006018550420585697,0.00010578339022712007,0.00013250889795268073,0.002000461847793254,0.000724868159730409,0.00012629386305734283,0.0003239044034025483,0.0009487403275329531,0.00019591372474304903,0.00013812151723582386,0.0001350306535772594,0.00012186200881124921,0.0032199067440487543,0.0009458693409073677,0.00428138930665789
CarlAugust,0.00055516066902023,0.00026437226776483816,0.00027807383658109616,0.0003772453338226311,0.0002746817885437744,0.00023509007058648447,0.0002731332947756796,0.00028604510175185533,0.00032001109717866744,0.0002843797843636567,0.05444185640765101,0.0004272848286063888,0.0004673131909825528,0.00029727653714476765,0.00045218892235870354,0.0002187823435442278,0.007814697067762066,0.00023774864952070025,0.00042610466705460167,0.00034871565541875734,0.0011877881303910725,0.0004340173215163777,0.0034514254036691807,0.0002462474832874789,0.00016768852046845326,0.00031202892982552566,0.00042582195009064575,0.00047847279982046845,0.00018089529674768752,0.000423843500878737,0.4321227946778472,0.0003923421526898228,0.00034076640834103844,0.00027947339527007635,0.0011838532353574205,0.00035879623890303054,0.0012745950227050944,0.00035713528016961105,0.0009881451897798725,0.00020308453123543948,0.0004962465728093471,0.0003720480326063248,0.00032341138406069954,0.0006153301666092138,0.0006100137236818624,0.0007429481974975076,0.00243532319049567,0.0001864911502234467,0.004080137110336221,0.004517781830907136,0.0010565526334448208,0.00022111500336101465,0.0019320534115076398,0.07846185228998946,0.00022717060509263838,0.0001874616763124646,0.00012372256525447373,0.11177321537798086,0.0002869100061844581,0.05326421916878552,0.0007471842462792763,0.0051585669888666,0.0004888013365475476,0.00036327181985101273,0.000492407113904141,0.0015967451886624835,0.00028064751074914564,0.0003515513379055826,0.0008093022116636536,0.10576048450508647,0.0003350626049499576,0.0008593311704270485,0.0005457011297435387,0.0005197668466919101,0.10420382249696804,0.0003582416551400386,0.00032330472065925065,0.0009469928250101457,0.0005209179682782078,0.00033451524204816083
CarolineFriederikeWilhelmine,0.0002127476725726253,0.00010131226471604866,0.020002750035772447,0.00014456727797610469,0.00010526306071701296,9.00907938065516e-05,0.00010466964972171174,0.00010961768915637904,0.00012263407680217496,0.00010897950922360523,0.0009669231641360436,0.00016374332312127425,0.00017908292012019686,0.00011392177961672972,0.00017328702511422352,8.384137599510472e-05,0.002994734147793016,9.110960964162005e-05,0.0001632910637350942,0.00013363418595720942,0.00045518202990868273,0.0001663233369391473,0.0013226490323684922,9.436651742410906e-05,6.426129305912783e-05,0.0001195751649929808,0.00016318272144891498,0.13945666904891124,6.932237009931717e-05,0.00016242454370213845,0.5436248743029792,0.00015035265373572734,0.00013058788979672294,0.00010709929162419007,0.00045367410651471366,0.0001374972490200847,0.02038463509148317,0.00013686073940315195,0.00037867522146429723,7.782568861027863e-05,0.00019017071863836104,0.0001425755775565136,0.00012393712862230526,0.00023580571916391577,0.0002337683614722132,0.020180898351823358,0.000933260170707832,0.019967653883509132,0.001563582801233343,0.0017312962235106802,0.00040489019892666917,8.473529369248217e-05,0.000740398031635906,0.1096527581648362,8.705591049104497e-05,7.183872625995842e-05,4.741273881857953e-05,0.10252209170324683,0.00010994913627664916,0.0005156311406113072,0.0002863346023042109,0.0019768567586536893,0.00018731756859578585,0.00013921237309718118,0.00018869936810579825,0.0006119018178629332,0.00010754923404526312,0.00013472087109701184,0.0003101393372177926,0.0007369683954676117,0.0001284020885251634,0.0003293113447681983,0.00020912260495341322,0.00019918411567100214,0.00014042718192325504,0.00013728472242840212,0.00012389625326554232,0.0003629048862907512,0.00019962524641386464,0.00012819232909891404
CottaJohannHeinrich,9.051514329450827e-05,4.3104086862025953e-05,4.533803377860403e-05,6.150726691140248e-05,4.4784983587382986e-05,3.832982524465597e-05,4.4532512288295606e-05,4.663769394805218e-05,5.2175616777896024e-05,4.6366175358146206e-05,0.0004113849411286809,6.966586368074887e-05,7.619221390422081e-05,4.846890253454413e-05,7.37263055319141e-05,3.567096208591912e-05,0.014277297658065454,3.8763288324119064e-05,6.9473446425832e-05,5.685569832418548e-05,0.006058014474665266,7.076355052076293e-05,0.0005627312639686257,4.014896493841131e-05,2.7340464312490825e-05,5.087417908230875e-05,6.942735136194821e-05,7.801171166305388e-05,2.949373869607263e-05,6.910477877366872e-05,0.13286985215671535,0.3332552986072868,5.5559628053946375e-05,4.556622223349886e-05,0.00019301915862872363,5.8499268392255276e-05,0.00020781398532109373,5.822846045114687e-05,0.00016111030272831698,3.311154134552712e-05,8.090960356849392e-05,6.0659882558384586e-05,5.273001025629705e-05,0.00010032536761359988,9.945855802091827e-05,0.00012113261315064994,0.0003970627601288557,3.0406104264237475e-05,0.013668403245057213,0.000736593373085268,0.00017226366771123534,3.6051286286382436e-05,0.0003150080709137645,0.030385728694618426,3.703861065761309e-05,3.0564341893307184e-05,2.017211655598167e-05,0.41984988679104085,4.677871068973034e-05,0.0002193792581378804,0.00012182327188042089,0.04189154531116272,7.969570880846422e-05,5.9228981200527034e-05,8.028360610078529e-05,0.0002603383626071225,4.575765371768491e-05,5.73180369244428e-05,0.0001319511805232526,0.0003135489056713565,5.46296619917278e-05,0.00014010805946666841,8.897283022928186e-05,8.474442307140201e-05,5.9745831014383254e-05,5.8408847309535896e-05,5.271261951951546e-05,0.0001544006916158915,8.493210555891868e-05,5.454041822095117e-05
CottavonCottendorfJohannFriedrichFreiherr,8.313125796989001e-05,3.9587817397854486e-05,4.1639527317915555e-05,5.648973515954104e-05,4.113159288348503e-05,3.5203022106331056e-05,4.089971724444266e-05,4.283316609356273e-05,4.791932598492119e-05,4.2583796970126065e-05,0.0003778257032044195,0.005001723479997834,6.997673934802369e-05,4.451499156341841e-05,6.771199051631326e-05,3.27610590147364e-05,0.0011701938450416384,3.560112489629213e-05,6.380606367811582e-05,5.2217624061728365e-05,0.00017786260265046874,6.499092592790271e-05,0.0005168257616351402,3.687376321837675e-05,2.5110131951988458e-05,4.672405468703917e-05,6.376372887636453e-05,7.164780931554333e-05,2.7087750301208438e-05,6.346747054793183e-05,0.35004872619166333,5.875037359055258e-05,5.102728233480002e-05,4.1849101015963984e-05,0.00017727338084067397,5.372711785853693e-05,0.00019086130115563696,5.347840141183886e-05,0.00014796752952306693,3.0410426202603163e-05,7.4309302086716e-05,5.571147723841976e-05,4.842849412621028e-05,9.214120104603793e-05,9.13451025233241e-05,0.00011125106966498644,0.010240153263405225,2.7925688514079363e-05,0.028978012924262348,0.000676504853089903,0.00015821104489386543,3.3110357795803754e-05,0.0031260151133369564,0.020259202325581566,3.4017139954206586e-05,2.8071017711868264e-05,1.8526551073976408e-05,0.147643384672352,4.296267921925461e-05,0.008711595774556278,0.4177310069087983,0.0007724577532901584,7.319443230060752e-05,5.439730343744055e-05,7.373437114055086e-05,0.00023910093707673046,4.202491623887812e-05,5.264224681598259e-05,0.00012118709895668436,0.0002879707639497677,5.017317941005521e-05,0.00012867857036128638,8.171476101005536e-05,7.783129142199178e-05,5.487199058528686e-05,5.364407298803386e-05,4.841252206039834e-05,0.0001418052632771876,7.800366347729987e-05,5.009121581080973e-05
DalbergKarlTheodorReichsfreiherrvon,0.16260255350070962,9.614800297390206e-05,0.00010113104635598827,0.0001371981478425444,9.989741225534143e-05,8.549853203963945e-05,9.933424961850888e-05,0.00010403006913861103,0.00011638296324856965,0.0001034244196030272,0.0009176355056463394,0.00015539671887254708,0.01763388242604849,0.00010811476415102235,0.00016445394299217296,7.956767022340995e-05,0.0028420814454702178,8.64654150543916e-05,0.00015496751282400705,0.00012682235605768097,0.0004319797142822542,0.00015784521982086582,0.0012552287075411682,8.955630617240323e-05,6.0985656706744966e-05,0.000113479975515035,0.00015486469314582738,0.008905976985728063,6.578875188653508e-05,0.00015414516252970574,0.26499943607377774,0.00014268862155074124,0.00012393134090646755,0.0001016400436654561,0.00043054865533421766,0.00013048850447415071,0.0004635500049595953,0.00012988444011221694,0.00035937274150900323,7.38586247274138e-05,0.00018047701206203335,0.00013530797177745807,0.00011761959368643596,0.00022378582742158188,0.00022185232140481534,0.0002701984822628443,0.0008856884397968341,6.782387509055962e-05,0.0014838811889584702,0.0016430456363141746,0.0178481794706863,8.041602162160205e-05,0.0007026571989790255,0.07055357113178372,8.261834797838478e-05,6.817684004441834e-05,4.4995935740912346e-05,0.16245063438547547,0.00010434462117033926,0.0004893475097006603,0.0002717390660552009,0.144423666520446,0.0001777692976550228,0.00013211620231831075,0.00017908066172106529,0.0005807109136146053,0.00010206705085319062,0.00012785364882708316,0.00029433038537551057,0.0006994023840814143,0.00012185695802945567,0.12965040448230172,0.00019846285046854595,0.00018903096283125404,0.00013326908783468363,0.00013028681115077664,0.00011758080189815036,0.00034440627878689077,0.00018944960750468518,0.00012165789081883363
DegenGeorgChristoph,0.00020460591735372682,9.743509111402616e-05,0.000102484840156557,0.00013903475498438034,0.00010123469197583484,8.664306071608123e-05,0.00010066399054538815,0.00010542267079504831,0.00011794092729437925,0.00010480891371369954,0.0009299194610041514,0.00015747694173405926,0.000172229499437033,0.0001095620457003736,0.00016665541065738614,8.063280523936707e-05,0.0028801270544125523,8.762288693945635e-05,0.00015704199010581232,0.00012852006735001787,0.0004377624237492184,0.00015995821961413103,0.001272031864472655,9.0755154364592e-05,6.180204303861956e-05,0.00011499907862804109,0.01929170697962158,0.00017634240247755312,6.666943499681985e-05,0.00015620863139450715,0.17839475597564253,0.00014459872708437837,0.1532037438362787,0.00010300065117385138,0.0004363122078874356,0.00013223529277277813,0.0004697553310743759,0.00013162314208505424,0.0003641834955462522,7.484733543374364e-05,0.0958567389009877,0.0001371192760204207,0.0001191941119228794,0.00022678154314622733,0.0002248221541928832,0.00027381550239059907,0.0008975447347946297,6.873180143896243e-05,0.15458189869396638,0.00166504031625315,0.00038939523792272813,8.149251311912407e-05,0.0007120633407542656,0.009782551800777332,8.372432098406946e-05,6.908949136881586e-05,4.5598275191078915e-05,0.11773338776650792,0.00010574143358703126,0.07703497491726098,0.000275376709254332,0.0019012033630740547,0.00018014901171681223,0.00013388477984319484,0.00018147793039745495,0.0005884846177648295,0.00010343337450617634,0.057533872722329175,0.0002982704479517223,0.0007087649551789133,0.00012348819987140932,0.11512532386517955,0.0002011195793988663,0.0001915614315134001,0.0001350530984962856,0.00013203089947565086,0.00011915480084715056,0.00034901668381975663,0.00019198568038637198,0.00012328646784157154
DieskauJohannaSidonieDorotheavon,8.60519099890695e-05,4.097865691648456e-05,4.310244959900022e-05,5.8474390066560326e-05,4.257666989471865e-05,3.643981053112929e-05,4.233664776457406e-05,4.433802450776267e-05,4.9602876548371976e-05,4.4079894294313986e-05,0.0003910998606021288,6.623069259539368e-05,0.4024516667132217,4.60789375828633e-05,7.009091712771812e-05,3.391205390520835e-05,0.0012113062869776206,3.6851899873750985e-05,6.604776328988979e-05,5.405218681077134e-05,0.0001841114527491376,6.727425332694706e-05,0.0005349834106488287,3.8169249821472604e-05,2.5992326680883348e-05,4.83656117619409e-05,6.600394113876795e-05,7.416501312139722e-05,2.8039424732033354e-05,6.569727436101946e-05,0.002599917783590681,6.081445154925431e-05,5.282002478600117e-05,4.331938625364669e-05,0.00018350152979863417,5.5614713680977956e-05,0.0001975668347685812,5.535725907477175e-05,0.00015316607546629182,3.147883626714124e-05,7.692001216717691e-05,5.766878959554537e-05,5.012993330335793e-05,9.537839956145324e-05,0.1288559084052306,0.00011515965554697331,0.00037748389552284817,2.890680224358849e-05,0.0006324359972786913,0.0007002725105681215,0.00016376947645150086,3.4273624606791936e-05,0.00029947526101686367,0.07654254769440963,3.521226475948681e-05,2.905723729476314e-05,1.9177444734484224e-05,0.2989907143558228,4.4472087820487675e-05,0.00020856183272368624,0.00011581625841677205,0.0007995965257804643,7.576597364031509e-05,5.6308444902183254e-05,7.632488216147852e-05,0.0002475012747080195,4.3501378396029465e-05,5.449172784408073e-05,0.00012544476753899482,0.00029808804610973675,5.1935914647451816e-05,0.0001331994369465959,8.458564721542506e-05,8.056573961871367e-05,5.6799809242348e-05,5.5528751193508155e-05,5.011340009066329e-05,0.08062263360616674,8.074416762461938e-05,5.1851071419562656e-05
DoerfferWilhelmine,4.5068054733704544e-05,2.146179385280831e-05,2.2574089964199855e-05,3.0624852050052994e-05,2.2298722822512445e-05,1.908465919828349e-05,2.2173015787072664e-05,2.322119887349393e-05,2.597856521157028e-05,2.3086008073085127e-05,0.00020483112956121328,3.468706829772296e-05,3.7936578803669473e-05,2.413296905692417e-05,3.67087876358444e-05,1.776079463810162e-05,0.000634398679212607,1.9300483170706764e-05,3.4591262545661265e-05,2.830880702094463e-05,9.642487924618948e-05,3.5233613425815616e-05,0.0002801874082261269,1.999042020470057e-05,1.3612987807698595e-05,2.533057126091835e-05,3.456831152568322e-05,3.884251809292337e-05,1.4685116561449756e-05,3.440770062086621e-05,0.0055764273169032685,0.08011247509277802,2.766348554487062e-05,2.268770641997168e-05,9.610544367619314e-05,2.9127150815037048e-05,0.00010347188021795424,2.8992313851099596e-05,8.021782518642968e-05,1.648644307861441e-05,4.028539655782059e-05,3.0202934092324767e-05,2.6254601184327804e-05,4.995262664587832e-05,4.9521036740092416e-05,6.031268405273984e-05,0.00019770002625946,1.5139389071734728e-05,0.0003312263509844412,0.00036675443739484236,8.577115521740192e-05,1.7950160431041515e-05,0.00015684448441194223,0.6343702372085503,1.844175539717625e-05,1.5218176574778742e-05,1.0043822723471368e-05,0.22402702781237974,2.3291411989233484e-05,0.00010923030173004604,6.065656734455933e-05,0.00041877350535660807,3.968099078112117e-05,2.949047937627099e-05,3.997370851192026e-05,0.00012962409546307018,0.04638524994015621,2.853900829537785e-05,6.569931626412926e-05,0.004370887676822797,2.720044963875503e-05,6.976067719554778e-05,4.430012743325305e-05,4.219477712067967e-05,2.9747822124148962e-05,2.9082129593650732e-05,2.6245942227952044e-05,7.687706794017771e-05,4.2288225402504054e-05,2.7156014608332365e-05
DoeringHeinrich,0.00010062862237391708,4.792021226214527e-05,5.040376354969374e-05,6.837962477881608e-05,4.9788919703453245e-05,4.261251067849479e-05,4.950823916656834e-05,5.184863793916791e-05,5.800532647654397e-05,5.154678191092025e-05,0.00045734999011669004,7.744980158594298e-05,8.470535693518289e-05,5.3884451954712344e-05,8.196392656923676e-05,3.9656566214330374e-05,0.0014164947988592658,4.309440565152051e-05,7.723588507895305e-05,6.320832501865944e-05,0.0002152989033684386,7.867013567025409e-05,0.0006256066090029773,4.463490731430077e-05,3.0395281482100005e-05,5.655847595357321e-05,7.718463970046679e-05,8.672815164355641e-05,3.278914649657466e-05,7.68260252853237e-05,0.5300451554719949,7.111607959200584e-05,6.176744163664237e-05,5.065744806061572e-05,0.00021458566288056104,6.503553520366394e-05,0.00023103355186494923,6.473446922674792e-05,0.00017911155220784922,3.6811175113938626e-05,8.994983212285641e-05,6.743756009260154e-05,5.8621663698737414e-05,0.00011153496712992413,0.00011057130677434983,0.00013466705727064888,0.000441427556687921,3.380345290856477e-05,0.0007395671188926882,0.000818894758219141,0.00019151111003004468,4.007938497100583e-05,0.0003502046956891967,0.04245442494389209,4.117702551707304e-05,3.3979370816236754e-05,2.242599664003048e-05,0.07672485598936207,5.2005410827440976e-05,0.2543355036507401,0.00013543488499513515,0.07622144744244999,8.860030592245853e-05,6.584678061467844e-05,8.925389042191778e-05,0.00028942660671703844,5.087026865429206e-05,6.372232184527665e-05,0.00014669440972395342,0.0003485824943335443,6.073356818420725e-05,0.00015576267676824305,9.891398288516268e-05,9.421312541925758e-05,6.642137932655745e-05,6.493501115148405e-05,5.8602329852259316e-05,0.009582452726808455,9.442177813166684e-05,6.063435298792253e-05
DönhoffStanislausOttovon,0.00010387453380400903,4.9465943099403024e-05,5.2029604670897526e-05,7.058530145826238e-05,5.1394928210226335e-05,4.3987034469174176e-05,0.005985056531969618,5.352108542529256e-05,5.987636622422943e-05,5.32094926252476e-05,0.000472102428592455,7.994804900596656e-05,8.743764204233937e-05,5.5622567357446665e-05,8.460778315625949e-05,4.093574204439377e-05,0.03706589377009586,4.448447361208067e-05,7.972723233460248e-05,6.52471944756283e-05,0.0002222436587953102,8.120774660593902e-05,0.0006457863908085779,0.08699543896510173,3.137572212866881e-05,5.8382845593496534e-05,7.967433396757436e-05,8.952568471207566e-05,3.384680447583939e-05,7.930415196259801e-05,0.07439263449377093,7.341002429844607e-05,6.375983346399866e-05,5.229147211659704e-05,0.00022150741177710972,6.713334378038592e-05,0.00023848584952183892,6.68225665158399e-05,0.0001848890359978257,3.799856903068591e-05,9.285128482423127e-05,6.961284920973474e-05,6.051258423170159e-05,0.00011513267736505686,0.00011413793284983603,0.00013901092415603066,0.00045566639567834997,3.489382870407924e-05,0.0007634228500743583,0.000845309309000419,0.00019768855821895322,4.137219938821048e-05,0.00036150101872128144,0.2904632186465485,4.250524580499879e-05,3.5075421080245364e-05,0.053428711419512956,0.18232407467916678,5.368291523373376e-05,0.00025175807423954294,0.000139803519195506,0.22822267622581321,0.017893312241915312,6.797075700220911e-05,9.213289458858689e-05,0.00029876245082136033,5.251115752449102e-05,6.577777096054938e-05,0.00015142623502395862,0.0003598264910811386,6.269261103413188e-05,0.0077216012980656215,0.00010210458631457115,9.725209637452645e-05,6.85638901676323e-05,0.006000980915213975,6.04926267460263e-05,0.00017718913407045744,9.746747946054267e-05,6.259019551837477e-05
EhrenbergCarolineAugusteEleonorevon,6.947657298650588e-05,3.308533940163283e-05,3.4800046690916127e-05,4.721104075222541e-05,3.437554278386767e-05,0.0038707565717027194,3.418175376691865e-05,3.5797624900857476e-05,4.004836003397664e-05,3.558921578341931e-05,0.0003157661231875918,5.347332265646624e-05,5.848274352388101e-05,3.7203202933242275e-05,0.055862470004172896,2.7379906948803405e-05,0.08908273829859696,2.975347916850757e-05,5.3325629232266527e-05,4.364064321774868e-05,0.00014864786599393188,5.431587250040149e-05,0.00043193479355931155,3.0817080892202916e-05,0.19837620494698097,3.904941745095866e-05,5.329024811311147e-05,5.987933269381738e-05,2.263846484223538e-05,5.3042651554598304e-05,0.013498181754787114,4.910035909990591e-05,4.264582050136714e-05,3.497519696151335e-05,0.00014815542653044775,4.490219583354855e-05,0.0005553465823213046,4.4694332187743725e-05,0.00012366319379247004,2.5415376203992566e-05,6.210366324390255e-05,4.656061521339026e-05,4.0473895005954186e-05,7.700659217568962e-05,0.013363455545540803,9.297757847241812e-05,0.0003047728681659133,2.333876791506745e-05,0.00457714038208092,0.015446804978924788,0.03973276982823071,2.7671831825793884e-05,0.001825812099758336,0.14488830239921663,2.8429670914839715e-05,2.3460226135041796e-05,1.5483481295874995e-05,0.3860300412546745,3.590586491008602e-05,0.009771728121487244,9.350770635932399e-05,0.004244951822973708,0.001645193742372076,4.546230040100337e-05,6.16231673050836e-05,0.0001998275271134502,3.512213373914947e-05,4.3995519764767374e-05,0.00010128157002912885,0.00024067026396716473,0.002416942684780282,0.00010754253338429269,0.006404380048101725,6.504714990686886e-05,4.5859018038610233e-05,4.483279145849685e-05,0.00043629565924693467,0.0036097136444188218,6.519120907274583e-05,4.186350713618517e-05
EndeHenrietteFreifrauvon,3.901634065825136e-05,1.8579915752878197e-05,0.00834404667712472,0.0010288512888525533,0.00222333459912278,0.0001861860354173701,0.015517524864986585,0.0030637637338809206,2.2490177490381065e-05,0.0008338763416157908,0.0011629014527642972,3.0029307480357392e-05,3.2842475468674376e-05,2.089240699168282e-05,0.0018672031192634234,1.5375884716035452e-05,0.006975818570535657,1.6708824703143423e-05,0.00015929573587627867,0.0066090607297358646,8.347699848217603e-05,3.0502462823510525e-05,0.0006682770283734926,1.7306117364433157e-05,1.178504314907963e-05,0.009989888634196602,0.006820768390975972,0.0055253539429438725,0.0005578703555079834,2.9787453144430265e-05,0.044426111664124905,2.7573558319528537e-05,0.0011746967694701183,0.008060454862652788,8.320045654818348e-05,0.010842184300799314,0.0005969959316949618,2.509924158850998e-05,6.944621889786477e-05,1.4272652396444281e-05,3.487589524198387e-05,2.6147300396872337e-05,2.2729147501637954e-05,4.3245014889282065e-05,0.0025509317321635396,5.221392937679502e-05,0.0018870487571827391,0.0005575908303224891,0.003530215806571034,0.0031071297965860087,7.425385076829629e-05,1.553982257246211e-05,0.34719876192733645,0.13091368188573602,1.5965406431759464e-05,1.3174688034514641e-05,8.6951436268e-06,0.3170971015520343,0.0002319833660707743,0.0014257862726955567,5.2511636205713815e-05,0.005969844081209326,3.4352648746903094e-05,0.01886292902970126,0.0003789586314794373,0.00011221824185641135,1.9723729535097725e-05,0.0005078784038083644,0.003100537912585261,0.001304549701549487,0.0051944210404379545,0.00018974262050085668,0.004883479014728621,0.009160869655054768,2.5753300618250544e-05,2.517699692160689e-05,2.272165126525283e-05,0.001305999367612135,0.002794900125134763,2.350951961737919e-05
FernowCarlLudwig,4.324536229829852e-05,2.0593812096398e-05,2.1661123490340696e-05,2.938628769450483e-05,2.139689305311232e-05,1.831281616759243e-05,2.1276270001526007e-05,2.228206130081935e-05,2.492791116018919e-05,2.215233803724341e-05,0.00019654712101917855,3.3284215270978305e-05,3.640230545596891e-05,2.3156956659587505e-05,3.522416998522409e-05,1.7042492811565102e-05,0.0006087416216700804,1.8519911546686352e-05,3.3192284201784167e-05,2.716391073648493e-05,9.25251569478687e-05,3.3808656412633794e-05,0.0002688557571822257,1.918194537917308e-05,1.3062436201977512e-05,2.430612410218042e-05,0.0364319720636504,3.727160574007345e-05,1.409120473126835e-05,3.301614609267695e-05,0.10645868202020556,3.056228491097857e-05,2.6544688069862424e-05,2.1770144942940164e-05,9.221864034676225e-05,2.7949158159947053e-05,9.92871552622206e-05,2.7819774422594014e-05,0.004121284877970674,1.5819679996344754e-05,3.865612970800562e-05,2.898143341246568e-05,2.5192783378877052e-05,4.793238691611664e-05,4.751825184970913e-05,5.787345134940886e-05,0.00018970442173488303,1.452710504703546e-05,0.0003178305262053658,0.00035192174619836064,8.230230268505868e-05,1.7224200062321286e-05,0.09316966136651332,0.05464368029261885,1.7695913397634538e-05,1.4602706138181924e-05,9.63761926497287e-06,0.25945410181103745,2.234943477957699e-05,0.00010481268828174296,5.8203426930359424e-05,0.17835153470103796,3.807616798249978e-05,2.829779258308159e-05,3.835704729700181e-05,0.00012438169350800657,2.1861605041080767e-05,2.738480195473735e-05,6.304223138497159e-05,0.0001498040607401383,2.610037877727354e-05,6.693933823684552e-05,0.00408681980373051,4.048828897678405e-05,0.2588644686547563,2.7905957736909773e-05,2.518447461765345e-05,7.376791998562967e-05,4.057795791917633e-05,2.605774083781247e-05
FeuchterslebenCarolineHenrietteSusanneFriederikevon,0.00016137554426877358,7.68484170094659e-05,8.083122459733399e-05,0.00010965865282913957,7.984521526930522e-05,6.833659192758105e-05,7.9395095081461e-05,8.314833264771551e-05,9.302165636192255e-05,8.26642538667473e-05,0.0007334404649022538,0.00012420426305746266,0.00013583981133223754,8.641311544050504e-05,0.00013144344967148036,6.359621950192768e-05,0.002271596427807709,6.910939455289622e-05,0.00012386121063431312,0.00010136557185788936,0.0003452693368140306,0.00012616128157167506,0.0010032692950009568,7.157985761214753e-05,4.874413438902303e-05,9.070137923686786e-05,0.00012377902973339857,0.00013908371539558467,5.2583114397925094e-05,0.00012320392898113646,0.004875698255091648,0.00011404703532338177,9.905486408394389e-05,8.123805194979909e-05,0.0003441255313120724,0.00010429582203067697,0.0003705025895914273,0.00010381301023479349,0.00028723660863570066,5.903313867411879e-05,0.0001442502418623316,0.00010814788782125386,9.401006057871676e-05,0.00017886577000637366,0.0001773203725766723,0.00021596211047561741,0.0007079060662387883,5.4209731611087293e-05,0.001186024845805018,0.0314969598835611,0.00030712146192141517,6.427428311221947e-05,0.0005616143005747129,0.5057470042330692,6.603454114173794e-05,5.449184665378063e-05,3.596399640757332e-05,0.34941958138057205,8.339974531316617e-05,0.030574841149996763,0.00021719345613076518,0.001499505642113385,0.00014208604126058879,0.00010559679551763928,0.000143134177981908,0.000464146036018204,8.157934688483761e-05,0.0001021898554035744,0.00023525006754465387,0.0005590128178106021,9.739686770919676e-05,0.00024979261513523006,0.01525048548804416,0.045426666177742415,0.00010651826475450368,0.00010413461418294996,9.397905538432366e-05,0.000275274332427658,0.00015142178713531355,9.723775884014468e-05
FichteJohannGottlieb,0.00010950238351953576,5.2145973359038155e-05,5.4848532324508604e-05,7.440956380808694e-05,5.41794695363341e-05,4.63702212846384e-05,5.3874037671409686e-05,5.642082046481376e-05,6.312042594013256e-05,5.609234578441879e-05,0.007877359139252646,8.427957848078556e-05,9.21749524385793e-05,5.863615922078162e-05,8.91917737738802e-05,4.315361196671852e-05,0.0015414059445408778,4.689461133299184e-05,8.404679811634282e-05,6.878224191623987e-05,0.00023428466505665945,8.560752561719428e-05,0.0031406674901378745,4.857095947242508e-05,3.30756368468368e-05,6.154598740441381e-05,8.399103375272314e-05,9.437612380227493e-05,3.5680600710248956e-05,8.360079554518101e-05,0.21595599837048657,7.738732815950923e-05,6.72142967234867e-05,5.512458756557832e-05,0.00023350852868906602,7.077058147340575e-05,0.0002514068463363328,7.044296651365362e-05,0.03463340600483157,4.005730496988409e-05,9.78819026065483e-05,7.338442477570749e-05,6.379111379503741e-05,0.007902153283211156,0.00012032184635968384,0.00014654243896834008,0.00048035408284652587,3.678435198013473e-05,0.0008047845670638577,0.000891107577160796,0.00020839918627562988,4.361371626468545e-05,0.00816186968928584,0.23876551088289127,4.4808150345233884e-05,3.6975782904452386e-05,2.4403594394440948e-05,0.21346392125175212,5.659141809928554e-05,0.00026539815092247566,0.0001473779762536584,0.08906600253847893,9.6413370770581e-05,7.165336515889917e-05,9.712459048952215e-05,0.0003149491918086895,5.535617537548599e-05,6.934156466466152e-05,0.00015963040271062967,0.00037932163913437407,6.608925292751239e-05,0.0001694983392113559,0.17099028830776217,0.00010252114705395905,7.227863386509498e-05,7.066119288142206e-05,6.37700750267227e-05,0.00018678911763961948,0.00010274819944519354,6.598128861061886e-05
FischerFriederikeChristianevon,2.6029779009085775e-05,1.2395603813567033e-05,1.3038028301228246e-05,1.768787527571419e-05,0.001504254866820292,1.1022651506267962e-05,1.280638146715568e-05,0.20683322962498996,1.5004337671680857e-05,1.333369482874463e-05,0.022181030675970916,2.0034073527197404e-05,2.191088052180312e-05,1.393838396390902e-05,2.1201750008923608e-05,1.025803226225778e-05,0.0018577830297385309,1.114730410865418e-05,1.9978739376018697e-05,1.635020626295122e-05,5.569173803010913e-05,2.0349739445924194e-05,0.0011047588175341328,1.1545788326159406e-05,7.862399794743633e-06,1.463007835575614e-05,1.996548364573276e-05,2.2434120311811006e-05,8.481624979729453e-06,1.9872720237515152e-05,0.09894774217506325,0.0009613277975846869,1.5977490477651054e-05,1.3103649310455524e-05,5.550724288507179e-05,1.6822853867547132e-05,5.9761846648191306e-05,1.6744976612931053e-05,4.633109359900264e-05,9.522010047202455e-06,2.3267477948393346e-05,1.744418978130973e-05,1.5163766682138301e-05,2.885094198536983e-05,2.8601670301989244e-05,3.483455957027466e-05,0.00011418482612642366,8.743997365724125e-06,0.00019130510001051887,0.0002118249170592638,4.95385085700913e-05,1.0367403518044856e-05,0.002919384288099517,0.42673837441196505,1.0651332087983694e-05,8.789502353792306e-06,5.8009711633476525e-06,0.21671758431495097,1.3452329160235841e-05,6.308771549890115e-05,3.503317488979241e-05,0.018157578863209994,2.2918393682558927e-05,1.703270011479453e-05,2.3087457510358067e-05,7.486647868635462e-05,1.3158699979850492e-05,1.648316270707805e-05,3.7945695537739224e-05,9.01684339891143e-05,1.5710056651614478e-05,4.0291399787581144e-05,2.5586250260310043e-05,2.437027136579586e-05,1.7181332552924702e-05,1.6796851137890175e-05,1.515876556278132e-05,4.440158558369646e-05,2.442424392216733e-05,1.568439248596548e-05
FriedrichWilhelmIII,0.0003783634540129695,0.00018017991900125182,0.0001895180677427054,0.00025710727629050595,0.00018720625589579618,0.00016022296980842816,0.0001861508975404431,0.00019495079306199807,0.00021809993179936252,0.0001938158148940765,0.001719635207867075,0.0002912111261126853,0.00031849200224870055,0.00020260545039982,0.0003081842285981664,0.0001491086235027029,0.005326018105428386,0.0001620348941115155,0.0002904068003995264,0.0002376631977288534,0.0008095235212601074,0.00029579958025522545,0.03773687403825015,0.00016782717782058216,0.00011428620819760646,0.0002126597762213848,0.0002902141178610116,0.00032609770701305137,0.0001232871367003523,0.0002888657282520572,0.3652775754297381,0.0002673963418708896,0.00023224547859101123,0.00019047192108500167,0.0008068417382030715,0.00024453350500819847,0.0008686857736329758,0.00024340149743197964,0.0006734591406326549,0.0001384099576622667,0.00033821122029702204,0.00025356511462545504,0.0002204173587373897,0.0004193712922918792,0.00041574793094568464,0.035890942134156334,0.001659766884458902,0.0001271009271350662,0.356626713357401,0.038463637160232,0.0007200814575755077,0.00015069842132983346,0.0013167690776900722,0.08885937926504109,0.00015482554797111318,0.00012776237817751593,8.432171034674263e-05,0.040793172318402175,0.00019554025886311165,0.0009170299115340113,0.0005092349440122214,0.003515762791894984,0.00033313700401125986,0.0002475837864144475,0.0003355944806503204,0.0010882435634843447,0.00019127212616591046,0.00023959582494845254,0.0005515707384058887,0.0013106696032706725,0.00022835811611652447,0.0005856674075229522,0.0003719164123656986,0.000354241196053848,0.0002497442766225921,0.00024415553473794237,0.00022034466350654745,0.000645412213420475,0.0003550257299080728,0.00022798506714227359
FörsterErnstJoachim,0.00015241358257177812,7.258065405421597e-05,0.0013266138904044586,0.036786161664702374,7.541102566409417e-05,6.454153164051439e-05,7.498590281956355e-05,0.010559271529400564,8.785571548107785e-05,7.807350946231249e-05,0.0035004791725785278,0.00011730660174720478,0.00012829597195060846,0.008705533988517783,0.0001241437614404384,6.0064414941127945e-05,0.030045074437382358,6.527141681164656e-05,0.0001169826006783993,9.573625313738094e-05,0.0003260948665701331,0.00011915493759178372,0.0018736278668235826,6.760468315121414e-05,4.603713769180319e-05,8.566429452698373e-05,0.00011690498367897031,0.00013135972638783863,0.03149188539379425,0.0010424367719138,0.03898843767675232,0.00010771345382033978,9.355387010221096e-05,0.009443070745886628,0.0021982834289951806,9.850377239619933e-05,0.00034992679521315533,0.033816887017577846,0.00450363414324551,5.575474398272907e-05,0.00013623933074063504,0.00010214191440900751,8.878922884825666e-05,0.00016893249178281011,0.0029614471886516233,0.0002039686936858883,0.0006685926307399352,5.1199203959550335e-05,0.006360529582451959,0.0012403099725012258,0.00029006552701791585,6.0704822411320604e-05,0.019120814131059004,0.25784385425837225,6.236732482917652e-05,5.146565179431437e-05,3.396674236430425e-05,0.1623512562311971,7.876815552412773e-05,0.03148623890372911,0.00020513165678253127,0.0359065800484337,0.0044461552235443005,9.973249655559596e-05,0.0001351852472661837,0.0004383697697601677,7.704885259364473e-05,9.651476024527074e-05,0.006473543563854822,0.004094731150348421,9.198795025660318e-05,0.0002359204273810201,0.004461776469451182,0.0001426965770939069,0.00010060279216486297,9.835151719717213e-05,8.87599455217328e-05,0.0002599870221071186,0.2419001009304135,9.183767746984942e-05
GentzAnnaHenrietteNanette,3.2774037774693795e-05,1.560727762937135e-05,1.641615289560575e-05,2.2270765043298377e-05,1.621590255959949e-05,1.387859638445696e-05,1.6124486873868397e-05,1.688673836823951e-05,1.889192871995885e-05,1.678842597322781e-05,0.00014895568973053363,2.5224858126232004e-05,2.7587941705064807e-05,1.754978873973102e-05,2.669507702848845e-05,1.2915865967971275e-05,0.07402210621827465,1.4035546203273856e-05,2.5155187017601826e-05,2.058650891730406e-05,7.012134545207014e-05,2.5622312393551128e-05,0.033919105758139015,1.453727680930693e-05,9.899530371837873e-06,1.8420699634480775e-05,2.5138496756613792e-05,2.8246751779362995e-05,1.0679195446853806e-05,2.502169855237349e-05,0.04696569133497702,2.316200921717738e-05,2.0117223287856785e-05,1.649877616468835e-05,6.988904801878839e-05,2.1181618481689443e-05,7.524601030418318e-05,2.108356340086506e-05,5.8335378538041525e-05,1.1989142008047645e-05,2.929603055547729e-05,2.1963941170688127e-05,1.9092665438057395e-05,3.632615790299098e-05,3.6012300472068295e-05,4.386011770681955e-05,0.00014376986464072517,1.1009547943762226e-05,0.00024087183268239854,0.009461803761864606,6.23738277075441e-05,1.305357507673398e-05,0.00011405921749325142,0.3295253868549965,1.3411068917662947e-05,1.1066843174634644e-05,7.303990094234105e-06,0.4295729492088505,1.6937798200333982e-05,7.943360449423736e-05,4.411019382088243e-05,0.012564664485186651,2.8856499320463153e-05,2.144583543227375e-05,0.05519964220192331,9.426421944144936e-05,1.6568090342025125e-05,2.0753914085080576e-05,4.777734219360067e-05,0.00011353087786925502,1.9780497942870402e-05,5.073081328014905e-05,3.221559169793438e-05,3.0684555333463994e-05,2.1632978209787256e-05,2.1148878501694813e-05,1.9086368539621787e-05,0.006185969587520214,3.0752512061052726e-05,1.974818424807712e-05
GentzLudwig,0.00014797613398003908,7.046750301028786e-05,7.411960824041798e-05,0.00010055342385764012,7.321546970386907e-05,6.266243580237279e-05,7.280272410771715e-05,7.62443210825226e-05,8.529783832630305e-05,7.580043655916421e-05,0.0006725410903649492,0.0001138912761184691,0.00012456069606212324,7.923802089094539e-05,0.0001205293751758965,5.8315668215299804e-05,0.002082980162037451,6.337107071568594e-05,0.00011357670818588562,9.294893789621617e-05,0.0003166007704271368,0.00011568579854857281,0.0977911821768254,6.563640512124896e-05,4.469678843702481e-05,8.317021954562793e-05,0.00011350135096828846,0.0001275352507536121,4.821700844754785e-05,0.00011297400225287815,0.0736645832720145,0.00010457742810726848,9.08300938997765e-05,7.449265571231283e-05,0.0003155519379229814,9.563588215489068e-05,0.0003397388438611224,9.519315941571397e-05,0.0002633866431003766,0.06924785776485287,0.0001322727877584846,9.916810140229388e-05,8.620417289808413e-05,0.00016401410304663856,0.00016259702378505582,0.00019803024268117526,0.11135908894567027,4.970856361323167e-05,0.0010875462715353877,0.0012041989406107222,0.00028162040787132336,5.8937430528159396e-05,0.0005149820771388762,0.2146561658345132,6.0551529982917175e-05,4.99672539466681e-05,3.297781689895434e-05,0.3480839004472064,7.647485833298134e-05,0.00035864600455890974,0.00019915934666324086,0.0013749979825420865,0.0001302882860816395,9.682883259780648e-05,0.0001312493934204629,0.0004256068434864079,7.480561208536683e-05,9.370477914184312e-05,0.00021571667300357482,0.0005125966019183703,0.027766800282496392,0.00022905171692503862,0.04166169050303385,0.00013854203447121686,9.767378996647462e-05,9.548805979319406e-05,8.617574214161244e-05,0.000252417624251279,0.00013884886190260163,8.916386739544059e-05
GiechAugusteCarolineWilhelmineLouisevon,0.0003783634540129695,0.00018017991900125182,0.0001895180677427054,0.00025710727629050595,0.00018720625589579618,0.00016022296980842816,0.0001861508975404431,0.00019495079306199807,0.00021809993179936252,0.0001938158148940765,0.001719635207867075,0.0002912111261126853,0.00031849200224870055,0.00020260545039982,0.0003081842285981664,0.0001491086235027029,0.11147980076879042,0.0001620348941115155,0.0002904068003995264,0.0002376631977288534,0.0008095235212601074,0.00029579958025522545,0.002352279817129466,0.00016782717782058216,0.00011428620819760646,0.035597253997342065,0.0002902141178610116,0.00032609770701305137,0.0001232871367003523,0.0002888657282520572,0.2945083869874968,0.0002673963418708896,0.00023224547859101123,0.00019047192108500167,0.0008068417382030715,0.00024453350500819847,0.0008686857736329758,0.00024340149743197964,0.0006734591406326549,0.0001384099576622667,0.00033821122029702204,0.00025356511462545504,0.0002204173587373897,0.0004193712922918792,0.00041574793094568464,0.0005063479130356466,0.037044361105579585,0.0001271009271350662,0.03816536536731485,0.0030790429391113296,0.0007200814575755077,0.00015069842132983346,0.0013167690776900722,0.19501316192840312,0.00015482554797111318,0.00012776237817751593,8.432171034674263e-05,0.25310073764512625,0.00019554025886311165,0.0009170299115340113,0.0005092349440122214,0.003515762791894984,0.00033313700401125986,0.0002475837864144475,0.0003355944806503204,0.0010882435634843447,0.00019127212616591046,0.00023959582494845254,0.0005515707384058887,0.0013106696032706725,0.00022835811611652447,0.0005856674075229522,0.0003719164123656986,0.000354241196053848,0.0002497442766225921,0.00024415553473794237,0.00022034466350654745,0.000645412213420475,0.0003550257299080728,0.00022798506714227359
GiechSchönburgKarolineWilhelminevon,0.00016639805650408448,7.924018037387924e-05,8.33469454048134e-05,0.00011307157346737927,8.233024837911277e-05,7.046344064329525e-05,8.186611904161052e-05,8.57361691130309e-05,9.591678157648732e-05,8.52370242846558e-05,0.0007562674287122619,0.00012806988863109297,0.00014006757160130393,8.910256216899084e-05,0.00013553438139981555,6.557553298474364e-05,0.1268348203858108,7.126029530610293e-05,0.0001277161593423723,0.0001045203858490825,0.00035601519967995486,0.0001300878156892666,0.0010344941768892658,7.380764691125008e-05,5.0261204478408786e-05,9.352429016206989e-05,0.0001276314207144972,0.00014341243611638594,5.421966556576789e-05,0.0001270384210260743,0.08283527322926255,0.00011759653616570644,0.00010213776161394422,8.376643449834142e-05,0.00035483579536930217,0.0001075418345824205,0.0003820337902939205,0.00010704399617167309,0.0002961763112891538,6.08704347936953e-05,0.00014873976106415958,0.00011151378872195422,9.693594802739066e-05,0.0001844326328318777,0.00018283913779522926,0.00022268352757225516,0.0007299383196093077,5.5896908199853025e-05,0.001222937652676902,0.016915678302591827,0.0003166800434723953,6.627470005773446e-05,0.2184410118337729,0.4748027378086789,6.808974282883581e-05,5.61878035460311e-05,3.708330858592218e-05,0.06462486653724386,8.59954065278515e-05,0.0004032947511631011,0.0002239531965597696,0.0015461749529346626,0.00014650820376316498,0.00010888329843789368,0.00014758896178116806,0.00047859171398902383,8.411835160041801e-05,0.00010537032367969858,0.00024257178625955927,0.0005764110470768235,0.00010042816320051148,0.00025756694346664984,0.00016356275307049755,0.00015578948212853068,0.00010983344668270556,0.00010737560944169964,9.690397785426485e-05,0.00028384173158934407,0.00015613450728151548,0.00010026410236525424
GleimJohannWilhelmLudwig,0.0003420532117170525,0.00016288867047710158,0.00017133066912847306,0.00023243357326994008,0.00016924071393133685,0.00014484692121437978,0.00016828663469579686,0.00017624203444172273,0.0001971696297726601,0.00017521597623380448,0.0015546077180395225,0.0002632645936548862,0.0002879274177247269,0.00018316210058242805,0.0002786088457394506,0.00013479918058380985,0.004814898424525175,0.000146484961359869,0.00026253745632030844,0.00021485547620387425,0.0007318363268721662,0.0002674127095990293,0.0021265395951236736,0.00015172137947808053,0.00010331855297952494,0.00019225154725715385,0.00026236326486380867,0.0002948032291024524,0.00011145569326129812,0.00026114427557851443,0.3622119961350737,0.00024173523253435985,0.00020995767698033622,0.00017219298443873636,0.0007294119053323523,0.0002210664636696521,0.0007853209809050072,0.00022004309097594483,0.0006088295779372749,0.00012512722899071734,0.0322946103889872,0.00022923134070466133,0.0001992646611998883,0.000379125668478148,0.00037585002868648147,0.0004577554413966548,0.12945590930779413,0.00011490348731533208,0.0025139100817417282,0.002783557754237125,0.0006509777111114863,0.00013623641096899438,0.0011904032679069243,0.016354137287532232,0.00013996747142908933,0.00011550146117106223,7.622964516173826e-05,0.38875580908409696,0.00017677493123270438,0.0008290256977886164,0.0004603654139174949,0.003178367101389684,0.00030116698892367674,0.00022382402003663825,0.0003033886299627224,0.000983808563095184,0.0001729163965840008,0.00021660263582117968,0.0004986383874020067,0.033173745278018814,0.00020644337134271783,0.0005294629161894658,0.0003362248705331099,0.00032024588407673053,0.00022577717541340941,0.0002207247659091961,0.00019919894228089016,0.0005834742180842808,0.0003209551289091587,0.00020610612259837726
GoldschmidtCaroline,0.0003617618597206767,0.0001722740975400321,0.00018120251284871764,0.0002458260845017633,0.00017899213723185505,0.00015319280684513462,0.008944336919760789,0.00018639686445433436,0.00020853027980335972,0.0021956243086317224,0.002943836956372558,0.00027843354699438384,0.0003045174099602717,0.0007804203165888964,0.0002946619143360321,0.0001425661288547149,0.028897113082817297,0.00015492522867024963,0.00027766451298032294,0.00022723516102220005,0.0007740037559987196,0.0002828206718243402,0.00741423340744346,0.0001604633621881604,0.00010927162964468912,0.00813071251053541,0.005799687415878215,0.0003117893963819405,0.0001178776210527667,0.00027619105902984423,0.0543581657290878,0.0002556636929168192,0.00022205515716621746,0.0001821145136124015,0.0007714396425364098,0.00023380401726840396,0.0008305701241737474,0.0002327216792105196,0.0006439095229128731,0.00013233689236287962,0.00032337140052869954,0.00024243934358429565,0.00021074602413589442,0.00040097038179531287,0.00039750600402537525,0.012515034584790374,0.1403650854909296,0.00012152407238313152,0.011735666405164802,0.1282274123947047,0.0017157760589789287,0.00014408617053004788,0.003269305332577962,0.08866070103598313,0.00014803220969745895,0.000122156500691661,8.062189523415287e-05,0.47059894677088665,0.00018696046604479145,0.0008767930483176633,0.0004868910525758684,0.0033615003575083414,0.0003185198275221286,0.00023672046034051478,0.0003208694765427663,0.0010404942950480048,0.00018287960779672936,0.00022908298963697168,0.0005273692635398696,0.0012531608645857937,0.00021833836194389003,0.0005599698603978493,0.00035559769732265234,0.0003386980230646804,0.0002387861539145563,0.0002334426313405699,0.00021067651858079013,0.0006170932211794057,0.00033944813363457824,0.00021798168137852214
GriesbachJohannJakob,3.9860028639630626e-05,1.8981687199181877e-05,1.9965447317469387e-05,2.7085870180384024e-05,1.972190136859432e-05,1.6879252204605638e-05,1.961072093131032e-05,2.0537776871292607e-05,2.2976504299292306e-05,2.041820860485756e-05,0.0001811610183496983,3.067866017163707e-05,3.355266000582431e-05,2.134418366739316e-05,3.246675134164598e-05,1.5708372307622255e-05,0.0005610881071254034,1.7070135742240935e-05,3.059392565084214e-05,2.503746534604152e-05,8.528210216829359e-05,3.116204700932836e-05,0.00024780918951012557,1.7680344239080455e-05,1.2039882508618901e-05,2.240339197873819e-05,3.0573626831222805e-05,3.4353909720922875e-05,1.298811697496992e-05,3.0431575986036102e-05,0.3404263263680084,2.816980797712237e-05,2.4466716671174882e-05,2.0065934352194033e-05,8.499958030122377e-05,2.576124202693725e-05,9.151475769819778e-05,2.5641986707931697e-05,7.094792149856655e-05,1.458128373106273e-05,3.563005037696272e-05,2.671270870319153e-05,2.322064178968757e-05,4.418014357385642e-05,4.3798427830701974e-05,5.334300155354392e-05,0.00017485397928356623,1.3389894140129308e-05,0.0002929501154299084,0.00032437260637604586,7.585951343187295e-05,1.5875855150504e-05,0.00013871966912192097,0.07646006504743744,1.6310641820241805e-05,1.345957702629636e-05,8.883167107488635e-06,0.23541580005585205,2.059987621906329e-05,9.660774091540743e-05,0.12679594061877295,0.0003703803950639433,3.509548921803212e-05,2.6082584648489308e-05,3.535438073669031e-05,0.00011464484518077372,0.216227592041292,2.524106475688818e-05,5.810715912559385e-05,0.0001380770985394153,2.405718880075757e-05,6.169919264021436e-05,3.918084236522818e-05,3.7318784545082895e-05,2.6310189087181585e-05,2.572142341962319e-05,2.321298345494989e-05,6.799321931981753e-05,3.740143402289714e-05,2.401788864467771e-05
GöschenGeorgJoachim,9.358308821191263e-05,4.456506852094504e-05,4.687473344269896e-05,6.359201096677336e-05,4.63029380176809e-05,3.962898678011006e-05,4.6041909387625094e-05,4.821844464787534e-05,5.3944071342292605e-05,4.7937723132938646e-05,0.00042532853435844496,7.202713743690396e-05,7.877469355221383e-05,5.0111720716902853e-05,7.622520500997923e-05,3.68800033893654e-05,0.0013173186175678144,4.0077141775236295e-05,7.182819833914669e-05,5.878278084706919e-05,0.0002002247053625479,7.316202957361367e-05,0.0005818046306818597,4.1509784890063735e-05,2.8267149455705653e-05,5.259852236302207e-05,7.178054091661424e-05,0.3151491024039471,3.0493407507659857e-05,7.144703496517932e-05,0.08159457165722628,6.61368723206244e-05,5.7442781218123316e-05,4.7110656179228054e-05,0.00019956140255745404,6.048205852663031e-05,0.00021485768913490715,6.0202071747415074e-05,0.13144509041174,3.423383294537479e-05,8.365197570648539e-05,6.271590513772058e-05,5.451725558423216e-05,0.000103725822945758,0.00010282963347267816,0.00012523831492961397,0.00041052091345535866,3.143669704286256e-05,0.07070299651418611,0.0007615596694739053,0.00017810241937832997,3.727321840185539e-05,0.00032568504025752164,0.01322626557296078,3.829400741420906e-05,3.1600298021225844e-05,2.085583576813439e-05,0.18512766586561813,4.8364241049399936e-05,0.00022681495845819225,0.00012595238303446342,0.14965189840266382,8.239693686687134e-05,6.123650441955308e-05,8.300476051012424e-05,0.04402866880614724,4.73085760942729e-05,5.926079007775532e-05,0.00013642356977103476,0.00032417641767100333,5.648129463292817e-05,0.00014485692019077483,9.198849956762524e-05,8.761677362598647e-05,6.177087248175724e-05,6.038857268710829e-05,5.449927540108195e-05,0.00015963399070646956,8.781081747484784e-05,5.6389026009480504e-05
HaugFriedrich,8.272329634806835e-05,3.939354257771574e-05,4.143518385540406e-05,5.621251519998852e-05,4.092974207849744e-05,3.503026540395174e-05,4.069900435513293e-05,4.262296492093504e-05,4.768416479016952e-05,0.4719562048016298,0.00037597154641178416,6.366879261137261e-05,6.963333273092966e-05,4.429653693399168e-05,6.737969801716916e-05,3.260028609857185e-05,0.0011644511895047545,3.5426414528542984e-05,6.349293927875202e-05,5.196136922906829e-05,0.00017698975268271074,6.467198688869268e-05,0.0005142894704606188,3.669280745501412e-05,2.49869054977587e-05,4.6494759213907846e-05,6.345081223248048e-05,7.129620202362762e-05,2.695481880450977e-05,6.315600777388084e-05,0.010235641458797313,5.846205968459304e-05,5.07768690321889e-05,4.164372908320152e-05,0.00017640342244331926,5.346345527634298e-05,0.00018992466086095204,5.3215959390568045e-05,0.00014724138781902784,3.026118887482935e-05,7.394463367995724e-05,5.543807653255653e-05,4.8190834219592904e-05,9.16890236733708e-05,9.08968319560198e-05,0.00011070511176758089,0.00036288226676114825,0.007764080939674275,0.0006079724486152228,0.04709093871515736,0.0001574346337575348,3.2947870716992026e-05,0.0002878911202454417,0.17415356991689518,3.385020289678255e-05,2.793326088980663e-05,1.8435633144818657e-05,0.07080913230333799,4.275184246879381e-05,0.00020049435622625063,0.0001113363162787678,0.20964855892285,7.283523504991168e-05,5.413035196004197e-05,7.337252417264628e-05,0.0002379275636856502,4.181868150354016e-05,5.23839081728315e-05,0.00012059238059632781,0.00028655756483830086,4.992695756590257e-05,0.00012804708805799563,8.131375076141331e-05,7.74493390655329e-05,5.460270960941298e-05,5.338081794352047e-05,4.817494053572816e-05,0.00014110936252213874,7.762086521540231e-05,4.9845396198064334e-05
HeimJohanna,0.0024103944412042283,3.078828302034207e-05,3.238394122649281e-05,0.020985835052645414,0.0059674724500147994,2.7378134967345257e-05,3.180857528260983e-05,3.3312259352226905e-05,3.726787349099333e-05,3.311831970984292e-05,0.08367689472942084,4.9760764790706714e-05,5.44223904600617e-05,3.462025059701684e-05,5.266104738575347e-05,2.5478968614382335e-05,0.021516574609999388,0.0012834888704480298,4.962332545876262e-05,4.0610750830366514e-05,0.00013832750853887843,5.054481789467891e-05,0.0030399390121245142,2.8677505672590843e-05,1.95286807920321e-05,3.6338285718183254e-05,4.959040078790164e-05,5.572201692316589e-05,2.1066716416226586e-05,4.935999441891062e-05,0.004752578034707954,4.5691408330957764e-05,3.968499688916593e-05,3.254693112473065e-05,0.00013786925827316147,4.17847160875699e-05,0.00014843687133731613,0.028190489324183242,0.025285014220458406,2.3650831751732686e-05,0.002695784600659663,4.332799435390882e-05,3.766386432527963e-05,7.16601611836626e-05,7.104101852209424e-05,8.652231025363449e-05,0.020059109370140344,2.1718398689895657e-05,0.0012465886067588798,0.041335961513283725,0.00012304407636780623,2.5750625665390776e-05,0.014149460606270692,0.25028774808455934,2.64558493318063e-05,0.027396746424855834,1.44084906759048e-05,0.34312378828956636,3.341298444976327e-05,0.0001566976864621203,8.701563230243982e-05,0.060444672686517785,5.692485833549653e-05,4.230593358920853e-05,5.7344780193041315e-05,0.009443038612833729,3.268366634273886e-05,4.0940988928705436e-05,0.029408351498360193,0.0002239609547797419,3.902074297712858e-05,0.0001000760462018045,6.355129820957363e-05,6.0531041761066495e-05,4.267510782549274e-05,4.172013033507082e-05,3.76514425118289e-05,0.00011028495296102861,6.066509915479164e-05,3.8956998152159455e-05
HeineJohannGeorg,0.00011217858519809655,5.342040353076814e-05,0.023767522882840408,7.622810869417751e-05,5.55035976754335e-05,4.750349400481663e-05,5.519070115774697e-05,5.7799726471976366e-05,6.466306806739108e-05,5.746322398010567e-05,0.0005098437563918388,8.633934322881438e-05,9.442767748901967e-05,6.0069207367199526e-05,9.137159093416043e-05,4.420827182953959e-05,0.03779954666404787,4.8040699970801435e-05,8.610087379001513e-05,7.046325693486343e-05,0.0002400105040177249,8.769974494969216e-05,0.0006974125515477923,4.9758017498848975e-05,3.388399436385085e-05,6.30501507797342e-05,8.604374656397435e-05,9.668264474563548e-05,3.65526226740064e-05,8.564397106498249e-05,0.20172168311214655,7.927864861175185e-05,6.885699168530536e-05,5.647181407363558e-05,0.00023921539913654308,7.25001908466854e-05,0.02396888501639466,7.21645690867429e-05,0.0001996696371798835,4.1036292123893385e-05,0.341865355983619,7.517791560625118e-05,6.535014730945478e-05,0.00012433673956361503,0.00788479160203858,0.0001501238872304,0.0004920937761892562,3.768334925626657e-05,0.07195845484519571,0.0009128859487096717,0.00021349239278124028,4.467962092287037e-05,0.00039040052785545043,0.02907478002530104,4.590324657339703e-05,3.787945868843513e-05,2.5000010090448765e-05,0.23055531566792165,5.797449345565368e-05,0.016079440306889774,0.00015097984476789553,0.006216719006440902,9.876968134939044e-05,7.340454947059557e-05,9.949828304070955e-05,0.00032264644486098854,5.670906181226525e-05,7.10362493444383e-05,0.00016353171643506846,0.0003885921332984096,6.770445219473092e-05,0.00017364082200790404,0.00011026714263398656,0.000105026729645089,7.404509953512617e-05,7.238812883405028e-05,6.532859436066959e-05,0.00019135418128569855,0.00010525933112092798,6.759384926599343e-05
HenckelvonDonnersmarckLuiseAntoinetteBenedictineFriederikeSophieKaroline,4.000917140857973e-05,1.9052710263761346e-05,0.0224700143292937,2.718721636140713e-05,1.979569406467203e-05,1.6942408667295237e-05,1.968409762773034e-05,2.0614622298031664e-05,2.3062474620662325e-05,2.049460664751428e-05,0.00018183886171370048,3.0793449359748624e-05,3.3678202730946714e-05,2.142404639609045e-05,3.258823096318997e-05,1.5767147733069718e-05,0.06417144768041624,1.7134006426679015e-05,3.0708397790986374e-05,2.513114708779177e-05,8.56011990002144e-05,3.1278644867777275e-05,0.0002487364078277217,1.7746498117684743e-05,1.208493168385637e-05,2.2487217907308625e-05,3.068802302003766e-05,3.4482450451947626e-05,1.3036714123421433e-05,3.054544066854989e-05,0.008692136433555273,2.827520988740337e-05,2.455826286408965e-05,2.014101430353811e-05,8.531762003170783e-05,0.11227572852196388,9.18571750227364e-05,2.573793036450937e-05,7.121338466617097e-05,1.4635841971603506e-05,3.5763365995450075e-05,2.681265863996011e-05,2.3307525591116804e-05,4.434545075425875e-05,0.07487720956680448,5.354259305478637e-05,0.00017550822383687273,1.3439994603078014e-05,0.00029404623585104964,0.000325586299148912,7.614335411815665e-05,1.5935257240201114e-05,0.00013923871128688258,0.4247207525543065,1.637167073485702e-05,1.3509938219077586e-05,8.916404919518985e-06,0.26997160776159723,2.0676954000594664e-05,9.696921446356529e-05,5.384787549149788e-05,0.011596753322454868,3.522680468915038e-05,2.618017687379839e-05,3.548666489246004e-05,0.00011507380748309883,2.022563014554013e-05,2.5335508298891127e-05,5.8324576495915065e-05,0.00013859373642221277,2.414720267865301e-05,6.19300501871439e-05,0.007522652169852938,3.745841883664823e-05,2.6408632931452565e-05,2.5817664301555235e-05,2.329983860147627e-05,6.824762698948584e-05,3.754137756090292e-05,2.410775547465829e-05
HenningsJohannWilhelmChristoph,0.00015218832489930387,7.247338442034844e-05,7.622944806642575e-05,0.0001034157112244074,7.529957291931015e-05,6.444614332308264e-05,7.487507837955957e-05,7.841464158131754e-05,8.77258702688015e-05,7.795812173422009e-05,0.0006916852009554433,0.00011713322998053171,0.00012810635858714192,8.149355807170705e-05,0.00012396028478250275,5.997564352010454e-05,0.01637494274325469,6.517494976991709e-05,0.00011680970776489275,9.559476098694888e-05,0.00032561291890241263,0.00011897883410118371,0.0009461524924421037,6.750476768883841e-05,4.596909770278877e-05,8.553768809681068e-05,0.0001167322054784988,0.00013116558498834065,4.9589521971683225e-05,0.00011618984560277104,0.5169742358014011,0.00010755426012190212,9.341560337640743e-05,7.661311446132736e-05,0.0003245342310247518,9.835819002666572e-05,0.0003494096254563919,9.790286503433135e-05,0.00027088403336516544,5.567234198385843e-05,0.00013603797759333507,0.00010199095509479411,8.865800396203811e-05,0.00016868282020326863,0.00016722540329914198,0.00020366724080733226,0.0006676044929552795,5.1123534761819656e-05,0.0011185036455796337,0.0012384768725055568,0.0002896368284440844,6.061510450840406e-05,0.0005296412168971906,0.03574171854735998,6.22751498524296e-05,5.138958880347103e-05,3.391654165910849e-05,0.0306408205159868,7.865174115292102e-05,0.3561856010685112,0.00020482848511778896,0.02987947745387207,0.00013399698640214982,9.958509820916852e-05,0.0001349854519878482,0.00043772188685922784,7.693497924384742e-05,9.63721175103818e-05,0.00022185712137670385,0.0005271878383142192,9.185199786167328e-05,0.00023557175185312906,0.0001495951450917726,0.000142485680543325,0.00010045410757635658,9.820615985123014e-05,8.862876391442592e-05,0.00025960277766849855,0.00014280124192176928,9.170194716863065e-05
HerderLuisevon,0.0003121018665844903,0.0001486255832715952,0.00015632837174585243,0.00021208089732675559,0.00015442142014955007,0.00013216363107100394,0.00015355088334392632,0.00016080968117150845,0.0001799047849219545,0.029347676327026933,0.05979408668506681,0.00024021224847689722,0.0002627155116060544,0.00016712380273335714,0.0002542129055468765,0.0001229957048585416,0.033581092365432295,0.0001336582388379686,0.0002395487817658384,0.00019604199835608697,0.0006677542435709671,0.00024399714124979965,0.0019403325397012703,0.0001384361383370166,9.42716283114225e-05,0.00017541734647516752,0.00023938984310701474,0.00026898925350281566,0.00010169625285405662,0.00023827759267855937,0.33049547912610605,0.00022056807160056343,0.0001915730671270864,0.00015711517978828118,0.0006655421126450057,0.00020170913058873408,0.0007165555989901455,0.0002007753678963321,0.0005555183848507567,0.00011417066231452936,0.0002789813657608184,0.000209159063159948,0.0001818163682563392,0.0003459281326672709,0.00034293931906103216,0.00041767281465341917,0.0013690971927669071,0.00010484214630864879,0.002293783546129021,0.11929103138494294,0.000593975883819088,0.00012430708645228933,0.059461773218006636,0.01492211328230415,0.00012771144254089252,0.00010538775953533145,6.955471759678198e-05,0.2087760110421435,0.00016129591570305211,0.000756433381892545,0.0004200542490840429,0.0029000584442838693,0.00027479578082273,0.00020422522592088434,0.0002768228873997629,0.11764887436756065,0.00015777524750030045,0.0001976361707219736,0.00045497591055388396,0.0010811362073100972,0.0001883664860698784,0.0004831013385329418,0.0003067838748209617,0.00029220406288430433,0.00020600735635538552,0.0002013973530488866,0.0001817564039098966,0.0005323832267321802,0.0002928512038216897,0.00018805876797513038
HolzschuherJohannHeinrichChristoph,0.0002170664676213248,0.00010336891192603794,0.00010872619191682785,0.0001475020054717205,0.0001073999094070046,9.191964424482052e-05,0.000106794452120257,0.00011184293715770249,0.00012512355853088464,0.00011119180212041208,0.00098655178297472,0.14226763639593062,0.00018271831795731166,0.00011623440100430242,0.00017680476581153566,8.554336274375038e-05,0.0030555274944522822,9.295914212416624e-05,0.00016660588560378115,0.0001363469707960281,0.00046442226212017976,0.0001696997142003874,0.0013494989152512775,9.628216539941244e-05,6.556580253239621e-05,0.0001220025505632874,0.00016649534396038476,0.00018708169779608369,7.072961984794529e-05,0.00016572177514371204,0.0065583084612715606,0.00015340482482958985,0.0001332388345758329,0.00010927341595087515,0.0004628837277587255,0.00014028845435313026,0.0004983635453040987,0.20314045198073688,0.00038636235924469715,7.940555641596265e-05,0.00019403119968678523,0.00014546987337169505,0.00012645306240889612,0.0002405925944329389,0.00023851387821446625,0.00029049093326627163,0.0009522054280432584,7.291758490939905e-05,0.0015953236592109689,0.0017664416775949195,0.0004131095028807207,8.645542704305624e-05,0.08195575335474835,0.3148795310270799,8.88231525512861e-05,7.329705824321654e-05,4.837522127104943e-05,0.06400313590799045,0.00011218111268145933,0.0005260984946843215,0.00029214721800876407,0.16441763747732244,0.00019112013046639685,0.00014203839558842404,0.0001925299806187969,0.0006243234745105494,0.00010973249223967437,0.00013745571573251138,0.0003164351909763145,0.0007519289138079808,0.00013100866136076442,0.0003359963918385955,0.0002133678108347401,0.00020322756941193955,0.00014327786513242593,0.000140071613454359,0.00012641135727906792,0.00037027188498506736,0.00020367765514474413,0.00013079464380110967
IndustrieComptoir,0.00055516066902023,0.00026437226776483816,0.00027807383658109616,0.0003772453338226311,0.0002746817885437744,0.00023509007058648447,0.0002731332947756796,0.00028604510175185533,0.00032001109717866744,0.0002843797843636567,0.002523166078395889,0.4157768074626473,0.0004673131909825528,0.00029727653714476765,0.00045218892235870354,0.0002187823435442278,0.007814697067762066,0.00023774864952070025,0.00042610466705460167,0.00034871565541875734,0.15694385911815642,0.0004340173215163777,0.0034514254036691807,0.0002462474832874789,0.00016768852046845326,0.00031202892982552566,0.00042582195009064575,0.00047847279982046845,0.00018089529674768752,0.000423843500878737,0.2244480333608268,0.0003923421526898228,0.00034076640834103844,0.00027947339527007635,0.0011838532353574205,0.00035879623890303054,0.0012745950227050944,0.00035713528016961105,0.0009881451897798725,0.00020308453123543948,0.0004962465728093471,0.0003720480326063248,0.00032341138406069954,0.0006153301666092138,0.0006100137236818624,0.0007429481974975076,0.00243532319049567,0.0001864911502234467,0.004080137110336221,0.004517781830907136,0.0010565526334448208,0.00022111500336101465,0.0019320534115076398,0.02654316196073436,0.00022717060509263838,0.0001874616763124646,0.00012372256525447373,0.05985452504872575,0.0002869100061844581,0.0013455288395303982,0.0007471842462792763,0.0051585669888666,0.0004888013365475476,0.00036327181985101273,0.000492407113904141,0.0015967451886624835,0.00028064751074914564,0.0003515513379055826,0.0008093022116636536,0.0019231038465762718,0.0003350626049499576,0.05277802149968217,0.0005457011297435387,0.0005197668466919101,0.000366441838457842,0.0003582416551400386,0.00032330472065925065,0.0009469928250101457,0.0005209179682782078,0.00033451524204816083
JeanPaulANDRichterCaroline,0.00011798637718121393,5.618612384015707e-05,0.004843587693105934,8.017464624214577e-05,5.837717063986615e-05,0.014427392489556918,5.804807461419193e-05,6.079217630041312e-05,6.801085185038658e-05,6.0438252154746966e-05,0.0005362397612602015,9.080936702655111e-05,9.931645645994959e-05,6.317915442495007e-05,9.610214795068005e-05,4.6497054900441e-05,0.034725185380942214,0.013585336763849444,9.055855137307614e-05,7.411133234968499e-05,0.0002524365038521546,0.029828469674899518,0.050111788246307805,0.0021221676703372405,0.00392602966025659,0.010253605778104963,0.019767005239453517,0.00010168816953513707,3.844505186227906e-05,9.007799354507691e-05,0.03250543146453221,8.338312094955705e-05,0.0019862177552483194,5.939551424751264e-05,0.0007104073144053134,7.625372389784926e-05,0.0002708852724880285,7.590072608201064e-05,0.000210007080070944,4.316085313518751e-05,0.00010546556804483352,7.907008178747406e-05,6.873350306286497e-05,0.0009578740612535094,0.0015040911487916224,0.00015789621121889983,0.0005175708160649778,3.963431925041543e-05,0.0008671374305042052,0.13393121814928002,0.00022454547751271428,4.699280702471269e-05,0.0018709299824784193,0.18601624509262937,0.006389380310757756,3.984058180393019e-05,2.6294328947517272e-05,0.3449273940766672,6.09759914485411e-05,0.0005153641313747816,0.00015879648401777408,0.02886949291762204,0.0007911067785240307,0.0018482883715382353,0.00010464958112097439,0.00033935073322882556,5.9645044950060895e-05,0.008221697942475866,0.04430659061434933,0.013386412860252939,7.120969674727663e-05,0.00018263068199070342,0.000115975974010849,0.00011046425051744294,7.787861673192293e-05,7.613586012851128e-05,0.0007988695103492205,0.0002012611102957635,0.00011070889440747581,7.109336760259788e-05
JeanPaulANDRichterEmma,3.3388050396768376e-05,1.5899675701483665e-05,1.6723705024309016e-05,2.2688001727220235e-05,0.06871051553447015,1.4138608086869638e-05,1.6426574719531285e-05,1.720310678689608e-05,1.924586383070511e-05,1.7102952536088075e-05,0.0001517463337840105,2.5697438935042404e-05,2.8104794237560743e-05,1.7878579225511746e-05,2.719520198579237e-05,1.3157841179688451e-05,0.4594707758910129,1.4298498317559133e-05,2.5626462557272448e-05,2.09721915239628e-05,7.143504965539137e-05,2.6102339399211293e-05,0.00645248171152885,1.480962870909021e-05,1.0084995362227696e-05,1.876580639736336e-05,2.560945960881568e-05,2.877594693817644e-05,1.0879267248901732e-05,2.549047322220577e-05,0.001008765360315725,2.3595943116617026e-05,2.0494113956768346e-05,1.680787621771033e-05,7.119840019331504e-05,2.1578450303057763e-05,7.665572370004673e-05,2.1478558187147908e-05,5.942827587898236e-05,1.2213755300172125e-05,2.984488366480139e-05,0.009389738497513893,1.945036129624264e-05,3.700671852287084e-05,3.668698105893411e-05,4.468182500034257e-05,0.0032689177096548584,1.1215808809368023e-05,0.0002453845005015414,0.000271704996173703,6.354238428768907e-05,1.329813023089023e-05,0.04383055706932529,0.010963701711287714,1.3662321621024256e-05,1.1274177450699726e-05,7.440828348348477e-06,0.3907840654280413,1.7255123210961375e-05,8.092177132041961e-05,4.4936586221915525e-05,0.0003102426094113443,2.939711793247111e-05,2.1847617285851723e-05,2.9613973849721044e-05,9.603023377709374e-05,1.687848897717684e-05,2.1142732981711336e-05,4.867243761509614e-05,0.00011565784777409717,2.0151080154660647e-05,5.168124117360113e-05,3.281914198569925e-05,3.1259422074236496e-05,2.203826613205024e-05,0.0031439994529220065,1.944394642713933e-05,5.695332168004258e-05,3.1328651952505696e-05,2.011816107164497e-05
JungFranzWilhelm,5.2606710534987046e-05,2.505176634419708e-05,2.63501192442038e-05,3.574755414879461e-05,2.602869069355542e-05,2.227700192598154e-05,2.588195630120885e-05,2.7105471816596625e-05,3.03240703037778e-05,2.6947667284181782e-05,0.00023909378838405087,4.048926833047813e-05,4.428233327585469e-05,2.81697562725724e-05,4.284916614794485e-05,2.073169094869341e-05,0.0056603019547744994,2.252892735988076e-05,4.037743689031333e-05,0.2017442572705728,0.00011255413043336404,4.112723554512196e-05,0.00032705511625015564,2.333427203360008e-05,1.5890069215264808e-05,2.956768464675775e-05,4.0350646790949106e-05,4.533981148816391e-05,1.7141535854730025e-05,4.0163170064287734e-05,0.08030599675211611,3.717812015331202e-05,3.2290831833029166e-05,2.6482740632815217e-05,0.00011218126200882988,3.3999328364391e-05,0.00012077990237874504,3.3841936855634144e-05,9.363607846541332e-05,1.9244175146072878e-05,4.702404414893701e-05,0.0443133262450564,3.064627956268417e-05,5.830833804452505e-05,5.780455492413842e-05,7.040135036442496e-05,0.005150555533220071,1.7671795760416424e-05,0.00038663148145081326,0.00042810244727566423,0.00010011832907886448,2.095273247163644e-05,0.00018308028689549132,0.4108574270247892,2.152655786163195e-05,1.7763762262873677e-05,1.1723880202959716e-05,0.2418214938725777,2.718742967071958e-05,0.00012750155068185016,7.080275594754717e-05,0.0004888228858819898,4.6318537777997026e-05,3.442343187990467e-05,4.6660219197876224e-05,0.00015130666962835516,2.659399915055397e-05,3.3312805649624456e-05,7.668901916170007e-05,0.00018223223119192457,3.175034265451329e-05,8.142973495606196e-05,5.1710329951323795e-05,4.9252811979387396e-05,3.4723821047484395e-05,3.3946776321144484e-05,3.063617219918055e-05,8.973650368989488e-05,0.0049691475787452,3.169847485598348e-05
KalbCharlottevon,0.0001274381293092949,6.068712919570909e-05,0.000539609079429832,8.659734436494225e-05,6.305369821880221e-05,0.005040954967130138,6.269823869138041e-05,6.566216718788307e-05,7.345912248185272e-05,6.527989058851083e-05,0.014627358174209177,9.808400032361917e-05,0.0005502105636114396,0.0003210653781841012,0.0009205454274506891,5.022188015657841e-05,0.01726492316318917,0.0014515627652454774,0.0067629127745095306,8.004830541374635e-05,0.0002726589000261242,0.0006396876195178092,0.004420758170486487,5.6526552345037696e-05,3.84932012436284e-05,0.0014425020767189435,0.005985013591284499,0.00665923241137076,0.006653319617820746,9.729403735897665e-05,0.07947225543321249,0.0008655984652684317,7.822354146065557e-05,6.41536201543086e-05,0.0005417847194728766,0.0011263299178926108,0.000545410592982923,0.0008404560898569294,0.1971369890523724,4.6618419128961e-05,0.00011391429264357258,8.54042945301405e-05,0.002974251278120877,0.00014125014561756978,0.0019482056261629441,0.0006871667738416257,0.004145874150205924,4.280937869600541e-05,0.01996010309694734,0.01003694093982468,0.00373045387349547,5.075734640978204e-05,0.005068279498339985,0.1562181248060423,5.2147420670414024e-05,0.0009726003853386956,2.840073720856972e-05,0.37990269449776853,6.586070755479477e-05,0.006300924211729658,0.00017151748657420952,0.005780546718506301,0.00011220522527908518,0.0015908736202240182,0.0001130329379516004,0.0017374110028292192,6.442314047265131e-05,0.0010658617442185388,0.0026375858697116512,0.015438017040702618,0.00047259265165910946,0.00019726101456297396,0.005995407832440902,0.0005149918423017529,8.411738258789461e-05,0.0005988566956482145,0.01282698507860317,0.00021738390491819905,0.0024822985457881633,7.678857500351881e-05
KeßlerGeorgWilhelm,5.8347893124340905e-05,2.778576668949923e-05,2.922581408035229e-05,3.964882897483699e-05,2.8869306735003825e-05,0.21829277820360551,2.870655862634555e-05,3.0063601326826488e-05,3.363345845399497e-05,2.9888574949046166e-05,0.00026518705825653686,4.490802555803788e-05,4.911504298596324e-05,3.12440354398827e-05,4.752546854653905e-05,2.299422403453128e-05,0.0008213317959170226,2.498760010714069e-05,4.478398950156676e-05,3.66503337296337e-05,0.00012483761684474362,4.561561670902069e-05,0.00036274796075762007,2.5880835294677857e-05,1.7624216585335268e-05,3.279452537819965e-05,4.475427569056057e-05,0.04916060368314108,1.9012260828847334e-05,4.454633887224792e-05,0.06724330721102059,4.123551841977736e-05,3.58148606048385e-05,2.9372908976231672e-05,0.005581125806348797,3.770981225647064e-05,0.00013396110047360666,3.753524397728664e-05,0.00010385496153097722,2.134436963022771e-05,5.215596782945934e-05,3.910258787234815e-05,3.399083170944379e-05,6.467176225012614e-05,6.411299924504112e-05,7.80845337999379e-05,0.0002559546905457964,1.9600390137646e-05,0.00042882613508393166,0.0004748229947450637,0.00011104464630982871,2.323938871077812e-05,0.00020306057733542006,0.0682701315602951,2.3875837980975752e-05,1.9702393315602284e-05,1.300335455549764e-05,0.19181862474344905,3.0154503572270752e-05,0.00014141630937795642,7.85297463940223e-05,0.08239269635828843,5.13734667015325e-05,3.818019989989479e-05,5.175243719345152e-05,0.016537924628701867,2.9496309584940637e-05,3.6948366547714726e-05,8.50584012638742e-05,0.00020211996989100882,3.5215385661391264e-05,9.031649050171656e-05,5.735368691067671e-05,5.462797008635013e-05,3.851337174940617e-05,3.7651524996696536e-05,3.3979621288577694e-05,0.0655799508171968,0.2292362224777159,3.515785732072074e-05
LangermannJohannGottfried,0.00013955574619247505,6.645764219146147e-05,6.990192916433915e-05,9.483156318000651e-05,6.904923944515459e-05,5.909671209424771e-05,6.86599805957079e-05,7.190573800938332e-05,8.044407673090076e-05,7.148711215253448e-05,0.0006342710218638489,0.0001074104424546608,0.0001174727330526729,7.472908525737311e-05,0.00011367080919314995,5.4997291614584004e-05,0.006853905882520914,5.976502306741313e-05,0.00010711377459762765,8.76598005165768e-05,0.0002985850189060324,0.00010910284993995189,0.0008676159434831379,6.190145159031588e-05,4.2153376324709263e-05,7.84375273059084e-05,0.00010704270548364341,0.00012027802461149313,4.5473282833393245e-05,0.00010654536485510232,0.21299859349648997,0.03598007576215494,8.56615265582338e-05,7.025374885921321e-05,0.0002975958688396569,9.019384773697171e-05,0.0003204064506240127,8.977631755449975e-05,0.0002483989716879779,5.105119090430018e-05,0.00012474597828785171,9.352507068170192e-05,8.12988375228134e-05,0.00015468109566810757,0.0001533446534429665,0.00018676159149945263,0.0006121891625883133,4.687996300901079e-05,0.017349290156496007,0.0011356755795754628,0.0002655951679938687,5.558367335866433e-05,0.0004856776975979191,0.1501981908038228,5.71059246013409e-05,4.712393290837558e-05,3.110125748894882e-05,0.3428686695392198,7.212315684002578e-05,0.0003382377241448947,0.00018782644530058865,0.0012967555260816113,0.0099017843503357,9.13189148998577e-05,0.09806555649219183,0.0004013882443731207,7.054889686039788e-05,8.83726316076414e-05,0.0002034415987055919,0.000483427964715546,8.422771003844637e-05,0.00021601782944574856,0.0196949977129779,0.06858302811956087,9.211579107788528e-05,9.00544370128526e-05,8.127202458124298e-05,0.00023805413046721973,0.02461639176789178,8.409011448735456e-05
LentzTherese,2.712134777887814e-05,1.2915418215406019e-05,1.3584783020441273e-05,1.842962311184499e-05,1.3419070786782453e-05,1.1484890626329145e-05,1.334342198750414e-05,1.3974204438416285e-05,1.5633550328772917e-05,1.3892848437229712e-05,0.0204143973993444,2.0874210087188152e-05,2.282972170320169e-05,1.4522895443282974e-05,2.2090853530187e-05,1.0688206780954027e-05,0.0003817725728578783,1.161477058342286e-05,2.0816555477149285e-05,1.7035858435798e-05,5.802719243208103e-05,2.1203113577330727e-05,0.00016861300508007652,1.2029965389478684e-05,8.192112546763862e-06,1.5243596304839932e-05,2.0802743862727882e-05,2.337490375455901e-05,8.837305177464972e-06,2.070609038539541e-05,0.104811482718271,1.9167150277763355e-05,1.6647512671038527e-05,1.3653155871867815e-05,5.7834960412349864e-05,1.7528326699036993e-05,6.226798261667248e-05,1.7447183631868826e-05,4.827400578528534e-05,9.92131919191503e-06,2.4243208563372188e-05,1.817571857273598e-05,1.5799665055953253e-05,3.0060817306990058e-05,2.9801092319926922e-05,3.629536019109865e-05,0.00011897321062020936,9.110680250132769e-06,0.00019932755277896525,0.00022070787622864604,5.161592493380028e-05,1.0802164562315847e-05,0.002630778494668993,0.2498630937284693,1.109799978577214e-05,9.15809350733484e-06,6.044237114786048e-06,0.3909919966764574,1.4016457744929356e-05,6.573332305369865e-05,3.650230452024465e-05,0.0002520122500619601,2.387948531491415e-05,1.7746972929176042e-05,2.4055638899198072e-05,7.800603319466701e-05,1.3710515112205575e-05,1.7174390459421718e-05,3.9536962839032396e-05,9.39496818640673e-05,1.6368863904898705e-05,4.19810350965859e-05,2.66592194818504e-05,2.539224804585075e-05,1.7901838325626166e-05,1.7501233534935213e-05,1.5794454212737217e-05,4.6263583111048054e-05,2.5448483962081725e-05,0.2282915859760285
LevezowMarieUlrikeWilhelmine,4.643813711276178e-05,2.2114238821965173e-05,2.326034906870195e-05,3.155585673625333e-05,2.297661068332925e-05,1.9664838561080044e-05,2.284708211631468e-05,2.392713028289565e-05,2.676832138453737e-05,2.378782964161297e-05,0.00021105805732528942,3.57415655760429e-05,3.90898621758438e-05,2.4866618553326732e-05,3.7824745788322885e-05,1.83007281212639e-05,0.01802528452256522,1.9887223646986968e-05,3.5642847300388e-05,2.916940324371708e-05,9.935622449147531e-05,3.630472583992926e-05,0.05674640497255156,2.0598134973714715e-05,1.4026826719359024e-05,0.1824278999274434,3.561919856251998e-05,4.0023342291167e-05,1.5131548508737624e-05,3.545370503803202e-05,0.001403052396299255,3.2818677003687705e-05,2.8504463801249346e-05,2.337741949880089e-05,9.902707798435771e-05,3.0012624934557475e-05,0.00010661745640605896,2.987368888648098e-05,8.265647112807552e-05,1.6987635892211647e-05,4.15100846940921e-05,3.112111234608407e-05,2.7052748933645275e-05,5.147120147586672e-05,5.1026491107518356e-05,6.214620773470403e-05,0.0002037101663446648,1.5599631039563957e-05,0.004684195714698348,0.000377903882275141,8.837862405733971e-05,1.849585069109679e-05,0.0001616126037730917,0.21067948435856368,1.9002390291623085e-05,1.5680813706327554e-05,1.034915794623863e-05,0.5218118155219077,2.3999477898409422e-05,0.00011255093565897219,6.250054518171965e-05,0.00043150434550258925,4.088730480052989e-05,3.038699879300905e-05,4.118892123812639e-05,0.0001335647068372365,2.347563203193921e-05,2.940660270592656e-05,6.769659518068021e-05,0.00016086398963924842,2.8027351464731153e-05,7.188142270234777e-05,4.5646864592088065e-05,4.347751099865326e-05,3.0652164837595285e-05,2.9966235054539893e-05,2.7043826742399013e-05,7.921415385970051e-05,4.357380013626868e-05,2.798156559605832e-05
LindenauBernhardAugustvon,0.0002215642396994479,0.00010551078953109474,0.00011097907618551773,0.00015055835226239681,0.00010962531215583675,9.382428485488752e-05,0.00010900730936213604,0.00011416040261146736,0.00012771620793474095,0.0001134957755916432,0.0010069938397866782,0.0001705290800812001,0.00018650437186824425,0.00011864286072211819,0.0001804682867029039,0.12441159666346087,0.0031188402041447804,9.488532187193709e-05,0.00017005807842071556,0.00013917217730951355,0.0004740454227396587,0.00017321601335317739,0.0013774614955935505,9.827720056030231e-05,6.692437273967669e-05,0.0001245305304553297,0.00016994524627560057,0.000190958164050388,7.219518803419929e-05,0.00016915564856113325,0.23462204939058626,0.0001565834822488075,0.0001359996382892941,0.00011153763909197488,0.00047247500884854677,0.00014319533121802364,0.0005086899935270162,0.00014253244373431246,0.0003943680629837018,8.105089619787037e-05,0.000198051664578481,0.00014848411293540663,0.00012907326008165733,0.00024557784464363235,0.00024345605594202466,0.0002965101126582368,0.0009719358038761652,7.442848929275968e-05,0.0016283799036350775,0.0018030436094464094,0.0004216694265189754,8.824684517418294e-05,0.0007710811825608916,0.031314071075536534,9.066363164422913e-05,7.481582558479425e-05,4.9377590369741935e-05,0.3761400285009301,0.00011450558537335237,0.0005369996308462724,0.00029820071680229253,0.06422092091416723,0.0001950802759269045,0.00014498153248423195,0.0001965193391803389,0.0006372599023344409,0.00011200622776901223,0.00014030389623212984,0.00032299195389831365,0.0007675094173759428,0.00013372325429406208,0.1453879527215425,0.00021778894410538847,0.00020743858964561486,0.00014624668472150193,0.00014297399722112175,0.00012903069079178402,0.00037794418261744586,0.0002078980014759231,0.00013350480213787755
Ludwig,0.00010696103652926129,5.093576214544132e-05,5.3575599735612085e-05,7.268265600066391e-05,5.29220646523914e-05,4.529405455189277e-05,5.262372129390595e-05,5.511139798770859e-05,0.011391702609331497,5.479054659471222e-05,0.00048613036574977756,8.232360596010031e-05,9.003574294898235e-05,5.727532284473686e-05,8.712179832172891e-05,4.2152096763430485e-05,0.0015056327747518267,4.580627448094579e-05,8.209622799567443e-05,6.718593380074592e-05,0.00022884735301584,8.362073390929242e-05,0.0006649751311298804,4.7443717692816065e-05,3.230801273263545e-05,6.011761931938693e-05,8.204175781938747e-05,9.218582921260608e-05,3.4852520221845715e-05,8.166057631602245e-05,0.18001843062994285,7.5591311970798e-05,6.565437770445295e-05,5.3845248247134055e-05,0.00022808922933215738,6.912812768886937e-05,0.0002455721602616022,6.880811606399612e-05,0.00019038278400879894,3.9127649302566486e-05,9.56102454005925e-05,7.168130854168052e-05,6.231064049538223e-05,0.00011855370183986536,0.00011752939972717838,0.00014314146106950525,0.0004692059565366517,3.593065547427524e-05,0.0007861070116391192,0.0008704266249619393,0.00020356262813146184,4.260152289499345e-05,0.0003722425723880343,0.15806962214098838,4.376823637843597e-05,3.6117643642301003e-05,2.3837232282742007e-05,0.07022299349082467,5.527803636786116e-05,0.5435330877409703,0.00014395760708591182,0.014007839747733798,9.417579546167168e-05,6.999042360423319e-05,9.487050909157565e-05,0.01163768689715643,5.4071461334001224e-05,6.773227570676388e-05,0.00015592567747592655,0.00037051828823938507,6.455544408592806e-05,0.0001655645974939032,0.00010513849724903846,0.00010014182159883244,7.060118098479818e-05,6.902127780298571e-05,6.229008999781392e-05,0.00018245408906149922,0.00010036360452567218,6.44499854203544e-05
LudwigErnstKarlFriedrich,6.066511312734194e-05,2.8889246711210035e-05,3.03864839411588e-05,4.1223436979967024e-05,3.001581831334933e-05,2.568943825291807e-05,2.9846606849244275e-05,3.125754295224757e-05,3.496917288216836e-05,3.107556560157124e-05,0.0002757186597081872,4.669149655495302e-05,5.106559088000282e-05,3.248485665927933e-05,4.941288830535285e-05,0.022717541152312032,0.0008539500510876746,2.597995413562065e-05,4.656253454801895e-05,3.8105859917254355e-05,0.00012979540036339032,4.7427188881166104e-05,0.00037715408213931454,2.6908663139487977e-05,1.8324142238550063e-05,3.409692253645434e-05,4.6531640686910824e-05,5.228505574916191e-05,1.9767311075494545e-05,4.6315445895105845e-05,0.14934151652135874,0.10216422496506013,3.723720693054678e-05,3.053942054299909e-05,0.00012936541519750668,3.920741442496529e-05,0.00013928121273507193,3.9025913365748384e-05,0.0001079794428341434,2.2192036917086067e-05,5.4227282584094126e-05,4.065550253533041e-05,3.5340738808709845e-05,6.72401275001955e-05,6.665917385988807e-05,8.118557196871359e-05,0.00026611963904754843,2.0378797268761925e-05,0.0004458564757666455,0.0004936800482287843,0.017135679961919906,2.4162314518285405e-05,0.0002111248964809264,0.4794668092422305,2.482403964508774e-05,2.0484851386549523e-05,1.3519767945401926e-05,0.1994364825683487,3.1352055276654104e-05,0.00014703249675498582,8.164846567300367e-05,0.0005637017667459442,5.341370531667177e-05,3.9696482976956e-05,0.011400624595641982,0.00017448413209225148,3.066772186608815e-05,3.841572876866289e-05,8.843639862209782e-05,0.00021014693388505282,3.6613924523695613e-05,9.390330687476778e-05,5.963142314824852e-05,5.679745759016927e-05,4.0042886366336e-05,3.914681235317253e-05,3.532908317876966e-05,0.01145029939273989,5.692324625848277e-05,3.655411151061272e-05
MahlmannErnestine,6.020216724971173e-05,2.8668787917294605e-05,0.0030254669255768978,0.0025169223056174792,2.978676245841844e-05,0.0003954982956628022,0.00048220990632315047,3.101901128373792e-05,0.0010084120778803866,3.0838422633419586e-05,0.0008777490308661547,4.633518574077671e-05,0.0011490298524071255,3.223695914948233e-05,0.02838360195639824,2.3724971836672984e-05,0.050734540399970045,2.5781696652067274e-05,0.0018297979648814805,0.00029168658351212386,0.0007288974259795208,4.706526387273438e-05,0.24634671086666768,2.6703318518324626e-05,1.8184307567960406e-05,0.004716997950201703,4.6176549760266424e-05,5.188605952591361e-05,1.961646333611878e-05,0.00015506083908565542,0.05118220896823815,0.0016659224630154832,3.695304342117075e-05,0.0020212727184851314,0.001495235216557599,3.890821592446178e-05,0.0013324127183988624,0.00016206306590325298,0.002629456750144128,0.00035007871680757047,0.000293679117749033,4.0345253426222045e-05,3.5071047572668546e-05,0.0001840703424868754,0.0008229627170911765,0.0003512386381751855,0.0020781300326120715,2.0223283173422962e-05,0.009721841418107084,0.023878914861864258,0.0021914421922209965,0.0013270043481558593,0.0022824000968574135,0.13331150487486876,2.4634603143161197e-05,2.032852797405767e-05,1.3416596278620348e-05,0.3938902981362478,9.87809541741918e-05,0.0009628245568478162,0.0001374524295969121,0.003737158243737171,0.007101687762694086,0.00021434104425823399,0.002995082325015238,0.0015975520302002632,3.043369122339548e-05,3.812257175711523e-05,0.001082796927246681,0.000862928098044962,0.0007130160354471749,0.00024737501982539456,0.0005126914822141373,0.0017545613583519592,0.00024265937415001202,0.0018160211446619473,0.00014582597555829507,0.00029831096890077014,0.0008112765718409431,3.627516081948402e-05
MahlmannSiegfriedAugust,0.00011470892897940681,5.462537492196961e-05,5.745643333794921e-05,7.79475395503854e-05,5.6755558403680935e-05,4.857500128433289e-05,5.643560407049137e-05,0.005315044511721478,0.0004309577316090315,0.0017012644198607038,0.0022814596634231723,8.828684702230265e-05,9.65576248947208e-05,0.003613958181153043,9.343260406336326e-05,0.0009333389581441157,0.0030611116981932064,0.00035465844810164855,8.804299857412804e-05,0.007019478906778706,0.0640628079753369,0.0004520024406084167,0.004040442518319029,0.012883313562524373,3.46482949143803e-05,0.001170986235998524,8.798458276416634e-05,9.886345606947891e-05,3.7377117842227877e-05,0.0021236844758652975,0.18745183171381385,8.106688863235098e-05,7.041015676046625e-05,5.774561426739091e-05,0.14197897915731775,7.413553333855902e-05,0.0007883068451397191,0.0008802720228818092,0.0002041734631450835,4.196192268341916e-05,0.00040807004870399777,0.01241767595407267,0.002714712240290266,0.0029317102902387286,0.00012604282833972947,0.00015351013999699318,0.0011142618815740788,3.8533349532889366e-05,0.0053925368206606105,0.003504700186052895,0.0011795516771284167,4.568743182326495e-05,0.0011955669679303762,0.0997498251238021,4.69386580496947e-05,3.873388248565473e-05,2.556392003772928e-05,0.30993318951939053,5.928218866977208e-05,0.0002780171231615325,0.005221712479650583,0.020041717584619857,0.00010099756868228102,0.0006861285378766,0.00010174260499662042,0.05103887361763514,0.004498655750196176,7.263857060262577e-05,0.0019033640328933229,0.0026395069280086853,6.923162014104998e-05,0.00017755753189841844,0.00011275437117367663,0.00010739575339199674,0.007020289815521336,7.402094361159865e-05,6.680217153398077e-05,0.021302231418032665,0.001176058932870829,6.911852240965091e-05
MannLukreziavon,5.36627474013779e-05,2.555466014916302e-05,2.687907642614293e-05,3.64651571823339e-05,2.655119545914037e-05,2.272419459526753e-05,2.640151549338103e-05,2.764959208620001e-05,3.093280131649754e-05,2.7488619756327033e-05,0.06046644993376429,4.130205741413959e-05,4.517126504888406e-05,2.8735241185781262e-05,4.370932825818061e-05,2.1147862758749496e-05,0.0057739279062616325,2.298117722706173e-05,4.1187981048898996e-05,3.370743133635212e-05,0.00011481356292768709,4.1952831300999975e-05,0.0003336204813260084,2.38026885391614e-05,1.620904941247105e-05,3.0161231833480786e-05,0.10543063458471616,4.6249971275000766e-05,1.7485638225417434e-05,4.0969412990858946e-05,0.0016213321854552554,3.79244406342114e-05,3.293904398154255e-05,2.7014360081112025e-05,0.00011443320947322771,3.4681837189219454e-05,0.00012320446054506898,3.4521286174117996e-05,9.551574647502929e-05,1.9630486287956944e-05,4.7968013534649515e-05,3.5962777460744945e-05,3.126147866384049e-05,5.9478830439255666e-05,5.896493428305321e-05,0.005090360977824995,0.00023540236278432158,1.8026542666819507e-05,0.0003943927935337617,0.0004366962552198917,0.00010212812298982218,2.137334151022966e-05,0.00018675547453799688,0.4090679624779772,2.1958685977554723e-05,1.8120355321907865e-05,1.1959227549060002e-05,0.3821766155987829,2.7733195177490693e-05,0.00013006104046314878,7.222406360511219e-05,0.02559136749564082,4.724834469794027e-05,3.5114454237379315e-05,4.759688509402771e-05,0.000154344027783492,2.7127852022975518e-05,3.398153309011933e-05,7.822848875899123e-05,0.00018589039480691331,3.2387704922990585e-05,8.3064370561663e-05,5.2748372707589926e-05,5.0241522063988816e-05,3.542087347283446e-05,3.462823020650784e-05,3.125116840324687e-05,9.153789091205396e-05,5.035279137819076e-05,3.233479592065105e-05
MayerJohannSiegfriedWilhelm,0.00022893709754256161,0.00032362685028573964,0.00019271432177680932,0.000804365978393757,0.004571725149607458,0.00012515637975253017,4.916639424545102e-05,9.171026472760662e-05,0.004055628255911845,0.0005246923712496043,0.0020189889872231333,0.0010951439672932297,0.0015778684368418733,5.351239012140948e-05,0.0012601595575780582,0.0013941509442138152,0.013662279156826544,0.0006540441443383487,0.0012034170801839337,0.0037232631817848026,0.0028017941767076392,0.0009036002869846901,0.008064149641609798,0.0005539070299545875,0.00020210301442856067,0.0025179623565465274,0.0012423726439218666,0.0029432873077438718,0.0003847833544148499,0.004494516716593831,0.07988517299205389,0.0003395600847244336,0.00026427016784215043,0.0014914098984140658,0.0009180009746533258,0.0014210762920181283,0.0013192947103924661,0.0004220656554467856,0.0015357062183559212,7.736753112383504e-05,0.00019642004690240608,0.00013286222030075632,5.8216892324513426e-05,0.0008969113654687538,0.0019278866335067217,0.04010700610209894,0.0016046043131067765,3.357004653242312e-05,0.43383064594895554,0.0033139680182637347,0.004732722389811014,3.980264448448298e-05,0.005386305550682131,0.052260529019042705,7.393583283750536e-05,3.374474976059362e-05,0.00015555910541385453,0.2734004101653172,0.0006583246943373515,0.0019031735193342089,0.00036881103362483564,0.0022677794930510728,8.798853775823169e-05,0.002551785830488535,0.0018800935046039728,0.005439867543683281,0.0001716162580978664,0.00211771153741293,0.0005731159090771392,0.0042746798641661666,0.002112262091946642,0.0008969451181591546,0.0031804678864182354,0.00013529276825885353,6.596275240791466e-05,6.44866473207659e-05,0.0018342905294350946,0.00017046703376203708,0.0005484451863359917,0.0011183792516798285
MayerJohannSiegfriedWilhelmANDMayerJulieHenriette,5.8553221395554606e-05,2.788354577171124e-05,2.932866073956489e-05,3.978835458704208e-05,0.02542345601940001,2.4795129985055518e-05,2.8807578007502664e-05,3.016939618858339e-05,3.375181576750722e-05,2.9993753886874316e-05,0.007134945744257867,0.00044305876399936586,0.002454221825330291,3.1353984290459694e-05,4.769271232815234e-05,0.0013036986571270234,0.01129586933447767,2.5075532343542874e-05,0.0016946760073992605,3.677930753247648e-05,0.00012527692477304442,4.57761396553977e-05,0.01444016800424108,0.01884842989733058,1.7686236818272406e-05,3.2909930456954275e-05,4.4911767547848065e-05,0.0012686851484026373,1.9079165637895586e-05,4.4703098992618446e-05,0.08970628771851255,0.006381834920102554,3.5940894348611904e-05,2.9476273267513876e-05,0.0001248619083770156,0.02150034534035003,0.0001344325142590456,3.766733181015863e-05,0.00010422043076330544,2.1419481211497346e-05,0.0007704162223401325,3.9240191243059444e-05,3.411044663190797e-05,0.0012678280924353167,0.007963182489371962,0.012030845461747694,0.0024110855515517998,1.9669364594247213e-05,0.3064628614286963,0.004255307051864574,0.00011143541629368649,2.3321168930294845e-05,0.012786714864243948,0.0987863196846428,2.395985788767513e-05,1.9771726724944834e-05,1.304911381376545e-05,0.3123671947780079,3.026061832220025e-05,0.0025298701915009484,7.880609531088164e-05,0.003698019594206195,0.01142902593240923,3.8314557355156e-05,0.003095872834444839,0.007349177097656245,2.960010812726938e-05,3.707838913844042e-05,8.535772474495508e-05,0.0002028312371154662,3.533930983192761e-05,9.063431738223968e-05,5.7555516535544325e-05,5.482020781863365e-05,3.8648901648027616e-05,3.7784022026531995e-05,3.40991967611798e-05,0.0049115950512918245,0.00355570213462915,3.5281579047019545e-05
MayerJulieHenriette,3.106041678801428e-05,1.479123663147895e-05,1.5557819103601312e-05,2.1106317420763682e-05,1.5368039042290193e-05,1.3152941090057339e-05,1.528140311054173e-05,1.600379957798996e-05,1.790414669090499e-05,1.5910627537807314e-05,0.00014116740322881198,2.390595300479773e-05,2.6145480565241712e-05,1.6632181745349147e-05,0.029073037202050667,1.2240547927026535e-05,0.1137233985384545,1.3301684641912895e-05,2.3839924714752626e-05,1.951012418968297e-05,6.645498581683311e-05,2.428262600682371e-05,0.00019310213697216856,1.3777181797491424e-05,9.381924237370326e-06,1.7457556255567018e-05,2.382410711955265e-05,2.676984414328228e-05,1.0120823800235664e-05,2.371341581783588e-05,0.0009384397160173957,2.1950962065737695e-05,1.906537559497326e-05,1.5636122338367075e-05,6.623483427047442e-05,2.0074117898099826e-05,7.131170281031945e-05,1.9981189718193365e-05,5.528525912291508e-05,1.1362278589554394e-05,2.776426040462229e-05,2.081553611913396e-05,1.809438770336923e-05,3.4426811018242336e-05,3.4129363914425265e-05,4.156685074052974e-05,0.0001362527238174285,1.0433903510202305e-05,0.10480013407218072,0.011871858359697968,5.91125542290071e-05,1.2371056787212759e-05,0.07853698786057392,0.0014850505797306991,1.2709858730834598e-05,1.0488203006745778e-05,6.922094192422361e-06,0.4506839356726463,1.6052189699368425e-05,7.528034475112363e-05,0.002946577641583204,0.0002886141790013042,0.20336151302379346,2.0324520020170466e-05,2.7549448368231787e-05,8.933552722969642e-05,1.5701812359602754e-05,1.9668776422872893e-05,4.527925950895998e-05,0.00010759481053784057,1.8746256247205844e-05,4.807830561826712e-05,3.0531169582740973e-05,2.908018487573073e-05,2.050187786385137e-05,2.0043089758349232e-05,1.8088420044113255e-05,5.298284529411136e-05,2.9144588422738463e-05,1.8715632103939154e-05
MayerJulieHenrietteANDMayerJohannSiegfriedWilhelm,6.431390355641325e-05,3.0626831980055996e-05,3.221412269532867e-05,4.37028798516912e-05,3.182116285053987e-05,2.7234566442635714e-05,3.164177391970167e-05,3.313757280269951e-05,3.707244404985187e-05,3.2944650162692525e-05,0.00029230215481430903,4.9499823729602976e-05,5.413700424515562e-05,3.4438705056781294e-05,5.2384897498558835e-05,2.534535915049991e-05,0.000905312104378058,2.7542555820690937e-05,4.93631051173919e-05,4.039779163533673e-05,0.0001376021312861415,5.027976532826023e-05,0.0003998385565308223,2.8527123362522088e-05,1.942627411260782e-05,3.614773095332232e-05,4.93303531006006e-05,5.542981558172898e-05,2.0956244413661057e-05,4.910115496228413e-05,0.0320163581562334,4.545180661616598e-05,3.94768922661419e-05,3.2376257888917696e-05,0.00013714628404439517,4.156560072228827e-05,0.0001476584814778236,4.137318302097516e-05,0.012143761501612364,2.3526808876295776e-05,5.7488860441404856e-05,4.3100786173533e-05,3.746635834313401e-05,7.128438161964707e-05,7.066848568758067e-05,8.606859489090462e-05,0.0002821257872584049,2.1604509322972708e-05,0.1207655479541689,0.0005233731443451548,0.0001223988440852039,2.561559165589607e-05,0.00022382330685067603,0.08126532413038055,2.631711719161357e-05,2.171694221811681e-05,1.4332933821791169e-05,0.5241933509618638,3.3237769706709475e-05,0.00015587597761681002,8.655933000240257e-05,0.0005976064197717402,5.662634939979749e-05,4.2084085005325545e-05,5.7044069224163136e-05,0.00018497873102041334,3.251227607950426e-05,4.072629799421867e-05,9.375553293569411e-05,0.0002227865232887503,3.8816121643024615e-05,9.955125624335429e-05,0.22260503642042515,6.021362231758967e-05,4.245132332448e-05,4.150135365177811e-05,3.745400166857727e-05,0.00010970662839607336,6.034697672616749e-05,3.875271109029462e-05
MayerThereseApollonia,0.0001315871273655901,6.266291762292328e-05,6.591053616210267e-05,8.941669062651877e-05,6.510653493862803e-05,5.572229588101825e-05,6.473950272965198e-05,6.779992772714411e-05,7.585072818138901e-05,6.740520536388345e-05,0.0005980542114202216,0.00010127731718178393,0.00011076505201632129,7.046206213618608e-05,0.00010718021762012716,5.185695189125064e-05,0.03877041132506047,5.6352446366004006e-05,0.00010099758902902942,8.265443487728618e-05,0.00028153584488062983,0.00010287308837284857,0.013124118616065493,5.836688503886923e-05,3.974642285011305e-05,7.395875252323398e-05,0.00010093057795418124,0.04933758397840343,4.28767630368764e-05,0.012406505089596948,0.09011799411534896,9.299501873574584e-05,8.077026215748169e-05,6.624226698840108e-05,0.0002806031751818249,8.504378826070498e-05,0.00030211127508049515,8.465009900892642e-05,0.00023421541582320033,4.81361731277205e-05,0.00011762299569284077,8.818479871617432e-05,7.665668221955088e-05,0.00014584882093393727,0.00014458868942309396,0.0001760975237361018,0.0005772332240496878,4.4203121918411405e-05,0.0009670957464519496,0.001070828620195108,0.00025042971107970725,5.240985129774828e-05,0.0004579455507643578,0.4739210523402865,5.38451821502396e-05,4.4433161161487855e-05,2.932537886891391e-05,0.3095320800057964,6.800493196480529e-05,0.0003189243847080047,0.00017710157449415923,0.0012227109182390268,0.0001158582862908269,8.610461420371804e-05,0.00011671294677156916,0.0003784690166933763,6.65205620689205e-05,8.332656338599485e-05,0.0001918251042376316,0.0004558242773993536,7.941831641425204e-05,0.0002036832334894479,0.00012934497717541438,0.0001231978958033268,8.68559888335244e-05,8.491233787466721e-05,7.663140029420037e-05,0.0002244612639775624,0.00012347074074937957,7.928857755504744e-05
MerzdorfErnestineAmalie,8.311849068315571e-05,3.9581737506508615e-05,4.163313232525298e-05,5.648105947407762e-05,4.112527589932041e-05,3.5197615631220246e-05,4.089343587170558e-05,4.282658778202736e-05,4.791196654167562e-05,4.257725695666508e-05,0.0003777676767868457,6.397295778941382e-05,6.996599233038189e-05,4.4508154957367394e-05,0.00307031194781555,3.275602757596867e-05,0.012973791607238945,3.559565728061164e-05,6.379626435196273e-05,0.06292159133596117,0.0001778352865373388,6.49809446307744e-05,0.09350976446641308,3.68681001510844e-05,0.04770802858348684,4.671687881338893e-05,6.375393605198424e-05,7.163680565521443e-05,2.7083590168383223e-05,0.07212610627915268,0.09587365767500337,0.05043104989957256,0.0017501919248011076,4.184267383700277e-05,0.00017724615522014546,5.371886645544432e-05,0.0015932708801144034,5.3470188206582624e-05,0.00014794480469100118,3.040575577368723e-05,7.429788967470719e-05,5.570292107769678e-05,4.842105648499424e-05,0.0026107424774563315,9.13310737555156e-05,0.00011123398374158538,0.006369836578662242,2.7921399690823013e-05,0.0240213289915334,0.008538181652236429,0.000158186746864171,3.3105272711779085e-05,0.0073014609206984585,0.19577470799261126,3.401191560670745e-05,2.806670656897445e-05,1.8523705768906634e-05,0.2953070691913396,4.295608101711188e-05,0.00020145217871756212,0.0015143070951187702,0.0007723391193386555,7.318319111014132e-05,5.4388949107342355e-05,7.372304702635469e-05,0.0002390642159889394,4.201846205824007e-05,0.0009022204016417529,0.00012116848705932277,0.00028792653744094036,5.016547382032228e-05,0.00012865880792481567,8.1702211268722e-05,7.78193381033635e-05,5.486356335280427e-05,5.363583433896059e-05,4.840508687216989e-05,0.00014178348484509236,7.799168368579593e-05,0.01024511839818331
MeyerJohannFriedrichvongenImo,8.891408446711822e-05,4.234164892893349e-05,4.45360811267526e-05,6.041930804559453e-05,4.399281345211846e-05,3.765183587374374e-05,4.374480794060379e-05,4.581275251983512e-05,5.125271892040748e-05,4.5546036631657784e-05,0.01703461928098068,6.84335931240874e-05,7.484450332000582e-05,0.15803746644330452,7.242221266980969e-05,3.504000347887881e-05,0.0012515955721326825,3.8077631729088706e-05,6.824457940291434e-05,5.585001778967889e-05,0.0001902351878439425,6.951186375217332e-05,0.0005527775056820829,3.943879808250669e-05,2.685685803248937e-05,4.9974301442597886e-05,6.819929968225648e-05,7.663181726028472e-05,2.8972044657115645e-05,6.788243285404257e-05,0.17730675961883466,6.283720236492959e-05,5.4576872796598464e-05,4.476023331625891e-05,0.00018960497823271609,5.746451590061376e-05,0.00020413810962181022,5.719849809106632e-05,0.00015826053568406256,3.252585453523001e-05,7.947845039015249e-05,5.9586912479526646e-05,5.1797306121757675e-05,9.855078261508448e-05,9.769930540878061e-05,0.0001189899833926806,0.0003900393957061346,2.9868272031233063e-05,0.0006534714649474541,0.0007235642900031365,0.0001692166166235485,3.5413600391550734e-05,0.0003094361142855281,0.004251131386461985,3.6383460675088205e-05,3.0023710705966223e-05,1.9815306147208278e-05,0.21746764039125552,4.595127491536459e-05,0.2247273978427286,0.00011966842554502852,0.0008261919234783883,7.828602736236922e-05,5.818132133128417e-05,7.886352575219497e-05,0.1915066103717922,4.49482787033076e-05,5.6304178407001596e-05,0.00012961718872174917,0.0003080027591927476,5.366335625121093e-05,0.00013762978635972842,8.739905229498663e-05,8.324543846294724e-05,5.868902895161575e-05,5.737569421295031e-05,5.178022299751057e-05,0.0001516696061724047,8.342980116669683e-05,5.3575691050845726e-05
MiltitzCarlBorromäusvon,7.261185827392224e-05,3.457838912179194e-05,3.637047640126789e-05,4.934154424586802e-05,3.5926815808778457e-05,3.074844426057522e-05,3.572428163029389e-05,3.7413072552512754e-05,4.1855631587570226e-05,3.7195258508901946e-05,0.00033001577364871694,5.5886425585804004e-05,6.112190774077152e-05,3.888208042802048e-05,5.914373941744661e-05,2.8615486306525688e-05,0.0010221179337855748,3.109617126566368e-05,5.573206716648383e-05,4.5610024560731296e-05,0.006946025362611586,5.6766997370316515e-05,0.0004514268143248258,3.2207770388951835e-05,2.1932704822025745e-05,4.081160949287112e-05,5.56950893954277e-05,6.258152111136785e-05,2.366007605157553e-05,5.5436319490076135e-05,0.4911220475658328,5.131612229713061e-05,4.4570308250837814e-05,3.6553530718407495e-05,0.00015484127053634066,4.6928507551556815e-05,0.00016670978026711846,4.671126359520317e-05,0.00012924377117886124,2.6562301730990078e-05,6.490622953773927e-05,4.8661766804156704e-05,4.2300369774092935e-05,8.048168637081356e-05,0.13589317492952765,9.717339903916933e-05,0.00031852642347944137,2.439198186223132e-05,0.0005336587300335363,0.007381569600753777,0.00013819107577276699,2.892058494457713e-05,0.000252701598514949,0.017053033492184736,2.9712623212482525e-05,2.451892115523145e-05,1.618220791721212e-05,0.11647934236281984,3.7526197133530846e-05,0.2174774092859537,9.772745012914664e-05,0.0006747112250462148,6.393243497622657e-05,4.751388808664027e-05,6.440405014818454e-05,0.00020884518988592568,3.670709834580059e-05,4.598091570330197e-05,0.00010585212673261556,0.0002515310463186693,4.3824283205175984e-05,0.00011239563002100712,7.137460433353066e-05,6.798254760028967e-05,4.792850849231673e-05,4.6855971149310496e-05,4.228641880778494e-05,0.00012386127590308858,6.813310775727597e-05,4.375269125050848e-05
MosengeilFriedrich,6.0870853350942614e-05,2.898722196867874e-05,3.0489536942764013e-05,4.1363242523954787e-05,3.0117614236129248e-05,2.5776561650499755e-05,2.994782890670579e-05,3.136355007140854e-05,3.508776765727092e-05,3.118095556106846e-05,0.0002766537345110672,4.684984652656358e-05,0.002840469654566315,3.259502610145423e-05,0.03770419733913726,2.3988493228743026e-05,0.012928390810206393,2.606806279144361e-05,0.027757559494149257,3.8235092481667705e-05,0.009862251981293346,4.758803388651013e-05,0.00037843316596840705,2.699992142758335e-05,1.8386286903368155e-05,3.421255915369793e-05,4.668944852185768e-05,5.246237576896021e-05,1.9834350116402938e-05,4.647252052504385e-05,0.04188827416707535,0.0012208144318092916,3.7363493537217626e-05,3.064299221520487e-05,0.00012980414625852132,3.934038281148531e-05,0.0024489901595725954,3.91582662079039e-05,0.00010834564531144432,2.2267299195553954e-05,5.441118948987522e-05,4.079338198120994e-05,0.04950654391775013,6.746816628811946e-05,6.688524239628365e-05,8.146090546549505e-05,0.007333797508412086,2.0447910109580133e-05,0.00044736855752647823,0.0004953543192928897,0.0001158462117308752,2.4244258814363238e-05,0.032541153128891394,0.05785274256380686,0.0184988009261169,2.0554323900279922e-05,1.356561901097692e-05,0.3292237967401429,3.145838292578285e-05,0.00014753114411917084,0.024411966348064976,0.20033774723154912,0.09781065384435027,0.0023490676972444495,5.399021020764646e-05,0.00017507587918544614,0.03328182773333931,3.854601222515388e-05,0.0056671980813810105,0.00021085962813282828,3.673809732466924e-05,9.422177141488502e-05,5.983365770613016e-05,5.699008101114639e-05,4.017868818009564e-05,3.9279575213267894e-05,3.544889855696816e-05,0.00010383347487011348,5.711629628030854e-05,3.667808146118268e-05
MüfflingWilhelminevon,9.277116414053323e-05,4.417842332076857e-05,4.646804965881443e-05,6.304028858361769e-05,4.590121511378385e-05,3.9285166877327116e-05,4.564245116030702e-05,4.780010286580641e-05,5.347605419445243e-05,4.75218168823283e-05,0.0004216383967290032,7.140223214904735e-05,7.809124666952764e-05,4.9676952928345116e-05,7.556387741355191e-05,3.656003358417395e-05,0.0013058896006832939,3.9729433693133725e-05,7.120501904094584e-05,5.8272783200440124e-05,0.0001984875618136988,7.252727799555849e-05,0.0005767569111257266,4.1149647239191335e-05,2.802190451336739e-05,5.214217915783931e-05,7.115777509278441e-05,7.995609402096832e-05,3.022884761711867e-05,7.08271626289987e-05,0.10691456977430257,6.556307079655774e-05,5.6944409368154395e-05,4.6701925536745096e-05,0.00019783001380388216,5.995731799773101e-05,0.00021299359025697145,5.9679760375429235e-05,0.0001651258540298474,3.39368212357271e-05,8.292621366985819e-05,6.217178382250648e-05,5.404426550707049e-05,0.00010282590081150877,0.00010193748665146476,0.00012415175105901278,0.0004069592463015209,3.1163953200556734e-05,0.0006818189592697702,0.0007549524005832119,0.00017655720812032226,3.694983707498873e-05,0.09575853005843127,0.3514743471998939,3.7961769752434385e-05,3.132613478173007e-05,2.0674891161449267e-05,0.43512463549789343,4.7944634342116636e-05,0.00022484711866961734,0.00012485962393036422,0.0008620320054348822,8.168206350963984e-05,6.070521834067545e-05,8.228461369316257e-05,0.0002668270975489729,4.689812830453288e-05,5.874664523735278e-05,0.00013523996296432424,0.00032136387277737237,5.599126461178479e-05,0.00014360014588832342,9.119041009958051e-05,8.685661312131866e-05,6.12349502415713e-05,5.9864643238553637e-05,5.402644131945094e-05,0.00015824901098266046,8.704897345155714e-05,5.589979650815158e-05
MüllerFriedrichTheodorAdamHeinrichvon,9.227163149218309e-05,4.39405415931239e-05,4.6217839282295166e-05,6.270084385851724e-05,4.5654056896457354e-05,3.907363322209152e-05,4.5396686275102356e-05,4.754271995811976e-05,5.318810874046842e-05,4.7265932424462926e-05,0.013082572809186394,7.101776196961211e-05,7.767075903607829e-05,4.940946399373748e-05,7.515699857190215e-05,3.636317359465816e-05,0.03736289486571601,3.951550785298669e-05,7.08216107689157e-05,5.7959009432604734e-05,0.00019741879202584572,7.213674993017962e-05,0.013100883302924462,4.092807416253003e-05,2.7871018661033223e-05,5.186141604478828e-05,0.035862865988772356,7.952556499001291e-05,0.0036481245792168346,7.044578895053981e-05,0.15068403942047295,6.521004197890315e-05,0.019761712722545028,4.645045583964093e-05,0.001986369353006216,5.963447373761146e-05,0.00021184671177152422,5.935841064322064e-05,0.00016423672262852473,3.375408611166648e-05,8.247969182747405e-05,6.183701562041231e-05,5.375326048059491e-05,0.00010227222774911674,0.00010138859731559283,0.00012348324750428892,0.00040476794653764573,3.099614877318368e-05,0.011077581252874549,0.0007508873079918292,0.003754815660571089,3.67508781620423e-05,0.06911408020553322,0.27308699310813583,3.775736201910288e-05,3.11574570765933e-05,0.0232854229547188,0.1783314607939616,4.768647319485737e-05,0.0002236364140535494,0.0001241873087859789,0.12338727439167702,8.124224087848404e-05,6.0378346960248926e-05,8.184154658952732e-05,0.0002653903488790057,4.6645602140269806e-05,0.036239015328801326,0.00013451175417780945,0.00031963346712880937,5.5689775836095504e-05,0.00014282692112776744,9.069938912896755e-05,8.63889277755415e-05,6.090522648366496e-05,5.954229799198337e-05,5.373553226852692e-05,0.00015739690841083966,8.658025232848763e-05,5.559880024869263e-05
MüllnerAdolph,2.240469923408328e-05,1.066930976136548e-05,1.1222265951336798e-05,0.008396384856092488,1.1085372579193053e-05,9.487563904167104e-06,1.102287979273315e-05,1.154396345015488e-05,1.2914734029178455e-05,1.1476755995999805e-05,0.00010182777754027331,1.7243995488924154e-05,1.885942588577415e-05,1.199723210909885e-05,1.82490535943601e-05,8.829430610578226e-06,0.00031537885729131417,9.59485655787093e-06,1.7196367538871275e-05,1.4073168028387076e-05,4.793573698618108e-05,1.7515699676848903e-05,0.00013928967308608932,9.937845218651236e-06,6.767429819433423e-06,1.2592596549412676e-05,1.7184957889558427e-05,1.9309795830072924e-05,7.300417595585277e-06,1.7105113329206282e-05,0.0006769213603985397,1.583380887443224e-05,1.3752359116927218e-05,1.127874814331626e-05,4.777693585946896e-05,1.4479991590776325e-05,5.143901526627525e-05,1.441296003948116e-05,3.987871802175064e-05,8.195911733903848e-06,2.002709455149259e-05,1.5014796141607368e-05,1.3051959897567108e-05,2.483296833125513e-05,2.461841187682783e-05,2.998326762018762e-05,9.828268943680398e-05,7.526250261836017e-06,0.010641113071805128,0.0001823247733044864,4.263944709751628e-05,8.923570099427057e-06,7.797215834004952e-05,0.04297700777623309,9.167956892385333e-06,0.5804029170042341,4.99308942019939e-06,0.3250902297059651,1.1578868523154539e-05,0.014721332247050687,3.0154222452171527e-05,0.00020818503239503666,0.002115016704006184,1.4660613256958661e-05,1.9872144954388427e-05,0.01263618054357636,1.132613209113997e-05,1.418760807572113e-05,3.266112614534267e-05,7.761097945661551e-05,1.3522169900365753e-05,3.468015205376374e-05,2.2022939242401408e-05,2.097630563874792e-05,1.4788546155335272e-05,1.4457610173822082e-05,1.3047655267282387e-05,3.821792609810048e-05,2.102276161872283e-05,1.3500079896748786e-05
MützschefahlAntonievon,7.994739521401829e-05,3.807163467095613e-05,4.004476569109605e-05,0.033568280342985334,3.955628475186939e-05,3.385477364100564e-05,3.9333289770105274e-05,0.01717417353068453,4.608405293582184e-05,4.0952870547409195e-05,0.1861768157748922,6.153229320412148e-05,6.729668446098937e-05,4.281010188439965e-05,0.0041605589934255675,3.150633584336669e-05,0.00794578603827171,3.42376294026296e-05,6.136234088713976e-05,5.02177295273468e-05,0.00017105060280744533,6.250182383099456e-05,0.0004970317354898708,3.5461526663237115e-05,2.4148433357869788e-05,4.4934559602347216e-05,0.04057605014114868,6.890375374378498e-05,2.605031045691296e-05,6.103671561144172e-05,0.03178938980546039,5.650027981191329e-05,4.907297696607862e-05,4.024631287892292e-05,0.0001704839477363354,5.1669410881552634e-05,0.00018355146123348948,5.143022008201487e-05,0.00014230048781298634,2.924573044626417e-05,7.146331340440343e-05,0.006221450873831837,4.6573720331890466e-05,8.861226445280095e-05,0.015221415701143822,0.0015088306187228413,0.0036893263478322232,0.011060676187574472,0.0061357050148718294,0.033094317887352925,0.0006659344259019142,3.1842256751815844e-05,0.014896045331336328,0.3210934985941412,3.271430985628239e-05,2.699591948774896e-05,1.781699852539651e-05,0.22337849285770595,4.131724190001914e-05,0.00019376647502000228,0.00010760026343436971,0.03606106065966879,7.039114226711032e-05,5.23139288721591e-05,7.091040186792118e-05,0.00022994355648315942,4.041539451505127e-05,5.062608955918371e-05,0.0005809388534625992,0.0002769417068596937,4.8251585521445906e-05,0.00012375028083870383,0.0004212447658231575,7.485041327758032e-05,5.277043587011204e-05,5.158954656523239e-05,4.655835998382122e-05,0.000136374231588742,7.501618361675357e-05,4.8172761064532066e-05
MützschefahlAntonievonANDSchwendlerAugusteSophieHenriette,3.4914307017212046e-05,1.6626492182647394e-05,1.7488190078344072e-05,2.3725130652967832e-05,1.7274862634234604e-05,1.4784921481632324e-05,1.7177477156749467e-05,1.7989506571060798e-05,2.012564347458075e-05,1.7884774002964277e-05,0.2483131270610925,2.687213724287925e-05,2.938953916161404e-05,1.8695856652099825e-05,2.8438367027831946e-05,1.3759321109561487e-05,0.0004914698534964282,1.4952120720192428e-05,2.6797916346031994e-05,2.193088620000051e-05,7.470053584498977e-05,2.729554678459877e-05,0.00021706171368980683,1.548661624190372e-05,1.05460073337513e-05,1.962364133865457e-05,2.6780136147560888e-05,3.0091372037935432e-05,1.1376587501713474e-05,2.665571057662761e-05,0.014115638919449097,2.4674576459066823e-05,2.143095443517112e-05,1.757620896095313e-05,7.445306850634005e-05,2.2564858680982817e-05,8.015986079106477e-05,2.246040023066812e-05,6.214490049239878e-05,1.2772078552528627e-05,3.120917270649347e-05,2.3398270015222548e-05,2.0339489063381887e-05,0.062077309393750224,3.836404057753089e-05,4.6724350107674936e-05,0.006683538688505753,1.1728513272357127e-05,0.0035217917315365946,0.013344885564938659,6.644707574302627e-05,1.3906023146565916e-05,0.0360385982966903,0.2988016063180305,1.428686269416032e-05,1.1789550099587681e-05,7.780968410235735e-06,0.3139573333064243,1.804390080427212e-05,8.462092079899391e-05,4.69907571425385e-05,0.0003244246245613997,3.074093841115171e-05,2.2846330002742724e-05,3.096770738937561e-05,0.00010042003127420152,1.7650049617536807e-05,2.210922356154863e-05,5.089738424301789e-05,0.00012094487573091868,2.107223964524649e-05,5.4043728217815866e-05,3.4319392288957504e-05,3.268837343033796e-05,2.304569391496735e-05,2.252998065584817e-05,2.0332780953543595e-05,5.955680955182427e-05,3.2760767990545316e-05,2.103781574335716e-05
OertelAuguste,0.00011343927495457903,5.4020754795668406e-05,5.682047768489912e-05,7.70847784018323e-05,5.6127360374114135e-05,4.8037349626040976e-05,5.581094745056469e-05,5.844929361495675e-05,6.538976708388635e-05,5.810900942764228e-05,0.000515573502403118,8.73096454072362e-05,9.548887830135492e-05,6.074427947899449e-05,9.239844671524188e-05,4.470509495624309e-05,0.0015968234401783595,4.8580592841089336e-05,8.706849599187817e-05,7.125513986037283e-05,0.00024270779943582108,8.868533564785403e-05,0.0007052502405169122,5.031720999403778e-05,3.426479079240076e-05,6.375872344618673e-05,8.701072675641501e-05,9.776918741904516e-05,3.6963409785435136e-05,8.66064584848001e-05,0.014036236429644041,8.016960101622473e-05,6.963082301796631e-05,5.7106457819649085e-05,0.0002419037589759166,7.33149653224201e-05,0.07452242487034484,7.297557176490978e-05,0.00020191357229306696,4.149746778441057e-05,0.00010140100795961772,7.602278299293768e-05,6.608456788671705e-05,0.00012573406556523533,0.20169287726278887,0.00015181101536185647,0.0004976240436799282,3.810684374332428e-05,0.0008337186355954657,0.0009231451792245043,0.0002158916713261689,4.518174118335962e-05,0.2337895800384405,0.01603257603078748,4.641911823145171e-05,3.830515710017104e-05,2.528096618003869e-05,0.4365845978493238,5.862602467177426e-05,0.00027493989488877574,0.00015267659235477298,0.0010540806142740797,9.987967863905432e-05,7.422948734473058e-05,0.010709470654718018,0.0003262724227362082,5.734637180507899e-05,7.183457169561899e-05,0.0001653695249562369,0.00039295922458445023,6.846533101308495e-05,0.0001755922390740579,0.00011150635114200771,0.00010620704513923254,7.487723606400834e-05,7.320164393009881e-05,6.606277272074121e-05,0.000193504665317753,0.00010644226064605984,6.835348510219495e-05
OertelLudwigChristianvon,9.525033120555448e-05,4.535902392113941e-05,4.7709837011136453e-05,6.472494360195063e-05,4.712785468232655e-05,4.033500270474645e-05,4.686217565909698e-05,4.907748729692145e-05,5.4905119718793015e-05,4.879176454738259e-05,0.0004329060361534199,7.331034728323673e-05,8.01781154568619e-05,5.100449329858345e-05,7.758320613411422e-05,3.753704440426728e-05,0.001340787497228641,4.0791141869768845e-05,7.310786395731566e-05,5.983003395002443e-05,0.009111613888947193,0.1871387285396132,0.0005921698549195574,4.224930844445664e-05,2.877074693021443e-05,5.3535598917784665e-05,7.30593574871045e-05,8.209279799338207e-05,3.103666720330366e-05,7.27199099123326e-05,0.3859141812573786,6.731514329997332e-05,5.846616136459113e-05,4.7949962863175345e-05,0.01801876082046867,6.155958535595675e-05,0.0002186855172573248,6.127461043192949e-05,0.0001695385892012436,3.484373072941069e-05,8.514228953418381e-05,6.383322938325088e-05,0.02677895467008703,0.00010557376529164902,0.00010466160962586791,0.0001274695161764577,0.00041783460794631223,3.199676204915161e-05,0.0007000395251512986,0.018590771448495,0.0001812754286958552,3.793726479547574e-05,0.0003314873290244164,0.164894874888606,3.897623982157773e-05,3.216327768432031e-05,2.122739591564981e-05,0.16170236831981674,4.922588115524711e-05,0.0002308558130353171,0.00012819630586452844,0.01870071259154276,8.386489136926777e-05,6.23274721884028e-05,8.448354378222625e-05,0.00027395764245942097,4.8151408848987516e-05,6.031655922304241e-05,0.00013885404353733446,0.00032995182935481105,5.7487545276584336e-05,0.00014743763952674842,9.362733393748979e-05,8.917772288235898e-05,6.28713603618232e-05,6.146443400598914e-05,5.547021509549828e-05,0.00016247797307163549,8.937522374737203e-05,5.739363282817946e-05
OsmundEmanuel,0.00035475311779092304,0.0018194434699586167,0.003632047746036362,4.4890038176743666e-05,0.00044071898262237566,2.7974374491699976e-05,0.0005360473166761461,0.00037052951334509113,3.80794911994488e-05,3.383956866324228e-05,0.016947879746152236,0.0030828119325770507,0.0037093296177391996,0.001444357700392864,0.000577405009424273,0.004545859891860084,0.007989205313186122,7.331337603538167e-05,0.0005878822235940793,0.0003599418250109885,0.0003663207696724196,0.000666413313392331,0.002138945036188819,0.0007713805942630906,1.995397533311769e-05,3.7129658915017787e-05,0.001252795356512518,0.0008170086591304897,2.152550621292779e-05,0.00016259888081906956,0.028019712527606475,8.718370691981192e-05,0.00037670303266822087,0.001241235282363844,0.0008630769857696659,0.002216691351610584,0.0007205462619334862,0.002498034609169969,0.000818185323330673,2.416589827072917e-05,0.0008369972953259048,0.0027431996755061332,0.00018098454255857768,0.013920053273092085,0.0007232963111042125,0.00039274748243764944,0.30937722347976243,0.0011420082045408726,0.0023741043417945715,0.02243446211057385,0.0003049463588587654,0.0016526883649719403,0.0017807851018901441,0.12091316058935753,0.0030396388758877116,2.230686784398887e-05,1.4722277996973873e-05,0.39721020631180476,3.41406505957356e-05,0.0010239080632568598,0.0014446443349035165,0.008668969895009074,0.0005626350537457794,0.0022378067779852207,0.0006965275327675836,0.00110862601562939,0.0007506838315887916,4.1832599544058844e-05,0.0003034479336580634,0.004296080179751279,0.001779902697837676,0.0008904515972479709,0.002632458235207608,6.184928347443961e-05,4.360448398723666e-05,0.0018253622828693326,0.0009443843443471527,0.00038630242221394126,0.0013821052866817333,8.482804737345964e-05
OsmundEmanuelANDBraunHenriette,5.9649859086330066e-05,2.8405774037158008e-05,2.9877954425213672e-05,4.0533546879697086e-05,2.951349202949425e-05,2.525951560622568e-05,2.9347112384434138e-05,3.073443592815354e-05,3.438395030119434e-05,3.0555504038552325e-05,0.00027110440171012614,4.591009637098233e-05,5.021098854226786e-05,3.1941210067443344e-05,4.858594458195168e-05,2.350731363232558e-05,0.011996582385459698,2.554516959370237e-05,4.57832925929203e-05,3.746814367025723e-05,0.00012762322433122706,0.07256663634024628,0.0003708422632662119,2.645833629458048e-05,1.8017480658331574e-05,3.3526297401073166e-05,4.575291575248049e-05,5.141004519701077e-05,0.016754821773734215,4.554033906381108e-05,0.001802222977350845,4.215564147020384e-05,3.661402792595354e-05,3.002833157409932e-05,0.00012720043513275757,3.855126323887886e-05,0.00013695028797821058,3.837279966981599e-05,0.00010617236525640184,2.1820644629214413e-05,5.331976811756657e-05,3.9975117036803096e-05,3.4749297928799634e-05,6.611483806045721e-05,6.554360690314794e-05,7.982690014294646e-05,0.3405478333076092,2.0037750245003114e-05,0.0004383948958667906,0.02837772691612756,0.00011352247956163826,2.3757948875656565e-05,0.0002075916399969148,0.053058115556763166,2.4408599777514906e-05,2.0142029506269394e-05,1.329350941999046e-05,0.43597269182033016,3.082736655239778e-05,0.00014457185127366573,8.02820471427533e-05,0.011711191517982193,5.25198063791665e-05,3.903214704022552e-05,5.290723316067295e-05,0.00017156407291709982,3.015448572511504e-05,3.777282674705233e-05,8.695638141871516e-05,0.00020663004398186887,3.6001176390316934e-05,9.233179885550693e-05,5.863346830729294e-05,5.584693025468772e-05,0.022353219788202684,3.849167536610607e-05,3.4737837360317136e-05,0.00010175070339062944,5.5970613801173585e-05,3.5942364371052505e-05
OttoGeorgChristian,0.0001305161669804426,6.215291711044566e-05,6.537410395473845e-05,8.86889466948048e-05,6.457664633075709e-05,5.5268783651875684e-05,6.421260132093765e-05,6.724811815302143e-05,7.523339480924872e-05,6.685660835335e-05,0.002659374262922847,0.2831064195793719,0.0001098635581913311,0.0020522194819333705,0.0001063079000200649,5.143489889653993e-05,0.0018372056312952576,5.589380547253377e-05,0.0051485637091002335,8.198172754502271e-05,0.00027924448292978736,0.00010203582560595953,0.002192797915098042,0.0010794327792223743,3.942293494384143e-05,0.000995939834797069,0.00010010912487740232,0.0008853364508149474,4.2527797939946574e-05,0.00037035961127781565,0.37139335238641097,9.223815153242645e-05,8.01128897168758e-05,6.570313489252488e-05,0.0011760553433372198,8.435163447595796e-05,0.0002996524539632998,8.396114937948818e-05,0.0004588655156108621,4.774440278099684e-05,0.00011666568648417164,8.746708089766134e-05,7.603278935436286e-05,0.00014466178757765202,0.00014341191201627131,0.000174664302450558,0.0005725352423525069,4.384336186116101e-05,0.014141634753147893,0.01159926086592426,0.000717014116718566,0.001707850133780916,0.0022528496977360884,0.036899549202856506,5.340694736110449e-05,4.407152886246656e-05,0.0006282790075142098,0.1540912729873025,6.745145390363742e-05,0.0030234848482106422,0.0840933059341155,0.002623369264985746,0.00034147167025047896,8.54038265762597e-05,0.00011576304426264899,0.005232821028401868,6.59791649870036e-05,8.264838573895994e-05,0.0001902638794307057,0.0023410158052485255,7.877194718013643e-05,0.0006516833155722051,0.0001282922651864384,0.00012219521363691463,8.614908592352261e-05,8.422125393739596e-05,7.600771319336829e-05,0.00022263442022367284,0.0001224658379544427,0.0008514925751645586
PohlEduard,3.927441343567349e-05,1.8702812220914866e-05,1.967211914130017e-05,2.668793024076562e-05,1.9432151318567786e-05,1.6631265761549842e-05,1.9322604321014714e-05,2.023604014902266e-05,2.2638938303715608e-05,2.011822855455009e-05,0.0001784994385583465,3.022793571290744e-05,3.3059711342634444e-05,2.1030599385136732e-05,3.198975662142994e-05,1.5477588187120728e-05,0.0005528447180083801,1.6819344878173928e-05,0.003703092158021242,2.4669620141820708e-05,8.402915536018406e-05,3.070422073228083e-05,0.0002441684287277025,1.7420588319404386e-05,1.186299507297128e-05,2.2074246029507326e-05,3.0124445500362568e-05,3.3849189264501994e-05,1.279729827686808e-05,2.9984481636483086e-05,0.004859559908501068,2.7755943050102362e-05,2.410725678711182e-05,1.977112984152773e-05,8.375078424529513e-05,2.5382763247100282e-05,9.017024201861707e-05,2.526526000229903e-05,6.990556947482992e-05,1.4367058560194849e-05,3.510658112893105e-05,0.3893587777154648,2.287948897716391e-05,4.353105814484756e-05,4.3154950489554814e-05,5.255929733153023e-05,0.0001722850611910424,1.3193172615949562e-05,0.00028864615360519994,0.00031960699188644267,7.474500132672289e-05,1.564261040710427e-05,0.00013668162875671828,0.5344551937544674,1.6071009282026915e-05,1.3261831735727386e-05,8.752657474280164e-06,0.011580257643548949,2.029722714616412e-05,9.51884001916086e-05,5.285897333610468e-05,0.051786206810747394,3.457987363074276e-05,2.569938477006604e-05,3.483496156935658e-05,0.0001129605070936098,1.9854191735713386e-05,2.48702283127065e-05,5.7253460896966075e-05,0.0001360484986868157,2.3703745614512992e-05,6.0792721006471836e-05,3.860520562396119e-05,3.677050476785583e-05,2.5923645291949035e-05,2.534352964643672e-05,2.287194315707844e-05,6.699427716250836e-05,3.685193997682834e-05,2.366502284810654e-05
ReckeElisavonder,4.705115246046831e-05,2.240616198347776e-05,2.3567401673708512e-05,3.1972415747705046e-05,2.3279917746507887e-05,1.9924427954574475e-05,2.314867931332548e-05,2.424298485850819e-05,2.712168163672011e-05,2.410184535295661e-05,0.00021384416883711346,3.6213378822900126e-05,3.960587524060861e-05,2.519487502024181e-05,3.832405844668893e-05,1.854231031878612e-05,0.0006623136754564452,2.0149748676560668e-05,3.611335739811311e-05,2.9554459427784484e-05,0.00010066779498698322,3.6783973189583136e-05,0.00029251629651749414,2.087004452173032e-05,1.4211990479001395e-05,2.6445174466713864e-05,3.608939648064083e-05,4.055167793545481e-05,1.533129535577195e-05,3.5921718327811496e-05,0.0014215736528793664,3.325190611117392e-05,2.888074232736423e-05,2.3686017513999924e-05,0.00010033430351960125,3.0408812224869496e-05,0.00010802488015674994,3.0268042125405156e-05,8.374759339393503e-05,1.7211884369231508e-05,4.205804636060528e-05,3.1531932432590205e-05,2.740986382509121e-05,5.2150656734655075e-05,5.1700075883595065e-05,6.296658041784213e-05,0.01780731628033393,1.5805556897928846e-05,0.0003458010697639112,0.0003828924734244807,8.954528267727488e-05,1.8740008640736303e-05,0.00016374600129192738,0.31466587119509176,1.9253234912362047e-05,1.588781123172708e-05,1.0485773948759966e-05,0.21628381361822127,2.431628751230381e-05,0.440136961677714,6.332559536285386e-05,0.0004372004996302373,4.142704534413131e-05,3.078812807572817e-05,4.1732643326140724e-05,0.00013532785282658428,2.3785526520121312e-05,0.004430024040009004,6.859023679538288e-05,0.00016298750493665818,2.8397331779870094e-05,7.283030691845062e-05,4.624943459832421e-05,4.4051444045483626e-05,3.1056794494470825e-05,3.036180996653105e-05,2.740082385478428e-05,8.025983517016457e-05,4.414900426593839e-05,2.835094150624156e-05
RichterCaroline,0.0004543066620782802,0.0010460328570007932,0.0008261387277899094,0.0006935984547814532,0.0007194128363182502,0.0034859497250471945,0.0008262732080665219,0.0014940751034755277,0.000634690591633215,0.0008661934037134917,0.0038137785560622877,0.00023089014553116723,0.0003394515447227117,0.0005135242985040494,0.0005405869620448624,0.0016052605117449835,0.12391570986478169,0.000758835600390872,0.0013724772861962197,0.0015316169881030995,0.0014659958349851076,0.0005704485040834746,0.03626475692960246,0.0004362510119900245,0.0005434076312014929,0.0006962216380933384,0.0025858549113626133,0.0014516433399441374,0.00022490459299399335,0.0038743583873573424,0.06256094227390543,0.0006577799489868764,0.00019527749812350018,0.003482298428530276,0.0007178283160061532,0.001857929045673638,0.04965811240545093,0.00030412346044936023,0.0030309049469482287,6.57822262383194e-05,0.0009150024520542214,0.002299807677095049,0.0014904383487974835,0.0010773835016709347,0.0025558413718681683,0.0011248968368843956,0.002696977979269775,0.0005119700643264459,0.007544491497149135,0.07192534998702993,0.001300719868787032,0.0006826832486206545,0.007080610786283408,0.198665173094305,0.0003365310366982917,0.0007307302255167098,0.00027448117187593056,0.27823916768782536,0.0005353820208346174,0.01876387750526617,0.015112311837688757,0.009019353645886772,0.002944133869427314,0.0009109887338138976,0.0031559287406245982,0.002411129194927013,0.0008857454831200559,0.0003104266141023896,0.008675671594861979,0.02737702910651441,0.0006759848069454942,0.0009244273582608125,0.0026075026495245715,0.0006611429588579594,0.0006428729717997729,0.002192855959361042,0.0012994731393499298,0.0013474826336037373,0.0010135245162460377,0.00276687316301131
RichterCarolineANDJeanPaul,0.000188338317637562,8.968832073196146e-05,9.433657945029525e-05,0.0003603271877398867,9.318582678292338e-05,7.975433213900957e-05,0.005468091881711533,0.005208667506297659,0.00010856379969126439,0.00416494563787099,0.006887673042234864,0.0010100298585200267,0.00022810652592273613,0.0031071231257823366,0.00861806899265128,7.422193395768364e-05,0.055237706625979065,8.065625533299327e-05,0.00041843077088626716,0.00011830182421128123,0.003320428487166601,0.05491913323256499,0.02145974887823723,0.006610022426503018,5.688834889528082e-05,0.00010585584854435522,0.00014446014310551906,0.00429649461551924,6.136874919135438e-05,0.00014378895399415803,0.024338779000541513,0.0013708581032483643,0.00011560504127140706,0.0006815340556110109,0.0017756746643919578,0.0008746997445109872,0.0006647531677628957,0.0009830494124624272,0.005336367673644525,0.0006370852339005863,0.0003856813736218485,0.0001262173357221144,0.00010971734738760465,0.0036903524630441976,0.00020694722242630635,0.002938675056883529,0.010136262980177101,6.326714309456582e-05,0.010090281799665406,0.15568476404917717,0.00035843559636477423,0.0037036876041324227,0.017968432734797892,0.16467257209391756,0.00731232508355423,0.0018370319327426663,4.197289378398302e-05,0.3045545840042971,0.0031804403394586588,0.0011667067864662678,0.00042737254958144814,0.03998842987155225,0.0001658259068439198,0.0016598307589842014,0.006961858119598839,0.0008269283299034395,9.520969869307799e-05,0.00032790330493029417,0.009535057292975768,0.008628676269590943,0.001831476187899825,0.0015704855232603343,0.0010151837684822477,0.002823786547736232,0.0009075990986558173,0.00524441401250991,0.009469694415551108,0.0004688925658439557,0.0001767214776685116,0.00011348433242337032
RichterCarolineANDOttoAmöneANDOttoGeorgChristian,0.00016902840308622108,8.049277395575924e-05,8.466445690454476e-05,0.00011485895868722668,8.363168838376298e-05,7.157729542114314e-05,8.316022229580691e-05,8.709144840012048e-05,9.743299146432976e-05,8.658441331196176e-05,0.0007682221683774196,0.00013009436055650358,0.00014228169757110227,9.051105590254036e-05,0.00013767684871203594,6.661212188897746e-05,0.19206999255609208,7.238674640858832e-05,0.0001297350396722731,0.01591372851149634,0.0003616429298550599,0.00013214418610947928,0.0010508470014329472,7.497436541666597e-05,5.105571127849638e-05,9.50026806081056e-05,0.00012964896153379982,0.00014567943621903053,5.507674596082653e-05,0.00012904658796964529,0.005106916873450239,0.00011945544998641552,0.0001037523099915674,8.509057709537393e-05,0.0003604448820448215,0.00010924180814565517,0.0003880728107949541,0.00010873610012639384,0.00030085813489020126,6.183264759519419e-05,0.00015109097315378715,0.0001132765491723366,9.84682684458912e-05,0.00018734806198769763,0.0001857293776891591,0.00022620360988543663,0.0007414768604101598,5.678050170163097e-05,0.0012422693080006884,0.30171908028164873,0.000321685980966371,6.732234108456767e-05,0.0005882475489496925,0.08711931078952126,6.916607524575915e-05,5.707599539225882e-05,3.766950505986298e-05,0.33437487826311835,8.73547837248708e-05,0.00040966985549185535,0.00022749334923646334,0.0015706161999556995,0.00014882414038598215,0.00011060447726603006,0.00014992198254678413,0.047908824820679236,8.544805714671862e-05,0.00010703597096292102,0.00024640625333396856,0.0005855226969328246,0.00010201568700562419,0.0002616384473270464,0.00016614828043507514,0.00015825213307806002,0.00011156964503234824,0.00010907295539172808,9.843579290246617e-05,0.0002883285756321136,0.00015860261223544226,0.00010184903276954032
RichterCarolineANDRichterEmmaANDJeanPaul,0.0002655899448712301,0.00012647620759061165,0.00013303106478714462,0.0001804749021390605,0.000131408302402297,0.00011246754745257858,0.0001306674999689626,0.00013684453356365613,0.0001530939319023824,0.00013604784248302652,0.0012070875641186725,0.00020441389386276652,0.0002235635403525536,0.00014221767412149282,0.0002163280607982924,0.00010466589908694089,0.3017945966653249,0.00011373941679054938,0.00020384930227879963,0.00016682624844777631,0.0005682401540188554,0.0002076347315780276,0.0016511686325067412,0.00011780527541049106,8.022251465571985e-05,0.00014927524750059417,0.0002037140499328369,0.00022890231894664463,8.654066213925614e-05,0.00020276755597812518,0.00802436600072317,0.0001876972496762962,0.00016302331316984112,0.00013370061638867702,0.0005663576925741242,0.00017164881921198942,0.0006097687403014757,0.0001708542133202918,0.0004727305825565324,9.715603511720408e-05,0.00023740532654731102,0.00017798850311883798,0.00015472063576657915,0.0002943751496585048,0.00029183175301176795,0.0003554278640880312,0.0011650633555306926,8.92177293363205e-05,0.0019519455369806991,0.2753793434662544,0.0005054568367845551,0.00010578184808461955,0.0009242981134744028,0.012698300357446035,0.173974696577968,8.968203090677084e-05,5.918911608643774e-05,0.2025005390290381,0.00013725830552804844,0.0006437036163678707,0.00035745439807216106,0.0024678684904057982,0.0002338435110249428,0.00017378994585076797,0.00023556852193222784,0.0007638860068720348,0.00013426231551968501,0.0001681828444701088,0.00038717175364611764,0.0009200166241878178,0.00016029460252312518,0.00041110570491717014,0.0002610644828650012,0.0002486574713630644,0.00017530648892381102,0.00017138350526008534,0.00015466960778766882,0.00045304321113340604,0.00024920817017100484,0.00016003274304527462
RichterEmma,0.00016883914147422215,0.010378634675157278,8.456965785716456e-05,0.00011473035076526355,0.001493542585786063,7.149715010789055e-05,8.306710754444843e-05,8.699393184305333e-05,0.0031818115131798663,8.648746448360983e-05,0.00308107972016222,0.00012994869350918293,0.0006304449810291412,9.04097104006539e-05,0.00013752269152989135,0.0006697369319760473,0.19929823606033273,7.230569475062726e-05,0.003129978738891306,0.0001060537159151276,0.001181640894122161,0.0001319962238663135,0.005166076010349989,0.0005632130130972276,5.0998544044813223e-05,0.0014116271580182542,0.0037327811850451373,0.0006338389152188722,5.501507636249939e-05,0.012074721520605661,0.015956517108935177,0.009908957445820777,0.00010363613821759872,8.499530091993273e-05,0.00483895134763838,0.00010911948976407062,0.002708701078970274,0.014966384421916628,0.00039994632187949564,6.176341339346029e-05,0.0013224782991537825,0.016383594062750688,9.83580132291552e-05,0.00018713828779845333,0.00018552141594559883,0.003885643835431561,0.0009122371815853236,0.0031923654199135804,0.0022879800998712955,0.023612705270710126,0.0004869482989582845,0.013063188417821003,0.0014705062210436293,0.12048775716094254,0.00452445963317008,0.02840148171775125,3.762732640159811e-05,0.3698486246730441,8.72569723104474e-05,0.00543336382343046,0.00022723862424818084,0.0064495410411358756,0.005559801308281789,0.00011048063309972745,0.009692086855608378,0.0004856127277219717,0.0011068933108760413,0.0008301864742935006,0.005222256447927312,0.005700864697899893,0.00039620723794901697,0.0007616173134101985,0.00016596224370508275,0.0001580749376880441,0.0006631357217292339,0.024703477228845097,9.832557404869395e-05,0.0007763283299609372,0.04364416704332488,0.00010173499210080927
RichterEmmaANDJeanPaul,4.854646137574909e-05,2.311824090225173e-05,2.431638536464591e-05,3.298851494635434e-05,2.401976505593573e-05,2.055763613746387e-05,2.3884355800384408e-05,2.501343891746885e-05,2.7983622104232965e-05,2.486781392856748e-05,0.00022064024237455985,3.736425792733481e-05,4.0864569560466966e-05,2.5995580619723275e-05,3.954201599434356e-05,1.9131594119068782e-05,0.5318716358204347,2.079011766352742e-05,3.7261057772157956e-05,3.0493714777710308e-05,0.00010386706734172878,3.7952986065432376e-05,0.0093819540363693,2.153330486719944e-05,1.4663654571288861e-05,2.7285615201496232e-05,3.723633536486786e-05,4.1840430333123024e-05,1.5818531511093547e-05,3.7063328317341745e-05,0.0014667519672397805,3.430866814691564e-05,2.979858661435208e-05,0.004564509484452238,0.00010352297735043678,3.137521932958708e-05,0.00011145796431991136,3.122997548668126e-05,8.640913336663766e-05,1.7758886574283082e-05,4.339467189246967e-05,3.253403285344809e-05,2.8280962865199268e-05,5.380803041999884e-05,5.334312988645686e-05,6.496768951166616e-05,0.00021295875194745826,1.6307865319817294e-05,0.0003567907989308227,0.004935131699336967,9.239107608522948e-05,1.933557539155024e-05,0.00016894993026644336,0.10220264337443548,1.9865112248132705e-05,1.639273373705913e-05,1.0819017035257657e-05,0.2413177031287321,0.0227254426390518,0.0001176608277266823,6.533811412934098e-05,0.00045109494792056526,4.274361735134978e-05,3.176659002594551e-05,4.305892738849694e-05,0.00013962863897602908,2.4541442326648424e-05,3.074168326323633e-05,7.077006847256718e-05,0.06826922803217927,2.929981304037276e-05,7.514489012295969e-05,4.771926452309969e-05,4.5451420742495425e-05,3.204379479646435e-05,3.1326723316212763e-05,2.8271635600161232e-05,8.281053246009274e-05,4.5552081475048056e-05,0.00910939337561525
RichterEmmaANDJeanPaulANDRichterOdilieMinna,4.2556908748584525e-05,2.0265964616658732e-05,2.1316284724628586e-05,2.891846656870066e-05,2.1056260758864072e-05,1.8021281477493758e-05,2.093755799106377e-05,2.1927337386340835e-05,2.453106608795209e-05,2.179967927927054e-05,0.016113126369516558,3.275434027548886e-05,3.582279137452668e-05,2.278830466627321e-05,3.4663411476721304e-05,1.6771181298641118e-05,0.22347496573109146,1.8225079958578532e-05,3.2663872722092776e-05,2.673146920341023e-05,9.105218344612718e-05,3.3270432467189946e-05,0.00026457565197426377,1.8876574405619423e-05,1.2854486028982476e-05,2.391917769848262e-05,3.264220050950974e-05,3.667825265175156e-05,1.3866876863459735e-05,3.24905386802892e-05,0.005265714481594607,3.0075742252619068e-05,2.612210438096437e-05,2.1423570587512807e-05,9.075054649987531e-05,2.7504215717009285e-05,9.770653272032155e-05,2.737689173100349e-05,7.574816988752204e-05,1.5567835306648362e-05,3.804073540208884e-05,2.852005744870373e-05,2.479172161820252e-05,4.7169317302060855e-05,4.6761775145074763e-05,5.695212289016576e-05,0.00018668438269257024,1.4295837773386256e-05,0.0003127707569643492,0.1754631096891554,8.099207404037015e-05,1.694999582298356e-05,0.00014810526991407933,0.0657135500122083,1.741419961963453e-05,1.4370235317220453e-05,9.48419117832637e-06,0.35482184459660565,0.09952017002152244,0.00010314410086640589,5.727684535614743e-05,0.00039543987330027615,3.7470006498032586e-05,2.784729998185161e-05,3.7746414295802316e-05,0.00012240157323928602,2.151357466757712e-05,2.694884389791941e-05,6.203861745570217e-05,0.00014741922380278702,2.568486836267352e-05,6.587368350358698e-05,4.183176957308733e-05,3.984372722989333e-05,2.8090303854622785e-05,2.7461703032101793e-05,2.478354513003328e-05,7.259355622336507e-05,0.05575891074327402,2.564290920676783e-05
RichterEmmaANDRichterCaroline,0.0005277600580007398,0.00025132386200124324,0.00026434917369331834,0.00035862594446777217,0.00026112454419627984,0.00022348692227618883,0.0002596524781684292,0.000271927007649538,0.00030421657122424797,0.0002703438839694393,0.002398632234213965,0.0004061956808397869,0.0004442483960773449,0.00028260410227307466,0.0004298706036083135,0.00020798408237783853,0.007428993457009527,0.00022601428390466559,0.0004050737675563393,0.00033150438206360584,0.0011291634432498672,0.0004125958836043957,0.003281076223285727,0.00023409364768526205,0.00015941205533287562,0.0002966283731757435,0.00040480500442231104,0.00045485720923040587,0.00017196699555843665,0.0004029242039097833,0.015945407376074097,0.0003729776419953314,0.0003239474794714192,0.00026567965550892525,0.0011254227596116473,0.00034108742643476164,0.0012116858787879707,0.00033950844628288345,0.0009393741159505196,0.00019306105415036704,0.000471753736644816,0.00035368516219620743,0.0003074490329280777,0.0005849598189158637,0.0005799057753132285,0.0007062791110451338,0.002315124935876369,0.00017728665907160005,0.0038787571205328815,0.4978566213701712,0.0010044052293757752,0.0002102016110121636,0.0018366946316952489,0.2720140028289144,0.0002159583313626008,0.0001782092836983325,0.0001176160918062479,0.10625651621704277,0.0002727492237015525,0.0012791186732400788,0.0007103060846322677,0.004903959817704111,0.000464675968818988,0.0003453421097949187,0.00046810377877211736,0.0015179359425229867,0.00026679582113072045,0.0003342001060895169,0.0007693581444116548,0.0018281867831194554,0.00031852519403860165,0.0008169178647810452,0.04987494940562096,0.0004941131396089377,0.0003483556683864455,0.00034056021480891025,0.00030734763402488345,0.0009002528747861043,0.0004952074462287177,0.000318004846879806
RichterMax,0.00023712949902115297,4.3016465634489804e-05,4.524587142317652e-05,0.0013862667690398955,4.46939454626299e-05,0.0005914024259995809,0.0003163819131897875,4.6542889666354634e-05,0.0003024096726209878,0.00024161757735454684,0.0016813458269842605,6.952424814177196e-05,7.603733171561639e-05,4.8370375804329414e-05,0.0016451610171683685,0.0014386833926541029,0.11624568142963468,0.0005907506788431976,0.004974147573620622,0.0015957160190074042,0.0006913551047023041,0.0007310645281312798,0.0027719041956854565,0.00042481132481660003,0.00021012929056558484,5.077076294835019e-05,6.928622066660626e-05,0.00036000974201672714,2.9433784344239305e-05,0.0017756583026207274,0.040353037448755014,6.383866534426347e-05,0.0013958704036189824,0.00470900891146291,0.00038955302332075684,0.00016858374206590328,0.0003012959203437731,0.0008968373130760226,0.0001607828005464714,0.00018012185140159535,8.074513195338172e-05,0.0004452805482049915,0.001110049994172944,0.0012782188921966083,0.0003089381850214202,0.0038177239293971424,0.0032897020019104642,0.0012084417594925999,0.004255350143615231,0.011173439225068714,0.0004682352211425029,0.0008517977792885877,0.0055005296865122495,0.10153457402011952,3.696331922312704e-05,0.0004111897489182272,0.029820541731981752,0.3216292054440223,4.668361975168744e-05,0.0012018893927063816,0.0001215756316819683,0.016746271619066926,0.006279205746846161,0.00024195298503891635,8.012040700228459e-05,0.002600667479914441,0.0012237621025870773,0.014298833298297616,0.0013872388112925182,0.17904737620443792,5.45186117783473e-05,0.0025203587946043583,0.017553264031986402,0.08102005793242459,5.962438074284858e-05,5.829011483489575e-05,5.260546623626114e-05,0.0005080872779967603,8.475945707270616e-05,0.00023845161203670285
RichterOdilieMinna,0.00012914174294163737,0.004789921984625616,6.468567016090653e-05,0.001381634068411638,6.389661030827936e-05,5.4686765756283894e-05,6.353639894010203e-05,6.653994971464108e-05,7.444113597466116e-05,6.615256277953536e-05,0.0005869401117163569,9.939520318709227e-05,0.00010870662017468317,6.9152611639948e-05,0.0040897690699019836,5.0893254415917724e-05,0.48706163596141044,5.5305205671918515e-05,9.9120673436958e-05,0.0005539607621772919,0.0002763038485323648,0.00010096131893926292,0.012817892280803584,5.728220848724772e-05,3.900778461633304e-05,7.258432034999556e-05,9.905490768026475e-05,0.0001113025737720782,4.207995129260462e-05,9.859467986910097e-05,0.03723532288621208,9.126682103985899e-05,7.92692464810035e-05,6.501123617905222e-05,0.0002753885113492839,8.346335437381824e-05,0.026168552634301845,8.307698135109226e-05,0.00022986281127007876,4.724162173540855e-05,0.0001154371174285726,8.654599302501576e-05,7.523211235132377e-05,0.0001431384005295704,0.02464984848918017,0.0008303434701710713,0.0005665060567093949,4.338166143064615e-05,0.003682336574035633,0.005035509255761536,0.0002457757838527083,0.0025332265120953236,0.0004494351976676882,0.05065776994117576,5.284453586840942e-05,0.0020358977578776014,2.8780402881153977e-05,0.27843635983539733,0.0012848645663555867,0.004032597900796981,0.0001738103602211834,0.002440883660886766,0.002846918311905788,8.450446617541408e-05,0.00011454398064378169,0.00037143563693276075,6.528435948883092e-05,8.177804200487603e-05,0.00018826027132869109,0.0004473533455511722,7.794242498152559e-05,0.00019989803187765506,0.00012694126034662077,0.01293100992159709,0.006978348034334312,8.333434683103554e-05,7.520730025936577e-05,0.0015141690049705172,0.018531694235929885,7.781509715896138e-05
RichterOdilieMinnaANDRichterEmma,0.00015218832489930387,7.247338442034844e-05,7.622944806642575e-05,0.0001034157112244074,7.529957291931015e-05,6.444614332308264e-05,7.487507837955957e-05,7.841464158131754e-05,8.77258702688015e-05,7.795812173422009e-05,0.0006916852009554433,0.00011713322998053171,0.00012810635858714192,8.149355807170705e-05,0.00012396028478250275,5.997564352010454e-05,0.2298649903934178,6.517494976991709e-05,0.00011680970776489275,9.559476098694888e-05,0.00032561291890241263,0.00011897883410118371,0.015178822335786312,6.750476768883841e-05,4.596909770278877e-05,8.553768809681068e-05,0.0001167322054784988,0.00013116558498834065,4.9589521971683225e-05,0.00011618984560277104,0.018830791284353898,0.00010755426012190212,9.341560337640743e-05,7.661311446132736e-05,0.0003245342310247518,9.835819002666572e-05,0.0003494096254563919,9.790286503433135e-05,0.00027088403336516544,5.567234198385843e-05,0.00013603797759333507,0.00010199095509479411,8.865800396203811e-05,0.00016868282020326863,0.00016722540329914198,0.00020366724080733226,0.0006676044929552795,5.1123534761819656e-05,0.0011185036455796337,0.0012384768725055568,0.0002896368284440844,6.061510450840406e-05,0.0005296412168971906,0.03574171854735998,6.22751498524296e-05,5.138958880347103e-05,3.391654165910849e-05,0.42915557612962457,7.865174115292102e-05,0.0003688549849059527,0.00020482848511778896,0.0014141377671836582,0.00013399698640214982,9.958509820916852e-05,0.0001349854519878482,0.00043772188685922784,7.693497924384742e-05,9.63721175103818e-05,0.00022185712137670385,0.1428538862717563,9.185199786167328e-05,0.00023557175185312906,0.0001495951450917726,0.11400384442729695,0.00010045410757635658,9.820615985123014e-05,8.862876391442592e-05,0.00025960277766849855,0.00014280124192176928,9.170194716863065e-05
SchillerCharlottevon,5.20941266575596e-05,2.4807669509429682e-05,2.6093371651444e-05,3.5399240792422505e-05,2.577507500338241e-05,2.205994155652384e-05,2.562977034657749e-05,2.684136429681525e-05,3.0028601733748967e-05,2.668509736403891e-05,0.014852310480744884,4.009475314517236e-05,4.385085961287064e-05,2.789527868692715e-05,4.243165683201756e-05,2.0529687622044783e-05,0.0007333009010831457,0.004894158195613486,3.9984011356738956e-05,3.272212628628539e-05,0.00011145743702654786,4.0726504200219285e-05,0.00032386839010979933,2.310690994396752e-05,1.573524118651866e-05,2.927958606981465e-05,3.995748229200073e-05,4.489803407729583e-05,1.6974513913534226e-05,3.977183228186471e-05,0.0015739388740449633,3.681586779444282e-05,3.1976199733473637e-05,2.6224700817353915e-05,0.00011108820171917446,3.3668049191340275e-05,0.00011960305953784106,3.3512191257844306e-05,0.009836421283452123,1.9056665723530544e-05,4.656585608439054e-05,3.4911546179045836e-05,3.0347671483083393e-05,5.774019923300715e-05,5.724132482298474e-05,6.971538089819259e-05,0.00022852129449600942,1.7499607127067915e-05,0.0003828642612258237,0.0004239311465018817,0.02445838672290096,0.004892597358691539,0.00018129640794957232,0.61147180541181,2.131680959217793e-05,1.7590677535738955e-05,1.1609646259954832e-05,0.3027992925541838,2.692252357839443e-05,0.0001262592141327316,7.011287530671132e-05,0.00048405994351831524,4.5867223954160324e-05,3.408802037046185e-05,4.620557613362008e-05,0.0001498323831996845,2.6334875265744118e-05,3.298821574627904e-05,0.009819639351168913,0.00018045661544430067,3.1440976918051266e-05,8.063630824572035e-05,5.1206480135208146e-05,4.877290747515482e-05,3.438548263684039e-05,3.361600919930966e-05,3.0337662602672943e-05,0.009832559704953857,4.888092426571866e-05,3.138961450366377e-05
SchlabrendorffAmanda,0.0001112771575370392,5.299113595422985e-05,5.573749699302989e-05,7.561556641968122e-05,5.5057590283340936e-05,4.712177263244243e-05,0.010231736607892271,5.733526819634934e-05,6.414345839231942e-05,5.700146972016622e-05,0.15415046724345913,8.56455506293932e-05,0.009951162568576057,5.95865123412018e-05,9.06373609618585e-05,4.385302970374243e-05,0.03392273865724706,4.765466180020261e-05,8.540899744714213e-05,6.989703898179233e-05,0.00023808186401140071,8.699502064045147e-05,0.0006918083895410812,4.935817956852001e-05,3.361171450105218e-05,6.254350194077512e-05,8.53523292754e-05,9.590573701263103e-05,3.625889865257793e-05,8.495576623172988e-05,0.008290804239639592,7.864159327125456e-05,6.830368111490798e-05,5.6018026435057605e-05,0.0002372931483134313,7.191760480902293e-05,0.0002554815552546149,7.158467998751597e-05,0.00019806516219288495,4.070653891152773e-05,9.946833617946602e-05,7.457381231409039e-05,6.482501650721755e-05,0.00012333761324970758,0.0025866453978919883,0.00014891754446635136,0.00503808897790549,3.738053911366317e-05,0.0053677777110793115,0.051120975091998616,0.00021177684299124704,4.43205912015175e-05,0.00038726340650489295,0.30198801812984966,4.553438422662625e-05,3.757507267940018e-05,2.479911880106009e-05,0.34774724150253844,5.7508630814005726e-05,0.0002696996257160963,0.00014976662383008824,0.03326243396933942,9.797600292418182e-05,7.281469632506518e-05,9.86987498285352e-05,0.00032005377149444623,5.625336773429203e-05,7.046542702586684e-05,0.010339207032870869,0.00038546954357055824,6.716040302636879e-05,0.00017224550542613176,0.00010938107465318161,0.00010418277178017841,0.013642769298888186,0.005000553282635395,6.48036367503493e-05,0.0001898165263779877,0.000104413504152356,6.705068886387115e-05
SchlabrendorffAmandaANDMützschefahlAntonievon,0.017650667828588373,8.892709402176619e-05,9.353590079514868e-05,0.0001268942902133683,9.239491510367826e-05,7.907741983445838e-05,9.187404711676075e-05,9.621720111951956e-05,0.00010764236796625466,9.565703708564232e-05,0.03577657528093147,0.0001437261118528267,0.00015719048152615714,9.99951272977423e-05,0.00015210312017281026,7.359197770306951e-05,0.0026286353964881533,7.997168798461696e-05,0.00014332914004423292,0.00011729774131933384,0.00039953716644432864,0.15732134296220215,0.0011609584998310588,8.283044694539402e-05,5.640551088109372e-05,0.0001049574004667826,0.00014323404233127,0.00016094424735328314,6.084788392512486e-05,0.0001425685499156994,0.005642037845735838,0.0001319724182718926,0.00011462384723710222,9.400667138003704e-05,0.00039821358290970983,0.00012068855459517117,0.0004287364646150919,0.00012012985668520559,0.00033238312377330937,6.831169303886495e-05,0.00016692282443728145,0.00012514607018322113,0.0001087861249639758,0.00020697906041022488,0.0002051907645951644,0.0002499060312594169,0.0008191714515504096,6.27301652717202e-05,0.0013724387187059714,0.0015196495950334295,0.00035539338587838254,7.437661620014785e-05,0.0006498862260887454,0.6376297518450086,7.641354340548348e-05,6.305662184562015e-05,4.161665021077526e-05,0.08998902268896336,9.65081296592192e-05,0.00045259652471699895,0.0002513309141016377,0.036663047022207074,0.00016441846484364876,0.00012219400904819744,0.0001656313428233337,0.0005370983527186613,9.440160946670689e-05,0.00011825158192165494,0.00027222557977470656,0.0006468758543548477,0.00011270525469814692,0.0002890538574052516,0.00018355789010235184,0.00017483435625056853,0.00012326031053694136,0.00012050200884719429,0.0001087502465172328,0.0003185406725887142,0.00017522155986462627,0.00011252113783655759
SchlichtegrollAlfred,6.284043102074998e-05,2.9925151732372044e-05,3.14760766053348e-05,4.270161901025627e-05,3.1092119721133e-05,2.6610605161250878e-05,3.0916840705074906e-05,3.23783698819735e-05,3.622309072006284e-05,3.218986722265247e-05,0.00028560532608183615,4.8365751207916186e-05,5.289669096128922e-05,3.3649692366539836e-05,5.118472609736319e-05,2.4764680812696558e-05,0.03532859677395509,2.6911538306287343e-05,4.823216490627976e-05,3.9472252472192896e-05,0.00013444957872616486,4.9127823847273915e-05,0.004114770795675323,2.7873548777995687e-05,1.8981205786906108e-05,3.531956339015231e-05,4.820016325907513e-05,5.415988316587248e-05,2.0476123492885485e-05,4.79762161962394e-05,0.10634610933396921,4.441047674747819e-05,3.8572451494692296e-05,3.1634497178264726e-05,0.0001340041752353655,4.061330630839198e-05,0.00014427553152323918,4.042529701929741e-05,0.00011185134881121274,2.298779468474366e-05,5.6171753995009686e-05,4.211331968214688e-05,3.660798018573446e-05,6.965121098732561e-05,6.904942562374507e-05,8.409670850643668e-05,0.0002756621055948747,2.1109536239804802e-05,0.00046184391104252086,0.0005113823319165503,0.0001195946085282954,2.502872211909956e-05,0.00021869537218571633,0.016329536327145622,2.5714175257515902e-05,2.1219393225636312e-05,0.5200680358600674,0.21618877460019312,3.247627121102917e-05,0.002305056381279893,8.45762005636479e-05,0.011756193261883253,5.532900363128436e-05,4.111991178593024e-05,5.573715322814446e-05,0.0001807407503542057,3.176739910538262e-05,3.9793232540944146e-05,9.160753389959078e-05,0.05782330561699613,0.022382483591967258,9.727047349104175e-05,6.176967518631004e-05,5.883408983936052e-05,4.1478736441049485e-05,0.002193302152872742,3.6595906610470167e-05,0.00010719317959289133,5.896438901341386e-05,3.7864861771306295e-05
SchmidtLudwigFriedrich,0.00014523817010278137,6.916366115029746e-05,7.274819242828345e-05,9.869291003793221e-05,7.186078293165826e-05,6.150300906866028e-05,7.145567425980194e-05,7.483359226189973e-05,8.371959463345801e-05,7.439792081829913e-05,0.0006600972376850352,0.00011178397549126641,0.00012225598193578864,7.777190042226176e-05,0.00011829925153025126,5.723666859044693e-05,0.006579138942757893,6.219853229468555e-05,0.0001114752279272329,0.06342716569535954,0.0003107427888078953,0.00011354529434010063,0.0009029434861800316,0.01366852081269492,4.386977539864853e-05,8.163134262909592e-05,0.00011140126502461151,0.11349266600661079,4.7324861694905774e-05,0.00011088367370517235,0.35308902198621755,0.00010264245918469313,8.914948832253479e-05,7.31143374999393e-05,0.000309713362578471,9.386635632888758e-05,0.00033345274449378404,9.343182517327847e-05,0.0002585132686232579,5.3129890748333165e-05,0.00012982537880755355,9.733321984326933e-05,8.460915953264727e-05,0.00016097939280368062,0.054447534162641545,0.00019436614066362432,0.0006371162503652965,4.878881900372755e-05,0.0010674236860466221,0.0011819179611598806,0.0002764096587923246,5.784692659712511e-05,0.0005054534978557355,0.05671873462366002,5.943116078994796e-05,4.904272285728176e-05,3.236763693958103e-05,0.2784787245223329,7.505986394164014e-05,0.00035201007092019483,0.00019547435312870396,0.04663232804869928,0.00012787759584851396,9.503723392037652e-05,0.00012882092006849863,0.00041773195088016726,7.342150332270972e-05,9.19709840120731e-05,0.0002117253235709313,0.0005031121604621089,8.76572897332352e-05,0.00022481363264687237,0.0001427634159437976,0.00013597862728073607,9.586655726286078e-05,9.37212690858597e-05,8.458125482305982e-05,0.0002477472066738306,0.00013627977756404906,8.751409157335937e-05
SchragJohannLeonhard,0.12666816820186141,8.937917991539707e-05,9.401141685426102e-05,0.00012753939302729498,9.286463064112032e-05,7.947943213909002e-05,9.234111467529471e-05,9.67063483229594e-05,0.0001081895982187428,9.614333653766714e-05,0.0008530339312214625,0.00014445678396608807,0.00015798960354957133,0.00010050348065146894,0.00015287637916393994,7.396610321981936e-05,0.01237126642347892,8.037824655290713e-05,0.00014405779403965505,0.00011789405737788233,0.0004015683260016906,0.00014673291035471623,0.0011668605588900898,8.325153881890095e-05,5.669226415997792e-05,0.00010549098093182717,0.0001439622128707216,0.0001617624527010441,6.115722125681708e-05,0.00014329333723728355,0.28857435846250346,0.00013264333717805265,0.00011520656980303818,9.448458073382415e-05,0.0004002380136579092,0.00012130210880668985,0.00043091606701714725,0.00012074057059876255,0.000334072886867357,6.865897474341895e-05,0.00016777142356315245,0.00012578228542892934,0.00010933916982684899,0.00020803129667767257,0.00020623390955786943,0.0002511764988565926,0.004643298661296316,6.304907171003849e-05,0.0053828963722669125,0.001527375161158511,0.0003572001281115877,7.475473064738093e-05,0.0006531901055026821,0.02899113501687356,7.680201314506041e-05,6.337718791774934e-05,4.1828220157003976e-05,0.09944170379906936,9.699875587971568e-05,0.008094822868997448,0.35083941044031147,0.0017440123009182682,0.00016525433235316237,0.00012281521666084437,0.00016647337633918477,0.05891543456107471,9.488152659933577e-05,0.00011885274709717755,0.00027360951507423973,0.0006501644296973938,0.00011327822355929779,0.0002905233439871533,0.00018449105826322308,0.00017572317587356858,0.00012388693899310874,0.00012111461470093632,0.00010930310898193099,0.00032016006368890907,0.00017611234794610124,0.00011309317068785884
SchwendlerAugusteSophieHenriette,0.0008386770578479333,0.0007922515503489418,0.0015079678457541059,0.003422082160324664,3.524964536267881e-05,3.016887890672842e-05,0.0016442831606826582,0.0027657430930466123,0.0002257700304399049,0.0007032699070319723,0.20008476362781416,0.0002948080920871992,5.996984489858762e-05,0.0012566872616300484,5.802896229334848e-05,2.8076124239742883e-05,0.016524487091331516,0.0003253194632478648,0.003450917045088861,0.0010742491811738088,0.00034925111848160037,0.00016234411711459792,0.002898582039599666,3.160069876985131e-05,2.1519303879744805e-05,0.0013745358592648972,0.0001562497721613592,0.0009425064213307901,0.0003872498129129547,0.004031805707376953,0.030023289354579652,0.0004421849231199256,0.037035314242317194,0.00036393248525728853,0.000454104924121421,4.604397053712667e-05,0.0012991034157735703,0.0011634798553637896,0.003206922083568422,0.0017435048391788012,6.36828374997514e-05,0.0026929195755391873,0.0004972824539031631,0.02462838866265617,0.00407580838776569,0.0016936996008619894,0.005241498167616324,0.00104533684899421,0.0035745340496389742,0.030597858023183273,0.0019637135392451925,0.0011586423935652306,0.001545310870922746,0.27389469123054017,2.915258164290176e-05,0.003890727229988763,1.5877195833410967e-05,0.2731743889280145,3.681888057676753e-05,0.0008178684158843123,0.00046885030726361775,0.02574332792883471,0.0015735154477978287,0.0003095896439808706,0.002595048808281177,0.00077067395815206,0.0031622394951375697,0.00038781710753633616,0.0010238862799983575,0.0014946817884022507,0.0034721088278689472,0.0003706230184774129,0.0008820040896565892,0.0025206409698148046,0.0014841430723735978,4.597280134504811e-05,0.0005760478473232771,0.0007353236540732388,0.0003757392572050008,0.00011327085434361279
SchwendlerAugusteSophieHenrietteANDSchwendlerFriedrichChristianAugust,6.509697376794452e-05,3.099973672492377e-05,3.260635390006651e-05,4.423499532715711e-05,3.220860947322366e-05,2.7566167799821113e-05,3.202703634705212e-05,3.354104770795824e-05,3.752382897595318e-05,3.3345776089516335e-05,0.07943825639779731,5.010252136254484e-05,5.479616304320213e-05,3.485802222713501e-05,5.302272307742856e-05,0.006113530515225434,0.0009163349610525142,2.7877907180505406e-05,4.996413809826533e-05,4.0889665172658735e-05,0.00013927754086470764,5.089195933755106e-05,0.006492583449320111,2.887446257365044e-05,1.966280363013712e-05,3.658785680105857e-05,4.993098730100357e-05,5.610471533143319e-05,2.1211402471848465e-05,4.969899850274066e-05,0.00805467519981115,4.600521659213144e-05,0.21311563705653627,3.277046321174385e-05,0.00013881614333948792,4.207169321473785e-05,0.00014945633469355638,4.187693268299869e-05,0.012291620943537106,2.381326549274508e-05,5.818883061297212e-05,4.3625570705021866e-05,3.7922539472418594e-05,7.215232265116617e-05,7.152892772228671e-05,8.711654485320637e-05,0.00028556088119129124,2.1867560494648675e-05,0.00047842830600720274,0.0005297456065374498,0.0001238891421922829,2.592748077577956e-05,0.0002265485241761561,0.41100012474468334,2.6637547913223448e-05,2.1981362344966e-05,1.4507448085411459e-05,0.16530320635306753,3.364246458473427e-05,0.00015777388503675032,8.761325503426654e-05,0.0919230310865883,5.7315817849863634e-05,4.259649043439912e-05,5.7738623727681776e-05,0.00018723098638074743,3.290813752623807e-05,4.122217134386297e-05,9.489707715783552e-05,0.00022549911699354722,3.9288737157011655e-05,0.00010076336776160956,6.3987768064957e-05,6.0946768517057103e-05,4.296820015666178e-05,4.200666388775881e-05,3.7910032346043136e-05,0.0001110423892184458,6.108174661599049e-05,3.922455453304677e-05
SchwendlerFriedrichChristianAugust,4.342097021930677e-05,2.067743809316818e-05,2.1749083554973834e-05,2.9505617597503123e-05,2.14837801481764e-05,1.8387179646219675e-05,2.136266727844107e-05,2.2372542828845982e-05,2.502913678118697e-05,2.2242292793579107e-05,0.17886964936714153,3.341937362173532e-05,3.655012554213066e-05,2.3250990905105395e-05,3.536720597640574e-05,1.7111697844715095e-05,0.0006112135595827589,1.859511598459896e-05,3.332706924490589e-05,2.727421615739883e-05,9.290087701561842e-05,3.394594437946252e-05,0.00026994750894613056,1.925983816050059e-05,1.3115479283196475e-05,2.440482481121623e-05,3.330495700685039e-05,3.7422955823615496e-05,1.4148425368022204e-05,3.315021588575781e-05,0.02161556455383036,3.0686390226074744e-05,2.665247899212612e-05,2.185854771471272e-05,9.259311573207171e-05,2.8062652261916736e-05,9.969033400768132e-05,2.793274313159851e-05,7.728613580192148e-05,1.588391951169466e-05,0.08937496516222992,2.9099119309841138e-05,2.52950845755478e-05,4.812702759821432e-05,4.771121083938564e-05,5.8108460051681714e-05,0.0001904747609651835,1.458609575910261e-05,0.00031912115148802385,0.0003533508068634373,8.263651045903966e-05,1.7294142960316e-05,0.03669772001158958,0.27008448553467546,0.0934146540166097,1.466200384618428e-05,9.67675507497989e-06,0.2645684101361421,2.2440189893391947e-05,0.00010523830474802392,5.8439775575753896e-05,0.04101081059992777,3.8230785179443265e-05,2.841270239677121e-05,3.851280507017941e-05,0.00012488677450276766,2.1950379208000367e-05,2.749600435617228e-05,6.329822912902729e-05,0.00015041237521057124,2.6206365477604306e-05,6.72111610959155e-05,4.2681108056617074e-05,4.0652701155906294e-05,2.8660640140208087e-05,2.8019276413444844e-05,2.5286742074653463e-05,7.406747190003898e-05,4.074273422003825e-05,2.61635543968049e-05
SchwendlerFriedrichChristianAugustANDSchwendlerAugusteSophieHenriette,1.9976962426801225e-05,9.513200690436434e-06,1.0006239446070334e-05,1.3574837484004413e-05,9.884179617316482e-06,8.459506894298943e-06,9.828458447663092e-06,1.0293078326590024e-05,1.1515314432811015e-05,1.0233153362972814e-05,0.0766889557095044,1.537546415468597e-05,1.6815849138381338e-05,1.0697231530092768e-05,1.6271615796771045e-05,7.872687855110448e-06,0.0002812049167226357,8.555173490369669e-06,1.5332997091917968e-05,1.2548222406014908e-05,4.27414984092799e-05,1.5617726918254787e-05,0.00012419647041943808,8.86099645713387e-06,6.0341221194870124e-06,1.1228083246964274e-05,1.5322823773666997e-05,1.7217417727248206e-05,6.509356206179522e-06,1.525163104014827e-05,0.12577617716992562,1.4118083070559327e-05,0.2447527304443357,1.0056601319495558e-05,4.259990471464839e-05,1.291096322816458e-05,4.586516714684569e-05,1.2851195106859179e-05,0.08037021504818029,7.307816054611528e-06,1.7856991124635952e-05,1.338781722678382e-05,1.1637670729056896e-05,2.2142108229899952e-05,2.1950800764276775e-05,2.67343294557608e-05,8.763293689286348e-05,6.710718011633816e-06,0.00014682010145501473,0.00016256835709884974,0.0019062669552658074,7.956626541899444e-06,0.009410762468836148,0.12052299441252452,8.174531979036799e-06,6.745641528908118e-06,4.452046363079116e-06,0.33843842468467833,1.0324201142590973e-05,4.84176573944159e-05,2.6886759899907416e-05,0.000185626440530444,1.7589080926092678e-05,1.3072013024061936e-05,1.7718831614121793e-05,5.745745406529096e-05,1.0098850819719502e-05,1.2650261915754719e-05,2.9122019581943397e-05,6.92011798200552e-05,1.2056929539919432e-05,3.0922267123312205e-05,1.963656932755877e-05,1.87033472406938e-05,1.3186083321427656e-05,1.2891007025187602e-05,1.1633832541515945e-05,3.4076693720153754e-05,1.874476932615733e-05,1.2037233173203975e-05
SchützeStephan,5.679823790335975e-05,2.704780759425669e-05,2.8449608926199968e-05,3.859580012432288e-05,2.8102570019889393e-05,2.405195919490149e-05,2.794414432019539e-05,2.926514547413047e-05,3.2740191161861285e-05,2.909476760250199e-05,0.00025814398459339484,4.371531828887108e-05,4.781060200761092e-05,3.0414228568523084e-05,4.626324489939256e-05,2.238352298913815e-05,0.0007995181358592668,2.432395720775954e-05,4.359457649226452e-05,3.5676941581715065e-05,0.0001215220684271505,4.4404116604967744e-05,0.00035311377790734326,2.519346906103712e-05,1.715613697209258e-05,3.1923539216563516e-05,4.35656518470687e-05,4.895233655952542e-05,1.85073163025164e-05,4.336323759964727e-05,0.3257345125640337,4.0140348860305896e-05,3.486365769496262e-05,2.8592797145056866e-05,0.00012111949108924111,3.670828153588528e-05,0.00013040324246637894,3.6538349596263344e-05,0.00010109668912826492,2.0777486884940803e-05,5.077076326551718e-05,3.806406657868074e-05,3.308807298066191e-05,6.295415209053749e-05,6.24102292101212e-05,7.601069532863115e-05,0.000249156818312541,1.9079825550243626e-05,0.00041743698933174736,0.00046221222349955256,0.00010809542386662371,2.2622176363944564e-05,0.0001976675139873965,0.25768095401627106,2.324172224857608e-05,1.9179119637111735e-05,1.2657999904315048e-05,0.2717125801925427,2.935363345692172e-05,0.00013766044930444137,7.644408357081653e-05,0.0005277706642856333,5.000904449824442e-05,3.716617620606765e-05,5.037794995490759e-05,0.00016336228079117036,2.8712920370687898e-05,3.596705897924135e-05,8.279934462020107e-05,0.00019675188803176008,3.428010414003888e-05,8.791778484925327e-05,5.5830436702237366e-05,5.317711188868542e-05,0.1381437136654814,3.665154232097774e-05,3.3077160296120035e-05,9.68864092310923e-05,5.329488261950758e-05,3.422410368818663e-05
SpazierJohannKarlGottlieb,0.0002712537833578926,5.489321020405408e-05,0.00317383893887325,0.0006716169340952717,0.0013181701724104965,0.0003079400686144103,0.0056561000570254675,5.9393271582750346e-05,0.008613254342427486,0.0011129329581831176,0.0016572403587970304,0.0018931362698925449,0.0012882091064587598,0.0017645091870523476,0.0005784134311937452,0.0036520320487580813,0.0064739876441930085,0.002607798708652894,0.0026914068912235294,0.001652457479161942,0.00901716915603893,0.0002948896937483025,0.001994385504726075,0.000888305166283889,3.4818179988036923e-05,0.001966959774118584,0.0008543639164294015,0.0023051530733230957,3.756038268782533e-05,0.0035189625050861158,0.2332530477377275,0.008156447511962713,0.0003998125268621007,5.8028748486763137e-05,0.1467635175863908,0.0007319047470927677,0.0019444244027485476,0.0024108737527803945,0.0008150437042226844,0.0009178273641318932,0.002091453724613751,0.0005326149893146947,0.0010493460602525606,0.00025695279266594326,0.0006834602749890473,0.0015535616578372623,0.0013593521822674428,3.872228353208925e-05,0.005611553086697553,0.0027938776761320208,0.002946722620923428,0.0003572130093472882,0.0013341892431844179,0.02262728715023773,4.7168804364248405e-05,3.8923799723872146e-05,2.568926324579458e-05,0.28457745409023155,5.9572856912280884e-05,0.0034401841989438703,0.0002706342867791933,0.012798390424968623,0.00010149277283120463,0.00021495754043336258,0.008558106503216516,0.15050846965088174,0.0013975307846670652,0.004043684954141714,0.001287558880564665,0.001111633066072022,6.957107173357691e-05,0.006001770576840224,0.0024149947368724933,0.000656350895321103,0.0005374429419826987,0.004744558049299911,0.003609339824474076,0.0055151916802072196,0.002673556868837432,0.00019738442746382792
SpazierJohannKarlGottliebANDLeipzigerAugustWilhelmvon,0.00029488762297465697,0.00014042801295556444,0.00014770594758731835,0.00020038339525306484,0.00014590417552643549,0.00012487403371449308,0.0001450816539179245,0.00015194008658433038,0.00016998198366442719,0.00015105551115687628,0.0013402434443736462,0.0002269631378304291,0.00024822521436316906,0.00015790594740702605,0.0002401915767649072,0.00011621177226124995,0.0593068234804694,0.0001262862051202683,0.00022633626518949303,0.00018522913538159843,0.05578677328011988,0.00023053927162683838,0.0018333118499885355,0.00013080057551319462,8.907199655975155e-05,0.0001657420536976519,0.0002261860929274293,0.00025415292269551125,9.608710962785609e-05,0.00022513518961631132,0.11922124662743153,0.0002084024522191895,0.00018100669185128893,0.00014844935856370337,0.3315639311070037,0.00019058369212121963,0.0006770333661499675,0.00018970143190343168,0.0005248782963719098,0.00010787348243641328,0.0002635939115127335,0.00019762271733208615,0.00017178813199594347,0.0003268481726132125,0.0003240242095606897,0.00039463571571090987,0.0012935834739297009,9.905948865624322e-05,0.02974519276045353,0.0023997340221984503,0.0005612146393115682,0.00011745082348905891,0.0010262590089190982,0.014099071446552829,0.00012066740942529114,9.95750081218611e-05,6.571836805479669e-05,0.33515041675220075,0.00015239950243718715,0.0007147116560566527,0.0003968858001022719,0.030318028051516063,0.000259639186067933,0.00019296101007767783,0.0002615544858595019,0.0008481515702686459,0.00014907301968027984,0.0001867353798162529,0.0004298813276646784,0.001021505221274296,0.00017797697249656767,0.0004564554737684923,0.000289862949564954,0.00027608729954251335,0.00019464484559398527,0.00019028911093646532,0.00017173147503397393,0.0005030191775547433,0.00027669874687169315,0.00017768622685476949
SpazierRichardOtto,6.413741915896149e-05,3.054278859769288e-05,3.212572361334268e-05,4.358295436138462e-05,3.173384209341982e-05,0.0004249185265187902,3.1554945425461303e-05,3.304663967244769e-05,3.697071320180182e-05,0.007114832495204489,0.0009004811435910408,0.03623816862066434,5.398844637437316e-05,0.005150920787936717,5.224114760064607e-05,2.5275808708207894e-05,0.03989905700843476,2.7466976030015775e-05,0.033310249725909125,4.028693566919418e-05,0.00013722453596249875,5.014179214365652e-05,0.0018690071676863299,2.8448841810645045e-05,1.9372966288142007e-05,0.00043380723232955233,4.919498520716514e-05,5.5277710095001306e-05,2.0898738183068896e-05,4.896641601365068e-05,0.15428620973002882,4.532708187920902e-05,0.004421322274132524,3.228741389019732e-05,0.00013676993961552538,4.145154016006848e-05,0.0001472532904275028,0.002721911845279501,0.0006921654764718496,2.3462248735192636e-05,0.0061056433084930185,0.018413586282023733,0.008163049516088712,7.108876946671922e-05,7.047456362056662e-05,8.583241323703383e-05,0.0010768689926095405,2.1545224182446893e-05,0.0031520282822605134,0.0005219369510974356,0.00012206296824727999,2.5545299666003163e-05,0.0002232091111750776,0.14185841934978216,2.624490013879301e-05,2.165734854940881e-05,1.4293602681098768e-05,0.32794795450019315,0.16375069057168418,0.00015544823685679262,0.0053350657357546195,0.012129817097045161,5.647096049318339e-05,4.1968601665429076e-05,5.6887534048586494e-05,0.013306330964209115,0.0013470091720670962,0.0029937249687337327,0.0016845330363225986,0.0012615821126158425,3.8709605952625335e-05,9.927807668960098e-05,6.304456357769246e-05,6.004838954107524e-05,4.2334832242401925e-05,4.138746939055857e-05,3.7351223784618815e-05,0.0006759638412902272,6.0181378010545885e-05,3.864636940539917e-05
StainleinJohannGottliebEduardvon,9.876962000183427e-05,4.703493940274925e-05,4.947260983030158e-05,6.711638692792306e-05,4.886912454330256e-05,4.182529172862811e-05,4.859362926853849e-05,5.089079176534253e-05,5.693374229930413e-05,5.059451219297096e-05,0.0004489009554738453,7.601900226196326e-05,8.314051926021694e-05,5.2888996371210716e-05,8.044973378469033e-05,3.892395506531589e-05,0.0013903266259378715,4.229828422563045e-05,7.580903762556979e-05,6.204062120464473e-05,0.00021132149452961408,7.721679202534512e-05,0.0006140492196370997,4.381032682599141e-05,2.9833762313474336e-05,5.551362073764477e-05,7.575873894870697e-05,8.51259450761979e-05,3.2183403322538094e-05,7.540674953778918e-05,0.4833053727487231,6.980228876852105e-05,6.062635654761736e-05,4.9721607800789645e-05,0.00021062143036997745,6.383407570475477e-05,0.00022676546281815948,6.353857158839131e-05,0.00017580266461139006,0.00927307747841232,8.828810857601609e-05,6.619172584363623e-05,5.753869337378899e-05,0.0001094744821150915,0.00010852862431752341,0.00013217923250467617,0.00043327267137173024,3.317897154671021e-05,0.0007259044352952996,0.00080376658432485,0.0001879731543328757,3.933896271364983e-05,0.00034373505171870046,0.004722341056933451,4.0416325566048025e-05,3.3351639565832206e-05,2.201170118445696e-05,0.06607050288354796,5.104466844809969e-05,0.1849783124040232,0.1756349135064151,0.019391662507127167,8.69635133778375e-05,0.018538523032250138,0.018561497721622428,0.00028407977064060305,4.993049676965448e-05,6.254512250903989e-05,0.00014398439293931742,0.009579089167734348,5.9611582762405846e-05,0.00015288513379127405,9.708665657901087e-05,9.247264224951948e-05,6.51943178920258e-05,6.373540872312842e-05,5.751971669871617e-05,0.00016848117435226172,9.267744033410854e-05,5.951420045701128e-05
SteinAnnaChristianeCharlottevon,6.589934795909964e-05,3.138183419030443e-05,3.300825425461059e-05,4.478022833173429e-05,3.260560729782969e-05,2.7905943680501453e-05,3.242179613228679e-05,3.3954468938891415e-05,3.798634128921297e-05,3.375679043579983e-05,0.00029950788778365086,5.072007649185717e-05,5.54715711989933e-05,3.528767626127595e-05,5.367627211480398e-05,2.597016429491148e-05,0.0009276295494280453,2.8221525507599922e-05,5.05799875390745e-05,4.139366420856587e-05,0.00014099425206845367,5.151924494464136e-05,0.00040969524017736775,2.923036427247842e-05,1.9905163992614403e-05,3.7038832480995705e-05,5.0546428130742216e-05,5.6796252479450585e-05,2.147285059941098e-05,5.031157987813622e-05,0.0019910410670449558,4.657226904196752e-05,4.045006314238811e-05,3.317438634966166e-05,0.00014052716743606644,4.2590261726601984e-05,0.0001512985079732274,0.0863231986893268,0.00011729599614889409,2.4106783739946798e-05,5.890605621033678e-05,4.416329204569284e-05,3.838996622322577e-05,7.304165986880041e-05,7.241058108039756e-05,8.819032852035498e-05,0.0002890806558875495,2.2137096314039855e-05,0.00048432533167273796,0.0005362751604930405,0.00012541617861971797,2.6247058479811025e-05,0.00022934092262913514,0.7180488617137692,2.696587778363216e-05,2.225230086654616e-05,1.4686264415103714e-05,0.1735036201537674,3.405713586278581e-05,0.012485547948839444,8.869316106635314e-05,0.0006123384092925673,5.802228284087254e-05,4.312152750724656e-05,5.845030015179723e-05,0.00018953876357161905,3.331375761426494e-05,4.173026879410077e-05,9.606676233857731e-05,0.00022827858063265402,3.977300342736455e-05,0.00010200535983936726,6.477647037588107e-05,6.169798798644007e-05,4.3497818860120926e-05,4.252443085923458e-05,3.8377304936144696e-05,0.00011241107876076911,6.183462980238958e-05,3.9708029699328175e-05
ThieriotPaulEmile,8.024024828976442e-05,0.3677380013226572,4.0191452556487675e-05,5.452522295123168e-05,3.970118227634362e-05,3.397878611899715e-05,3.947737044787536e-05,4.1343580818048585e-05,4.6252862146040306e-05,4.110288386639646e-05,0.0003646862681466719,6.175769043281542e-05,6.754319707067674e-05,4.296691837574737e-05,6.535720815377359e-05,3.1621745824298785e-05,0.09117842688162016,3.4363044308893586e-05,6.158711556823691e-05,5.04016806931065e-05,0.00017167717350441788,6.273077252031271e-05,0.0004988523985908009,3.559142479345363e-05,2.4236890811228595e-05,4.509915813556544e-05,6.154625302042067e-05,6.915615316418267e-05,2.6145734623279168e-05,6.126029750366475e-05,0.01743248262940573,5.670724441256276e-05,4.9252734820628636e-05,4.039373802620234e-05,0.00017110844273490633,5.1858679660831126e-05,0.00018422382347663732,5.1618612688140415e-05,0.00014282174476481886,2.935285966655587e-05,7.172508867647409e-05,5.377403007445762e-05,4.674432322910334e-05,8.893685756961687e-05,8.81684445239631e-05,0.00010738215287989108,0.030368299286800026,2.695453232337651e-05,0.0005897233594869996,0.2032630669122332,0.00015270902707937968,3.1958897235267536e-05,0.00027924969130478904,0.018844575445853804,3.2834144733162085e-05,2.709480748820749e-05,1.788226347624023e-05,0.2262693278631092,4.146858993755528e-05,0.0001944762555955193,0.00010799441096117146,0.0007455944181646541,7.064899009896303e-05,5.250555856733007e-05,7.117015178514891e-05,0.00023078585631774215,4.056343902056069e-05,5.081153657719746e-05,0.00011697264238828974,0.00027795616430935957,4.842833455988243e-05,0.00012420358704425368,7.88730120595609e-05,7.512459574081789e-05,5.296373778334705e-05,5.177852279575912e-05,0.03756711566466009,0.00013687378023652928,7.529097330870153e-05,4.8349221363296834e-05
ThieriotPaulEmileANDJeanPaulANDRichterCaroline,5.0497631280611825e-05,2.4047404730542072e-05,2.5293704781427178e-05,3.4314382903469637e-05,2.4985162767135896e-05,2.1383884638586867e-05,2.4844311169201952e-05,2.601877417465956e-05,2.9108334384623933e-05,2.5867296254613704e-05,0.00022950817195218124,3.886599489269399e-05,4.250699036812202e-05,2.7040389924608564e-05,4.113128098708112e-05,1.990052741758976e-05,0.10437263988315412,2.1625710016791994e-05,0.004794754956084617,3.1719312213148895e-05,0.00010804167224928172,0.24259819920609593,0.00031394300272498594,2.2398767255568322e-05,1.5253013315139428e-05,2.8382273324624015e-05,3.873293089155231e-05,4.352207274657556e-05,1.645430684360803e-05,3.855297037852335e-05,0.0015257033761638117,3.5687595443924025e-05,3.099624559425897e-05,2.5421009186395974e-05,0.00010768375266018699,3.26362460240052e-05,0.00011593766107793112,3.24851645689004e-05,8.988207239766815e-05,1.847264827896051e-05,4.513878207946418e-05,3.384163435494854e-05,2.9417625807447875e-05,5.597067228142783e-05,5.5487086556337475e-05,6.757885821421041e-05,0.038236036462585124,1.6963307861309667e-05,0.00988312348341165,0.10454107861373425,9.610444019101031e-05,2.0112707065580835e-05,0.00017574033290388905,0.10436722939305686,2.0663526964197652e-05,1.705158729342061e-05,1.1253852857296316e-05,0.33387866103446107,2.609744621965082e-05,0.0024669360241783575,6.796417086585405e-05,0.049704695371836714,4.446156048123944e-05,3.3043346615040586e-05,4.4789543397886944e-05,0.00014524056599411376,2.5527807188940967e-05,3.197724699966991e-05,7.361444525834308e-05,0.00017492627698234168,3.047742541009818e-05,7.816509888704023e-05,4.963718789343554e-05,4.727819537802656e-05,3.333169274561727e-05,3.258580086832225e-05,2.9407923662793045e-05,8.613883722552524e-05,4.738290184710443e-05,3.042763706676975e-05
ThümmelMoritzAugustvon,0.00010655755867351296,5.074362253312812e-05,5.3373502141916445e-05,7.240848287047721e-05,5.2722432320276896e-05,4.5123196559097e-05,5.2425214371028904e-05,5.490350706397685e-05,6.142294144138754e-05,5.4583865984906576e-05,0.00048429658735765063,0.04760266786062691,8.969611059607576e-05,5.705926917511516e-05,8.679315793531894e-05,4.199309084717095e-05,0.0014999532347696664,4.5633484294845324e-05,8.178654503904326e-05,6.693249537694232e-05,0.0002279840962423022,8.330530021952452e-05,0.0006624667154605835,4.7264750752100325e-05,3.21861406180427e-05,5.989084395405057e-05,8.173228033486689e-05,9.18380863156783e-05,3.4721049729572695e-05,0.12284304409134394,0.13607670699722693,7.530616682395908e-05,6.540671660844782e-05,5.364213348675077e-05,0.00022722883234876565,6.88673629315629e-05,0.00024464581425871236,6.854855845284688e-05,0.00018966462307883964,3.898005219100752e-05,9.524958493904911e-05,0.1381914873115546,6.207559262717553e-05,0.00011810649419340348,0.00011708605594772337,0.00014260150360784392,0.0004674360203113613,3.579511804591061e-05,0.0007831416629314326,0.0008671432062552608,0.00020279475026327656,4.244082165585969e-05,0.0003708384009271091,0.11919388900325673,4.3603134068876486e-05,3.5981400858158834e-05,2.374731360131838e-05,0.2939551311565306,5.506951685171397e-05,0.02401858825126663,0.00014341457096256804,0.10690866449242387,9.382054602459397e-05,6.972640609883975e-05,9.451263905942102e-05,0.00030647932863801634,5.386749325380921e-05,6.747677637491473e-05,0.00015533749546081606,0.0003691206211139972,6.4311928381501e-05,0.0001649400555957289,0.00010474189436631455,9.976406714954405e-05,7.03348595836471e-05,6.876091610425311e-05,6.205511965008537e-05,0.00018176583671264596,9.998501346800129e-05,6.420686752654732e-05
TiedgeChristophAugust,8.146285542657231e-05,3.879330981016828e-05,4.080384294387517e-05,5.535601458182937e-05,4.030610249811916e-05,3.449651515516781e-05,4.007888048654928e-05,4.197352598953913e-05,4.6957609209550487e-05,4.172916157900982e-05,0.000370242931337965,6.26986819512273e-05,6.857234137844635e-05,4.36215980679528e-05,6.635304491691624e-05,3.210356103483377e-05,0.0011467086430259376,3.4886628222327936e-05,6.252550806619165e-05,5.116964260543728e-05,0.00017429298965687464,6.368659072645588e-05,0.023361700468174474,3.613372533325877e-05,2.460618423082064e-05,4.5786326405552e-05,6.248402290262265e-05,7.020987381204726e-05,2.654411277425486e-05,0.007680609423556417,0.12435591841374632,5.757128313633565e-05,5.000319043838236e-05,4.1009210603191895e-05,0.000173715593232501,5.264884162082164e-05,0.00018703081081968746,5.240511678813698e-05,0.00014499789561383232,2.9800104241179524e-05,7.281795176168493e-05,5.459337590582316e-05,4.7456558602288816e-05,9.029197347600359e-05,8.95118522503073e-05,0.00010901831664153159,0.00035735309083485947,2.736523398856668e-05,0.008217124588130299,0.0006629277408817519,0.00015503582878228586,3.244584956501665e-05,0.015520335998230196,0.15626318990330332,3.3334433061493034e-05,2.750764650243751e-05,1.8154732510351125e-05,0.29066428117454873,4.210043985192652e-05,0.20589466371463544,0.00010963990359598593,0.0007569549146267332,7.172545685155009e-05,5.330557691217224e-05,7.225455939049431e-05,0.00023430230150606524,4.1181497302994186e-05,5.1585743394543265e-05,0.0001187549348218669,0.00028219133552888484,0.03052282908183605,0.12963916318101404,8.007478684840904e-05,7.626925654210117e-05,5.377073732766678e-05,5.256746341910886e-05,4.744090708780586e-05,0.00013895930295269464,7.64381691769398e-05,4.908591029880965e-05
TruchsessvonWetzhausenChristianFreiherr,4.1782937564737104e-05,1.9897392906743673e-05,2.0928611122182116e-05,2.839253410641923e-05,2.0673316143144537e-05,0.053173709143171904,2.0556772191020054e-05,2.1528550731610128e-05,2.4084926111637138e-05,2.140321430858979e-05,0.010249075836367352,3.215864579803214e-05,3.517129179280991e-05,2.2373859828547128e-05,3.403299722893549e-05,1.646616828369414e-05,0.015213609604607535,1.7893625275284033e-05,3.206982355397504e-05,2.6245311080705127e-05,8.939624159588564e-05,0.010097971233659025,0.00025976388494049077,1.8533271166044084e-05,1.2620704909484868e-05,0.002346247061750708,0.0008063028440805256,3.601119502324664e-05,0.02014422644706255,3.1899641892301506e-05,0.035216633193188594,2.952876272518514e-05,2.5647028614259556e-05,2.103394580560457e-05,8.910009044057228e-05,2.7004003858928867e-05,0.00241869246576627,2.6878995480402062e-05,0.02437373427521161,0.20829923659586458,0.01242541767613993,2.8001370747153686e-05,2.4340841169065243e-05,0.0010617639478139463,0.020311166048737592,0.0004459980819085709,0.00018328920346251872,1.4035843172957802e-05,0.0015949721858112156,0.005087153030447082,7.951909272498341e-05,0.0027472138556956897,0.0009196660173425991,0.10369544738294774,1.70974922014574e-05,1.4108887668444034e-05,9.311704715141503e-06,0.32848509259345565,2.1593645847174933e-05,0.00039874870731481304,0.004413285626431018,0.10121747839121509,3.678854945284677e-05,2.7340848541470042e-05,3.705993029549324e-05,0.0027344057642715715,2.112231300539616e-05,2.6458732439443575e-05,6.0910337615638745e-05,0.0001447381495771525,2.521774449117558e-05,0.0035011148475023617,0.0011076633398585886,3.911909995691171e-05,2.7579432967420025e-05,0.024397821936589483,2.433281338451226e-05,7.127331651841327e-05,0.0010546582229160066,2.5176548435281717e-05
UngernSternbergRosalievon,2.822007503295966e-05,0.005437710783132119,0.02930520468789512,1.917623531417826e-05,1.3962697855691228e-05,1.1950161100502283e-05,1.3883984407923343e-05,1.4540320820086386e-05,1.6266889348806987e-05,1.4455668962937362e-05,0.026546641068511817,2.1719856244495963e-05,2.3754588625115474e-05,1.511124013624614e-05,2.298578777303617e-05,1.1121202374802752e-05,0.006443878023166778,0.15543267038544895,2.165986595807812e-05,1.7726007100705538e-05,6.0377962693307234e-05,2.2062084117760222e-05,0.00017544377564444888,1.2517317675465422e-05,8.523987547852209e-06,1.5861137691311426e-05,2.1645494814045156e-05,2.432185683469568e-05,9.195317918213735e-06,2.1544925756609045e-05,0.01601125285103874,1.9943640832914002e-05,1.7321928855420868e-05,1.4206266085377447e-05,6.017794306062603e-05,1.82384260060366e-05,6.479055377041484e-05,1.815399570918854e-05,0.0035943616820605213,1.032324699732773e-05,2.522533799853632e-05,1.8912044714091436e-05,1.643973363749531e-05,3.127862696469734e-05,0.010663404447660488,3.7765740710673077e-05,0.00012379299723552678,9.47976783293494e-06,0.00020740261661846154,0.0013145035179680322,0.0014713597739541217,0.001096094205076737,0.025628999980158718,0.3945363795443648,1.1547596720623404e-05,9.52910187365844e-06,6.289098399051514e-06,0.3193497382308354,1.4584285872631382e-05,6.839628044539178e-05,3.79810686709116e-05,0.0011076855176385422,2.4846879765324497e-05,1.8465929929164018e-05,2.503016960056228e-05,8.116617683327026e-05,1.4265949036216114e-05,1.7870151268355406e-05,4.113866563673348e-05,9.775572708047536e-05,1.7031991601844134e-05,4.368175099725711e-05,2.7739225212246353e-05,2.642092682678147e-05,1.8627069159539393e-05,1.8210235256444578e-05,1.6434311695055707e-05,4.81377915777512e-05,2.647944094593676e-05,1.7004167904992144e-05
UtheSpazierWilhelmine,0.11092001606892017,0.0003815410385631119,4.513640993588923e-05,0.0015185980266979805,0.0008567519149661729,0.001070441291798889,4.433447069925899e-05,0.00024348103220978406,0.004281652103575078,0.0006215809359937943,0.0011591273502553812,6.935605097007975e-05,7.585337770705943e-05,0.0009505347132476886,0.00019364729082149424,3.5512328906451806e-05,0.015065200909116127,3.8590903187473394e-05,0.0034446620039321734,5.660285400296206e-05,0.13688758262878822,0.00010985900463176349,0.009166378320589088,0.000897589052000626,2.72188778867713e-05,5.064793531682866e-05,0.0028735396644616394,0.0001996134014643399,0.000342151540587818,0.0015752435302052647,0.20659455118065495,0.008368494403149183,0.0005567454568329015,0.0024617359864506547,0.0035215672277271455,0.004243463283151731,0.0011796756611197306,0.0024171939847401646,0.0016237772356489438,3.29642902265903e-05,0.0005445783636619311,0.00018063897584672192,5.249551338009414e-05,0.0023191595351903737,0.0022472187339325177,0.006970331389132146,0.0019917617537408695,0.00982735063278408,0.012541510027009246,0.002426852715978353,0.006311499708348941,3.589096175816476e-05,0.001511694539139399,0.08990706539279028,3.687389537582403e-05,3.0428418485321067e-05,0.00016001740961493822,0.27117266724713585,4.657067997863767e-05,0.002317091542018422,0.0023897187564796587,0.010719863464418345,7.934129213622148e-05,0.0005834604300304102,0.004452877394523729,0.010315467669036538,0.00010436325050000268,0.006488089236340902,0.0024149451562952094,0.0012346316652259237,0.008127606146270179,0.0005072895754311287,0.0025755315091351315,8.436755414250798e-05,0.0030595343991040593,0.0011272199991028597,0.0003841435352218028,0.006804382251879388,0.0021915984430568277,0.0015212570952256406
VoßErnestine,3.601857580184752e-05,0.1393243456921213,1.80413060944737e-05,2.447550846165683e-05,1.7821231535569147e-05,1.5252538589639205e-05,1.772076595276184e-05,1.855847821204522e-05,2.0762176797402424e-05,1.845043316503779e-05,0.00016370188618682744,2.772204849327649e-05,3.031907073372839e-05,1.9287168714881292e-05,2.9337814952700115e-05,1.41945005559579e-05,0.02761540167823518,1.542502600132174e-05,2.7645480139854613e-05,0.003658796224458267,7.70631624292293e-05,2.8158849620852415e-05,0.00022392693586503062,1.597642653334477e-05,1.087955617650671e-05,2.0244297351116048e-05,2.7627137589733608e-05,0.009727500991204414,1.173640591218982e-05,2.7498776690113314e-05,0.03256679453027741,0.0036250541570475563,2.2108772098744906e-05,1.8132108835988387e-05,7.680786820009729e-05,0.0072956219569701875,8.269515476120315e-05,0.04609804020095866,6.411041777172507e-05,1.3176033517280374e-05,3.2196255600537116e-05,2.413830988425231e-05,2.098278588886534e-05,3.9922345882845296e-05,3.957741744453762e-05,4.820214662475455e-05,0.005197441522150694,1.2099462381857199e-05,0.0009846373048258772,0.0002931116637277639,0.00156887474387282,0.009710803732523733,0.026556644437679612,0.20015506194441876,1.4738727211928259e-05,0.0007623254705626157,8.02706467459585e-06,0.4025844620274013,1.861459282463483e-05,8.729730905780638e-05,4.847697957431442e-05,0.04698850526065057,3.171321200320959e-05,2.3568913127565235e-05,3.194715322471624e-05,0.00010359611338385218,1.820828492291763e-05,2.2808493503223525e-05,0.001264564401629369,0.02557797207844338,0.005061177555112795,5.5753021833376876e-05,0.0012474620813815297,3.372224044599532e-05,2.3774582516365517e-05,2.324255829184218e-05,2.09758656151054e-05,6.144047075890874e-05,3.3796924699450054e-05,2.1703199226719708e-05
VoßGeorgANDSpazierJohannKarlGottlieb,3.7882990985077467e-05,1.8040204926827945e-05,1.897517103107984e-05,2.5742424450901623e-05,1.87437048404983e-05,1.6042049665417652e-05,1.863803889777092e-05,1.9519113322842816e-05,2.1836881079740985e-05,1.9405475583130885e-05,0.00017217552167450397,2.9157013840197582e-05,3.188846470778126e-05,2.028552274174145e-05,3.085641657486084e-05,1.4929244830703387e-05,0.0005332584152469091,1.622346547424243e-05,2.9076482109615526e-05,2.3795619480570185e-05,8.10521521908234e-05,2.9616424930443452e-05,0.00023551797659517265,1.680340793223167e-05,0.017725551322965962,2.129219484608881e-05,2.9057190101383447e-05,3.2649972834338286e-05,1.2343912813617999e-05,2.892218490767719e-05,0.1747428370459733,2.6772599470429762e-05,2.3253179656951482e-05,1.907067395871211e-05,8.078364326826202e-05,2.4483497197003172e-05,8.697567109712195e-05,2.437015688268342e-05,6.742893977421604e-05,1.385805928863539e-05,3.3862817546657e-05,2.5387771597932872e-05,2.2068909471676666e-05,4.198883036084392e-05,4.162604752926299e-05,5.069721512845866e-05,0.00016618130861848884,1.2725762030620575e-05,0.060506389218015925,0.0003082838859511592,7.209691918321302e-05,1.508842060763035e-05,0.00013183924232241492,0.012439714453407894,1.5501642074153156e-05,1.2791988680188408e-05,8.442566423982555e-06,0.03242692009541938,1.9578132573758176e-05,9.181604487228973e-05,5.098627414644583e-05,0.00035200971113468865,3.335477035612873e-05,2.478890138387509e-05,3.3600820983841785e-05,0.3685624176610256,1.9150793118067405e-05,2.398912046160066e-05,5.522507284740707e-05,0.00013122854292216068,2.286396416582833e-05,5.863894328093636e-05,3.723749201308739e-05,3.5467791337455603e-05,2.500521675527375e-05,2.4445653572866448e-05,2.206163098654432e-05,0.32954704098482285,3.554634144215485e-05,2.282661327800169e-05
VoßHeinrich,0.0001027230485994069,0.004260118231283938,5.145283847242895e-05,0.000295211258041203,5.082519762026939e-05,4.3499422948518464e-05,5.053867516024604e-05,0.001746511592055228,5.921261595467224e-05,5.261964695991868e-05,0.0004668690095659336,7.906179717699688e-05,8.646836547906722e-05,0.0035691605003695046,8.366987655941796e-05,4.04819551576823e-05,0.02304370771038566,0.0007722196366211809,7.884342833495816e-05,6.452390671366116e-05,0.00021978001081974109,0.0008085358194075704,0.0006386276248712739,4.556391258383539e-05,0.0286893580745519,5.7735651517705774e-05,0.0002373101296792572,0.009389967353157669,0.08673116543413141,7.842503795549452e-05,0.0266221742373946,7.259624873909065e-05,6.305303361428558e-05,5.171180302674355e-05,0.018124723555523102,6.638914739973657e-05,0.00023584215123338735,6.608181520886692e-05,0.0007557768301000498,0.001879977619671098,9.182199615464137e-05,6.884116665213645e-05,0.0892327848016971,0.00011385639173760721,0.00011287267431006307,0.00013746993988797364,0.0012655461584014844,3.450701852055073e-05,0.0007549600432195576,0.011491792782018145,0.0001954971120427639,4.091357422058991e-05,0.0027776015259778322,0.1456979921884886,0.053078156155245,3.4686597882296805e-05,0.004756469559750961,0.30560910009953984,5.3087821514726676e-05,0.03965933561177211,0.00013825374873676513,0.10261907633385789,0.0024592447390523356,0.009876625990358028,9.111156952371493e-05,0.0005586506052254703,5.192905314575975e-05,6.504860157437731e-05,0.0001497476227324447,0.015042553722125854,6.199764171489636e-05,0.00221975180455717,0.00010097272159125904,9.617402318381449e-05,6.78038356845291e-05,6.628653109779501e-05,5.9822045015021906e-05,0.0010768586075578196,9.638701867368189e-05,6.189636151062321e-05
VoßHeinrichANDTruchsessvonWetzhausenChristianFreiherr,6.702907786564282e-06,0.06645000384791913,3.357412346499124e-06,4.5547907599207325e-06,3.3164573825210537e-06,2.8384342634702614e-06,3.297761153636672e-06,3.4536559357219452e-06,3.863755115886472e-06,3.433549199940108e-06,3.0464243051516283e-05,5.158958414329208e-06,5.642253497765371e-06,3.5892622204436422e-06,5.45964586076579e-06,2.6415377672440047e-06,0.013885200960481387,2.8705334564314634e-06,5.14470936086359e-06,4.210328671388788e-06,1.43411353726444e-05,5.240245295168582e-06,0.01007137932681646,2.973146811827467e-06,2.024640346999224e-06,3.767379895719201e-06,5.141295888251349e-06,5.7769925618757435e-06,0.3679670762212606,5.117408456435927e-06,0.03029163975525185,4.737066973608274e-06,4.1143509245707336e-06,3.3743103606373994e-06,1.4293626173898515e-05,4.332039781884233e-06,1.538922582084923e-05,4.311985671698351e-06,1.1930683235397196e-05,2.4520052693055247e-06,5.991589827157591e-06,4.492039501166431e-06,3.904809554159897e-06,7.4293832312578676e-06,7.365193477402541e-06,8.970219858709902e-06,2.9403644183192604e-05,2.2516598395995503e-06,4.926282486003338e-05,5.454686670406509e-05,1.275662212550259e-05,2.669701872739699e-06,2.332725745667104e-05,0.1093935457888671,2.7428160940170605e-06,2.263377793053679e-06,1.4938034920260172e-06,0.2790470543016633,3.464098632727406e-06,1.6245667675723728e-05,9.021365132408225e-06,0.12229934315325015,5.901697414209641e-06,4.3860771228914285e-06,5.9452329066694745e-06,1.927880765965214e-05,3.3884864149333006e-06,4.244566180063008e-06,9.771366018809816e-06,2.32192020561134e-05,4.0454842517378404e-06,1.037540646324671e-05,6.588695049579607e-06,6.275569287063837e-06,4.4243513443717975e-06,4.325343839554924e-06,3.903521719873338e-06,1.1433817153840393e-05,6.28946771732853e-06,4.0388754927582e-06
WagnerJohannErnst,0.0007095722417327307,0.0001738680795691864,0.0013988437327497065,0.003732114642448642,0.0012976129454770982,0.0013534602656709526,0.002410026145895432,0.002254947759212377,0.00023879077683754748,0.007808577069251289,0.004206423040210165,0.0004357563849827782,0.01763194582821377,0.009682021396550205,0.0008346121851218025,0.0024457151029718418,0.014661739850160086,5.030686089539297e-05,0.00021316247004974314,0.00024056285190726082,0.0013602615461028337,0.0001956971199798251,0.002331904764615401,0.001661056029893585,3.548235958423916e-05,0.004224264701378508,0.00015476986454272435,0.009805646494867924,0.0002152271203060975,0.0019638663922249846,0.10208855958298399,0.0006411275531972288,0.0008334032753120674,0.00200287715604737,0.004731438751078482,0.0004464001859040459,0.0003685799025914185,0.004460278950491329,0.0008053263546545505,4.297204330482561e-05,0.03791776971721864,0.0012695949049157725,0.00430046470035901,0.0020073117316547783,0.001313796578941294,0.0007974159011565556,0.0028287159949253095,0.0002129585312749973,0.009104430948420998,0.003076331196075874,0.0007227866677626341,0.000388914092500258,0.0011653590903866469,0.0932825497685416,0.0013486471301781984,0.0018736756667268575,2.617930277385686e-05,0.21057658402615512,0.003261957107916692,0.007378457101790167,0.0023968186236391375,0.25419904321451997,0.0011913648861578625,0.00035236681707491473,0.0015344403305316988,0.0035558913180901352,0.0002865904702052725,0.0031904950052321795,0.003827539012466033,0.0015231303442232373,0.0001573412655157611,0.06986409391872529,0.0009748760144281487,0.0003549255801657115,0.009347906878524102,0.0016440537257437088,0.00022997878335733965,0.0497361990321898,0.0006447185707964474,0.001985126269768507
WagnerJulianeLouiseAntoinetteKaroline,6.756493569665895e-05,3.217500134336839e-05,0.006352523172548241,4.59120361796774e-05,3.342970497668146e-05,2.861125866522803e-05,3.324124803492323e-05,3.481265872151349e-05,3.894643552694844e-05,3.460998394909717e-05,0.0761312455924523,5.200201235418678e-05,0.06324368003801838,3.617956248910665e-05,5.5032925001381885e-05,2.662655299270029e-05,0.0009510751289424883,2.8934816735456207e-05,5.185838269198666e-05,4.2439877587812436e-05,0.0001445578426741956,5.282137956790602e-05,0.00042005017371327097,2.9969153620240227e-05,2.0408261490343554e-05,3.7974978696465836e-05,5.1823975078919e-05,5.8231762004185315e-05,2.2015570941211926e-05,5.158319110188109e-05,0.0020413640776505435,4.774937022170541e-05,0.03163487564638972,3.401285976125513e-05,0.0001440789526073056,4.3666718776151207e-05,0.00015512253578830735,4.346457446679956e-05,0.0001202606199107507,2.4716076011156674e-05,6.0394890439057996e-05,4.5279507000159633e-05,3.9360261969192876e-05,7.488776755842367e-05,0.12012917297109707,9.04193146075314e-05,0.019252429020740945,2.2696605281999883e-05,0.0004965665200669559,0.0005498293663985258,0.0001285860377407854,2.691044560130589e-05,0.0002351374508237496,0.16751608954487518,2.764743286361287e-05,2.281472159761019e-05,1.505745567386294e-05,0.3611306146898788,3.491792052342697e-05,0.00016375542179764672,0.05064038000670384,0.08908934410625474,5.9488779942861106e-05,4.421141215201533e-05,5.992761527257684e-05,0.0001943293032381568,3.415575359590623e-05,4.278498976086432e-05,9.8494823105392e-05,0.00023404825842802723,4.07782550549776e-05,0.00010458351701050076,0.00638509432151869,6.325738751625145e-05,4.459721416444107e-05,4.35992240518742e-05,3.9347280671593397e-05,0.0001152522375908376,6.339748291619126e-05,4.071163913399041e-05
WagnerKarlLudwigFriedrichErnstANDWagnerLudwigAnton,0.00018425676225532228,8.774464908404944e-05,9.229217351937682e-05,0.00012520700342255928,9.116635927559316e-05,7.802594395076347e-05,9.065241716116844e-05,9.493782115510508e-05,0.00010621106995201405,9.4385105505024e-05,0.0008374339865577616,0.00014181501585618377,0.006689188375103084,9.866551304046525e-05,0.0001500806368516389,7.261344059411755e-05,0.01567676883167509,7.890832120469129e-05,0.0001414233224985576,0.00011573805782855533,0.0003942246044508359,0.00014404951735228356,0.001145521477896119,8.172906784651755e-05,5.56554986206644e-05,0.0001035618039028436,0.00014132948927995963,0.00015880420541633481,6.003880236106936e-05,0.00014067284577760875,0.005567016850588243,0.0001302176086762294,0.00011309971795571633,9.275668436643104e-05,0.0003929186203291673,0.00011908378417068745,0.0004230356456714907,0.00011853251514977555,0.0003279634950154864,6.74033667687982e-05,0.00016470328661344417,0.00012348202910787603,0.00010733961865256986,0.0002042269032090064,0.5876500774621447,0.00024658308312062744,0.0008082791003872109,6.189605540696373e-05,0.0013541896886087648,0.0014994431327564686,0.00035066779448632545,7.338764591749316e-05,0.0006412448251008487,0.11426292320544425,7.539748852854465e-05,6.221817115619784e-05,4.1063282332202555e-05,0.24720496316935978,9.522488127896602e-05,0.00044657844355324453,0.0002479890195942284,0.0017121184988180623,0.00016223222696462903,0.00012056922091126597,0.004115317956010888,0.0005299566684523034,9.314637104410757e-05,0.00011667921541223052,0.00026860585327557215,0.0006382744816491811,0.00011120663653977912,0.00028521036882422717,0.0001811171592956489,0.00017250962044578839,0.0001216213440125194,0.00011889971888243747,0.00010730421727401615,0.0003143051040041024,0.00017289167549451462,0.00011102496784152325
WangenheimKarlAugustFreiherrvon,3.1060980255074856e-05,1.479150495932155e-05,1.5558101338017516e-05,2.110670031049494e-05,1.5368317833906064e-05,1.3153179697578433e-05,1.5281680330495053e-05,1.6004089902938522e-05,1.790447149005295e-05,1.5910916172521774e-05,0.00014116996414685403,2.3906386682721678e-05,2.6145954870438e-05,0.19459861544003873,2.529975910169431e-05,1.2240769982822095e-05,0.00043722865265209145,1.3301925947790954e-05,2.384035719485729e-05,1.9510478122870784e-05,0.0022413968498525894,2.428306651797308e-05,0.00019310564003828173,1.3777431729363988e-05,9.382094434869884e-06,1.745787295311732e-05,2.3824539312710292e-05,2.677032977505903e-05,1.0121007402113136e-05,2.3713846002942473e-05,0.0089323447066171,2.1951360278168542e-05,1.906572145997625e-05,1.5636405993282363e-05,6.623603583668741e-05,2.0074482062698222e-05,7.13129964760111e-05,1.9981552196981534e-05,5.528626205287136e-05,1.1362484712664787e-05,2.7764764076105714e-05,2.081591373380125e-05,1.809471595367964e-05,3.4427435555064936e-05,3.412998305525957e-05,4.156760480482205e-05,0.0007271350839644018,1.0434092791659192e-05,0.00022828176651241375,0.00025276778431403786,5.911362658992877e-05,0.1072570710232944,0.00010809748639524388,0.1872556232475819,1.2710089300398043e-05,1.0488393273249903e-05,6.9222197661419385e-06,0.22320194708646746,1.6052480902162247e-05,0.0006661615987980907,4.1804609756563785e-05,0.10889482946905105,2.7348206583064548e-05,2.032488872731408e-05,2.7549948142809775e-05,0.04358815031738109,1.57020972062008e-05,1.9669133234171072e-05,4.5280080920064486e-05,0.004457478079366983,1.8746596323064343e-05,4.807917780687068e-05,3.053172344872731e-05,2.9080712419401666e-05,2.0502249788443853e-05,0.1152918983525761,1.8088748186164353e-05,5.298380645597542e-05,2.9145117134754217e-05,1.8715971624245026e-05
WestphalenEngelChristine,4.832705313712773e-05,2.301375681890881e-05,2.4206486205545505e-05,3.2839421649870945e-05,2.3911206487634922e-05,2.0464724839558373e-05,2.377640922120519e-05,0.11301369112901888,2.7857148679350093e-05,2.47554225596024e-05,0.01829784956574839,3.719538823453108e-05,4.0679880028517656e-05,2.587809225097139e-05,3.936330381151924e-05,1.9045127891691386e-05,0.0006802738405636798,2.069615565336196e-05,3.7092654497783725e-05,3.0355896859394605e-05,0.00010339763476826425,3.778145558541274e-05,0.0003004485515451293,2.143598398409653e-05,1.4597381427375515e-05,2.7162296454848075e-05,3.7068043824689786e-05,0.3842035398450902,1.5747038841224938e-05,3.689581869144726e-05,0.1144489136456261,3.415360834988334e-05,2.966391036365985e-05,2.4328318588322612e-05,0.00010305509990945307,3.123341740593745e-05,0.00011095422429563904,3.1088830000078525e-05,8.601860282711943e-05,1.7678624369526654e-05,4.3198547432402735e-05,3.2386993612248304e-05,2.815314559339562e-05,5.356484224842936e-05,5.310204285685135e-05,6.467406468466332e-05,0.00021199627387305964,1.623416108053606e-05,0.0003551782644940939,0.0003932754872378097,9.197350984674934e-05,1.9248187260280388e-05,0.00016818635233378933,0.1921317658427287,1.9775330847699764e-05,1.6318645930584446e-05,1.0770119929185447e-05,0.1046405064227528,2.497567981341397e-05,0.00011712905354099184,6.50428151491537e-05,0.0185272627193544,4.255043536589512e-05,3.162301928222738e-05,4.286432034305007e-05,0.0001389975801332082,2.443052601098865e-05,3.060274463854778e-05,7.045021949427614e-05,0.0001674072875978892,2.9167391022599598e-05,0.04978987319434957,4.750359484336171e-05,4.524600069981171e-05,3.18989712114739e-05,3.118514057279941e-05,2.8143860483413484e-05,8.243626598316591e-05,4.534620649098651e-05,2.911974276955041e-05
WilkenFriedrich,0.00016384832012277393,7.802597406038224e-05,8.206981066277067e-05,0.00011133896486233391,8.106869260145014e-05,6.938372131282269e-05,8.061167517067522e-05,8.442242402384879e-05,9.444703780241995e-05,8.393092764855775e-05,0.000744679056723431,0.00012610745913369634,0.00013792130024058703,8.773723345540287e-05,0.00013345757262912507,6.457071162031306e-05,0.002306404358725425,7.016836568082847e-05,0.0001257591500791751,0.00010291880806634273,0.0003505599382063857,0.00012809446526560944,0.0010186425047334447,7.26766839270525e-05,4.949104631478901e-05,9.209120680657635e-05,0.00012567570991095113,0.0001412149110155483,5.33888514518294e-05,0.00012509179682432782,0.6025518532881616,0.00011579459104160312,0.0001005726930538658,8.248287187711666e-05,0.0003493986060423814,0.00010589395879643772,0.0003761798429914863,0.00010540374882038819,0.0002916379679211964,5.9937710185004526e-05,0.0001464606047560845,0.00010980505023007669,9.54505874496594e-05,0.0001816065505824087,0.00018003747285178987,0.00021927132250388882,0.0007187533915595331,5.504039350590621e-05,0.0012041984396679553,0.0013333634837311395,0.0003118275190797396,6.525916527657249e-05,0.0005702199804998536,0.023156976725538767,6.704639594046335e-05,5.53268314295465e-05,3.651507682271904e-05,0.18621952396426966,8.46776891142213e-05,0.0003971150197345258,0.00022052153620882544,0.0015224827379401206,0.0001442632418619048,0.00010721486724839008,0.00014532743930164286,0.0004712581986187788,8.282939651333626e-05,0.00010375572220272759,0.00023885483113700767,0.0005675786349189026,9.888929101173532e-05,0.16880787369492334,0.00016105646236679017,0.00015340230214125187,0.00010815045626337485,0.0001057302807424899,9.541910715913947e-05,0.00027949239239168485,0.00015374204043450091,9.872774409935191e-05
