sender_norm,0,1,2,3,4,5,6,7,8,9,10,11,12,13,14,15,16,17,18,19,20,21,22,23,24,25,26,27,28,29,30,31,32,33,34,35,36,37,38,39
AdelheidLouiseTheresaCarolineAmelia,0.00033366758966340854,0.00043975908861524396,0.010693838923739861,0.009308754799415554,0.0006226683032078728,0.39268213661910445,0.09407654207939607,0.05219336598425554,0.0008883106061864128,0.0018819908499285623,0.0006530019704799177,0.00031551810755643905,0.0002834134300760249,0.000264095128293698,0.00028597636920270727,0.00021637355968963658,0.0011476231993189955,0.000717677383020483,0.007190945207748049,0.0008644067803301661,0.00023016787232366188,0.00018398492863699488,0.0003267051779649762,0.0005377481811957209,0.0009621748446580301,0.0004140271650737253,0.00929354494674173,0.00021999100426666414,0.0010443233628335956,0.0002783051724945897,0.3350549001744567,0.00012297057591461504,0.07281615912423312,0.00034724317290842657,0.00024680272616789265,0.0006224345680135463,0.00019421526211189834,0.00028996091234288995,0.0014380965644036478,0.0003161782840285036
AdersbachGerson,0.0005749726081398711,0.0007577884036905852,0.0009825114437097503,0.000866061615021506,0.001072975708136991,0.021693731712923842,0.07985923450580723,0.19464092282273115,0.001530727831829701,0.003243027554969824,0.0011252463760896335,0.0005436976045533403,0.0004883751497622588,0.00045508604795940603,0.0004927915804849993,0.0003728527246915335,0.0019775726636797413,0.0012366943913688026,0.3904819449872997,0.0014895370014258492,0.0003966229443903755,0.00031704096398320943,0.0005629750508786776,0.0009266422147157756,0.0016580099388066873,0.0007134474138867881,0.0008398521510753263,0.0003790862685168511,0.0017995674325922766,0.00047957265208002685,0.2746728887363604,0.00021190164987079662,0.007203136927469941,0.0005983659155728223,0.00042528795590824963,0.0010725729380194867,0.0003346697709228933,0.00049965770483309,0.002478113421882735,0.0005448352139578331
AretinJohannChristophANDBaboJosephMariusFranzvon,0.0002981679628135148,0.00039297215445289823,0.0005095085078220563,0.00044912022549624837,0.0005564212564466512,0.01124988512338297,0.021353953565833708,0.0006401226597491572,0.2615642230984849,0.0016817617147741,0.0005835276583129287,0.0002819494439234588,0.0002532604535100463,0.00023599746823400048,0.00025555071592057527,0.00019335310200324936,0.001025525049537044,0.0006413221118311657,0.5635619600999554,0.0007724406466724322,0.00020567980745477108,0.00016441036846108364,0.000291946297369518,0.0004805359725094823,0.0008598069521570811,0.00036997790670654856,0.00043552858241511296,0.0001965856787159327,0.0009332155092700632,0.00024869567465897566,0.12237996695819672,0.00010988746657549997,0.003735386056874626,0.0003102992099755648,0.00022054484270568736,0.0005562123888524072,0.0001735522743147267,0.00025911133477495463,0.0012850943160823685,0.0002825393827723937
AretinJohannChristophANDBaboJosephMariusFranzvonANDSchererJoseph,5.655021402796194e-05,7.453067469639446e-05,9.663283370395295e-05,8.517965725239275e-05,0.00010553025497727752,0.005938059283471173,0.00024554957447142547,0.00012140497279247715,0.13330518893259655,0.00031896111177440336,0.0001106712259005174,5.347422723919069e-05,4.803310428011774e-05,4.475902512382517e-05,4.8467472977121616e-05,3.6671140648644175e-05,0.0001944999740922115,0.00012163245957983628,0.4606954468847262,0.00014650025938750338,3.900901030092193e-05,0.10655489184204887,5.5370219674616734e-05,9.113793392532228e-05,0.00016307005859520437,7.016961048547745e-05,8.260188089447266e-05,0.13699633987638282,0.00017699264631070404,4.716735324978385e-05,0.15256067167790122,2.084113831411728e-05,0.0007084492881129559,5.8851013272007824e-05,4.182829684344787e-05,0.0001054906413747746,3.291573703938023e-05,4.914277610622769e-05,0.0002437296010437824,5.358611440458526e-05
BassewitzAdelheidHenriettevon,4.603574663545002e-05,6.0673072876361263e-05,7.866574380887591e-05,0.011093111866753168,0.0018049945718453058,0.5078946429534152,0.00019989416823815528,0.046568199339828004,0.0001225592274072322,0.07053618861612708,0.0042240076286934715,4.3531682753537104e-05,3.910223607041126e-05,3.643691143646797e-05,3.9455841934250325e-05,2.985281963564617e-05,0.003596507733474743,9.901715118346408e-05,0.0002937510553190357,0.00011926124311140604,3.1756005624044896e-05,2.5384196193637372e-05,4.507515042877604e-05,7.419251911212847e-05,0.00013275019432472642,0.004191036540296683,6.724358741753483e-05,3.0351914444895743e-05,0.00014408413410899767,3.839745544726236e-05,0.22681990679074765,1.6966113736522153e-05,0.02120575484751512,4.7908754773059526e-05,3.4051097927325716e-05,8.587660581335676e-05,2.6795663937093987e-05,4.000558492440562e-05,0.09997295046611145,4.362276656792048e-05
BayreutherPostamtANDOsmundEmanuel,8.64949403135013e-05,0.0001139964962148871,0.00014780229088814887,0.00013028437640089576,0.00016141111510231996,0.10800457494169806,0.00037557410087625515,0.00018569188562673268,0.00023027220875558092,0.01212576091074795,0.00016927435630843118,8.179014302363901e-05,7.346781191184644e-05,6.846002748391876e-05,7.413218949497684e-05,5.608940967162603e-05,0.454175672893094,0.00018603983225139105,0.0005519184949480646,0.00022407574240778242,5.966523868501442e-05,4.7693470729638095e-05,8.469010998850207e-05,0.00013939770681095472,0.000249419656981972,0.00010732614146715624,0.00012634160419300268,5.702714130175836e-05,0.0002707145966061824,7.214362446212157e-05,0.4137327737089593,3.1877032572390524e-05,0.00690254160509777,9.001406922764999e-05,6.397740664784234e-05,0.000161350525125023,5.03454276793425e-05,7.516508220545656e-05,0.0003727904068495921,8.196127718924738e-05
BergnerCaroline,0.00014312976777686761,0.00018863868766745068,0.0002445797117731248,0.0002155914839830632,0.0002670992700551539,0.3327883848696944,0.08728304562413194,0.00030727851099117116,0.0003810489682424583,0.010436358823371331,0.0002801111743784004,0.00013534438124333746,0.00012157278587514993,0.00011328602343970584,0.00012267218208081177,9.281541962967625e-05,0.0004922834794340442,0.00030785428478100887,0.0009133015842008043,0.00037079520326865716,9.873261634015456e-05,0.038595168483982034,0.00014014317752826473,0.00023067200615624271,0.00041273370966467,0.019435723975555444,0.00020906707841127572,9.436715560372736e-05,0.01970609530082266,0.0001193815520123921,0.4727957873582208,5.2749354505187344e-05,0.01142216149785118,0.00014895313851315953,0.00010586828921185504,0.0002669990072033768,8.331041499367995e-05,0.0001243813883448261,0.0006168846890746668,0.00013562756998586315
BornträgerJohannFriedrichWilhelm,0.0003825863706396752,0.0005042318729213037,0.0006537624263126957,0.0005762767918864216,0.0007139572844847674,0.29755866360840044,0.0016612478329911821,0.0008213565362514034,0.0010185452268960946,0.0021579082630637865,0.0007487381503204637,0.00036177600516396383,0.00032496448250400335,0.0003028139374861966,0.0003279031724128344,0.00024809594179510256,0.0013158754649567836,0.0008228955816085293,0.0024412583337910204,0.0009911368772030074,0.0002639126293296771,0.00021095883532060887,0.00037460320444337335,0.0006165870804811914,0.001103238651706777,0.00047472740937044383,0.0005588370329385642,0.00025224373748934805,0.0011974309088987965,0.0003191073067131351,0.6460604254654074,0.00014099920936912802,0.0047929622651362,0.00039815226101658457,0.0002829863079114228,0.0007136892815307548,0.02596120446064433,0.00033247188674375734,0.001648934934794221,0.0003625329696647225
BrockhausFriedrichArnold,0.00029596941227629875,0.008159331555495275,0.002324114258957613,0.30125137210225583,0.0020702768839543913,0.2093264448618241,0.004305387352632696,0.0006354026958596907,0.0017612325528616672,0.019230964526718606,0.0005792249993868703,0.004823007321403461,0.0002513930298577328,0.007430264299398586,0.00025366640494876066,0.00019192740702827485,0.0029645320669337487,0.0006365933037453126,0.03721590829868456,0.002272009127471311,0.0002041632211424549,0.00016319808361165444,0.00077643581185216,0.013816688223709583,0.0011124742494183753,0.005189119051369541,0.00043231719917391433,0.00019513614823830653,0.011702258366559672,0.0050478117641337816,0.30962509907943264,0.00010907720800045655,0.03007525958191641,0.000308011209318646,0.00021891864860409618,0.0016936969236936565,0.00017227258134459918,0.0002572007694717851,0.01264138334726839,0.0002804560700451728
CarlAugust,0.0007884644682985412,0.0010391612093168599,0.0013473256849018253,0.001187637117202619,0.0014713800435649273,0.02974878524348885,0.0034236318642545576,0.001692716976708306,0.0020990991378493297,0.00444718924103036,0.001543059222418721,0.0007455768094348162,0.0006697126912415389,0.0006240630836227754,0.0006757689774928934,0.0005112958794309325,0.0027118609768809485,0.0016958887639760135,0.1111191053380663,0.0020426138275347764,0.0005438921690121358,0.0004347607721776334,0.0007720121234860959,0.001270711770935566,0.2674935563452821,0.0009783560605940583,0.0011516958727639148,0.0005198439871986144,0.0024677610008180984,0.0006576417568066382,0.32361711388301434,0.00029058240224257297,0.009877718429010042,0.21299647529604612,0.0005832007251855006,0.001470827721728985,0.0004589352940481677,0.0006851845479161579,0.0033982564628416718,0.0007471368221755045
CarolineFriederikeWilhelmine,0.0002981679628135148,0.00039297215445289823,0.0005095085078220563,0.00044912022549624837,0.0005564212564466512,0.09148693798689934,0.0012946903499546144,0.0006401226597491572,0.08103085415557303,0.0016817617147741,0.0005835276583129287,0.0002819494439234588,0.0002532604535100463,0.00023599746823400048,0.00025555071592057527,0.00019335310200324936,0.001025525049537044,0.02070058532771026,0.5635619600999554,0.0007724406466724322,0.00020567980745477108,0.00016441036846108364,0.000291946297369518,0.0004805359725094823,0.0008598069521570811,0.00036997790670654856,0.00043552858241511296,0.0001965856787159327,0.020992478725149158,0.00024869567465897566,0.2026170198217131,0.00010988746657549997,0.003735386056874626,0.0003102992099755648,0.00022054484270568736,0.0005562123888524072,0.0001735522743147267,0.00025911133477495463,0.0012850943160823685,0.0002825393827723937
CottaJohannHeinrich,0.0001263286460810019,0.00016649555422095413,0.0002158700061286212,0.0001902845278183712,0.00023574613219448577,0.040121944744967435,0.03975594322847481,0.0002712089795591398,0.00033631997729274826,0.14587179523907384,0.0002472306492283836,0.00011945713811117563,0.00010730210548406545,9.998807504075087e-05,0.00010827245034191759,0.1460275408781263,0.0004344973544699518,0.0002717171668108129,0.03026906272673373,0.008145785221951212,8.714300274511139e-05,0.002675829644513345,0.00012369263326294925,0.00609618843822752,0.0003642854421116016,0.08854565725374561,0.00018452598202339609,8.328997655134048e-05,0.00039538738728148886,0.000105368087065475,0.48006626262424223,4.655743273946749e-05,0.006794962521860071,0.00013146844720113187,9.344106293734311e-05,0.00023565763858121483,7.353111860703335e-05,0.00010978102341207521,0.0005444723957101075,0.0001197070850717857
CottavonCottendorfJohannFriedrichFreiherr,0.00011595743449792871,0.4956230967454818,0.00019814771132492564,0.00017466272579475016,0.0002163920656962789,0.010061668122076827,0.0005035047026291646,0.00024894351723135026,0.0003087090928866815,0.0006540366444533483,0.00022693373754198722,0.00010965005719252948,9.84929171185785e-05,9.177934713776279e-05,9.938359950761199e-05,7.519496544481495e-05,0.0003988263951484691,0.0002494099837991213,0.13401438577324554,0.0003004019440749802,7.998881762961213e-05,6.393914474148296e-05,0.00011353783060627418,0.00018688030072170155,0.09453155528026665,0.017203657455228064,0.00016937693973165892,7.645211359340711e-05,0.00036292724163767756,9.67176759436854e-05,0.24064929297632356,4.273520396804452e-05,0.0014526905571187099,0.00012067527301048349,8.576982553922313e-05,0.00021631083714928907,6.749442928381675e-05,0.00010076832315022885,0.0004997728078317453,0.00010987948424025001
DalbergKarlTheodorReichsfreiherrvon,0.0002828635625139185,0.0003728016334432234,0.0004833563951464375,0.00042606772968556157,0.0005278612006864355,0.12917104807839258,0.0012282363312439504,0.0006072663685057866,0.2922656675408414,0.0015954400514787844,0.0005535762819663942,0.0002674775096709114,0.00024026107113508862,0.0002238841623997202,0.0002424337786869697,0.05135811315741664,0.0009728867790559378,0.0006084042549701141,0.15532898720757338,0.0007327927222180276,0.00019512265008236597,0.0001559714937121346,0.00027696124344632846,0.0004558709655374201,0.09755761767685395,0.00035098763715238747,0.000413173720060684,0.00018649530585411662,0.000885315313739689,0.00023593059379031225,0.246425616928026,0.00010424714975369642,0.012338377812219335,0.00029437213559338276,0.00020922469105381328,0.0005276630538726596,0.00016464416274581493,0.000245811637677588,0.001219132843728072,0.00026803716806915267
DegenGeorgChristoph,0.0002866672934251186,0.00037781478212971817,0.0004898561989564609,0.0004317971597304444,0.0005349594707783121,0.010815964563170456,0.0012447527056326866,0.0006154324180198665,0.020048738656232273,0.0016168942981369342,0.0005610203486277522,0.00027107434081644294,0.0002434919166173151,0.000226894783850852,0.00024569384106373944,0.00018589525817463192,0.0009859694097125846,0.1549010268969905,0.2718269773038199,0.02002820191465774,0.00019774650891026666,0.00015806887800096366,0.0002806856045253537,0.0004620011664997586,0.3865377464710672,0.0003557074480499821,0.0004187297614140592,0.00018900315081430343,0.000897220350907086,0.0002391032063549081,0.09837408058996903,0.01939120414636503,0.003591308069176771,0.00029833062491452835,0.000212038183246568,0.0005347586594390887,0.00016685817039536541,0.00024911712289546917,0.0012355268014415885,0.0002716415250689519
DieskauJohannaSidonieDorotheavon,0.00012001678703119068,0.00015817680385621876,0.0002050843205851216,0.00018077718996422108,0.16978079791937312,0.14178852795438246,0.08933661369874314,0.0002576583486838371,0.048764324884911336,0.000676932677993615,0.000234878066824213,0.11315137564535932,0.06469501919305486,9.499229098149248e-05,0.00010286274742229893,7.782733545876528e-05,0.04885759694737294,0.0002581411449699375,0.0007658191823321902,0.0326074573484535,8.278900729302863e-05,6.617747926746438e-05,0.0001175124794270954,0.00019342246876324223,0.0003460843575924794,0.0001489212966290989,0.0001753063629924689,7.91284929246019e-05,0.0003756323314330025,0.00010010349716811256,0.2511130228726279,4.4231246539512815e-05,0.033800084433287865,0.0001248997841625126,8.877239247326738e-05,0.00022388328775201143,6.985722459470495e-05,0.00010429594645117166,0.0005172684865030726,0.0001137260643636844
DoerfferWilhelmine,6.27579041828442e-05,8.27121350763812e-05,0.0043292813648197976,9.453008905554148e-05,0.00011711463420775645,0.6061196988007669,0.0002725043031525246,0.0001347319684071173,0.008611159693216758,0.00035397444969693053,0.0001228199452512822,5.934425690536531e-05,5.330584521794485e-05,0.07182436679444014,5.378789589688865e-05,4.069664404745237e-05,0.00021585083182194644,0.00013498442711570657,0.0004004540369314941,0.00016258204145534532,4.329114881019436e-05,3.460482492211977e-05,6.144837823610032e-05,0.00010114242400355235,0.03395729755076498,7.787234349312331e-05,9.166934229346632e-05,4.137703149647268e-05,0.00019642167106110096,5.234505804601606e-05,0.2621926224396895,2.312893388399989e-05,0.0007862179357944233,6.531126920513031e-05,4.6419917069362016e-05,0.00011707067209880694,3.6528998284669596e-05,5.4537329118305955e-05,0.008714566243795064,5.946842626751221e-05
DoeringHeinrich,0.00014042543739852488,0.00018507450013669838,0.00023995856024924687,0.00021151804343674504,0.00026205262824707527,0.03363963846898399,0.0006097484685225388,0.00030147271234570136,0.00037384933174154037,0.0007920439277540718,0.0002748186823276504,0.00013278714994603702,0.00011927575861709929,0.00011114556838700677,0.00012035438255013754,9.106174139221508e-05,0.000482982149676665,0.00030203760731853905,0.3976754074552079,0.0003637893040212944,9.68671370771812e-05,7.74308469835172e-05,0.00013749527654865863,0.00022631363037340708,0.35939578676892103,0.00017424510965838357,0.00020511691164973685,9.258415847056079e-05,0.03822801863905529,0.000117125926486442,0.15210745001168088,5.175269473243669e-05,0.0017592205947928718,0.00014613877988121793,0.00010386798672366041,0.0002619542597872204,8.173632674076687e-05,0.00012203129463458032,0.01005235677949345,0.00013306498804815348
DönhoffStanislausOttovon,0.00014500160618467425,0.00019110568769308228,0.0002477783035502102,0.00021841097028827848,0.0002705923706180346,0.3479675628055874,0.0006296188848854687,0.00031129707210323553,0.060537348022646056,0.0008178549685924991,0.00028377444347190377,0.041877184123084894,0.00012316270398568524,0.00011476756800612131,0.00012427647799741163,9.402925145514504e-05,0.01838732282769757,0.004104002902747739,0.0009252456613118836,0.0003756444300485872,0.00010002383273936545,7.995415495118605e-05,0.00014197595757370172,0.00023368871419284204,0.14347349802571774,0.00017992339022300042,0.012137535444841488,9.560128089463051e-05,0.00045383060770093743,0.00012094281336082611,0.3580735267977638,5.3439205884697353e-05,0.00560867240994758,0.00015090113444694,0.00010725282530796938,0.000270490796537575,8.439994121158448e-05,0.0001260080371093453,0.0006249522523225716,0.0001374012953163814
EhrenbergCarolineAugusteEleonorevon,9.693002884093068e-05,0.00012774948021033862,0.031475545365244086,0.04204064906285374,0.00018088438451321155,0.15605598090766098,0.00042088483208259435,0.0006042499679121623,0.00025805315033507485,0.0009428715377571941,0.0001896962779503192,9.16576263704026e-05,8.233125662246126e-05,0.0361367499408745,0.0004792312728955168,0.1819354858385364,0.003939386205889342,0.002011485937976897,0.004345949287347718,0.0029556114150626122,0.00295352896355819,5.3447397923995036e-05,9.49074567133463e-05,0.00015621519238665025,0.017599503481834103,0.00012027438772824264,0.00014158395038889495,6.390711908766342e-05,0.005647233286445575,8.084731401001003e-05,0.4016059670175638,3.572280269118582e-05,0.10090922968482068,0.0027728030293155083,7.169589167951966e-05,0.0001808164847236334,5.641929735173103e-05,0.0009857340579404036,0.002006930000068158,9.184940683233442e-05
EndeHenrietteFreifrauvon,0.003295621013486886,0.0013895170586999794,0.011102305920922251,0.0030532256358120394,0.0008814658699441426,0.15511098401399498,0.003712600971410658,0.37298644146013293,0.00020935822942588295,0.006184761842087905,0.000677496101097804,0.008448154462864687,0.0011285483127106133,0.007760808032002387,4.656572371545712e-05,3.5232251629489554e-05,0.0005077535527955187,0.00022586831905520348,0.0027292449980571487,0.0026891707860790537,0.0013910240433939452,2.9958389144543676e-05,0.006249850618934205,0.0013021281425997647,0.008740524582162493,0.008230256954030181,7.936077801961649e-05,0.004752248294422189,0.0004581242847353098,0.013115746420355526,0.34348196554607613,2.002338122948797e-05,0.008137836298989516,0.0031503604774794,0.004542047484536579,0.01197357952054765,3.16242011955096e-05,4.721452954341892e-05,0.0020395179749467343,5.148352173274341e-05
FernowCarlLudwig,6.0215577886957436e-05,7.936146174317092e-05,0.00010289619631608482,0.012243717866478142,0.00011237031366269702,0.10759808438484483,0.20281175175069355,0.09330240581038564,0.00016030965593208252,0.00033963492444900867,0.00011784450222880689,5.6940217656368007e-05,5.1146422372541776e-05,4.766013020136952e-05,0.12158178091264026,3.904802066425684e-05,0.00020710670225173084,0.00012951620023560494,0.05304730614018578,0.00015599583363638074,4.153742189033666e-05,3.3202981480889744e-05,5.895910091138145e-05,9.70451386094322e-05,0.00017363962246924372,7.471773039437977e-05,8.795581198244246e-05,3.970084557871584e-05,0.0001884646179070352,0.02030525321799226,0.320438281723366,2.2191979446550823e-05,0.0007543682021474163,0.012215682702694769,4.453944356797663e-05,0.00011232813246130107,3.504920647022425e-05,0.04461339107353562,0.008361538665718234,5.705935691053663e-05
FeuchterslebenCarolineHenrietteSusanneFriederikevon,0.0002257226742336092,0.0002974924762722716,0.00038571421907691785,0.0003399983599673968,0.015606731810956112,0.4033396041694604,0.0009801219599135176,0.0004845933051716895,0.0006009329398181723,0.016458650492225762,0.0004417490808898532,0.00021344473725665308,0.00019172625490840688,0.00017865762350684482,0.0001934600567264266,0.0001463744757944835,0.03114736151238278,0.0004855013287199314,0.016625824601439052,0.015770265391116683,0.0001557061856561084,0.0001244639017907485,0.00022101267471201695,0.00036378108418082565,0.0006509013333767476,0.04583659452303162,0.0003297090519057477,0.00014882163964591487,0.0007064739564943308,0.0001882705714747272,0.4419121172667676,8.318832307175666e-05,0.0028278065896033947,0.00023490641592526602,0.0001669594922748087,0.0004210705491929491,0.00013138461660331473,0.00019615555895997745,0.0009728574556816043,0.00021389133981367952
FichteJohannGottlieb,0.00015303478064806954,0.00020169305545113633,0.043472009901695835,0.00023051106679900687,0.00028558334746880086,0.3034691776694889,0.08346390510354891,0.000328543113412354,0.0004074187094474025,0.015652251555225406,0.0002994957149298171,0.00014471062181706655,0.0001299859903928747,0.00012112575893097604,0.00013116146814143827,9.923852741750663e-05,0.0005263509852772441,0.0003291587324900576,0.07101564014844998,0.0003964553529216742,0.00010556521203877434,8.438366226973396e-05,0.0001498415093203809,0.0002466352067223574,0.008271870113621151,0.0001898912521090688,0.07909866549520952,0.00010089764821467605,0.0004789730909079659,0.00012764311651873735,0.3867300094269116,5.639976939397554e-05,0.001917187817415491,0.000159261146253931,0.00011319469505728557,0.0002854761461244043,8.907574770982053e-05,0.00013298895664895486,0.0006595749755205832,0.0001450134080771685
FischerFriederikeChristianevon,3.622227195856269e-05,4.7739348374050044e-05,6.189650813382245e-05,5.456037193436107e-05,0.0010112548399264843,0.37446654264706986,0.00015728257830139057,7.776387794812912e-05,0.002927410907397877,0.0020916235640493852,0.001564084307369893,3.425200125456985e-05,3.076678304680026e-05,2.8669627666372344e-05,3.104501048313466e-05,0.15781976143014428,0.00012458363029391688,7.79095907172201e-05,0.00023113192228943393,9.383823436831244e-05,2.4986554060709565e-05,1.997302803094759e-05,3.546644676654301e-05,5.837684410446635e-05,0.00010445173572311455,4.494594331640548e-05,5.290922139691544e-05,2.3881774052501875e-05,0.10316622939272178,3.0212241038282776e-05,0.32703438221858616,1.3349434532055005e-05,0.023567848165720082,0.0015308917568721656,2.679239981439664e-05,6.757022527042774e-05,2.108361213571052e-05,3.147756434729605e-05,0.00314250832011821,3.432366866384952e-05
FriedrichWilhelmIII,0.0005336853156985377,0.000703373582899308,0.0009119598439828764,0.0008038719756101832,0.000995928104099614,0.02013596107707917,0.00231734228462207,0.0011457436960377965,0.0014208102344587556,0.3261434884301046,0.0010444453508921664,0.0005046560890427694,0.00045330619631324637,0.0004224074986127565,0.0004574054945948666,0.0003460791371084839,0.0018355682973265719,0.0011478905731100734,0.3624424487965014,0.0013825772108037972,0.0003681424789522645,0.00029427507425116726,0.0005225492719220077,0.0008601024394885218,0.001538952543297689,0.0006622166046244952,0.000779544545325011,0.00035186506631143825,0.0016703451604257696,0.00044513578317013057,0.2549493406535182,0.00019668554172380068,0.00668589833799774,0.0005553988103691403,0.0003947491303037275,0.0009955542558601138,0.00031063800226513113,0.0004637785803531448,0.002300166521276339,0.0005057120096650449
FörsterErnstJoachim,0.00021367824153866447,0.00028161844802110223,0.00978193229408522,0.00032185624209234127,0.0022821120609767785,0.26813254938008624,0.03454464133405475,0.01928011676541131,0.0057381788391308525,0.019970732796877725,0.0004181776027878127,0.2196802690657176,0.00018149585168933014,0.00016912455497895758,0.000183137138834757,0.00013856401754986833,0.006345295401281633,0.0004595952557171742,0.0013634667304899012,0.016513896508680445,0.0029525808147710005,0.00011782257923350549,0.00020921956489557196,0.000344369933754815,0.040512318109990494,0.004603855099181383,0.00031211596561933006,0.00014088060213892766,0.0006687769105567971,0.011320638036720445,0.21072741380646415,7.874944176909175e-05,0.018949697491374148,0.0002223719440303672,0.10100666132545967,0.0003986024657060011,0.00012437400866504442,0.00018568881061201305,0.000920946338703585,0.00020247822035120494
GentzAnnaHenrietteNanette,0.052216496289103916,6.0120978037242333e-05,7.794992459759522e-05,6.87110954483104e-05,8.512712608061783e-05,0.3331596529763557,0.0001980752305542317,9.793263958231175e-05,0.0031903192607533014,0.04629042236623693,8.927414609922447e-05,4.313556605387093e-05,3.874642513635034e-05,3.6105353633247726e-05,3.9096813362393055e-05,2.958117379882537e-05,0.00015689551608483892,9.811614426950656e-05,0.006428828589492569,0.00011817602501205428,3.1467041739657604e-05,2.515321261147649e-05,4.4664988939593706e-05,7.351740402464132e-05,0.00320041749493164,5.660307823676958e-05,6.663170415833817e-05,3.007572709311032e-05,0.00014277304002608218,3.8048057666949956e-05,0.3808502443563243,1.6811730525160392e-05,0.15094636612276094,4.747280889122293e-05,3.374124984248717e-05,0.021567222001593504,2.655183669925849e-05,3.96415539642842e-05,0.00019660712922659143,4.322582105076633e-05
GentzLudwig,0.00020687377964814481,0.0002726504689539395,0.00035350528534803936,0.0003116069133924561,0.0003860541129621017,0.14697978222345207,0.0008982772114139098,0.0004441275072317369,0.0005507522405418412,0.05683660523483431,0.0004048609752212962,0.00019562110759236404,0.00017571621967245026,0.00016373887985912005,0.0001773052409636093,0.0001341515253371562,0.11205106918688214,0.00044495970658464695,0.01523749081364856,0.0005359318775334913,0.00014270399396357463,0.00011407058630963982,0.00020255708702308608,0.0003334036693677532,0.0005965480405141124,0.0002566966860707384,0.0003021768104756596,0.00013639433960950515,0.000647480090775922,0.00017254910190007736,0.5720197121561221,7.624171065169335e-05,0.002591671569067741,0.08371994806349285,0.00015301759706815534,0.00038590919722984284,0.00012041338920263028,0.00017977565620655277,0.0008916193271192621,0.00019603041675585984
GiechAugusteCarolineWilhelmineLouisevon,0.14414850054978204,0.000703373582899308,0.03681566365250375,0.0008038719756101832,0.000995928104099614,0.2355581839282044,0.00231734228462207,0.07295315131307954,0.0014208102344587556,0.0030101541534168076,0.0010444453508921664,0.0005046560890427694,0.00045330619631324637,0.0004224074986127565,0.0004574054945948666,0.0003460791371084839,0.0018355682973265719,0.0011478905731100734,0.039309114519813566,0.0013825772108037972,0.0003681424789522645,0.00029427507425116726,0.0005225492719220077,0.0008601024394885218,0.001538952543297689,0.0006622166046244952,0.000779544545325011,0.00035186506631143825,0.0016703451604257696,0.00044513578317013057,0.2908530444620391,0.00019668554172380068,0.11439700976356035,0.0005553988103691403,0.0003947491303037275,0.0009955542558601138,0.00031063800226513113,0.0004637785803531448,0.0382038703297972,0.0005057120096650449
GiechSchönburgKarolineWilhelminevon,0.00023279282663434038,0.0003068106236513828,0.000397795673991724,0.00035064788921442463,0.0004344225176487538,0.6195680501649575,0.0010108216299906149,0.15711125153617544,0.000619755539193974,0.0013130252479624641,0.00045558567632882893,0.00022013031648196715,0.00019773156140243225,0.00018425359046069444,0.0001995196698740821,0.00015095926044209532,0.0008006724559317058,0.000500708345013097,0.017146583599705858,0.0006030783450018017,0.0001605832608815503,0.00012836239695539241,0.00022793529911389686,0.047358619439781584,0.0006712890575627988,0.0002888580043334215,0.00034003629640074097,0.00015348307508387336,0.0007286023428273447,0.00019416763802959823,0.09554741617037499,8.579397234503206e-05,0.01857752795004849,0.00024226422420101903,0.00017218904690036624,0.0004342594455426914,0.03145779581566395,0.00020229960142627545,0.001003329584807356,0.00022059090765644843
GleimJohannWilhelmLudwig,0.00048179106465016355,0.000634979260968237,0.0008232831056548982,0.0007257054364794126,0.0008990864981194512,0.05059050532902944,0.002092009604958985,0.0010343343893727745,0.001282654132294702,0.002717454146995877,0.0009428860468394355,0.00045558456879005676,0.00040922781367595617,0.000381333629549984,0.0004129285062476364,0.00031242725069634736,0.09889462928823446,0.0010362725093845107,0.327199434092575,0.0012481387940800714,0.000332345207297312,0.06509069192102085,0.00047173786245541575,0.0007764681879751281,0.0013893085728075279,0.000597824286308963,0.0007037435458436275,0.0003176505703356243,0.0015079248941324858,0.0004018518714660771,0.4246337864204516,0.00017756032208675538,0.006035777983118144,0.0005013931923589472,0.0003563646931334897,0.000898749001965766,0.0002804323248733664,0.0004186818887790045,0.0020765039707114183,0.0004565378142810373
GoldschmidtCaroline,0.00936822775289059,0.0006747830079973268,0.0008748907005562542,0.0007711963641157197,0.07852096145919225,0.16771849610030945,0.0022231474644400047,0.0010991717579433705,0.005440622903834572,0.0043638373286812755,0.001001990965681081,0.0037791579438916285,0.00043488030561401994,0.00040523757139077375,0.00043881297651949787,0.00033201178835943427,0.18118827396360027,0.0011012313692279742,0.010106977374347334,0.006898546592835585,0.00035317830433015266,0.0002823134456704014,0.0005013088038946484,0.0008251411844493294,0.004168269062732337,0.0006352989695353157,0.0007478577898732694,0.00033756253238302397,0.0069861923860040625,0.0004270420016297175,0.42881220163145645,0.00018869071102570767,0.06602009897050364,0.0025716058073712348,0.000378703454361621,0.0009550871851409831,0.0002980112569805639,0.0004449270104877191,0.0034107800814253287,0.004913273719316014
GriesbachJohannJakob,0.21285935822881105,7.31394101757861e-05,9.482898805777014e-05,8.358960811496599e-05,0.0001035603211185177,0.10289564252551284,0.000240965899194042,0.00011913870548764397,0.033748351198811366,0.0003130070629203817,0.00010860532550883514,5.247602354080883e-05,4.7136470054386735e-05,4.39235081519815e-05,4.756273038849889e-05,3.598660026144752e-05,0.0001908692419900797,0.00011936194577787354,0.2430251798845111,0.00014376553822771198,3.8280828887875566e-05,3.059982047015147e-05,5.433662347485882e-05,8.943666160398121e-05,0.003893427145356264,6.885975397483893e-05,8.105995112270905e-05,3.658824277335221e-05,0.00017368872359400036,4.628688000336896e-05,0.3998506955705496,2.045209666886666e-05,0.0006952246612969921,5.775244107873667e-05,4.104748779277414e-05,0.00010352144698335384,3.23012987923214e-05,4.822542763032421e-05,0.00023917989922053222,5.25858221078624e-05
GöschenGeorgJoachim,0.00013055823489408692,0.00017206996473992546,0.00022309751462591627,0.0001966554130857372,0.0002436391100296041,0.022492587998620042,0.0005669035842398713,0.0002802892832078944,0.23749698188012866,0.0007363897815228568,0.0002555081383068118,0.00012345666308569497,0.00011089466979196496,0.00010333575948726273,0.00011189750260787668,8.466315250853763e-05,0.0004490446895898327,0.0002808144849941272,0.12379943986408072,0.0003382271067568522,9.00606234193093e-05,7.199005319693123e-05,0.0001278339661604343,0.00021041136607017062,0.0003764820236354551,0.00016200151751255394,0.2461234168662651,8.607859468342891e-05,0.00040862528796324247,0.00010889589881786678,0.2556024387206526,4.8116214558078496e-05,0.0016356063395669069,0.00013587012085794462,9.656954793851336e-05,0.00024354765357608804,7.599300200657931e-05,0.00011345658396716108,0.10596243584436764,0.0001237149784797622
HaugFriedrich,0.00011535964059459524,0.00015203889134703292,0.000197126202921412,0.00017376228924170125,0.00021527650240218691,0.32254634937737475,0.2333256605178932,0.00024766014184865367,0.00030711760878365433,0.0006506648975679179,0.00022576382889964223,0.00010908477963207231,0.12427118597207452,9.130619822403912e-05,9.88712484873068e-05,7.480731378540295e-05,0.0003967703304507589,0.000248124203647196,0.0007361022388587085,0.00029885328571171884,0.20962185282633547,6.360952007294567e-05,0.00011295251045644497,0.00794674192994911,0.0003326548568318536,0.00014314253598164767,0.00016850375292500638,7.605798097395947e-05,0.00036105624739445367,9.621906852559223e-05,0.07063065056045667,4.251489170863293e-05,0.02472767667243665,0.00012005315729361621,8.532765743659718e-05,0.00021519569261170345,6.71464761016035e-05,0.00010024883348154856,0.0004971963353626256,0.00010931302391741993
HeimJohanna,0.0017665318427381236,0.00011881846581975049,0.020242731850195032,0.008949014755633358,0.00016823868890286314,0.38329248301668806,0.061015208893143644,0.007186432641253857,0.0010126540044403725,0.01700775700050034,0.00017643453954304072,8.524980710747169e-05,7.657544738958033e-05,7.135583729068066e-05,7.726792766549849e-05,0.002039625839596167,0.02154423850091973,0.0001939091830314278,0.0005752642493823483,0.00023355398476569453,6.218903526612797e-05,4.9710870157206825e-05,0.016587534514511344,0.0001452941293111955,0.006394101415232304,0.0024689033990075823,0.00013168576296521567,5.943934826547919e-05,0.05770531113597003,7.519524776539636e-05,0.2490277409840414,3.3225408068665055e-05,0.05580750015688355,0.06684005711669946,6.668360482495428e-05,0.00016817553601320852,5.2475002973972754e-05,0.0019977638229188876,0.015392248586962315,0.0011014184461546545
HeineJohannGeorg,0.14016031689600567,0.0002066376554065037,0.0002679162945084326,0.00023616215383349425,0.0002925845573220078,0.02683400958437763,0.0006807906752693689,0.0003365975020985751,0.0004174067704048981,0.0008843255018339846,0.0978298661136637,0.00014825827065692072,0.00013317265797970548,0.00012409521378337204,0.00013437695311719738,0.00010167140651263347,0.0005392547268190047,0.008292389148669673,0.11908754914905542,0.00040617464204631437,0.00010815319277796114,8.645236737095521e-05,0.0001535149442764855,0.005437997525205081,0.19237395191042658,0.00019454652531420224,0.00022901522184967993,0.00010337120143515286,0.0004907153411239109,0.00013077234745249356,0.37919128685136894,5.7782436222064455e-05,0.02270545233928601,0.00016316550803226564,0.00011596971615494395,0.00029247472788631907,9.125948148868137e-05,0.0001362492433635368,0.0006757447657358474,0.00014856847986435636
HenckelvonDonnersmarckLuiseAntoinetteBenedictineFriederikeSophieKaroline,5.5702550832490504e-05,7.341349218948921e-05,9.518434941414195e-05,8.390285111298499e-05,0.00010394840219934245,0.4592834378885352,0.00024186889278841406,0.01885654332767546,0.0001482947946669135,0.0003141800229689017,0.0001090123121968984,5.267267175233568e-05,4.7313108867856955e-05,4.4088106738902915e-05,4.774096656637846e-05,3.6121456146151547e-05,0.00019158450379042638,0.00011980924173472762,0.000355434293714836,0.0038916959165626688,0.05999669040310498,3.071448998133916e-05,0.007549323509202914,8.977181580132006e-05,0.00016062570910280145,6.911779844070438e-05,8.136371450528201e-05,3.672535324817114e-05,0.00017433960326346655,4.6460335070190885e-05,0.2701903855818057,2.052873868479188e-05,0.03442435463341505,5.796886209319505e-05,0.14244208334608324,0.00010390938238756977,3.242234440913656e-05,4.840614719430271e-05,0.0002400761999735478,5.278288177762069e-05
HenningsJohannWilhelmChristoph,0.01452872200208819,0.0002804569563071213,0.00036362679568301186,0.0003205287958227159,0.0003971075564498207,0.008028834879920031,0.04387177168005031,0.0004568436994382152,0.014882446339522269,0.0012002422217829753,0.00041645289396982334,0.00020122210181876013,0.00018074730013192903,0.00016842702692062504,0.00018238181804248126,0.00013799253169952366,0.0007318982547511336,0.00045769972619824005,0.4022037445379691,0.043499051728890584,0.00014678987332552567,0.00011733663823616954,0.00020835667117274773,0.000342949633247476,0.28693212918246513,0.0002640463871040912,0.0003108286916129025,0.00014029956189389104,0.0006660186436691982,0.0001774895019182904,0.1732358685428301,7.842465188143293e-05,0.0026658759209074808,0.00022145480535487198,0.0001573987739680514,0.00039695849151204064,0.00012386104731072206,0.00018492296584431283,0.0009171480380278241,0.00020164313026086434
HerderLuisevon,0.00043909458430554623,0.0005787071930027258,0.0007503234899256737,0.0006613931854269281,0.0008194091611747695,0.016567050279732782,0.001906615035543839,0.08956299553767012,0.0011689849072578525,0.002476632479498045,0.0008593271796874973,0.000415210516604635,0.0003729619121574768,0.00034753971967196493,0.0003763346481537005,0.00028473984645159355,0.0015102309821361619,0.0009444377036461976,0.002801833508773863,0.0011375283295055785,0.0003028926672812347,0.0002421175692845732,0.000429932300148517,0.0007076573254279506,0.2966672682540483,0.000544844904243296,0.0006413775646592699,0.00028950027381105205,0.001374292101149419,0.000366239628337497,0.327922386471307,0.00016182486877886577,0.2418217499073701,0.0004569595651018224,0.0003247835384955601,0.0008191015740396392,0.00025558032132771085,0.0003815781640599081,0.001892483515630175,0.0004160792851711654
HolzschuherJohannHeinrichChristoph,0.00030427142338424964,0.0004010162448624373,0.0005199380826784631,0.00045831365983429735,0.0005678111293471308,0.4004077710992491,0.18555005672034106,0.0006532258898123298,0.0008100503043292923,0.02218606096732021,0.0005954723958388505,0.26639608034568424,0.00025844466303255554,0.00024082830662645497,0.00026078180682560255,0.00019731101560057368,0.0010465174178823481,0.0006544498945270889,0.0019415358336715008,0.000788252409229722,0.0002098900471570884,0.00016777582795530108,0.000297922401233773,0.0004903724832243028,0.0008774070919622308,0.00037755130776653687,0.00044444379753452284,0.00020060976275062249,0.0009523183129753373,0.00025378644373446723,0.08394532183282484,0.00011213684914877455,0.0038118489380623882,0.00031665099564477347,0.00022505936780366041,0.0005675979862595912,0.00017710486746808234,0.02073428911357743,0.0013114000345568573,0.00028832292828197487
IndustrieComptoir,0.0007884644682985412,0.0010391612093168599,0.0013473256849018253,0.001187637117202619,0.0014713800435649273,0.08279276809372052,0.0034236318642545576,0.001692716976708306,0.0020990991378493297,0.00444718924103036,0.001543059222418721,0.15987752536012986,0.0006697126912415389,0.0006240630836227754,0.0006757689774928934,0.0005112958794309325,0.0027118609768809485,0.0016958887639760135,0.5885149509901514,0.0020426138275347764,0.0005438921690121358,0.0004347607721776334,0.0007720121234860959,0.001270711770935566,0.0022736420941237164,0.0009783560605940583,0.0011516958727639148,0.0005198439871986144,0.0024677610008180984,0.0006576417568066382,0.11144118248208763,0.00029058240224257297,0.009877718429010042,0.0008205438951194781,0.0005832007251855006,0.001470827721728985,0.0004589352940481677,0.0006851845479161579,0.0033982564628416718,0.0007471368221755045
JeanPaulANDRichterCaroline,0.0001652674077132132,0.00021781511553783605,0.046372496230012605,0.0002489366554305559,0.08218633491604745,0.27900774974604864,0.012846852403115084,0.0003548047603672171,0.003876494807285692,0.006795308566108285,0.00032343549759118593,0.00015627786856683702,0.00014037624375512202,0.0001308077817411536,0.0001416456817188776,0.00010717102414309792,0.000568424135452656,0.00035546958811866046,0.010555964081154919,0.001893932487490227,0.011597096957925155,9.11287555522244e-05,0.00016181888658476685,0.0024171496281803592,0.004658681773862617,0.00020506995109596948,0.0037409029970060744,0.0007985098177703759,0.010853248209771502,0.0001378460954441434,0.31743215996280455,6.090800825729116e-05,0.06968944523397534,0.0001719914693859766,0.00012224275906289698,0.010502479841261033,9.619589646076922e-05,0.05461635264351077,0.053617879001325384,0.012583327113363478
JeanPaulANDRichterEmma,4.6472555044805464e-05,6.124876699214697e-05,7.941216069000143e-05,7.000002349066527e-05,8.672399685169916e-05,0.00800629722601544,0.0002017908563566076,0.012605542714607796,0.000123722125917373,0.003388563171866273,0.0032173920569034857,4.394473144916737e-05,3.947325613174343e-05,3.678264166763864e-05,3.983021717120603e-05,3.013607696528357e-05,0.003286281913142569,9.995667160983748e-05,0.0002965383008966187,0.00012039284882454397,3.2057321260651506e-05,2.5625053161808505e-05,4.550284425801198e-05,7.489649197295932e-05,0.00013400978943206321,5.7664876107214854e-05,6.788162560754841e-05,3.0639907416413185e-05,0.00014545127086756696,0.05006185374817318,0.24730453826762144,1.7127096053435127e-05,0.6039857452448886,4.8363335148008945e-05,0.06568968238789114,8.669144268095934e-05,2.704991356260069e-05,4.0385176376555695e-05,0.00020029521541607267,4.403667950881637e-05
JungFranzWilhelm,7.327673466179869e-05,9.657548725088984e-05,0.00012521506128059963,0.005040069890795026,0.00013674417728884794,0.3478434283857319,0.00031817865456642365,0.0001573143467421436,0.00019508187970083103,0.0004133039840197331,0.00014340575353080526,6.929092715216595e-05,6.224041938331711e-05,0.19724582378385874,6.280326640879444e-05,4.751779439291795e-05,0.0002520295146227824,0.00015760911996701832,0.0004675739986947625,0.00018983236084154663,5.054716319599837e-05,4.04049275840755e-05,7.174771952686492e-05,0.00011809487049099795,0.09387552048588753,9.092449988471613e-05,0.00010703400885232532,4.8312221345478744e-05,0.00022934383898858712,6.111859500787646e-05,0.35050589745570504,2.7005566442919025e-05,0.0009179956503917793,7.625806830684296e-05,5.420034321420489e-05,0.00013669284670611722,4.265161097426762e-05,6.367831187163425e-05,0.00031582036623381023,6.943590849788861e-05
KalbCharlottevon,0.00043750717645765335,0.00224378931008514,0.00030490180237254975,0.004218317321822154,0.0006439339278301835,0.1922861314295237,0.002920140793984133,0.00536146924544194,0.0004750292506563192,0.025942132285121343,0.005023632933866544,0.003496890851978177,0.002168538492474065,0.00014122640214093472,0.00015292752267247978,0.004340394027596192,0.0016129101974272603,0.00038378214455053614,0.007284663502947928,0.00391054463503798,0.0004807548153656413,0.0014305764847339108,0.0001747074894675685,0.0013706230716637256,0.02996739656912268,0.011269022351316197,0.20776741503106289,0.00011764146592435787,0.0048765563819151755,0.0001488253057243579,0.44684630119482255,0.005644692227135889,0.014991032888222828,0.0022742635829682686,0.0001319791897732539,0.0012857006334313272,0.00010385773825566064,0.00015505828023510147,0.007445653873013553,0.00016907817185776415
KeßlerGeorgWilhelm,8.129159067456384e-05,0.00010713871210323916,0.00013891082285383968,0.00012244674843736765,0.00015170096946323395,0.1452584155150079,0.1042619938830086,0.00017452106103829542,0.000216419527778603,0.0004585103095568792,0.00015909117498491784,0.23523937408907306,6.90481463082925e-05,6.434161942445343e-05,6.967255636448123e-05,5.271519138203302e-05,0.0002795959759285665,0.00017484807594212451,0.03880098440115151,0.0002105958275234411,5.607590621026475e-05,4.482433407492444e-05,7.959533506140198e-05,0.00013101184048427118,0.005703310554715965,0.00010086963155539084,0.05480769564520711,5.359651109348684e-05,0.0057233244365580286,6.780361912844514e-05,0.19196326346874987,2.9959378830740912e-05,0.0010184040950665194,0.2024337305933913,6.012866341991916e-05,0.00015164402444869837,4.731675499643218e-05,7.064331247029186e-05,0.011288155033555392,7.70306629761643e-05
LangermannJohannGottfried,0.0001951048753033425,0.0002571395748515453,0.00033339461740491407,0.00029387981446705205,0.020000372919420792,0.17949228926115035,0.0008471748503789507,0.04460049400198165,0.0005194203315505384,0.0011004532698778054,0.14828097148514105,0.0001844923598748209,0.00016571984707911038,0.0001544238897339114,0.00016721847006261872,0.005035590027674117,0.0006710477377327073,0.0004196462607096178,0.1322928332510757,0.010323583665804568,0.00013458566375548815,0.00010758119059638416,0.00019103375629653856,0.00031443656827031657,0.0005626108405565788,0.00024209339149598605,0.0002849861834964739,0.00012863496121574776,0.0006106454021727254,0.00016273290441725752,0.44248000463235954,7.190437316373335e-05,0.0073533034783734765,0.00020304290272416946,0.00014431253320733382,0.00036395509344877336,0.00011356315587789722,0.00016954834511368483,0.0008408957284559081,0.0001848783837268537
LentzTherese,3.7740933442626926e-05,4.974087687377895e-05,6.449159225798888e-05,0.2412640336738658,7.042962432134263e-05,0.2984896583948629,0.00016387683594635242,0.0026200472286284416,0.005178522276630886,0.00021287081396918788,7.386064655140066e-05,3.568805681499802e-05,3.205671672228001e-05,2.987163562846788e-05,3.23466091721137e-05,2.4473878698343275e-05,0.00012980694596800577,8.117604221967701e-05,0.018013983459305973,9.777251304720854e-05,2.603414481688571e-05,2.0810420793760336e-05,3.6953419387768407e-05,6.082436216197787e-05,0.00010883099796728894,4.6830355013652004e-05,5.512750292213955e-05,2.4883045603500917e-05,0.02550835284931733,3.147892488585018e-05,0.4064999204023641,1.390912532342947e-05,0.0004728105435096461,3.927645921608281e-05,2.79157027841916e-05,7.040318667895377e-05,2.1967567447295666e-05,3.2797298367323244e-05,0.00016266220754607667,3.576272896495934e-05
LevezowMarieUlrikeWilhelmine,6.466915487782413e-05,8.523107874899704e-05,0.00011050645513019604,9.740894074372944e-05,0.0001206812833643273,0.2852302901280181,0.0002808032424744604,0.00013883514188951844,0.00017216624554105682,0.06562405940197916,0.00012656034590320648,6.115154721772174e-05,5.492923967392384e-05,0.10011545260238687,0.021808527601966426,4.1936033575063566e-05,0.00022242442693643188,0.008840335941492904,0.00041264960124101836,0.0001675333705949779,4.46095522739063e-05,3.565869210495888e-05,6.331974817966898e-05,0.00010422265000354023,0.00018648210367541184,8.024389449628181e-05,9.44610718205756e-05,4.263714177634176e-05,0.0002024035638634944,5.393919236059954e-05,0.4137479970727878,2.383331035315585e-05,0.06171884625293665,6.730028095247371e-05,4.783360511256443e-05,0.00012063598241826436,3.764146490170461e-05,5.6198227606503184e-05,0.03943430491054396,6.127949807612458e-05
LindenauBernhardAugustvon,0.0003106299798714855,0.00040939654037917036,0.0005308035646609793,0.0004678913364445914,0.0005796770453108375,0.05351536931344802,0.0013488023111246864,0.0006668767732015702,0.000826978448813882,0.00175205143664494,0.0006079163671570161,0.0002937336032493118,0.00026384554810562346,0.00024586105131991847,0.0002662315327022583,0.0002014343513522382,0.00106838716839151,0.0006681263567335343,0.4408326749091263,0.0008047250290194463,0.0002142762550569724,0.00017128194781164833,0.06299708621338213,0.000500620113776286,0.021793388813175125,0.0003854412413349338,0.00045373162667270654,0.00020480203455240106,0.0009722195239386679,0.0002590899829897539,0.3991642711264239,0.00011448024532342186,0.003891507607693255,0.0003232682560504741,0.00022976257879614965,0.0005794594480345117,0.0001808059422894864,0.00026994096866120364,0.0013388052082151222,0.00029434819876467474
Ludwig,0.00014930930266530095,0.00019678304065464037,0.00025513928219219494,0.00022489950646933848,0.0002786311077966503,0.24668813307340204,0.005001741713289286,0.00032054506139944113,0.0003975005102943302,0.0008421517406253684,0.0002922047926494077,0.00014118778711786161,0.00012682161205204072,0.00011817707402331953,0.00012796847397580316,9.682266517122083e-05,0.0005135374993588476,0.00032114569384920276,0.11647795570723288,0.0003868040456684751,0.00010299533301172379,8.232942679097554e-05,0.0001461937683198456,0.0002406311204059746,0.5776968376142909,0.00018526854035781293,0.00021809341391878096,9.844139633948085e-05,0.00046731297222801825,0.0001245357730885135,0.04420834842776894,5.5026773672214216e-05,0.001870515806174864,0.0001553840936560385,0.00011043908393139446,0.00027852651616127927,8.69072881251021e-05,0.00012975147411165884,0.0006435182854081707,0.00014148320235066693
LudwigErnstKarlFriedrich,8.452749489917493e-05,0.005797994541833801,0.00014444032614916138,0.00012732088052496066,0.00015773959909134473,0.4353701445277058,0.00036703115559147295,0.00018146807036621267,0.00022503435322876166,0.00047676183392011316,0.00016542398014914402,7.992971464198212e-05,7.17966863046993e-05,6.690281076523322e-05,7.244595171335368e-05,5.481357953114914e-05,0.00029072561175170466,0.0001818081024702224,0.08015163907601006,0.00021897883396129888,5.830807143546149e-05,4.660861767418499e-05,8.276371790207773e-05,0.00013622691580238497,0.00024374626662418422,0.00010488486196454542,0.00012346779204968868,5.572998117609523e-05,0.00026455682379596275,0.17635482521394494,0.2962766273769561,3.1151945979700064e-05,0.0010589428283628052,8.796657642535537e-05,6.252215325529049e-05,0.00015768038731573859,4.9200252245253415e-05,7.345534987005535e-05,0.00036431078048297785,8.009695612753152e-05
MahlmannErnestine,0.0005801652312110854,0.0007468044274230404,0.005543522659180526,0.004434842710495725,0.006607016907128208,0.14704005264774378,0.002207076658850901,0.0029271027257822407,0.00046132182206785736,0.011823494102381425,0.001246076541913657,0.0015423979107094417,0.0006040436183372626,0.0008402611941048314,0.025310796655989124,0.00011090900207524192,0.0016320654013426623,0.0014581013642099812,0.00553049880735185,0.003102171015023628,0.0008211525999373226,0.00016387841722536329,0.005871732947851699,0.0013621083943894483,0.0013235164803380721,0.0006294771705894545,0.0012944465427103453,0.003454354856918415,0.0006040217473732015,0.0005753357412030546,0.42239048590670414,3.0929432549915246e-05,0.0811381388908145,0.000274983498959273,0.002285683845226995,0.00015655410121424482,0.00045992063492127127,0.002241490366749679,0.2509580335297912,0.00021503349121015241
MahlmannSiegfriedAugust,0.006536486123572316,0.03691241115069623,0.0022496880336912496,0.004408592678952231,0.002463423876589673,0.09386010548876299,0.014362693879240317,0.0003442213820333555,0.026456801363663532,0.009844380947012532,0.0008624555709849666,0.0001516162969279995,0.016023947975956455,0.00012690595065594764,0.00013742056975184222,0.00010397424771383041,0.0014457685097245914,0.024454131828365873,0.08316178083485579,0.1965420999926691,0.00011060284540806548,0.0019051433486905276,0.00015699203336972441,0.034025939663170315,0.012641496309713677,0.00019895297319773352,0.001311564159310251,0.0011830743217990695,0.0014727492330981443,0.0001337343203416305,0.3901145126820045,0.0009384491656892557,0.010141441744621943,0.0012682441835310755,0.0008353926244579874,0.000576323078957847,0.002836665225235518,0.0027523556794495575,0.016795526173807633,0.00015193353232468917
MannLukreziavon,0.1408827919792802,9.851814513555904e-05,0.00012773381663975364,0.00011259447026305215,0.00013949484582549918,0.4554176223956522,0.00032457895644034664,0.00016047879317435557,0.000199006036467158,0.0004216177732241849,0.00014629042256778159,7.068474425627746e-05,6.349241246046313e-05,5.916458090897251e-05,6.406658139839498e-05,4.847363547192468e-05,0.00025709919780728807,0.00016077949589071708,0.0004769794528227954,0.0001936509212552897,5.156394134463216e-05,4.121769025693448e-05,7.31909560769825e-05,0.00012047040011894926,0.00021555365982382075,9.275348570336152e-05,0.00010918704444286341,4.928404266778653e-05,0.045493684735000914,6.234802210031764e-05,0.3122967483203349,2.7548795144877355e-05,0.04116733046066863,7.779203248225605e-05,5.529060666608181e-05,0.00013944248270579546,4.3509566659624415e-05,6.495922878089596e-05,0.00032217323011333017,7.083264196475858e-05
MayerJohannSiegfriedWilhelm,0.004393366540155762,0.0009595195663205785,0.002394598172806584,0.008390607248686191,0.0012929586245029351,0.05185940758916989,0.001573114515959907,0.002941664785847171,0.0012732390790552704,0.3913927493833519,0.0032280034009450668,0.0018560263414596754,0.0011544012481537187,0.002733816997523975,0.002709222112236415,0.0017528389496253313,0.0020441635280031645,0.1251145925739963,0.007485506509148635,0.0014815897976732523,0.0007237264523922258,0.00011003729514572821,0.00013682287176206267,0.002050063116694816,0.002111155148845903,0.0012957304983388196,0.003137657535494675,0.001472389087743198,0.0022647323870540123,0.001255224392813512,0.3339128064022303,0.0002622843512344437,0.01953565404564592,0.0007725980801204202,0.0009713625441923736,0.0037624198657857577,0.00012161581179733878,0.0008886613789733874,0.008566148451671697,0.0006175233174416212
MayerJohannSiegfriedWilhelmANDMayerJulieHenriette,0.00831458921889355,0.004093944640898123,0.003560387368130361,0.02661345478582893,0.00015226178165385522,0.08962972572119508,0.0003542852777283207,0.002335735731690199,0.00021721959326200888,0.36393062045465696,0.0009413803744072883,7.715399828945189e-05,0.00606542451918639,6.457947923949102e-05,6.993012372940449e-05,5.291007030774183e-05,0.0006873779067631594,0.039821509889547656,0.001326023167608662,0.008381096749918614,0.0018631097869578148,4.499004186884721e-05,7.988958521930778e-05,0.00013149616855098877,0.0036675570212444226,0.0032450352100573654,0.00011918013043425336,5.3794648105414646e-05,0.005098265949550067,0.016337986796252285,0.39544837265033045,3.0070133461585853e-05,0.015939054422643272,8.491176426002189e-05,6.0350948666816194e-05,0.00015220462612347088,4.749167683850435e-05,0.0004776527815246813,0.00035165937298929303,7.731543198589131e-05
MayerJulieHenriette,4.3228890869842414e-05,5.6973761431089626e-05,7.386939721512424e-05,6.511420285471505e-05,8.067088611943465e-05,0.0016310271959068534,0.00018770637636690216,0.04371618995191732,0.00011508664144483792,0.13111397631971122,8.460081768248553e-05,0.0029491030958977487,3.671812492236121e-05,3.4215308390550845e-05,0.12218252508006736,2.803265671795749e-05,0.00014868234008914518,0.02045055910590657,0.006092291880418626,0.00011198973928435598,2.9819803129397412e-05,2.383649071151188e-05,4.232686338852168e-05,6.966891049806792e-05,0.00012465625264769582,5.36400168628217e-05,6.3143663666158e-05,2.8501321106386042e-05,0.00013529914826399794,3.605631563562267e-05,0.4016286309595728,1.5931669035572288e-05,0.26809831709238474,4.498769941095767e-05,3.197496084847176e-05,8.0640604145635e-05,2.5161899540684713e-05,3.756639549209817e-05,0.00018631512729663883,4.09630331476606e-05
MayerJulieHenrietteANDMayerJohannSiegfriedWilhelm,8.962404799223994e-05,0.00011812052139326655,0.00015314930057076123,0.00013499764449655664,0.0001672504481068841,0.015440441484930819,0.030536470618403182,0.09666379988780817,0.0002386027138002179,0.22359559800475204,0.00017539815599218646,8.474904632656956e-05,7.612564014503848e-05,7.093669024488665e-05,7.681405276408451e-05,5.811854342052816e-05,0.00030825480172206574,0.0001927701527249252,0.024689732691467518,0.0002321820793061709,0.05432698076086005,4.941886651515911e-05,0.0603823728430416,0.00014444066577710626,0.00025844285488304977,0.00011120885474699704,0.0001309122355200096,5.9090199153432384e-05,0.00028050817666897844,7.475354786871907e-05,0.4889949085821455,3.3030240691109805e-05,0.001122791382655216,9.327048762847042e-05,6.62919026597703e-05,0.00016718766617983234,5.216676270506562e-05,7.788431219798136e-05,0.0003862767601600305,8.49263715737575e-05
MayerThereseApollonia,0.0001838458078430593,0.0002423006231571768,0.00031415515717911964,0.0002769206654393528,0.000343080840836224,0.5635070847749971,0.0007982862781367553,0.0003946898465876947,0.0004894457420172036,0.0010369485646100367,0.0003597942338573959,0.00017384571702436482,0.00015615652409771102,0.00014551243127194205,0.00015756866488930783,0.00011921856694906328,0.0006323230685697447,0.0003954294104057021,0.0135413430010367,0.00047627509460876143,0.00012681902509484948,0.00010137291988813537,0.00018000962403951555,0.000296291134802131,0.08710778922473203,0.0002281227215047612,0.0002685402660879688,0.00012121172433441797,0.0005754064171566666,0.00015334195123890636,0.2362446725769489,6.775493206503629e-05,0.0023031819406477442,0.012559560806782746,0.00013598457859205571,0.012711187113657787,0.0001070096792871972,0.0001597640880445246,0.06263354479727988,0.00017420946430035328
MerzdorfErnestineAmalie,0.00011598465849863287,0.011398150038695674,0.011779475825329408,0.00017470373237781756,0.0027454690163222894,0.22503986129158604,0.000503622913353973,0.00024900196314745507,0.0003087815703142696,0.03579571332601162,0.00022698701609421965,0.06463241973220592,9.851604087305443e-05,0.05198862475682016,0.03185338162159576,0.02818843112306361,0.014476317368035833,0.0002494685392302927,0.0403944706253117,0.00030047247118497047,8.000759706912717e-05,6.395415610603239e-05,0.00011356448654251282,0.00018692417569582861,0.00033445717903321737,0.02516351903139266,0.006204253669814392,7.647006270036444e-05,0.0003630124481750994,9.674038291447511e-05,0.3052856392260976,4.274523716020641e-05,0.020890724603065906,0.002673006417536292,8.578996221955748e-05,0.005274413915708135,0.008575186318312318,0.0001007919811150008,0.10375904023800328,0.00010990528128525432
MeyerJohannFriedrichvongenImo,0.00012402227736820439,0.00016345586252008003,0.00021192889028821862,0.00018681052334587543,0.00023144214002545903,0.07142819846592828,0.000538523469030224,0.0002662575459414324,0.0003301798190849307,0.0006995249116934523,0.0002427169854481248,0.033491693552033616,0.00010534310230796032,9.816260334386456e-05,0.000106295731682506,8.042477743206686e-05,0.0004265647822843826,0.0002667564552722707,0.20103788193277453,0.00032129490783689704,8.555204217278261e-05,6.838611407840017e-05,0.00012143438995700677,0.0001998778309567924,0.17557332570514453,0.19205679110702345,0.00018115711071162643,8.176936027018065e-05,0.0003881688416249792,0.00010344439305881783,0.317899004022961,4.5707438620559335e-05,0.0015537252267198635,0.00012906824168360944,9.173511934707424e-05,0.00023135526203071368,7.218866876186108e-05,0.00010777676289388564,0.0005345320208434088,0.00011752160549708397
MiltitzCarlBorromäusvon,0.00010121976115086812,0.0001334031571914456,0.00017296401994180375,0.00015246387144948414,0.006998453618424395,0.06510510044792357,0.00043951149798310935,0.00021730390520725428,0.00026947354244586383,0.0005709115006046956,0.0001980914704652598,9.571402340231248e-05,8.597490612792789e-05,8.011460098345746e-05,8.675238675320735e-05,6.563802032208559e-05,0.00034813733705285523,0.00021771108595231887,0.1708849771099622,0.0002622221952406948,6.982259525027965e-05,5.581276428670294e-05,9.910767813477347e-05,0.00016312864703117355,0.3680083377298984,0.0001255972472513992,0.00014784988524741584,6.673539054144851e-05,0.000316800806026502,8.442529019785937e-05,0.2730697843268571,3.730374992434284e-05,0.0012680600588856929,0.10905836230780984,7.486886280833395e-05,0.00018881869338861984,5.8916188002108e-05,8.796111818963926e-05,0.0004362539103892609,9.591429129434e-05
MosengeilFriedrich,0.016326400587403218,0.031782855521843865,0.026703212508889195,0.00012779870253911888,0.00015833157939056645,0.10563280159731048,0.1090375399105381,0.027997972827070196,0.00022587888373680733,0.003274154241279066,0.00016604479913075198,8.022968254264265e-05,7.2066131796425e-05,6.715389005137138e-05,0.09447812159096594,5.501928919060803e-05,0.00619215440953737,0.0001824904093577841,0.0005413885341452267,0.0002198006387357396,5.852689555936088e-05,4.678353496569589e-05,8.307432152203495e-05,0.017190371824333275,0.00024466102099582934,0.05776280182106063,0.014031843016784555,5.593912999555647e-05,0.00026554967802289143,0.0008828450017785625,0.3675946722566085,3.1268855990937765e-05,0.02921582625437932,0.04062454266812739,0.039468507070778515,0.0001582721453993287,4.938489567159471e-05,7.373102015352254e-05,0.004123614679762953,0.004716368172655003
MüfflingWilhelminevon,0.0001294214857128032,0.0001705717797215671,0.017634827678521547,0.00019494316659280958,0.00024151778417773797,0.32703601987170705,0.0005619676475233993,0.0002778488502971121,0.0003445539272875148,0.0007299781562283595,0.00025328347076847366,0.00012238174612775257,0.00010992912805346788,0.00010243603194353655,0.008817759548087492,8.392600429741902e-05,0.0004451349309777839,0.00027836947923735785,0.0008258299427649068,0.0003352822186997663,8.927648031243555e-05,7.136324758716965e-05,0.00012672093674110272,0.00020857934874619959,0.0003732040562787209,0.00016059099681618798,0.00018904363726631766,8.532912244897492e-05,0.000405067454465257,0.0001079477600510798,0.6364777481476953,4.769727455364494e-05,0.001621365382886438,0.0001346871219550299,9.572873269124e-05,0.00024142712402059293,7.533134337673993e-05,0.00011246873606127806,0.0005578024349063978,0.00012263781241196502
MüllerFriedrichTheodorAdamHeinrichvon,0.00012885050055155473,0.00016981924659607912,0.00022017934337636362,0.00019408311113294343,0.00024045224957825796,0.2677721472270914,0.13841707038413195,0.07952644822407219,0.0003430338150847572,0.0025398073888463564,0.00025216602799920095,0.00012184181907729597,0.00010944413979543784,0.00010198410192670206,0.00011043385530748173,8.355573731406016e-05,0.007617327535328081,0.0002771413613470895,0.0008221865242054892,0.00033380301166815443,8.888260795634151e-05,0.053877221874109676,0.010249830627481181,0.00020765913281434702,0.00037155754467302235,0.00015988249717482534,0.00018820960950722488,8.495266515154568e-05,0.0004032803670699107,0.00010747151324522906,0.2711072959422184,4.748684244608466e-05,0.03050594459072237,0.00013409290571941783,9.530639411607396e-05,0.00024036198939801133,7.499899454757812e-05,0.0001119725434929292,0.025723421088275883,0.1068383946654491
MüllnerAdolph,3.117181841638793e-05,4.108307453864144e-05,5.326630848454798e-05,4.695304614282891e-05,5.817077799140151e-05,0.03892365248208922,0.00013535274585981013,6.692129873924732e-05,8.298755339506379e-05,0.00017581892533960488,6.100460302385717e-05,2.9476261586428368e-05,2.647698563713496e-05,2.4672235598693576e-05,2.6716419959029354e-05,2.0214001963920705e-05,0.00220429849322413,0.018940816169226785,0.06311147022677502,8.075441555929277e-05,2.1502691132204874e-05,1.718819856795171e-05,3.0521377558699e-05,5.023738947760963e-05,8.988808164662303e-05,3.867915257262209e-05,4.5532114711739894e-05,2.055195005651249e-05,9.756254201098515e-05,2.5999763147790803e-05,0.3231628051428605,1.148812944893999e-05,0.0003905140404129475,0.0042266110678031935,2.3056748701711693e-05,0.008446490930647201,0.5389691167028301,2.7088663050914106e-05,0.0001343495333665543,2.953793644412351e-05
MützschefahlAntonievon,0.027576230554420246,0.0016731596223340925,0.005827147698595551,0.0015772281277063047,0.0017525565307689858,0.36412057522432245,0.00533605228704597,0.014820387393565356,0.000297151308100958,0.008329148204660923,0.0009046214528756744,0.0012885074653204763,9.48054328001542e-05,0.01372425957642575,9.566276885893018e-05,7.237973503014071e-05,0.008723842073979741,0.010556358983388749,0.001326589874573723,0.00028915517130788837,7.699410979388635e-05,0.015877922636162462,0.00010928707855062633,0.0001798836739743787,0.0012522349807867453,0.0032103721777160922,0.000163035622737146,7.358981670715816e-05,0.20374979668919918,9.309665502369977e-05,0.2584773297205049,0.0010519149413989683,0.01286972749489643,0.0032046892720379535,8.255868207913959e-05,0.00020821235815985127,6.496749986750721e-05,0.006855120149943281,0.012585646808840254,0.0114278001455383
MützschefahlAntonievonANDSchwendlerAugusteSophieHenriette,4.859977728198917e-05,6.405235158137738e-05,8.304715157784284e-05,7.320418574146386e-05,9.069367776170122e-05,0.2568587440377739,0.02309789311634397,0.03606941097652774,0.00012938534923766034,0.0002741181312980845,9.511187575046746e-05,4.595624576886872e-05,4.1280094342737796e-05,3.8466320415715276e-05,4.165339482082649e-05,3.151551764807419e-05,0.052479990596815705,0.00010453206141567694,0.00031011196533654,0.00012590367871049605,3.352470446315573e-05,2.6798007454127037e-05,4.758567921441641e-05,7.832478385530417e-05,0.00014014391749550515,6.030441263886124e-05,7.098882088332649e-05,3.2042410298783314e-05,0.3107595700127188,4.053605989513914e-05,0.31747652965590306,1.7911067142352498e-05,0.0006088478745783152,5.0577105445166576e-05,3.594762540900962e-05,9.065963346510446e-05,2.828808903173047e-05,4.223375657960175e-05,0.00020946347474297606,4.605240263427334e-05
OertelAuguste,0.00015838030492586956,0.00020873821943289235,0.0002706397832608609,0.00023856284756843432,0.00029555880997977435,0.04859586187051775,0.0006877112164415884,0.1495106098839716,0.00042164989658903296,0.0008933150653920699,0.2986511385741605,0.00014976538217221477,0.00013452641750674044,0.00012535669703727151,0.00013574295484199633,0.00010270494175388772,0.0005447364918825294,0.00034065628872089783,0.0010106142533571633,0.00041030358863078533,0.00010925261827057785,8.733119428436707e-05,0.00015507549222611196,0.0535304611764497,0.00045671066057888606,0.0001965241776047782,0.0002313432638300561,0.00010442201585071569,0.0004957036816600739,0.00013210170675133348,0.4272769982460893,5.836982048485233e-05,0.0019841554307887207,0.00016482415827123468,0.00011714860009759394,0.010950490058220321,9.218717486337094e-05,0.0001376342777546263,0.0006826140129847709,0.00015007874479474562
OertelLudwigChristianvon,0.00013289271095963238,0.00017514670068546328,0.00022708666022519132,0.000200171754704334,0.0002479955542742457,0.1838213085908592,0.027398129695781936,0.0002853010591683195,0.00035379523899636535,0.009689920120232648,0.0002600768093976336,0.08952929570358471,0.00011287754703165742,0.00010518347792060146,0.00011389831122668428,8.61769911670117e-05,0.08092034232591076,0.00028583565194394904,0.16177451638379325,0.027165364316791705,9.167097277790041e-05,7.32772876351259e-05,0.0001301197303223608,0.00021417367411920345,0.00038321379566039145,0.00016489822230886112,0.0001941139935739824,8.761774247603862e-05,0.00041593180490030637,0.00011084303658081675,0.2959342485896432,4.897656742162332e-05,0.01060521532344373,0.00013829957730259523,9.829628159499921e-05,0.0002479024625129151,7.735181207686883e-05,0.10739984312492744,0.0005727633039160968,0.00012592709215029986
OsmundEmanuel,0.0007557456440210155,0.001542197225010931,0.0030983637774554015,0.00013875439081172605,0.004840528576299127,0.15394846530821346,0.0028617207696744937,0.000724518939042533,0.0014508144443103356,0.0013640040324131855,0.0011982195429259077,0.001284682072684952,0.004318232084795259,0.0009141384237173657,0.001091929547862871,0.0011231585221718212,0.3748863327580891,0.002197560124810823,0.004844448828743088,0.0017040418665561982,0.001896359674599881,0.00018528918279706724,0.002087430118817945,0.0009245634273402752,0.0019929965791612636,0.002050243880378036,0.0017718015440329586,0.0003717977317371154,0.024364475238548303,0.0008540302402781911,0.3619510530235724,0.0006002616514421388,0.026167561911754473,0.0003154137574807931,0.0024411551784840287,0.0008017084762200389,5.361847169078481e-05,0.0016419740628693382,0.004343348052755246,0.0008970609164302058
OsmundEmanuelANDBraunHenriette,8.31096629031158e-05,0.00010953485068856358,0.00014201753914737242,0.0001251852485818865,0.0001550937351519955,0.1876455389872434,0.017134493733700417,0.00017842419408979838,0.00022125971272154215,0.006059971152182161,0.00016264922132953535,7.858900406028964e-05,7.059239604180617e-05,6.578060850616489e-05,7.123077091985364e-05,5.389415743103251e-05,0.5090856259971551,0.00017875852262484122,0.0005303172636326878,0.00021530576642723328,5.7330034059477354e-05,4.5826822478321525e-05,8.137547082940212e-05,0.00013394189741659858,0.0002396577596105556,0.0001031255632491042,0.00012139679034474476,5.4795187703918e-05,0.00026011924842476406,6.93200352289276e-05,0.2298037263692395,3.0629415106139804e-05,0.04577083124181281,8.649105858600119e-05,6.147343047634615e-05,0.00015503551657215483,4.83749859584587e-05,7.222323781643644e-05,0.0003581999702466852,7.875344030087628e-05
OttoGeorgChristian,0.0012105567030565203,0.09497920100189726,0.007675815066649157,0.0016751971664126365,0.0007916181943290429,0.05040663089169844,0.0007927876716736575,0.003548274709792022,0.007009844580653849,0.004021476654244668,0.0005841873275522556,0.00017264826542161,0.00015508091589026108,0.00014451013971693687,0.0012181232714626208,0.00011839738787997365,0.0029575504878278183,0.0282037473775774,0.49734780946083484,0.00047299450544525885,0.001053775020939959,0.0019060804518116865,0.00017876971536355318,0.00029425027753901463,0.0005264921853424886,0.00022655140917583925,0.02709465184394416,0.00012037681637084369,0.0033549315910416126,0.00015228572984660803,0.23683662123673388,6.728823519504986e-05,0.007390916304998542,0.00019000789509810361,0.00013504791501257746,0.0017213067631537164,0.00010627259519812081,0.00015866363088879977,0.002196829077339657,0.012802429524989502
PohlEduard,5.467805048807205e-05,7.206324616109326e-05,9.343368634215288e-05,8.235968121181763e-05,0.00010203654767448902,0.6163672146401001,0.00023742035748325333,0.00011738571366976168,0.00014556730614186195,0.0003084015166540116,0.0037854756459523436,5.170389797904858e-05,4.644291000611374e-05,0.2796068699568817,4.686289839967619e-05,3.5457097984639075e-05,0.00018806081614623245,0.00011760566923064498,0.00034889702475880495,0.00014165019031306842,3.7717569621732566e-05,3.0149578588696697e-05,5.353712128140368e-05,8.812070189660677e-05,0.0001576714261868691,6.784656027926196e-05,7.98672452720417e-05,3.604988800485064e-05,0.00017113308972109182,4.560582071546507e-05,0.011406637250233177,2.015116710972537e-05,0.000684995213714401,5.69026789778361e-05,0.06625287337823102,0.00010199824552842472,0.018424167648789125,4.751584479824786e-05,0.0002356606364870708,5.18120809838978e-05
ReckeElisavonder,6.552436984373801e-05,8.635821415450583e-05,0.00011196784386236641,9.869712185720217e-05,0.00012227722875489026,0.2405126036055199,0.0002845167150858622,0.00014067116234413868,0.00017444305200451044,0.0003695781919294193,0.0001282340387496979,6.19602437047593e-05,5.56556494735286e-05,5.186199498039954e-05,5.615894969334655e-05,4.2490615177254245e-05,0.0002253658709534479,0.00014093474982379198,0.0004181066713902485,0.00016974890976652736,4.519948973017024e-05,3.613025922549246e-05,6.415711796412739e-05,0.00010560093877565464,0.4894941478816004,8.130507705891285e-05,9.57102689450756e-05,4.320099515930011e-05,0.00020508024268042635,5.4652509314304e-05,0.2473015497981551,2.414849312831035e-05,0.0008208756406632335,6.819029115269205e-05,4.8466178942285326e-05,0.00012223132872805816,3.813925313140511e-05,5.694141909242434e-05,0.01791502773083827,6.208988664479233e-05
RichterCaroline,0.0028153430887519005,0.016392509686162383,0.007778058959740188,0.0027676516542532105,0.025057937311226495,0.263486933007605,0.004469095648036228,0.007328692247344703,0.0016101965521331198,0.00784938060932798,0.05471711330858976,0.002190109084116145,0.0017372456345701814,0.002140476226121672,0.003725936260283654,0.0023655810671557036,0.004221212860716629,0.002597214104936741,0.012464756949642433,0.0016265929548072188,0.0014137882801472667,0.0014032449894586137,0.007886206519174762,0.0017219786561977202,0.038518461101220744,0.0039582021038619105,0.003420746753614251,0.001914207915575296,0.003165140760396996,0.0029171784532313885,0.28178938621426797,0.001368794696984973,0.16102423811356376,0.0017940979390034472,0.001003546654332743,0.01214831177711049,0.0015541651024329611,0.001313729467548756,0.043290172423409344,0.0010523648629452663
RichterCarolineANDJeanPaul,0.012403382317899942,0.0006340868821150631,0.008543542859380226,0.0009785912938280374,0.04712961975812184,0.2758303191422186,0.025969390624363268,0.0022236428048716733,0.0026037957455422966,0.01452728240720177,0.0023564790214827976,0.0010574633821937793,0.0014088709129008216,0.005694518176847368,0.00039314901141705505,0.007499877067180211,0.0174566720343086,0.0019647416194054877,0.006837925870232204,0.0006867238493512568,0.00200039554316221,0.004612949477901309,0.006327736395953644,0.0006254010312430205,0.004145225440956099,0.0066695029273219145,0.0006970652861364498,0.004205125182407924,0.013738681227133304,0.002179267852942692,0.27385098717206624,0.0015948210378396678,0.13332159100662921,0.00027586568475265456,0.00019607125025056292,0.01366075120164925,0.001862627602679095,0.0722165612747371,0.021368112291626985,0.00025118633174811024
RichterCarolineANDOttoAmöneANDOttoGeorgChristian,0.0002364966354352608,0.00031169207942699734,0.0004041247312036667,0.00035622680999507445,0.2709168061200226,0.07256431179263956,0.0010269041274775354,0.0005077234115565556,0.0006296160493036406,0.0013339159022817786,0.000462834191078858,0.0002236326606706735,0.00020087753418832231,0.0001871851243907388,0.00020269409204129563,0.00015336107086507756,0.0008134114124185072,0.0005086747759455533,0.0015090693931531145,0.0006126735155839723,0.00016313819224920715,0.00013040468400703513,0.00023156182308847173,0.0003811447066000897,0.0006819694825368383,0.00029345382815726694,0.00034544638332416534,0.00015592504021014807,0.0007401946406174048,0.0001972569076475043,0.3516327562452353,8.715898205959933e-05,0.2893485741995841,0.0002461187259857897,0.00017492863005914386,0.0004411686530966262,0.00013765573122032914,0.0002055182531992626,0.001019292881443942,0.00022410057999899151
RichterCarolineANDRichterEmmaANDJeanPaul,0.0003729862580810509,0.000491579350230553,0.0006373577831762777,0.0005618164700046394,0.0006960421917917277,0.06425811622660045,0.001619562693612534,0.0008007465098524194,0.0009929872102633977,0.0021037605886916944,0.0007299503129283621,0.00035269808018515043,0.00031681025682059127,0.0253878829499911,0.00031967520716088367,0.0002418705528389078,0.0012828566395459468,0.0008022469364562515,0.00238000065033019,0.0009662666091737427,0.00025729035749346064,0.0002056653154261913,0.00036520341081908695,0.0006011152659340188,0.0010755554511324814,0.0004628152323710374,0.17619348627463075,0.00024591426927526345,0.001167384173341061,0.00031110005319387484,0.07781036279229668,0.00013746116310167352,0.6319893796052755,0.0003881615587476064,0.0002758854266020419,0.0006957809137467081,0.0002171011693117149,0.00032412928026255496,0.0016075587588750295,0.0003534360504274413
RichterEmma,0.0017801448899892678,0.0006348781459529387,0.0004069996337491662,0.0003587609715639042,0.0019189738184924017,0.1675158596814638,0.01281434894365859,0.0017294082240379158,0.00715229213602038,0.00841189734003736,0.004249277181677567,0.06922073484367025,0.02640323819586149,0.0072859956254624466,0.01179887195383685,0.007503861764732602,0.006957995314945891,0.001003556714930671,0.00507217988271847,0.005252514713906053,0.002064301990157986,0.00013133236976603396,0.0010296611658422309,0.001121106077048986,0.014839849139755812,0.00029554142906959693,0.0010089366723083446,0.00015703427520715534,0.004498809706046012,0.049085062822024135,0.30425263275160813,0.003589716263284587,0.25546324624625255,0.0008451478886900945,0.00017617305467611765,0.0007505324864753327,0.00013863500019728388,0.0024600094895379262,0.00651045022718995,0.004110030968153652
RichterEmmaANDJeanPaul,6.761063699354923e-05,8.910782175449598e-05,0.00011553285082149204,0.000101839594857746,0.0001261704819998989,0.12990919385136726,0.00029357560230097615,0.000145150070353849,0.00017999724214441912,0.0003813453991982224,0.0001323169542080093,6.393303064408903e-05,5.7427700902255564e-05,5.351325811668473e-05,5.794702597996385e-05,4.384349769762002e-05,0.00023254142127739657,0.00014542205034305576,0.0004314190041256658,0.00017515364047979826,4.66386216262444e-05,3.728063080657088e-05,6.61998524147497e-05,0.00010896322627391324,0.00019496425832704332,8.389379499371175e-05,9.875764186107456e-05,4.457649586621175e-05,0.00021160990751199692,5.639262120105846e-05,0.1505598231149853,2.491737054065605e-05,0.6694777862893933,7.036144006579403e-05,5.000932078775895e-05,0.04561120980958104,3.9353590195861266e-05,5.875440886095564e-05,0.00029139966778208215,6.406680135837826e-05
RichterEmmaANDJeanPaulANDRichterOdilieMinna,5.925540199437358e-05,7.809599249019687e-05,0.00010125545067171428,8.925438955434837e-05,0.00011057849715927395,0.1537192823952783,0.00025729590939580177,0.00012721261255310386,0.0001577534159626952,0.00033421922840856406,0.00011596539628837959,5.603226947699888e-05,5.03308599636545e-05,4.6900158950364144e-05,5.078600752051451e-05,3.842537500659461e-05,0.04006790280891565,0.0001274509816073166,0.008350924513150245,0.000153508380321852,4.087508113834622e-05,3.267353871045402e-05,5.8018960347592396e-05,9.549769182149034e-05,0.000170870827659945,7.352630840706703e-05,8.6553300319485e-05,3.906779021036182e-05,0.00018545942906605,4.9423694072043347e-05,0.29141022929266497,2.1838114144231607e-05,0.31168230805139197,6.166626438380463e-05,4.382923366077696e-05,0.00011053698856410586,0.19138216339066952,5.149361507021278e-05,0.00025538887404805307,5.6149508979579506e-05
RichterEmmaANDRichterCaroline,0.0007487478976561227,0.0009868165302119713,0.0012794581298067654,0.0011278134024260693,0.0013972636162664376,0.7334589606183441,0.003251176513053093,0.0016074513546211974,0.0019933632137261567,0.004223175207737603,0.0014653321680279535,0.051080069337727435,0.0006359778909033357,0.0005926277475454053,0.0006417291096083344,0.0004855408584616082,0.002575258983523997,0.0016104633724660009,0.004777710826460789,0.0019397231842169754,0.0005164952061546421,0.0004128609813627005,0.0007331242911587811,0.0012067034156504858,0.0021591140836964293,0.000929074261405475,0.0010936825921047154,0.0004936583805280133,0.05271550358304919,0.0006245149941663653,0.05545561304457067,0.0002759451713081017,0.009380157514669444,0.0007792114180250525,0.0005538237098197691,0.0013967391160129466,0.00043581778303883,0.000650670398459138,0.05359912808228904,0.0007095020097387187
RichterMax,0.0011917928143246046,0.0006370629625886552,0.06085514037499126,0.00046328618579993846,0.004066935658856727,0.12948180035340995,0.006741263007483424,0.007493823517223657,0.004026461320405937,0.010863939673053912,0.00046073326354097106,0.0009783892533444586,0.003392816600246421,0.0031749754935347925,0.00010829333462708354,8.193619063438764e-05,0.0018788555026524312,0.0004766911839149399,0.005365569631453083,0.002813952988387298,8.715981144680604e-05,0.03301796343462323,0.00012371649189197104,0.00020363411107599466,0.004978513739942796,0.00035127310265816147,0.0001845615745791842,0.004184220888973764,0.001163229609316511,0.0071166787063949724,0.29612030268268813,4.6566413035921994e-05,0.18910311062471738,0.0001971975628089371,0.0016096829772934442,0.21428238489038198,0.00019893982759882872,0.00010980219868049765,0.0014749704192071947,0.0008923716222103608
RichterOdilieMinna,0.00018075793468154617,0.00023823094324419423,0.0022042762776001115,0.00027226950748959706,0.00033731845695009335,0.06516026041176037,0.001651898908901193,0.008217333650503868,0.000481225014068476,0.0010195319823115589,0.024301708772422718,0.015753783472389107,0.00015353371999130396,0.00014306840528917542,0.00015492214247405376,0.0001172161725645782,0.0006217025738423974,0.0003887877802375176,0.002020425071813793,0.00046827558078033104,0.00012468897345780625,9.967026089199438e-05,0.00017698618339973668,0.010274155668251215,0.0005212395303312731,0.0002242911735487306,0.0022424322055348504,0.004265327048393795,0.0015663672084891044,0.0013722336512135278,0.23667646208485282,6.661692060457173e-05,0.5695856898555213,0.0001881122431774425,0.00013370058236967494,0.0031802883384782505,0.00010521234531167819,0.0274874830468851,0.017651232456859907,0.0001712834431111519
RichterOdilieMinnaANDRichterEmma,0.00021279695869391786,0.0002804569563071213,0.00036362679568301186,0.0003205287958227159,0.0003971075564498207,0.20845178548743987,0.0009239965498674912,0.0004568436994382152,0.0005665212961279977,0.0012002422217829753,0.00041645289396982334,0.00020122210181876013,0.00018074730013192903,0.00016842702692062504,0.00018238181804248126,0.00013799253169952366,0.0007318982547511336,0.00045769972619824005,0.0013578433229294912,0.0005512765987077613,0.00014678987332552567,0.00011733663823616954,0.00020835667117274773,0.000342949633247476,0.00061362831457968,0.0002640463871040912,0.0003108286916129025,0.00014029956189389104,0.0006660186436691982,0.0001774895019182904,0.27344734384659003,7.842465188143293e-05,0.2460366016586101,0.00022145480535487198,0.0001573987739680514,0.21513583414242607,0.00012386104731072206,0.00018492296584431283,0.04386492316821065,0.00020164313026086434
SchillerCharlottevon,7.256132417404145e-05,9.56326079487698e-05,0.00012399257001541493,0.00010929664598384124,0.0001354091257336212,0.6178151037304777,0.00031507223412468444,0.0001557784658919195,0.0001931772694128111,0.005290835215773017,0.0001420056641224251,6.861443063222857e-05,6.163275790665955e-05,0.009820564432765121,6.219010978191098e-05,4.705387185842341e-05,0.00024956891701540136,0.00015607036120666954,0.00046300901167654033,0.00018797900230300692,0.0049316200379458,4.0010448912446195e-05,0.009834179983844966,0.00011694189459367487,0.00020924022283904696,9.003679192240268e-05,0.0001059890216154749,4.78405427151887e-05,0.00022710472464387442,6.0521886051514906e-05,0.27386036624908794,2.674190751283352e-05,0.010672165883824115,0.058654310031631685,0.004935237551482542,0.00013535829629818358,4.2235197634459773e-05,6.305661205973757e-05,0.0003127369700741177,6.875799650582712e-05
SchlabrendorffAmanda,0.00015538903963084396,0.00020479586440442276,0.01389150962088065,0.00023405720675060692,0.06950151214290416,0.4461224710049037,0.009825660308414147,0.0003335973603796395,0.0004136863641099899,0.0008764433820480991,0.00030410310204920303,0.00014693682346791331,0.00013198567101594167,0.00012298913537913393,0.0001331792320984826,0.00010076519471248741,0.029055809485011217,0.00033422245002826505,0.0009915271872971473,0.007215545000647523,0.00010718920788898765,8.568180504523009e-05,0.004727615452546136,0.0002504293974836709,0.005023553758455848,0.00019281250428543602,0.00022697397639462213,0.00010244983911954283,0.10689107787125178,0.00012960675480005473,0.21053799637160434,5.72674130966677e-05,0.08254667637687951,0.00016171119050261402,0.00011493606147420398,0.000289867858769955,0.005034127175068419,0.002606875385554702,0.0006697217559083926,0.00014724426773627774
SchlabrendorffAmandaANDMützschefahlAntonievon,0.0002614557016435873,0.0003445870220240095,0.1235728839767336,0.00039382179953682583,0.00048791127202574015,0.6958530536092232,0.0011352801644564285,0.0005613068471992434,0.0006960636274329133,0.0014746929381162027,0.0005116801680939379,0.00024723410588257163,0.00022207747923762167,0.00020694001817298544,0.00022408575054833687,0.00016954628683847414,0.0008992561402295274,0.0005623586154131394,0.0016683315442925892,0.0006773330352063332,0.00018035525300764355,0.00014416715946896812,0.000256000085658884,0.00042136944785053736,0.00075394226741544,0.05309275651044646,0.0003819036425868452,0.00017238084895761078,0.03599720067710952,0.00021807474384615726,0.0721329094115451,9.635745035861826e-05,0.0032754625050735358,0.00027209327554199205,0.00019339001430396615,0.00048772812148572793,0.00015218345802354752,0.00022720796425658622,0.0011268656528992866,0.00024775140785633046
SchlichtegrollAlfred,8.758086646179427e-05,0.00011542769872921737,0.00014965791818694003,0.00013192006989389064,0.00016343759838422555,0.02571719573028672,0.041470362780341954,0.0001880232089780989,0.00023316322887544604,0.0004939838162771004,0.00017139956096299858,8.28170014116565e-05,7.439018514805863e-05,6.931952901878529e-05,7.506290385481134e-05,5.679360064954878e-05,0.0003012274409672352,0.0001883755240009151,0.01550069259936548,0.00022688896716979525,6.0414323459191494e-05,0.49351274187038474,8.575337686405555e-05,0.00014114781628891295,0.00025255106936786725,0.00010867359905244557,0.00012792779699356637,5.7743105307022955e-05,0.0002741133625699916,7.304937279782874e-05,0.2913055262839427,3.227724214620928e-05,0.044228105658021696,0.00756206661804836,6.47806298020182e-05,0.06740167821432025,5.0977504147235674e-05,7.610876432038316e-05,0.009003652879069488,8.299028413144189e-05
SchmidtLudwigFriedrich,0.0002031504885535009,0.000267743336379027,0.027693317221095727,0.0003059986470977285,0.00037910595431537913,0.09425496305839699,0.0008821101188637207,0.00043613415014523324,0.11888157924496412,0.03300680137099285,0.0003975743327759649,0.0001921003408279059,0.00017255369884934898,0.00016079192585526648,0.00017411412111344605,0.00013173708122311595,0.000698719986116029,0.00043695137166748274,0.2108890045331546,0.0005262862356819716,0.0001401356234779656,0.00011201755668505491,0.0047504783865670724,0.0003274031075024947,0.018816594291919196,0.00025207668789166827,0.0002967382661160722,0.00013393952957562052,0.0006358268166875119,0.0001694435825075954,0.44308964301306963,7.486952089041631e-05,0.002545026954705477,0.00021141585940179393,0.00015026360351007038,0.009494355074841514,0.00011824620252263353,0.00017654007409979145,0.028221746346668113,0.00019250228329096246
SchragJohannLeonhard,0.000263215898695814,0.2902833312807531,0.0004497825269826978,0.0003964731242786068,0.0004911960349028513,0.07970349731531978,0.00114292320603619,0.0005650857307792299,0.000700749733482495,0.0014846210067958837,0.0005151249502038709,0.00024889855894918577,0.00022357257045905112,0.00020833319953291002,0.00022559436204574033,0.00017068772254797684,0.01075201288690443,0.004404078766036306,0.32409748577592207,0.0006818930413735394,0.0001815694578718022,0.00014513773539265212,0.0002577235538919877,0.0004242062315020026,0.0007590180295744265,0.00032660808455892967,0.00038447473077383147,0.00017354136777700586,0.0008238214348434946,0.00021954288746999146,0.15501540078876827,9.700615719122938e-05,0.003297513886664629,0.01996733046504365,0.09866171885882435,0.0004910116513392766,0.00015320800203818093,0.00022873759541939048,0.0011344520455004805,0.00024941934355271174
SchwendlerAugusteSophieHenriette,9.951753100279328e-05,0.0005576501049394726,0.009210799417811317,0.0011972149583129475,0.00542830874314943,0.36008547784296047,0.01358137399248214,0.0016769508694134839,0.0006356654549551548,0.007860667954905044,0.00019476013210535344,0.00014148422430550084,0.006002327218434355,0.0006363462561280392,0.00017312043488286311,0.0008702079016234405,0.003959862323673622,0.0010073283350936543,0.001548540542835114,0.0015824157055446522,0.0037104245855288766,0.0023684071416579956,0.0032117633960336315,0.002609640605629623,0.006113615232458127,0.001066456966972251,0.002244680640800149,0.003025530465491848,0.19085975222785986,0.0007543300142695406,0.2734465206928122,3.6676406340091375e-05,0.018625187819449027,0.008299119482470354,0.004232230400928715,0.004835722201081496,0.0007978169207082474,8.6481860922695e-05,0.005509955335452178,0.051715667658574195
SchwendlerAugusteSophieHenrietteANDSchwendlerFriedrichChristianAugust,9.071800955527246e-05,0.00011956231422793948,0.0001550186587618154,0.00013664544146051378,0.00016929192654629508,0.5038735657574688,0.00039391130566150185,0.00019475819271700228,0.00024151512630088165,0.0005116782965914706,0.0001775390863025296,8.578350305176631e-05,7.705483857052277e-05,7.180255174383801e-05,7.775165403413578e-05,5.882794512716609e-05,0.0003120173957161837,0.0001951231276496824,0.0005788656205432943,0.00023501612079476685,6.257836208136975e-05,5.002207895275064e-05,8.882505935407591e-05,0.00014620372535808682,0.00026159743845538444,0.00011256628297399048,0.00013251016550641182,5.9811461003057716e-05,0.0002839320921276817,7.566599837615176e-05,0.1348832032315922,3.3433411654074065e-05,0.03165178733287318,9.440895805818904e-05,6.710106934075264e-05,0.00016922837829573325,5.2803516283436923e-05,7.883497717927292e-05,0.0003909916992614689,0.3235480478884473
SchwendlerFriedrichChristianAugust,6.046050373415922e-05,7.96842631499615e-05,0.00010331472485871326,9.106959317317901e-05,0.00011282737801780183,0.34801724243158605,0.02873491055131779,0.06520952986391414,0.0001609617127531181,0.00034101638377447013,0.004185806962477541,5.7171821031088086e-05,5.135445958268783e-05,4.785398697692404e-05,5.1818863664593155e-05,0.09359131883148128,0.00020794910526919253,0.00013004300519508922,0.0003857944765764556,0.00015663034405800395,4.170637465312784e-05,3.33380340479198e-05,5.919891605968219e-05,9.74398680735478e-05,0.008309312158152263,7.502164350225017e-05,0.00415579670048783,3.986232809834304e-05,0.2401707358482762,5.0428844281276726e-05,0.19158219887722594,2.228224494856485e-05,0.0007574365820832513,6.292039683407576e-05,4.4720607003296665e-05,0.00011278502524508083,3.519176852625212e-05,5.254086212314573e-05,0.012463032212903563,5.7291444882163136e-05
SchwendlerFriedrichChristianAugustANDSchwendlerAugusteSophieHenriette,2.779151036341611e-05,3.662797840505169e-05,4.749004836660316e-05,4.186140349728081e-05,5.186267152596046e-05,0.1581012844709654,0.00012067493750387452,5.966427568008938e-05,7.398828709334927e-05,0.005765778276588215,5.438919329333336e-05,2.6279821677753517e-05,2.3605790682381407e-05,0.043024524501578634,2.3819260469398623e-05,1.802197220458184e-05,9.558669473815024e-05,5.9776073690355174e-05,0.041310188422118206,7.199731330809396e-05,1.9170914428522257e-05,1.5324290429542287e-05,2.721160406485549e-05,4.4789588841052335e-05,0.026255592189057632,3.4484740518219034e-05,0.020607020875570075,1.8323272815027575e-05,8.698274708138444e-05,0.005632205677676144,0.4152565648090671,1.0242343400429621e-05,0.0003481662460695652,2.892223439574998e-05,2.0556448197241627e-05,5.184320348568129e-05,1.6176385231664936e-05,0.003763501376372567,0.00011978051453404322,0.2786079276350133
SchützeStephan,7.912788015656226e-05,0.00010428703757775276,0.00013521348090273484,0.00011918762513456916,0.00014766319654607358,0.1946254391053192,0.08551689280983886,0.00016987589353390908,0.00021065916308811328,0.00044630629717173583,0.005478188424326608,7.482380601345273e-05,6.721031536937213e-05,6.262906050490572e-05,6.781810571625375e-05,5.131208912870904e-05,0.00027215406528458084,0.0001701942043936779,0.08035488564375493,0.0002049904702745725,5.458335295762447e-05,4.363126007679589e-05,7.747677319999527e-05,0.02674418336723229,0.13331146888072662,9.8184819006734e-05,0.00011558067187672537,5.216995105426432e-05,0.0002476569389983428,0.005389330638181003,0.4636670925081102,2.9161960271810545e-05,0.0009912975809266648,8.234727322123131e-05,5.852823931214285e-05,0.00014760776721755027,4.6057341081488096e-05,6.876302353818871e-05,0.00034103861485763854,7.498036411613333e-05
SpazierJohannKarlGottlieb,0.014432220806308328,0.012500577962483517,0.0013450403986958908,0.004453833278682266,0.0007906658872300616,0.03452310143808297,0.010505779689224871,0.0018548502045498331,0.013584703445776135,0.007523136283226737,0.001013440505920886,0.0026636309483829865,0.0004598141479918759,0.0011914234607572991,0.005621481865929326,0.0019030546457275122,0.0019353845618491068,0.0018327137635073903,0.19492907920626648,0.2549956273395626,0.006016439513342758,0.0003105810433749002,0.0009280254257667434,0.010043807984778745,0.0023184371553201387,0.0015682904664508922,0.004097761880502928,0.011287692967608579,0.001400920823990978,0.00013457775457617694,0.37160364720259564,0.0008651647869558172,0.010189846444523462,0.002619406413807479,0.002261208741320774,0.0008328441604451522,0.000748431740557462,0.0014546760090140937,0.0022341627396618227,0.0010245169052494933
SpazierJohannKarlGottliebANDLeipzigerAugustWilhelmvon,0.00041459993078658066,0.0005464243257385943,0.0007084671005057548,0.0006244977248681063,0.000773698865009341,0.04353509549435896,0.0018002555486383964,0.0008900849303951217,0.0011037737174695124,0.030230704018042738,0.0008113900784837439,0.00039204822286387664,0.00035215643392886984,0.00032815240467944047,0.00035534102367462423,0.00026885578836669145,0.0014259835649207155,0.0008917527579695197,0.002645534744297445,0.3915652798846606,0.00028599596392010534,0.00022861117184207384,0.0004059487596878545,0.0006681810448814029,0.0011955540075145492,0.0005144510264137148,0.0006055986646621006,0.0002733506578647235,0.0012976279607689446,0.00034580914907018885,0.30962941378427056,0.00015279755613787878,0.2004396254488056,0.00043146832330696205,0.00030666566474247235,0.0007734084364559178,0.0002413229115555332,0.0003602920328865239,0.0017869123479077823,0.00039286852764655285
SpazierRichardOtto,0.02432147641308169,0.011978423261810636,0.008110676322312868,0.005406072126917765,0.0001669034171235969,0.15555966437550162,0.00347907892471557,0.0014124019776667598,0.0006363841726393321,0.0061967628586257996,0.00017503421918227237,8.457319899574168e-05,7.596768567584617e-05,7.078950242180176e-05,7.66546698950834e-05,5.7997952202395485e-05,0.0003076151982522069,0.00019237017044442453,0.07303291723686617,0.006820893559853376,0.015372946663672404,0.0023176498387809576,0.00037111353157164945,0.017874300169915248,0.029131685794710736,0.00011097810548055304,0.017860799810043057,5.896759182922512e-05,0.000279926145173868,7.459844037863625e-05,0.37630888112684235,3.2961705646600246e-05,0.05826815973798263,9.307695900478208e-05,6.615435239055191e-05,0.00016684076546390238,0.178228572784438,7.7722708628301e-05,0.005057256367553999,8.475015630756327e-05
StainleinJohannGottliebEduardvon,0.0001378214045896497,0.055813289952198426,0.00023550879690696758,0.0002075956776960195,0.0002571931551042519,0.005200005240491144,0.0005984413645774897,0.028111705963717367,0.0652705054074839,0.0007773563582356758,0.0002697224769781731,0.00013032476064205934,0.00011706392296612006,0.00010908449802822654,0.00011812254502369976,8.937310316105423e-05,0.0004740257854512165,0.0002964366574226913,0.2790376665289164,0.0003570432379186063,9.507084427066551e-05,7.599497845642232e-05,0.00013494558029824243,0.00022211689700724703,0.3620031347758261,0.00017101392882147592,0.00020131324774463384,9.086728871600752e-05,0.0004313577859231215,0.0001149539570698539,0.17710261105965286,5.079299884309076e-05,0.0017265978148196925,0.009415370041494592,0.00010194187098401259,0.0002570966107775566,8.022061790301654e-05,0.00011976836064751268,0.0005940058147139723,0.009402538688520902
SteinAnnaChristianeCharlottevon,9.183900716784844e-05,0.00012103973937715327,0.00015693421607208515,0.00013833396190312,0.00017138385786640592,0.7819527328886139,0.0003987788466864643,0.00019716480933189122,0.0002444995158538658,0.006696474448837494,0.00017973292733651738,8.684352523028252e-05,7.800700110691918e-05,7.268981205164562e-05,7.871242708210476e-05,5.955487891201862e-05,0.0003158729780574928,0.00019753425374609857,0.000586018632186875,0.00023792020248283882,6.335163956878408e-05,5.06401991182725e-05,8.992266588183124e-05,0.0001480103570057562,0.06204956369193236,0.00011395725853759686,0.00013414758656429148,6.055054804120813e-05,0.0002874406258683267,7.660099908823377e-05,0.10565758093632656,3.3846546541272527e-05,0.007329013300076174,0.030987942418455962,6.793023368089886e-05,0.00017131952435349632,5.3456006521919104e-05,7.980913679365027e-05,0.00039582316286563977,8.702523287474133e-05
ThieriotPaulEmile,0.00011188631997494122,0.007674618457513421,0.00019119100321246687,0.0001685305449416088,0.21849635503548406,0.03433010280696012,0.0004858273081943757,0.00024020343452089458,0.00029787071864296956,0.000631074269567005,0.0002189663895348224,0.00010580038647313382,9.503495905811444e-05,8.855709377677171e-05,9.589437074833446e-05,7.255496812852907e-05,0.03049345311473005,0.00024065352405491382,0.0007139392096465559,0.00028985522300830144,7.718051440577418e-05,6.169432463252221e-05,0.3388316278584692,0.00018031917672286057,0.00032263907516413343,0.00013883271047237925,0.00016343033594392976,7.376797944270916e-05,0.0003501853387953433,9.332204428911504e-05,0.2642101469742673,4.1234826607417015e-05,0.02398316022959905,0.00011643852132098974,0.07535433104604343,0.00020871644534154528,6.512478776434171e-05,9.72304785470756e-05,0.000482226435363541,0.00010602175863597368
ThieriotPaulEmileANDJeanPaulANDRichterCaroline,7.033329115548822e-05,9.269615921956593e-05,0.00012018531397103792,0.00010594063589387879,0.03301790872489978,0.14551063623660662,0.014534005267203973,0.00015099520746137768,0.00018724566136148408,0.00039670203070522024,0.00013764530669940647,6.650758902290018e-05,5.974029217228061e-05,5.56682162920412e-05,6.02805302697014e-05,4.560905836659845e-05,0.07856640983613115,0.00729916332041138,0.014543073825933648,0.00018220700973405613,4.8516740853103746e-05,0.0024214103008453804,0.0353045700588961,0.00011335113318775101,0.00020281539348812936,8.727216562084072e-05,0.00010273457384386286,4.637157408750372e-05,0.00022013135651786917,5.866353021246683e-05,0.258303456765123,2.592078340028591e-05,0.14521400972991633,7.319486800189576e-05,5.2023176764171734e-05,0.0001312020497450735,4.093834402896339e-05,0.26198068297579713,0.00030313421952650986,6.664674663203616e-05
ThümmelMoritzAugustvon,0.00014875870627780789,0.00019605737902893966,0.0002541984247601735,0.0002240701619234828,0.00027760362137311563,0.15648359403433218,0.12808098599399642,0.00031936301212531857,0.07663605130077097,0.0008390462026727283,0.0002911272515962452,0.0001406671398162029,0.00012635394178498155,0.1322803997172159,0.0001274965745145752,9.646561970440068e-05,0.0005116437667719168,0.004292873174087746,0.008895042957417484,0.024222848124765283,0.0001026155250742906,8.202582692032917e-05,0.0001456546608478126,0.00023974376360201885,0.05604972992386992,0.00018458533986583968,0.00021728916767493574,9.807838160271131e-05,0.00046558969826086187,0.00012407653213331396,0.3219614210452432,0.03022900867805935,0.050142313765251134,0.00015481109573083432,0.00011003182624841556,0.000277499415432243,8.658680682866364e-05,0.00012927299961849263,0.004614056977130723,0.0001409614656690628
TiedgeChristophAugust,0.0001135964364551295,0.00014971506647031566,0.00019411324505159963,0.00017110643502704818,0.0002119861278985146,0.14948789938901094,0.0004932528923627956,0.00024387480249567472,0.05379786138438654,0.02356733610538145,0.00022231316178932754,0.00010741748304542714,9.648751241509045e-05,8.991063677951903e-05,9.736005970665156e-05,7.36639280687963e-05,0.0003907059297170004,0.0002443317713830399,0.008367056762303274,0.0002942854893165163,7.83601730956326e-05,6.263728603577318e-05,0.00011122609788291976,0.00018307524909950864,0.3595112248095421,0.00014095468665517968,0.00016592827233975557,7.489547954623763e-05,0.00035553771537836387,9.474841675305357e-05,0.3905237300043002,4.186507663758015e-05,0.0014231124660113947,0.00011821821551670883,0.00772622888693805,0.0002119065532380676,6.612018177541926e-05,9.871658912589508e-05,0.0004895969823122861,0.00010764223875134904
TruchsessvonWetzhausenChristianFreiherr,0.02712974058441672,0.00037439270883266187,9.943916423559058e-05,8.76533741419766e-05,0.004474973700582661,0.13848796220600942,0.04672100443133856,0.00012493071522163895,0.013928587735753567,0.003242728292427211,0.00011388524776362336,5.502718135224935e-05,0.04944748480404524,0.0006414540318869613,4.987502508951976e-05,3.7736113470899905e-05,0.0007085075102114621,0.0033333309067265587,0.000669020060633054,0.0005412099384015488,4.014187759271456e-05,3.2087451692063635e-05,5.697823562592793e-05,9.378468613946687e-05,0.0004655033800130683,0.04266560723337953,8.500073614314546e-05,3.8367005245427296e-05,0.00969580044712025,4.853714836442293e-05,0.3630980386588532,0.01631170872784311,0.023462341801412104,0.2145810031890277,4.3043039514430594e-05,0.00010855421300301668,0.006239685872735352,0.027201007170632178,0.0026755370945296965,0.0027883282985920865
UngernSternbergRosalievon,3.9272851518759664e-05,5.175987697406717e-05,0.02560705138969609,5.9155355805337205e-05,7.328838812900305e-05,0.40992410744288765,0.015985098032832403,0.0559375680252574,0.00010455462747967392,0.0009309541519607116,7.685867678663445e-05,3.713664788972746e-05,3.335791039527119e-05,3.108413607317642e-05,3.365956968401228e-05,2.5467282245928196e-05,0.003393972942379442,8.447100699881476e-05,0.0002505974687535481,0.00010174113455238764,0.1271286288970524,2.1655123266060155e-05,3.845337198488934e-05,0.0007727360799340547,0.00011324848735671011,4.873121598377572e-05,5.736514811305319e-05,2.589305738307669e-05,0.040310639391712866,3.27566657801809e-05,0.27833783069190793,1.4473701727946564e-05,0.02035640147407544,0.01959425321928093,2.9048811210565363e-05,7.32608773731914e-05,2.285923891886473e-05,3.412855251591497e-05,0.00016926472511290627,3.721435100913959e-05
UtheSpazierWilhelmine,0.005198601875161934,0.006760142082724663,0.0007355760085707856,0.008142096151528088,0.001201676468578881,0.09265091545767287,0.004677411741820974,0.0004994352706776314,0.00507234355435431,0.010761334016880635,0.0007795257816094461,0.0038441822192507775,0.0005337717408302652,9.96952566937345e-05,0.010286246541855708,0.0030260222908853503,0.0018343272510366196,0.007779681397016007,0.22512460604818416,0.008280712958244358,0.004620508587717015,0.00034069838150428976,0.007579139577690845,0.14434438478403558,0.01200755494694484,0.00529786443943705,0.004502028103083156,0.005080766945946395,0.0021513601106357976,0.007275425735223346,0.3572693398211269,4.642108777542513e-05,0.030115983242547224,0.002013962782414723,0.009778404762091691,0.000833349006233806,7.331578032198286e-05,0.00042608752844033946,0.008835743744293391,0.00011935651895915096
VoßErnestine,5.014351140559462e-05,6.608692470832028e-05,0.024133905988827437,0.0012899925708308153,9.357449189267257e-05,0.2457395350275602,0.024299627517723014,0.007618490076890158,0.00163566304424626,0.0002828252805248905,9.813303050400028e-05,4.741601017014494e-05,4.259132443115535e-05,3.968817316394355e-05,0.0030473122225650774,3.251658355284433e-05,0.005938608077068349,0.00010785244103967993,0.00031996243070494363,0.00012990291113465114,0.0007216816165979051,2.7649225316948393e-05,0.15164803166581106,8.081270969208083e-05,0.0013590585910971294,0.0008133038704146343,7.324372556233865e-05,3.3060212538776914e-05,0.0001569407460526815,4.1823656308051745e-05,0.40182384126626974,0.005515216206047218,0.0384182488822886,5.218364785987491e-05,0.025540814806213605,0.03600006161317337,0.022372992500327187,4.3575279007198125e-05,0.0002161169190938319,4.751522138358665e-05
VoßGeorgANDSpazierJohannKarlGottlieb,5.273809631951702e-05,0.19165922879602984,9.011869856031046e-05,7.943759446107323e-05,9.841633400119301e-05,0.001989809769037939,0.0002289967833417441,0.0036611787388656798,0.00014040263951906723,0.00029745956092440564,0.00010321074591255378,4.9869465487040114e-05,4.479513514834261e-05,4.174176559227156e-05,4.5200222530849183e-05,3.4199095103662734e-05,0.00018138849771190326,0.11364808333543774,0.5928454743798458,0.00013662450130767128,3.6379366160520895e-05,2.907988425721941e-05,5.163764679986648e-05,8.499421656191824e-05,0.00015207731049029794,6.543939293768701e-05,7.703358909715114e-05,3.477085318399125e-05,0.0001650613598803478,4.3987745432648616e-05,0.09260496445032787,1.9436212200272468e-05,0.0006606918724572839,5.488379592879464e-05,3.900860121803161e-05,9.837939079911551e-05,3.069684775290833e-05,4.583000266660706e-05,0.00022729949650427002,4.997381020450801e-05
VoßHeinrich,0.0016148804763858765,0.0007648949471498578,0.0022131348071699735,0.00021738571257570063,0.0002693221646637517,0.17135541153633055,0.05077996629424371,0.0032981260586703825,0.004672114241293155,0.002421527049360828,0.0002824423586575831,0.00013647076506051413,0.00038615308962857537,0.00011422882980035822,0.00012369310337391774,0.028456663361767668,0.0004963804366893364,0.0006877635078484903,0.007582573993154706,0.00702036915438615,9.955430409882933e-05,0.01918369252207346,0.005939817203163353,0.00023259174018896132,0.0007334738344071614,0.15407400481863884,0.0010574899668471718,9.515251245392364e-05,0.00045170025074068427,0.00012037508751804732,0.31140572048040116,0.08142238688480961,0.058975192560661784,0.0024142756840806637,0.047789379728392395,0.02875375240549347,8.400375373732858e-05,0.0008024524366905618,0.0033347256267915342,0.00013675631059992976
VoßHeinrichANDTruchsessvonWetzhausenChristianFreiherr,9.320206556430533e-06,1.2283618990673545e-05,1.5926340611349628e-05,1.4038709024261285e-05,1.7392750695066736e-05,0.13954949637359276,0.08531482507757962,0.0006470264280967597,2.4812833467815e-05,5.256891589722785e-05,1.8240049184184867e-05,8.813244156217086e-06,7.916476730148266e-06,7.376866146116487e-06,7.988066308495785e-06,6.0438781953377074e-06,3.2056110925830397e-05,2.004660224080177e-05,5.947162176869298e-05,2.414513722949019e-05,6.4291893464230924e-06,5.139179204958825e-06,9.125728227786876e-06,0.0006420380286902798,2.6876054412898027e-05,1.1564859213186134e-05,1.3613858145709015e-05,6.1449228628714855e-06,0.0006561879955299992,7.773789764805135e-06,0.3292473710765989,0.4063106573550464,0.03209464485369666,9.699408024859696e-06,6.893844226510974e-06,1.738622186110708e-05,5.424939117162016e-06,8.099364996920912e-06,0.005056308339027443,8.831684607953934e-06
WagnerJohannErnst,0.0035082519031150966,0.003620193110052008,0.005641708379046777,0.0016293072396790724,0.002014481496612179,0.12716956980034483,0.2310703621738922,0.0014361984085163593,0.21783983221659453,0.004995203987118277,0.0024846439547073196,0.005842237860892734,0.008817455702633304,0.0022259977601701312,0.006191936134322386,0.005014010194435025,0.004035264660603447,0.00449008542475306,0.033801066638806776,0.004286456722286364,0.006301426669566661,9.066571654518091e-05,0.003806712152591293,0.0010895428760078335,0.007873897728849189,0.006644486555589014,0.0009560982846967629,0.0032552989454053805,0.002341637556670617,0.0014961881389098572,0.24877562321098018,0.00023470330272468511,0.020889515158029098,0.00877853469864552,0.0005567374317192343,0.0037155339746600033,0.0031901825104145598,0.00196931717735749,0.0014059596307876674,0.0005136745112677958
WagnerJulianeLouiseAntoinetteKaroline,0.012764239811843514,0.00012410690418777272,0.00016091095220515476,0.0001418393648579359,0.0001757267500492626,0.1745988874884427,0.0890993990963736,0.00020216099461936067,0.00658573196492991,0.0005311273016092307,0.0001842873861685748,8.904415294137245e-05,7.998370999615079e-05,7.45317825876251e-05,8.070701156937321e-05,6.106400830902167e-05,0.0003238772458121076,0.00020253980080939943,0.01960597881665311,0.0002439491354311905,6.495697943964223e-05,5.192342921722666e-05,9.220131947022376e-05,0.00015176096123665865,0.00027154081484450276,0.00011684495224133228,0.0001375469061518648,6.208490784048884e-05,0.0002947244136337536,7.854207967937453e-05,0.3617364314024281,3.470422301221163e-05,0.12154539389224812,0.209154211710228,6.965159580044206e-05,0.00017566078631566716,5.481058959491624e-05,8.183151206642459e-05,0.0004058533800704758,8.923046508428585e-05
WagnerKarlLudwigFriedrichErnstANDWagnerLudwigAnton,0.00025815416039289723,0.0003402357370433683,0.00044113304396859577,0.00038884880063713354,0.0004817501549372876,0.1783656555530553,0.0011209443734582552,0.0047311692655794746,0.011119994108497889,0.004064251212516097,0.0005052189084178148,0.00024411214834246992,0.00021927318790282503,0.00020432687567074992,0.00022125609969552928,0.00016740533501994535,0.0008879007510632532,0.0005552574118257017,0.0016472646278754516,0.000668779988008926,0.00017807781058110547,0.00014234668349162472,0.005469127460138516,0.0004160485900336538,0.0007444218343904066,0.00032032729126397455,0.0003770811406415326,0.00017020410360424934,0.008763139981703152,0.002823501009567985,0.2661719009944694,9.514069319795795e-05,0.034961847414250825,0.4583967848757023,0.00019094797496161344,0.0004815693171372888,0.00015026175594866858,0.00022433888753818664,0.013045377519401604,0.0002446229180669999
WangenheimKarlAugustFreiherrvon,4.326981980963559e-05,5.7027703958979726e-05,0.0009432940796546919,6.517585271976352e-05,8.074726498955155e-05,0.19160851450050168,0.007576558555842915,9.289392422328771e-05,0.01567602575895338,0.0002440554836085184,0.000380227895789371,4.091620547988009e-05,0.48842905688811644,3.424770330675026e-05,3.708524995699325e-05,2.8059197924450775e-05,0.00014882311192999906,9.306798744245138e-05,0.0002761018591312941,0.04808870003672175,2.9848036398916222e-05,2.3859059004928188e-05,0.0044038764170198945,6.973487274197135e-05,0.00012477427668571296,5.36908030147795e-05,6.32034478326381e-05,2.8528306042434984e-05,0.00013542724895272576,3.609045361006799e-05,0.23948996849491203,1.594675307565847e-05,0.0011331692356841292,4.5030293583594875e-05,3.200523461264019e-05,8.071695434490103e-05,2.5185722725843077e-05,3.760196320407052e-05,0.00018649152970887377,4.100181678248701e-05
WestphalenEngelChristine,6.730450188327686e-05,8.87043492529494e-05,0.0001150097280763285,0.00010137847398996234,0.0001255991929818137,0.19271176408648247,0.00029224631739285925,0.00014449284340303564,0.095265363955341,0.0003796187002492605,0.00013171783449595514,6.364354741694322e-05,5.716767324491996e-05,5.327095471735204e-05,5.768464686364188e-05,4.364497813621331e-05,0.0002314884938563394,0.00014476359189040053,0.06382025339297852,0.00017436055996129926,4.642744598570333e-05,0.3849097521433164,6.590010521489802e-05,0.00010846985021987337,0.00019408147704622482,8.351393115388399e-05,9.831047580961042e-05,4.437465735256394e-05,0.0319060456645476,5.6137280294987986e-05,0.2087409756733376,2.480454684430647e-05,0.0008431767636180428,7.004284955738747e-05,4.97828829132649e-05,0.018237205707895283,3.917540054686605e-05,5.848837398485539e-05,0.00029008023531706457,6.377671242902062e-05
WilkenFriedrich,0.00022920324076649908,0.0003020797086370104,0.00039166180058035805,0.0003452410185392832,0.00042772387081942766,0.008647844336458434,0.17061147765549878,0.0004920655684069613,0.0006101991204796576,0.0012927788471504315,0.00044856070082170284,0.0002167359821953344,0.0001946826082680161,0.00018141246303430853,0.0001964431447178266,0.00014863152021170632,0.0007883263601600491,0.0004929875933681487,0.494891599959688,0.0005937790829252258,0.00015810712185181246,0.00012638309264118749,0.00022442061466115566,0.00036939046423622817,0.0006609380095983832,0.00028440391257656176,0.00033479305286201094,0.00015111641849380888,0.000717367543581588,0.00019117363937620348,0.3099493254413276,8.447105859752459e-05,0.002871410401274848,0.000238528592618,0.00016953395061459673,0.0004275633132295375,0.00013341052251214153,0.00019918021067507184,0.0009878585853333526,0.00021718947121123682
