sender_norm,0,1,2,3,4,5,6,7,8,9,10,11,12,13,14,15,16,17,18,19,20,21,22,23,24,25,26,27,28,29,30,31,32,33,34,35,36,37,38,39,40,41,42,43,44,45,46,47,48,49,50,51,52,53,54,55,56,57,58,59,60,61,62,63,64,65,66,67,68,69,70,71,72,73,74,75,76,77,78,79
AdelheidLouiseTheresaCarolineAmelia,0.00018548084008628506,0.12474396627855261,0.00022655715366725127,0.00011777991803873428,0.00026738444218599633,0.0001645300056319774,0.001673863971055769,0.00020294431929475206,6.867045711031598e-05,0.00014943845439124395,0.00028667273974813056,0.015614317337519695,0.0004643792482154428,0.00020586517255595507,0.0001690559110339622,0.00018427280823137245,0.05049013605028413,0.00012190579072975837,9.310779781434023e-05,0.0012281777675723594,0.0015116035592260318,0.00011850403090207009,0.0003073397432611974,0.00014797416447969502,0.0005321674007370093,0.001002728214450609,9.374240921730655e-05,0.026462714695989986,6.642521164426929e-05,0.00015099145379485828,0.0008463602134487783,7.019201239673117e-05,0.0008914355702349452,0.0001261619939756039,0.0001518737976279757,0.000576213525361503,6.221724734347345e-05,0.00022142116302328028,0.11781337652118401,0.0003049882525287487,0.06709094559343529,0.025418274548106815,0.000611829848269933,0.0006188581604378788,9.019385570365429e-05,0.005561898654530199,0.0010293740833426518,0.0005540378428143985,0.000461467770007912,0.00011927889676081721,0.0005256511088011657,0.00014297201842347311,0.08407938430290401,0.0006473260492422657,0.052334029799358056,0.00010257504139743504,0.0006658205856066974,0.022579793485660315,0.0001611644230751992,0.0005902142559311121,0.00012056069711760427,9.661301285742195e-05,0.00010979172666580941,0.000309945798385888,0.00023563855795501057,0.0004883728150352014,0.3627597423234363,0.00026149457386035325,0.015004287679900913,0.00015096855470028516,0.00017197921181890015,0.00016379904262459814,0.0003613518017755572,0.0001248540947838131,9.680878793480078e-05,0.001255381030165274,0.0001865145880134008,0.0001704795735230454,9.883161217504688e-05,0.00633055654891338
AdersbachGerson,0.00029526513092800093,0.3478592728771326,0.0003606541118161697,0.00018749269684253248,0.00042564667214916506,0.00026191370295665736,0.0026646076454017,0.000323065072272604,0.00010931582744681768,0.0002378896104901316,0.00045635152394093206,0.007155255994889418,0.0007392407725821916,0.00032771474994383614,0.0002691184473952912,0.000293342076861392,0.009530539719104029,0.0001940606331304034,0.00014821739053629506,0.0019551241474667393,0.0024063068865683274,0.00018864540501066482,0.0004892511242195181,0.00023555862173544985,0.0008471520680040613,0.0015962332141003276,0.00014922762220711392,0.009244221813945984,0.00010574164320121376,0.00024036181501554764,0.0013473125262962547,0.00011173797639033428,0.001419067544857215,0.00020083604135076808,0.0002417664095132205,0.0009172686619771754,9.904302608455176e-05,0.0003524781786619334,0.2786518478342357,0.0004855078091759293,0.005636344601896534,0.010102118896937495,0.000973965937242046,0.0009851542384784755,0.00014357871465781592,0.008853931940755549,0.001638650511560482,0.08437276671602456,0.0007346060189669897,0.0001898789063746233,0.0008367788467554037,0.00022759575446827408,0.05039447035707777,0.0010304719915744873,0.06433346229714856,0.00016328820278185848,0.0010599132626974573,0.06883944018828828,0.0002565560650798081,0.0009395562877114572,0.0001919193917961592,0.00015379730799917074,0.00017477637331009987,0.0004933996778234344,0.0003751107102701555,0.0007774358963759491,0.010742913740096295,0.0004162706485042933,0.00618415576349635,0.0002403253621713933,0.0002737720212555621,0.00026075009011137937,0.0005752323906485164,0.00019875400944965584,0.00015410896042552272,0.00199842875449477,0.00029691074411858376,0.0002713847617544502,0.0001573290745023339,0.0012270395590798086
AretinJohannChristophANDBaboJosephMariusFranzvon,0.0001863535077308988,0.7464912234754789,0.00022762308100276045,0.00011833406003857556,0.0002686424575759431,0.0001653041018265835,0.0016817393231856467,0.00020389915075348547,6.899354431454218e-05,0.00015014154644079288,0.0002880215045286577,0.004515965190909489,0.00046656410323636633,0.00020683374631893145,0.00016985130113259124,0.00018513979221446644,0.006015100738924614,0.00012247934452222243,9.354586011002538e-05,0.0012339562134705757,0.0015187154933589905,0.00011906157977599387,0.0003087857440973116,0.00014867036720079605,0.0005346711918128171,0.0010074459441561962,9.418345729221297e-05,0.03218156776027928,6.673773520714299e-05,0.00015170185254158953,0.0008503422483243028,7.052225835690934e-05,0.0008956296798747328,0.00012675557275210308,0.00015258834770868964,0.0005789245487736131,6.250997288142292e-05,0.0002224629260685267,0.04413233948069753,0.0003064231898508208,0.00355732010766845,0.006375846975367895,0.0006147084426969676,0.0006217698223268807,9.061820821132528e-05,0.005588066796728451,0.0010342171790301586,0.0005566445319963689,0.00046363892683322404,0.00011984009129627412,0.0005281242414157943,0.00014364468657887522,0.005458770764026987,0.0006503716495232789,0.01425622014147592,0.00010305764606825072,0.0006689532007161955,0.017100121089524273,0.00016192268456148066,0.0005929911512929253,0.00012112792238754406,9.706756681744336e-05,0.00011030828507401453,0.00031140406043446135,0.0002367472123327625,0.0004906705572386112,0.006780277957052732,0.0002627248780456472,0.0039030654085694134,0.00015167884570920948,0.00017278835573711132,0.00016456969971592194,0.0003630519236080101,0.0001254415200335838,9.726426299575946e-05,0.08030280820710835,0.00018739211933217225,0.0001712816618024164,9.929660440912372e-05,0.0007744332195285742
AretinJohannChristophANDBaboJosephMariusFranzvonANDSchererJoseph,3.1441872311027975e-05,0.4060055756540407,3.8404943030460084e-05,1.9965518498053472e-05,4.532580014871939e-05,2.789038170199587e-05,0.0002837458425327526,3.440220224658077e-05,1.1640705007579534e-05,2.533213025744915e-05,0.09340070903149947,0.00076194112266812,7.871946784093062e-05,3.489733206826625e-05,2.8657592696267828e-05,3.12370922199299e-05,0.005460216495235114,2.066491775817322e-05,1.578321237211153e-05,0.00020819513500849675,0.0002562401920973109,0.08448152435078073,5.209884190317089e-05,2.508391046070987e-05,9.021060856895444e-05,0.00016997794740823132,1.5890788824158586e-05,0.0009843886441158675,1.1260101160748165e-05,2.559538768568179e-05,0.00014347115178048282,1.1898632171416948e-05,0.00015111212219977456,2.1386410063919755e-05,2.574495861776509e-05,0.0045430158494721255,1.0546786102581303e-05,3.753431314791671e-05,0.003000742631904701,5.1700227839767746e-05,0.0006001969372976733,0.001075743456161046,0.00010371462603053675,0.00010490603369099268,1.5289254097373864e-05,0.005388166621602494,0.026846527282035453,9.391798689904566e-05,7.822592723590136e-05,2.021961858491288e-05,8.910599626024988e-05,2.42359693067466e-05,0.005366351580930481,0.00010973178132258464,0.011296010544313671,1.7388056644644433e-05,0.00011286689139946162,0.09179193556270517,2.7319863383482665e-05,0.00010005044867438355,2.0436903578487307e-05,1.637740055756508e-05,1.8611396460290865e-05,5.2540608569894546e-05,3.994438157240178e-05,8.278674866563479e-05,0.08116007706356741,4.432737633449961e-05,0.0006585316568070258,2.5591505934837478e-05,2.9153137411096526e-05,2.7766472162167327e-05,6.125472154159746e-05,2.1164700913988944e-05,0.008907088069983245,0.000212806508929878,3.1617108579696164e-05,2.889892551627732e-05,1.675348746994722e-05,0.1646081970814195
BassewitzAdelheidHenriettevon,2.5316304918603214e-05,0.006159094336495066,3.0922816507962764e-05,1.6075796923119344e-05,3.649533863294081e-05,2.245672269384247e-05,0.01043126433346956,2.7699897554778307e-05,9.372839967167972e-06,2.0396874826389436e-05,3.912800097270908e-05,0.0006134982548327234,6.338318631846208e-05,2.8098565210956225e-05,2.3074464133530257e-05,2.5151420487542162e-05,0.020051275066402603,1.6638937844050655e-05,1.2708295900918711e-05,0.0001676341494013447,0.00020631897399003515,1.617463118565107e-05,4.194884307395924e-05,2.019701369856209e-05,7.263560041312768e-05,0.00013686250944145491,1.2794914097034516e-05,0.024509959594515008,9.06638611021376e-06,2.0608843924771882e-05,0.00011551981986212561,9.580517253746357e-06,0.0017775494883456092,0.00167309719454686,2.072927515374334e-05,7.864746191298797e-05,8.492040494375559e-06,3.022180445118442e-05,0.13180560877795905,4.162788778624193e-05,0.004330088948149803,0.039486412424954716,8.350873863790354e-05,8.446803391510884e-05,1.2310571548608437e-05,0.010961942712622652,0.0001404994076859219,7.562070000658578e-05,0.0058332211359129445,1.628039273138232e-05,7.174619084656703e-05,1.9514270107645685e-05,0.10832293494533583,8.835361990353486e-05,0.20672231452511083,1.4000481256434794e-05,9.087794167020539e-05,0.046879744036671375,2.1997353876036316e-05,8.055842351968842e-05,1.6455345835229057e-05,1.3186723175642344e-05,1.498548760356351e-05,4.2304543889960854e-05,3.216233860593835e-05,6.665807149480331e-05,0.34093939104194937,3.569142970955532e-05,0.036590660738358746,2.060571842426032e-05,2.3473465852553382e-05,2.235695345422493e-05,4.932095623667121e-05,1.7041352262653036e-05,1.3213444542399579e-05,0.0001713471263873379,2.545740131281656e-05,2.3268780018977182e-05,1.3489540096199039e-05,0.00010520750461532732
BayreutherPostamtANDOsmundEmanuel,5.090145396755542e-05,0.0023955773342680315,6.217401497129988e-05,3.232230926688789e-05,7.337823609834594e-05,4.515192245226944e-05,0.0004593580114852241,5.569395157878914e-05,1.884521393102208e-05,4.101035235574712e-05,7.867151808916913e-05,0.00843009963490535,0.0001274394644510464,5.649552050500247e-05,4.639396537904004e-05,5.056993413065168e-05,0.0016429922736668368,3.345457133104751e-05,2.555154636059649e-05,0.00033704847396085315,0.0004148289330118585,3.2521027353150915e-05,8.434315796031863e-05,4.060850769355347e-05,0.0001460425477857832,0.00027517841749090063,2.5725702586653853e-05,0.0015936332531022205,1.822905185906537e-05,4.143654153851091e-05,0.00023226639163803793,1.926277391368403e-05,0.00024463640892637275,3.462259997214156e-05,4.167868290461691e-05,0.1800728335619171,1.7074261417883217e-05,6.076454652582451e-05,0.15598627288820202,8.369783903024911e-05,0.0009716627710052046,0.4551265808502269,0.00016790429050893215,0.00016983306820974423,2.475187405944559e-05,0.051902467224809366,0.00028249083568030966,0.00015204444695841166,0.00012664046831813465,3.2733673569448494e-05,0.00014425428365102302,3.923577018006518e-05,0.10224326767757017,0.00017764550280328982,0.011090597658449152,2.8149639313056475e-05,0.00018272095313534275,0.004670805701897294,4.422830659249568e-05,0.0001619723296772684,3.308543767525177e-05,2.6513481523704473e-05,3.013011219001566e-05,8.505833692384199e-05,6.466622215614497e-05,0.0001340240121403132,0.0018519962973625632,7.176188121601301e-05,0.008262689370202641,4.143025734652767e-05,4.7196205978492875e-05,4.4951324482933135e-05,9.916567175140689e-05,3.426367357050259e-05,2.656720802227197e-05,0.007541101995493634,5.118514511593311e-05,4.6784660669290446e-05,2.712233110076052e-05,0.00021153225047796284
BergnerCaroline,7.951232767638611e-05,0.014983764602072056,9.712101061996348e-05,5.049014999305154e-05,0.00011462294096128965,7.053107865115157e-05,0.0007175556272570734,8.699860971256533e-05,2.9437800070900152e-05,6.406159982606135e-05,0.00012289149007593998,0.0019268481093109664,0.0001990711004599896,8.82507274056455e-05,7.24712535672644e-05,7.899446596815447e-05,0.002566491324920441,5.225883802146002e-05,3.991365213569539e-05,0.0005264979016411448,0.011889669961366008,5.080056426137953e-05,0.00013175106583942882,6.343388485988938e-05,0.02271147562905236,0.00042985169961848687,4.018569872442313e-05,0.002489388407203772,2.8475303388616554e-05,6.472734296914808e-05,0.00036281952676454047,3.009006368182029e-05,0.00038214252819824347,5.4083396433981424e-05,6.510558803181566e-05,0.0002470124602562505,2.667142415138771e-05,9.49193030428558e-05,0.15373022260778058,0.00013074302370656227,0.024001163459319776,0.058928775010332564,0.00026228054258974455,0.00026529345465036325,3.8664497129565935e-05,0.0361093041793468,0.00044127430832341033,0.00023750614070155884,0.0001978230016851936,5.113273543354632e-05,0.00022533725417143213,6.128955407013e-05,0.013570791876156141,0.0002774971307918793,0.10725782080878113,4.397209059015255e-05,0.00028542540863959353,0.2546129836218098,6.908831344180711e-05,0.00025301432371687365,5.1682220382704135e-05,4.141627530125824e-05,4.7065754838866276e-05,0.00013286823518652,0.00010101404665082332,0.00020935671457630707,0.27269311256879797,0.00011209805946915579,0.0129070117547233,6.471752653576151e-05,7.372442047011264e-05,7.021772784825993e-05,0.0001549050718978016,5.3522723379789005e-05,4.1500200584841027e-05,0.0005381594550832598,7.995547697351768e-05,7.308155228210685e-05,4.236734925500752e-05,0.00033043106440236187
BornträgerJohannFriedrichWilhelm,0.00017702527636188559,0.0583879931898548,0.00021622903325782856,0.00011241065401142136,0.0002551951174624025,0.00015702953309503065,0.0015975570950104898,0.0001936926433615216,6.553995896393167e-05,0.00014262596436050487,0.00027360411434261225,0.25457313580345003,0.00044320946958090684,0.0001964803429187181,0.00016134911485992558,0.00017587231537211228,0.030742327444848026,0.00011634843946151274,8.886326820529049e-05,0.0011721885054266426,0.001442693691149529,0.00011310175655166001,0.00029332896574381763,0.00014122842741736135,0.0005079073458068799,0.0009570165802376297,8.946894941171728e-05,0.00554234398156348,6.339706809206434e-05,0.0001441081667728229,0.0008077769683260836,6.69921507102718e-05,0.0008507974629953427,0.00012041061405322612,0.00014495028696610626,0.0005499455281910753,5.9380933363955505e-05,0.0002113271783669512,0.016894900165264813,0.0002910846730363848,0.003379252598116162,0.006056693467157364,0.0005839382004418906,0.0005906461110989127,8.608216473817904e-05,0.15547828172839387,0.0009824477369130148,0.0005287807743028117,0.00044043071769435095,0.00011384129839719122,0.0005016881137812928,0.00013645431550589243,0.005185523014106551,0.0006178162267868277,0.18874085886677927,9.789892607110026e-05,0.0006354676478693256,0.2164707261427032,0.00015381737823334655,0.0005633080037826262,0.00011506466498478826,9.220869009048746e-05,0.00010478662241459542,0.0002958162179497493,0.0002248964411854978,0.00046610923537450166,0.03146920245865538,0.0002495737521095335,0.003707691049251729,0.00014408631158528245,0.00016413915036495036,0.00015633189269006253,0.0003448787623747307,0.0001191623384050646,9.23955403180454e-05,0.0011981516457500064,0.00017801189855100796,0.00016270787647357126,9.43261495388927e-05,0.000735667690832199
BrockhausFriedrichArnold,0.00015133604744317874,0.07211976211855092,0.00018485070555011933,9.609805118346328e-05,0.0006324039040124436,0.0001342420097222134,0.009534915076951431,0.0038049189073967224,5.6029051574044394e-05,0.00012192863162075376,0.00023389973499692506,0.024845832682025306,0.005203839201160513,0.00016796786938388388,0.0011303101837011318,0.00015035039972871461,0.018265743748212205,9.946440031700652e-05,7.596777166205412e-05,0.0010020850068153827,0.0032774685787489433,0.0015477635974529822,0.0002507621916404622,0.0005349756227745682,0.00043420178045443393,0.011666941597293604,7.648555873560102e-05,0.05207322596830239,5.419712880394503e-05,0.001345615743914247,0.0026765552834516395,0.006982441783825415,0.0032971532328448508,0.0001029370877171792,0.00012391565744748073,0.0004701395430975169,5.076380013901018e-05,0.00018066018903422411,0.09096832809104918,0.013796989433996112,0.011905779604038543,0.019349397105149418,0.0004991993291698374,0.001727353814976863,7.359025125992367e-05,0.021523826232531358,0.0015016704045655936,0.000452046137091418,0.20007810676382592,9.732108594487543e-05,0.001421884964318423,0.0001166525887693649,0.05444881641547405,0.0020538664939555545,0.12309750435127559,8.369220952518255e-05,0.007149458144399425,0.18003716269634856,0.0001314959904500903,0.0008596276741279834,9.83669222669299e-05,7.88277187585391e-05,8.958038980110283e-05,0.000252888503349026,0.00019226033249327798,0.0003984692514425966,0.021914722336993354,0.00021335656673462738,0.010348885363793069,0.00012317705885913675,0.0001403199066111521,0.0012546907726351452,0.0032738309939610946,0.00010186995704186162,7.898745399795579e-05,0.0010242804758269282,0.00015217949480555583,0.0001390963336955695,0.0005523250132865034,0.0050399655237163
CarlAugust,0.00041716947659074083,0.07861383786732791,0.0005095552142705856,0.0002649016833127457,0.0006013808636156115,0.0003700484443624149,0.003764728240203108,0.00045644701316789024,0.00015444839820992205,0.00033610566876839484,0.2955476261905972,0.010109403670115879,0.0010444466815414343,0.0004630163754028657,0.000380227768473557,0.00041445246271273374,0.013465356555140905,0.00027418128410705887,0.00020941101659155626,0.0027623245410156555,0.003399784394558887,0.0002665303031963408,0.0006912453047558024,0.00033281229865160094,0.0011969106670038675,0.0022552604581181183,0.00021083833655997355,0.01306082829182062,0.0001493985619278958,0.00033959855756515744,0.0019035693772327367,0.00015787056527657116,0.002004949460420189,0.000283754014527663,0.00034158305857811074,0.0012959758790597473,0.00013993432689392193,0.0004980037325772548,0.039813730580419066,0.0006859565096564955,0.00796338843014816,0.014272920203776056,0.0013760814186879087,0.0013918889668263273,0.0002028571983935953,0.07148997448632291,0.002315190331057166,0.0012461000111430695,0.0010378984049680918,0.0002682730728784879,0.0011822547160446,0.00032156185008163664,0.012219960709011084,0.0014559167891428795,0.09089443345179804,0.00023070402479919347,0.0014975133014907276,0.038280194729988,0.0003624788306331427,0.2372497561008925,0.00027115600129139526,0.0002172946811478529,0.0002469352474674072,0.0006971066468320407,0.0005299804219182924,0.0010984111972676266,0.01517827617480599,0.0005881338172605602,0.008737371104082275,0.0003395470546536274,0.0003868026354937977,0.00036840441765295136,0.0008127251415386315,0.00028081238658906287,0.00021773500364435258,0.0028235080617079675,0.0004194945042403946,0.0003834297624646151,0.00022228458692824307,0.0017336400306010992
CarolineFriederikeWilhelmine,0.00015063439318941524,0.39043723034410105,0.00018399366397904807,9.565250230379816e-05,0.0002171506942616875,0.0001336196102427324,0.0013593936896356268,0.0001648169933562015,5.5769278552114365e-05,0.00012136332187150595,0.00023281528256944667,0.003650372265487442,0.0003771359145890693,0.00016718910337248108,0.00013729522985683122,0.00014965331533073404,0.004862162568410175,9.900324370059188e-05,7.561555478421065e-05,0.0009974389411916019,0.0012276172826317185,9.624057545312456e-05,0.000249599558140908,0.00012017412938037343,0.0004321886478836107,0.0008143447918793527,7.61309411904424e-05,0.00471609275052415,5.394584930636645e-05,0.0001226245579252037,0.0006873537833514897,5.700497792228477e-05,0.02202106731409391,0.00010245983033741385,0.00012334113505427124,0.0004679597887306624,5.052843892199341e-05,0.0001798225763684832,0.05697042578690945,0.0002476898440194483,0.002875474480324438,0.005153763145633918,0.000496884842048589,0.0005025927390910641,7.324905751458396e-05,0.004516979912407307,0.0008359846781861561,0.00044995027096866484,0.0003747714183269674,9.686986658843136e-05,0.000426896577386495,0.00011611174085833909,0.02570957308261181,0.1283083514636985,0.032820780511560524,8.330417907366535e-05,0.0005407322925604005,0.07771379274774226,0.0001308863226107952,0.08566775627176346,9.791085399632093e-05,7.846224202569283e-05,8.916505939820374e-05,0.0002517160114206284,0.00019136893693747333,0.0003966217891228634,0.13326331436290004,0.00021236736062579242,0.003154949410705225,0.00012260596090346272,0.00013966932757843102,0.00013302597389188746,0.0002934643242021189,0.000101397647305373,7.862123666885302e-05,0.0010195315031594568,0.00015147392999353718,0.00013845142763472474,8.026403115811972e-05,0.0006259945386049179
CottaJohannHeinrich,0.05752672490263352,0.0813372373757911,9.37125286257305e-05,4.871818771589969e-05,0.00011060022509477784,6.805577582963351e-05,0.0006923728638184117,8.394537547585704e-05,2.8404674376974668e-05,6.181334470458914e-05,0.00011857858776474635,0.012706368628735046,0.00019208465893555851,8.515354983902041e-05,6.992785990500013e-05,7.62221388148664e-05,0.0092352436713764,5.042480327142345e-05,3.851287424263018e-05,0.007975752056119114,0.0006252558770348021,4.901770793115312e-05,0.000127127234880833,6.120765952523726e-05,0.00022012437907166545,0.0004147659651415961,3.877537329994991e-05,0.0024020228051734502,2.7475956715215375e-05,6.245572345410635e-05,0.0003500863002851316,2.9034046661300058e-05,0.0003687311569791856,5.218532842835156e-05,6.282069392791536e-05,0.0002383435067748134,2.573538499363754e-05,9.15880904323044e-05,0.22606150333828695,0.00012615457019551741,0.008932282055114985,0.002624939173831827,0.0002530757525947871,0.0002559829258822683,3.7307558590305006e-05,0.03217153653659053,0.0004257876950268968,0.0002291708134749018,0.00019088036244590927,4.9338221487196416e-05,0.0002174289965393256,5.913858446891721e-05,0.1498539427170899,0.00026775831148061256,0.022766352210595774,4.2428880958492185e-05,0.000275408344774273,0.21100913379017577,6.666364476429727e-05,0.0002441347335935112,4.9868422148192993e-05,3.9962762536806865e-05,4.5413972419292855e-05,0.00012820519693817545,9.746893775032788e-05,0.0002020092972929614,0.0244857309038897,0.0034875759005226917,0.0016068938493290314,0.044868836496188357,7.113704665569738e-05,6.775342213810549e-05,0.09172384544913237,5.1644332311185116e-05,4.004374244517036e-05,0.0005192726374835623,7.714942293984472e-05,7.051674005997213e-05,4.08804583530569e-05,0.00031883451772146085
CottavonCottendorfJohannFriedrichFreiherr,6.246574411712606e-05,0.2651843764519307,7.629931577999881e-05,3.966560761166009e-05,9.00490214445926e-05,5.540997779940696e-05,0.011558199253740952,6.834704820828384e-05,2.312665394583933e-05,5.032748530209238e-05,9.654488300857284e-05,0.004848092221567963,0.0001563924083955781,6.933072540282912e-05,5.69342001859736e-05,6.205890636127373e-05,0.002016263327540793,4.1055108045545634e-05,3.13565965674626e-05,0.00041362244274841914,0.0005090738272116131,3.990947241630521e-05,0.0001035050614966281,4.9834345639334995e-05,0.00017922192214813094,0.0003376961417349433,3.1570319308275415e-05,0.018447410136676178,2.2370506148056204e-05,5.08505003117025e-05,0.0002850349421515092,2.363907928927133e-05,0.00030021530095128077,4.248850085712546e-05,5.114765372160295e-05,0.00019405565887729793,2.0953359120119317e-05,7.456963050789741e-05,0.022453311916468946,0.00010271313270054,0.0011924146225849688,0.005471525078028326,0.0002060504293999888,0.00020841740568311305,3.03752468918112e-05,0.0018731214393769664,0.0003466698666070892,0.00018658739147584745,0.0034897514069886703,4.0170429679789006e-05,0.0001770273826772749,4.814973619159316e-05,0.007327021273933834,0.00021800474557645398,0.011447367725350812,3.4544949687283485e-05,0.00022423328635494104,0.18443488198530608,5.427652585526563e-05,0.00019877078768956328,4.060211099554677e-05,3.2537073569048243e-05,3.6975365762272125e-05,0.00010438272181183004,7.935772696791153e-05,0.4459776727413335,0.002272750929485301,8.806544725147361e-05,0.0013083085371066398,5.084278841552252e-05,5.79187016510542e-05,5.5163806021465934e-05,0.00012169509894107634,4.204803004511386e-05,3.260300617902762e-05,0.003757123403670985,6.281388699520867e-05,5.741365745342425e-05,3.328424754781996e-05,0.0002595902160142329
DalbergKarlTheodorReichsfreiherrvon,0.00016278857876228376,0.43225635766234083,0.00019883949758240944,0.00010337038292119281,0.0002346718577851798,0.00014440092986488793,0.0014690786216128935,0.00017811552552006508,6.026911518593714e-05,0.00013115572256124238,0.00025160036935232167,0.06108642341526739,0.0004075657506647203,0.00018067903316292032,0.00014837312293700743,0.00016172834101120767,0.016629812867989306,0.00010699148443881311,8.17167210954597e-05,0.0010779189546345088,0.001326669616893818,0.0001040059057268427,0.0002697389120050409,0.00012987057810380883,0.0004670605049518652,0.0358005321079746,8.227369230772705e-05,0.005096618507325606,5.829855953059199e-05,0.00013251872353544242,0.0007428140621110838,6.160451900699243e-05,0.0007823747696483665,0.00011072697149500876,0.00013329311887733342,0.0005057178995607756,5.4605409727678004e-05,0.0001943318588576793,0.027176341474472367,0.00026767510943583777,0.0031074869026134454,0.0055696030633602695,0.0005369768187262524,0.011918483924423328,7.915927907301974e-05,0.004881439919991919,0.0009034374869346384,0.0004862552540214987,0.0004050104711044121,0.00010468597225995834,0.00046134143497923285,0.00012548040903365083,0.004768493736904951,0.0005681303120199984,0.11642045780593338,9.002571477357444e-05,0.0005843621734253738,0.014937762335262197,0.00014144710239208705,0.058718806669383554,0.00010581095346147372,8.479309801317261e-05,9.635948993691129e-05,0.0002720261348239973,0.00020680985665821655,0.0004286238752678297,0.040048908574285065,0.00022950257295024814,0.1420321478473295,0.00013249862598219231,0.00015093877866647978,0.0001437593949815883,0.0003171429793873521,0.00010957908446529229,8.496492140252511e-05,0.0011017940915658362,0.0001636958549843202,0.00014962261044810138,8.674026748680193e-05,0.000676503945047304
DegenGeorgChristoph,0.00014749321448938736,0.15291246555170296,0.00018015684447193647,9.365786086448724e-05,0.0002126224512683801,0.00013083324077747544,0.0013310462557433794,0.00016138006492324972,5.460632189796208e-05,0.00011883253276315117,0.0002279603859474745,0.0244272490607151,0.00036927150011612045,0.0001637027093341022,0.00013443221270310982,0.00014653259504533183,0.004760771902091642,9.693872925763252e-05,7.403874377146748e-05,0.0009766393489450314,0.0012020177818912738,9.423367092560644e-05,0.00024439465905399946,0.00011766813850065879,0.00042317621887333313,0.0007973632615623456,7.454338282600045e-05,0.004617748077825966,5.2820916618630294e-05,0.00012006746826394265,0.0006730203962814311,0.04176181225479559,0.0007088640406360449,0.27118929724586593,0.00012076910261157036,0.0004582014241918155,4.947476948617044e-05,0.00017607273654297574,0.03492942361108936,0.00024252476819729677,0.002815512216734933,0.00504629173306151,0.00048652330343073084,0.0004921121737075906,7.172159506467318e-05,0.15039377334479814,0.0008185518913632557,0.0004405674588677039,0.0003669563106898448,9.484983945412679e-05,0.00041799450391171377,0.00011369046295835284,0.004320453405737168,0.0005147496624505368,0.05298936684195082,8.156703719398541e-05,0.0005294564031446802,0.01353423318059448,0.0001281569503870626,0.00046933471836899766,9.586911915368076e-05,7.682606904959418e-05,0.02094030370137481,0.0002464669779377092,0.0001873783208781045,0.0212413490365292,0.02621938473100304,0.00020793886447923146,0.0030891592569512205,0.00012004925904585889,0.00013675680336966748,0.00013025198352426784,0.00028734471323623123,9.928320236883005e-05,7.698174817777841e-05,0.14696925722023618,0.00014831524443421136,0.00013556430029105238,7.859028547684476e-05,0.0006129406757428891
DieskauJohannaSidonieDorotheavon,6.491684865763231e-05,0.03976767784583973,7.929323832089111e-05,4.1222053505213815e-05,9.358247115291796e-05,5.7584219859484205e-05,0.0005858393461661141,7.102893029519866e-05,2.403412486921575e-05,5.230229452720813e-05,0.00010033322499424172,0.14842312465223262,0.00016252911816726258,7.205120617566403e-05,5.916825148174087e-05,6.449404692208659e-05,0.020451626537897324,0.2203176263796636,3.258700368591808e-05,0.0004298526479881895,0.03724154285026272,0.0551102155630816,0.00010756651517472823,5.178980446874871e-05,0.00018625444330583693,0.00035094706122716814,3.2809112731702036e-05,0.0020324301300577467,2.3248306452333536e-05,5.284583221661542e-05,0.0002962194793852368,2.456665736263386e-05,0.0003119955030074888,4.415571476519849e-05,5.315464568247978e-05,0.00020167024369186772,2.177555173791448e-05,7.749568161807171e-05,0.15304549374373913,0.00010674351174252904,0.0012392039938938868,0.07564603373477634,0.0002141356791671025,0.00021659553365726376,3.156714665427804e-05,0.0019466211875968503,0.0003602729076995648,0.00019390892760595615,0.00016151012348252677,4.1746684377045116e-05,0.03689646717571824,5.003909232864805e-05,0.0019015804953710106,0.00022655907290076183,0.023322447203089427,3.5900465165835916e-05,0.00023303201650832998,0.1069162394330881,5.640629219115199e-05,0.00020657039028954758,4.219530451340063e-05,3.381380163636049e-05,3.842624877323648e-05,0.00010847861416050103,8.247165905412154e-05,0.00017092667958261136,0.002361931810965809,9.152106313615849e-05,0.06560650891218996,5.283781771195763e-05,6.019138397644099e-05,5.7328388502982406e-05,0.00012647031476196728,4.369796023996869e-05,3.3882321387851945e-05,0.00043937357791236153,6.527865237656897e-05,5.966652225892931e-05,3.4590294108937094e-05,0.00026977632307397475
DoerfferWilhelmine,3.305838523786321e-05,0.0015558282172804766,4.0379446528501926e-05,2.0992000586136745e-05,4.765612390090436e-05,2.932430275191477e-05,0.00029833399484927584,3.617091385806113e-05,1.2239185592198793e-05,2.663452458118279e-05,5.109389122552368e-05,0.014822772016106168,8.276665167590291e-05,3.669149966243423e-05,3.013095816850301e-05,3.28430768403989e-05,0.0010670554039641234,2.172735788125576e-05,1.6594670626700118e-05,0.00021889901815248496,0.00026941420345396813,2.112105974923258e-05,5.47773863160646e-05,2.637354312361885e-05,9.484858347855426e-05,0.00017871698007601404,1.6707777879319e-05,0.005708884568537228,1.1839013857287476e-05,2.691131679613593e-05,0.00015084739735475632,1.2510373499238787e-05,0.00015888121102886966,2.2485944086096923e-05,2.706857758023569e-05,0.00010269895635477196,1.1089025314761079e-05,3.946405517483182e-05,0.1293499357312803,0.004728244081636792,0.009978826315139529,0.029174365198266525,0.00010904687953063897,0.0001102995407279455,1.6075316601717944e-05,0.0009913012486350498,0.00018346609269821786,9.874656830103173e-05,8.224773679417487e-05,2.1259164655670426e-05,9.368718002018474e-05,2.548200698831929e-05,0.05705499427558752,0.00011537339328633528,0.2455710596021345,1.8282024346712626e-05,0.00011866968797449082,0.04042458119323252,2.872445252123839e-05,0.00010519431676270604,2.14876208669588e-05,1.721940765712247e-05,1.9568259418924645e-05,5.524186541925959e-05,4.199803182985096e-05,8.704304256775462e-05,0.4125047455411859,4.660636837888485e-05,0.00536627437941287,2.690723547382984e-05,3.065198019681424e-05,0.009376965629136378,6.440399484893022e-05,2.2252836260434733e-05,1.7254300791771588e-05,0.00022374747546001587,3.324263088392313e-05,0.028073699517932132,1.7614830229590806e-05,0.00013738143179544443
DoeringHeinrich,7.609077728876346e-05,0.6167827449549728,9.294172872438731e-05,4.8317473160058286e-05,0.00010969052130338768,0.021583344477017173,0.000686677990966828,8.325491190514894e-05,2.8171041579647235e-05,6.130492047680763e-05,0.00011760326071839686,0.0018439325654202687,0.00019050473319533672,8.445314884912634e-05,6.93526925468427e-05,7.559520004861767e-05,0.00245605084802544,5.00100515412456e-05,3.819609995319423e-05,0.0005038418034977902,0.0006201130516794276,4.861452977566552e-05,0.0001260815939026077,6.070421715082515e-05,0.09703963193899214,0.00041135445155104434,3.845643991556207e-05,0.01314019003488092,2.724996276290213e-05,6.19420155627207e-05,0.000347206786844628,2.879523718053679e-05,0.0003656982867366504,5.175609610910871e-05,6.230398409848223e-05,0.00023638309492591818,2.55237075103274e-05,9.083476436048984e-05,0.007261935200502488,0.00012511692953330616,0.0014525041967458473,0.013361272882264292,0.03252476687131873,0.00025387742710948825,3.700069820672054e-05,0.013039611074792895,0.0004222855260199049,0.00022728584843332582,0.00018931034222876986,4.893240705861919e-05,0.00021564060974046966,5.865216055375138e-05,0.0022288934377118806,0.00026555595835771957,0.05961063782847913,4.2079896914026564e-05,0.0002731430689558291,0.006982221699377953,6.611532607563276e-05,0.00024212668801702408,4.9458246737971336e-05,3.9634062694080464e-05,4.5040435540353256e-05,0.00012715068955692342,9.666724080858785e-05,0.021716196210249592,0.07807395319278851,0.0001072742897464346,0.0015936769012998252,6.193262154712066e-05,7.055193355131145e-05,6.71961398636266e-05,0.00014823924378931265,5.121954976786715e-05,3.971437653029445e-05,0.0005150015405063259,7.651485711964137e-05,6.993672907234475e-05,4.054421032168377e-05,0.00031621205497919504
DönhoffStanislausOttovon,7.982345285424683e-05,0.04614587640483145,9.750103712133986e-05,5.068771378417505e-05,0.0001150714510720569,7.080706094259396e-05,0.0007203633632230476,8.733902809436167e-05,2.9552987753748068e-05,6.431226758063953e-05,0.00012337235433717832,0.0019343877069839194,0.02139442094095589,8.859604522066618e-05,7.275482760307518e-05,7.930356479587818e-05,0.002576533793720924,5.2463322542909254e-05,4.006983096333996e-05,0.0005285580444904156,0.0006505330436721096,5.099934267792361e-05,0.00013226659688965115,6.368209641759593e-05,0.000229023328789844,0.00043153367385324756,4.03429420479236e-05,0.08584633042571412,2.8586724901359568e-05,6.49806157217166e-05,0.00036423920963755843,3.0207803618361316e-05,0.021523875931168012,5.4295020301959706e-05,6.536034082610646e-05,0.00024797899963293463,2.677578723350841e-05,9.529071444413961e-05,0.13589068447096464,0.0001312546103710894,0.21182105307474886,0.0239256282602576,0.00026330682471287345,0.00026633152604979847,3.8815788116735766e-05,0.002393616261514973,0.0074897470152123944,0.00023843548263416498,0.00019859706676897203,5.1332813608480585e-05,0.00022621898025506628,6.152937503837888e-05,0.06168303154658306,0.00027858295416916543,0.1724206429023428,4.414414975261915e-05,0.00028654225471395797,0.08362519369352825,6.93586503120238e-05,0.0002540043478900824,5.188444864690801e-05,4.157833376937247e-05,4.7249919254288623e-05,0.00013338813762822304,0.00010140930628098503,0.0002101759101270145,0.11014523148819123,0.00011253668992696516,0.0016718556115288183,6.49707608774361e-05,7.401289804461904e-05,7.049248402386429e-05,0.0001555112026633589,5.37321533803658e-05,4.1662587445665485e-05,0.000540265228628988,8.026833615801508e-05,7.336751436643481e-05,4.253312919703235e-05,0.00033172401389443696
EhrenbergCarolineAugusteEleonorevon,0.036888964509744375,0.00893197648179284,6.747493047888034e-05,3.507808803576342e-05,0.0014783833995794392,4.9001545579146314e-05,0.002363521217187195,6.04423811556585e-05,2.0451944440813662e-05,4.450686794790034e-05,8.537899983112e-05,0.029169894704891442,0.00013830486913334235,6.131229131982017e-05,5.0349484266624e-05,0.0005211311545163785,0.09032104222096118,0.0012414547813162798,2.7730054349956194e-05,0.005028281616107339,0.000450196974226676,3.5293748694990325e-05,0.007938153559021398,4.4070762274857666e-05,0.001090993361396487,0.001298866322438736,2.7919059020976862e-05,0.04364899518176908,1.978324879701144e-05,0.01592939801902237,0.004800012279202634,2.0905105312182244e-05,0.0002654939477936185,3.7574500009316255e-05,4.523217991854787e-05,0.004834108793904142,1.8530001684493305e-05,6.594529168340401e-05,0.18488127310271193,9.083386158036471e-05,0.024432173454561817,0.04819387224536161,0.0001822196995710452,0.00018431292358644106,2.6862202515858783e-05,0.020144811379560593,0.0003065758180044906,0.019226322006559986,0.0010699370734306923,3.5524524987431776e-05,0.0001565533087275538,0.08930654061373067,0.0323196236992962,0.00019279144120048965,0.10754410664849474,3.05496589938871e-05,0.00019829962108017682,0.1563324570272795,4.799918284036882e-05,0.00017578198367148944,3.5906280268878504e-05,2.8774003470595474e-05,3.26989856820512e-05,0.004015620034149317,7.017962160448988e-05,0.0001454508110155457,0.03658941491515737,7.788025187563197e-05,0.008684717950904135,4.496257376123301e-05,5.122012337044259e-05,4.878384475925524e-05,0.0001076204715170215,3.718497177941501e-05,2.8832310654993786e-05,0.0013741132563787639,5.554915682770777e-05,5.0773489979625514e-05,2.943476316100499e-05,0.006255306827128744
EndeHenrietteFreifrauvon,3.0426302725174362e-05,0.03641089098474878,3.7164466900338025e-05,1.932063408557817e-05,4.386178096976694e-05,2.6989524936399865e-05,0.008637973379330224,3.3291014275889915e-05,1.1264711305720846e-05,2.4513904778385552e-05,0.009046477511147313,0.02071061373808725,0.0034647572631963082,0.011186828828146186,0.0006873741837297773,0.004369240164209054,0.010351098748816984,0.006898249630366248,1.5273416063112373e-05,0.001719525583251992,0.00695422936941289,1.9439417660079988e-05,5.041605409805349e-05,2.4273702458267305e-05,8.729681420334849e-05,0.0011046003560849684,1.5377517805645548e-05,0.017768348445054812,1.0896400928161193e-05,0.00045964969143994427,0.0025991140782782333,1.1514307445872148e-05,0.2266782300672294,0.004152065439013049,2.4913398820605952e-05,0.00038981316480821425,1.0206125880813011e-05,0.000994088393691921,0.19722304738144686,5.003031523226203e-05,0.004572321113552158,0.011739473380506436,0.0037718879184751464,0.001677573749903429,1.4795412595249493e-05,0.02081228310947322,0.0005405156631955853,0.005599339305194674,0.0040928366216893995,1.956652676298611e-05,0.00046111361705359255,2.3453149725643586e-05,0.011905246198713552,0.00253114917345956,0.05999019702217298,0.00659620542506274,0.004023150592997306,0.11006334934010613,2.6437434307138838e-05,0.0010812655632438475,0.007298801702579177,1.584841202478704e-05,1.8010250065179225e-05,5.084355174204434e-05,0.002271982053706586,8.011274429258615e-05,0.11666729353581569,4.289560615298229e-05,0.04454883347100785,0.0004685231082937733,2.821149375215526e-05,0.004858410563564547,5.927619966566709e-05,2.048108301969464e-05,1.5880526995625006e-05,0.0002797556328038742,3.059587887847036e-05,0.00042208217617012536,1.6212351364465026e-05,0.0009111031278500392
FernowCarlLudwig,3.4510049512217493e-05,0.05529453513776375,4.215259423435201e-05,2.1913804149101347e-05,4.974880604564229e-05,3.0611995492168376e-05,0.00031143447749632484,3.7759255909274026e-05,1.2776634361808906e-05,2.7804103419372082e-05,5.333753307300524e-05,0.0008362932591469368,8.640111205505721e-05,3.830270174775063e-05,0.04394358903981447,3.428528646334422e-05,0.0011139120848802028,2.2681452553012563e-05,1.732337804299176e-05,0.00022851134138172842,0.00028124475631805055,2.2048530575585765e-05,5.7182778297112064e-05,2.753166170881973e-05,9.9013587277688e-05,0.00018656482422599663,1.7441452076553382e-05,0.00595957387822154,1.2358890231664204e-05,2.809305017142605e-05,0.0001574714286268106,1.3059730708824248e-05,0.00016585802421128094,2.347334989766477e-05,2.8257216612302196e-05,0.000107208686787187,1.1575968091034727e-05,4.119700609201197e-05,0.1399090936745161,5.6745266468038085e-05,0.20558206218063133,0.06460935661249542,0.00011383536082231248,0.00011514302904718303,1.6781218073968935e-05,0.0010348314028580123,0.00019152248052263984,0.00010308274093578919,8.585941051300637e-05,2.219269996331471e-05,9.780118411390348e-05,2.6600976318418986e-05,0.020527392025249416,0.00012043968530391919,0.061189564817829264,0.1366346158353381,0.00012388072732931178,0.12514485468502207,2.9985804557202587e-05,0.00010981362379814544,2.2431188174587216e-05,1.7975548610212868e-05,2.042754346759665e-05,5.766765366937585e-05,4.3842255071909386e-05,9.086528840092332e-05,0.02077211657708305,4.8652953517457565e-05,0.0007227928367930605,0.11224798926070913,3.199797408822085e-05,3.047599454692508e-05,6.723211176314683e-05,2.323000580970025e-05,1.8011973976900112e-05,0.00023357270480092919,3.4702385777954274e-05,3.171895555554496e-05,1.8388335032052398e-05,0.000143414143770398
FeuchterslebenCarolineHenrietteSusanneFriederikevon,0.00011797230068532308,0.02223138517876284,0.0001440982725892894,7.491214671604067e-05,0.00017006585584510828,0.00010464683730753041,0.10114013409216292,0.00012907968417158908,4.3676812174498024e-05,9.50480829566684e-05,0.0001823338876194389,0.0028588611498300827,0.00029536144152145965,0.00013093744898992854,0.00010752547141716617,0.00011720395017990752,0.0204871483418914,7.753634603209096e-05,5.921981545259246e-05,0.0007811640103833497,0.0009614327254667418,7.537270781983891e-05,0.00019547882459284243,9.411674336571452e-05,0.00033847707712272466,0.0006377702104745392,5.962345049766906e-05,0.003693501200121686,4.22487575403396e-05,9.603584488680677e-05,0.0005383146935426051,4.4644574546475705e-05,0.0005669841967743251,8.02434401387553e-05,9.659704642083016e-05,0.00036649195270667563,3.9572345089675375e-05,0.00014083160293065682,0.3448440085703557,0.0001939831942537834,0.03561048399871412,0.004036271415872003,0.0003891451796033417,0.00039361543192698614,5.736644636766944e-05,0.0035375620476394845,0.0006547179149139379,0.00035238744310809786,0.0002935096395651076,7.58655496035853e-05,0.00033433248757239127,9.093520354552616e-05,0.003455710352798823,0.0004117220047479047,0.2758929877812999,6.524131344735292e-05,0.0004234851766421304,0.04418384228430155,0.0001025062091047208,0.0003753969069639658,7.668081945592742e-05,6.144925479973356e-05,6.983137765040455e-05,0.00019713636678765626,0.0001498743632991554,0.00031062218909008813,0.03765079843729574,0.00016631969361731978,0.08586710934644817,9.602128026186144e-05,0.00010938479294619262,0.00010418191927256635,0.0002298323826461978,7.941157051465688e-05,6.157377459533338e-05,0.0007984662367089378,0.00011862980051783296,0.00010843097054666332,6.28603615516619e-05,0.000490259988917715
FichteJohannGottlieb,8.078371930265169e-05,0.1466924518265848,9.867396276267057e-05,5.1297480828231235e-05,0.00011645574666041642,7.165886129076337e-05,0.0007290292470407552,8.838970600062119e-05,2.990850660911332e-05,6.508593635304015e-05,0.0001248565087842057,0.001957658156291784,0.00020225422108483668,8.966184489037113e-05,7.363005934773902e-05,8.025757705404787e-05,0.002607529182504834,5.3094449944799365e-05,4.055186616592143e-05,0.0005349165336062072,0.0006583588772220271,5.1612858579744274e-05,0.0001338577479949502,6.444818430739895e-05,0.00023177845163501143,0.0032307275950423826,0.014010841380117354,0.05561524324532906,2.8930619731901155e-05,6.576232464112641e-05,0.00036862096311603935,3.057119982909253e-05,0.034897943793856884,5.494818280554914e-05,6.614661779242885e-05,0.00025096215689739566,2.709789670372782e-05,9.643705017196532e-05,0.11971533897162878,0.00013283358740141094,0.001542088220107692,0.06594987328052243,0.00026647437385246623,0.0002695354619793186,3.928273733609555e-05,0.052714458397135185,0.00044833022627832045,0.000241303832547578,0.00020098616537534377,5.1950341125117224e-05,0.00022894036712776833,6.226956595129967e-05,0.022169794917736185,0.00028193427329181254,0.2110294427167893,4.4675198515671304e-05,0.00028998932325601315,0.11152719579831855,7.01930264561239e-05,0.0030510626128374147,5.2508612266096275e-05,4.207851607759974e-05,4.7818330047449625e-05,0.00013499278073246803,0.11382605293765015,0.00021270430081347664,0.019703247086401886,0.00011389049264643316,0.0016919678315960199,6.575235124426546e-05,7.490326422398278e-05,7.134050004988654e-05,0.00015738198355455115,5.437854466321248e-05,4.216378331539136e-05,0.009174187268014954,8.123395449856177e-05,7.425011665849039e-05,4.304479757835578e-05,0.0003357146135150103
FischerFriederikeChristianevon,1.8746323835682133e-05,0.053853245192050495,2.2897857093815986e-05,1.1903873650060486e-05,2.702422169055373e-05,1.6628848375006453e-05,0.00016917540401313147,2.0511336525873368e-05,6.940439920023262e-06,0.003210453839834519,2.8973666561358496e-05,0.0015070176634479817,4.693424811731269e-05,2.080654362697096e-05,1.7086276151782755e-05,0.0032139745057824954,0.0006050920518167154,1.2320870605297236e-05,9.410292344173507e-06,0.0001241304392841114,0.25698217637218024,1.1977058860044237e-05,3.10624555726057e-05,1.4955569563737213e-05,5.378551458128137e-05,0.004894369940430461,9.474431749970293e-06,0.011770639752468297,6.713515680422407e-06,1.526052333999616e-05,8.554060158217405e-05,7.094221669770374e-06,9.00963132930403e-05,1.275103991184116e-05,1.53497007624315e-05,5.823720304427008e-05,6.288221825623107e-06,2.2378768740624768e-05,0.023970786636056958,3.082479325262384e-05,0.00035785038627678725,0.007032082051497499,6.183690165878494e-05,6.25472446562465e-05,9.115783744687232e-06,0.007460623570356085,0.00010403759172873545,5.599593367050665e-05,4.663998854153381e-05,1.2055373613797397e-05,0.0011058588188698844,1.4450008720904641e-05,0.13055531536859202,6.542445969472145e-05,0.13906950452767983,1.0367135185501039e-05,0.0021727574761255786,0.19922506350991054,1.628869302270302e-05,5.965223992393879e-05,1.2184923623220712e-05,9.764560182731636e-06,1.109651682404768e-05,3.132584640735909e-05,2.3815703624928804e-05,4.9359248852520885e-05,0.1316047421043268,2.642893983324347e-05,0.010919949787070463,1.5258208956245189e-05,1.7381730621139576e-05,1.6554970829261777e-05,3.652138890216673e-05,0.00843447403629608,9.784346932661127e-06,0.00012687984008322707,1.8850803486503e-05,1.7230163995080478e-05,9.988791328387827e-06,7.790449505976971e-05
FriedrichWilhelmIII,0.00026240280147517866,0.420441034756562,0.0003205141392980196,0.00016662519124079628,0.0003782731772610263,0.00023276331067119283,0.002368042947665508,0.00028710867333597856,9.714922746708224e-05,0.00021141304439931016,0.00040556064972252894,0.006358892472097846,0.0006569649761235893,0.00029124085258468705,0.00023916618363715504,0.00026069377889983953,0.008469812585059964,0.00017246213133741768,0.0001317211361254447,0.0017375233300140089,0.0021384904687526867,0.000167649605643034,0.00043479860021597785,0.00020934148932772682,0.0007528659927472517,0.0014185761314626439,0.00013261893133657802,0.19371152499352026,9.397284170122083e-05,0.00021361009825138515,0.0011973597432639153,9.930179680830895e-05,0.0012611285934194414,0.00017848345221798984,0.00021485836461445883,0.0008151787712003543,8.801976525126131e-05,0.0003132481686850908,0.025043142002762333,0.0004314719075206543,0.005009032421027042,0.008977776316019287,0.0008655657702298442,0.0008755088392910645,0.00012759873419527883,0.19336467348487554,0.0014562724813484847,0.0007838064676121376,0.0006528460599178259,0.0001687458211443662,0.0007436472871472558,0.00020226487085904808,0.007686449042643809,0.000915782830776546,0.020074063263526568,0.00014511460165695904,0.000941947356189272,0.02407853618690944,0.00022800196555822173,0.0008349858354904209,0.00017055920523512374,0.0001366800216181441,0.0001553241652480294,0.0004384854293526123,0.000333361751619207,0.0006909090705538156,0.046646484926028665,0.00036994068346679024,0.0054958734612520575,0.00021357770252488072,0.00024330182543803042,0.00023172920525727606,0.0005112103495967553,0.0001766331456752042,0.00013695698784678168,0.0017760082339551657,0.00026386526170540047,0.00024118026242457466,0.0001398187106386644,0.0010904728804632298
FörsterErnstJoachim,0.0001055885389755291,0.02095582354589894,0.0001289720212559482,6.704848576587335e-05,0.00015221374122562954,9.36618731305856e-05,0.0023965408019524276,0.00011552996071048439,3.909197970899282e-05,0.037636580932463935,0.0001631939759386252,0.050686415010773686,0.00026435682697368163,0.0001171927126597901,9.62383319104505e-05,0.00010490084358587707,0.027589741252562992,6.93972182238545e-05,5.300340635653656e-05,0.0006991638382695752,0.0008605094264972988,6.746070095347682e-05,0.002340946725709447,8.423714183237049e-05,0.0003029465378099751,0.0005708223399469584,5.336467111480084e-05,0.03759036137949864,3.781383050344137e-05,8.595479186191725e-05,0.0004818068450816846,3.995815434777672e-05,0.011093914405006062,7.182014385920676e-05,8.645708307522854e-05,0.00032802064219979155,0.06910874875852309,0.00012604825970711868,0.05462697734632686,0.03714828920961337,0.029519152001901174,0.02483452804922018,0.07757425319865588,0.017315168361778842,0.0013746505318767636,0.003166217883144196,0.0005859910137826788,0.00031539670799804524,0.0002626994119541613,6.790180826078179e-05,0.005233046326942861,0.0703293658509081,0.05949137984045072,0.00036850281543094124,0.1410934540129742,5.839281702342491e-05,0.00037903118630117056,0.10784660332904436,9.174595046813475e-05,0.000335990827609494,6.863149779026902e-05,5.4998817499929456e-05,6.250105404337473e-05,0.000176442612605946,0.00013414178547603982,0.0002780156267943612,0.043733769857384176,0.00014886082029334576,0.0564361360417625,8.594175611149302e-05,9.790247715976049e-05,9.324575836661089e-05,0.00020570646967043438,7.107559706545587e-05,5.511026623166171e-05,0.0007146498192000978,0.00010617701988408197,9.704877918978473e-05,5.62617978725175e-05,0.000438796528060089
GentzAnnaHenrietteNanette,2.553846228911488e-05,0.0012019177576117607,3.119417252244873e-05,1.621686635583483e-05,3.6815595024728415e-05,2.265378646282511e-05,0.003841169098027172,2.7942971590424394e-05,9.455089153533336e-06,2.057586287747569e-05,3.947135968313001e-05,0.0006188818666807138,6.393939079034031e-05,2.8345137662286962e-05,2.327694874944685e-05,2.537213095291657e-05,0.1163666745684648,1.678494898949333e-05,1.281981460833314e-05,0.0001691051840550471,0.1229718726556693,1.631656791554721e-05,4.231695543092761e-05,2.037424791460929e-05,7.3272997302018e-05,0.00013806351469545621,1.290719290236803e-05,0.04773864173532053,9.145946081732687e-06,2.078969206158857e-05,0.0001165335372867286,9.66458886404166e-06,0.00012273986727162842,1.737097655998669e-05,2.091118010691778e-05,7.933761450011242e-05,8.56656042896217e-06,3.048700889672177e-05,0.22268993231219567,4.1993183674416763e-05,0.007708902830708567,0.004484464159740811,8.42415502330471e-05,8.520926358378303e-05,1.241860011808284e-05,0.0007658059936461397,0.00014173232769815536,7.628429194560406e-05,6.353851554967389e-05,1.6423257547228463e-05,7.237578292779482e-05,1.9685513065435435e-05,0.15239741667184215,8.912894663214178e-05,0.0958318731416981,1.4123339237164112e-05,9.167541999983829e-05,0.12871789510078974,2.2190386560348936e-05,8.126534530781033e-05,1.6599745911518554e-05,1.33024402108015e-05,1.5116989279362824e-05,4.267577761705911e-05,3.244457175951956e-05,6.724301396307726e-05,0.033425475264931025,3.6004631584772494e-05,0.058306061440777913,2.0786539133971144e-05,2.367945181564575e-05,2.255314172135204e-05,4.975376086530434e-05,1.7190894702626253e-05,1.3329396064723994e-05,0.00017285074341064874,2.568079684205745e-05,2.347296980894261e-05,1.36079144311116e-05,0.00010613072870583271
GentzLudwig,0.00010408396161850451,0.004898507996904041,0.00012713424241409525,0.029497448973131037,0.00015004478093222918,9.232724406102864e-05,0.0009393012951468117,0.00011388372367917913,3.853494096139686e-05,8.385850713179397e-05,0.00016086855346964893,0.0025223005100600514,0.0002605898907143245,0.00011552278234740008,9.486698975082616e-05,0.00010340606550178343,0.0180752901257551,6.840834685397691e-05,5.224813759514477e-05,0.0006892011463892131,0.0008482476506343513,6.649942386669821e-05,0.00017246599717015654,8.303680988866564e-05,0.00029862971985226565,0.0005626884423108994,5.260425453357509e-05,0.01797436015221743,3.7275004663915085e-05,8.472998437032792e-05,0.00047494136823540164,3.9388773098225645e-05,0.0152159136873644,7.079674716031073e-05,8.522511821605448e-05,0.00032334653234204617,3.4913674002633174e-05,0.00012425214282466392,0.15709032214534546,0.0001711464405462561,0.0019868687960838717,0.22429626883345372,0.00034333289850724545,0.00034727688848265766,5.061295717076192e-05,0.0031211010572026127,0.0005776409710667582,0.00031090248211010173,0.0002589560929276379,6.693424564270376e-05,0.0002949730538622377,8.022981819138978e-05,0.1354899868955834,0.0003632518573489689,0.007962521811894495,5.756075218799152e-05,0.0003736302048495088,0.024266602791456284,9.043862222008458e-05,0.0003312031470875924,6.765353750636118e-05,5.421511525083686e-05,6.161044913855996e-05,0.00017392840450801322,0.000132230340398607,0.0002740540603115563,0.34224757909527964,0.00014673963723944085,0.002179977802009964,8.471713437202328e-05,9.650742186530915e-05,9.191705869865258e-05,0.0002027752680508028,7.006280974005807e-05,5.4324975900757785e-05,0.0007044664607920478,0.0001046640570047399,9.566588861176784e-05,5.54600988627026e-05,0.0004325439240666459
GiechAugusteCarolineWilhelmineLouisevon,0.00026240280147517866,0.420441034756562,0.0003205141392980196,0.00016662519124079628,0.0003782731772610263,0.00023276331067119283,0.002368042947665508,0.00028710867333597856,9.714922746708224e-05,0.00021141304439931016,0.00040556064972252894,0.006358892472097846,0.0006569649761235893,0.00029124085258468705,0.00023916618363715504,0.00026069377889983953,0.008469812585059964,0.00017246213133741768,0.0001317211361254447,0.0017375233300140089,0.0021384904687526867,0.000167649605643034,0.00043479860021597785,0.00020934148932772682,0.0007528659927472517,0.0014185761314626439,0.00013261893133657802,0.008215361203720606,9.397284170122083e-05,0.00021361009825138515,0.0011973597432639153,9.930179680830895e-05,0.0012611285934194414,0.00017848345221798984,0.03731409112257439,0.0008151787712003543,8.801976525126131e-05,0.0003132481686850908,0.06214237476072225,0.0004314719075206543,0.005009032421027042,0.008977776316019287,0.0008655657702298442,0.0008755088392910645,0.00012759873419527883,0.04496774245303582,0.0014562724813484847,0.0007838064676121376,0.0006528460599178259,0.0001687458211443662,0.0007436472871472558,0.00020226487085904808,0.007686449042643809,0.000915782830776546,0.020074063263526568,0.00014511460165695904,0.000941947356189272,0.02407853618690944,0.00022800196555822173,0.0008349858354904209,0.00017055920523512374,0.0001366800216181441,0.0001553241652480294,0.0004384854293526123,0.000333361751619207,0.0006909090705538156,0.2692418814737883,0.00036994068346679024,0.0054958734612520575,0.00021357770252488072,0.00024330182543803042,0.00023172920525727606,0.037610443107556686,0.0001766331456752042,0.00013695698784678168,0.0017760082339551657,0.00026386526170540047,0.00024118026242457466,0.0001398187106386644,0.0010904728804632298
GiechSchönburgKarolineWilhelminevon,0.00012418630378787063,0.0936335983898693,0.00015168841966398312,7.88580247688359e-05,0.0001790238040220941,0.00011015894284351818,0.0011207140290738513,0.00013587875101404756,4.5977418713364007e-05,0.00010005458939040634,0.00019193803483691973,0.0030094471090052178,0.00031091913517772654,0.0001378343706362511,0.00011318920442150425,0.00012337748164295358,0.09179748665479777,8.162044960559663e-05,6.233912494148915e-05,0.0008223105808572824,0.0010120746634829966,7.934284519546918e-05,0.00020577536043596685,9.907419296938226e-05,0.0003563058182353706,0.0006713637408505579,6.276402081989557e-05,0.003888050495028119,4.447414357510661e-05,0.00010109438010749556,0.0005666695629177759,4.6996156427409805e-05,0.0005968491865845089,8.447013558408157e-05,0.00010168514203877591,0.00038579633278528966,4.165675536000012e-05,0.00014824968338228886,0.11719888128148838,0.0002042009501501475,0.0023706043473007625,0.004248875586132734,0.175987668766668,0.0004143484980873989,6.038813259096081e-05,0.0037238974959759694,0.0006892041386370872,0.0003709488906008732,0.00030896979250177165,7.986164663546941e-05,0.0003519429190295084,9.572507060482808e-05,0.0036377343934342297,0.00043340880580228886,0.20263619864240365,6.867779575566623e-05,0.0004457915840466653,0.011395550630040146,0.00010790556045844389,0.00039517034132957243,8.071985952920714e-05,6.468599645651712e-05,7.350963428229179e-05,0.03532312540789232,0.00015776875675527248,0.00032698371832629865,0.23276982287996265,0.00017508031866361395,0.002601009621093183,0.00010107904831412108,0.00011514646275165168,0.00010966953599130712,0.000241938437461886,8.359444855204052e-05,6.481707513408915e-05,0.0008405241744058847,0.00012487843637718366,0.00011414239927590771,6.61714310098325e-05,0.0005160836532396964
GleimJohannWilhelmLudwig,0.0003081280599342102,0.14519343247870034,0.00037636564612944463,0.00019566062795274642,0.0004441895421059938,0.00027332371048547185,0.0463446846820852,0.0003371390778145645,0.0001140780617251562,0.00024825303254891683,0.00047623201994084416,0.007466967538999783,0.0007714450547008911,0.0003419913140256379,0.0002808423223825853,0.0003061212299477826,0.009945728114064177,0.00020251468979131366,0.00015467433235655644,0.002040297168162239,0.002511135230341262,0.00019686355269499635,0.0005105648582769891,0.00024582049660926435,0.0008840573973734707,0.001665771511581626,0.0001557285737559224,0.009646937056808285,0.00011034817173108884,0.00025083293618258625,0.0014060068439099088,0.00011660572915575257,0.0014808877978181552,0.00020958526186882844,0.00025229872042944915,0.000957228550371549,0.00010335773608461738,0.00036783353665532947,0.2036630436815472,0.0005066584694715165,0.005881886296037198,0.18479819188362145,0.001016395785513786,0.0010280714938614177,0.0001498335772202924,0.009239644597112249,0.0017100366760220446,0.0009203894351412236,0.0007666083926973665,0.00019815079030753853,0.000873232277155003,0.00023751073502367842,0.00902585878648494,0.0010753634693756431,0.023572088916787474,0.00017040168940770292,0.0011060873199183947,0.1154023573704426,0.00026773267249315916,0.0009804871141459444,0.00020028016742797882,0.00016049733332190974,0.0001823903305517992,0.0005148941394538427,0.00039145203178180514,0.0008113041107178621,0.1854669023108156,0.0004344050614038143,0.006453562300933346,0.0002507948953068721,0.0002856986245162616,0.0002721094060147639,0.000600291812259625,0.00020741252833813848,0.00016082256257334156,0.00208548829692107,0.00030984536261137615,0.00028320736645160203,0.00016418295768717096,0.0012804943056211554
GoldschmidtCaroline,0.00026587642164051364,0.06598866125905067,0.0003247570222675671,0.00016883093226601766,0.00038328065938069984,0.00023584457095176964,0.004581698294747059,0.0002909093434192846,9.843526372004614e-05,0.00021421167539757623,0.00041092935631873416,0.021394654293483608,0.0006656617079273369,0.0002950962233841608,0.0002423322034878494,0.0020491243488034846,0.023819913901492656,0.00017474514026035012,0.0029406360208417467,0.004786526526641474,0.0045240083584251285,0.000169868907600171,0.0004405543512105513,0.002175859956953759,0.0007628322373128579,0.0014373548740241164,0.0001343745063213195,0.025061630446173357,9.521682978401601e-05,0.0002164378132781829,0.0037732739778080725,0.00010061632821539823,0.017898515392729426,0.0001808461698235854,0.00021770260386731708,0.000825969896150529,8.918494805344932e-05,0.00031739486662193316,0.22369884314317248,0.0004371836206209471,0.006412927103546639,0.21808990830780556,0.008557215596496115,0.0008870985980207483,0.002135667470649463,0.06691947254716395,0.00428272143291515,0.0007941822941517603,0.0030186973745840776,0.00017097963451772886,0.002091077908571961,0.00020494240071088283,0.02326633026115347,0.0009279057261502597,0.07173787054206074,0.00014703559108148639,0.0009544166107580063,0.11602086848564641,0.0002310201963882533,0.005857123048386491,0.0001728170237163196,0.00013848935626176116,0.00015738030622494044,0.00044428998563418413,0.00033777470794538173,0.0007000551454676367,0.026435162031272424,0.00370731770804823,0.009957404056353978,0.00021640498870546105,0.0002465225918412591,0.0002347967763188406,0.001628804234776725,0.00017897136940313177,0.00013876998889743208,0.0069857278879436645,0.00026735824153960373,0.00024437294412739565,0.0001416695944327215,0.0030686555367006305
GriesbachJohannJakob,3.2303471552443664e-05,0.2344451547790644,3.9457350770505874e-05,2.0512632086653613e-05,4.656785961128512e-05,2.865465971570707e-05,0.00029152130832762286,3.5344923184617496e-05,1.1959694363711376e-05,2.6026304700922304e-05,4.99271228715961e-05,0.05102151477411178,0.15536411334296607,3.585362101124066e-05,2.944289453464607e-05,3.209307988804608e-05,0.0010426883720671511,2.1231196931634364e-05,1.6215718543257846e-05,0.00021390029049718056,0.00026326192264017746,0.0959308731959058,5.352650251505704e-05,2.5771282955925635e-05,9.268264303120872e-05,0.00017463584020467783,1.632624290465842e-05,0.0010113637714441145,1.1568660858542047e-05,2.6296776152487218e-05,0.00014740268086743682,1.2224689486050255e-05,0.00015525303621940104,2.1972460236295e-05,2.645044576547433e-05,0.00010035374659716635,1.0835798881956099e-05,3.8562863083346634e-05,0.04418735794821548,5.311696526071768e-05,0.009750952131463566,0.06047822425217157,0.0001065567100587287,0.0001077807657729109,1.5708224367394607e-05,0.014670126185759785,0.00017927650318282594,9.649161436839724e-05,8.036954638487463e-05,2.0773695258914418e-05,9.154776111521668e-05,2.4900105734854376e-05,0.046617791499790506,0.00011273875300071753,0.025307016328766842,1.7864540241629973e-05,0.00011595977426116753,0.21305330756799049,2.8068507526997394e-05,0.00010279212352848928,2.0996934496682158e-05,1.682618922247578e-05,1.912140314542867e-05,5.3980374880231676e-05,4.1038974430013786e-05,8.505534765821338e-05,0.04227971430401385,4.554207606503561e-05,0.0006765773498351141,2.629278803031904e-05,2.9952018623697803e-05,2.852735469215973e-05,6.293328002855051e-05,2.1744675607349895e-05,1.6860285545523717e-05,0.00021863802954826035,3.2483509807286834e-05,2.9690840579612154e-05,1.721258201598387e-05,0.00013424422100191398
GöschenGeorgJoachim,8.134114878366854e-05,0.19933217838374245,9.935483975530572e-05,5.165144730021829e-05,0.00011725932276439772,7.215332678708346e-05,0.0007340597457394045,8.899961884405648e-05,3.0114883382317406e-05,6.553504689209378e-05,0.00012571805241569419,0.03647187529799695,0.0002036498298345453,9.028053583572121e-05,7.413812664302758e-05,8.081137601145042e-05,0.002625521838097905,5.346081598901086e-05,4.0831684994594645e-05,0.0005386076021567692,0.0006629017312824821,5.1969001243393074e-05,0.000134781402608021,6.489289418509546e-05,0.0002333777855493333,0.000439738491820861,4.110998878340908e-05,0.0025466455168415077,2.9130248821547693e-05,6.621610244204479e-05,0.00037116454731760215,3.0782149364492716e-05,0.000390931986914678,5.53273401071505e-05,6.660304731987999e-05,0.0002526938635591065,2.728487950950353e-05,9.710249186358586e-05,0.07676443656686202,0.000133750175029784,0.13955556413214193,0.04878392842303315,0.0002683131190006609,0.00027139532946231833,3.9553798833080406e-05,0.0254395989804045,0.0004514238259233456,0.0002429688941627834,0.00020237302419818417,5.230881250947538e-05,0.0002305201174924888,6.269924277394429e-05,0.0023826902444672197,0.1957878960689347,0.07522409259654746,4.498346945117523e-05,0.00029199032790594036,0.030464477408709573,7.067737729619662e-05,0.0002588337727152913,5.287093587210341e-05,4.236886920297664e-05,4.814828943941051e-05,0.000135924267377974,0.00010333741745439117,0.0002141720179356396,0.01445974909289282,0.00011467636780490178,0.0017036428665957125,6.62060602260519e-05,7.542011697678086e-05,7.183276876766251e-05,0.0001584679617463393,5.4753771307785554e-05,4.245472480773775e-05,0.012050773634074377,8.179449072402859e-05,7.47624625166864e-05,4.334181830705836e-05,0.12684062996461387
HaugFriedrich,6.551818261911321e-05,0.00308348506832091,8.002774281555043e-05,4.160389922396396e-05,9.44493388346864e-05,5.8117630642091844e-05,0.009854407661134124,7.16868813343722e-05,2.425675637116301e-05,5.278677808753094e-05,0.0001012626258647636,0.001587723438545759,0.00016403464840331826,0.009335860228849436,5.971633537356776e-05,6.509146441122148e-05,0.03916735605480885,4.306129870688616e-05,3.288886171545047e-05,0.00043383443393456257,0.0005339501265737243,4.1859680677157813e-05,0.00010856291903644141,5.22695407610903e-05,0.00018797974458820827,0.0003541979335501733,3.311302818877665e-05,0.011314398420297307,2.346365880701164e-05,5.333535064352131e-05,0.00029896340236809703,2.47942217884754e-05,0.0003148855615310807,4.45647354036126e-05,5.364702469224862e-05,0.00020353834371612527,2.1977261757127688e-05,7.82135350904549e-05,0.1081474678131163,0.00010773229200691064,0.223566081367524,0.0022416208397155434,0.0002161192482852996,0.06506059310379447,3.18595576037124e-05,0.0019646530153033023,0.0003636101666590036,0.00019570513346029093,0.00016300621462652588,4.2133389825849875e-05,0.08355395238652777,5.0502611526531296e-05,0.06676118631980606,0.00022865772167429303,0.19027503517271085,3.6233016258250046e-05,0.0002351906250750808,0.006012062074893989,5.6928791662970775e-05,0.00020848388106561072,4.258616559405403e-05,3.412702366902506e-05,3.878219655686234e-05,0.05568833307981445,8.323560571010397e-05,0.0001725099976191701,0.002383810719785404,9.236883570356786e-05,0.11252993930500801,5.3327261899371994e-05,6.0748945289444053e-05,5.785942948350851e-05,0.0001276418271960757,4.410274063339656e-05,3.4196178128677115e-05,0.00044344355758080647,6.588333777713054e-05,6.021922170352152e-05,3.491070890132813e-05,0.0002722752993555159
HeimJohanna,4.901174311993349e-05,0.010446707517136064,5.986581154342997e-05,3.112234711097853e-05,7.065407720059043e-05,4.3475662326116186e-05,0.009535552139550218,5.362631978751551e-05,1.814558744856624e-05,3.948784756127012e-05,7.575084668306846e-05,0.09618943436666846,0.025248975593528476,5.439813055601593e-05,4.4671594546630224e-05,0.005314986966061997,0.08349073244668434,3.2212574071261606e-05,2.4602948028574168e-05,0.0003245355866507142,0.08644063713212982,0.001964103480510065,8.121192755142115e-05,3.9100921337706745e-05,0.00014062073435505,0.0002649624491828942,2.4770638724005007e-05,0.016188579884751846,1.7552300325368592e-05,3.989821451777057e-05,0.016022526832967808,1.8547645563064032e-05,0.00023555430930764456,3.3337239778267055e-05,4.013136641244654e-05,0.001118654446576818,1.644038135156777e-05,5.850866945807181e-05,0.13283878409013117,8.059056601524269e-05,0.03993061155068397,0.1005929703006686,0.011715905514279859,0.00016352803434007454,2.3832963473140525e-05,0.03130524858678338,0.00027200339465595054,0.0001463998136848489,0.00012193895494130185,3.151843955931334e-05,0.0001388988593284678,3.7779146552548965e-05,0.04719807695600491,0.00017105043316357766,0.11513453811792544,2.7104587067585568e-05,0.00017593745796351984,0.053424180962657705,4.2586335602962435e-05,0.0001559591248560304,3.185714446160223e-05,2.55291714551649e-05,2.9011535108075516e-05,8.19005555750397e-05,6.226549581223567e-05,0.00012904838551587933,0.06704245706508638,6.909772931445645e-05,0.04396777355713601,3.9892163625719524e-05,4.544405205257546e-05,4.328251153420055e-05,9.548415715774135e-05,3.2991638479583057e-05,2.5580903363416517e-05,0.000331723818694562,4.92849022658107e-05,4.504778531745037e-05,2.611541755902614e-05,0.00020367913907951674
HeineJohannGeorg,8.341106363146624e-05,0.2242664012692608,0.00010188315489574002,5.2965838592641595e-05,0.00012024325914668623,7.398943612003364e-05,0.009380162318719028,9.126442128720362e-05,3.0881226680695696e-05,6.720273868943781e-05,0.00012891724086118247,0.0020213274463305496,0.0002088321737383314,9.257793419298429e-05,7.602474382782349e-05,8.286780955804237e-05,0.0285746024948225,5.482125087892543e-05,4.18707422527567e-05,0.0005523137261728693,0.0006797708087018546,5.329147343498958e-05,0.0001382112290935962,6.654424491223522e-05,0.11674065565103427,0.009078351375478185,4.2156128129214095e-05,0.0026114508391932626,2.9871535801845036e-05,6.79011252829762e-05,0.0003806096930889275,3.156547279881189e-05,0.08729592964502253,5.6735273047482144e-05,6.829791687382059e-05,0.00025912424704827334,2.797920677266153e-05,9.957349076970096e-05,0.19180561511747046,0.00013715375952950623,0.0015922418497574062,0.00285380288379044,0.00027514097079748586,0.0002783016152780134,4.0560337303653797e-05,0.12676098870679325,0.00046291135583779867,0.0002491518031713356,0.00020752287681085894,5.3639931989629175e-05,0.00023638623840483043,6.42947709353257e-05,0.005608787164011921,0.06676584391009936,0.019042880785568983,4.612817852788226e-05,0.03828498654973414,0.03670167583432084,7.24759276591609e-05,0.0002654204004832341,5.4216359889530114e-05,4.3447043691031674e-05,4.9373534726660584e-05,0.00013938317671757482,0.00010596707855360668,0.00021962212340546525,0.020289669956393617,0.00011759457488656195,0.0017469960244702065,6.789082751942469e-05,7.733935738938027e-05,7.366072075572759e-05,0.0001625005478583373,5.614710845506788e-05,4.3535084091480065e-05,0.000564547081737064,8.387594191262688e-05,7.666496738089454e-05,4.444475174955164e-05,0.00034663312399624133
HenckelvonDonnersmarckLuiseAntoinetteBenedictineFriederikeSophieKaroline,3.023233555855297e-05,0.018520150097866905,3.692754405076393e-05,1.9197465369196232e-05,4.3582162855975095e-05,2.681746717020801e-05,0.00027283042943297453,3.307878462145663e-05,1.1192898961167703e-05,2.43576290489406e-05,4.672604706514944e-05,0.0007326300249709928,7.569121021851533e-05,3.355486730400703e-05,2.755516434019829e-05,3.0035433148653663e-05,0.005250167536886643,1.98699594532692e-05,1.517604829335242e-05,0.0002001860805543526,0.0002463828933099788,1.931549170041433e-05,5.009465260363077e-05,2.411895801456121e-05,8.674029848538429e-05,0.0001634390691739219,1.5279486389033014e-05,0.0009465202171978068,1.082693655605208e-05,2.4610759232470387e-05,0.008686614152498986,1.14409039301359e-05,0.00014529899301532037,2.056369668604184e-05,2.475457632338078e-05,9.391956950379283e-05,1.0141062000486715e-05,3.609040641163157e-05,0.05417728026144883,4.971137281660183e-05,0.0005771079734089088,0.0010343607028189404,9.972483017130182e-05,0.00010087040559447088,1.4701092089533883e-05,0.06929585577013501,0.00016778219620105145,9.030505775318759e-05,7.521665561707759e-05,1.944179048493358e-05,8.567817948532871e-05,2.330363629176632e-05,0.11629252197443522,0.00010551051163764725,0.16046305285966686,1.6719155843897978e-05,0.00010852501722813975,0.1224554422011347,2.626889610939549e-05,9.620160998004046e-05,1.9650716746467827e-05,1.574737866547084e-05,1.7895435024822887e-05,5.051942495735249e-05,3.840776196245066e-05,7.960202689911728e-05,0.2105421956324079,4.262214738734936e-05,0.15450911802795386,2.4607026808621105e-05,0.0684173291624821,2.669832430397073e-05,5.889831489270979e-05,2.035051646093296e-05,1.577928890391145e-05,0.004478951154408177,3.040083066673225e-05,2.7787213332816968e-05,1.6108997897997557e-05,0.00012563715728006308
HenningsJohannWilhelmChristoph,0.00012640571029657254,0.4527387479232226,0.00015439933266830292,8.026734293112124e-05,0.00018222324376496543,0.00011212765813080339,0.0011407429689380153,0.00013830712012719864,4.6799108217224736e-05,0.000101842723831527,0.00019536827239767496,0.0030632307091092155,0.00031647575399353523,0.00014029768977839635,0.00011521207529651626,0.00012558243321517657,0.004080111454124959,8.307913668760582e-05,6.34532241249084e-05,0.0008370065771118012,0.0010301620453191072,8.076082786887693e-05,0.0002094528929846621,0.00010084480616917792,0.1969501461895241,0.0006833620773071721,6.388571356757508e-05,0.003957536133231564,4.526896716441432e-05,0.000102901097260355,0.0005767968481164017,4.783605239240393e-05,0.0006075158295959783,8.597975108102459e-05,0.00010350241704572544,0.000392691126058786,4.240122774670802e-05,0.0001508991407070972,0.11929341145103935,0.0002078503454862104,0.03815614765256675,0.004324809741856022,0.0004169637495453834,0.0004217535639076753,6.146736444208079e-05,0.02166203787937459,0.07218787499146878,0.00037757833649855954,0.000314491573467586,8.128890111468455e-05,0.00035823269802574836,9.743582966815612e-05,0.0037027464852950813,0.00044115450959720495,0.009670156763186978,6.990517705500652e-05,0.0004537585877578616,0.04734238406078415,0.00010983400422319008,0.00040223266302561817,8.216245163603592e-05,6.584203796172763e-05,7.482336821109199e-05,0.00021122892682705411,0.00016058833504154288,0.00033282743676027796,0.0045991398906592,0.00017820928205921808,0.002647493794517904,0.00010288549146347959,0.00011720431294197176,0.00011162950480075965,0.00024626226163919053,8.508841413076212e-05,6.597545922347589e-05,0.000855545676507954,0.00012711021239465386,0.00011618230525704172,6.735401959000477e-05,0.0005253068878807028
HerderLuisevon,0.00021462767013202,0.040445684088612564,0.00026215879775357795,0.0001362880898384662,0.00030940176801675805,0.0001903845796642504,0.0019368983020483688,0.00023483539537829672,7.946147003448756e-05,0.00017292151188878741,0.00033172106722118363,0.005201142168581232,0.0005373527317202893,0.00023821523736067003,0.00019562169488981248,0.0002132298057361905,0.06761703694812699,0.0001410623104130759,0.00010773894331467746,0.0014211760774825838,0.0017491399646940749,0.00013712599124487618,0.0003556357249861383,0.00017122712053296122,0.000615793250058947,0.0011602989308386687,0.00010847327882229383,0.006719607506226757,7.686340220695397e-05,0.00017471855272362024,0.0009793589495305623,8.122212556067793e-05,0.0010315175380019325,0.00014598734194646342,0.00017573954983075678,0.0006667608707689994,7.199418998288606e-05,0.00025621572727135166,0.4149640750233456,0.0003529147162986225,0.004097048324548774,0.007343211287536186,0.1220865850006812,0.0007161067690613243,0.00010436709851483096,0.0064359065290889896,0.0011911319848418851,0.0006411004571302742,0.000533983738006266,0.0001380226210738675,0.0006082529749801865,0.0001654389272446003,0.036631646027021694,0.0007490481588287018,0.04676387313654757,0.00011869388848241936,0.0007704489636138393,0.019694607271465242,0.0001864901227356413,0.0006829617041321838,0.0001395058461014424,0.0001117949748576571,0.0001270446181022912,0.00035865130082344724,0.0002726672720677012,0.0005651166956007965,0.18987692033793774,0.000302586354006723,0.004495251230922957,0.00017469205521954335,0.00019900436900469387,0.00018953875166846648,0.00041813534636254887,0.00014447391686077252,0.00011202151442211124,0.0014526541151472325,0.0002158238632751901,0.0001972690745487795,0.00011436220930773191,0.0008919327551391047
HolzschuherJohannHeinrichChristoph,0.00019139625816756703,0.03606782195802749,0.00023378259152176807,0.00012153619527175806,0.00027591195782170687,0.00016977725257013052,0.0017272474105279193,0.00020941668859872527,7.086051870078157e-05,0.0001542043964407493,0.00029581540433455287,0.004638167803115332,0.0004791893892531255,0.00021243069470626032,0.00017444749968760796,0.00019014969934957844,0.006177870156292476,0.0001257936516989039,9.607722339189897e-05,0.0012673472309516838,0.0015598121344180364,0.00012228340178898654,0.00031714152695776736,0.00015269340689696344,0.0005491394646069169,0.0010347075639489907,9.673207403772156e-05,0.005992273653510746,6.854366710215219e-05,0.0001558069246299141,0.0008733526214386468,7.243059994625939e-05,0.0009198655368450416,0.00013018559522728413,0.00015671740847286706,0.0005945903232292344,6.420150097167551e-05,0.00022848280211612183,0.01826643482897853,0.0003147150416825387,0.003653581657798313,0.006548378233355241,0.000631342534030038,0.0006385949955217621,0.27069438599192125,0.05985954374805276,0.0010622032319607814,0.000571707406266743,0.0004761850571916653,0.00012308297993342995,0.0005424153528708059,0.00014753173069621334,0.005606485819080952,0.0006679707919250744,0.4746642319273391,0.027165977963836924,0.0006870551623379402,0.017562852615972388,0.00016630433370896016,0.0006090375698633822,0.0001244056599034622,9.969422794615056e-05,0.00011329324178075049,0.0003198306952794774,0.00024315362304597006,0.0005039481670722198,0.03402388473492051,0.0002698342478107789,0.0040086828720294,0.000155783295229623,0.00017746403137613791,0.00016902297744173333,0.0003728761564255177,0.0001288359840693193,9.989624674893008e-05,0.001295418069253966,0.00019246297473541517,0.000175916566105343,0.0001019835835883236,0.0007953894843367876
IndustrieComptoir,0.00047296043073840965,0.4234696685688055,0.0005777015509283018,0.000300328814243134,0.000681807678303637,0.00041953757755730015,0.004268211338593024,0.0005174908234452008,0.0001751038487791498,0.00038105540024988845,0.1344678949758068,0.011461404015944223,0.0011841277468863202,0.0005249387518452425,0.0004310782529575637,0.0004698800518368508,0.015266171649019116,0.00031084944011592404,0.00023741699756637706,0.003131749272346072,0.003854461032981491,0.00030217524070738345,0.0007836903115611692,0.0003773215850106976,0.0682254336799858,0.002556872008987541,0.0002390352028880632,0.014807543028273881,0.000169378663028207,0.00038501541717955213,0.0021581468518601203,0.00017898368587348503,0.002273085193477268,0.0003217023978636292,0.0003872653192135114,0.0014692956804891312,0.0001586487105042136,0.0005646052098393197,0.04513829563587956,0.0007776942093805937,0.009028387342334474,0.016181736359622008,0.0015601142869621936,0.0015780358876448805,0.00022998669201473247,0.014182370438619196,0.00262481671757694,0.0014127495684243074,0.0011767037240790125,0.0003041510830108096,0.0013403658012389227,0.0003645665362829337,0.08072267230474117,0.0016506265926733484,0.03618192166551885,0.00026155766676370755,0.0016977860937903348,0.043399669448987606,0.0004109556271251206,0.001504996357485064,0.0003074195653434572,0.0002463549990108145,0.00027995960289601125,0.0007903355313786357,0.0006008583626057245,0.0012453093098593196,0.017208171835029498,0.0006667890129849294,0.009905880062654152,0.00038495702642809876,0.00043853242233580787,0.00041767368380599335,0.0009214164855861313,0.00031836736571246987,0.00024685420887465734,0.0032011152876576785,0.00047559640038711366,0.00043470847171088434,0.0002520122393403908,0.001965491680549872
JeanPaulANDRichterCaroline,9.459801896476517e-05,0.021501607787784566,0.00011554755687567412,6.006953017418708e-05,0.0317604274630139,8.391277819211027e-05,0.0008536958081746316,0.0001035046560955051,3.502296625904219e-05,7.621586001007866e-05,0.00014620741020344378,0.06521614995521086,0.0002368404030793263,0.0003974384429878519,8.622105803843037e-05,0.005420702877945098,0.023029485776482523,0.0005151837801477396,4.748637767281574e-05,0.009088680776436176,0.0031083779712590674,6.043883862861616e-05,0.003816219954214131,7.546905012525073e-05,0.014778442130964091,0.007764920850327807,4.7810039035925464e-05,0.06671367880538905,3.387785729210614e-05,7.70079130704758e-05,0.00043165644217270474,3.579898234659756e-05,0.00864247846485034,6.434451500858412e-05,0.008533413264761643,0.0002938775669473159,3.173173219075033e-05,0.0001129281243773352,0.20474874577281932,0.0007404368128456532,0.017912234696398906,0.05786148932443997,0.005693464261743835,0.004845726900698272,4.600022335671139e-05,0.021314413478643573,0.006407864718245328,0.00028256763521974926,0.00023535550539090008,6.083403187427327e-05,0.001987245362105761,0.006034937004834773,0.02142893284555059,0.00033014602399967396,0.19730095709761578,0.007363417508970463,0.003640315380298978,0.05898359532160386,8.219628045366203e-05,0.001660048128660598,6.148776934065512e-05,4.927409008002057e-05,0.0008003438789903404,0.0006110870130752708,0.00012017920969027484,0.00024907748313563843,0.040449730423342004,0.00013336616680039497,0.057562293250555376,7.699623418773135e-05,0.002965767418448655,0.0009895599617176232,0.00018429485536842683,0.0005166874595719304,4.937393831487918e-05,0.0021024837512589613,9.512524596011729e-05,8.694714732656956e-05,5.040560911037575e-05,0.0003931229912435996
JeanPaulANDRichterEmma,2.8410779391830213e-05,0.0013370977419100707,3.470258873901443e-05,1.804078128301378e-05,4.0956254005642886e-05,2.5201663369500405e-05,0.00025639187309845884,3.1085724442622323e-05,1.051850534421634e-05,2.2890035210055364e-05,4.391071316501939e-05,0.0006884876616617638,7.113066971799023e-05,0.02011550538866777,2.5894912870981345e-05,2.8225740729549738e-05,0.3222605966889727,1.867275630948516e-05,1.4261662294239034e-05,0.016255302298633832,0.00023153785172149257,1.8151696301543194e-05,4.707635376286646e-05,2.2665744562981813e-05,8.151402923789558e-05,0.00015359155197629804,1.4358868046384803e-05,0.0008894905598223395,1.017459287548542e-05,2.3127913814827733e-05,0.11661667923807348,1.075156753842845e-05,0.00013654445017713773,1.9324694544228194e-05,2.3263065650342263e-05,8.826073541622327e-05,9.53004357657674e-06,3.391589024726465e-05,0.4043909071680103,4.671616731767644e-05,0.0005423361118108566,0.009005627394386928,9.371621800099518e-05,9.479277030908014e-05,1.3815323112096285e-05,0.0008519363811381564,0.00015767299727514008,8.486400492688563e-05,7.068470794091508e-05,1.8270385342205745e-05,0.0040973103582308155,2.1899547536793427e-05,0.000832224377291013,9.915330106900308e-05,0.018240629390920183,1.5711794657036733e-05,0.00010198617691946616,0.030724583566974738,2.4686144766602467e-05,9.040527857956336e-05,1.846672339601284e-05,1.4798568916311655e-05,1.6817200762619794e-05,4.747553276807309e-05,3.609362068424136e-05,7.48058521973352e-05,0.013084079927201614,4.0054081309158835e-05,0.0005950471854539878,2.3124406276669666e-05,2.6342685555524936e-05,2.508969908932689e-05,5.534957852417466e-05,1.9124358836305825e-05,1.4828556501720693e-05,0.00019229130881724652,0.03617971920193296,2.611298046700339e-05,1.5138399896927145e-05,0.00011806727773272285
JungFranzWilhelm,3.9304317560875235e-05,0.018520639694790543,4.8008593821783567e-05,2.495815362241595e-05,5.6660100426690784e-05,3.4864730969751515e-05,0.08926594758008884,4.30049161359519e-05,1.4551613266678839e-05,3.166675579249833e-05,6.0747387136402186e-05,0.023180286175294086,9.840428494959073e-05,4.3623859548509414e-05,3.582379295743357e-05,3.904832956973259e-05,0.0012686610114403991,2.583244667817479e-05,1.9730007967325305e-05,0.0002602570107802754,0.0003203163533782288,2.5111596759277028e-05,6.512682853170438e-05,3.135646543766744e-05,0.00011276893346171328,0.0002124831230529365,1.986448529715806e-05,0.05124312438849245,1.4075834524472574e-05,3.1995844132313434e-05,0.00017934796168060207,1.4874038440814725e-05,0.00018889965519497848,2.673435743025311e-05,3.218281720294754e-05,0.0001221025275340802,1.3184145846082034e-05,4.6920251720430075e-05,0.08154845849156972,6.46285358862396e-05,0.0507628605956858,0.03468646475437262,0.0001296498044673332,0.00013113913896267728,1.9112529062123402e-05,0.04007726489104056,0.00021812951592096045,0.00011740338950691209,9.778732815778884e-05,2.527579470966968e-05,0.00011138809861404592,3.029648567378365e-05,0.0011513239660138886,0.00013717162696162528,0.14748759466305975,2.173616422606887e-05,0.0001410907117041282,0.13141655053701073,3.415154719547372e-05,0.00012506935235618137,2.554741461525866e-05,2.047278056372043e-05,2.3265415923403877e-05,6.567906464490257e-05,4.993298880435288e-05,0.0001034886417449512,0.2570498829612429,5.5412007874623815e-05,0.0008232059817237528,3.199099169966033e-05,3.644325501251003e-05,0.06671814541176606,7.657225383265409e-05,2.6457207051012624e-05,2.0514266281642685e-05,0.0002660215181609105,3.952337391616429e-05,3.612547415827567e-05,2.094291285382493e-05,0.00016333778505525358
KalbCharlottevon,9.729869640499185e-05,0.0693977781913696,0.00011884632236296908,6.178445430010207e-05,0.00047733447747583426,0.0008630880996333986,0.015009417891829763,0.00010645960898706265,3.6022836403266296e-05,0.0006841833839730892,0.015120974273575314,0.06650294518168372,0.0016180259304407851,0.00033997094791220493,0.011359488301590684,9.666499254294321e-05,0.0180021334947705,6.39487858514518e-05,4.884206556461846e-05,0.00383886777763407,0.012304034105449812,6.216430613611864e-05,0.00016122288619594476,7.762361491782334e-05,0.0034454862168458024,0.0014924398812364815,4.9174967131182655e-05,0.07955791032155654,3.4845035737418907e-05,7.920641083844525e-05,0.0018590411335495927,3.6821006962594427e-05,0.005507179793503862,0.0003389038550931076,0.007271022327496467,0.009772526906091017,3.263764094237856e-05,0.0005065687389156934,0.13144772889508846,0.00015998935187094788,0.008162610981314624,0.024062234807905678,0.01926210951620106,0.0076436034370444715,0.0026942953230595615,0.05646294491436544,0.006983818916468652,0.0002906346544462344,0.000626286246051202,6.257078174788398e-05,0.0002757436704858539,7.49996118656949e-05,0.0497445273899949,0.005147130670442535,0.07502991753786423,5.3808349191299984e-05,0.004241055857439886,0.14657584648638952,8.454290084509361e-05,0.0009837542360614754,6.32431827554965e-05,5.0680815346818954e-05,0.0012288439387339253,0.002969968092605716,0.0042918491537770964,0.0012493371928013395,0.055341444136822196,0.00013717363551812238,0.056483070626534855,0.0018013039596824609,9.02160735898794e-05,8.592495759855866e-05,0.001142512375391843,6.54953937972193e-05,0.0007378957577663253,0.004576865592243688,0.0007719832983772984,0.00047781924853657656,5.1844638097187604e-05,0.0018794885309720121
KeßlerGeorgWilhelm,4.4778638951262265e-05,0.0021074190257785136,5.469525036209726e-05,2.8434335444632906e-05,6.455174233770742e-05,3.972070492788453e-05,0.00040410292717330985,4.899465840612909e-05,1.657836790112938e-05,3.607731446281596e-05,6.920830800841244e-05,0.1466964710803301,0.00011211007391720074,4.969980850978497e-05,4.081334546061429e-05,4.4486996848241865e-05,0.0014453606348678151,2.9430400394006092e-05,2.2478011529039605e-05,0.00029650571345539504,0.0003649301458012452,2.860915020421776e-05,7.419771978854876e-05,3.5723806740731425e-05,0.00012847543653645696,0.00024207785914836274,2.263121891625309e-05,0.0014019388936684439,1.6036322501538282e-05,3.645223836090495e-05,0.019197110543148974,0.17728291965952095,0.00021520967626248523,3.045792964371321e-05,3.666525311712268e-05,0.0001391090174003618,1.5020439060113916e-05,5.345532352870331e-05,0.016935429374378475,7.363002474006512e-05,0.0008547837637989318,0.0015320438729319304,0.00014770748214500186,0.00014940425175667067,2.177452990992151e-05,0.014004604494068184,0.0002485106839193978,0.00013375538151100163,0.04442790067686561,2.879621771215203e-05,0.00012690227844767318,3.451619256274495e-05,0.001311680837867809,0.057134625719661124,0.14903694411480867,2.4763586050234603e-05,0.00016074188361089308,0.13072751840412014,3.890818862646746e-05,0.00014248906279447783,0.08866209264841696,2.332423779579401e-05,2.650583254807825e-05,7.48268715729666e-05,5.6887675863204784e-05,0.00011790258200199888,0.001629224060898776,6.312981494562879e-05,0.12122548763323808,3.64467100794516e-05,4.151908644353082e-05,3.9544236411896894e-05,8.723726859641402e-05,3.0142177646544106e-05,2.3371501661439244e-05,0.01929585602794826,4.502820556511519e-05,4.115704494222897e-05,2.385985030313024e-05,0.00018608753841762955
LangermannJohannGottfried,0.00010359105410430162,0.16475327676385315,0.00012653217632798599,6.578008734635282e-05,0.0001493342180478196,9.189001250627549e-05,0.08881078899024165,0.00011334440770509446,3.835245211620037e-05,8.346138073832903e-05,0.005539068850339361,0.076646573338534,0.0002593558224365508,0.0001149757043288926,9.44177307932417e-05,0.00010291636828131442,0.0033437021587410017,6.808438735364475e-05,5.200070754710195e-05,0.02848701892198693,0.0008442306278923161,6.618450439971828e-05,0.0163085356075329,8.264357478391839e-05,0.00029721550741654946,0.0005600237343476617,5.235513803247881e-05,0.003243250156464139,3.709848246390377e-05,8.432873094640941e-05,0.0004726922016436544,3.92022407839916e-05,0.0004978667896034367,7.04614769792588e-05,8.482152000059172e-05,0.009588842471268524,3.474833429037853e-05,0.0001236637254172004,0.2848568586952971,0.00017033594712092393,0.0019774596369387335,0.014302159688695231,0.021857555456842565,0.00034563229900719646,5.037327080105074e-05,0.003106320545971493,0.0005749054528301077,0.048720089208223176,0.0002577297617804772,6.66172670023661e-05,0.00029357615819766854,7.984987607893816e-05,0.0030344468663067656,0.000361531615658979,0.06262070611362405,5.7288163339186724e-05,0.009638888016790475,0.025642581150498476,9.001033455911116e-05,0.0003296346775809695,6.733315253560539e-05,5.395837024156771e-05,6.131868225284977e-05,0.0001731047366135345,0.00013160414086339935,0.000272756230141328,0.11497337885250787,0.00014604472643183882,0.002169654141931145,8.431594180148335e-05,9.605039435911072e-05,9.148176964728025e-05,0.00020181499086916474,6.973101524597819e-05,5.406771062747274e-05,0.0007011303386207853,0.0001041684023489949,9.521284633112837e-05,5.519745801926452e-05,0.0004304955378688117
LentzTherese,2.117951122039092e-05,0.05190187465745592,2.586989457198485e-05,1.3448942189811368e-05,3.0531842484656816e-05,1.8787197096758844e-05,0.00019113360032169244,2.317361451251925e-05,7.841277385851418e-06,1.7063937278183908e-05,3.273431641376681e-05,0.0065020855638755785,5.3026099588077704e-05,2.350713814973152e-05,1.930399691392148e-05,2.104156961836987e-05,0.01266130139565062,1.3920063449089679e-05,1.0631705396618596e-05,0.00014024200449400952,0.00017260556146132022,1.3531626506459475e-05,3.5094220717592654e-05,1.689673432289683e-05,6.076662920974751e-05,0.00011449858356841443,1.0704169804928696e-05,0.01862959925009344,7.584899414312441e-06,1.7241269709279266e-05,9.664338175787846e-05,8.015019305750446e-06,0.00010179040408305032,1.4406066770832855e-05,1.7342021954659757e-05,6.57961265436243e-05,7.1044043557271404e-06,2.5283430916648794e-05,0.005015743414732376,3.482571091178534e-05,0.0004042977352681935,0.030668807778073962,6.986304963022043e-05,7.066559191087959e-05,1.0298970923342908e-05,0.006623932414339113,0.00011754119691280921,6.326395062126093e-05,5.269364646065153e-05,1.3620106158276865e-05,6.002255301240908e-05,1.632555398710311e-05,0.09045293569376013,7.391625634647774e-05,0.13936347096882193,1.1712742077286275e-05,7.602809302062794e-05,0.4361340480033217,1.8402891130216552e-05,6.739482876027784e-05,1.376647116841076e-05,1.1031955585804157e-05,1.2536794127861745e-05,0.03896282304777317,2.690687339912425e-05,5.576585436512032e-05,0.15348590162802692,2.9859295755670947e-05,0.0004435924959034677,1.7238654929066793e-05,1.9637800026665465e-05,1.8703730582323835e-05,4.1261698710517046e-05,1.4256721611544235e-05,1.1054310565682879e-05,0.00014334826498458013,2.129755185365104e-05,1.9466560743412227e-05,1.1285290912080064e-05,0.00607685172022964
LevezowMarieUlrikeWilhelmine,3.4510049512217493e-05,0.0016241479559430773,4.215259423435201e-05,2.1913804149101347e-05,4.974880604564229e-05,3.0611995492168376e-05,0.024707065014687536,3.7759255909274026e-05,1.2776634361808906e-05,2.7804103419372082e-05,5.333753307300524e-05,0.0008362932591469368,8.640111205505721e-05,3.830270174775063e-05,3.145407287028166e-05,3.428528646334422e-05,0.0011139120848802028,2.2681452553012563e-05,1.732337804299176e-05,0.00022851134138172842,0.005160370863756293,2.2048530575585765e-05,5.7182778297112064e-05,2.753166170881973e-05,9.9013587277688e-05,0.00018656482422599663,1.7441452076553382e-05,0.07914646548979519,1.2358890231664204e-05,2.809305017142605e-05,0.0001574714286268106,1.3059730708824248e-05,0.00016585802421128094,2.347334989766477e-05,2.8257216612302196e-05,0.000107208686787187,1.1575968091034727e-05,4.119700609201197e-05,0.18382122864146028,5.6745266468038085e-05,0.0006587656682251441,0.2158622659430809,0.0098720875756988,0.00011514302904718303,0.009775033432950454,0.0010348314028580123,0.00019152248052263984,0.00010308274093578919,0.00496498551795125,2.219269996331471e-05,9.780118411390348e-05,2.6600976318418986e-05,0.09371428363682306,0.00012043968530391919,0.1002225736773352,1.9084827067294428e-05,0.00012388072732931178,0.06171621528832491,2.9985804557202587e-05,0.00010981362379814544,2.2431188174587216e-05,1.7975548610212868e-05,2.042754346759665e-05,5.766765366937585e-05,4.3842255071909386e-05,9.086528840092332e-05,0.07444250375890372,4.8652953517457565e-05,0.12758007163018736,2.8088789629544005e-05,3.199797408822085e-05,3.047599454692508e-05,6.723211176314683e-05,2.323000580970025e-05,1.8011973976900112e-05,0.00023357270480092919,3.4702385777954274e-05,3.171895555554496e-05,1.8388335032052398e-05,0.000143414143770398
LindenauBernhardAugustvon,0.00017702527636188559,0.25861457293277,0.00021622903325782856,0.00011241065401142136,0.0002551951174624025,0.00015702953309503065,0.0015975570950104898,0.0001936926433615216,6.553995896393167e-05,0.00014262596436050487,0.00027360411434261225,0.004289911124806022,0.00044320946958090684,0.0001964803429187181,0.00016134911485992558,0.00017587231537211228,0.005714004976983624,0.00011634843946151274,8.886326820529049e-05,0.0011721885054266426,0.001442693691149529,0.00011310175655166001,0.00029332896574381763,0.00014122842741736135,0.0005079073458068799,0.0009570165802376297,8.946894941171728e-05,0.00554234398156348,6.339706809206434e-05,0.0001441081667728229,0.0008077769683260836,6.69921507102718e-05,0.17604905473804613,0.00012041061405322612,0.00014495028696610626,0.0005499455281910753,5.9380933363955505e-05,0.0002113271783669512,0.1170081900367224,0.0002910846730363848,0.053435897533844964,0.006056693467157364,0.0005839382004418906,0.0005906461110989127,8.608216473817904e-05,0.3056482165355803,0.0009824477369130148,0.0005287807743028117,0.00044043071769435095,0.00011384129839719122,0.0005016881137812928,0.00013645431550589243,0.005185523014106551,0.0006178162267868277,0.013542601591728477,9.789892607110026e-05,0.0006354676478693256,0.016244146399787992,0.00015381737823334655,0.0005633080037826262,0.00011506466498478826,9.220869009048746e-05,0.00010478662241459542,0.0002958162179497493,0.0002248964411854978,0.00046610923537450166,0.006440879990790994,0.0002495737521095335,0.003707691049251729,0.00014408631158528245,0.00016413915036495036,0.00015633189269006253,0.0003448787623747307,0.0001191623384050646,9.23955403180454e-05,0.0011981516457500064,0.00017801189855100796,0.00016270787647357126,9.43261495388927e-05,0.000735667690832199
Ludwig,7.962763133683001e-05,0.1772679281845445,9.726184925917513e-05,5.056336755919114e-05,0.0001147891597735155,7.063335828226278e-05,0.01292045365623937,8.712476949742555e-05,2.9480488874042792e-05,6.415449783533483e-05,0.042829570865375054,0.02865875379977229,0.00019935978055831414,8.837870293100203e-05,7.257634671517564e-05,7.910901865887697e-05,0.0025702130854688846,5.2334620425151484e-05,3.997153234531095e-05,0.0005272613950144281,0.0006489371672324589,5.0874231970313835e-05,0.00013194212275604303,6.35258725973166e-05,0.45984902481539247,0.005587520733225237,4.024397343849363e-05,0.002492998358063033,2.8516596441013677e-05,6.482120639628263e-05,0.0003633456642923807,3.013369835567395e-05,0.0003826966866991979,5.416182469486012e-05,6.519999996559746e-05,0.00024737066182920305,2.6710101334206746e-05,9.50569489074338e-05,0.013700413452721358,0.00013093261882534969,0.001520019545269601,0.0027243575857330542,0.0002626608849530935,0.00026567816614488137,3.872056589498312e-05,0.002387744283397222,0.00044191421592637494,0.0002378505568216887,0.00019810987187099838,5.1206884835737054e-05,0.00022566402375546563,6.1378432237048e-05,0.013590471365163323,0.00027789953927214925,0.1567270416973443,4.4035856086026986e-05,0.0002858393141981603,0.04202457589396563,6.918850086766335e-05,0.0002533812288059565,5.175716661260509e-05,4.147633451828461e-05,4.7134006567536126e-05,0.00013306091215022406,0.00010116053072034388,0.00020966031021027473,0.024469234100061212,0.00011226061686073484,0.0016677542441857,6.481137572773613e-05,7.383133088001671e-05,7.0319553078203e-05,0.00015512970526388584,5.360033858868761e-05,4.156038150491249e-05,0.0005389398592908455,8.007142326055265e-05,7.318753044593756e-05,4.2428787658273614e-05,0.00033091023426649955
LudwigErnstKarlFriedrich,4.3672684528637934e-05,0.026753628447946383,5.334437290241507e-05,2.773205686324049e-05,6.295742668634969e-05,3.873967266979013e-05,0.006568687039187725,4.778457564304636e-05,1.6168911076858696e-05,3.518626760607724e-05,6.749898329205472e-05,0.0010583343749541831,0.00010934115027473764,4.847230976680609e-05,3.9805326883645256e-05,0.05561447100244067,0.0014096627435549725,2.870352074251015e-05,2.192284377842084e-05,0.0002891825385485763,0.00035591700654220897,2.7902554002615557e-05,7.236516528777213e-05,3.484149090927235e-05,0.0001253023169293439,0.006410663708257852,2.207226720990374e-05,0.001367313443766109,1.5640253254938135e-05,3.555193153662478e-05,0.0001992810825222928,1.652717128306425e-05,0.00020989437193818226,2.970567180867475e-05,3.5759685199221954e-05,0.006310238017632593,1.4649460365867028e-05,5.213507010309718e-05,0.02269171850413511,7.181149131863074e-05,0.0008336720930089855,0.0014942050565541528,0.00014405936449428966,0.00014571422685062088,2.1236736930535642e-05,0.0013095856434904838,0.0002423729026829203,0.0001304518564553852,0.00010865562356906636,2.8085001268787792e-05,0.00012376801310648967,3.366370269902959e-05,0.0012792846048047535,0.00015241717862920874,0.11448316731416312,0.07411892897787194,0.031029595592805083,0.3683068015759158,3.794722410642969e-05,0.00013896983101647158,2.8386809598880627e-05,2.274816972966373e-05,2.585118463071316e-05,7.297877811846616e-05,5.548264931065127e-05,0.00011499059349457993,0.27326983409710925,6.157061842528422e-05,0.0009146988771965476,3.55465397940986e-05,4.0493637292976624e-05,3.856756261891626e-05,8.508265994189727e-05,2.9397718336112483e-05,2.2794266260113762e-05,0.0002955877257626162,4.391608728162339e-05,4.014053758644379e-05,2.327055354056846e-05,0.00018149150019654265
MahlmannErnestine,4.59334826928208e-05,0.03964269822717366,0.00035810149704821215,2.9167658634052544e-05,6.621653558268612e-05,0.0003775918865974761,0.005382746863098207,0.0021352633303170013,0.0008721330041286523,0.0006675411092699081,0.0003283299347815114,0.013209510960965237,0.0064514128345877185,5.0981569504723936e-05,4.1865924049002314e-05,0.0005813507216728716,0.04064995480869023,3.018941215726161e-05,2.3057720773111226e-05,0.026000153129557786,0.0035461246923718724,0.00016874082835741572,0.00022958031401806712,3.664512582512976e-05,0.00013178882562784079,0.000928149703417043,0.00030934127600630216,0.2100013065936443,1.6449900205377666e-05,3.739234373978236e-05,0.008548298879697512,0.0012171575649147154,0.0036875271507831025,3.1243441446967365e-05,0.0007584252722382818,0.0003008254417771385,1.5407817070037666e-05,0.0016226849553582687,0.25367189541531465,0.001475764184653291,0.005355386795074096,0.022855547853116564,0.00015151686682777853,0.0035050855048188896,2.2336096321513907e-05,0.020260553866004137,0.002514168910083632,0.00042569522154684724,0.0007099653404065157,2.9538873866610663e-05,0.00036736828761001124,3.540636720621503e-05,0.04045691220499505,0.003621756755335124,0.10324783283309748,0.00013466895575495232,0.00029131098997134045,0.1048264394905623,3.991163310765324e-05,0.0008791299319691948,2.9856305869165418e-05,2.3925771265232722e-05,2.7189419533968187e-05,0.00019891767231323328,0.0008082726272113565,0.0003021710769688033,0.022137983294026112,0.014467913977753773,0.02214746810965922,3.738667288362403e-05,0.00014662737645973486,0.00011502470402089395,0.0011319357947529541,3.0919546187154396e-05,9.526067108778934e-05,0.001216585085653229,0.001718878298404435,4.221848756053429e-05,2.447519725074703e-05,0.0018875067957129872
MahlmannSiegfriedAugust,8.661884097215228e-05,0.1133290617962697,0.00010580132188035178,5.500277001961139e-05,0.0017963117404537355,0.0068264316585972835,0.009758908060185102,9.47742187873218e-05,3.2068840108533045e-05,6.978718508077602e-05,0.00013387507002741146,0.02448357274811035,0.00021686332794928576,9.613824605837274e-05,0.010586178143224666,8.605469472889992e-05,0.01797126501714087,5.6929536742950084e-05,4.348098449627404e-05,0.002127014605954164,0.011064632522015868,5.53409279497027e-05,0.003037185831639238,0.0008054424445024188,0.0008469140562181403,0.0016739901798082262,4.377734558762495e-05,0.02756073651696874,3.1020319086758126e-05,7.051242984626735e-05,0.0014650895990464745,0.000539072632732107,0.009238620730536162,5.891716733555226e-05,0.004121270338154176,0.0013899898496574268,2.905521589649022e-05,0.00010340283394694783,0.11465843060714044,0.005839298147265168,0.01651773599574494,0.05506901840723343,0.00028572219267853125,0.0007952976196465028,4.212018470600919e-05,0.04085313040071264,0.12492445454804943,0.00025873354777221114,0.00457919051460742,0.011857041031236311,0.0014511970011355391,6.676738428362419e-05,0.01890992723186795,0.013986976370635734,0.05720474214422177,4.790215094121378e-05,0.00031093565995184575,0.1192752432102424,7.526316748525218e-05,0.02220776759337176,5.630138318471932e-05,4.511790647834317e-05,5.127231528442354e-05,0.000482223338003688,0.00011004230285412412,0.02771075812241502,0.034436415581209155,0.004346819161017801,0.02073102870478143,7.05017360569233e-05,8.031363235214772e-05,7.649352471064188e-05,0.0011436811820262367,5.8306383428984717e-05,4.520933268865092e-05,0.000586258126503833,8.710159728952972e-05,0.0035242579175546697,4.6153983850997304e-05,0.04700373890966233
MannLukreziavon,3.974605143761208e-05,0.0018705701414989965,4.854815343206646e-05,2.5238653644805296e-05,5.7296892702221716e-05,3.525656916281521e-05,0.00035868655469858187,4.348824034821064e-05,1.4715156127615414e-05,3.2022652540437876e-05,6.143011566310502e-05,0.0009631789975617034,9.95102323104875e-05,4.4114139950064285e-05,0.01127503945000556,3.948718644529646e-05,0.0012829192553592884,2.612277271676009e-05,1.995174983815048e-05,0.00026318199066681976,0.00032391632898754504,2.539382130039385e-05,6.585877678146924e-05,3.170887489032088e-05,0.0001140363224216251,0.00021487118114711282,2.008773853355136e-05,0.0012443776024720866,1.4234030197077026e-05,3.2355439442577864e-05,0.00018136361989106,1.5041204978002847e-05,0.0001910226631030611,2.703481987515991e-05,3.254451386859637e-05,0.00012347481501276386,1.3332319996340048e-05,4.744757965731214e-05,0.24542775545224985,6.535488391812282e-05,0.1468632857364651,0.0013598603263602412,0.00013110691438043183,0.00013261298722772334,1.9327331202976787e-05,0.0011918401378325904,0.00022058103276893163,0.00011872286425185862,9.888634165664872e-05,2.555986464085253e-05,0.00011263996862926548,3.063698221204448e-05,0.11917180040225178,0.0001387132732314584,0.1941004323257641,2.198045291201537e-05,0.00014267640383467067,0.11041589049860248,3.453537004943505e-05,0.0001264749834243635,2.583453723177841e-05,2.070287031688783e-05,0.0168817464517883,6.641721937309769e-05,5.049417633006024e-05,0.0001046517312413004,0.14193128161639804,5.60347730713053e-05,0.0008324578398458683,3.2350532474341367e-05,3.6852833942169646e-05,3.509993361341415e-05,7.743283507754117e-05,2.6754554654623146e-05,2.0744822285037647e-05,0.0002690112842681743,3.996756972632347e-05,3.653148160832682e-05,2.1178286335904944e-05,0.00016517350788387963
MayerJohannSiegfriedWilhelm,0.00038824309815311555,0.05438075811517868,0.0018705258178293395,0.0022421721110108773,0.00018114346829765902,0.0019224946853990076,0.0034711330702988812,0.00024432564542704345,2.9326818273793627e-05,6.3820084785634e-05,0.00012242818376959652,0.011416561402587518,0.0019132997187595781,0.0006497709277493895,7.219803376347177e-05,7.86966533675695e-05,0.018732956524750377,0.00028376179769705023,3.9763175916941406e-05,0.001154200195655193,0.0057655118795377075,0.00018618523808420337,0.00017334911807593084,0.00014738425539633716,0.0005648615610569567,0.002824719406716164,4.003419687810049e-05,0.04319875047642476,2.836795024620743e-05,6.448331804787864e-05,0.0018238921351295975,0.0008848635168101203,0.0018998309674920814,0.0022565308112339416,0.00021369973759435517,0.0050205165433884254,2.6570871712802542e-05,0.00149020411963082,0.11845182515599449,0.0012075789231270867,0.004402016702189234,0.018934342242340835,0.0018047562482923015,0.0010355474291181548,0.0005677333294914038,0.3267883946557682,0.0011140517507529162,0.0014327836876509034,0.0010481171467570578,5.093996277880583e-05,0.0032301936515396873,0.00024692150442722833,0.03448336292104105,0.0034011251355543543,0.02435817942153788,0.00017158671673864247,0.007773955469864506,0.10541185963247034,0.00012411945875199885,0.0008547471213613954,0.0018123412667679856,4.126013412728049e-05,0.00020918708556218708,0.0001323673161136322,0.00023399069812702874,0.0005676821698040661,0.030257407063035653,0.0003023828166254213,0.008758815191998313,0.0002676524559060721,0.0014299576367399968,6.99530039352444e-05,0.024536860382764664,0.00020151380785377943,0.000985176560791737,0.10502687634362289,7.965404131930242e-05,0.0004130309573896483,4.220762249051984e-05,0.0018702095453489232
MayerJohannSiegfriedWilhelmANDMayerJulieHenriette,4.6386174902350116e-05,0.057550615382469694,0.0007147495010789307,2.9455117173222055e-05,6.686912511091249e-05,4.114666298890608e-05,0.006029068487411913,5.075354783742345e-05,1.7173524945550333e-05,3.737247620457416e-05,7.169285970187897e-05,0.012065383938183575,0.00011613478253992534,5.1484012559144734e-05,4.2278528897375634e-05,4.608406295977148e-05,0.026924034278605336,3.0486940471960857e-05,0.0045469269793712835,0.002677326862166536,0.03386727354955167,2.9636207715577342e-05,7.68613894498499e-05,3.7006277690952695e-05,0.00013308765539574052,0.0007248037028567205,2.344367098886775e-05,0.05406966230872625,1.661202032416572e-05,3.776085972669853e-05,0.00021166290207205268,1.7554044731887392e-05,0.0016383321656365062,3.155135762733872e-05,3.79815216309036e-05,0.002708800876190995,1.5559667057117982e-05,0.01870181008954335,0.09673491770888737,7.627331436702253e-05,0.001610345616645377,0.03306387180001395,0.00015301012405984874,0.00015476780704931002,2.255622717602946e-05,0.27672873114338126,0.0002574321220869284,0.00013855714836828452,0.00011540666238856053,2.9829990875244836e-05,0.0007895487337577524,3.575531062749176e-05,0.05738384650417792,0.007410641667718994,0.020247925738975967,2.5652589284498555e-05,0.011652883524156478,0.1266328890145986,4.0304977664134056e-05,0.00014760436545761251,3.0150551292763753e-05,2.4161568980184648e-05,2.7457381762893082e-05,7.751312754184273e-05,5.8929921591652883e-05,0.00012213523944164524,0.07194595869581229,0.004086411276276587,0.0077577387561050095,3.77551329820629e-05,4.300960571069624e-05,4.096385932092793e-05,0.010349160646894156,3.122427025466547e-05,2.4210529600465384e-05,0.04804888014490401,4.66447008618499e-05,4.2634567058459046e-05,2.4716409770951558e-05,0.0001927680096213518
MayerJulieHenriette,2.51748668898921e-05,0.03321843571503158,3.0750055821790585e-05,1.5985984091662435e-05,3.6291445182850675e-05,2.233126068035585e-05,0.00022718951803060697,2.75451427863299e-05,9.320475452968788e-06,2.028292084390315e-05,3.8909399271442626e-05,0.0006100707410600681,6.302907488888591e-05,2.7941583151930383e-05,2.2945550900295584e-05,2.501090364100868e-05,0.05776126726385269,1.654597883695717e-05,1.2637296743408064e-05,0.19236847678571525,0.00020516630384086944,1.6084266183436757e-05,4.171448179216204e-05,2.008417630730137e-05,7.222979726888084e-05,0.00013609788112772217,1.2723431017918856e-05,0.015025348769853219,9.015733703273434e-06,2.0493705705821425e-05,0.00011487442964222998,9.526992480729147e-06,0.06418825212596442,1.712366303399144e-05,2.0613464105338667e-05,7.820807148804757e-05,8.444596861858048e-06,3.0052960203992272e-05,0.2657902568411799,4.1395319628810425e-05,0.00048056546552700596,0.00797991029344485,8.304218906002982e-05,8.399612491241403e-05,1.2241794411591775e-05,0.02922924074082722,0.00013971446062030284,7.519821960223472e-05,6.263390697669989e-05,1.6189436856819545e-05,7.134535668717856e-05,1.940524709245307e-05,0.004296728432641803,8.786000277146024e-05,0.0019259012013496282,1.3922262872026652e-05,0.07127621436257356,0.15535965435343138,2.187445828052621e-05,8.010835686678097e-05,1.6363412526471024e-05,1.3113051123693267e-05,1.4901766150818427e-05,4.206819536625028e-05,3.198265291382059e-05,6.628566382076784e-05,0.05430534437272304,3.549202756630292e-05,0.0005272728875335531,2.0490597666966785e-05,2.3342323462387146e-05,2.2232048835058803e-05,0.02140479865047373,1.6946145032437134e-05,1.3139623202572561e-05,0.021526143080496333,2.531517500177435e-05,2.3138781174873426e-05,1.3414176255956147e-05,0.00010461972760338776
MayerJulieHenrietteANDMayerJohannSiegfriedWilhelm,5.241015105306179e-05,0.002466581210593824,6.401682589063471e-05,3.328032853719934e-05,7.555313528711444e-05,4.649020590979442e-05,0.04493232457537934,5.734469622118798e-05,1.9403777923154788e-05,4.222588146645077e-05,8.100330786729895e-05,0.20874704540264136,0.00013121671507179168,5.817002330377104e-05,4.776906245184774e-05,5.2068805111543376e-05,0.0016916898542186734,3.4446150359343786e-05,2.6308883146083678e-05,0.00034703844498728463,0.00042712428321182777,3.3484936541612315e-05,8.684305269177845e-05,4.181212630222972e-05,0.000150371185752486,0.00028333458679654364,2.64882012873752e-05,0.03128043544766955,1.8769353073817425e-05,4.2664702712304934e-05,0.00023915066705281778,1.9833714203147413e-05,0.00025188732630470966,3.564879886429732e-05,4.2914021043798936e-05,0.00016281702136438964,1.7580335143296908e-05,6.256558140989799e-05,0.3829063955225287,8.617860678766143e-05,0.0010004624353850274,0.024022821996553968,0.00017288090107680137,0.007584758745425123,2.548550890370974e-05,0.09049029340296902,0.0151106475389201,0.00015655097862133426,0.00013039403703899114,3.370388549981147e-05,0.00014852991824202758,4.039870144242151e-05,0.0015352273417886153,0.0001829108386914055,0.026239101974426027,2.8983982450223714e-05,0.0001881367231766455,0.004809246363217315,4.553921447531397e-05,0.00016677311949110226,3.406607574160585e-05,2.729932965147969e-05,3.1023155686887696e-05,8.7579429250533e-05,6.658290101879336e-05,0.00013799642590737072,0.11305526714445925,7.388887234499063e-05,0.03814715950434123,4.265823225958863e-05,4.859508111577474e-05,4.628366230338674e-05,0.00010210489938229128,3.527923403931569e-05,2.7354648580233065e-05,0.00035472509931215986,5.2702250684407644e-05,4.8171337781562205e-05,2.792622526672949e-05,0.0002178019749143242
MayerThereseApollonia,9.829788173710733e-05,0.14360245738958927,0.00012006678580665871,6.241893474814904e-05,0.00014170371594238282,8.719472603366531e-05,0.028682337046956694,0.00010755287008605892,3.639276417296141e-05,7.919677045830236e-05,0.0001519257895096084,0.002382084553546135,0.00024610356736045247,0.00010910081265687972,8.959328598061551e-05,9.765767020715295e-05,0.0031728496461972486,6.460549237672123e-05,4.934363729482192e-05,0.0006508881073258581,0.0008010931362456013,6.280268738034218e-05,0.00016287852547006,7.842075177902896e-05,0.0002820287432257448,0.0005314083082256591,4.967995751317321e-05,0.003077530420754048,3.5202868369224684e-05,8.001980183794925e-05,0.00044853913821976807,3.719913135099949e-05,0.0004724273850519657,6.686112030634777e-05,8.048741094366007e-05,0.0003053715356527267,3.2972805269439396e-05,0.00011734490358589086,0.2456409739133804,0.000161632323663897,0.0018764177583905398,0.04505601430566551,0.00032424684965030626,0.00032797159123533915,4.779935737430973e-05,0.016845223468589132,0.0005455296183723784,0.0002936192564445839,0.0002445605932161103,6.321333719468315e-05,0.00027857535314094664,7.576980216483968e-05,0.002879396312556417,0.0003430585035314931,0.3827557829980129,5.4360920965062595e-05,0.00035285991346411914,0.009019984120586343,8.5411093632665e-05,0.00031279139722508267,6.389264326113951e-05,5.120126967133955e-05,5.818549322122976e-05,0.00016425963684699817,0.00012487958913593927,0.00025881925698425866,0.10085984781793644,0.00013858230685316443,0.002058791737356369,8.000766617752636e-05,9.114252564712847e-05,8.68073430823042e-05,0.00019150288870753727,6.616798283716818e-05,5.130502311236508e-05,0.0006653048152078034,9.884572932847216e-05,9.034777365125766e-05,5.237704401678932e-05,0.0004084985893393245
MerzdorfErnestineAmalie,6.312086681995539e-05,0.06421400811704052,7.709952099141989e-05,4.008160906069739e-05,9.099342960221098e-05,5.599110166069637e-05,0.0005696315842789053,0.009070693675484019,2.3369199620345152e-05,5.085530544837749e-05,9.755741788820737e-05,0.0015296285047157639,0.00015803260685536092,7.005784604882437e-05,5.753130965191262e-05,0.02034538663579258,0.008798301606799877,4.1485682174260345e-05,3.168545550583187e-05,0.01747218714465269,0.031520026681945354,4.032803144905824e-05,0.00010459059272022231,5.0356993879108716e-05,0.00018110154996179784,0.00034123780144356064,3.190141970909097e-05,0.06286775528391357,2.260512156260877e-05,5.1383805688517705e-05,0.00028802430639173913,2.388699913294351e-05,0.00030336387241504403,4.29341079961118e-05,0.025633024199140892,0.04120351560855855,2.1173111905492162e-05,7.535169527920176e-05,0.10343850992456077,0.00010379035840339359,0.0012049203231330379,0.05587393871552913,0.03431666492496863,0.00021060322730514922,3.069381371790325e-05,0.13482523638579727,0.000350305640153231,0.00018854426620687327,0.00015704180355674934,4.059172555703485e-05,0.008705997369321846,4.86547167334916e-05,0.03721510964042163,0.00022029111645332803,0.1402296265202619,3.490724715332826e-05,0.0019277890922061362,0.08315859023016525,0.020469295104426532,0.00020085543836514846,0.0017422320460574719,3.2878313009640565e-05,3.736315273093229e-05,0.0001054774576836036,8.019000791351472e-05,0.00016619784233230374,0.033423083615600375,8.898905225521902e-05,0.053502487755993984,5.137601291219548e-05,5.852613628432868e-05,5.5742348104169265e-05,0.00012297140202953183,4.248901765330039e-05,3.294493710181174e-05,0.00042721792060300206,6.347266092010354e-05,5.801579532886006e-05,3.36333231335407e-05,0.0012624938147689552
MeyerJohannFriedrichvongenImo,6.870007524445119e-05,0.2169193747378142,8.391429269388849e-05,4.362439391466097e-05,9.903627398295264e-05,6.094011522499362e-05,0.02004599365205631,7.51683570092603e-05,2.543478651679021e-05,5.5350369646358285e-05,0.00010618044851461616,0.18621195228972576,0.00017200099632674442,7.625020912255294e-05,6.261646110266476e-05,6.825263345320429e-05,0.0022174944727297832,4.5152572049882504e-05,3.448611033201427e-05,0.00045490361703414637,0.0005598814314745352,4.38925974022746e-05,0.00011383528065665591,5.480801267268754e-05,0.00019710898687039043,0.02951041867460292,3.4721163457256155e-05,0.02157688890893198,2.4603172144179474e-05,5.592558364599976e-05,0.0003134825695246581,2.599835395921009e-05,0.00033017798885443667,4.672902319766273e-05,0.13603834156076322,0.00021342318986042173,2.304458817423327e-05,8.201197791284987e-05,0.045408608448135684,0.00011296431419898452,0.059589460585866026,0.012063491596224687,0.0002266150864606396,0.00022921829644478,3.3406818033311234e-05,0.0020600664515563094,0.0003812689059820429,0.00020520955949906248,0.00017092261663083139,4.417959924448923e-05,0.00019469542358213377,5.295527246358392e-05,0.0020124008761477352,0.02937878159833943,0.05382065277957152,3.799267384668025e-05,0.00024661266527154863,0.1714251463347554,5.96935402429927e-05,0.00021860890738877658,4.4654364082294955e-05,3.5784403660293744e-05,4.066565516767384e-05,0.00011480053498197675,8.727794555207109e-05,0.0001808879511471635,0.0024995805633047517,9.685473115101728e-05,0.0014388829623745991,5.591710207173324e-05,6.369921975198926e-05,6.0669374518921204e-05,0.00013384075659863485,4.624459163671883e-05,3.585691660848104e-05,0.0004649794080762745,6.90829641743461e-05,6.314377012324724e-05,3.6606148590860246e-05,0.00028549835793938264
MiltitzCarlBorromäusvon,5.752521889441061e-05,0.4906917708511726,7.026466912021993e-05,3.652838516038679e-05,8.292688645659553e-05,5.102750550555626e-05,0.057450654111465965,6.29413603333739e-05,2.129752633755865e-05,4.634699625093164e-05,8.890897894035902e-05,0.0339263246131573,0.15467243506928408,6.384723677393234e-05,5.243117447116723e-05,5.7150558649972744e-05,0.0018567935258736038,3.7807987568760715e-05,2.887654836777121e-05,0.0003809083185518344,0.0004688102856639873,3.675296227006709e-05,9.531866470859073e-05,4.5892859868718e-05,0.0001650469460976395,0.0003109871618062505,2.907336740229544e-05,0.0018010114559900382,2.060118359484769e-05,4.682864508643532e-05,0.00026249102882816366,2.176942306214899e-05,0.0002764707464349076,3.912801082972108e-05,4.710229611215097e-05,0.00017870745658107162,1.9296121210018405e-05,6.867178768892692e-05,0.04615545102227127,9.458937094946514e-05,0.08242884762294778,0.010101226122889256,0.00018975353967282563,0.00019193330765172444,2.7972815358556506e-05,0.0017249729806137284,0.0003192511390447267,0.00017182986754243177,0.008276194406113786,3.699327996604849e-05,0.00016302597660119503,4.4341489135805015e-05,0.009818135074898777,0.00020076236802352504,0.045066105403355934,3.181272904924152e-05,0.00020649828259141053,0.03781091112555368,4.998370026294569e-05,0.00018304965758859216,3.739081884968094e-05,2.9963659373584288e-05,3.4050919255637926e-05,9.61269093306713e-05,0.008206155501556033,0.00015146444815491641,0.0020929950736834693,8.110019662418883e-05,0.0012048321210641206,4.682154313764539e-05,5.333780998925918e-05,5.080080388514281e-05,0.00011207002019916792,3.872237762650403e-05,3.002437725784149e-05,0.0003893451664471295,5.784582654187065e-05,5.2872710622708116e-05,3.0651738052363144e-05,0.00023905877069303887
MosengeilFriedrich,0.04672765406426422,0.03619490295062881,0.003933936517633441,2.9781906460506745e-05,6.76110034612119e-05,4.1603163928733e-05,0.0013924166114986979,5.131663219480089e-05,1.736405632059522e-05,3.778710449449518e-05,0.002979975101511017,0.09595482335731381,0.0001174232378732379,5.20552010447249e-05,4.2747587303918954e-05,4.6595341798054185e-05,0.006057579417758183,3.0825177304961136e-05,0.000992705580345982,0.00753468055070038,0.0003822250563244027,0.06399467563172612,0.015710084898446462,3.74168431978073e-05,0.0001345641940833103,0.00025355050661741757,2.370376639058469e-05,0.0014683801235966937,1.6796322095914505e-05,3.817979693087856e-05,0.0016032494336293867,1.7748797777110788e-05,0.02106857000527999,3.1901403618032515e-05,3.8402906964757734e-05,0.0001457017257216248,1.573229351377337e-05,5.598869888300708e-05,0.20491906172378307,7.71195273321334e-05,0.08535107927907726,0.016744127300181804,0.016306322524991396,0.002761880004410991,2.2806476847736324e-05,0.009673583558521541,0.0002602881983064265,0.00014009436825090083,0.0001166870396054656,3.0160939192323406e-05,0.00013291648027832342,3.615199730192885e-05,0.014400820166164445,0.00016368328462957826,0.05381279393534819,0.04864927563197018,0.00016835982508917342,0.11355560535251015,4.0752140540704175e-05,0.000149241959533519,3.0485056061842042e-05,2.4429629088731506e-05,2.776200720927075e-05,7.837309559274676e-05,5.958371858602321e-05,0.00012349026674011968,0.05478783249033789,6.612168753656236e-05,0.06281529959590465,0.004883985417682592,4.348677503628192e-05,4.141833214862681e-05,9.13716509488146e-05,3.157068738016864e-05,2.4479132901765894e-05,0.0017066747026115285,4.7162199687626386e-05,4.310757552421355e-05,2.4990625551041156e-05,0.00019490667096515107
MüfflingWilhelminevon,7.006108273000849e-05,0.07263529333573708,8.557670689205712e-05,4.448863061978088e-05,0.00010099826761618946,6.214739123883815e-05,0.07987569819695467,7.665750671110012e-05,2.593867147935727e-05,5.6446908000195704e-05,0.00010828397438025772,0.00169781301515951,0.00017540848376676617,7.776079124377829e-05,6.385694696787809e-05,6.960477673264434e-05,0.01216685430855365,4.604708327615687e-05,3.516930979202385e-05,0.0004639156483279633,0.040192690627761235,4.4762147448799104e-05,0.00011609045532048189,5.589380646913716e-05,0.00020101388516412098,0.00037875731183693547,3.5409019521524465e-05,0.0021934868748160713,2.5090582111891085e-05,5.703351748312483e-05,0.00031969292842450893,2.651340367676496e-05,0.00033671909834810416,4.765476527492394e-05,5.736680238877653e-05,0.00021765128652491568,2.350112125509405e-05,8.363670562162722e-05,0.3434710729578836,0.00011520223426935713,0.011242832141032628,0.04201876782230996,0.0002311045259250899,0.00023375930773447632,3.4068635786060483e-05,0.061533454333518464,0.0003888221704174223,0.0002092749370927893,0.00017430874044303777,4.505483504396572e-05,0.00019855250711451952,5.400436188548358e-05,0.0020522682656175933,0.0002445123920516759,0.0746977448608313,3.874534134111426e-05,0.00025149827394480733,0.016334355834570914,6.087612053596976e-05,0.0002229397375706497,4.553900538090421e-05,3.649332342602279e-05,4.1471276717451785e-05,0.0001170748321628823,8.900699660183725e-05,0.0001844714967936917,0.2303739748206948,9.877350654739245e-05,0.001467388469474329,5.7024867881588707e-05,6.49611559958454e-05,6.187128692688471e-05,0.00013649225692021722,4.716073670876078e-05,3.656727291798288e-05,0.0004741910494430419,7.045155701840366e-05,6.439470243297554e-05,3.733134782932262e-05,0.00029115432557678635
MüllerFriedrichTheodorAdamHeinrichvon,7.069144774517822e-05,0.05780199248387006,8.634667161478442e-05,4.488891099260341e-05,0.0001019069857235493,6.270655389654355e-05,0.0006379519706045093,7.734722214937035e-05,2.617205113041943e-05,5.6954781339164054e-05,0.00010925824463833942,0.01206796697239567,0.00017698669762276147,0.04978187539352932,6.443149111957527e-05,7.02310361969755e-05,0.002281771804272661,4.646138561372927e-05,3.5485740849562466e-05,0.0004680896659608719,0.0005761104164114348,4.516488875190353e-05,0.00011713496332375049,5.639670335268361e-05,0.00020282248011917054,0.0003821651289776127,3.57276073345882e-05,0.02184200069491739,2.5316331194795357e-05,5.7546668760731825e-05,0.00032256932184898066,2.6751954402212797e-05,0.0003397486824091456,4.808353251152518e-05,5.7882952351765177e-05,0.00021960957422453224,2.371256938120369e-05,8.438921544810384e-05,0.12272127005854218,0.00011623875062512967,0.12515666687027352,0.028980974590469527,0.0023041594806487565,0.00023586252515311025,3.437516367968228e-05,0.06100611516619714,0.00039232054474740564,0.00021115785973335865,0.00017587705950880246,4.5460209763700016e-05,0.00020033895615701518,5.4490258749657966e-05,0.006212684515494605,0.00024671235887660796,0.06546625589684718,3.909394725370582e-05,0.049957176055482666,0.028907175708487953,6.142384510929689e-05,0.00022494560738566853,4.594873635706356e-05,3.682166711525306e-05,4.184440886098212e-05,0.00011812819696223528,8.980782488733987e-05,0.00018613125387056785,0.2670236471581646,9.966220767113977e-05,0.08972091049263385,5.7537941335588195e-05,6.554563511733668e-05,6.242796537378416e-05,0.00013772032734464429,4.758505899086706e-05,3.689628195765887e-05,0.0004784575185929323,7.108543527260904e-05,6.497408496596378e-05,3.76672315285715e-05,0.00029377394682309534
MüllnerAdolph,1.7086404527762835e-05,0.0152984765577698,2.0870334501484808e-05,1.0849828607204857e-05,2.463132440792716e-05,1.5156423875777634e-05,0.00015419553265233002,1.8695131715321585e-05,6.325889017687308e-06,1.376619753579191e-05,2.640815297224234e-05,0.08496436750603986,4.277838986288991e-05,1.896419929321228e-05,1.557334807407609e-05,1.6975121222458316e-05,0.007798682515257545,1.122990198726984e-05,8.577044924990088e-06,0.00011313913695335752,0.00013924818265070965,1.0916533531017782e-05,2.831198725634782e-05,1.363130786328984e-05,0.0411163150239999,0.0025080938942261552,8.63550501792459e-06,0.0005349446883925015,0.4493306082464132,1.3909259083438473e-05,7.796629008399035e-05,6.466053948593119e-06,8.211860996739936e-05,1.1621981354481372e-05,1.3990540167016746e-05,5.308050893081417e-05,5.7314224812650675e-06,2.039720954823967e-05,0.008877857772574764,2.809536907692177e-05,0.00032616402628781816,0.05614621986590329,5.636146722667784e-05,5.700891191580615e-05,8.308613998914375e-06,0.0005123593914579741,9.482543852079592e-05,5.103769586989202e-05,4.251018591037119e-05,1.0987913796015213e-05,4.842272377710623e-05,1.317051260819071e-05,0.000500504480082964,5.9631359948373013e-05,0.06894737184110297,9.449162786589024e-06,6.133506761828163e-05,0.16342132314511598,1.4846388052077765e-05,5.437024940258081e-05,1.1105992619734717e-05,8.89994362522798e-06,1.0113960313857222e-05,2.855205578343341e-05,0.004853153029339814,4.498866553640741e-05,0.0006216710025773637,2.4088752610320585e-05,0.0486723259692147,1.3907149630014526e-05,1.5842641116659576e-05,1.5089087920036315e-05,3.3287551744433116e-05,1.150149831881e-05,8.917978329874523e-06,0.043598660170976036,1.7181632882638834e-05,1.5704495168235033e-05,9.104319912333017e-06,7.100633323044754e-05
MützschefahlAntonievon,6.087412333316295e-05,0.02384696979843535,7.435521700211654e-05,3.8654931978550404e-05,0.007306077993857774,0.0015068607879935088,0.028376953254335053,6.660557239640748e-05,2.253738916393419e-05,4.904514611373318e-05,9.408492924425671e-05,0.02066279003986107,0.0013477324608137029,0.0036997208125276967,5.5483522576748297e-05,6.04776517618021e-05,0.01075603315871364,4.00090280832127e-05,3.055763368762336e-05,0.0037557673504265195,0.10321172311383445,0.012342468875076385,0.002325103571238579,4.8564571599246015e-05,0.0007504956577357606,0.00314283729690941,3.076591079481585e-05,0.043802851073301285,2.1800507934855388e-05,0.0006314262972142415,0.0008536125727902328,2.3036757961920954e-05,0.007386472423714123,4.1405898192265905e-05,4.984441672563266e-05,0.0001891111404971817,2.041946966853618e-05,7.266960393419202e-05,0.13194732744277676,0.00010009601256369173,0.020878389541541798,0.050459925217845765,0.00020080028549131112,0.009992391913250834,2.960128870153707e-05,0.007182534448250709,0.000337836753791992,0.0007576734556568317,0.00015145200945107463,3.914689123191271e-05,0.002537152269032202,4.692288582827747e-05,0.02308403004573476,0.0036674917581319987,0.13794209856150755,3.366474789539982e-05,0.01981716766409025,0.08689306385583423,5.2893565516706756e-05,0.00019370612830860357,0.0032239965190018942,3.170803225570486e-05,3.603323721688054e-05,0.00010172306071484808,7.733570018514613e-05,0.0007361224372451892,0.21653887364846733,8.582154864471668e-05,0.004861139754482374,4.9547319356432275e-05,5.6442939044990854e-05,5.375823787484071e-05,0.00011859432024198836,4.097665053158365e-05,3.177228490951198e-05,0.000412011394949708,6.121339556624843e-05,5.595076332196451e-05,3.243616831776465e-05,0.00025297588380765554
MützschefahlAntonievonANDSchwendlerAugusteSophieHenriette,2.71043100830108e-05,0.0012756113202035408,3.310679066185425e-05,1.721117619797486e-05,3.907288121517409e-05,2.404276521787424e-05,0.05389375269635091,2.96562478215627e-05,1.0034812017210209e-05,0.0038539196515407228,4.189147960978059e-05,0.0006568275657855979,6.7859726826186e-05,3.0083072028644093e-05,2.470413565033887e-05,2.6927780421130496e-05,0.0008748703343099331,1.7814089861340414e-05,1.3605839945151055e-05,0.00017947358354563898,0.00022089058671928368,1.731699079086662e-05,4.491154826724543e-05,2.162346060361983e-05,7.776560769800136e-05,0.00014652864652117076,1.3698575692089724e-05,0.02384108063412797,9.706714358735653e-06,2.206437700862585e-05,0.00012367859481640948,1.0257156849551144e-05,0.00013026545546932796,1.8436048725113345e-05,2.219331388879914e-05,8.420206668331672e-05,9.091804650681965e-06,3.235626848968341e-05,0.17119839273187326,4.456792499090071e-05,0.0503344655787935,0.03924816145392742,8.940667897468681e-05,9.043372603934096e-05,1.3180025664305485e-05,0.0008127600980917382,0.00015042240661275322,8.096153479991831e-05,6.743427259544104e-05,1.743022191758811e-05,7.68133821358443e-05,2.0892497137391856e-05,0.17323765419363585,9.459373785082416e-05,0.17834928729360466,1.4989287990718594e-05,9.729634394334495e-05,0.07146461836144885,2.355095273100793e-05,8.62479930580886e-05,1.761753136862741e-05,1.411805692341751e-05,1.604386201138035e-05,4.5292371031258004e-05,3.4433856021759384e-05,7.136590608857046e-05,0.22324693047353197,3.8212194918023026e-05,0.0005676839486214719,2.2061030764562892e-05,2.513131751399664e-05,2.393594961362099e-05,5.28043288990018e-05,0.003850327139744453,1.4146665530114209e-05,0.00018344879556346752,2.725537163929435e-05,2.491217541088616e-05,1.4442260780952813e-05,0.00011263795555164896
OertelAuguste,9.312122586132387e-05,0.030714040464520663,0.00011374371534726917,5.913176986103254e-05,0.00013424118103532012,8.260279502881735e-05,0.0008403685514757508,0.0001018888192738816,3.44762140585265e-05,7.502603534284483e-05,0.00014392493011111882,0.002256636967262365,0.0002331430288878638,0.00010335524263123612,8.487503974675778e-05,9.251472975554464e-05,0.12149738283253235,6.120317692689008e-05,4.67450560698682e-05,0.0006166104231507572,0.0007589052129911973,5.949531294971177e-05,0.00015430086274718935,7.429088409209366e-05,0.00026717627921574736,0.0005034227820616906,4.706366467527621e-05,0.1082413473103,3.334898167128595e-05,0.013241541811320985,0.0004249177465442679,3.524011556674076e-05,0.2505965336371935,6.334001684838117e-05,7.624870690014446e-05,0.00028928977146414043,3.123636026042481e-05,0.00011116517545842474,0.008887283480230036,0.00015312028959739497,0.0017776000744004078,0.003186023668026873,0.00030717105585104993,0.0003106996415772668,4.5282102476872946e-05,0.1344497291931638,0.000516800422437984,0.00027815640188193837,0.0002316813123050208,5.988433673573221e-05,0.00026390475482080864,7.177954128991486e-05,0.015893494912636825,0.00032499203265073376,0.020289598213595248,5.149811480938773e-05,0.0003342772714775124,0.2586939508680238,8.09130939616943e-05,0.00029631888127941626,6.0527868544613196e-05,4.850486005591591e-05,5.5121273829660386e-05,0.00015560924073254077,0.00011830306228264551,0.0002451890728566216,0.016553854737882606,0.00013128415453926524,0.001950369702660813,7.579422690593252e-05,8.634269189092617e-05,8.223581280426645e-05,0.00018141778273639663,6.268338203916888e-05,4.860314953525044e-05,0.0006302679047477853,9.364022218547159e-05,8.558979387518707e-05,4.961871466244142e-05,0.00038698585086131533
OertelLudwigChristianvon,7.147710557106123e-05,0.4176947841444864,8.730632006529638e-05,4.5387801952424075e-05,0.08094808425817675,6.340346839432782e-05,0.14212387031065996,7.820685160003626e-05,2.646292474308253e-05,5.758777120014228e-05,0.00011047253006720459,0.0017321279574302028,0.00017895371044396937,0.030396224192977994,6.514757640069556e-05,7.101157705400995e-05,0.0023071311926016165,4.6977752902462375e-05,3.588012589747114e-05,0.0004732919686581201,0.0005825132511483598,4.566684690150854e-05,0.00011843678983254624,5.702349078958486e-05,0.00020507662929638128,0.00038641247478729497,3.612468046292018e-05,0.0022378200109204396,2.559769441991325e-05,5.818623680053689e-05,0.00032615432569575384,2.704927300303602e-05,0.00034352461598643455,4.861792818198812e-05,5.852625781446141e-05,0.00022205029352130327,2.397610855461675e-05,8.532710892251569e-05,0.04724413893774485,0.00011753061671377869,0.0013644333717240645,0.14392432597313914,0.00023577543985660445,0.00023848387815449522,3.475720588170796e-05,0.012248970119749151,0.00039668075685321167,0.00021350464750313577,0.0001778317399207029,4.5965450082102885e-05,0.0002025655036921762,5.509585814798093e-05,0.0020937471955290985,0.0002494542958672348,0.005468066389005283,3.952843355415971e-05,0.0002565813712438253,0.0065588631803961284,6.210650370726338e-05,0.00022744563083231827,4.645940611217301e-05,3.7230899516822194e-05,4.230946352232652e-05,0.00011944106217240012,9.080594025629669e-05,0.00018819989839418785,0.08344566460267168,0.00010076984368510088,0.0014970462410717278,5.817741237964508e-05,6.627410288571565e-05,6.312178366601475e-05,0.00013925093757279414,4.811391467544778e-05,3.730634362127783e-05,0.0004837750485887832,7.187547183728012e-05,6.569620058194479e-05,3.8085861450205656e-05,0.010402669507716872
OsmundEmanuel,0.00034891068701763133,0.035780240093114556,0.00020766104574917646,3.3756791813459255e-05,0.00017593281012943,0.0009185861349811478,0.002886397689661762,5.8165680960179876e-05,0.0002993315662756403,0.0004631505154306753,0.0013002552940597702,0.007546488940937982,0.0003634119853973864,0.0002208265062812809,4.8452956061077945e-05,0.0014832467877722675,0.022781783098293686,0.00034293033111967435,2.668553858217744e-05,0.0018710472340013199,0.011499831591038468,3.3964329121891065e-05,8.808635548428812e-05,0.00011126373517833994,0.0006997549524378919,0.0007371536109577435,0.0032596765275635818,0.01755498154844796,1.9038067592330495e-05,0.00037583961643596823,0.005784869730966699,2.0117666822156917e-05,0.003178997991520461,0.0021783233248935854,4.352840665724508e-05,0.011429964897083606,1.7832026891795114e-05,0.00027435633073115797,0.11505442249653916,0.001706836317476475,0.009695646291302873,0.3857966257274735,0.0004952055290861169,0.005888735302802027,2.5850376367558238e-05,0.012799417883263973,0.0020867729344796184,0.0001587922663565873,0.0012559952309148957,3.418641269872358e-05,0.008591019941912957,0.0009222014969574259,0.05736947841448859,0.0009705303239941762,0.10436989458839285,2.939893638380215e-05,0.002208581095669517,0.09730567490850246,0.0014379668384167685,0.0012575334643899277,3.455378829645705e-05,2.7690164977245926e-05,3.1467303778213605e-05,0.00030748107998459216,0.00038122480961507273,0.001382643657830116,0.027217074285924077,0.00214667743506628,0.012467769565601054,4.326895583099634e-05,0.0008480080046527072,4.694628993801871e-05,0.0004114534770818502,0.002285517341421651,0.00019283502866927172,0.003814348450686611,0.0025357786628046617,0.0006905837147016972,2.832603564628406e-05,0.0011807427721577336
OsmundEmanuelANDBraunHenriette,5.053775456255197e-05,0.0023784605334067365,6.172977123189412e-05,3.209136095927771e-05,7.285393632439092e-05,4.48293044119062e-05,0.021891577756529328,5.529600897651283e-05,1.8710561724461445e-05,4.071732652665638e-05,7.810939692976204e-05,0.0012246978509295333,0.00012652888815543905,5.6091850558636546e-05,4.6062472734156786e-05,5.020860349035003e-05,0.02306675475387188,3.321553282154829e-05,2.5368976286779137e-05,0.007479807517852975,0.00041186491087978367,3.2288659171566526e-05,8.374051198510085e-05,4.0318353111807395e-05,0.00014499904934723698,0.04314421609144159,2.5541888137462955e-05,0.0015822464768754268,1.8098802233599946e-05,4.1140470516402915e-05,0.00023060680940891544,1.9125138171184642e-05,0.0002428884408540773,3.437521570257694e-05,4.138088174193502e-05,0.00015700024707024008,1.695226296332992e-05,6.033037367428213e-05,0.14772655755846742,8.309980396675604e-05,0.0009647200779358897,0.43758429065882015,0.00016670458626090524,0.00016861958252233802,2.457501777801444e-05,0.0015154442311867632,0.00028047239139537144,0.00015095806394608947,0.0001257356009835783,3.2499785995070484e-05,0.08588523130222735,3.895542403752792e-05,0.05149655124211118,0.00017637619596360155,0.08246302659890056,2.794850543040263e-05,0.0001814153813538501,0.04750843588346133,4.391228794198221e-05,0.00016081501028186975,3.284903668748357e-05,2.632403826220377e-05,2.99148274972998e-05,8.445058087527208e-05,6.420417117942824e-05,0.00013306638814979463,0.02327426540884949,7.124913056812723e-05,0.015348818383839212,4.113423122602281e-05,4.6858981190302365e-05,4.463013974862317e-05,9.845711643517283e-05,3.4018853890130246e-05,2.6377380875949928e-05,0.00034205224839105894,5.081941869020967e-05,4.64503764411905e-05,2.6928537507164134e-05,0.000210020817156492
OttoGeorgChristian,0.0001001703052424427,0.28328510635597165,0.00012235387346288832,6.360791948042439e-05,0.00014440295384898893,8.885565149494189e-05,0.000903982669244885,0.0001096015868890721,3.708599037333697e-05,8.070534716343795e-05,0.001958828513154145,0.023382854014167054,0.0002507914619124939,0.00011117901538576738,9.129990032088171e-05,9.9517898667225e-05,0.00655171006466144,6.583612766979361e-05,5.0283557715046894e-05,0.00581857788112559,0.0008163527287389648,0.002404109429289546,0.2555733518577311,7.991454652152229e-05,0.0002874009571398595,0.0005415308194097084,5.062628431643547e-05,0.011297582279523362,3.587342888410993e-05,8.154405602538299e-05,0.00045708311913394197,3.790771760625524e-05,0.0004814264003379838,6.813472184325048e-05,8.202057236556695e-05,0.00031118839387095094,3.360088651119457e-05,0.00011958014357095141,0.06367522089384564,0.00016471117090558694,0.0019121606315282917,0.010506343918884992,0.0012318755590677278,0.0003342189457628119,4.870986163651699e-05,0.026302101690356818,0.00281754323589144,0.00029921225181406996,0.0002492190964831624,6.44174540721004e-05,0.00028388178528384103,7.72131003932541e-05,0.013001023805807541,0.0003495932405407349,0.035832863280130176,5.539641292468474e-05,0.00138593711102578,0.12320373710483704,8.703804363919634e-05,0.0003187495923975616,0.01352074477173083,5.2176575132061804e-05,5.9293837401711067e-05,0.00016738853036509795,0.0001272583532954775,0.04860401474459466,0.030282008065440184,0.00014122208671606568,0.002363660711044184,8.153168919928872e-05,0.0014824227192114083,8.846088949399315e-05,0.0025219567952730047,0.0009688806866610651,5.2282304916608705e-05,0.017369069436082785,0.0032787568200851975,9.206875982155753e-05,5.33747461709345e-05,0.0004162798593632395
PohlEduard,2.8874714565050825e-05,0.0013589319430754325,3.5269266312191745e-05,1.833537907894672e-05,4.162505110319943e-05,2.561319513001729e-05,0.0002605786363835412,3.159334025826317e-05,1.0690267777467083e-05,2.326381912860765e-05,4.462775524392525e-05,0.004782117243015985,7.229220137193716e-05,3.204804385009723e-05,2.631776508220177e-05,2.8686654305134693e-05,0.005014402170572947,1.897767397166792e-05,0.11840371433966015,0.00019119647321683364,0.00023531876008250807,1.844810528954603e-05,4.784508932046437e-05,2.303586591674603e-05,8.284511645492796e-05,0.000156099632528704,1.4593341865018125e-05,0.0009040155382207828,1.0340739373722457e-05,2.350558218336952e-05,0.00013175705679993846,1.0927135771863403e-05,0.0001387741592699991,1.9640258062819657e-05,2.364294098720956e-05,8.970199329265021e-05,9.685664876384185e-06,3.4469721390007624e-05,0.019085286341691075,4.747902119358811e-05,0.0005511922151407467,0.0009879114365265332,0.2654503943685695,9.634069335993634e-05,1.4040921087875586e-05,0.0008658481167897988,0.00016024772598265631,8.624979573124741e-05,7.183895724081446e-05,1.856873246854261e-05,8.183069324236059e-05,2.22571572397802e-05,0.0008458142248383825,0.00010077242961427877,0.4594362746648049,1.596836115510032e-05,0.00010365156504566613,0.0067319807794690425,2.5089258341576623e-05,9.188155587556488e-05,1.8768276633936668e-05,1.5040222851211465e-05,1.7091818042254693e-05,4.825078673822042e-05,3.668301317972207e-05,7.602739791836057e-05,0.005132963253936261,4.070814633476318e-05,0.10674682315961964,2.3502017368700306e-05,2.677284969209251e-05,2.549940252380595e-05,5.625341209896511e-05,1.943665096342733e-05,1.5070700120322575e-05,0.00019543133888944505,2.9035643188804052e-05,2.653939362340378e-05,1.5385603117986372e-05,0.0001199952629594276
ReckeElisavonder,3.803612772454442e-05,0.023300707060355082,4.645955253269307e-05,2.4152855916673866e-05,5.4831910346165364e-05,3.3739788464547955e-05,0.00034325542070530056,4.161732309426117e-05,1.4082092125179904e-05,3.064499888796953e-05,5.8787317003376245e-05,0.0009217418598262817,9.522918048858112e-05,4.221629573022769e-05,3.4667905438026284e-05,3.778839942059993e-05,0.0012277265009259758,2.499893910552506e-05,1.909340117378069e-05,0.005629512362919215,0.0003099810526027947,2.430134807006295e-05,6.30254517074294e-05,3.034472033588012e-05,0.3926777835117936,0.00020562716030456398,1.922353946929116e-05,0.07647798192142166,1.3621664820236825e-05,3.096346889082555e-05,0.00017356113528887768,1.4394113955505454e-05,0.0001828046346559847,2.587174888040688e-05,3.114440910393762e-05,0.00011816277755192642,1.2758747294464696e-05,4.540632678692188e-05,0.1864702783863299,6.254323693095492e-05,0.000726075315779701,0.0013013574730100616,0.00012546653467634668,0.00012690781442892705,1.8495845791497435e-05,0.049539440766880126,0.00021109136713065834,0.00011361526152090007,9.46321303732304e-05,2.4460248023066087e-05,0.00010779405950290344,2.9318941790760456e-05,0.0011141754428329053,0.0001327456586726132,0.13735111943635436,2.103482696179443e-05,0.0001365382905532781,0.04113383053380591,3.30496162185221e-05,0.00012103387505145713,2.4723103863407536e-05,1.981220753145422e-05,2.2514735951251402e-05,6.355986941620096e-05,4.8321855147058797e-05,0.00010014948585111445,0.07667104378871238,5.362408864441608e-05,0.0007966444860913235,3.095877302636022e-05,3.526737998203543e-05,3.3589891567932315e-05,7.410157986903388e-05,2.560354101221607e-05,1.98523546746578e-05,0.0002574380900157852,3.824811602572132e-05,3.495985261837233e-05,2.026717057224869e-05,0.00015806754168885923
RichterCaroline,0.0015715445702257486,0.04545283165780382,0.0005945039047227572,6.860740686349986e-05,0.001636349444873467,0.0005822551713521666,0.008500051366339655,0.0010429234485213365,9.849654848942619e-05,0.0011365398460604615,0.00047505711642422337,0.017697262764351247,0.006083009242829784,0.0006268799860017161,0.0006473378990889409,0.0012264458761699437,0.11934083742523013,0.0007265224200130644,5.4235770182079325e-05,0.045501806481508596,0.012657379971235476,0.00013373607400616892,0.00046238196570970387,0.0003595421403782753,0.01135154907762884,0.0020187999127713064,0.0014458654902975768,0.06087208219115226,8.724175781570629e-05,0.0010092661440891826,0.008803557997985701,0.00046697569242270685,0.00427013531456393,0.00012434133108308356,0.0008530140416758588,0.0013259137126039773,3.624186596068855e-05,0.00028452412693716426,0.1427025263672975,0.0019829819599108786,0.012038622916423625,0.021271829749605474,0.005446312101916403,0.0074208030343900664,0.00017658531311267925,0.022633708969331198,0.0017072092154105049,0.0016644770633380862,0.0018397595770811598,0.00021761661387671746,0.0013646847097635174,0.0008086117553219402,0.032962783757331936,0.0034750841758853057,0.18440708515780613,0.0008979814720378237,0.0031725069942437215,0.09619357870916734,0.0005425771522588132,0.0010938719300819897,0.0005627363251469146,0.00024138423494375207,0.0016163616302166189,0.0007824738682753975,0.003169092250152069,0.012653380881290524,0.04828715766122744,0.000978998718901201,0.0210491072516167,0.00011780592230703381,0.001096854884464594,0.00043843142519020296,0.000785681277384831,7.272815113175724e-05,5.63916159257376e-05,0.0025554248393266526,0.00025748268316176713,0.0005253274435343389,5.7569921429552535e-05,0.0010483631634105256
RichterCarolineANDJeanPaul,0.0001522853956964212,0.017122655211454178,0.002386090486058188,9.67008851980445e-05,0.03562804507182771,0.002260960302159229,0.006185581092615894,0.00016662344182701055,5.638052819274374e-05,0.008147640150061036,0.00033659921356709997,0.04962364398430137,0.003965101944904304,0.000169021550949476,0.00013880003074522165,0.00015129356490164113,0.08296279027507597,0.00010008835182291731,7.64443261416283e-05,0.012296944758527922,0.012125000881243145,0.00268765587348712,0.0013068761681541271,0.00012149127737482094,0.0009244593461855478,0.0021340962780956743,0.0011697747223726642,0.029482585386894883,5.45371135625671e-05,0.0002905719224066385,0.008531529081432015,5.7629771234547545e-05,0.004511339695959949,0.0019362197726100557,0.0015322951836869085,0.000812746546121564,5.108224723607748e-05,0.002168314957070453,0.14656869761806468,0.0002504046061981083,0.027484601151592476,0.06742009914784579,0.0005023308633890402,0.008150102072723639,7.405189128336562e-05,0.028275728657875514,0.00755909407060618,0.004395209436788508,0.0003788790363689767,0.0016019341270343374,0.0008309320619517984,0.0016004367980055536,0.01905674974427489,0.002410115719442779,0.21001171708044852,8.421722028279843e-05,0.0013926603222306725,0.06834110785521143,0.001950040100627991,0.0009124379947868369,0.0012762183014755595,0.007138667594391348,9.014233778388194e-05,0.00025447490171858584,0.0004754668787275716,0.0013829222189623738,0.029280040059722998,0.0004727501715213056,0.05051528200168131,0.00012394976257145866,0.0011957410660984168,0.00523531056508589,0.00029668078974306105,0.00010250899887894866,7.948295128857443e-05,0.004058047370708457,0.0021151507727473783,0.000179904556594261,0.0035031608696039205,0.0010506534625039754
RichterCarolineANDOttoAmöneANDOttoGeorgChristian,0.0001335668664899583,0.006286063226730165,0.00016314638796191354,8.481466107528741e-05,0.00019254658364893678,0.00011847993186582164,0.05785752589861885,0.00014614251686334662,4.945037866116604e-05,0.00010761233384998508,0.00020643630651250413,0.003236769337331312,0.000334404788215565,0.00014824585657969883,0.00012173908791823044,0.00013269694898578014,0.06096341594982488,8.7785749014183e-05,6.704798616426781e-05,0.01976847726527101,0.0010885229476368873,8.533610299940124e-05,0.00022131885124161558,0.00010655788199917682,0.0003832198092885609,0.000722076013257943,6.750497706690539e-05,0.023065791552911368,4.783355181661901e-05,0.0001087306664168693,0.0006094736339318774,5.054606796095121e-05,0.0006419329119847719,9.085068947071488e-05,0.00010936605226535593,0.0004149379255337916,4.480334877409749e-05,0.00015944790257486322,0.10716758811107308,0.00021962551597007348,0.0025496708147244303,0.19341034414223807,0.17039705778393124,0.00044564681318552717,6.49496232461551e-05,0.004005186598652055,0.0007412640070752923,0.0003989689638409563,0.00033230819958219036,8.589409273383824e-05,0.0003785273532127771,0.0001029557796249162,0.003912515061916317,0.000466146864303571,0.010217992006019241,7.386545614716683e-05,0.019363517450508815,0.18221279947209035,0.0001160563375160602,0.0004250200111545109,8.681713177680414e-05,6.95721314585208e-05,7.906227344264918e-05,0.00022319550123275805,0.00016968601067162423,0.00035168282908782853,0.02374374354738006,0.0001883052223529202,0.09721774232875116,0.00010871417651793328,0.0001238441901243136,0.00011795355707492514,0.0002602135500421994,8.990885635926801e-05,6.971311132258742e-05,0.0009040141848188119,0.00013431128015177428,0.00012276428349917382,7.116977010795796e-05,0.0005550666563654426
RichterCarolineANDRichterEmmaANDJeanPaul,0.0002834331027777,0.01333922440070779,0.00034620178014355086,0.0001799793854669416,0.0004085899225386636,0.0002514181517326004,0.002557830009414645,0.0003101190294483311,0.00010493526295700128,0.00022835676602882705,0.00043806435247327073,0.0068685266066678685,0.0007096175061858099,0.0003145823826561125,0.0002583341836546369,0.00028158711040062806,0.04922118147969379,0.00018628412776775682,0.00014227794102636556,0.0018767773278559922,0.00230988002190383,0.00018108590167379644,0.08061475525391801,0.0002261191859488396,0.000813204520304452,0.0015322680710970866,0.00014324769013315835,0.00887378222838955,0.00010150430540557368,0.0002307299030028324,0.001293322271204882,0.00010726035020415764,0.0013622018828497928,0.000192788028070674,0.00023207821181047471,0.0008805113632206578,9.507411899064517e-05,0.000338353477518974,0.34763066605391985,0.0004660522708693715,0.16570070121816666,0.049769856019580345,0.041007491469914614,0.0009456765912350297,0.00013782514874139366,0.008499132267544514,0.0015729855990787693,0.0008466247229206937,0.0007051684789890053,0.00018226997348670727,0.0008032469805331082,0.0002184754111168804,0.008302480344156293,0.0009891783461850523,0.02168290126534864,0.000156744827321794,0.0010174398303565023,0.14622597761865894,0.0002462752080933632,0.0009019058668505363,0.00018422869144429642,0.00014763425694072925,0.00016777263750657602,0.0004736278921777401,0.00036007906576324583,0.0007462820537868704,0.01031241774014678,0.0003995896201154457,0.005936340842548651,0.00023069491091727432,0.0002628012769212084,0.0002503011678268728,0.0005521813591307522,0.0001907894285070896,0.00014793342065813647,0.0019183466086442368,0.00028501277204346417,0.0002605096810073627,0.00015102449653702608,0.0011778689490625175
RichterEmma,0.007179497610085899,0.011415748077110644,0.009598000557062314,0.00124617734688517,0.00017281274941385126,0.0032877977739004484,0.0010818319593243868,0.00013116457153798233,4.438227744187419e-05,0.00636079198018221,0.00018527893370630258,0.06314501085873368,0.005081064253468119,0.00013305234286295633,0.0029850697878456714,0.00011909702139858695,0.14714837430437253,7.878870847251734e-05,0.012138568130355151,0.001425739138799422,0.004133292956958367,0.010782904369299408,0.00019863618691834395,9.563691139578506e-05,0.0018065131682508694,0.001315342179350093,0.003888563623421217,0.021888704881801266,0.004085183391364159,0.001781858774467693,0.01427363140242113,4.536567105401143e-05,0.009052858244935695,0.0020433685651350198,9.815727615803629e-05,0.002636646773367906,0.004488011429490012,0.00014310630658850526,0.16007054405873158,0.0050088434487292905,0.004648687785070392,0.05133511381253589,0.008422605830488018,0.0003999730849264394,5.829302579071667e-05,0.02151195798412786,0.004677821228394259,0.0021721180730525443,0.0007314054541050295,0.006030802765409415,0.0031159892940266784,9.240398353402097e-05,0.028794506100961355,0.0032578561414325635,0.10132961179456736,6.629508725417809e-05,0.0018345031047847424,0.10569863685754029,0.0006601368725655374,0.005260229060032195,7.79193634820797e-05,6.244177950126548e-05,7.095928990069813e-05,0.00020032050163590922,0.00015229512508358348,0.0003156393401771209,0.012399428085237415,0.0033068179696495387,0.08831625143281925,9.757221025837993e-05,0.006511384274085378,0.00010586465942406249,0.002923680666471795,0.0002917251428488594,0.010893452981229372,0.001330248105876942,0.00012054590198619875,0.0010196474923793103,6.387567836535779e-05,0.0008455646561898835
RichterEmmaANDJeanPaul,3.824177873237793e-05,0.0017997744899737194,4.671074670974062e-05,2.428344384605755e-05,5.512837158706211e-05,3.3922210333358394e-05,0.0003451113094993328,4.1842336652414316e-05,1.4158230171064075e-05,3.08106880704228e-05,5.91051640533474e-05,0.0009267254676164426,9.574405879282025e-05,4.244454777067703e-05,3.485534538313421e-05,3.799271102880412e-05,0.44999281260507396,2.5134101576822115e-05,1.919663400607091e-05,0.011066677897283085,0.05978566823262784,2.443273885617329e-05,6.336621320020436e-05,3.050878599379073e-05,0.00010972037854746708,0.00020673893048950024,1.932747592398541e-05,0.006604009811968629,1.3695313460785596e-05,3.1130879954052964e-05,0.06505523902049651,1.4471939018646937e-05,0.00018379300964583369,2.6011630397006103e-05,3.131279846173418e-05,0.00011880165158421336,1.2827730374414407e-05,4.5651826458533365e-05,0.30101976661862684,6.288139121945578e-05,0.006136729298339583,0.0013083935592755804,0.00012614489813890596,0.0001275939704994993,1.8595847804197066e-05,0.006553460737903815,0.000212232680797227,0.00011422954836961006,9.514378058971992e-05,2.4592497938047705e-05,0.0001083768726939774,2.947746134279128e-05,0.017340384358547203,0.00013346337838081394,0.062399543551032464,2.114855655581683e-05,0.00013727651599156388,0.0035091319447915536,3.322830651352455e-05,0.00012168827232781985,2.485677496849749e-05,1.991932675441395e-05,2.2636467011074626e-05,6.390352036032094e-05,4.858311828833711e-05,0.0001006909669095556,0.0013913872217101169,5.391401952154795e-05,0.0008009517263718311,3.112615870032438e-05,3.545806112311996e-05,3.3771502984951154e-05,7.450222697729059e-05,2.5741972401746584e-05,1.9959690962312472e-05,0.0002588299878201538,3.845491319670008e-05,3.514887104255961e-05,2.0376749656752266e-05,0.0001589221699383354
RichterEmmaANDJeanPaulANDRichterOdilieMinna,3.401220007218664e-05,0.001600717646168898,4.154449179080176e-05,2.1597670869700704e-05,4.903111900716793e-05,3.0170380222720344e-05,0.00030694165634945994,0.07697703499161879,0.004821331094551955,2.7402995408414464e-05,5.256807428206314e-05,0.10661648184266301,8.515467092087614e-05,3.7750138686082586e-05,3.1000309610405274e-05,0.0048425294581851755,0.17421243858069824,2.235424501166708e-05,1.7073467243672475e-05,0.0002252147873357159,0.00027718745862002816,2.173045370361048e-05,5.635784716670186e-05,2.713448400091749e-05,9.758519584741226e-05,0.004992612178392512,1.7189837915682268e-05,0.0010648609975021802,1.2180598207508792e-05,2.768777375211371e-05,0.00015519971173069423,1.2871328208328265e-05,0.00016346532047294008,2.313471827390939e-05,2.7849571892398652e-05,0.0001056620710784918,1.1408970671054316e-05,4.060268916973126e-05,0.21002181650201004,5.592664697792368e-05,0.005458000950862065,0.0925297207287599,0.00011219314728039812,0.00011348195080056092,1.653912859165153e-05,0.0010199027011690502,0.0001887595357854044,0.00010159564701453706,8.462078408246048e-05,2.1872543272563007e-05,9.6390283073955e-05,2.621722487929948e-05,0.04427495332048585,0.009736179753711272,0.04107187580353285,1.880950522328564e-05,0.00012209359715699262,0.04639966747908915,2.9553222853650044e-05,0.0001082294287045884,2.210759100130609e-05,1.7716229457202853e-05,2.013285130631915e-05,5.683572762194937e-05,4.3209777215581985e-05,8.955444609301454e-05,0.01566371475090302,4.79510754846272e-05,0.15459200658877126,2.768357467373056e-05,3.1536364391709024e-05,3.0036341256535022e-05,6.626220677412255e-05,2.289488472040195e-05,1.7752129343670152e-05,0.00023020313443127582,3.420176165334462e-05,3.1261371040747285e-05,1.8123060932820346e-05,0.00014134522030671766
RichterEmmaANDRichterCaroline,0.00041716947659074083,0.019633265157931044,0.0005095552142705856,0.0002649016833127457,0.0006013808636156115,0.0003700484443624149,0.003764728240203108,0.00045644701316789024,0.00015444839820992205,0.00033610566876839484,0.0006447626436128275,0.010109403670115879,0.0010444466815414343,0.0004630163754028657,0.000380227768473557,0.00041445246271273374,0.013465356555140905,0.00027418128410705887,0.00020941101659155626,0.0027623245410156555,0.003399784394558887,0.0002665303031963408,0.0006912453047558024,0.00033281229865160094,0.0011969106670038675,0.0022552604581181183,0.00021083833655997355,0.01306082829182062,0.0001493985619278958,0.05932017126696203,0.0019035693772327367,0.00015787056527657116,0.002004949460420189,0.000283754014527663,0.00034158305857811074,0.0012959758790597473,0.00013993432689392193,0.0004980037325772548,0.039813730580419066,0.0006859565096564955,0.00796338843014816,0.1912146383319667,0.0013760814186879087,0.0013918889668263273,0.0002028571983935953,0.012509401776926036,0.002315190331057166,0.0012461000111430695,0.0010378984049680918,0.0002682730728784879,0.0011822547160446,0.00032156185008163664,0.012219960709011084,0.0014559167891428795,0.3857972969987824,0.00023070402479919347,0.0014975133014907276,0.038280194729988,0.0003624788306331427,0.0013274652633050135,0.00027115600129139526,0.0002172946811478529,0.0002469352474674072,0.0006971066468320407,0.0005299804219182924,0.0010984111972676266,0.13313942159359973,0.0005881338172605602,0.008737371104082275,0.0003395470546536274,0.0003868026354937977,0.00036840441765295136,0.0008127251415386315,0.00028081238658906287,0.00021773500364435258,0.0028235080617079675,0.0004194945042403946,0.0003834297624646151,0.00022228458692824307,0.0017336400306010992
RichterMax,0.0035854098332283773,0.032681731426372075,0.011392738902781818,4.494853865517044e-05,0.0006481506655861709,6.278984941772695e-05,0.002406929337653408,7.744996543186124e-05,0.017374758232112028,0.0041454839290889,0.0005653853215031876,0.03391018169303385,0.00017722179584304232,7.856465533743655e-05,6.451707794104668e-05,0.007158605402024373,0.22572141207807797,4.6523102054661185e-05,0.00028625899727184763,0.004139916439913194,0.0013934306381693888,4.522488300631575e-05,0.00011729055818924017,5.6471617257321694e-05,0.0009876120468976736,0.0010014412323658753,0.0010893193832229118,0.030044767272841787,2.5349959848744378e-05,5.762311020853813e-05,0.009612378675245198,2.6787490049543763e-05,0.0015003122592135245,0.00040549244966743575,0.0015603020788087282,0.004110734838692096,0.0008404226619821672,8.45013128804489e-05,0.14218845249843187,0.00011639315501690992,0.02118919796788666,0.03656813307708211,0.001499635804166102,0.0017975555521666596,3.442082552834946e-05,0.0223084929969235,0.004495350755056567,0.056893610303708486,0.0007719106266336919,4.5520596304341725e-05,0.0013063210559461742,5.4562640250791996e-05,0.025626192675882533,0.00024704007636765246,0.08232583444095698,3.914587724362341e-05,0.003859171891794589,0.08887093493839358,0.0009328260641758017,0.001561817835449413,0.0051622442720469335,0.001125775371128767,0.0029894783583786647,0.0008372558454399452,0.015342879005578633,0.0012871960650559684,0.055575323268061,9.97945928049801e-05,0.01996278853904618,0.0032987753562945454,6.563270189902276e-05,6.251089083514516e-05,0.0006671146964719911,4.764826805025384e-05,3.6945292704453604e-05,0.0011650557567715733,7.117986078336747e-05,0.0015182633248439917,3.7717266357257585e-05,0.0003854599002058021
RichterOdilieMinna,0.00010141617999739667,0.02803670762348948,0.00012387565780555657,6.439904715947064e-05,0.0001461989750780928,8.996079950027742e-05,0.00166682197716481,0.00011096476382935898,3.754724981601089e-05,8.170912522298731e-05,0.00015674532291916774,0.01269016199270367,0.0002539106972028183,0.0007963215189555714,9.243544883163346e-05,0.00010075565907252155,0.39064971240648666,6.665496883463982e-05,0.0031516774625971896,0.01065677235636854,0.009885047286603362,6.479497355516916e-05,0.00016804551191611737,8.090848894611396e-05,0.0002909755254331629,0.0012998621086258563,0.000802851916113602,0.012875821567270573,3.6319607013568326e-05,8.255826558152531e-05,0.031263705418880704,3.837919733539505e-05,0.0022603740651713196,6.898215192419977e-05,8.304070862500842e-05,0.000315058819971981,3.401879974553135e-05,0.00012106742946579062,0.19980402812828402,0.00016675977691905082,0.008829151012781809,0.031945987266282935,0.00033453291451051345,0.0003383758158666358,0.013927451412245677,0.0030411039480558273,0.020954745289847185,0.003869578887063261,0.00025231877537511857,6.521865039083571e-05,0.00028741258364589444,0.0009698347342046033,0.015010947477003767,0.0003539413294463052,0.03343843491627445,5.608540945125844e-05,0.0003640536689635893,0.04491597861788361,8.812058502736727e-05,0.00032271406140221175,6.591950604602993e-05,5.2825524714472125e-05,6.003130840136856e-05,0.00016947043621280382,0.0013749438132280843,0.0002670297659445828,0.0654767868738963,0.006373491924699562,0.026493604605054743,8.25457449422187e-05,0.005269626581711154,8.95611276209969e-05,0.00019757792424384907,6.826702609345951e-05,0.001307242622945636,0.0006864102430274293,0.00010198140692757196,0.0016352289509066246,5.403859808438829e-05,0.0019900796791580055
RichterOdilieMinnaANDRichterEmma,0.00012640571029657254,0.0416922142624832,0.00015439933266830292,8.026734293112124e-05,0.018053811663797114,0.00011212765813080339,0.0011407429689380153,0.00013830712012719864,4.6799108217224736e-05,0.000101842723831527,0.00019536827239767496,0.0030632307091092155,0.00031647575399353523,0.00014029768977839635,0.00011521207529651626,0.00012558243321517657,0.5580993524751215,8.307913668760582e-05,6.34532241249084e-05,0.0008370065771118012,0.018901750465351246,8.076082786887693e-05,0.0002094528929846621,0.00010084480616917792,0.000362673569170536,0.0006833620773071721,6.388571356757508e-05,0.003957536133231564,4.526896716441432e-05,0.000102901097260355,0.0005767968481164017,4.783605239240393e-05,0.0006075158295959783,8.597975108102459e-05,0.00010350241704572544,0.000392691126058786,4.240122774670802e-05,0.0001508991407070972,0.047807057770910766,0.0002078503454862104,0.002412970812502461,0.004324809741856022,0.0004169637495453834,0.0004217535639076753,6.146736444208079e-05,0.003790449459342441,0.000701521311340192,0.00037757833649855954,0.000314491573467586,8.128890111468455e-05,0.00035823269802574836,9.743582966815612e-05,0.0037027464852950813,0.00044115450959720495,0.20625762938354056,6.990517705500652e-05,0.0004537585877578616,0.0652139724808163,0.00010983400422319008,0.00040223266302561817,8.216245163603592e-05,6.584203796172763e-05,7.482336821109199e-05,0.00021122892682705411,0.00016058833504154288,0.00033282743676027796,0.0045991398906592,0.00017820928205921808,0.002647493794517904,0.00010288549146347959,0.00011720431294197176,0.00011162950480075965,0.00024626226163919053,8.508841413076212e-05,6.597545922347589e-05,0.000855545676507954,0.00012711021239465386,0.00011618230525704172,6.735401959000477e-05,0.0005253068878807028
SchillerCharlottevon,3.573038074693505e-05,0.001681580457734717,4.364317822642492e-05,2.268871175000653e-05,5.150800438831374e-05,3.169448522441002e-05,0.04073572656595623,3.9094484343804886e-05,1.3228436842728587e-05,2.878730154095011e-05,5.522363461478152e-05,0.010969185758297985,8.945639529125743e-05,3.965714730716089e-05,3.2566339822234255e-05,3.5497669712682814e-05,0.006204961727645518,2.3483505444574092e-05,1.7935960743262852e-05,0.00023659187245360087,0.1265826877170022,2.2828202321101146e-05,5.920485393682365e-05,2.850522585033321e-05,0.00010251486806181492,0.00019316205852500784,1.80582100658548e-05,0.0869968725832379,1.2795920603666604e-05,2.908646591806361e-05,0.00016303987334494584,1.3521543935007422e-05,0.00017172303253014498,2.4303405561694848e-05,2.925643755013261e-05,0.00011099975956073196,1.1985313068316847e-05,4.265379893993684e-05,0.04382330763657873,5.875187098098733e-05,0.000682060689028001,0.001222469288547319,0.015272840486400596,0.00011921467301154546,1.73746291197868e-05,0.0061230846246474535,0.0001982950255764978,0.00010672791358266432,8.889553830547346e-05,2.297746977184136e-05,0.00010125959235884981,2.7541629917419373e-05,0.0010466342178574515,0.00012469862761067802,0.12902490571646308,1.97596974574733e-05,0.00012826135045435158,0.2710166568139747,3.104615116395943e-05,0.00011369681136271145,2.3224391312461153e-05,1.861119311783551e-05,2.1149894484022557e-05,5.9706875287435265e-05,4.539258820735633e-05,9.407843214179249e-05,0.22862470846933844,5.03734007401599e-05,0.015903331684839022,2.908205471652129e-05,0.010136449289521298,3.155367506550933e-05,6.960954810763956e-05,2.405145643271983e-05,1.864890654447436e-05,0.00024183221387944048,3.592951833448866e-05,3.284058918818712e-05,1.903857633599838e-05,0.00014848550013229868
SchlabrendorffAmanda,9.034227971042466e-05,0.012748637934477254,0.00011034934787594755,5.736714527913662e-05,0.00013023512323399983,8.013774243553758e-05,0.0008152900698529027,9.88482284792278e-05,3.344736653778836e-05,7.278709024515341e-05,0.00013962988752709666,0.014655626737162022,0.000226185518215681,0.00010027089047598149,8.23421782768828e-05,8.975388280816323e-05,0.03775637506677948,5.937673691420094e-05,4.535007879763622e-05,0.0005982093857270135,0.0007362577800237672,0.003174303058482792,0.0001496961790712003,7.207387755588172e-05,0.0002592031400536421,0.0004883995176067243,4.565917940796091e-05,0.011325310095178587,3.2353773292158294e-05,7.354351072743168e-05,0.0004122372483518747,3.4188471512384386e-05,0.0004341921332280091,6.144980874179088e-05,7.397327454204015e-05,0.016421472985382515,3.0304197240544925e-05,0.00010784775739829015,0.129166858552641,0.00014855083687095722,0.09621971746272262,0.0841221092743837,0.0002980043828886888,0.0003014276677059959,4.393078301969435e-05,0.015175370660044096,0.0005013779392024665,0.0002698555912428161,0.00022476742253273508,5.809725387109357e-05,0.0002560292452811744,6.963747885317276e-05,0.03569483948779629,0.0003152935417873015,0.12479866038300912,4.9961295608347206e-05,0.00032430168827064077,0.0502163406501226,7.849846583644768e-05,0.00028747606153607994,5.872158124804478e-05,0.017151000156419755,5.347633144058886e-05,0.00015096551212417797,0.00011477263367703915,0.000237872081226033,0.14054203152871614,0.0001273663410380313,0.19928969357303428,7.353235724976745e-05,8.3766032390697e-05,7.978171178331545e-05,0.00017600386937371436,6.0812769387414246e-05,4.715272258829742e-05,0.0006114592974540788,9.08457880207068e-05,8.303560253969162e-05,4.8137980975267885e-05,0.00037543732547672674
SchlabrendorffAmandaANDMützschefahlAntonievon,0.00013109133091983977,0.006169556988897936,0.00016012262393158466,8.324270153264734e-05,0.0001889779147922515,0.0001162840183628189,0.0011830281534329435,0.00014343390350503998,4.8533862652753495e-05,0.00010561784099985044,0.00020261020477660684,0.29972164934495604,0.0003282069116777649,0.00014549825980865886,0.0001194827690396407,0.00013023753651401118,0.004231353469456564,8.615872316604389e-05,6.580531514100967e-05,0.000868032827985467,0.0010683482041052047,8.375447902377103e-05,0.00021721691561203647,0.00010458293241701164,0.0003761171924944537,0.0007086930171442789,6.625383614939555e-05,0.022638288917394608,4.694700216490541e-05,0.0001067154463300981,0.0005981776164426807,4.96092443874464e-05,0.0006300352924702231,8.916685784940888e-05,0.00010733905590270122,0.0004072474434475976,4.397296107042965e-05,0.00015649268647391094,0.04957917499016887,0.00021555496470854166,0.00250241507713162,0.004485122259942453,0.03750052861550973,0.00043738717090490467,6.374584339538094e-05,0.003930954252333811,0.0007275253796403105,0.00039157445135955526,0.00032614918133218454,8.430212694611301e-05,0.0003715117066548675,0.00010104759160412494,0.003840000294901651,0.0004575072729602384,0.2880394272487314,7.249642976434688e-05,0.0004705785604615827,0.04909727670439491,0.00011390534304258955,0.00041714266714491495,8.520805833323943e-05,6.828267778905495e-05,7.759692896534626e-05,0.0002190587836701456,0.00016654104091821088,0.0003451647204005045,0.13450800213769565,0.00018481516311724303,0.07688184899921661,0.00010669926205584606,0.00012154885516691,0.00011576739943093389,0.0002553907379490168,8.824248072408921e-05,6.842104472465104e-05,0.0008872591367352447,0.00013182194757834843,0.000120488963589912,6.985070571684526e-05,0.0005447790207584283
SchlichtegrollAlfred,5.356756731422939e-05,0.13258285960624536,0.004697001362925989,3.4015285270809144e-05,7.722163701066352e-05,4.7516887177141806e-05,0.0004834182382540506,5.8611086082017055e-05,0.37551665176770344,4.315839016694897e-05,8.279217021266898e-05,0.0800348239074809,0.00013411448118598067,5.945463953805968e-05,4.882398575490258e-05,5.3218683150907396e-05,0.11445748354077312,3.520685289042721e-05,2.6889883745292156e-05,0.0003547023790040353,0.018962840022637647,3.422441180124645e-05,8.876087890168836e-05,4.273549770879557e-05,0.0001536919557198302,0.00028959169637399,2.707316191586202e-05,0.06395496032545767,1.918385205965775e-05,4.3606902261531725e-05,0.00024443202696791845,2.0271718346940708e-05,0.0002574499602904796,3.64360604666319e-05,4.3861726493796496e-05,0.00016641264290593466,1.796857607301732e-05,6.394726835142018e-05,0.030337659377576265,8.80817594948502e-05,0.0010225564661812678,0.0018327458184014423,0.00017669877151088988,0.00017872857461608777,2.604832625562733e-05,0.02683158677824788,0.00029728712397102163,0.0031019680269225957,0.00013327363528085504,3.4448195988489855e-05,0.00015181002599193977,4.129085903098054e-05,0.0369320864361245,0.00018695020844691141,0.02725582372632595,2.9624059456819655e-05,0.00019229150041640155,0.06250230017627428,4.654489422046799e-05,0.00017045610678547628,3.481838477383098e-05,2.7902203091504847e-05,3.1708265425044806e-05,8.951351746668254e-05,6.805330571724275e-05,0.00014104391392484453,0.0019490000499378108,7.552062078786089e-05,0.007005861029389816,4.360028891651229e-05,4.966824606504597e-05,4.730578229922675e-05,0.00010435976544383532,3.605833423914722e-05,2.7958743673438052e-05,0.004994129585081746,5.3866117620805296e-05,4.923514485996825e-05,2.854294295571341e-05,0.00022261187418794079
SchmidtLudwigFriedrich,0.00010652797800036569,0.2919950173656033,0.00013011950706317177,6.764502744261026e-05,0.00015356801253207198,9.449519859954165e-05,0.01183627297222004,0.00011655785023980558,3.943978764016667e-05,8.582760555965483e-05,0.0001646459402436765,0.0025815271543067246,0.00026670885421215494,0.00011823539597340788,0.005534552458037033,0.00010583416406894286,0.01306226176160619,7.001465696907381e-05,5.347498659491966e-05,0.0007053844167603639,0.0008681655238761883,6.806091017820353e-05,0.0001765157058461467,8.498661387872929e-05,0.0003056419042088206,0.0005759010424993159,5.383946558661783e-05,0.008772657854966073,3.8150266525742264e-05,8.67195461300439e-05,0.0004860935617755108,4.0313668780677856e-05,0.0005119818778616448,7.245913978211043e-05,8.722630631292513e-05,0.0003309390971308315,3.573348898552317e-05,0.0001271697323151358,0.15952783761041683,0.00017516516444845927,0.0020335228608478174,0.013268480402765539,0.0003513947671691931,0.0003554313667643769,5.180141017097698e-05,0.035819135522033384,0.0005912046745823475,0.000318202845659132,0.0002650366928919017,6.850594209155612e-05,0.0003018993753111589,8.211371064633109e-05,0.0031204768771995986,0.12543331262888188,0.07801813216179443,5.891234775672411e-05,0.00038240349063927646,0.04783739717065006,9.256222965029547e-05,0.00033898019462324396,6.924212379175302e-05,5.548815124751803e-05,6.30571364537524e-05,0.0001780124522640605,0.011010251022486092,0.00028048917867659303,0.11767705540930817,0.00015018526009722604,0.0022311662980794562,8.670639439835139e-05,0.05784134465369981,9.407538159238902e-05,0.00020753667479633873,7.170796863006598e-05,5.560059155739764e-05,0.0007210081790728921,0.0001071216947227316,9.791223853270416e-05,5.6762368569315946e-05,0.00044270057471536083
SchragJohannLeonhard,0.00014793425807085137,0.27175439622706615,0.00018069556091517239,9.393792255092439e-05,0.0002132582484318748,0.00013122446664699634,0.005904069579428825,0.00016186263384723078,5.4769609191305254e-05,0.00011918787335306064,0.00022864204757779602,0.015097160744672905,0.011882597451336538,0.00016419222357697794,0.00013483420044715604,0.00014697076612149793,0.00477500786472559,9.72286016052003e-05,7.426013912740377e-05,0.0009795597579804478,0.0012056121318370942,9.451545443587443e-05,0.00024512546349197316,0.00011801999724486066,0.000424441627290991,0.15045863010538188,7.476628718570159e-05,0.004631556361533075,5.2978865079665224e-05,0.00012042650163645251,0.0006750329046330995,5.598315853853108e-05,0.023735427195166137,0.00010062322861400617,0.00012113023405568728,0.0004595715672038659,4.9622712085440716e-05,0.0001765992404271844,0.05067086298935302,0.00024324998116882066,0.0028239313402588415,0.005061381475235526,0.024658423554603178,0.0004935837187974813,7.193606153531823e-05,0.004436012639043634,0.0008209995772383709,0.0004418848716762063,0.0003680536067659237,9.51334654706792e-05,0.005253333501291567,0.00011403042740441258,0.00433337270002614,0.0005162888995976187,0.030653467427424322,8.18109441312502e-05,0.00053103961732223,0.09398102848817923,0.0001285401734430106,0.0004707381528646893,9.615579308515426e-05,7.70557992426796e-05,8.756676764601947e-05,0.00024720397915528104,0.00018793863143893195,0.25725284998081577,0.014520519929991616,0.00020856065648392112,0.003098396657241907,0.00012040823796800784,0.00013716574225242583,0.00013064147128141797,0.00028820394965520273,9.958008530885924e-05,7.721194389248453e-05,0.0010012563087773779,0.00014875874610184697,0.0001359696732753352,7.882529114198661e-05,0.0006147735298968276
SchwendlerAugusteSophieHenriette,0.000806219746984212,0.021852163880764,0.0001741022459472983,3.516716982410094e-05,0.00024825612239740306,0.00015558194736852232,0.1367265371853063,6.0595876277719716e-05,2.0503882727299222e-05,0.0022247203307292646,0.001636298111652743,0.015027055670728153,0.0014269415002096805,0.0002018079271104676,0.0019027102941817924,8.377835125942618e-05,0.013665124485366898,0.00032886642517482886,0.0009373758118934995,0.000752407344631367,0.036493175858009846,0.00012193681896011761,0.0002652606284018306,0.0002164449616748562,0.0004144539504938695,0.0010087419211273518,2.7989960254355187e-05,0.019566721924415227,0.0010236985839805945,4.5083594775854675e-05,0.009335629980879365,0.000593963271117388,0.0028728740595295355,3.7669921505872864e-05,4.5347048307994884e-05,0.011399050142544533,1.8577059143447998e-05,6.611276160108048e-05,0.1460972128444433,0.0005693901640259784,0.01874600526471119,0.025738672877870423,0.004635647897547201,0.0026746033780138986,2.6930419832502633e-05,0.017564080962220927,0.001549706586365339,0.0032737154474372127,0.0003929185787907512,0.0004667317844337503,0.0004999674329587481,4.268912167470887e-05,0.05587434260445815,0.0026295428656010083,0.21540622378731267,3.0627240709672236e-05,0.002887685261241232,0.10491606090531434,9.737838697906473e-05,0.0001762283869488575,0.0003709969310868404,2.8847075859380663e-05,0.0023254511365033447,0.00014180208822916725,0.00699066615378604,0.0003996559176848023,0.055750862422080515,7.807803095943449e-05,0.03477726079652278,4.5076757478282355e-05,5.135019831021852e-05,7.76652175094478e-05,0.00022976242713422122,0.0005967895194813019,2.8905531116508987e-05,0.0024320672651165685,0.008554915388358853,0.0007448783297098875,2.9509513567555068e-05,0.00023015034335599095
SchwendlerAugusteSophieHenrietteANDSchwendlerFriedrichChristianAugust,4.913348663218893e-05,0.0023123714109356693,6.0014516194547655e-05,3.119965396859532e-05,7.082957953872437e-05,4.358365440091878e-05,0.1532692198007158,5.375952575214097e-05,1.8190660474076086e-05,3.958593403907102e-05,7.593900922421608e-05,0.0081372958026632,0.00012301309166944254,5.453325367248648e-05,4.478255727662025e-05,4.881348152024855e-05,0.001585925992732033,3.2292589015774545e-05,2.466406091936663e-05,0.00032534172207164915,0.00040042062153617113,3.139146995171442e-05,8.141365523274339e-05,3.919804670385477e-05,0.00014097003150317287,0.0002656206069452165,2.483216815281336e-05,0.0015382813659472006,1.7595899645730322e-05,3.9997320333212155e-05,0.00022419905050115741,1.859371728733205e-05,0.00023613941824514643,0.04865981628235494,4.023105136930893e-05,0.00015263775780002668,1.6481218702805432e-05,5.8654003014150146e-05,0.19224814800839776,8.079075025552447e-05,0.08429745027292854,0.0016810394177580515,0.00016207244725202074,0.00016393423244659918,2.389216374833939e-05,0.0014733353216689242,0.000272679041888692,0.00014676346587056942,0.00012224184718120825,3.159673029717533e-05,0.0001392438793972612,3.787298867483516e-05,0.008385873495605876,0.0001714753166543605,0.3719300441137309,2.717191394514156e-05,0.00017637448065861887,0.011455201986188455,4.269211862026314e-05,0.00015634652204738915,3.193627653098597e-05,2.5592585053622683e-05,2.9083598780068096e-05,8.21039937850821e-05,6.242016119791597e-05,0.0001293689373408808,0.07820057901809244,6.926936573707935e-05,0.0010290721887211743,3.999125441094991e-05,4.5556933540884524e-05,4.339002382896868e-05,9.572133657469636e-05,3.3073588593737084e-05,2.5644445462184745e-05,0.007279175842869431,4.9407324296145835e-05,0.02088504378277856,2.6180287372978133e-05,0.00020418507117224048
SchwendlerFriedrichChristianAugust,3.3849427019840184e-05,0.0015930570509513366,4.134567125809234e-05,2.149431034601879e-05,4.879646953186729e-05,3.0025993065497857e-05,0.043377001992896735,3.703643417758493e-05,1.2532052503608335e-05,2.727185219519695e-05,0.0048380419729155116,0.02953463702936172,8.474714404293438e-05,3.75694768856876e-05,3.085195063896969e-05,3.3628966587962235e-05,0.0010925885751140911,2.2247263731840226e-05,1.6991758316537758e-05,0.00022413697119061542,0.0002758609155379583,2.162645771773768e-05,5.6088133981799704e-05,2.700462580958317e-05,9.711817988966188e-05,0.00018299343209784332,1.710757207045797e-05,0.0010597648650990939,1.2122305208366305e-05,2.7555267667922027e-05,0.0001544569685165511,1.2809729565024508e-05,0.00016268302032447276,2.3024001863308866e-05,2.7716291486725202e-05,0.00010515640141318964,1.1354370469470254e-05,4.040837584581794e-05,0.0941592983443323,5.565899739874977e-05,0.09157493900677174,0.0011581148619645757,0.00011165622167733723,0.00011293885733766132,1.6459976862616066e-05,0.015372198151847176,0.0001878561844663459,0.0001011094381384699,8.421581224036208e-05,2.1767867285020334e-05,9.592898564070495e-05,2.6091756438310666e-05,0.06799169292350388,0.00011813412022327661,0.12223265015629073,1.8719488094966308e-05,0.00012150929071874331,0.03660616045839125,2.9411789242170814e-05,0.00010771147237049154,2.200179013986013e-05,1.763144444656847e-05,0.11009172242613832,5.6563727432378514e-05,4.3002987083992044e-05,8.912586309894717e-05,0.3745181631376148,4.7721594801126503e-05,0.0007089564844242916,2.7551088685175263e-05,3.138544000925057e-05,2.9892595573007647e-05,6.594509404313353e-05,2.27853160873482e-05,1.7667172526034548e-05,0.00022910144542640195,3.4038081411310136e-05,3.111176270097398e-05,1.8036328938429068e-05,0.00014066878088512549
SchwendlerFriedrichChristianAugustANDSchwendlerAugusteSophieHenriette,1.5411101617567068e-05,0.08352212944648109,0.0021976881294532677,9.786015011357872e-06,2.2216250517131286e-05,1.3670353416308328e-05,0.1265131950952501,1.686209489834343e-05,5.7056426537616974e-06,1.2416437218659724e-05,0.11550361658576525,0.002552326348134389,0.021827225096203627,1.710478070027025e-05,1.404639866189292e-05,1.5310729516251076e-05,0.0004974380673388299,1.012882262034292e-05,7.736075234709842e-06,0.00010204597074117873,0.00012559505362317455,9.84617959177634e-06,2.5536028477722602e-05,1.2294773328125467e-05,0.013117400998648979,8.331397679949675e-05,7.788803380723363e-06,0.0004824939582344074,5.519091277255474e-06,1.2545471741093347e-05,7.032178228466701e-05,5.832064569495864e-06,7.40669718339302e-05,1.0482459042823165e-05,1.2618783305066645e-05,4.7876024222403224e-05,5.169462898321608e-06,1.8397285897800795e-05,0.22371494040768986,2.534064946922944e-05,0.00029418400722919783,0.0048849993515050144,5.0835288216088796e-05,5.141925167544023e-05,7.493963661597502e-06,0.011356443664359945,8.552791001757258e-05,0.010940354046585507,3.8342109586713374e-05,9.910561101389837e-06,4.367492970892883e-05,1.1879158533937096e-05,0.05928076148930364,5.37845716028134e-05,0.027325333190508068,8.522682912513442e-06,0.002234185340611848,0.14304031643261347,1.3390716259388554e-05,4.90393070791557e-05,1.001706242811819e-05,8.027314077467011e-06,9.12229778357602e-06,2.5752558553437724e-05,1.9578570810722532e-05,4.057757704927115e-05,0.14872347619641293,2.172687727923593e-05,0.0003227765249170072,1.2543569117225282e-05,1.4289287821950824e-05,1.3609619675938361e-05,3.002374441620743e-05,1.0373789234443789e-05,8.043580499434198e-06,0.0001043062162951332,1.5496992938440527e-05,1.4164686929717093e-05,8.211651497529788e-06,6.404424143928038e-05
SchützeStephan,4.211252543783099e-05,0.2401413496010969,0.011959409002835748,2.674135933482114e-05,6.070834118499677e-05,3.7355740055090774e-05,0.0003800426988995891,4.607752372044325e-05,1.559129433822042e-05,3.392927651726085e-05,6.50876556271783e-05,0.04269842258049477,0.00010543505676476443,4.674068929164381e-05,3.838332493276134e-05,4.183824766231493e-05,0.007313289227085955,2.767811872502649e-05,2.113967406063499e-05,0.00027885180730801475,0.0003432022591131725,2.6905765649580687e-05,6.977999857086396e-05,3.359681659245256e-05,0.00012082602812396267,0.02999759032825838,2.1283759502765427e-05,0.060858319157919664,1.5081522241226035e-05,3.428187750213465e-05,0.0001921619828864752,1.5936756088740948e-05,0.0002023961240969296,2.864446903579641e-05,3.4482209391400336e-05,0.00013082648716234083,1.4126124349043139e-05,5.0272601504038034e-05,0.015927096424376685,6.924610400126311e-05,0.0008038900654396219,0.007394811358028388,0.0001389130005929761,0.00014050874479394022,2.0478077632650613e-05,0.0012628021226482474,0.0061876995444821465,0.00012579160595880645,0.00010477401975404524,2.708169518587249e-05,0.00011934653563416756,3.246110358329002e-05,0.0012335835555686641,0.00014697224092043168,0.05680751449762372,2.328916581425091e-05,0.00015117133573122558,0.09912808077254867,3.659160085359961e-05,0.00013400528515563546,2.737272174207261e-05,2.1935516141133318e-05,2.4927679214340404e-05,7.037169075146802e-05,5.350059209025522e-05,0.00011088267977839398,0.3766332847383284,5.937107513868314e-05,0.036605933154682,3.4276678373738065e-05,3.904704620235912e-05,3.718977844833909e-05,8.204317457911078e-05,2.8347516865648888e-05,2.1979965923236816e-05,0.00028502817618473097,4.2347232892556314e-05,3.8706560598280814e-05,2.2439238359322385e-05,0.00017500791401465476
SpazierJohannKarlGottlieb,0.0011755434906800095,0.22691511751608787,0.0053153355322529345,0.00270541577030231,0.0005370033692972682,0.0004395787616834953,0.0027839198321220645,0.0005685935045737811,3.398254127306413e-05,0.00022053505783832482,0.002809952959418718,0.02713178251769988,0.001956154591566041,0.001544863346528249,0.0008035699738583715,9.118999020446788e-05,0.018503717091570136,6.0326794654133774e-05,4.6075702932733385e-05,0.0013156511203162098,0.00146900201222429,0.0015248983359975508,0.002113722094955928,0.0020229497767079436,0.0014525029883623113,0.009362884469651321,4.6389749308731944e-05,0.013751160418821988,0.00048338826116632296,0.003090365449064414,0.0008205921325592128,3.473550430106305e-05,0.004464310696361852,0.0019138439363315229,7.515688424643319e-05,0.003907403366808178,0.001378647378269632,0.013194286097434147,0.07237598676447152,0.00015092772518913292,0.009913558773341631,0.02279330338266443,0.0008513859474886748,0.005003741438351452,4.4633697706459316e-05,0.025518539551171688,0.14243872548542635,0.0007958626045830207,0.0008831544220085644,0.0004760042719485711,0.0011380482082518962,7.075171363959199e-05,0.017405552410964607,0.00798242950587311,0.025249985742759794,5.076070153828858e-05,0.0017300131133222271,0.18842296920788665,7.975448088403334e-05,0.002597773201191278,5.966115616686213e-05,4.781030788346401e-05,5.433197971681119e-05,0.001560351077212392,0.0008587724057213308,0.0027266489357326536,0.012734714017689015,0.00012940426673753487,0.010461566916645626,0.002008772838876232,0.004743676974304584,0.0019119217109774612,0.0008951375699549844,0.002864489616793874,0.0005927135794817082,0.0013957192308892237,0.002127039263095665,8.436421406303644e-05,0.0005893196645592328,0.07211517290540244
SpazierJohannKarlGottliebANDLeipzigerAugustWilhelmvon,0.0002442777660729118,0.011496455092282698,0.00029837516025875335,0.0001551158343544728,0.0003521445891093764,0.00021668557360990119,0.0022044743347572893,0.0002672771210840309,9.043880678085225e-05,0.0001968100413341886,0.0003775472249699639,0.0059196625914409344,0.0006115862172713678,0.00027112387695025136,0.00022264617881602306,0.00024268679137856767,0.007884774422007811,0.00016054959755931782,0.00012262271857014912,0.0016175068069749152,0.0019907778100628783,0.0001560694890422457,0.0004047656128489731,0.00019488157547049132,0.0007008630312887878,0.0013205903536469168,0.00012345850007603886,0.007647898845000586,8.748182455845087e-05,0.00019885533735964863,0.0011146541181185203,9.24426909887792e-05,0.0011740182414184904,0.00016615500575330568,0.00020001738180780765,0.0007588716586081117,8.193994692497245e-05,0.00029161107443459515,0.16145998956654778,0.0004016687058973088,0.004663041869661661,0.008357651406351068,0.0008057782598061402,0.0008150345279729776,0.00011878506467051716,0.007325005525209678,0.31218566965828337,0.0007296663445108239,0.000607751808325545,0.00015708998528807274,0.0006922810923864933,0.00018829376260736291,0.007155520408374569,0.0008525266607383492,0.1222974764484612,0.00013509105283190188,0.0008768839152426737,0.2987086730723258,0.00021225311046103211,0.0007773105830023607,0.0001587781129004005,0.00012723907732683173,0.00014459540786388087,0.00040819778041855135,0.00031033534520932203,0.0006431856800521337,0.00888779166472124,0.00034438764841198484,0.0051162551778664855,0.0001988251793138644,0.00022649615806440065,0.00021572289730090088,0.0004758993482188874,0.0001644325060456777,0.00012749691257565098,0.0016533334304310126,0.00024563920930446533,0.00022452113847392223,0.00013016096664363765,0.0010151502869067061
SpazierRichardOtto,4.937921467215609e-05,0.09596060911568115,6.031466280422064e-05,3.135569072362451e-05,7.118381480564204e-05,4.3801626433938064e-05,0.006530526013647769,0.09310192456443381,1.8281636214866976e-05,3.978391253904007e-05,7.631879794211036e-05,0.029928857231276664,0.0011400755005122982,5.480598720833926e-05,4.500652530288061e-05,0.008674234802066978,0.04141363429328994,3.2454091794189476e-05,2.4787411647409124e-05,0.00032696883199532866,0.01809865920207672,3.154846602326676e-05,0.000590044419756844,0.0201123397053537,0.0028596012556704295,0.0002669490376264777,2.495635962438559e-05,0.004315560966983758,1.7683900848734134e-05,0.006138880506149487,0.003591425981464322,1.868670880936514e-05,0.00232497838664674,3.35871898202021e-05,4.043225625168995e-05,0.0008678716507034835,1.656364512612092e-05,5.8947345379710125e-05,0.1064571613603672,8.11948036632621e-05,0.005238016193562343,0.014682289726175137,0.02729711151745351,0.002705872084939456,2.401165403838137e-05,0.006215220924908605,0.006567746142093647,0.012309925116806779,0.01018294152077053,3.1754752923646323e-05,0.00013994027055341612,3.806240033504226e-05,0.05333510581199128,0.0035239460673768793,0.13130859694108724,2.730780703178284e-05,0.00017725657062216883,0.18502612043974676,0.01154314188911073,0.00015712844751313086,3.2095997307460794e-05,0.0014632501117021921,2.9229052648972558e-05,8.251461503037079e-05,6.273233900000074e-05,0.004762234161620886,0.03649049983313234,6.961579801044442e-05,0.04052634348011892,4.019126001274641e-05,4.578477440366958e-05,4.360702747028235e-05,9.620006133110572e-05,3.323899733341515e-05,2.5772699322258644e-05,0.00033421095869010575,4.965442186221517e-05,4.538553661012093e-05,2.63112211035741e-05,0.0016382545009101716
StainleinJohannGottliebEduardvon,7.776393431596538e-05,0.3334942013060597,9.498542064181065e-05,4.937992412501026e-05,0.00011210250174406201,6.898017361264128e-05,0.04467969651154614,8.508560079894929e-05,2.8790493474634576e-05,6.265295189602371e-05,0.00012018923406633767,0.001884478724093496,0.00019469373407584253,8.631018572667065e-05,7.087768610092037e-05,7.725745984791079e-05,0.0025100568508810033,5.1109720543829465e-05,3.903599245167487e-05,0.000514920760556163,0.0006337486925158932,4.96835127065349e-05,0.00012885399697635207,6.203903972887882e-05,0.12116239207760865,0.00042039970796459733,3.930205701895567e-05,0.0024346493461065073,2.7849161093006102e-05,6.330405604003779e-05,0.0003548415028509668,2.9428414487370207e-05,0.0003737396115869287,5.289415881514287e-05,6.367398388730614e-05,0.0002415809132487105,2.608494728343531e-05,9.283212632365157e-05,0.0513995367861758,0.00012786812064121317,0.012478923049332378,0.002660593575287697,0.00025651326633671087,0.0002594599275957714,3.7814305064500585e-05,0.06829873753830303,0.0004315711453882616,0.00023228362777058496,0.00019347307969457355,5.000837978021896e-05,0.00022038232239466094,5.994186054220946e-05,0.0022779044854508114,0.0002713952575957256,0.027937974345515083,4.300519006694633e-05,0.00027914920086220444,0.05111367267617743,6.756913330918729e-05,0.00024745080197621533,5.054578212703279e-05,4.050557449716668e-05,4.603082785750082e-05,0.00012994660093181156,9.879285286069382e-05,0.17611642992216914,0.05780175860181855,0.0001096331397690358,0.0346121595877737,6.32944554598083e-05,7.210329716737862e-05,6.867371306789287e-05,0.00015149887053109143,5.234581437808398e-05,4.058765435107993e-05,0.0005263258885708479,7.819733922110865e-05,7.147456498198252e-05,4.143573532417701e-05,0.00032316522907894926
SteinAnnaChristianeCharlottevon,4.780514829892678e-05,0.02252632744046901,5.839200601101077e-05,3.0356162102014678e-05,6.891468092111863e-05,4.2405357422367654e-05,0.0004314155323607916,5.230612108397359e-05,1.7698870591628748e-05,3.8515716612090455e-05,7.388597566489221e-05,0.0011584777141730384,0.00011968739637773978,5.305893104130533e-05,4.357184760447027e-05,4.749379461977016e-05,0.001543050014773598,3.1419549327159585e-05,2.399726074256737e-05,0.0003165460124556707,0.12204842517619292,3.054279228333598e-05,7.921261300046278e-05,3.813831592562787e-05,0.00013715886503561423,0.0002584394753281792,2.4160823147271176e-05,0.0014966934745559988,1.712018929806806e-05,3.891598095617791e-05,0.00021813776290536605,1.809103064480867e-05,0.00022975531927823628,0.006791340418830979,3.9143393004631e-05,0.0001485111509034559,1.603564408389632e-05,5.7068274706566003e-05,0.01808006522103865,7.860654844341217e-05,0.0009125570930460543,0.0016355920202417965,0.00015769077073754707,0.040712445570189264,2.3246232039704983e-05,0.008192327157142285,0.00026530708339672843,0.00014279567219254919,0.00011893700271219808,3.0742503354689484e-05,0.0001354793799620768,3.684908123206417e-05,0.02167680670980111,0.00016683943078643133,0.5308454027254889,2.6437313220555772e-05,0.00017160614444381093,0.011145507214729958,4.153792457504921e-05,0.00015211964761320835,3.107286985571092e-05,2.490068195241416e-05,2.829731509094209e-05,7.988428804599879e-05,6.0732613690687475e-05,0.0001258714098828823,0.13015699438184275,6.739664796074637e-05,0.07534831372291953,3.89100790279169e-05,4.43252883775513e-05,4.221696171016073e-05,9.313348194847984e-05,3.217943435069541e-05,2.4951140299502595e-05,0.00032355728112290315,4.807158268070166e-05,4.39387771287628e-05,2.547249556586134e-05,0.0001986648674230472
ThieriotPaulEmile,0.2597964672978983,0.003202132287554629,8.310707316294425e-05,4.320474594215194e-05,9.808358747312752e-05,6.03538974348127e-05,0.0006140169632942227,7.444526963118741e-05,2.5190114771576955e-05,5.481792281293849e-05,0.00010515903810771344,0.13632281606383453,0.0001703464204598739,7.551671479082047e-05,6.201411758360459e-05,6.759607237173532e-05,0.031054877358289226,4.471822365867349e-05,3.415436873099941e-05,0.000450527639205117,0.0005544956120629609,4.347036942716389e-05,0.00011274023404532619,5.428078308090603e-05,0.00019521288289550703,0.00998739827347556,3.4387160745917744e-05,0.0021301856639241268,2.4366500172809674e-05,5.5387603500433983e-05,0.15422360957218842,2.574826093673973e-05,0.00032700181811242204,4.627951002206222e-05,5.571127023223563e-05,0.00021137015024486769,2.282290911266189e-05,8.122305783478739e-05,0.17964579684580886,0.00011187764591169067,0.010918378461116304,0.00232787456668865,0.0002244351464536976,0.00022701331467349863,3.3085458761636724e-05,0.0020402494952148497,0.0003776012625142828,0.00020323553148731023,0.00016927841431445357,4.375461043466234e-05,0.000192822537051656,5.244586543854929e-05,0.001993042442212748,0.00023745607880327563,0.005205064113468838,3.762720060753003e-05,0.00024424035712719485,0.15053696707667624,5.911931396986987e-05,0.000216505983393143,4.422480823820752e-05,3.5440173033895514e-05,4.027446899382695e-05,0.0001136962030377352,8.64383691222569e-05,0.00017914788658377463,0.002475535669579334,9.59230301482494e-05,0.011044612935630652,5.537920351527681e-05,0.009682657871222987,6.0085761138296106e-05,0.01937169608721129,4.57997384851124e-05,3.551198843859953e-05,0.00046050650545579637,6.841841566721062e-05,6.253635411740811e-05,3.625401313042108e-05,0.0002827519860975573
ThieriotPaulEmileANDJeanPaulANDRichterCaroline,4.200566220244461e-05,0.008039183431778599,5.130817426784761e-05,2.667350141968927e-05,0.12682095519054318,3.726094746782518e-05,0.0003790783161662539,4.596059904750649e-05,1.5551730428444854e-05,3.384317880107648e-05,6.492249152477121e-05,0.053357292250020165,0.00010516750854313943,4.662208179351909e-05,3.828592478293521e-05,4.173208042438254e-05,0.10034247416559647,2.7607883722836193e-05,2.108603078131022e-05,0.01481685402782527,0.018529138754111378,2.683749054287623e-05,0.006131872058264416,3.3511562514659186e-05,0.00012051942432497479,0.00022708686588587005,2.1229750597386223e-05,0.016347402190653938,1.5043251910855363e-05,3.419488503832704e-05,0.08160844937879942,1.5896315547607393e-05,0.00020188253094558583,2.8571781857688108e-05,3.439470857256971e-05,0.0001304945065568784,1.4090278402125578e-05,5.014503155205444e-05,0.16453566670321856,6.907038756928609e-05,0.03569475372250715,0.12250547959050312,0.00013856049994082428,0.00014015219483848985,2.0426113196712207e-05,0.007321866812153454,0.015388794156723864,0.0001254724016874537,0.00010450814895624936,2.7012973646681432e-05,0.000119043686142302,3.237873145012874e-05,0.0012304532581453448,0.005962083219377004,0.16992587411094603,2.323006806168238e-05,0.00015078772876712254,0.032931932069999156,3.649874731858767e-05,0.00013366523814630215,2.7303261704321902e-05,2.187985336146525e-05,2.486442362888636e-05,7.019311807089075e-05,5.3364830905039854e-05,0.00011060130786383319,0.013406085255792035,5.922041722606154e-05,0.000879784067940187,3.418969910305235e-05,3.894796181722469e-05,3.709540699929932e-05,8.183498475943738e-05,2.8275583222725827e-05,2.192419034939461e-05,0.000284304898899251,4.22397740719439e-05,3.860834021721349e-05,2.238229735220507e-05,0.0001745638202037187
ThümmelMoritzAugustvon,7.871466528153757e-05,0.06854654291886883,9.614669908632894e-05,4.998363615882403e-05,0.00011347305122389085,6.982351555053268e-05,0.02020233505180677,8.6125845433116e-05,2.9142482014067555e-05,6.341893810770417e-05,0.00012165865080252009,0.14748323652907752,0.0001970740323904403,8.736540196458914e-05,7.174422676063616e-05,7.820199872759785e-05,0.0025407444542600065,5.1734580826300836e-05,3.9513241026121424e-05,0.0005212161096300359,0.0006414968152371228,5.029093637181111e-05,0.00013042934788986692,6.279752033641797e-05,0.00022584208052579854,0.0004255394558926724,3.9782558461523926e-05,0.0024644150278973565,2.81896410346298e-05,6.407800255975787e-05,0.00035917974534857317,2.978820215972686e-05,0.01987028679469985,5.3540835389904664e-05,6.445245309305693e-05,0.0002445344476465913,2.6403858194204243e-05,9.396707889353053e-05,0.1177699920096911,0.00012943141836878406,0.20285406254545837,0.021219404823864564,0.030880524022646405,0.0002626320483180606,3.827661746012011e-05,0.015355019667798387,0.000436847473745067,0.00023512349485883745,0.014090550857682276,5.061977522482144e-05,0.0048546474868650415,6.067470133084467e-05,0.08580529668078557,0.00027471329799035515,0.012519072538376887,4.353096549531955e-05,0.00028256203988081803,0.08319388219369547,6.839522406602712e-05,0.0002504761008112584,5.1163747777432875e-05,4.1000789975800724e-05,4.65935943095843e-05,0.00013153530986820294,0.00010000068043806724,0.0002072564619084914,0.007495521774703752,0.026100277359156262,0.034135262528209934,6.40682846041796e-05,0.069546546838089,0.004701084109336283,0.0001533510744959511,5.2985786970585915e-05,4.1083873326507844e-05,0.0005327606751418749,7.91533689343275e-05,7.234840299927045e-05,4.1942322818758805e-05,0.0003271162018915286
TiedgeChristophAugust,5.896389204229445e-05,0.2028504897882024,7.202194870387096e-05,3.744193938713851e-05,8.500084092518614e-05,5.230367452125506e-05,0.058887462436354565,6.451548811147271e-05,2.1830165410422256e-05,4.750610838075558e-05,9.113254215429564e-05,0.009765369081503607,0.0001476249937498632,6.544402000880958e-05,5.374244845279497e-05,5.857986175731416e-05,0.010239708779673258,3.875354392710406e-05,2.9598734489592604e-05,0.0003904346198895482,0.0004805349654200875,3.767213304315338e-05,9.770253053377084e-05,4.704061430480127e-05,0.1835716884596822,0.00031876477461027113,2.9800475856711212e-05,0.001846053732587369,2.1116407530056605e-05,4.799980298087634e-05,0.00026905578080987534,2.2313864004858386e-05,0.0002833851232372174,4.0106580222288786e-05,4.828029786377593e-05,0.00018317682886771555,1.977870627404261e-05,7.038923021003375e-05,0.1890298970012078,9.69549975507303e-05,0.0011255674301088947,0.0020173741686507992,0.00019449916824217176,0.00019673345098381522,2.867239962960355e-05,0.051786980973346976,0.0003272354292395721,0.000176127235222014,0.0001466994421584834,3.791846094861881e-05,0.0001671031639540009,4.545044466840298e-05,0.0017272031738651947,0.00020578332115559703,0.004510793682333203,3.260834738714053e-05,0.0002116626876985636,0.11378484169341326,5.123376430063615e-05,0.00018762762586343567,3.832594205460371e-05,3.0713033526027585e-05,3.490251346310659e-05,9.853098889613888e-05,7.490890426093426e-05,0.00015525248822860128,0.16053841978046526,8.312846661452967e-05,0.0012349642901126991,4.799252341636903e-05,5.467175841176459e-05,5.207130322169673e-05,0.0001148728279388358,3.969080236237031e-05,3.077526993018537e-05,0.0003990824685728981,5.9292517905456606e-05,5.419502717344295e-05,3.1418320662902145e-05,0.00024503749516853343
TruchsessvonWetzhausenChristianFreiherr,3.3344596112851204e-05,0.015119294723985746,4.072904124219703e-05,2.1173743850735922e-05,4.8068718188921536e-05,0.04475737039230102,0.00030091689274613616,3.64840721938341e-05,1.2345149268049225e-05,2.686511934648725e-05,5.1536248806179174e-05,0.06497874631627851,8.348322375362358e-05,0.015309461855973353,3.039182414364316e-05,3.3127423631452146e-05,0.04078375299000527,0.056860683169374905,1.6738342955703216e-05,0.004726086069861222,0.002064297649064673,2.1303920374396385e-05,5.5251634636249325e-05,0.0053654691972303305,0.0009919452216313588,0.002111103642686614,1.6852429461407406e-05,0.003871074356088888,1.194151295065542e-05,2.7144307956226817e-05,0.00015215339476739204,1.261868504923981e-05,0.00016025676310440305,2.2680621523772908e-05,0.011678883960462906,0.00010358809712638431,0.024468483814408516,3.980572466899774e-05,0.18040682126077437,0.020650448926165757,0.08525232508723779,0.019246143365639293,0.00010999097896503684,0.00011125448537619054,1.6214492499063864e-05,0.04764551577904184,0.00018505449426544385,9.960149032798931e-05,8.29598162422261e-05,2.1443220957084814e-05,9.449829918331987e-05,2.570262355697806e-05,0.02374834538559914,0.0006139519360125553,0.08774290801963379,1.8440305344020118e-05,0.0001196970991739595,0.15199515221831092,0.04228148293786623,0.00010610506171373086,2.1673655082649967e-05,0.0012900728797029398,1.9737676303929303e-05,0.0004433578396336548,4.236163983282225e-05,0.0021208781024942723,0.01461008472550108,0.0032650755035266064,0.01294642767214243,2.7140191298896955e-05,3.091735704474923e-05,2.9446776914791336e-05,6.496158783436504e-05,2.244549551137022e-05,1.740368402665696e-05,0.00022568462273042818,3.353043690964798e-05,0.006129892153280606,1.776733483429248e-05,0.003621628534294798
UngernSternbergRosalievon,2.1233096621485045e-05,0.013184261101508526,2.5935346917059182e-05,1.3482968799492471e-05,3.060908983038914e-05,1.8834729803316066e-05,0.03458171825081944,0.0527134296840761,7.861116275872953e-06,1.710711003669479e-05,3.281713614724984e-05,0.03297598631482313,5.316025871882047e-05,2.356661258298074e-05,1.9352837154217317e-05,2.1094806019149738e-05,0.0006853598664854949,1.3955282023088547e-05,1.0658604232576808e-05,0.00014059682496096257,0.042376614009000134,1.3565862312293674e-05,3.5183011146874485e-05,1.6939484048159687e-05,6.092037233278085e-05,0.00011478827167600949,1.0731251980074672e-05,0.0050504570901874594,7.604089653083542e-06,1.7284891129203926e-05,9.688789516145516e-05,8.035297772982602e-06,0.00010204793975389586,1.4442514961637212e-05,1.738589828365308e-05,6.596259458883047e-05,0.0009876450741135993,2.5347399474402847e-05,0.09986325299700068,3.4913821995567075e-05,0.0028327717918048105,0.06795588568775861,0.0010505625024281806,7.084437998803091e-05,1.0325027921639107e-05,0.011669775620703047,0.00011783858300997243,6.3424012113406e-05,5.282696446555373e-05,1.3654565822800814e-05,6.0174413579180184e-05,1.636685859273728e-05,0.08963240953004503,7.410326879461625e-05,0.218281883055813,1.174237599922113e-05,7.622044853896538e-05,0.01615201423144337,1.844945152022002e-05,6.756534161551849e-05,0.005677854006970906,1.1059867078131173e-05,1.2568512949641224e-05,3.548134180052977e-05,2.6974949361231094e-05,5.5906945235557154e-05,0.16781072617109904,2.9934841518876065e-05,0.13223198622136126,1.728226973344472e-05,1.968748480834362e-05,1.875105211372185e-05,4.136609321954139e-05,1.4292791950368033e-05,1.1082278617415392e-05,0.0011242336396717792,0.0010018741311041241,1.9515812279696717e-05,1.1313843357587189e-05,8.823882940203698e-05
UtheSpazierWilhelmine,7.27699934428618e-05,0.16721984699651277,0.0020737700768146917,4.6208782855373967e-05,0.0002290160577953493,0.00028264361890421695,0.0021596383134549263,7.962146805823724e-05,2.694158982303162e-05,5.862942685133073e-05,0.0035489199774210666,0.023279375575104715,0.00018219065016051526,8.076741107082237e-05,6.632597486454938e-05,0.00017571728531832939,0.015612593164124338,0.00014217429326314344,0.00489165383556476,0.001828409669467207,0.014777075631324611,0.0016312347292537675,0.0016155697063775364,5.805493965787024e-05,0.00020878608401882288,0.14819296460463605,0.001582443797991023,0.027002308889342776,0.0014794230114524621,0.002985967393772395,0.006072390674127885,2.7538544032231228e-05,0.0017913888860175739,0.00655197307539445,5.95848889426478e-05,0.0019347565773115835,2.4409791755910058e-05,0.005588304035763793,0.0904131563311231,0.0005632772542328634,0.01871807855029218,0.02415459874431568,0.0013112433905466032,0.006171365947367696,3.538589907770566e-05,0.022973774757391034,0.007660868041047504,0.0014513360412469838,0.0009402467179066287,0.00024122860421075723,0.003620071717033264,0.0009040737680228068,0.03297775635278539,0.0019873571976713363,0.06712559816485132,0.00036781173548938875,0.004304315996320967,0.17361889689736307,0.0017814720338495621,0.005895083262325412,0.0020776308408132003,0.0020852062503944773,0.00012580695328256756,0.00017900946761575232,0.0005982854743933171,0.0024962756989870185,0.02350165822874499,0.0005347949065269962,0.015495893685749428,0.0011125136863804374,6.747287811802017e-05,0.00023058102808151841,0.0033095945572288394,0.003879213478099466,0.010216077102622229,0.007378818423378122,0.001926401471109709,0.0005236878159594153,0.0035163860873467924,0.009886305138650863
VoßErnestine,2.758759672035859e-05,0.012501004900515651,3.369710524589429e-05,1.7518062130287644e-05,3.9769574889211104e-05,2.4471462613937904e-05,0.016746619513400247,3.018503708947399e-05,1.0213738931098139e-05,2.2226812280672744e-05,4.263843063904971e-05,0.03396474594954551,6.906970778820738e-05,3.061947183654504e-05,2.5144625690870075e-05,2.740791942526346e-05,0.022764716329771593,1.813172611771925e-05,1.3848440498909696e-05,0.0029611501910202804,0.0002248292027014059,1.762576346291284e-05,4.5712348991325285e-05,2.200902029987996e-05,7.915221665172757e-05,0.00014914134304934125,1.3942829781657343e-05,0.031098432773104992,9.879791088147382e-06,2.245779851749342e-05,0.07663186615330095,1.0440048309521402e-05,0.02636051543645798,1.8764774893278198e-05,2.2589034422104463e-05,8.570344168753135e-05,0.00818039726386895,3.2933200798515834e-05,0.1436792717345949,4.5362598699121086e-05,0.02029447988546061,0.041084180990337504,0.002550382242596247,9.204621538979962e-05,1.3415033685684797e-05,0.009325528939078979,0.0001531045312951744,8.24051291134476e-05,6.863666744499941e-05,0.028616742727055167,7.81830123179832e-05,2.12650233022861e-05,0.0764194964518529,9.628040278861715e-05,0.11171857599074062,1.525655628004549e-05,0.027815050276276652,0.11835224303596718,0.022978197160932422,8.778584819682412e-05,1.7931662865331694e-05,1.4369790623168826e-05,1.632993400870494e-05,4.609996206110405e-05,3.5047833003158556e-05,7.263840439858803e-05,0.1205301750245176,3.889354202226772e-05,0.04271518911690139,2.2454392607826138e-05,2.55794244717558e-05,2.4362742421298607e-05,5.374586279058022e-05,1.8570243773852477e-05,1.4398909339043262e-05,0.00018671980121761774,2.7741351797759083e-05,2.5356374929208972e-05,1.4699775236297743e-05,0.00011464636006774132
VoßGeorgANDSpazierJohannKarlGottlieb,3.0103662537701232e-05,0.1588939110409692,3.677037529228528e-05,1.9115758289140605e-05,4.3396671115217255e-05,2.670332830370529e-05,0.0002716692252161376,3.293799671788551e-05,1.1145260427961017e-05,2.425395959527093e-05,4.652717451636176e-05,0.0007295118497874336,7.536905791070312e-05,3.341205312638838e-05,2.743788573203874e-05,2.9907598171817604e-05,0.0009716831466158664,1.9785390144950225e-05,1.5111456923138375e-05,0.00871161195624991,0.00024533425348170654,1.9233282283893546e-05,4.9881442801611213e-05,2.4016304377976652e-05,8.63711197226625e-05,0.034211855031665225,1.5214454771911264e-05,0.0009424916956365727,1.0780855609691214e-05,2.450601242156774e-05,0.00013736482021078984,1.1392209853321554e-05,0.00014468058031208122,2.047617473566697e-05,2.4649217406956164e-05,9.351983476607324e-05,1.0097900231535049e-05,3.5936800627263444e-05,0.01564144369923162,4.949979430661172e-05,0.0005746517216862348,0.0010299583199456662,9.930038743755348e-05,0.00010044108713254644,1.4638522198917379e-05,0.05623250613627042,0.00016706809186106368,8.992070687970681e-05,7.48965230795874e-05,1.9359043523236954e-05,8.53135212486502e-05,2.3204452777721085e-05,0.0008818132534872109,0.00010506144423967082,0.019327514535466692,1.6647996793537514e-05,0.00010806311967551147,0.11342197692875056,2.615709203755029e-05,0.00860807005803077,1.956708056557228e-05,1.5680355633808e-05,1.7819269566827078e-05,5.030440726517433e-05,3.824429319086695e-05,0.15755640429580342,0.0010952903544250627,4.244074160581795e-05,0.0006305036344784982,2.4502295883432976e-05,2.7912339375256182e-05,2.658469252606135e-05,5.864763548073898e-05,2.0263901835217055e-05,1.5712130057839953e-05,0.05978969443650861,3.027144050728808e-05,2.7668947091902144e-05,1.604043576463491e-05,0.3576407740378133
VoßHeinrich,8.056652338728368e-05,0.027718402100746584,9.840866695987478e-05,5.115956190841994e-05,0.0005275955901920801,0.00747006266561827,0.004472155465204157,0.002044573989018414,2.9828094299227958e-05,6.49109456538521e-05,0.0001245208183264113,0.11887995725217816,0.0002017104383639522,8.942077915778721e-05,0.008621827526579553,0.007187939491425944,0.026615770687578408,5.2951699675855734e-05,0.0013761228509579955,0.0020342557776307692,0.0006565888069626576,5.147409173215721e-05,0.00013349785671542218,6.427490827473686e-05,0.001334174054901148,0.00043555078844285315,4.071849146829963e-05,0.04371981274468403,2.8852836578450486e-05,0.0005319139100835674,0.0010767462526821358,3.0489005795590535e-05,0.00038720907606510686,0.006335600142504678,6.596877533451851e-05,0.006394415477079736,0.0006791656838494133,9.617776855472488e-05,0.10337779445236883,0.00013247644969029395,0.06819113111869647,0.08347937251897318,0.0002657579281867972,0.00026881078624150807,0.0011028516727350916,0.03146459109274794,0.005673520205631998,0.0071497950356713014,0.0008525864347833973,0.05242896646135716,0.005824265571999146,6.210214737373094e-05,0.04277031941728401,0.0002811762619859476,0.13284477826552749,0.0010310346132714123,0.001074501725553764,0.06617806722448834,7.000430478342556e-05,0.0002563688553052777,5.236743708619262e-05,0.021199971104017574,0.00032344445648932414,0.006702866576225596,0.00010235331790386865,0.00021213242190375702,0.010194129317909566,0.007559306145044601,0.03129021924941701,0.04119378816708184,0.004358979842114257,7.114869326821193e-05,0.00015695884478010954,5.423234196437092e-05,4.2050421346029e-05,0.0013682004123361342,8.101554807634473e-05,7.405048705251243e-05,4.292906690523791e-05,0.0003348120078487418
VoßHeinrichANDTruchsessvonWetzhausenChristianFreiherr,5.704238923018707e-06,0.0002684588436696354,6.967491270989903e-06,3.622178940498443e-06,8.223085154334409e-06,5.059921346559661e-06,5.1477662119134384e-05,6.2413071063735195e-06,2.1118768608548887e-06,4.595798939328401e-06,8.816273419286793e-06,0.18159646948995467,1.4281422175360108e-05,6.3311344160472786e-06,5.1991100937310275e-06,5.6670873642710055e-06,0.048572984029475616,3.7490651654293364e-06,2.8634177205691188e-06,3.7771121927814174e-05,4.648753938519776e-05,3.6444481558943695e-06,9.451862118402873e-06,0.005649918133958889,1.636616482561534e-05,0.01938638295352044,2.882934426791217e-06,0.022760058962435492,2.04282705186547e-06,4.64355955784512e-06,2.602878480711565e-05,2.158670453574528e-06,2.7415022892564235e-05,3.879959548956694e-06,4.670694975357854e-06,1.7720750120647912e-05,0.16371756707326174,6.8095400900163275e-06,0.11748415253689805,9.379544864734448e-06,0.08559588033250619,0.0001951632406974776,0.02824565292448325,1.903223429953901e-05,2.773802954971413e-06,0.0033969736767519307,3.165715504533146e-05,1.7038763822381987e-05,1.4191883184124189e-05,3.6682782182853278e-06,1.6165764147696805e-05,4.3969315214139286e-06,0.0009735727968022467,1.990772979168046e-05,0.04237339441930908,3.1545713476244333e-06,0.002439919664384485,0.1569807550418542,4.956416925240046e-06,1.81513256573379e-05,3.7076984380952147e-06,2.9712163701385084e-06,3.376511775454533e-06,9.532008192093704e-06,0.01613686782883408,1.5019315305947877e-05,0.0865010153992781,8.041949376973478e-06,0.00011947195356687148,0.016940744957778673,5.28901267403731e-06,5.0374414632679966e-06,1.1112937657777448e-05,3.839736691039257e-06,2.9772371958799804e-06,3.86077253702151e-05,5.736030590339711e-06,5.242893111856736e-06,3.0394467090581056e-06,2.370522652298389e-05
WagnerJohannErnst,0.00020622265506874216,0.09293493095150832,0.0035443568540757366,0.0032786361749188556,0.00037325322957107985,0.0012625285252945474,0.004703001488753772,0.0027355620551237883,3.5654951128731426e-05,0.0023194739812121947,0.0005316095396616547,0.028675609066403086,0.0014728574540352462,0.002043650368603344,0.0033499164327531316,0.00023140703380382857,0.0208796843010847,6.3295705222937e-05,0.001025073706374854,0.003604870285232545,0.00449647880217071,6.152944960863312e-05,0.003960554297149683,7.683087931630797e-05,0.022439093353992027,0.0038834528170882026,0.0015876505540776684,0.012087710712851174,3.448917881946462e-05,0.0017660648018377513,0.002144830012616571,3.644497032562776e-05,0.0013883966033497936,0.00018586857322184353,0.0025994356006239913,0.003660787657327578,3.2304327169863725e-05,0.001128428967128695,0.08255683809701911,0.0011365739565814949,0.2039538409021021,0.029824148642937275,0.0006470461302429126,0.0032316236483861172,0.005384421420311875,0.022738201946158974,0.005103874724100319,0.002260194641454627,0.0003810915748424463,0.0028193937075200242,0.015309903546617279,0.00016312410635974518,0.022553808996113936,0.009228971771550305,0.09255381700614666,5.325882835143866e-05,0.005659114485422838,0.0806708691761377,8.367950164078908e-05,0.055908213286864114,0.0024613664534877226,5.016323462500146e-05,5.70058626858973e-05,0.043281635901238076,0.00012234782789393307,0.003584084298335709,0.019062403205854197,0.0001762084621647075,0.030581078266699997,0.0016252149782798417,0.0016480842437812588,0.004303115825779699,0.0006637639235170218,0.0007034059556344506,5.0264884608267956e-05,0.010563735879138196,0.0009025390586925864,0.0008250254153806396,5.131517176904984e-05,0.002223284735064851
WagnerJulianeLouiseAntoinetteKaroline,5.401101415802122e-05,0.04835928077292502,6.597221378030463e-05,3.429687302344192e-05,0.022986539934974348,4.791024485048754e-05,0.00048742010547956163,5.9096284541409814e-05,1.9996464483866198e-05,4.351566702050483e-05,8.347754624171503e-05,0.001308866480879775,0.0001352247172181647,5.99468211616394e-05,4.9228163944614724e-05,5.365924183701667e-05,0.055196946778827784,3.549830476283576e-05,2.7112485492480535e-05,0.0003576387014532537,0.00044017075402878427,3.4507730759990036e-05,8.949566551931187e-05,4.308927374394145e-05,0.00015496425939343845,0.0002919890149416236,2.729728088943103e-05,0.024599667043279275,1.934266118753399e-05,4.396789201979312e-05,0.0002464555015499304,2.043953312685139e-05,0.015532033891732612,3.6737688052580606e-05,4.422482575613256e-05,0.00016779025187650464,1.811732481682851e-05,6.4476641174218e-05,0.18078789747152754,8.881092417792227e-05,0.008667247811251397,0.09348263393039732,0.00017816153184250534,0.00018020813820806487,2.626396136177951e-05,0.0016195947076558573,0.0002997481473744473,0.00016133281345074454,0.0001343769105626926,3.473336749340082e-05,0.07651533020493641,4.1632675955526176e-05,0.009218347061122569,0.00018849783295253248,0.08813038362505342,2.9869295451752332e-05,0.11473727852317787,0.1653168975925695,4.693020547262202e-05,0.00017186718864617865,3.5106620801861014e-05,2.8133185092669568e-05,3.197075504198723e-05,9.02545346303789e-05,6.861666943045537e-05,0.00014221151367973213,0.08596362420053802,7.614580095953318e-05,0.001131229154786507,4.396122392771082e-05,5.0079413270474936e-05,4.769739238916493e-05,0.00010522368387293728,3.635683490498749e-05,2.819019373286753e-05,0.00036556014390718463,5.431203594496858e-05,4.964272673621273e-05,2.877922917517141e-05,0.00022445471563004238
WagnerKarlLudwigFriedrichErnstANDWagnerLudwigAnton,0.00014319729508979713,0.014325463692006463,0.00017490955709118956,9.09299616671935e-05,0.00020642956357280417,0.00012702256339063427,0.0012922779134057632,0.0001566796741018075,5.301584630629609e-05,0.00011537139060439516,0.00022132076223515585,0.024208485029089826,0.0003585160182008573,0.00015893466866708926,0.0001305167108782941,0.011136744451351944,0.0665507307719119,9.411527077494106e-05,7.188227523974377e-05,0.0009481935391492319,0.006171538119230347,9.148900055941107e-05,0.0002372763671337846,0.00011424091074208943,0.0004108506964118641,0.0007741390860250178,7.237221606757075e-05,0.05759464551349297,5.128244312890619e-05,0.00011657035710557221,0.000653417858044573,5.419053691715852e-05,0.0006882175126287552,9.740119934780047e-05,0.00011725155549880141,0.00044485574999303975,4.8033756604583346e-05,0.00017094440377680403,0.11202787192235401,0.0002354609391242999,0.025491996556430647,0.004899312344029272,0.008058515906701808,0.000477778807653269,6.963261630945012e-05,0.0612164266253955,0.000794710571192342,0.0004277353953729176,0.00035626826148465226,9.208722242954276e-05,0.0004058199052056448,0.00011037908984154868,0.004194614941472986,0.0004997569519824025,0.0966338787319305,7.9191297952951e-05,0.3963609065338373,0.07872403492083663,0.0001244242232154019,0.0004556647734259529,9.307681436718794e-05,7.45884162764345e-05,8.476281579525132e-05,0.00023928832720759597,0.00018192069920710334,0.0003770398391332372,0.012796247371455285,0.00020188239194971467,0.002999183733492035,0.00011655267825312924,0.00013277359501221467,0.00012645823596242815,0.00027897544870948894,9.639145825310063e-05,7.473956106051894e-05,0.000969195350544472,0.00014399538241190965,0.00013161582503726964,7.630124775285098e-05,0.000595088032495282
WangenheimKarlAugustFreiherrvon,2.4911888881346162e-05,0.006594478850398746,3.0428839090911354e-05,1.581899364521998e-05,3.591234280176631e-05,2.20979871346515e-05,0.00022481628415113854,2.7257404748756758e-05,9.223113266942407e-06,2.0071044365892207e-05,3.85029496016638e-05,0.08513354113917809,6.237066979513635e-05,2.7649703877054626e-05,2.270586044603654e-05,2.474963840134667e-05,0.029162844577742302,0.0006623963059916859,1.25052868644474e-05,0.0001649562728854859,0.00020302312563695745,1.5916249076997107e-05,4.127873008005932e-05,1.9874375925369647e-05,7.147528093612224e-05,0.00013467619536855493,1.2590521375711083e-05,0.000779946571746374,8.921554865894186e-06,2.0279627357847817e-05,0.00011367444519455476,9.427473006764414e-06,0.01198436760131773,1.6944788332354036e-05,2.0398134754706366e-05,7.739110578244527e-05,8.356384150529022e-06,2.9739025371290956e-05,0.004810796114401052,0.1696031862983708,0.029916858006398178,0.016628685708821263,8.217472590323076e-05,8.311869689058357e-05,1.2113915971182553e-05,0.0012350926204959388,0.00013825499587795894,7.441269497071678e-05,6.197962982813639e-05,1.6020321131890085e-05,7.060007926812986e-05,1.9202538841480587e-05,0.018299290548114553,8.694221247446543e-05,0.1816457961352754,1.3776830168030564e-05,8.942620939084991e-05,0.23623307126944101,2.1645956517168572e-05,0.0023403526263552927,1.6192479442373772e-05,1.2976071488982486e-05,1.4746101503084662e-05,4.1628748743198615e-05,3.164856040766838e-05,6.559324022452908e-05,0.0013944683806345,3.512127594447839e-05,0.02919809611374075,2.0276551785733604e-05,2.3098488300683137e-05,2.199981166160676e-05,4.8533077210127083e-05,1.67691246933564e-05,1.3002365994501924e-05,0.0001686099368143829,2.5050731327173176e-05,0.17136706954625203,1.3274051051977733e-05,0.00010352686432271619
WestphalenEngelChristine,3.7631390619544976e-05,0.1081796464375664,4.596518294471009e-05,2.389584876147717e-05,5.4248451671933e-05,3.338076810355514e-05,0.08014605189022697,4.1174478991176295e-05,1.3932246556241955e-05,3.0318909749178887e-05,5.816176940118757e-05,0.00091193373386234,9.421586012375476e-05,4.176707804325933e-05,0.15964719701381833,3.738629835776785e-05,0.0012146624352746445,2.473292889768e-05,1.8890230967506453e-05,0.00024917957725582705,0.0003066825876606293,2.404276083067069e-05,6.235480670775751e-05,3.0021826419083312e-05,0.00010796909978845363,0.00020343911050691804,1.9018984479651066e-05,0.0011781713640245152,1.3476718593729711e-05,3.063399095736267e-05,0.00017171429556991474,1.4240948205995578e-05,0.00018085943615557583,2.559645122605677e-05,3.0813005811022715e-05,0.0001169054239945032,1.2622983252426082e-05,4.4923164426507935e-05,0.003591456545999673,6.187772311114528e-05,0.022000068984052143,0.0012875099105029142,0.05864886073125431,0.00012555740615956412,1.8299034088308828e-05,0.0011284291183799955,0.00020884517347389173,0.00011240629744430589,9.362516313501506e-05,2.419996995154105e-05,0.00010664703802124014,2.9006963039716827e-05,0.0011023196580784897,0.13314208146797402,0.018840126885076303,2.08109983157678e-05,0.00013508540573702358,0.18434773941153715,3.269793988368332e-05,0.00011974597054787696,2.4460028779720207e-05,1.9601388607456487e-05,2.227515980105208e-05,6.288353775257961e-05,4.780766905792642e-05,9.90838092064226e-05,0.0013691788870397305,5.305348223165631e-05,0.10187633624006354,3.062934506093307e-05,3.489210473377105e-05,3.323246623881089e-05,7.331307534172564e-05,2.53310973202066e-05,0.005340071042040667,0.0002546987273755041,0.1117668697264757,3.458784972568996e-05,2.005151045028921e-05,0.00015638556712823003
WilkenFriedrich,0.00012204348831167022,0.6269181734072314,0.00014907105942938277,7.749734174065028e-05,0.00017593477595566502,0.00010825816731218276,0.07012075799586118,0.00013353418416827816,4.5184085460262015e-05,9.832816291605964e-05,0.0001886261737139525,0.020212364992846142,0.000305554273559462,0.0001354560598761836,0.00011123614219503269,0.00012124862226784287,0.003939308069180739,8.021210136384476e-05,6.12634729764738e-05,0.0008081217388903434,0.000994611471602464,7.79737966657614e-05,0.00020222473839864367,9.7364683083739e-05,0.00035015781641643264,0.017914624891808006,6.16810373421751e-05,0.003820962784718081,4.370674910215179e-05,9.935001220504744e-05,0.0005568917672005758,4.618524501251974e-05,0.0005865506461258483,8.301261645125109e-05,9.993058063051848e-05,0.0003791394766961848,4.0937974485209145e-05,0.00014569165801069862,0.08066694184351512,0.0002006774943189473,0.002329699935715881,0.00417556189464895,0.0004025744594499698,0.00040719897879935613,5.934614469738608e-05,0.0381693330773555,0.0006773120277561996,0.00036454822483166963,0.0003036385664900678,7.848364626710632e-05,0.0003458701983619877,9.407334930790646e-05,0.038084656705829764,0.0004259304038508056,0.0265912880712822,6.749277100552991e-05,0.00043809951917059964,0.011198922165345793,0.00010604366669185433,0.0003883517381719904,7.932705083001783e-05,6.356984958626934e-05,7.224123690524292e-05,0.00020393948186218304,0.00015504648124400856,0.00032134166480893165,0.038950115851888456,0.00017205933482749512,0.0025561296021230947,9.933494495939778e-05,0.00011315962833522972,0.00010777720509955826,0.0002377638271202606,8.215203926359165e-05,6.369866652152089e-05,0.0008260210596975666,0.00012272367826013858,0.00011217288981956013,6.502965319597305e-05,0.0005071787095748531
