sender_norm,0,1,2,3,4,5,6,7,8,9,10,11,12,13,14,15,16,17,18,19,20,21,22,23,24,25,26,27,28,29,30,31,32,33,34,35,36,37,38,39,40,41,42,43,44,45,46,47,48,49,50,51,52,53,54,55,56,57,58,59
AdelheidLouiseTheresaCarolineAmelia,0.03787733280122624,0.06064978300140999,0.0005663817351451135,0.0005088831856280854,0.00020535805870670342,0.00017960902979288003,0.2383710595586853,0.00019209596784763847,0.0009566555945370453,0.0001638621290095375,0.0011982903729717252,0.004456766938940989,0.00015507826849816997,0.00020658463833691563,0.0002344789795416921,0.0003801739378311306,0.0010880275500286514,0.006077760711308354,0.00022158614364445393,0.00013150856352859652,0.02620920838973422,0.00027487797281279395,0.00025437048240041076,0.00045311529777889055,0.00016538072853757024,0.00021958303822115926,0.00020916142688301876,0.012487205841226813,0.00038525142887932314,0.010221488640938773,0.00017067338714968857,0.0001013064610920208,0.00019503423260510596,0.05364175996454621,0.0021418927722749678,0.00035011913412891677,0.0010629382540162907,0.00018965724261599913,0.1696514927853426,0.0257499337388621,0.0002430580030502286,0.00026581181195424935,0.06966729535089354,0.00021302875433264513,0.00026610514692693583,0.00015208857735291817,9.21933353102982e-05,0.00017918435802073145,0.00027466890871026073,0.00017933376536600693,0.0009008630140720397,0.00020410705645137992,0.24916367341581705,0.011594376440138278,0.00048143896640594495,0.00019944038788500566,0.00027596426867830016,0.0018543009085832535,0.00013267791990568032,0.005704661223479255
AdersbachGerson,0.10011232878648724,0.003481287696947516,0.0009112288074902363,0.0008187217023742923,0.00033039232611530966,0.0002889657484994842,0.03156258845910198,0.0003090554812129283,0.0015391247324836616,0.0002636311927889336,0.0019278812147964024,0.007170313184609669,0.0002494991926867705,0.00033236572077897003,0.0003772438051070987,0.0006116465671689964,0.13108178235046225,0.0007187944034957582,0.0003565010396702904,0.00021157884176511096,0.005430253948149282,0.000442240121509852,0.00040924644450099584,0.0007289989892503405,0.00026607440652821483,0.0003532783238712393,0.0003365114122946373,0.0019712225357623406,0.0006198155384224593,0.0007623238289108121,0.00027458955222643867,0.00016298789315352194,0.000313782737275223,0.13409813545266133,0.003446005186152434,0.0005632926015703267,0.0017101186311999578,0.000305131914214332,0.4331385149361818,0.09141101704158854,0.00039104625118900046,0.0004276539397264129,0.01655517198862933,0.00034273339997789923,0.0004281258745731251,0.0002446891987762962,0.00014832615139297593,0.00028828251115530943,0.0004419037666787917,0.00028852288662757066,0.0014493622924026718,0.00032837963887179537,0.004818346398545535,0.0005347852003710755,0.0007745678012109992,0.0003208716233959788,0.0004439878192632995,0.0029833101966529013,0.00021346017223694932,0.00917800013885501
AretinJohannChristophANDBaboJosephMariusFranzvon,0.008662964804834932,0.0021709932654316467,0.00056825858031303,0.0005105694952117363,0.00020603856313730208,0.00018020420848379343,0.019682994612706967,0.0001927325250786705,0.0009598257081169037,0.0001644051264721186,0.0012022612028144224,0.004471535532232117,0.00015559215847875892,0.0002072692073407679,0.0002352559833050957,0.00038143373766913815,0.0010916329968909306,0.02733268993730181,0.00022232042382541666,0.0001319443494953439,0.003386403474022741,0.0002757888485756012,0.00025521340155039267,0.00045461680675132864,0.00016592875825315195,0.00022031068061968443,0.0002098545347094202,0.0012292896256633776,0.0003865280542326105,0.00047539877272843243,0.00017123895539118873,0.00010164216496483472,0.00019568052649901024,0.0029726847343787216,0.002148990460724984,0.00035127933998357165,0.0010664605613261,0.0001902857185312279,0.08192186569861655,0.7828853410796931,0.00024386343551784047,0.00026669264476343867,0.037208538209279884,0.0002137346774996309,0.0002669869517736962,0.00015259256025665181,9.249884059967143e-05,0.00017977812945728965,0.0002755790916877497,0.00017992803190054694,0.0009038482452156297,0.00020478341537835042,0.0030048069830400145,0.0003335016147835546,0.00048303433281993114,0.00020010128265802204,0.00027687874414960716,0.0018604455906663468,0.00013311758082235934,0.005723565021372992
AretinJohannChristophANDBaboJosephMariusFranzvonANDSchererJoseph,0.019278778738361143,0.01374132221086957,9.427938273396874e-05,8.470822706247618e-05,3.418371358559716e-05,2.9897553913847853e-05,0.0032655918392289237,3.197611813827204e-05,0.00015924401043554493,2.727633929179405e-05,0.004659844393416323,0.00074186932579113,2.581418594954187e-05,3.4387888902763484e-05,3.903115528543248e-05,6.328340404740969e-05,0.00018111206532458492,7.436934841959269e-05,3.6885025679451204e-05,2.189079453723969e-05,0.0005618358266463128,4.575593455059961e-05,4.2342276557184775e-05,7.542515574053077e-05,2.752912397258242e-05,3.655159059293504e-05,3.481681875428901e-05,0.00020395058011261717,6.412859853755015e-05,7.88730771484933e-05,2.8410135057525487e-05,1.686338034236121e-05,3.2465218987493525e-05,0.0004931960405517019,0.00035653750098543454,5.82805090643832e-05,0.00017693572418486022,3.157017017909605e-05,0.18754634443393525,0.4064313991278335,4.04592116485809e-05,0.004504624869744956,0.0017128644126622244,3.546057052479322e-05,4.429561802196123e-05,2.5316524711106395e-05,1.5346417806029254e-05,2.9826863441224388e-05,4.5721133932367073e-05,2.9851733650509802e-05,0.00014995682880348133,3.3975472900716164e-05,0.0004985254203107289,5.5331019137898585e-05,0.35245000820699984,3.3198663543067907e-05,4.59367583613112e-05,0.00030866522385202796,2.2085444524318186e-05,0.0009495926607135947
BassewitzAdelheidHenriettevon,0.13211588950119996,0.0019498761107907226,7.586284325652515e-05,6.816131762669484e-05,2.7506265213759758e-05,2.405736419297272e-05,0.44551506747150715,2.572990157477824e-05,0.0001281372772380227,2.1948177770150143e-05,0.004018583192520871,0.00889718891688657,2.077164153705582e-05,2.7670556913958378e-05,3.14068074023676e-05,5.092162064249757e-05,0.00014573362515911062,5.984203607023308e-05,2.9679902864117113e-05,1.7614645605237556e-05,0.00045208678734181667,3.68179679396363e-05,3.407113407441514e-05,6.0691601934738455e-05,2.215158347837812e-05,2.9411601004568683e-05,2.8015699586202474e-05,0.00016411086329255542,5.160171479741721e-05,0.021282909520870353,2.286049781262754e-05,1.356928675803458e-05,2.612346143893032e-05,0.0003968551005970037,0.055875430706086915,4.6895991423040985e-05,0.00014237309071264828,2.540325151084885e-05,0.10649701548744031,0.00043209744247877475,3.255590716201186e-05,3.560361956384697e-05,0.03224291850235368,2.853370085271135e-05,0.0058227638682640725,2.0371193470559565e-05,1.2348647761654e-05,2.4000482400911176e-05,3.678996527596111e-05,2.4020494462234277e-05,0.0001206642541441382,2.733870227498517e-05,0.1303306390663245,4.452265501065713e-05,6.448535780674492e-05,2.6713634897255734e-05,3.696346961785337e-05,0.0002483705431324363,1.7771272653818136e-05,0.0519104826960181
BayreutherPostamtANDOsmundEmanuel,0.0023316822931000194,0.0005843341938340954,0.0001529497694459691,0.00013742245041995237,5.54563570539834e-05,4.850290535975135e-05,0.04871430189286157,5.187496730675616e-05,0.03643877621960428,4.425049979147555e-05,0.00032359489175333607,0.0012035371790560868,4.187844335551898e-05,5.578759137883324e-05,6.332037852816576e-05,0.00010266488576955886,0.00029381873143403487,0.00012064965175599659,5.9838705028433175e-05,3.551351186619025e-05,0.3554797224816525,7.42300112427185e-05,6.869202204593448e-05,0.00012236249163290284,4.4660593255442665e-05,5.929777213166455e-05,5.648344576392657e-05,0.00033086973314853084,0.00010403604772093436,0.00012795606648588798,4.60898605927312e-05,2.735752038939193e-05,5.266843731000535e-05,0.0008001136463409276,0.2827857980773762,9.454867189514831e-05,0.00028704343872501233,5.121639652529242e-05,0.1595353483010292,0.0008711669819946673,0.007301723941201984,7.178172040452756e-05,0.09684791455912684,5.752780649289829e-05,7.186093467585526e-05,4.1071085803171785e-05,2.489654680787367e-05,4.83882239609529e-05,7.417355407911719e-05,4.842857098769372e-05,0.00024327548322054676,5.511852746899669e-05,0.0008087595175992629,8.976370416246834e-05,0.0001300112174260502,5.385830695513281e-05,7.452336233769462e-05,0.0005007486626993616,3.582929321501732e-05,0.0015405274654115752
BergnerCaroline,0.2757739943266235,0.0009156035232768687,0.00023965968322037768,0.0002153296540054498,8.689554101491379e-05,7.600005528542047e-05,0.32577503320975426,8.128379844466825e-05,0.00040480079513688464,6.933688622600216e-05,0.0005070465259951445,0.0018858435689137968,6.562006928615686e-05,8.741455790296e-05,0.03411427285718921,0.00016086741477619912,0.0004603897368055158,0.00018904806084526642,9.376231911547916e-05,5.564674621429177e-05,0.035443250607054534,0.00011631230988000576,0.00010763473722731868,0.00019173193976704267,6.997946888579377e-05,9.291472184774449e-05,8.850490437489693e-05,0.0005184456028984073,0.00016301591254838158,0.00020049661056185188,7.221901300889104e-05,4.2866979753982784e-05,8.252710054517092e-05,0.0012537121416852294,0.000906323970994431,0.0001481499765405227,0.00044977341152270273,8.025187230685506e-05,0.23864039084859856,0.02404175022448946,0.00010284795642336657,0.00011247603991479033,0.015692480130114563,9.01413315652078e-05,0.00011260016214944091,6.435500654077324e-05,3.901083697523389e-05,7.582035898508041e-05,0.022792927207921008,7.588357945074451e-05,0.0003811926324250965,8.636618989778782e-05,0.0012672595093892965,0.00014065232646110281,0.0002037168627078568,8.439152821484144e-05,0.00011677196686902241,0.0007846318847701901,5.6141549562482066e-05,0.01375223125513796
BornträgerJohannFriedrichWilhelm,0.008220934419627584,0.1296234697447016,0.000539263015305891,0.0004845175331262382,0.0001955253834715692,0.00017100923453588828,0.04419131430419282,0.00018289829000767474,0.000910850312620198,0.0001560163054366258,0.0011409154632699991,0.1828319269757683,0.00014765302178629266,0.00019669323368434405,0.0002232519759859564,0.0003619709664595787,0.0010359320948335382,0.0004253807981353521,0.000210976457320074,0.0001252118493701202,0.0032136112180442427,0.00026171663961271517,0.0002421910609615869,0.0004314198474265177,0.00015746219344768463,0.00020906926186599616,0.0001991466439462785,0.0011665647527122481,0.00036680534398789963,0.00045114140733789465,0.0001625014361793104,9.64558429209498e-05,0.00018569586876870768,0.0028210026015477014,0.0020393375759953803,0.00033335520598712983,0.0010120440903659132,0.0001805763325003772,0.3073556315718708,0.003071519069607582,0.00023142023036020487,0.0002530845723364383,0.009797310941128838,0.0002028288012833728,0.00025336386224296235,0.00014480647896582423,8.777905943206402e-05,0.0001706048963198873,0.0002615175856331666,0.00017074714994588292,0.0008577291166029096,0.00019433428000459847,0.0028514858028078605,0.00031648459456343664,0.0004583873606787536,0.00018989105451482977,0.00026275092293718915,0.0017655157947331374,0.00012632521621573682,0.28607067293456634
BrockhausFriedrichArnold,0.06167676809455814,0.016410037502255385,0.001137242821804897,0.0004208490620469413,0.00016983219102401217,0.0005114980657217457,0.13953105800901908,0.00015886437236454888,0.0014001276900202605,0.006786759878820406,0.00145243410655305,0.01993766475480327,0.00012825054095816956,0.00017084657880784816,0.00019391534520451812,0.0003144058394333658,0.005259725376854459,0.0007020272214681342,0.00018325290233409607,0.00010875827139747393,0.007515280735650561,0.007623288165540492,0.00021036572233864084,0.0003747287264640214,0.0001367707294155781,0.00018159632364888323,0.00017297759644283321,0.0016222397394444017,0.0015652995494979615,0.00526308681480449,0.00014114778583157163,8.3780974364972e-05,0.005468239347127649,0.018144544370267645,0.0074982987152113515,0.0002895503592263113,0.00210954177333752,0.003966506692408876,0.22327431116682947,0.03240208528237774,0.0013321545056687709,0.00021982776185436968,0.049316845742710405,0.00017617589651595282,0.003486714460672206,0.00012577805070928004,7.624437157307558e-05,0.0004417754980098078,0.0006075078771950461,0.0001483099640136054,0.011844623968355679,0.00016879760560118724,0.0076883961887353035,0.00027489664597880783,0.013881732321733913,0.00016493824623442307,0.11087319341148931,0.003241071883517747,0.004100253065025091,0.21713280333872523
CarlAugust,0.019895340163767164,0.3136995008282095,0.0013050610282979856,0.0011725724406511586,0.0004731875740950271,0.0004138564691762939,0.16868935062853105,0.0004426289651923616,0.002204332972732001,0.0003775723426700781,0.002761109635623017,0.010269315698763796,0.0003573325056130898,0.0004760138680486695,0.0005402882175862183,0.0008759996296682668,0.002507041214690873,0.0010294566585803014,0.0005105804487270834,0.00030302301521896425,0.007777204521233081,0.0006333758798977144,0.0005861223671788787,0.0010440716565574947,0.06212379229337797,0.0005059648782358414,0.00048195132348024725,0.002823183034140113,0.0008876992224999993,0.0010917994601098717,0.0003932668945964587,0.0002334311049986605,0.00044939933681250184,0.06856978003080233,0.0049353653383137535,0.0008067471262928605,0.002449230271255745,0.0004370096362821098,0.1263988013920228,0.13091877135297705,0.0005600560676899557,0.0006124855642703299,0.02371030151981021,0.0004908624483011798,0.000613161468907318,0.00035044363692576184,0.00021243257244418708,0.0004128779373041329,0.0006328941528297286,0.0004132222028260614,0.0020757752917283877,0.0004703050053460237,0.006900831112770882,0.0007659188535062838,0.0011093352655510377,0.0004595520327481382,0.000635878930951983,0.0042726940160058725,0.0003057174549249565,0.013144723038249113
CarolineFriederikeWilhelmine,0.006975236947172607,0.023394820886496682,0.00045754984976218273,0.00041109981251597963,0.00016589791491886937,0.0001450966362405881,0.05914189862616991,0.00015518417310206642,0.0007728314604679622,0.0001323755478993612,0.0009680354186990293,0.0036003863062693,0.00012527953154163303,0.00016688880373236744,0.00018942316675201967,0.0003071224182283413,0.0008789599154802831,0.0003609239179292582,0.00017900772649019988,0.00010623881342065716,0.0027266608098019604,0.00022205937684625967,0.00020549245991561166,0.0003660478853022327,0.00013360234414433946,0.00017738952355635798,0.00016897045492091846,0.0009897981359589005,0.00031122425471442444,0.15191026067379995,0.0001378780031258156,8.184013215171285e-05,0.00015755784180449437,0.002393543187427222,0.0017303218930780375,0.0002828427318167437,0.0008586916001219969,0.00015321405596355748,0.4339570697679349,0.08919323071897453,0.00019635370612831407,0.0002147353049679812,0.008312749107490884,0.00017209466423728065,0.00021497227477889562,0.00012286431818028622,7.447811979581876e-05,0.00014475356637535836,0.00022189048501453375,0.00014487426466794478,0.0007277595853958126,0.00016488729635817586,0.1972404525291277,0.0002685284816211719,0.00038892907924063217,0.00016111734162810792,0.00022293693782539736,0.0014979916361864446,0.00010718347459430192,0.00460849410173569
CottaJohannHeinrich,0.029585178499043574,0.0008842531220756345,0.00023145369992115484,0.00020795673453542226,8.392022472990638e-05,7.339780205687601e-05,0.02160425576849525,7.850062906226949e-05,0.0003909403555344888,0.030280158618479516,0.015596283096107813,0.11395969893271105,6.337322832642441e-05,8.442147040229338e-05,9.582058177556972e-05,0.00015535929050054125,0.00044462592354917575,0.0001825750270449997,9.055188332411365e-05,5.3741393324082586e-05,0.054252386651029993,0.00011232975904148325,0.007657248267165614,0.09837805348168602,6.758336143355594e-05,8.973330791324715e-05,8.547448324840363e-05,0.0005006939481278892,0.00015743422338855114,0.00019363157671171353,0.10876817402463564,4.139920797350421e-05,7.970136031340978e-05,0.004607610719753934,0.05938097829435035,0.00014307729924688763,0.00043437310282749397,7.750403622932903e-05,0.3414035044803636,0.0013183074545466459,9.932642705543664e-05,0.00010862484353206468,0.056676724917225876,8.705487892764167e-05,0.0001087447158028878,6.215148151812958e-05,3.767510009865166e-05,7.322425858466167e-05,0.00011224432433014033,7.328531437215198e-05,0.0003681405398351605,8.340899867398465e-05,0.001223868354773326,0.00013583636982447776,0.00019674156694393172,8.150194970158738e-05,0.00011277367730663713,0.0007577659720061258,5.4219254531829855e-05,0.047651021733967854
CottavonCottendorfJohannFriedrichFreiherr,0.0028661558170048414,0.04957642698310813,0.00018800926382825562,0.47479172977231177,0.0034194590522860233,5.962085175577706e-05,0.0065121503753309985,6.37658654196493e-05,0.00031755987685586274,5.43937001014352e-05,0.0003977700495888663,0.007022882966626183,5.1477915488626e-05,6.857535008963296e-05,7.783481985968219e-05,0.00012619796462893856,0.00036116853000801104,0.00014830523962177923,7.355506923340676e-05,4.3653999911893394e-05,0.004471687890205914,0.016721649949089173,8.44377637345357e-05,0.00015041070055499478,5.489779612289714e-05,7.289014246646658e-05,6.943070980117064e-05,0.0004067124466917338,0.00012788342744461472,0.0001572864473710074,5.665468337333733e-05,3.36284734995501e-05,6.474121642358384e-05,0.0009835175180217541,0.0007109969448631726,0.00011622133373156645,0.0003528401892785125,6.295633554425098e-05,0.3198500668893823,0.08976634994459474,8.068260924644976e-05,8.82356897853864e-05,0.008959213754648122,7.071446127419577e-05,8.833306173233972e-05,5.0485493599970584e-05,3.060338995063059e-05,5.947988282564404e-05,9.117578502049617e-05,5.9529478289714893e-05,0.00029903964336419316,6.775292182708588e-05,0.0009941452155744972,0.00011033954480097953,0.0001598126846887586,6.620383069781476e-05,9.160577712453406e-05,0.0006155314112477181,4.404216538045688e-05,0.007437118933666002
DalbergKarlTheodorReichsfreiherrvon,0.007548063147045866,0.0018915919236037596,0.0004951251384121393,0.0004448604926413469,0.00017952192122712722,0.00015701238267064723,0.08769759205346123,0.00016792833660959623,0.0008362985673196957,0.00014324660255078328,0.0010475332270796973,0.01574545688221064,0.00013556784124614925,0.0001805941846344681,0.0002049791333235211,0.00033234418045119147,0.0009511425914293175,0.00039056401158006805,0.00019370834762894094,0.00011496344546279408,0.0029505819126765106,0.0002402955213598346,0.00022236808232207095,0.0003961087736558986,0.00014457414677555803,0.0001919572532902282,0.00018284678691024813,0.0010710831602752137,0.00033678287135879744,0.00041421615317882934,0.00014920093497384248,8.856107543330185e-05,0.00017049693770397986,0.08443862253649109,0.013721817486629598,0.0003060705774735183,0.000929209784649098,0.00016579642787571864,0.17637740601959767,0.3536386568957982,0.00021247882820866213,0.00023236997596984504,0.05639300224117138,0.00018622756513801136,0.00023262640641231924,0.0001329542837278739,8.059447378629326e-05,0.0001566411389371061,0.0002401127596528787,0.00015677174931508794,0.000787525262301255,0.00017842830780991092,0.002618095924851512,0.09289123044230738,0.0004208690360003698,0.04757193540341501,0.00024124515013030954,0.0016210109490638995,0.00011598568488566032,0.04053514666789708
DegenGeorgChristoph,0.006827444733950597,0.3619091763239159,0.00044785522498199363,0.00040238937707026803,0.0001623828486637058,0.0001420223101404894,0.0155125365212037,0.00015189611097980713,0.0007564566085661274,0.00012957075784725372,0.022135652553892125,0.0459003568474794,0.00012262509279235733,0.00016335274239819613,0.000185409644449935,0.00030061506912123164,0.0008603364002898897,0.00035327661576024067,0.00017521488786949172,0.00010398781184401773,0.02385701596511567,0.0002173543543474739,0.00020113845937321092,0.00035829201585668187,0.00013077156057637128,0.00017363097162653157,0.0001653902872949262,0.14928572212119387,0.00030462999537083914,0.0003746706722829816,0.00013495662634809122,8.010609295667359e-05,0.00015421948608595375,0.06590721246865427,0.001693659611337464,0.0002768498238129661,0.0008404975325916285,0.00014996773693539116,0.1493166679138793,0.0025508811561558604,0.00019219333867086008,0.0002101854658415863,0.029324745508969907,0.00016844830046441466,0.00021041741470581644,0.00012026105328084243,7.290006786086624e-05,0.0001416865092834749,0.00021718904101749567,0.10608244461793907,0.0007123397221519156,0.00016139364321842895,0.002368144633514465,0.00026283886578266967,0.0003806884001292694,0.00015770356677171152,0.00021821332145226347,0.001466251997665664,0.00010491245741580479,0.0045108487388506105
DieskauJohannaSidonieDorotheavon,0.07691791908872493,0.0007463548483014171,0.35140903834484016,0.00017552611710673424,7.083296064670574e-05,6.195149788244849e-05,0.2378283489626659,6.625854479066745e-05,0.0003299736494737397,5.6520010993068056e-05,0.00041331932803892403,0.010779711948077416,5.349024508153657e-05,7.125603762368943e-05,8.087747047744294e-05,0.00013113118495026272,0.00037528701390667857,0.00015410265817771397,7.643041958747609e-05,4.536048384850557e-05,0.010406659859161407,9.481206023038493e-05,8.773853085203371e-05,0.00015629042394597214,5.7043812694762536e-05,7.573950008564111e-05,7.214483430802937e-05,0.00042261129349845187,0.00013288253440236423,0.00016343495143540342,5.886937864308529e-05,3.494304833703562e-05,6.727202336192989e-05,0.0010219643235669096,0.0007387906148095268,0.00012076455633441724,0.00036663310897453637,6.541736948228789e-05,0.2684676024627387,0.0011127188987958463,8.383658315309998e-05,9.168492210220862e-05,0.0035492708313108984,7.347876906945285e-05,9.17861004280433e-05,5.245902830547679e-05,3.1799710871096835e-05,6.180501831834564e-05,9.473994896559872e-05,6.185655252486704e-05,0.00031072943923263994,7.040145971570586e-05,0.0010330074697656763,0.00011465284166165668,0.00016605994221014625,6.879181287255319e-05,9.518674994442228e-05,0.028366988983062176,4.576382314164842e-05,0.001967675612490118
DoerfferWilhelmine,0.1469173637767263,0.0003787721056627814,9.914378936745073e-05,8.907880363695287e-05,3.594744472490717e-05,3.1440137831625315e-05,0.5897483590246846,3.362594694149745e-05,0.00016746030967554663,2.8683679920683235e-05,0.00020975790878657836,0.0007801465605895176,2.7146085817036925e-05,3.616215460157543e-05,4.1044993360917823e-05,6.654855281600284e-05,0.000190456661209928,7.820648376445166e-05,3.8788132789279886e-05,2.302026444965537e-05,0.005281338329538156,4.8116742026155017e-05,4.452695410797752e-05,7.931676615710446e-05,2.894950719299493e-05,3.843749390062108e-05,3.66132153703233e-05,0.0002144735441587624,6.743735567061489e-05,8.29425853331924e-05,2.9875974623127068e-05,1.7733457519592834e-05,3.4140283270061306e-05,0.0052091570286275065,0.0003749332873661377,6.128753018262125e-05,0.0001860648390079112,3.3199053830919314e-05,0.14562726481199895,0.0005647003985662643,4.25467312294436e-05,0.04226115766375075,0.011182269205588815,3.7290181935960306e-05,4.6581079507726534e-05,2.6622747420358874e-05,1.6138226305523576e-05,3.1365800037668365e-05,4.8080145847183005e-05,3.139195344172569e-05,0.00015769394981143158,3.572845972520864e-05,0.04742938931307262,5.818585938744911e-05,8.427475767099864e-05,3.491157037888505e-05,4.830689556006601e-05,0.0003245910086725308,2.3224957530577865e-05,0.0009985875173188312
DoeringHeinrich,0.014341471094769569,0.4564259044372138,0.00022926187610709385,0.00020598742264624366,8.312551569260422e-05,7.270273841994646e-05,0.06217317907173984,7.775724259553309e-05,0.0003872382225315172,6.632865572546056e-05,0.00048504794908010217,0.0018040248941500426,6.27730955522795e-05,8.362201466099897e-05,9.491317855373994e-05,0.00015388806669737581,0.0004404153981269599,0.0001808460752405292,8.969437370406663e-05,5.323247224946302e-05,0.001366232276303443,0.00011126601695838527,0.00010296492701418603,0.00018341351215183014,6.694335947603778e-05,8.888355005123965e-05,8.466505566983294e-05,0.0004959524688625468,0.00015594335035394951,0.000191797921422835,6.908573937234168e-05,4.1007165115902446e-05,7.894660314336885e-05,0.0011993189419210544,0.055099148292761406,0.00014172238363375337,0.00043025966972493735,7.677008731275884e-05,0.1523618022938635,0.23992726500814565,9.838582412595284e-05,0.00010759618631494812,0.004165221465992157,8.623048529371487e-05,0.0001077149234174938,6.156291846073617e-05,3.731832385518921e-05,7.253083837237949e-05,0.00011118139129798833,7.259131597283258e-05,0.0003646543168782284,8.261913085306451e-05,0.001212278547368296,0.00013455002447636572,0.00019487846062162927,8.07301412824124e-05,0.00011170573139951132,0.0007505900681277522,5.370580819978165e-05,0.0023091516789734644
DönhoffStanislausOttovon,0.05059978348001813,0.2927366013036364,0.00024073524918718408,0.00021629602951083468,8.728551852521925e-05,7.634113506922889e-05,0.28168012751465343,8.164859107931195e-05,0.0004066174960218017,6.96480624491654e-05,0.0005093220943327957,0.0018943070248200588,6.591456484884509e-05,8.78068647032548e-05,9.966309304565308e-05,0.0001615893698175162,0.0004624559146695651,0.0001898964874875938,9.418311396112999e-05,5.5896482613786914e-05,0.0014346051470408702,0.00011683430657276003,0.00010811778994045023,0.00019259241135906086,7.029352894836815e-05,9.333171277125672e-05,8.890210452872318e-05,0.0005207723290236569,0.00016374750980841678,0.00020139641702025427,7.254312389606637e-05,4.3059361984918e-05,8.289747298117207e-05,0.005525687094073027,0.012299628392482193,0.00014881485713541033,0.00045179194450124886,8.061203377192041e-05,0.19400674111923116,0.008494061549537916,0.00010330952659736551,0.0001129808198551955,0.1012375683354752,9.05458758220113e-05,0.00011310549913661145,6.464382464275333e-05,3.918591326684614e-05,7.616063231190613e-05,0.00011674544583503418,7.622413650397911e-05,0.0003829033825050621,8.675379173923473e-05,0.0012729468289296364,0.00014128355843746575,0.0002046311212992431,8.477026799457819e-05,0.00011729602645115024,0.0007881532252826617,5.639350658429643e-05,0.040821848684270017
EhrenbergCarolineAugusteEleonorevon,0.01478604522715391,0.0006358295567034575,0.00016642870660473088,0.00014953301835426974,6.03435350764946e-05,5.277729959865476e-05,0.17505457497545374,5.6446529767905144e-05,0.0002811089118616927,4.815014415245512e-05,0.004304828178374587,0.006447431952974396,0.0406140161875729,6.070395994321742e-05,0.031003943417839352,0.00011171238906892262,0.008536526694545857,0.0001312820906288126,0.011923260029447148,3.864319552942988e-05,0.014247771270318043,0.0010149227707545974,0.035184503298307905,0.00013314587719329783,4.859637774301448e-05,6.452348085363571e-05,0.012923974758604951,0.0003600281448087771,0.00011320438680739362,0.00013923239456073932,5.015160149522385e-05,2.976844457374266e-05,5.7309925553650774e-05,0.010879262978880722,0.019779483526438497,0.0001028809211789191,0.00754410803392494,5.57299214084176e-05,0.2770888713533334,0.00416356833726939,7.14214929039229e-05,7.810759655318187e-05,0.23605574775153343,6.25975342303638e-05,0.04366272057259304,4.469053934395417e-05,2.709059385422797e-05,5.265251172259072e-05,8.071021430355524e-05,5.269641439403734e-05,0.0014753958143565373,5.997593373204136e-05,0.01135974891448216,0.0024330520804757938,0.0001414686588852143,0.0193523750858527,8.109084996090587e-05,0.000544877920175902,3.89868056024987e-05,0.005879968910382769
EndeHenrietteFreifrauvon,0.03904946452034222,0.006707137845183453,0.0019524636515249566,8.200127924498918e-05,0.010022704380873382,0.006933921862735725,0.16086809216023637,0.01409462446627325,0.002457260399805119,2.6404692821605272e-05,0.00019309214032953026,0.013867649502051538,2.4989264253745104e-05,0.0009735780793981448,0.0007657547659808408,0.0028976298184883683,0.010507821700727876,7.199279123768084e-05,3.570632269836648e-05,2.1191249279942165e-05,0.0021708717814624932,4.429375157895658e-05,4.098918091242095e-05,0.000727820300156394,2.664939948017922e-05,3.538354290958253e-05,0.0001653782107137065,0.0017301906071720613,0.002477268733077947,0.006406536931827997,0.0030824402514382527,1.6324491828267533e-05,3.142775596022918e-05,0.004284570553828708,0.003738808478546958,0.00027359971139781644,0.0006147892470216879,3.056130945532045e-05,0.21983990012154478,0.0024465746415156904,0.0036001240321646053,0.0011565392395412116,0.04506444605462338,3.432738762960482e-05,4.288010112724039e-05,0.009745513077189351,1.4856005556512623e-05,0.0017573879348505704,0.0006684661469314406,2.8897787522067606e-05,0.0015478485801276773,3.288974799056252e-05,0.3600053379190831,0.0024067112141690195,0.0028984462101270493,3.213776246016469e-05,4.446879695896871e-05,0.004072050491725205,0.017250764323726832,0.029858047291178923
FernowCarlLudwig,0.0015780394717754822,0.00039546658020563936,0.00010351357648464395,9.300497401062166e-05,3.7531837270896397e-05,3.2825869707882614e-05,0.18478368254197253,3.510801889664323e-05,0.0001748411643768865,2.9947920230548243e-05,0.00021900304066415719,0.0008145317138274257,2.834255628525624e-05,3.775601053865537e-05,4.2854061627908085e-05,6.948169679424476e-05,0.000198851085811294,8.165345394196114e-05,4.049772936657414e-05,2.4034888317355866e-05,0.07407561172230209,5.023749937029817e-05,4.648949065888299e-05,8.281267230656753e-05,0.03920822380414381,4.013163598189271e-05,3.822695192270877e-05,0.00022392651883547398,7.040967385521496e-05,8.659830036252612e-05,0.058798190275974785,1.8515064060020785e-05,3.5645024726512235e-05,0.1768424946557679,0.0003914585650400344,6.398879328286477e-05,0.00019426569295596835,3.466231036629019e-05,0.23529906911648976,0.0593565872191107,4.44219889656195e-05,4.85805413908665e-05,0.01167513049551255,3.893375595770382e-05,4.863415214532176e-05,2.7796151618887194e-05,1.6849522634362285e-05,3.274825545721137e-05,5.019929020565726e-05,3.277556157904204e-05,0.00016464434977840666,3.730320045299881e-05,0.0348281020382427,0.09800574626617267,8.79891885266768e-05,3.645030650603899e-05,5.043603396839961e-05,0.0003388974379214379,2.4248603296611075e-05,0.02063159968004593
FeuchterslebenCarolineHenrietteSusanneFriederikevon,0.039229344302765284,0.0013641539991722615,0.0003570679961293406,0.00032081878365936467,0.00012946531634292006,0.00011323217606663672,0.5867286958419595,0.0001211044037045238,0.0006031110732053289,0.0001033047473395874,0.0007554465755299622,0.002809710732807136,9.776707676080351e-05,0.00013023859751262572,0.00014782422201159676,0.00023967571293093007,0.0006859328133572462,0.00028166194393274284,0.0001396961013597686,8.290786291152729e-05,0.002127862815355384,0.00017329324171658274,0.00016036456119457543,0.000285660644321457,0.00010426212865460928,0.00013843326960664298,0.00013186310032673986,0.0007724300142664202,0.00024287675110261166,0.00029871909201438035,0.00010759881641757464,6.386734036862058e-05,0.00012295679449318082,0.0018679006670593208,0.001350328431626048,0.000220728052958702,0.0006701155931053711,0.00011956694111076904,0.1866197118089454,0.0020337778192256,0.00015323275576693542,0.0001675775985567316,0.006487198428063091,0.00013430120660228967,0.00016776252777388754,9.588226487504032e-05,5.812208878397933e-05,0.00011296444727299029,0.00017316143997312612,0.00011305863918998566,0.0005679373667290415,0.00012867663824695847,0.001888084835601638,0.0002095573343231621,0.00030351693270812714,0.00012573459776401793,0.00017397808281196256,0.15320570013417936,8.364506842578952e-05,0.00359642944902275
FichteJohannGottlieb,0.10818744284854026,0.04021504582089072,0.0002440852987927858,0.00021930598518123397,0.02631399974947799,7.7403491289572e-05,0.20692346356338392,8.278480536976884e-05,0.0004122759477307967,7.061727848597986e-05,0.0005164097737939662,0.0412032025615564,6.683182587613893e-05,8.902877696355503e-05,0.00010104999549005173,0.00016383803263882857,0.0004688914086812553,0.00019253906955715315,9.549375752016479e-05,5.667433292929778e-05,0.0014545689804357107,0.0001184601620466731,0.00010962234716990231,0.0058070631574080635,7.127172723767113e-05,9.463050830957177e-05,9.013925804578886e-05,0.0005280193488985794,0.0001660262051075227,0.00020419903105241738,7.355262734193757e-05,4.365857210940987e-05,8.405106659741066e-05,0.106178861798037,0.003728955699699198,0.00015088575101213759,0.0004580790396840301,8.173382342614087e-05,0.2129319177044917,0.08006675288014774,0.00010474717247598501,0.00011455305056205866,0.00724042819662344,9.180590390934191e-05,0.00011467946486889752,6.554340216611242e-05,3.973122083492342e-05,7.722047667246542e-05,0.00011837006473108684,7.728486458303964e-05,0.00038823183078953916,8.796104953293859e-05,0.02751616061372302,0.07719901227051362,0.00020747874917890322,8.594992325412503e-05,0.0001189283071764618,0.0007991210931392662,5.7178273439707455e-05,0.04735278005941664
FischerFriederikeChristianevon,0.1054134457662658,0.07665067367148976,0.005328218417161613,5.0440281265901884e-05,2.0355001961011998e-05,1.7802769351608577e-05,0.23563024350747266,1.9040469250956852e-05,9.482328877400426e-05,1.6241943356547032e-05,0.00011877402350465963,0.0004417528114223259,1.537129090170716e-05,2.0476580003459145e-05,2.324145503928762e-05,3.768267629141605e-05,0.00010784482018355458,4.4283902307144525e-05,2.1963522721344833e-05,1.3035071939093437e-05,0.00033455023324238735,2.7245785779629516e-05,2.5213092199507215e-05,4.4912592342073916e-05,1.639246628496664e-05,2.1764975778137162e-05,2.073199016967986e-05,0.00012144422073238404,3.818595500808229e-05,0.004851635962724515,1.691707231750856e-05,1.0041452608082904e-05,1.9331708782908425e-05,0.00029367805073182685,0.07313744251371393,3.470365714724829e-05,0.02013925781725037,1.8798743860752975e-05,0.21138924598203546,0.00031975785228028486,2.4091804138999522e-05,2.634715183647322e-05,0.010509682661337264,2.1115317993855728e-05,2.6376227072097626e-05,1.5074954008440485e-05,9.138163522053682e-06,1.776067606922507e-05,2.7225063436207294e-05,1.7775485260669634e-05,8.929315232877674e-05,2.023100315852668e-05,0.00029685147819383554,3.294735664796974e-05,4.7720022126313135e-05,1.9768444988576272e-05,2.7353458955992162e-05,0.11680739217995763,1.315097803743973e-05,0.13698374102527613
FriedrichWilhelmIII,0.12682085568895266,0.0030826097721619373,0.0008068746599448945,0.000724961491299034,0.000292555715525433,0.0002558733197849888,0.02794803305227094,0.0002736623713583146,0.001362863788905003,0.00023344008363642183,0.001707099783080184,0.2353896599186615,0.00022092648366784726,0.0002943031165459995,0.0003340417515996604,0.0005416006515973037,0.001550017956025923,0.0006364778913084872,0.00031567445277134624,0.00018734878067667727,0.004808379928083341,0.0003915946738339636,0.00036237944084525247,0.0006455138453882153,0.00023560349993631348,0.000312820803179626,0.0002979740424478635,0.03991889310639032,0.0005488341102501219,0.0006750223162000857,0.0002431434890511871,0.00014432247947208576,0.00027784826089163845,0.0042209375577821106,0.00305136782319613,0.0004987841940526035,0.0015142754242102679,0.00027018813221909893,0.4980556318708933,0.004595773925638253,0.00034626353815557064,0.0003786789051821554,0.014659269613573602,0.00030348348656864427,0.00037909679393394527,0.00021666733144510262,0.00013133980399036578,0.0002552683269498072,0.0003912968384410285,0.0002554811745637605,0.0012833809655780546,0.00029077352172093845,0.004266548181824018,0.0004735414674624378,0.0006858641057757453,0.000284125326027262,0.0003931422248100827,0.0026416607778944013,0.00018901466071935243,0.008126933301647378
FörsterErnstJoachim,0.03998024151769627,0.07227673559257386,0.004702774870126133,0.0002878744390057612,0.00011617073940562463,0.0001016045531710348,0.2481418326033837,0.005175199841098341,0.025645459421108345,9.269655550652343e-05,0.000677871029398385,0.005667906177974225,0.11633155111582469,0.00011686461362453288,0.00013264439973762534,0.0023128771105549025,0.0006154955192727128,0.00025273854970101183,0.00012535094220958803,7.439419304751112e-05,0.007240033454975764,0.00015549804837992017,0.00014389699245075956,0.0017111393712012438,9.355562493454405e-05,0.00012421778853839992,0.015104322055358823,0.0006931104671983789,0.0458167191591801,0.0031776696096981506,9.654967380831855e-05,5.7308909938789906e-05,0.0001103305667858076,0.03406836649660829,0.0038770041197522696,0.00019806185814165775,0.0027924893377750783,0.00010728881178118262,0.10482773205215036,0.005783464704304775,0.00013749754020185389,0.00015036933506260304,0.0575793912932747,0.00012051004017732624,0.0001505352742075537,8.603627535977142e-05,5.215362863633465e-05,0.03681309699652786,0.0001553797811371959,0.00010144883650618463,0.0018422861566976562,0.02038158883409439,0.0243495791504286,0.00018803824193123155,0.0023701625821821426,0.00011282312208178945,0.00015611256428790977,0.015708337802554574,7.505569615973387e-05,0.09046255396110718
GentzAnnaHenrietteNanette,0.09530263558767926,0.02563667324968532,7.652922118097313e-05,6.876004548104284e-05,2.774787977941057e-05,2.4268683670735945e-05,0.20540516106611612,2.5955912592446986e-05,0.00012926283290117592,2.214097019026063e-05,0.00016191240518850463,0.0042228102349670575,2.09540992829122e-05,2.79136146151085e-05,3.1682684264239975e-05,5.136891529184959e-05,0.00014701374684302146,6.036768749693192e-05,2.9940610625906763e-05,1.7769372352541418e-05,0.00045605790999010047,3.714137634360351e-05,3.43704143364444e-05,6.122471593353676e-05,2.234616261076897e-05,2.9669952007388903e-05,2.8261789014713397e-05,0.00016555241032356328,5.205498338225504e-05,6.402349051598323e-05,2.3061304036469085e-05,1.3688479142051647e-05,2.635292947974981e-05,0.0004003410690486235,0.0871841494305778,4.730792501382066e-05,0.00014362369351915696,2.5626393239913612e-05,0.16671908811450553,0.0004358929790618769,3.2841877696622385e-05,3.5916361152341946e-05,0.21862722495461365,2.87843403955341e-05,3.595599642942073e-05,2.0550133687412985e-05,1.2457118073494605e-05,2.421130222998072e-05,3.711312770500702e-05,2.423149007690999e-05,0.00012172416689957949,2.757884497063267e-05,0.00040466707618304484,4.4913741254769955e-05,6.50517960925766e-05,2.6948287011692052e-05,3.728815610608649e-05,0.025594850789782887,0.010879769616935585,0.15645721648041458
GentzLudwig,0.3321946186271777,0.060728884748623924,0.00031455752356810925,0.0002826239349254588,0.0001140519165488,9.975140107165324e-05,0.15971329972132767,0.0001066864063299828,0.0005313081196872463,9.100587520646648e-05,0.0006655074287325275,0.002475202649453932,8.612748800156209e-05,0.00011473313528697094,0.00013022511595384443,0.029974710853531258,0.0006042695773429242,0.00024812888449058897,0.0001230646828396548,7.303732713230235e-05,0.18045594900137046,0.00015266193990041223,0.00014127247410652814,0.00025165152249063293,9.184927618002948e-05,0.00012195219660943414,0.00011616423409105437,0.0006804689164282094,0.00021396123479918856,0.0002631553061185606,9.478871698966789e-05,5.6263660258024496e-05,0.00010831826207028072,0.016527303881128743,0.0011895660548139392,0.00019444943392672343,0.0005903354648318746,0.00010533198523564616,0.015583988916389234,0.0017916478688603094,0.00013498974062661293,0.00014762676851162574,0.03547843926103498,0.00011831207338369996,0.000147789681114308,8.44670710344737e-05,5.120240545409106e-05,9.9515546536298e-05,0.0001525458297183934,9.959852450259964e-05,0.04514567633287038,0.0001133571339543156,0.07607222415728264,0.00018460863713574272,0.00026738194335141025,0.00011076535597761985,0.00015326524773347358,0.030793412624035805,7.368676517615067e-05,0.003168259136733809
GiechAugusteCarolineWilhelmineLouisevon,0.012300609305653272,0.2321231025387607,0.0008068746599448945,0.000724961491299034,0.000292555715525433,0.0002558733197849888,0.10429486397447052,0.038447077832458106,0.001362863788905003,0.00023344008363642183,0.001707099783080184,0.006349167152062749,0.00022092648366784726,0.0002943031165459995,0.0003340417515996604,0.0005416006515973037,0.001550017956025923,0.0006364778913084872,0.00031567445277134624,0.00018734878067667727,0.004808379928083341,0.0003915946738339636,0.00036237944084525247,0.0006455138453882153,0.00023560349993631348,0.000312820803179626,0.0002979740424478635,0.001745477645290525,0.0005488341102501219,0.0006750223162000857,0.0002431434890511871,0.00014432247947208576,0.00027784826089163845,0.0042209375577821106,0.07939819874539572,0.0004987841940526035,0.0015142754242102679,0.00027018813221909893,0.3071885545653943,0.11911602030893766,0.00034626353815557064,0.0003786789051821554,0.014659269613573602,0.00030348348656864427,0.00037909679393394527,0.00021666733144510262,0.00013133980399036578,0.0002552683269498072,0.0003912968384410285,0.0002554811745637605,0.0012833809655780546,0.00029077352172093845,0.004266548181824018,0.0004735414674624378,0.0006858641057757453,0.000284125326027262,0.0003931422248100827,0.0408150762389942,0.00018901466071935243,0.008126933301647378
GiechSchönburgKarolineWilhelminevon,0.0235287930243038,0.001436978478317617,0.000376129840212467,0.00033794548697454465,0.00013637673853996132,0.00011927700256683504,0.4934873366733094,0.00012756948398676626,0.0006353077678597629,0.00010881960447654762,0.0007957756024715637,0.038549274237967834,0.00010298630893472935,0.0001371913008248863,0.00015571572251637405,0.00025247064588467113,0.0007225508930548169,0.0002966982846790344,0.00014715368739942017,8.733384556249636e-05,0.0022414573958170125,0.00018254438936932417,0.000168925519597699,0.00030091045310232746,0.0001098280949740022,0.00014582344018973653,0.0001389025266712826,0.0008136656911029973,0.0002558425694092663,0.00031466601758137685,0.000113342909655597,6.727685703577554e-05,0.00012952076345986758,0.10873632407991704,0.0014224148417879506,0.0002325114773369169,0.0007058892807276562,0.00012594994494661058,0.19658228445029613,0.03773191864753485,0.000161412987348931,0.00017652362029528044,0.06021786669313173,0.00014147078967380433,0.00017671842183911382,0.00010100087758521724,6.122489891032994e-05,0.00011899498124466077,0.00018240555147501985,0.00011909420153623785,0.0005982563358075497,0.00013554595737382834,0.01978366348092532,0.0002207444171103205,0.0003197199878981402,0.0001324468579621124,0.00018326579026374323,0.0012314272533392248,8.811040631643958e-05,0.0037884225096061
GleimJohannWilhelmLudwig,0.014517310625138231,0.13879614828735592,0.0009522821010654574,0.0008556073035841033,0.00034527738357565264,0.00030198442790121065,0.1230899136214388,0.00032297925677508474,0.0016084664159029627,0.00027550848273431947,0.0020147374169254572,0.007493354960478031,0.00026073979825142764,0.00034733968494397497,0.000394239646934302,0.0006392028800070692,0.0018293477650597665,0.0007511780127762992,0.0003725623644672598,0.0002211110341561877,0.3660962861343742,0.00046216422113208653,0.0004276840907788708,0.0007618423423969147,0.0002780617697834886,0.00036919445670684816,0.000351672150944235,0.0020600313802562192,0.0006477398852519062,0.0007966685551644293,0.0002869605455571793,0.00017033093342160526,0.00032791948835937283,0.004981595637500082,0.00360125693127504,0.0005886704390036155,0.0017871640468387288,0.00031887892259514886,0.13728385121383793,0.005423981526731217,0.0004086639301073919,0.0004469208928691079,0.01730102674020308,0.00035817445580456884,0.00044741408964218943,0.0002557131012577336,0.00015500864100257244,0.00030127040888832486,0.0004618127126167797,0.00030152161391815705,0.0015146599379531275,0.00034317401939172127,0.14019344505754092,0.000558878703177452,0.0008094641511459955,0.0003353277477491084,0.0004639906573410824,0.003117716295672607,0.0002230771235947504,0.009591493578742631
GoldschmidtCaroline,0.053411155840528524,0.0031479388748812793,0.0008239745854746203,0.0007403254482164309,0.0002987557874785195,0.0002612959894145764,0.10786687023641771,0.0002794620406289234,0.003016874794122825,0.00023838733039480728,0.0028702466772905617,0.04752958101750628,0.0002256085323252216,0.0003005402208026216,0.0003411210284188921,0.0005530786806753236,0.008090435911908188,0.0006499666338393723,0.004465963365846854,0.00019131922411317706,0.22504357072238632,0.000399893657669762,0.0003700592723724697,0.0006591940849997792,0.00024059659552284345,0.00031945034888736446,0.0003042889438676179,0.016112789394470476,0.0018619791865526212,0.0023606293842731918,0.00024829637804648275,0.00014738107552640547,0.0014107053271944937,0.012901362678924064,0.015012728130533526,0.0005093548229211396,0.0015463671458504765,0.010419545432228153,0.27869197667970863,0.011653434111190996,0.0003536018287353294,0.00038670416784034224,0.08302908800928091,0.002324678930845893,0.00038713091282085017,0.00022125911678223134,0.0001341232609246527,0.00026067817509305846,0.00039958951031377713,0.0002608955335418768,0.0013105793893569732,0.000296935824014313,0.03335989663068607,0.00048357713251777346,0.004843998370567568,0.00029014673450290687,0.0004014740055693176,0.008234459693936573,0.00019302040880239172,0.04731165677045566
GriesbachJohannJakob,0.019808910108993355,0.00037009248534651865,9.687189437951531e-05,8.703754932535891e-05,3.5123703570562984e-05,3.071968229915686e-05,0.04460266300132637,3.2855403261370067e-05,0.00016362293125116612,2.802638903980091e-05,0.0002049512744558505,0.03742651233716901,2.652402913851705e-05,0.26126806453686485,4.0104441105537467e-05,6.502358262309768e-05,0.00018609231789823492,7.641437031365351e-05,3.7899296836593694e-05,2.2492751594258206e-05,0.018909406767321148,4.701413957629455e-05,4.350661219335675e-05,7.74992104166868e-05,2.8286124839802788e-05,3.755669289131161e-05,3.577421798054484e-05,0.0002095588503274309,6.589201842533522e-05,8.104194339578884e-05,2.919136212809316e-05,1.732709264777813e-05,3.3357953494865006e-05,0.005089788404327247,0.00036634163415405133,5.9883117122224865e-05,0.00018180113496885759,3.243829247124281e-05,0.4264380768153759,0.09221236758687937,4.157176642277321e-05,4.546349603922566e-05,0.006342995439576069,3.6435671754535684e-05,4.551366699765995e-05,2.601268312066569e-05,1.5768416399208627e-05,3.064704796703632e-05,4.697838200432066e-05,3.067260206186839e-05,0.00015408036900631922,3.490973664538453e-05,0.0005122339631572967,5.685252158430016e-05,8.234358880218932e-05,3.411156644247326e-05,4.719993571310193e-05,0.00031715295642097824,2.2692754102149556e-05,0.08347025137805236
GöschenGeorgJoachim,0.003738326916006223,0.07054545189470485,0.0002452204751945961,0.00022032591952543583,8.8911766775451e-05,7.776347452971075e-05,0.13610957100105306,8.316981568357727e-05,0.0004141933345181729,7.094570083871407e-05,0.012120245416866907,0.001929600548150911,6.714264308635079e-05,8.944282634379599e-05,0.0001015199523897532,0.00016460000015301526,0.000471072099057854,0.00019343451803057133,9.593787382128268e-05,0.05806410769682927,0.00146133379744666,0.00011901108904299412,0.00011013217181822737,0.0001961806706404684,7.160319325908506e-05,9.507060986609996e-05,9.055847198090241e-05,0.0005304750277433666,0.00016679834923522048,0.13942235619456453,7.389470122865948e-05,4.38616166231125e-05,8.444196595849585e-05,0.10569570747463453,0.0009273532863812553,0.00015158748087774426,0.0004602094445817652,8.211394589989077e-05,0.19777179648733811,0.1754182292243172,0.000105234323971545,0.00011508580661249103,0.016056590673826178,9.223286897516196e-05,0.00011521280883895752,6.584822725718235e-05,3.991600027280843e-05,7.757960875984917e-05,0.00011892057270853608,7.764429612162758e-05,0.0003900373947252767,8.83701331942739e-05,0.0012966635643991836,0.00014391586381386171,0.03501274555007286,8.634965369712206e-05,0.00011948141139241296,0.0008028375947541004,5.744419452150159e-05,0.03727419037508711
HaugFriedrich,0.021663350337651655,0.0007533173578048852,0.0001971811976976605,0.00017716354501551494,7.149373904559184e-05,6.252942391018489e-05,0.43594936612924,6.687664990359183e-05,0.046976478380091856,5.7047268388891174e-05,0.0004171750539794567,0.020208957790544692,5.398923874463213e-05,7.192076277455236e-05,8.16319509475534e-05,0.0001323544665079495,0.00037878794835736253,0.00015554023338006434,7.714341491931182e-05,4.57836375274773e-05,0.0011750550119762292,9.569653210311385e-05,8.855701599521714e-05,0.00015774840812668916,0.22394602320583604,7.644605004687515e-05,7.281785076345802e-05,0.0004265537012605941,0.00013412215374794363,0.0001649595846647012,5.9418552550374256e-05,3.526902103846638e-05,6.789958289750596e-05,0.1876052039482682,0.0007456825599591977,0.00012189113087610351,0.00037005331386947453,6.602762753547654e-05,0.03775491968849029,0.001123099103232364,8.461866825413498e-05,9.254022188744373e-05,0.012911066164004809,7.416422938248427e-05,9.264234407403951e-05,5.294840207179026e-05,3.209636036650969e-05,6.238157788432534e-05,9.562374813503172e-05,6.243359283724168e-05,0.0003136281363853258,7.105821277819911e-05,0.0010426440713657943,0.00011572240194050478,0.00016760906315230244,6.943355004619922e-05,9.607471717957936e-05,0.0006455597900815543,4.6190739445955845e-05,0.0019860314390555693
HeimJohanna,0.04650746250569644,0.003947055742658688,0.0001474245625514706,0.0001324581574153302,5.345303369201731e-05,4.6750770733673496e-05,0.2706365975871412,0.025268695448259042,0.005956894691298374,4.26519804382363e-05,0.001453482248317073,0.06599277040892568,4.0365612935460596e-05,5.3772302401083706e-05,6.103297271334583e-05,9.89561862616642e-05,0.010922034368417273,0.008095413494585089,5.767707231215927e-05,3.4230610287968235e-05,0.0577501043298016,7.154850233046184e-05,6.62105692449264e-05,0.0001179422294458653,4.304725955339657e-05,5.7155680250146465e-05,5.4443019517516794e-05,0.00031891728799352903,0.0001002778159156413,0.00012333374019339572,4.442489557555023e-05,2.6369248482743195e-05,5.076582566173803e-05,0.08583378810513106,0.09618651062191683,9.113316511986488e-05,0.0002766741887914631,4.936623886753355e-05,0.11094247473630428,0.0083491530030401,6.32660228090392e-05,6.918865434163189e-05,0.13277947067492044,5.544965342204832e-05,6.926500705102546e-05,3.9587420628217816e-05,2.399717590610411e-05,4.664023212278253e-05,7.14940846436816e-05,4.667912164049193e-05,0.00023448732105448713,5.3127407972122354e-05,0.0034392510373940518,8.652105110773852e-05,0.002065214221661046,5.191271207131941e-05,7.183125631569179e-05,0.02371136305189472,3.453498424931107e-05,0.03688389868861513
HeineJohannGeorg,0.05629280590838595,0.09714372713282471,0.0002520083718473295,0.00022642471519276447,9.137291478360468e-05,7.991602899338778e-05,0.07790476068925146,8.54720219452648e-05,0.0036063961649544824,7.290953393571288e-05,0.000533172570996773,0.034569988253641,6.900120453763185e-05,9.191867450071786e-05,0.00010433010494518396,0.0001691562583088316,0.00048411174724324033,0.171896277493226,9.859351002810857e-05,5.851399669576477e-05,0.0015017846724575765,0.00012230541009147924,0.00011318071741724373,0.00020161110672666654,7.358522626616841e-05,9.770223952088839e-05,9.306520209121639e-05,0.03551249176089615,0.0001714154594318984,0.051102629488207804,7.594016498826888e-05,4.5075740853249595e-05,8.677938634570058e-05,0.0013183108286961925,0.0009530231586198324,0.00015578354221083547,0.00683442366875847,8.438692485107448e-05,0.20246667767283164,0.04198459168055768,0.00010814729326936663,0.00011827147273952269,0.05624987960231719,9.478594771824677e-05,0.00011840199048804024,6.767095825479887e-05,4.102090672251367e-05,7.972707367363112e-05,0.0001222123881933108,7.979355163273278e-05,0.0004008339382194344,9.081628835662314e-05,0.12538132386285347,0.000147899568720567,0.00021421356399626486,8.873988038936805e-05,0.0001227887513354206,0.0008250607741920948,5.903429524780525e-05,0.028763756543621746
HenckelvonDonnersmarckLuiseAntoinetteBenedictineFriederikeSophieKaroline,0.0013817964086794874,0.0003462868388622021,9.06407544261991e-05,8.143898893264856e-05,3.286442378638183e-05,2.8743684607013707e-05,0.3805041322606538,3.0742028507468994e-05,0.00015309813052616396,2.6223633414842105e-05,0.0001917680897671965,0.0007132375438340236,2.4817910570829722e-05,3.306071914011133e-05,3.7524782816838047e-05,6.084103776645223e-05,0.008750589775899254,7.149913004795274e-05,3.5461481160192234e-05,2.104593893495465e-05,0.000540152276289148,4.3990025251277466e-05,4.07081143296793e-05,7.251418943128121e-05,2.646666209735583e-05,3.514091470210169e-05,3.347309482831345e-05,0.00019607929020103791,6.165361273249086e-05,7.582904140164063e-05,2.731367134881025e-05,1.6212553286656552e-05,3.1212252947620706e-05,0.0004741615812415992,0.00891924482404177,5.6031225032992484e-05,0.0001701070484340718,3.0351747746071626e-05,0.2403434342804228,0.000516269052024208,3.889772462410627e-05,4.253912454425304e-05,0.07025849849304239,3.4092001575999224e-05,4.2586068330703145e-05,2.4339456122016115e-05,1.4754136560304053e-05,2.8675722369846583e-05,4.3956567731726286e-05,2.8699632735686888e-05,0.00014416937934841483,0.08579733990466402,0.15056746772658844,5.3195568027648994e-05,7.704696041093877e-05,3.1917390867696404e-05,4.4163870329022275e-05,0.0002967525660835616,2.1233076580176928e-05,0.04808351560933812
HenningsJohannWilhelmChristoph,0.005837892607678086,0.490626756199991,0.00038294425061124256,0.0003440681047369581,0.00013884749987262468,0.00012143796497855722,0.049498541111741866,0.00012988068274131015,0.0006468177503096557,0.00011079110836976904,0.07327889558370597,0.003013326824786191,0.00010485212998774636,0.0001396768197255791,0.00015853685161947587,0.00025704470093366755,0.0007356414745319365,0.00030207361963058613,0.0001498196966080124,8.891608818655927e-05,0.002282066273266991,0.00018585157814342884,0.00017198597291540141,0.00030636210064925555,0.00011181786986675144,0.00014846534907591493,0.00014141904815128615,0.0008284070153846525,0.0002604777141891837,0.00032036687710673814,0.00011539636306346352,6.849572367481316e-05,0.0001318673138874532,0.0020032650053133524,0.0014481849813859607,0.00023672392862263345,0.0007186780008469043,0.00012823180222782117,0.14579227315482887,0.20147009569030416,0.00016433733479997783,0.0001797217297382594,0.00695731728278775,0.00014403384082585226,0.00017992006053588785,0.00010283072822964731,6.23341211607179e-05,0.00012115083422653977,0.00018571022489860043,0.00012125185210957173,0.0006090950509532487,0.00013800166729814188,0.00202491189436652,0.00022474368249851342,0.00032551241109168096,0.00013484642095789155,0.00018658604878459768,0.0012537372372419919,8.97067180281185e-05,0.0038570580258146313
HerderLuisevon,0.07212735524140902,0.18886530094402848,0.0006565077918048094,0.0005898597284350891,0.00023803586395016441,0.00020818949521265328,0.022739717053064108,0.03128218969084805,0.0011088843670538184,0.00018993685318776014,0.0013889695198222988,0.005165954408687241,0.00017975525214025833,0.0002394576242834085,0.0002717906802628811,0.0004406694936292524,0.032320687276712376,0.0005178656806300668,0.00025684625903639333,0.00015243499443614824,0.03497183017333312,0.031378144464649024,0.0002948474382886507,0.0005252177199915918,0.00019169710137537013,0.00025452440747127797,0.0002424444468685625,0.0014201953927176268,0.00044655494548815364,0.0005492270760588164,0.00019783195955071047,0.0001174269524246614,0.00022606924875696768,0.0034343356322464862,0.002482723588974217,0.000405832189409666,0.001232079360381039,0.00021983663989043936,0.37417987374410094,0.00373931856003626,0.00028173484941584263,0.0003081093807818654,0.01192740979638128,0.03130645342779231,0.00030844939297369246,0.0001762898234193891,0.00010686369144332814,0.0002076972471225844,0.00031837587186424614,0.00020787042906020653,0.0010442137367574717,0.0002365857947173088,0.12770955143463347,0.0003852936255960818,0.0005580484205462174,0.0002311765378760543,0.00031987735727495066,0.002149368384070049,0.00015379042580922293,0.006612421111816636
HolzschuherJohannHeinrichChristoph,0.008902298075649932,0.002230971682848638,0.0005839579612708173,0.0005246750895458134,0.00021173082719938755,0.00018518274223092163,0.462261628474899,0.00019805718085861405,0.00098634298381999,0.00016894717616801086,0.0012354762870870678,0.004595071440388793,0.00015989073073904375,0.00021299547062933767,0.0002417554422353436,0.00039197167544127297,0.001121791736024867,0.00046063701124018035,0.0002284625097511747,0.0001355895995271406,0.003479960245635712,0.0002834081161902015,0.00026226422762725576,0.00046717658620080066,0.2211879370346586,0.00022639724301212999,0.00021565222329743503,0.00126325142898558,0.0003972067335953175,0.0004885326992514897,0.00017596980449516335,0.00010445025115031421,0.08308262067713766,0.1135635236912543,0.0022083610027394795,0.0003609841968428632,0.0010959238571015743,0.00019554277595111303,0.056557957649094034,0.0033260912819601755,0.0002506006940626396,0.00027406060993604494,0.01060932710149345,0.0002196395634832408,0.0002743630478184663,0.00015680826208287613,9.505432253525072e-05,0.00018474489184330345,0.00028319256431146917,0.00018489893566804572,0.0009288190215862233,0.0002104410032498621,0.0030878213204660826,0.00034271532326401435,0.0004963792083208929,0.0002056295164153718,0.0002845281225032501,0.001911844452189946,0.0001367952439248822,0.0058816909711082365
IndustrieComptoir,0.022698242684390614,0.00568832185228809,0.0014889211088833698,0.14222012949541926,0.0005398513573347864,0.00047216154619845584,0.05157234255706858,0.0005049875794219413,0.0025148846091808267,0.0004307656262368003,0.003150101283601961,0.011716081153398415,0.00040767435312307366,0.0005430758262571137,0.0006164052979914834,0.000999412526851799,0.002860239103348303,0.001174488944505337,0.0005825122284774236,0.0003457136134280341,0.008872875466114316,0.0007226073700684889,0.0006686966708518245,0.0011911629379222658,0.0004347577657302268,0.0005772464055121084,0.0005498497644358208,0.0032209197291368555,0.0010127603859593727,0.0012456147471855078,0.0004486712637134858,0.00026631743050035907,0.0005127117769894363,0.007788871482826852,0.005630671265887191,0.0009204035672071043,0.002794283617636434,0.0004985765861803883,0.07376498198172113,0.5720100039660556,0.0006389580895150201,0.0006987739774267563,0.027050664808277586,0.0005600163095720928,0.0006995451051056789,0.00039981496434164237,0.00024236057507521084,0.0004710451564445792,0.0007220577761531912,0.00047143792290648816,0.002368215418388264,0.0005365626854909908,0.007873036501629125,0.0008738233109025676,0.0012656210383216974,0.0005242948087119893,0.0007254630568681886,0.004874641242277774,0.00034878765216482587,0.014996582671385903
JeanPaulANDRichterCaroline,0.1209901226896305,0.027996193370284448,0.003890830877688,0.00025846784399347083,0.00010430380916416903,9.12255700392759e-05,0.293842773881389,0.0019171102616373364,0.01397422907118067,8.322753117692644e-05,0.0037174115380798397,0.019699161174745967,7.876610357933272e-05,0.00010492680359876792,0.009818592529763293,0.0010013863688781055,0.0076704464844504945,0.002956234752837708,0.00011254624720194056,6.679476909806304e-05,0.03835695130115806,0.0016384654265712742,0.005622173135271187,0.009199813720902244,8.39988460031683e-05,0.00011152884604844877,0.00010623558525779706,0.0006223087007126985,0.0034573723637274854,0.009107093245094674,8.668705048526228e-05,5.145476077922493e-05,9.906021466231893e-05,0.021341121332916865,0.004611844527237034,0.0470264633256372,0.008012909664540862,9.632917726727587e-05,0.14447531244466336,0.015509293226690915,0.0001234520608815412,0.00013500899201260798,0.12039388439955521,0.00010819984702975555,0.00013515798034647206,0.007933065332056245,4.682609542071842e-05,9.100987417733335e-05,0.00013950761717300178,0.0005459713666304116,0.011520425952956584,0.00010366841018676846,0.003285740605963041,0.00134698469617078,0.00024452859747724757,0.00010129815352070445,0.0017110384860332284,0.010828399509595328,6.738869915938317e-05,0.02314727474960894
JeanPaulANDRichterEmma,0.0375599150190304,0.00032535863077497667,0.012172372426995207,7.651713827151517e-05,3.0878227886104326e-05,0.06449212461828835,0.043240515499156064,0.004057953982314954,0.00014384548452915064,2.463878064159731e-05,0.000180178384249296,0.0006701322852512107,2.331801413115256e-05,3.106265992437286e-05,3.525693323352994e-05,5.716404587498236e-05,0.00016359894930701254,6.71780051775542e-05,3.331832937527253e-05,1.977400555490193e-05,0.0005075076072797489,4.1331441964526033e-05,3.824787676959951e-05,6.8131718383058e-05,2.4867121630938744e-05,3.301713668709698e-05,3.145011325560305e-05,0.00018422903276588395,5.792751202120097e-05,7.124623379993483e-05,2.5662940990439763e-05,1.5232730634651587e-05,2.932590772380221e-05,0.00044550512905936417,0.0003220611528294863,5.2644919215752776e-05,0.04850866501694685,2.8517408056097065e-05,0.1331494196477467,0.00048506779070784403,3.654689986354751e-05,3.996822796257617e-05,0.5978495767203214,3.2031615725249506e-05,4.001233465208532e-05,2.286847557847273e-05,1.3862454851880084e-05,2.6942675030307168e-05,4.130000648523937e-05,2.6965140348124883e-05,0.00013545635178801598,3.069012359173583e-05,0.052828227616991935,4.9980638113885204e-05,7.239054659727378e-05,2.9988429894547008e-05,4.149478053277157e-05,0.00027881801369392757,1.9949833340376053e-05,0.0008577692562004392
JungFranzWilhelm,0.10224673019291312,0.06183585499974256,0.00011795494754438371,0.00010598027044710496,0.0056232421683591795,3.7405467678594485e-05,0.18266082586909185,4.000600373377224e-05,0.00019923357952697203,3.4126010131451164e-05,0.00024955656108967885,0.05673291049261394,3.2296678884407895e-05,4.302342160144532e-05,4.8832711254388566e-05,7.917521719361838e-05,0.00022659316963600907,9.304507875805627e-05,4.614764270858273e-05,2.738804016813585e-05,0.039766244155579035,5.724622609154661e-05,5.297532573272793e-05,9.43660218269098e-05,3.4442274439699265e-05,4.573047495674826e-05,4.356006489152368e-05,0.00025516692283309453,8.023265805564261e-05,9.86797898748082e-05,3.554452620776306e-05,2.1098134990096107e-05,4.0617928243042985e-05,0.0006170480905303316,0.04508986523438519,7.291598852473642e-05,0.0002213680601181231,3.949811357961767e-05,0.2569651303087248,0.0006718444626350379,5.0619383043287604e-05,5.535810283096054e-05,0.0021430012170987546,4.436547646847145e-05,5.541919292121091e-05,3.167404428952335e-05,1.9200230790778926e-05,3.731702531984765e-05,5.720268629547355e-05,3.7348140969384266e-05,0.00018761418841007908,4.250743914083437e-05,0.000623715791269251,6.922581873922904e-05,0.00010026472342665814,4.153555637732564e-05,0.08934505957628194,0.1398980325194443,2.7631570920560753e-05,0.012349004030664443
KalbCharlottevon,0.125028384728312,0.030110033483421134,0.00029515318381899636,0.00026518950578729403,0.00010701631265464865,9.359796352265346e-05,0.17978269107105962,0.00010010516404540381,0.06188654749082364,8.539192930035537e-05,0.009297101593048257,0.047650398059732,8.08144787307535e-05,0.00010765550855486942,0.00012219182409303517,0.0001981164666743959,0.005182095142767788,0.00023282237672816617,0.00011547310184725028,6.853182017775186e-05,0.012268007409944007,0.006769593121856124,0.0004537401864883637,0.0020183445526441137,8.618330278193497e-05,0.0001144292423678145,0.00010899832612156899,0.004961960622279491,0.014345642539253097,0.00535236923807091,8.894141615900832e-05,5.279288274556428e-05,0.00010163635430853528,0.010925287561246194,0.023794443803737544,0.002513731181786588,0.0018182712138288867,0.011823987655781866,0.28570196656899216,0.006006792833622148,0.0005187044894001903,0.0010404387144263678,0.03717269409907509,0.00011101367008271452,0.00013867287109105595,7.925648911809333e-05,4.804384526410442e-05,0.010096453627724909,0.0017490480771587202,0.00494782997307413,0.002126805973325957,0.00010636438962162769,0.03419441209736807,0.000887697227631101,0.00444718616393608,0.00010393249254634421,0.00038480385779129906,0.004376096942054474,6.914119586255726e-05,0.04728497258433114
KeßlerGeorgWilhelm,0.021134282236329908,0.0005137068709670766,0.00013446303212495656,0.00012081246956070708,4.8753456426209415e-05,4.264045473991953e-05,0.22094760755050635,4.5604942202371224e-05,0.00022711680825617797,3.890202905541792e-05,0.00028448261467090035,0.007419543274055187,3.681667840791065e-05,4.904465511074818e-05,5.56669691169747e-05,9.02559832770052e-05,0.00025830544019018667,0.00010606696602875422,5.2606118634238064e-05,3.12210636487456e-05,0.0008013008424171144,6.52579760173584e-05,6.038935266491923e-05,0.00010757277832404316,3.92625553302818e-05,5.213056723106096e-05,4.965640294715239e-05,0.038459729737456975,9.146141558451484e-05,0.20367969868021105,4.051906994017711e-05,2.405087079439797e-05,4.6302507049468125e-05,0.12793291074326565,0.0005085005020030015,8.312076018460686e-05,0.00025234906376353836,4.5025971573874796e-05,0.15933705082600302,0.0007658707450849155,5.770369001040807e-05,6.31056052696326e-05,0.02788882055160324,5.057453385220993e-05,6.31752450680375e-05,3.6106904572416655e-05,2.1887350241545773e-05,0.1845253222574936,6.520834271990064e-05,4.257510501697338e-05,0.00021387125481777452,4.845645963763384e-05,0.0007110063479679214,7.891414207536205e-05,0.00011429701769860642,4.734855949463906e-05,6.551587034338807e-05,0.0004402241583166231,3.149867712803101e-05,0.0013543269455152075
LangermannJohannGottfried,0.1410721217061893,0.10966123979014555,0.00031330177217308664,0.00028149566624975316,0.00011359660760661806,9.935318150395603e-05,0.20607150668016638,0.00010626050138878428,0.0005291870738927728,9.064256882787646e-05,0.016932494394221422,0.058860283292201186,8.578365673031816e-05,0.00011427510683780958,0.00012970524165813196,0.00021029839252495838,0.0006018572606508584,0.0002471383241971646,0.00012257339385250566,7.274575335465193e-05,0.020665368937953316,0.00015205249511008505,0.0001407084974308942,0.0002506468994034386,9.148260284350723e-05,0.00012146534880086402,0.00011570049252367143,0.0006777524028271946,0.00021310707586497482,0.00026210475854615626,0.04709021193310143,5.603904897212468e-05,0.0001078858425650714,0.0016389499915332455,0.0011848171643221155,0.0001936731684438793,0.0005879787747896686,0.00010491148730604718,0.2544929039267266,0.0017844953954901292,0.0001344508453772392,0.00014703742472992786,0.020514430164021033,0.0001178397573840242,0.0001471996869659434,8.412986834708654e-05,5.099799930494496e-05,9.911826852821901e-05,0.0001519368484538512,0.010945630082593168,0.0004983246479896542,0.009512064923477427,0.06673523516808484,0.00018387165729502288,0.00026631452253578734,0.000110323167379772,0.00015265339446585293,0.006448946390959241,7.339259876386766e-05,0.0179779859744156
LentzTherese,0.0009670869258900988,0.00024235804375225141,6.343733997844304e-05,5.699723994053397e-05,2.3001040074416325e-05,2.011703128676983e-05,0.2573022225557269,2.1515625354190648e-05,0.00010714979390600796,1.8353306511387078e-05,0.003135448328781705,0.0004991782431646509,1.7369474034091398e-05,2.3138422592573386e-05,2.6262716150572252e-05,4.2581216604659384e-05,0.0001218640526594592,5.0040565634390524e-05,2.4818659671791525e-05,1.4729559477236304e-05,0.000378039920430983,3.078758782615533e-05,2.8490655279307405e-05,0.0060532196550732355,1.8523396591227373e-05,2.459430271981875e-05,2.342703467327515e-05,0.00013723130035664952,0.0120480872651078,5.307096912517418e-05,1.911619851779508e-05,1.1346786125899455e-05,2.184472442077406e-05,0.00033185457937059243,0.09027693186609476,3.9214941384018265e-05,0.00011905393696858489,2.1242476994994587e-05,0.3782971410876956,0.006363793284602271,2.7223605948430318e-05,0.0030310064730027235,0.01915993331582949,2.3860193002731264e-05,2.9804991277291914e-05,1.7034614977304747e-05,1.0326074435164347e-05,2.00694661095804e-05,3.076417169225354e-05,2.008620041432469e-05,0.0061033694433530105,2.286092211075278e-05,0.0003354405349193428,3.723033149579525e-05,5.392336209948426e-05,2.2338233927074067e-05,3.090925792224281e-05,0.07523854858154129,1.486053272980777e-05,0.1386957275826609
LevezowMarieUlrikeWilhelmine,0.16808453241778684,0.00039546658020563936,0.00010351357648464395,9.300497401062166e-05,3.7531837270896397e-05,3.2825869707882614e-05,0.2778314286000377,3.510801889664323e-05,0.029558339919555362,2.9947920230548243e-05,0.00021900304066415719,0.02040353088394641,2.834255628525624e-05,3.775601053865537e-05,4.2854061627908085e-05,6.948169679424476e-05,0.00509610087834104,8.165345394196114e-05,4.049772936657414e-05,2.4034888317355866e-05,0.015308614211945137,5.023749937029817e-05,4.648949065888299e-05,8.281267230656753e-05,3.0225463905847523e-05,4.013163598189271e-05,3.822695192270877e-05,0.00022392651883547398,7.040967385521496e-05,8.659830036252612e-05,3.1192765617849665e-05,1.8515064060020785e-05,3.5645024726512235e-05,0.0005415021246970681,0.08854195483057545,6.398879328286477e-05,0.00019426569295596835,3.466231036629019e-05,0.12755957368083534,0.0005895897087537454,4.44219889656195e-05,4.85805413908665e-05,0.18307887323405367,3.893375595770382e-05,4.863415214532176e-05,2.7796151618887194e-05,1.6849522634362285e-05,3.274825545721137e-05,5.019929020565726e-05,3.277556157904204e-05,0.00016464434977840666,3.730320045299881e-05,0.015239102868123716,6.075041557776927e-05,8.79891885266768e-05,3.645030650603899e-05,5.043603396839961e-05,0.0003388974379214379,2.4248603296611075e-05,0.06470684781281362
LindenauBernhardAugustvon,0.008220934419627584,0.07859816891921012,0.000539263015305891,0.0004845175331262382,0.0001955253834715692,0.00017100923453588828,0.04419131430419282,0.00018289829000767474,0.000910850312620198,0.0001560163054366258,0.0011409154632699991,0.13180662615027686,0.00014765302178629266,0.00019669323368434405,0.0002232519759859564,0.0003619709664595787,0.0010359320948335382,0.025938031210881098,0.000210976457320074,0.0001252118493701202,0.0032136112180442427,0.00026171663961271517,0.0002421910609615869,0.0004314198474265177,0.00015746219344768463,0.00020906926186599616,0.0001991466439462785,0.02667921516545799,0.00036680534398789963,0.00045114140733789465,0.0001625014361793104,9.64558429209498e-05,0.00018569586876870768,0.07935895383978495,0.0020393375759953803,0.00033335520598712983,0.0010120440903659132,0.0001805763325003772,0.3073556315718708,0.003071519069607582,0.00023142023036020487,0.0002530845723364383,0.009797310941128838,0.0002028288012833728,0.00025336386224296235,0.00014480647896582423,8.777905943206402e-05,0.0001706048963198873,0.0002615175856331666,0.00017074714994588292,0.0008577291166029096,0.00019433428000459847,0.2579779899302653,0.00031648459456343664,0.0004583873606787536,0.00018989105451482977,0.00026275092293718915,0.0017655157947331374,0.00012632521621573682,0.005431518394363174
Ludwig,0.01597496222785925,0.25689875291755915,0.00024002487121995434,0.00021565776845732236,8.702795047306282e-05,7.611586244908044e-05,0.13994723779933788,8.140765685653434e-05,0.00040541762142412953,6.944254020349851e-05,0.0005078191520123049,0.0018887171746500312,6.572005966214621e-05,8.754775822729285e-05,9.936900040369623e-05,0.00016111254090091812,0.0004610912682635836,0.00018933612800047688,9.390519201463911e-05,5.5731539466372736e-05,0.013746212856024476,0.0001164895439445779,0.00010779874860313636,0.00019202409655619317,7.008610201619954e-05,9.305630319737683e-05,8.863976614449908e-05,0.0005192355985708862,0.00016326431250536546,0.00020080212275793395,7.232905870592999e-05,4.293229948725581e-05,8.265285347263033e-05,0.006453330804571299,0.016500829861065942,0.00014837572412077136,0.0004504587660646501,8.037415829303439e-05,0.05827417703690041,0.10780528218020521,0.0001030046738109643,0.00011264742835803972,0.015716391976070915,9.02786868855151e-05,0.00011277173972734147,6.445306924279126e-05,3.907028080544082e-05,7.593589233158613e-05,0.2919185480310509,7.599920913116454e-05,0.005579481769836139,8.649779274268867e-05,0.0012691905307399044,0.00014086664929190167,0.02099486042068192,8.452012211497466e-05,0.00011694990134850813,0.006943748008846358,5.622709678470303e-05,0.0336038074975491
LudwigErnstKarlFriedrich,0.008202608935286132,0.0005009595049727684,0.00013112640265769933,0.00011781457162862884,4.75436650302281e-05,4.158235426773735e-05,0.370555373747466,4.4473279531968345e-05,0.00022148102403384435,3.7936695651648025e-05,0.0002774233281143455,0.007235431207485122,3.590309188438045e-05,4.782763777246656e-05,5.4285622537373634e-05,8.801632849130565e-05,0.00025189572645942324,0.00010343497001645824,5.130072545055683e-05,0.03725215791649243,0.013188654178892487,6.363863364263983e-05,5.8890822619701206e-05,0.00010490341637110743,3.8288275656496866e-05,5.083697460549566e-05,4.842420540785031e-05,0.0002836601716578998,8.919184862968999e-05,0.00010969888190940376,3.951361051678247e-05,2.345406107697906e-05,4.515353467403062e-05,0.0006859508487136557,0.0004958823293180245,8.105816220961067e-05,0.00024608715438307954,4.390867575530614e-05,0.3166772692028986,0.02556134045651258,5.627180327235445e-05,0.1179302930320826,0.008585918334654575,4.931955337707633e-05,6.160758456712507e-05,3.5210930713551025e-05,2.1344227149480927e-05,4.1484035981082423e-05,6.35902319693708e-05,4.151862616381773e-05,0.01881941994560608,4.7254038060856955e-05,0.0006933630991541352,7.695592911771221e-05,0.0001114607972799088,4.617362987758877e-05,6.389012845652054e-05,0.00042930022721359134,3.071705401107392e-05,0.06956052461060958
MahlmannErnestine,0.27340153902178915,0.0023339726301757928,0.0005031417442675439,0.0004807181793561719,0.0021131563252417937,0.00036256441725947107,0.1564275575876005,0.0009554347577100786,0.0003645228544652232,3.995194882347577e-05,0.004987926212912652,0.01828284565360485,0.000364695079681907,5.036831236381845e-05,0.0005792520376122656,0.0011544463755250845,0.016887061405599712,0.00010892958803268288,5.402589557688037e-05,3.206368324213274e-05,0.01654849657968659,6.701921163173894e-05,6.201918989147607e-05,0.001813795870947467,4.0322205276226896e-05,5.35375096036038e-05,0.0004888725282424996,0.003341976039864496,0.00048190420142615225,0.0017309928102623333,0.00015129750920197437,2.4699975360385315e-05,4.7552156968566754e-05,0.0032948136824192307,0.005240490238976069,0.0008814766030123214,0.02337405002020812,0.00016688258938809958,0.2670866718349386,0.007831197470891537,0.00021771385795190897,0.001291648004633998,0.10890334065842493,5.193948072364702e-05,0.006311854119721807,0.00024175760379996637,0.0003100398479942274,4.368772909813074e-05,6.69682387902672e-05,0.0001974676013416965,0.0030954945551712773,0.0006995351874630913,0.010614689469938186,0.00035407344377801265,0.0072758869132431726,0.00894010382227767,0.0001747990739306233,0.004710505744592002,3.2348789180985375e-05,0.03425390391890558
MahlmannSiegfriedAugust,0.056400042763845686,0.0037650046970134302,0.0015660188494242145,0.03523430959015753,0.0006985643528126866,8.305787570411941e-05,0.10081750009337419,8.883229890585466e-05,0.0009524075178438527,7.57759248495538e-05,0.12019538823553076,0.030458936192380423,0.0009361281175224374,9.553239741428737e-05,0.0005189865499669286,0.000506414702653921,0.000503144285769755,0.0024921478902305534,0.014271958526155122,6.0814436424389944e-05,0.028337600650712738,0.00012711376775440052,0.00011763034372143654,0.004559406899640018,7.647818158458059e-05,0.00010154333953219167,9.672399999142306e-05,0.012056535634568133,0.0006350407991583482,0.001749159414540187,0.0037340157224697024,4.6847864292281984e-05,9.019106148751861e-05,0.016412084442694423,0.005491724658818705,0.0031004642487984665,0.0016391674121510019,8.770454192504148e-05,0.29985168753075714,0.10333331339374677,0.00011239903377640561,0.0018185672972840005,0.043642328031251586,9.851239561378465e-05,0.0022241967429421036,7.033139797237405e-05,4.2633616994542104e-05,8.286149172884356e-05,0.0028683346032197256,0.0008231973932626595,0.011479715483290309,0.0058595832705938085,0.039960138013610674,0.0001537141440861897,0.00022263523096236804,9.22286310796097e-05,0.00012761611124503217,0.0023380311220689842,6.135519017565536e-05,0.03655622159251715
MannLukreziavon,0.0243923330350676,0.0004557251815812754,0.00011928629573467789,0.00010717646140139744,4.325069224930232e-05,3.782766024226178e-05,0.3314524789464551,4.045754834280034e-05,0.00020148231322633003,3.4511187716421666e-05,0.0002523732863131609,0.03479940811111895,3.266120895186512e-05,4.3509023567974056e-05,4.938388221507442e-05,8.006886162584712e-05,0.00022915070887118532,9.409527122390179e-05,4.666850751235279e-05,2.7697166817527405e-05,0.05714546431810093,5.7892359730658877e-05,5.3573254056319205e-05,9.543112367299596e-05,3.4831021674974436e-05,0.022620088899146285,4.40517239085446e-05,0.0002580469717671076,8.113823773948484e-05,9.979358088064117e-05,3.5945714471814145e-05,2.1336267975803013e-05,0.005684536946577068,0.0796324606014025,0.006094567018357439,7.373898553662005e-05,0.0002238666239542547,3.9943925672531106e-05,0.15828318526303406,0.0006794275180990888,5.119072002754704e-05,5.598292537173941e-05,0.036027952504714064,4.486622610244176e-05,5.604470498102048e-05,3.203154672941284e-05,1.941694228146832e-05,3.773821964158686e-05,5.784832850434137e-05,3.776968649100582e-05,0.00018973177495827605,4.298721725402367e-05,0.08528266412693512,7.00071650957727e-05,0.0001013964034524934,4.200436492641177e-05,5.812114572750063e-05,0.000390536404754775,2.7943446282348607e-05,0.15357490043977454
MayerJohannSiegfriedWilhelm,0.07401171058599999,0.0042068569624173265,0.006375109264581691,0.0005691201962162348,0.00013150579689575953,0.0002320828693882661,0.049397527482286416,0.0010034959276007845,0.0009112363622436545,6.935480790525844e-05,0.0018804664959582637,0.3085499811091527,0.00030802999124288614,8.743715216345162e-05,0.0002443941728551147,0.0007909287940456334,0.0035477824526136837,0.0005776228441830525,0.0002724325766119724,0.00022644310034115859,0.011616053195283096,0.00017355826513741306,0.0003141802515114642,0.028929341835270905,6.999755665500519e-05,9.29387377494352e-05,0.0009283331487183326,0.11936366772522142,0.0008172964161869111,0.0013958984557667106,0.00034127796840961006,4.287805968998297e-05,0.0007588150455885272,0.003996476218913082,0.015683547778993192,0.0008793044067508672,0.001189178382052212,8.027261520999777e-05,0.23444758495033552,0.010963530899847909,0.00279274584389167,0.0021817612732327307,0.043050203667663184,0.0007133729661269856,0.0001126292661963644,0.00016529172027571207,0.0002706684042346246,7.58399564638365e-05,0.0008408018946413243,0.00012613510973192232,0.002018375821134374,0.002831100586650549,0.01767936199789227,0.0016579336587058849,0.0018174634298079523,8.441334110525136e-05,0.00040860263498775085,0.002662835983804241,0.00011850929002935634,0.03491430229542908
MayerJohannSiegfriedWilhelmANDMayerJulieHenriette,0.08789682863270012,0.006021202756566751,0.0021575596988717147,0.0006009563631308604,5.0528251524312e-05,4.4192715350771125e-05,0.08330285613657137,4.726512045029762e-05,0.0013864752004696525,4.03181979906051e-05,0.0010237217120827125,0.30551459427456157,3.815693333866981e-05,5.083005085208261e-05,5.76934400824655e-05,9.354161445962518e-05,0.0037085061524154556,0.0034168886884393484,5.452116401411921e-05,3.2357618772897865e-05,0.0023441222845140505,6.763359293639678e-05,0.008639945153113482,0.012921210924699254,4.0691848673711385e-05,5.402830088863309e-05,5.146406843387336e-05,0.03793212266747885,0.0006097339541896575,0.0066765317871700395,4.199410477833972e-05,2.4926406001949916e-05,4.7988079079948395e-05,0.0039870340101861605,0.01848949769457736,0.0016692807214409259,0.0011148051322885468,4.6665073280593156e-05,0.25348663399555516,0.0018132445613736972,0.013856435410112791,6.540286841988447e-05,0.03313975804061691,5.241562249185502e-05,0.0007016225696344056,3.7421321271051645e-05,2.268412578868968e-05,4.408822506559053e-05,6.758215281457233e-05,4.412498667099916e-05,0.00022165691110760378,5.0220443021385185e-05,0.04408061372708521,8.178689085653422e-05,0.00011845782601065421,4.907221146627914e-05,6.79008755113675e-05,0.012971646611721229,3.264533834677266e-05,0.04869591475868022
MayerJulieHenriette,0.026132505191722024,0.00028820082973136756,7.543671229013334e-05,6.777844708159035e-05,2.7351759122579737e-05,2.3922231005073e-05,0.027595421629494417,2.5585373537697545e-05,0.000127417514315407,2.182489214305985e-05,0.0001596009908101015,0.0005935993773367893,2.0654964659393868e-05,2.7515127975993684e-05,3.123039148364969e-05,5.063558760599181e-05,0.07866131446844997,5.950589595780369e-05,2.9513187181617134e-05,1.7515701963894886e-05,0.00044954735998432236,3.661115686342014e-05,3.387975230349863e-05,0.03574962316564878,2.2027155296285987e-05,2.924639240677296e-05,2.7858331939191906e-05,0.028714607013045474,0.010758093604370873,6.310950979682888e-05,2.2732087571105842e-05,1.3493066397298873e-05,2.597672272745297e-05,0.0003946259164499889,0.00028527994247029326,4.663257084338477e-05,0.16431222675280382,2.526055830754764e-05,0.37847468978509935,0.0004296702977418411,3.237303660792783e-05,3.5403629632537825e-05,0.16554118484746774,2.83734235285675e-05,3.5442699087935284e-05,2.025676595917813e-05,1.227928388101863e-05,2.386566872506744e-05,3.658331149416763e-05,2.3885568376168812e-05,0.000119986468115825,2.718513740554119e-05,0.061070653375868436,4.427256575494777e-05,6.412313558225763e-05,2.6563581108523968e-05,3.675584124072824e-05,0.0002469754150957716,1.767144921898619e-05,0.018604443379912624
MayerJulieHenrietteANDMayerJohannSiegfriedWilhelm,0.017304730053248937,0.0006017514981781622,0.00015750875762757062,0.00014151861434109255,5.710934991117824e-05,4.99486360274694e-05,0.07997342784986419,5.3421209342485494e-05,0.0226213631674706,4.556947860595858e-05,0.0003332403151657018,0.08320892010060724,4.312671806043199e-05,5.745045736874219e-05,6.520777501401938e-05,0.0001057250276879436,0.15678982102183192,0.00012424586728781694,6.162232294440093e-05,3.657206645879669e-05,0.0009386364280239988,7.644259217828671e-05,7.073953161598556e-05,0.00012600976194423723,4.599179576442587e-05,6.106526640983709e-05,5.816705315102262e-05,0.0003407319984434562,0.00010713705999273006,0.00013177006500962848,4.746366540783523e-05,2.8172968575975952e-05,5.423833038084491e-05,0.0008239627091464455,0.0005956528055165233,9.7366893062251e-05,0.00029559936953480603,5.274300847971914e-05,0.4176509339215185,0.0008971339382673158,6.759357111343119e-05,7.392132490451909e-05,0.017765160493326663,5.924254323859331e-05,7.400290032309211e-05,4.229529552549077e-05,0.0074774121837517405,4.983053630941709e-05,7.638445219069321e-05,4.987208596378358e-05,0.0002505268184588629,5.676145060793745e-05,0.13496479006681808,9.243929934574864e-05,0.0001338864740274037,5.5463666582538184e-05,7.67446872169765e-05,0.052678089327845484,3.6897260332026304e-05,0.0015864461126490592
MayerThereseApollonia,0.0185716226840415,0.0011342282656333807,0.00029688481960886507,0.00026674534751455287,0.0001076441672306854,9.414709391453177e-05,0.5299736722580888,0.00010069247156676874,0.0005014577730674418,8.589291566624565e-05,0.0006281173970548361,0.002336138979423911,8.128860962745958e-05,0.00010828711323274556,0.014168594027936306,0.00019927879723040338,0.014616005372003568,0.00023418832357315097,0.00011615057160494899,6.893388987942046e-05,0.0017692153173547477,0.0001440849736301404,0.00013333539924608823,0.00023751305011387202,8.668893206112924e-05,0.00011510058790076047,0.00010963780898299608,0.0006422383073583883,0.00020194030610395846,0.00024837051964267577,8.946322702829912e-05,5.310261359118722e-05,0.00010223264517822944,0.0015530693274070696,0.0011227329729399944,0.00018352473169150408,0.0005571688001523138,9.941414556233758e-05,0.08493686427913084,0.00169098818020809,0.00012740564695570527,0.00013933269197270956,0.1037135898674756,0.00011166497677638648,0.0001394864516987867,7.972147943722334e-05,4.832571395637391e-05,9.392449033351232e-05,0.00014397538683643606,9.400280637020264e-05,0.00047221253234190456,0.0001069884194269416,0.12798101933399628,0.00017423681784046178,0.0002523596928094558,0.00010454225464172406,0.00014465438597531435,0.015017668973968553,6.954684071368431e-05,0.07321868423328845
MerzdorfErnestineAmalie,0.0420245139028272,0.015061918495040119,0.00019014555847661791,0.00017084215737610465,6.894276481295017e-05,6.029830617447535e-05,0.23920701161181115,6.449041842448752e-05,0.0003211682174857237,5.501175991436794e-05,0.003411966009717385,0.13351732125874252,5.2062844088036145e-05,6.935455187162534e-05,7.871923430680419e-05,0.00012763191544062455,0.026449132909688276,0.0001499903889770658,0.0058085829815043314,4.415002763144541e-05,0.01993429162321431,9.228197593627895e-05,8.539720551475854e-05,0.00015211977365123104,0.01713290122780376,7.371837198079369e-05,7.021963078708401e-05,0.006430686231287649,0.00012933652968064984,0.00015907364758091587,5.7298434082375147e-05,3.401058407488487e-05,6.54768520585412e-05,0.0009946929418681012,0.04658228411874892,0.00011754192298456769,0.00035684940984953377,6.367169009628274e-05,0.25193399492728197,0.026733479977006928,8.159938229709337e-05,8.923828629603103e-05,0.03321560240753008,7.15179691551685e-05,0.0017993670492634426,0.013731301422488247,3.095112738038298e-05,0.011095635189013879,9.221178897920238e-05,6.020589445826223e-05,0.0003024375439609991,0.006899474636184155,0.0010054413988607994,0.00011159330099501677,0.00016162858979943906,6.695608559388211e-05,0.06316876006821459,0.02190443275580372,4.4542603711466474e-05,0.007934520110213299
MeyerJohannFriedrichvongenImo,0.003153048730271753,0.16713680056719096,0.00020682838214026078,0.00018583135622279962,7.499160443599025e-05,6.558870589342972e-05,0.12458514386127392,7.014862199858032e-05,0.019919537979801,5.9838333290211034e-05,0.0004375855431010536,0.011412595025868588,5.663068808243186e-05,7.543952050520809e-05,8.562583320608317e-05,0.1077748826056021,0.0003973203299693289,0.00016315011371948357,8.091769340503109e-05,4.802362389959562e-05,0.030587832222527093,0.00010037853072415632,9.288971037463815e-05,0.00016546632447213188,6.0392887690559934e-05,8.018620962254245e-05,7.638049895320046e-05,0.039587805821003325,0.00014068414429345777,0.00017303031127259617,6.232563366388246e-05,3.699457476793372e-05,7.122160247866421e-05,0.001081964435778364,0.01056726112994564,0.00012785471277543817,0.0003881583493098623,6.925806080487343e-05,0.2940145852416381,0.13816938697958125,8.87586770859432e-05,9.706779652098552e-05,0.003757650559679717,7.779274979036405e-05,9.71749150844229e-05,5.553892797736234e-05,3.366669015457932e-05,6.543362643001514e-05,0.00010030218576561088,6.548818623939052e-05,0.00032897254301956,7.453476983757917e-05,0.0010936559314310343,0.000121384175825115,0.00017580941676289863,7.283061970406418e-05,0.00010077521868643804,0.0006771441116921383,4.845064347422169e-05,0.04122358175328288
MiltitzCarlBorromäusvon,0.002636985601237922,0.25435113614219906,0.00017297654184500827,0.00015541612342153768,6.271764188509464e-05,5.485372661205154e-05,0.07964347608215251,5.8667315979285535e-05,0.00029216863152781733,5.004452413736166e-05,0.0003659654116312697,0.0013611246356834894,4.736187792717623e-05,6.309224701369623e-05,7.161135414452686e-05,0.00011610751015616592,0.008515848227498079,0.00013644714608693272,6.767380102497216e-05,0.032774394642039746,0.0010308130532858835,8.394946061306355e-05,7.768634414348875e-05,0.0001383842599493118,5.050831397821742e-05,6.706204003839353e-05,6.387921443180436e-05,0.0003741927983842536,0.00011765820783630966,0.00014471024028995144,5.212472518479678e-05,3.0939629968406165e-05,5.956468050436433e-05,0.07455689804171281,0.000654147515290224,0.04920827523443196,0.00032462802376104346,5.792251396519682e-05,0.33591201386648456,0.14010571708291572,7.423144184656666e-05,8.118059810248165e-05,0.003142631550608801,6.506032054259246e-05,8.127018444686563e-05,4.644880746003308e-05,2.815642407509273e-05,5.472402918360847e-05,8.388561112209989e-05,5.476965912593946e-05,0.00027512922677551995,6.233557793327824e-05,0.0009146560014134398,0.0001015170875083091,0.00014703448637339755,0.008244468123060044,8.428122219818538e-05,0.0005663151524909396,4.0520670672039706e-05,0.00174223939368725
MosengeilFriedrich,0.005768616531584664,0.011230760073565747,0.00014096190846719242,0.00012665158599194695,5.110981177208677e-05,4.470135607578944e-05,0.18067946514321492,4.780912334632012e-05,0.08036995401645097,0.03114543588075573,0.000298232247600076,0.006136142919925437,3.859610459311318e-05,0.04573637511286999,0.1005519881646196,9.461824155122791e-05,0.00027078987615592354,0.00011119340178826041,5.51486811099317e-05,0.0033840209050111382,0.008783026941410024,6.841202891784099e-05,6.330809493299676e-05,0.00011277199310501753,4.1160195803944265e-05,5.4650145324246e-05,5.205639956521084e-05,0.0029310910114760435,9.588193489436673e-05,0.0001179271560666029,4.247744036275471e-05,2.5213299104586833e-05,4.854040294467863e-05,0.044624381776274834,0.007085572003564807,8.713815837484252e-05,0.019796205297730508,0.02630874325271971,0.23189129557966798,0.0008028868616173577,6.049262864983914e-05,6.615562964189404e-05,0.1546762160223663,5.301890563512714e-05,6.622863527573473e-05,3.785202592070651e-05,2.2945211130379708e-05,4.459566314863516e-05,6.835999674050123e-05,4.463284786562405e-05,0.0002242080947376707,5.0798460514684394e-05,0.020100469938882676,8.272822571527889e-05,0.00011982122887078421,4.9637013267217226e-05,6.868238780983907e-05,0.0004615011020427313,3.302107331651538e-05,0.014353323848159513
MüfflingWilhelminevon,0.04313764344431585,0.11059050372709203,0.00021095684803081359,0.00018954070407739288,7.64884990004019e-05,6.689791081146121e-05,0.3765823243713717,7.154884662052809e-05,0.000356319839344523,6.1032756006183506e-05,0.00044632011313538566,0.0016599855671653005,5.776108354212416e-05,7.69453558455155e-05,8.733499578852675e-05,0.00014160113339066192,0.00040525117298481584,0.00016640672517948096,8.253287761576641e-05,4.8982215226175565e-05,0.051159219323858716,0.000102382169373505,9.474386596439158e-05,0.00016876916941802075,6.159837977188067e-05,8.178679281085403e-05,7.790511700304745e-05,0.00045635397991539763,0.00014349231638786244,0.00017648413966272596,6.356970495635108e-05,3.773301713490705e-05,7.264324468009223e-05,0.0011035613424585746,0.0007977781062154836,0.00013040679878596393,0.00039590631159954615,7.064050908745416e-05,0.15017714530809914,0.0012015620637795925,9.05303738281795e-05,9.900535017228393e-05,0.04375431362722658,7.934555753714626e-05,9.911460691100858e-05,5.664753100069844e-05,3.433870518710388e-05,6.673973583345425e-05,0.00010230430050632569,6.679538470183431e-05,0.0003355391075728892,7.602254560486227e-05,0.17078252951700573,0.00012380710455646776,0.0001793187184014493,7.428437922258204e-05,0.00010278677555621918,0.020651489093607072,4.9417758465349986e-05,0.022085609979594467
MüllerFriedrichTheodorAdamHeinrichvon,0.05943340879405948,0.07407496967190087,0.0002133399058931686,0.00019168183611128621,0.006319696262900298,6.765361793271614e-05,0.27270282859401623,7.235709268162104e-05,0.019087376131398156,6.172220785578875e-05,0.0004513619340796344,0.04913149601957845,5.841357719453737e-05,7.781456315938559e-05,8.832156887356923e-05,0.00014320071973922038,0.0004098290617948962,0.0001682865259941471,8.346520394098868e-05,4.953553906562379e-05,0.003352130275469657,0.008426663678280611,9.581413278343023e-05,0.03554395672286427,6.229422114699579e-05,8.271069104627061e-05,7.87851661852607e-05,0.0004615091476665556,0.06464933167982852,0.0001784777792175926,6.428781525529572e-05,3.815926527045269e-05,7.34638535249712e-05,0.06770102729120052,0.006738384964524669,0.00013187992919179006,0.00040037863689934143,7.143849418323561e-05,0.1305387607790064,0.0012151354175243322,9.155304325629722e-05,0.0001001237565210023,0.011888327745742671,8.024187854543237e-05,0.0001002342474701006,5.7287445492189595e-05,3.4726609737930637e-05,6.749365614319544e-05,0.00010345997319460329,6.754993364475125e-05,0.0003393294993799965,7.688132846358916e-05,0.1276505328547196,0.00012520568202234648,0.020989156770005596,7.512352701801498e-05,0.00010394789848691254,0.022965558296206223,4.997600238561188e-05,0.012241941082323696
MüllnerAdolph,0.0007798467084068441,0.0001954344719345256,0.0024713126145441853,4.59618559262291e-05,1.8547748823569454e-05,1.6222120485669542e-05,0.04775487152786932,1.734992911452843e-05,0.02186782213138256,1.479987505581648e-05,0.00010822847175101108,0.02218394893195409,1.400652494580788e-05,1.8658532354717725e-05,2.117792330301291e-05,3.4336956399797464e-05,9.826963615719226e-05,4.035208144384616e-05,2.001345435861657e-05,1.1877731119188913e-05,0.09711114835182302,2.482672279321285e-05,2.297450533670732e-05,4.0924952174985705e-05,1.4937033552478012e-05,1.9832535740217186e-05,1.8891265499087927e-05,0.0170517643928239,3.4795550667823245e-05,4.27957606252777e-05,1.5415061554713255e-05,9.149905323282927e-06,1.761531045403792e-05,0.0002676033502921165,0.03165550182314252,3.162243448855116e-05,9.600359428122152e-05,1.712966572028418e-05,0.24939042323268001,0.00029136761272824195,2.1952772725479905e-05,2.400787557846328e-05,0.0009293834859497396,1.9240558916672352e-05,2.403436932031505e-05,1.3736498822794235e-05,0.3896536912577728,1.6183764526269275e-05,0.11619236990983126,1.619725885870511e-05,8.136510938348914e-05,1.843475946364081e-05,0.0002704950196512203,3.0022070087618013e-05,4.34831195766698e-05,1.8013270299996258e-05,2.4924836025234908e-05,0.0001674787330593135,1.1983346299347807e-05,0.0005152396948189293
MützschefahlAntonievon,0.1558869914992963,0.01154766064147781,0.012507736880433646,0.0001649140996747574,0.0023250789809314398,5.8206013242884286e-05,0.36168351203199023,0.013195189734718206,0.00031002399082448565,0.005893515793702828,0.0003883307281290036,0.017096971190430032,5.0256313729310456e-05,6.69480159693599e-05,7.59877529772323e-05,0.0001232032113614561,0.00035259778452464605,0.00014478586748096857,7.1809563396016e-05,4.2618064354143173e-05,0.02040981252936923,8.907988058378188e-05,8.243400504011911e-05,0.004387824873136479,5.359503854831948e-05,7.11604157394108e-05,6.778307748275681e-05,0.0026555893802018577,0.007719343894820013,0.005725103006415062,5.5310233812289636e-05,3.283044968680999e-05,6.320486859107008e-05,0.023017237904431904,0.005229414995700645,0.00011346333188924538,0.0009380212584306298,6.146234400378333e-05,0.13801366209051139,0.02296435448768099,0.0006568807831375022,8.614180403160013e-05,0.028151490081562185,6.90363647646218e-05,0.0023986881473675287,4.928744260633111e-05,2.9877153181914312e-05,0.00808863611151873,8.901212904626344e-05,5.811680812388584e-05,0.00029194325356341535,6.614510442194984e-05,0.02315017826687184,0.00010772112133197303,0.011140163823882908,6.463277415276591e-05,8.943191718019497e-05,0.08032547326324904,0.00237976477771132,0.028970352647573503
MützschefahlAntonievonANDSchwendlerAugusteSophieHenriette,0.12806576133114636,0.007996859521768417,8.12351597952524e-05,7.298824156295052e-05,2.9454153760815888e-05,2.57610147547512e-05,0.4101985982238511,2.755199483989081e-05,0.00013721146934819116,2.350246381280201e-05,0.00017186873073251596,0.0044824794886043325,2.2242609781532222e-05,2.9630079971141792e-05,3.363091743559981e-05,5.4527695145023604e-05,0.00015605392335889666,6.407982029095003e-05,3.178172011983933e-05,1.8862047466895272e-05,0.00048410184531115546,3.9425275675461574e-05,3.64839215369445e-05,0.003908242607976468,2.372027393567458e-05,3.149441814830526e-05,2.9999664327967198e-05,0.01939199786131321,5.5255950968021145e-05,6.796042612816762e-05,2.4479390872923604e-05,1.4530211771382953e-05,2.7973425109058088e-05,0.004268211920474011,0.00030720800270063995,5.021698625406907e-05,0.00015245540871012837,2.720221266720444e-05,0.1846574925578752,0.00046269693146340116,3.486139204725838e-05,3.812493179010545e-05,0.01300563661894652,3.055434846387154e-05,3.816700432158216e-05,2.1813803513864083e-05,1.322313178773412e-05,0.007712206222440323,3.9395289970197984e-05,2.572153405063341e-05,0.00012920923532787449,2.927472465530388e-05,0.000429550883836516,4.767557923013302e-05,6.90519643216032e-05,2.8605392395491925e-05,3.958108122628271e-05,0.08866077954821609,1.9029766244277213e-05,0.12380230764644767
OertelAuguste,0.0840764062833171,0.001073893959179898,0.013579629334241495,0.00025255605596749683,0.0001019181274462692,8.913901944834643e-05,0.009736303354655432,9.533622131173255e-05,0.000474783153971402,8.132391518105981e-05,0.0005947052271495941,0.06870455530496375,7.6964531280054e-05,0.00010252687248341188,0.00011637068771930906,0.00018867833135763083,0.0005399823664443921,0.00022173087518254892,0.00010997204088560845,6.526701032524795e-05,0.02827217751501743,0.00013642049618962416,0.00012624273625843238,0.00022487874572694203,8.207758816186518e-05,0.00010897791017018696,0.01340234276884866,0.027205149087107573,0.00019119826353373334,0.00023515866141256557,8.470430687140397e-05,5.0277865294068704e-05,9.679446669985318e-05,0.0014704551274418126,0.001063010148789633,0.00017376228991574288,0.0005275306804252085,9.412589477022762e-05,0.2400011647298158,0.014899574554072422,0.00012062841209016674,0.0001319210081069616,0.2045849301956245,0.00010572505345311672,0.00013206658871538278,7.548076324540415e-05,4.575506876636093e-05,8.892825707520536e-05,0.00013631673877206478,8.900240715703359e-05,0.00044709358891513164,0.00010129726158837885,0.2009644003232469,0.00016496843873055157,0.0002389356339107209,9.898121845526507e-05,0.00013695961913012266,0.0009202798152403443,6.584735576199532e-05,0.08262241574297938
OertelLudwigChristianvon,0.013465176590106345,0.04155711805346287,0.000215253485975157,0.00019340115131453385,7.804636920077105e-05,6.826044587336091e-05,0.16021115695116026,7.300610905184236e-05,0.0003635771403344697,6.227583324094445e-05,0.0004554104837553575,0.01187748430810142,5.8937525385895144e-05,7.851253102211164e-05,8.911378069300757e-05,0.00014448517725255868,0.0004135050769613386,0.00016979599391512144,8.421385596242792e-05,4.99798545372637e-05,0.04201750931433025,0.00010446742575584414,9.667355013106504e-05,0.00017220655494935413,6.285297727989465e-05,8.34525753659951e-05,7.949183999828729e-05,0.0004656487140966281,0.00014641487868943692,0.00018007865891217416,0.04079962120037015,3.850153977207085e-05,7.412279713077693e-05,0.01130972718067386,0.0008140267547629402,0.07141888715096409,0.0004039698852483864,7.207927106454136e-05,0.32635857622516923,0.15398137253489644,9.237424020624058e-05,0.00010102182960025262,0.003910717541169174,8.096161852976876e-05,0.00010113331161231472,5.780129269851934e-05,3.5038094588508784e-05,6.809904928572765e-05,0.00010438797090398349,6.815583157566606e-05,0.00034237315953596293,7.757092555611999e-05,0.02150558411335292,0.00012632873070030795,0.0001829709705885988,7.579735728145562e-05,0.00010488027270577396,0.08217424090672441,5.042426865038845e-05,0.01235174676786544
OsmundEmanuel,0.035050548388603914,0.005481589253817888,0.0045632784880797325,0.00044119195551496035,5.8010527683465807e-05,0.0005551230138188181,0.16015742971816813,0.0008684586262072126,0.002109803860323181,0.00035904938151799033,0.001172028579439034,0.011266252049241867,0.0012536356434295637,0.00012231066167325057,0.00016190008082043282,0.00043392995335387674,0.007198177528613288,0.0006944168528774932,6.259471481719562e-05,0.0009701064241710577,0.3645275793824359,0.0014703490893811018,0.001739470998251579,0.0005418775738803452,4.6717540044739905e-05,0.00013762994032425255,0.0006959064004890014,0.0032433719645230535,0.0011207641042210903,0.0004182358525437925,0.0005549554565004059,2.8617534187377804e-05,0.0005090279031460725,0.007454640389227006,0.06793939147309393,0.0029997377779204036,0.0014430756166188769,0.00663270891967354,0.18900091005452904,0.0102639845382534,0.0007245622154441901,0.00041084626508756396,0.053762678637446465,6.017738251138209e-05,0.000139124299925581,0.00046437570552139526,0.00011430972193773154,5.06168553932984e-05,7.75897884547143e-05,0.000577032834056403,0.001034104599153581,0.00012819727905613354,0.01350026673874302,0.0005264389730188879,0.0015032772956314949,5.6338875695783026e-05,0.00016138411065170398,0.0060528574779685086,0.0005195937905556276,0.026387438942329405
OsmundEmanuelANDBraunHenriette,0.03105133939285853,0.0005801362773625745,0.0001518509626959146,0.00013643519351412344,5.5057952926372886e-05,4.815445553861332e-05,0.09146894559236053,5.150229224851976e-05,0.0002564861540982837,4.39325996858377e-05,0.00032127015303271103,0.008378992880974661,4.157758434535176e-05,5.538680763003525e-05,6.286547846787288e-05,0.00010192733075469489,0.00029170790768737854,0.00011978289234719576,5.940881766581778e-05,3.525837917329335e-05,0.5397125728149177,7.369673526783099e-05,6.819853155050989e-05,0.0001214834270076553,4.4339746996515456e-05,5.887177088617405e-05,5.6077662926223985e-05,0.0003284927312250284,0.00010328864213870407,0.0001270368170481516,4.575874633141645e-05,2.7160981171467598e-05,5.2290061882303246e-05,0.04389897776316624,0.000574256652852767,9.386942458890264e-05,0.0002849812893725002,5.084845270674787e-05,0.14402102600888142,0.000864908429505783,6.516557555421054e-05,7.126603320083496e-05,0.08178394518734437,5.711452086115659e-05,7.134467838875476e-05,4.077602693204001e-05,2.4717687475266416e-05,0.02160034670547312,7.364068369825364e-05,4.808065519226934e-05,0.0146097318389599,5.472255034359545e-05,0.0008029493067023918,8.911883255265228e-05,0.0001290772035742607,5.3471383382490797e-05,7.39879788986085e-05,0.0004971512332122307,3.557189191668944e-05,0.015897664230544704
OttoGeorgChristian,0.012369651316152698,0.007650536356376094,0.0003033893597103319,0.07488874228676438,0.00011000257613607654,9.620979132226859e-05,0.054618488188858734,0.00010289857365068373,0.0005124443644277096,8.777476976413808e-05,0.015313873895730051,0.008041774902904902,8.306958657943338e-05,0.00011065960863827837,0.000125601556431652,0.0011144384382167935,0.006017127560782903,0.00023931922701234907,0.00011869534991934051,7.044418350663088e-05,0.00733341319891106,0.029568212288573217,0.0009187638205314714,0.0019012466641264688,8.858822632510614e-05,0.00011762236180179476,0.00011203989719385979,0.026751120151678836,0.0002063646778885657,0.0057185736312137915,9.142330416723417e-05,0.0035182136442770116,0.00010447249139575212,0.0029797511355527315,0.005056700600212723,0.0001875456310371527,0.0005693759814041255,0.00010159224041176507,0.31099159640386714,0.3613473023065759,0.002261857071117253,0.00014238537443581365,0.019928029940519,0.00011411147882498661,0.00014254250293064622,8.14681216556798e-05,4.9384496769100316e-05,0.012446455862065468,0.007075024966160779,9.606234253810425e-05,0.00048255838079949736,0.00010933246135361177,0.002730443476992876,0.0001780542254475208,0.005112700565897346,0.00010683270279771507,0.00014782366305613343,0.0009932791445353044,7.10705636677527e-05,0.008091522108404157
PohlEduard,0.0013195523691361224,0.004425755219513407,8.65577747142049e-05,7.777050954186787e-05,3.1384021549930544e-05,2.744890410963873e-05,0.6459236744231827,2.9357231133526757e-05,0.13937848403035716,2.504237048421687e-05,0.012468331135577444,0.0006811092320195188,2.369996946369464e-05,3.157147463450739e-05,3.583445126666449e-05,5.8100408295419334e-05,0.016546547252044026,6.827839894019568e-05,3.386409255667813e-05,2.0097909075370307e-05,0.0005158207181568537,4.200846208172861e-05,3.88743872609472e-05,6.924773422408528e-05,2.5274451760275102e-05,3.355796625139762e-05,3.196527455533745e-05,0.00018724675378956193,5.8876380222109775e-05,7.241326623976292e-05,2.608330685456863e-05,1.5482246852557518e-05,2.9806273966559504e-05,0.00045280262269505647,0.0003273366009888357,5.350725712808982e-05,0.00016244445083081556,2.8984530857208705e-05,0.024763630464130583,0.0004930133313642304,3.714554789644813e-05,4.062291826839291e-05,0.0097627127716859,3.25563021915748e-05,4.0667747437319206e-05,2.32430673488172e-05,0.1310562375897424,2.7384003281627924e-05,4.197651168085055e-05,2.7406836587383605e-05,0.00013767516320142042,3.119283605671277e-05,0.0004576955190969133,5.079933438639281e-05,7.357632318797943e-05,3.0479648428353615e-05,4.217447617957972e-05,0.00028338512762310684,2.0276616967181656e-05,0.009061954000944795
ReckeElisavonder,0.13133219965525905,0.5134054134015553,0.00011413343539832156,0.00010254671467697356,4.1382373887676866e-05,3.619360287733979e-05,0.2037413565475331,3.870988659441705e-05,0.0001927787969178808,3.302039341143263e-05,0.0002414714112151909,0.0008980976785571494,3.12503289584093e-05,4.1629545959618515e-05,4.725062586442582e-05,7.66100933012215e-05,0.00021925198922767648,9.003059817875351e-05,4.4652548345909836e-05,2.6500720642009266e-05,0.0006801513879862905,5.5391559094702344e-05,5.12590276465197e-05,9.130874524721056e-05,3.3326411367827774e-05,4.424889602232801e-05,4.2148803045100696e-05,0.000246900008089963,7.763327512467129e-05,9.548275555426357e-05,3.439295231063696e-05,2.041459622548792e-05,3.93019859332025e-05,0.0005970569259225152,0.00043161981608030327,7.055365153429727e-05,0.00021419616315150112,3.8218451098870476e-05,0.13524672699711793,0.0006500780015609206,4.897941294323472e-05,5.356460737565656e-05,0.002073572122765197,4.292812084482283e-05,5.362371826514633e-05,3.064786652006795e-05,1.8578180451207112e-05,3.610802587994671e-05,5.5349429903805203e-05,3.6138133442623764e-05,0.000181535851598366,4.113028033269219e-05,0.0006035086060544949,6.698303611212885e-05,9.70163403246915e-05,4.018988469085677e-05,5.5610462126519666e-05,0.0003736662392628387,2.6736361469105e-05,0.006549242561160195
RichterCaroline,0.12159196169571473,0.02889785504234461,0.003152304277548011,0.01273059166573207,0.002393289353109643,0.0003653370267275291,0.24759901619465588,0.00023460752556342802,0.002862248675154733,0.00022572398430523185,0.002034600029761234,0.018311243595519337,0.0016351747166884725,0.00029585153330700546,0.0011581313142303051,0.0020406294501309785,0.010264767227130276,0.0010607759000069062,0.0025732109041808025,0.0002521499878930243,0.011829442402946888,0.0015822679140504244,0.001419991313660121,0.0011752585178677487,0.0014165839482507905,0.0015173750850772233,0.0006065889034998399,0.003233258095041134,0.002827450616239965,0.002830573780876553,0.0004920691359299749,0.0008131514220041837,0.00023949267928812128,0.009503810090600391,0.008422532331155846,0.0014230094394486806,0.04681313429609508,0.0016537966510139842,0.16591905887892208,0.0127444643256681,0.0011532684712827494,0.0031048838248893844,0.16168797093068238,0.0022252693686684905,0.0038037705368057367,0.00012793679723493596,0.000400858976273381,0.0013364211202980243,0.0072549666579350474,0.0006489449167611872,0.001841508352868321,0.0017669019254164177,0.016485287096278164,0.0025037123709798176,0.0022084128484342693,0.0003868716301945046,0.00039671645881386475,0.00725177396752534,0.0008461475734941947,0.048425596247822486
RichterCarolineANDJeanPaul,0.05207747842438784,0.015679371380663897,0.0009479622164872814,0.0009134692898219891,0.00016975294194693325,0.0002730717902975845,0.30050576844632265,0.00015879024121888863,0.011162949791183078,0.00013545160413102846,0.009740073507024695,0.01624633354429967,0.007858911272325061,0.0005721475840449867,0.004882449901149723,0.0017316574955001998,0.014309755096810884,0.001517452561940537,0.00046380032804741687,0.00010870752134484269,0.03706942083466466,0.00022721944712198307,0.00021026755903259234,0.0020824535817794173,0.00013670690786318426,0.0010585464182463588,0.00017289687962000487,0.005170811874743714,0.0008781997570150281,0.00043165757992550796,0.0001410819218060801,0.001383977399810436,0.0016516181562658383,0.02182589749218996,0.01759314559297621,0.052706524143391616,0.003689637079623094,0.000156774343789403,0.16117273057050324,0.006412865561549865,0.004922012946175972,0.0013139795589890524,0.16068790061906849,0.0049849269016759784,0.0036759585587090964,0.0001257193586887897,7.620879353546564e-05,0.0001481172548886139,0.0003469916614838177,0.00014824075788902552,0.0025650005141351815,0.008301512016149832,0.009984295522028418,0.0003590608314541561,0.0009084535351020648,0.0006180091805187155,0.008896942532187223,0.005364816467751099,0.0003697212379958783,0.03257434371070582
RichterCarolineANDOttoAmöneANDOttoGeorgChristian,0.00617342783799842,0.0015470997011834448,0.0004049541257431861,0.0003638435577175352,0.038463763151879785,0.0001284176609556847,0.3397205047302181,0.0001373456273243008,0.0006839938611788398,0.00011715887197258071,0.0008567589670752961,0.003186518998423523,0.00011087854841461921,0.00014770480122962295,0.00016764882105728965,0.00027181844870987124,0.0007779227647471119,0.0003194354226557292,0.00015843064404849402,9.402657618862041e-05,0.09820556729199452,0.0001965334724961507,0.00018187093601974808,0.00032397038584922164,0.00011824464700039109,0.03847393379084206,0.00014954716493622254,0.07750989071443698,0.0002754487757857661,0.0003387800924775788,0.00012202881553573125,7.243254299707325e-05,0.00013944644089618872,0.002118403468817535,0.00153141999681545,0.00025032973182090795,0.0007599843085756848,0.0001356019767387936,0.0966963398052772,0.002306526285380275,0.00017378268934620882,0.00019005130858354072,0.21810033624541994,0.00015231224387353114,0.00019026103852369096,0.00010874096577584044,6.591679989532994e-05,0.0001281140272479802,0.00019638399491660985,0.00012822085117455002,0.000644103034474525,0.00014593336874132561,0.0021412945215428165,0.00023766091622271708,0.00034422136810197704,0.00014259677334609256,0.0001973101571334153,0.03964273162620947,9.486264779895028e-05,0.02323721165825605
RichterCarolineANDRichterEmmaANDJeanPaul,0.013317346507817995,0.003337410486275597,0.0008735688751552699,0.0007848849715124723,0.00031673762979401494,0.00027702316015486576,0.23690181302170016,0.0002962826096634804,0.0014755146569417632,0.0002527356495398533,0.001848204326289052,0.006873973223522768,0.0002391877071005192,0.00031862946655597947,0.000361652796507131,0.0005863679893374393,0.0016781385133702316,0.0006890875413159287,0.00034176730329039414,0.00020283455624769988,0.0052058284311243715,0.00042396289748558103,0.00039233280735350237,0.0006988703844677037,0.00025507788835017606,0.0003386777782530152,0.0003226038218927659,0.001889754405361112,0.0005941993473568573,0.0007308179507184994,0.00026324111386306177,0.00015625180999073615,0.00030081449422086583,0.004569829562752872,0.003303586156958348,0.0005400124318856638,0.0016394415944267914,0.0002925211987188458,0.16726504914744886,0.12896184877259306,0.0003748848049764061,0.0004099795441185336,0.3878295671535757,0.00032856866270664146,0.00041043197449584415,0.00023457650414541317,0.00014219601944472172,0.00027636816014465007,0.0004236404437736185,0.00027659860120313304,0.0013894619848047675,0.00031480812436474883,0.004619210245425618,0.000512683205466868,0.0007425558951532965,0.00030761040565793784,0.00042563836510473534,0.0028600137652663553,0.00020463813371427025,0.008798685019141463
RichterEmma,0.030163774001004152,0.003223769801393639,0.017704424886247922,0.0006804011093855513,0.00013327013273061602,0.0214615782076194,0.20074445118974155,0.002567589454193384,0.011217860189775731,0.0015634620395563713,0.0028875515255072097,0.008488110108158869,0.00010064032332864367,0.009495165730603328,0.00015216858263493433,0.004996409561178219,0.006266657373504526,0.002056782739984789,0.0048248917838894356,8.534441661089097e-05,0.03564261177959627,0.00411558819062156,0.00016507746599158407,0.005105740762604823,0.002651916361448734,0.015346169667552596,0.0001357383844509192,0.0007951307225305903,0.0006001684623913625,0.002430725027155765,0.00266027643526323,6.574431800353733e-05,0.006488850705123312,0.016929277980903653,0.00754497285763675,0.0002272149618609827,0.008315093968410679,0.0029617856160039768,0.14595355145134825,0.0034857876089860068,0.0001577360661263646,0.012545544075519712,0.31098737901138807,0.0006270336356447808,0.0001726928491367511,0.002221927090850446,0.009325382100625024,0.010805597610533032,0.00057415092037533,0.00011638128478582435,0.0010980306110206985,0.009297778544531982,0.01236271657743425,0.0002157159504090545,0.0003124368985501929,0.0030143399897589133,0.0018683875184487058,0.0037583004052469835,8.610328763141383e-05,0.030016639687048714
RichterEmmaANDJeanPaul,0.0017493827588302097,0.0004384062816419333,0.00011475306495555926,0.0001031034400150808,4.1607038482411766e-05,3.639009767351809e-05,0.18313149709492965,3.8920042275857016e-05,0.00019382539154777305,3.3199660877429196e-05,0.00024278235767969232,0.0009029734440589801,3.141998675788281e-05,4.185555244966186e-05,4.7507149154742984e-05,7.702600891811769e-05,0.00022044230661832104,9.051937361508954e-05,4.489496669303617e-05,2.664459285386884e-05,0.006112836358671049,5.569227944993193e-05,5.153731251978405e-05,9.180445973431072e-05,3.3507340202994264e-05,4.448912294404367e-05,4.237762857793241e-05,0.00024824042636582453,7.805474558794553e-05,9.600113071173991e-05,3.457967138851245e-05,2.0525426913938145e-05,3.9515356117472896e-05,0.0006002983434559834,0.00043396307679614414,7.093668677466421e-05,0.01650233633433696,3.842593878072336e-05,0.04368810907762862,0.0006536072701128691,4.924532180552263e-05,5.385540922382626e-05,0.6807088837733114,4.316117728809287e-05,0.04891484674653488,3.081425355552197e-05,1.8679041252313192e-05,3.630405607925364e-05,5.5649921539976146e-05,3.6334327095660685e-05,0.0001825214083631834,4.135357631342444e-05,0.0006067850497105858,6.734668650838427e-05,9.754304130228333e-05,4.0408075270764566e-05,5.591237090465274e-05,0.011233679738339504,2.6881512973232e-05,0.001155805915527364
RichterEmmaANDJeanPaulANDRichterOdilieMinna,0.0015551909954362494,0.005216082988732225,0.00010201480060140341,9.165835246780198e-05,3.6988412780451203e-05,3.235058304950047e-05,0.24485064552585245,3.459968893822035e-05,0.00017230963441275033,2.9514303480754872e-05,0.00021583208969472097,0.0008027380870368352,2.793218364359573e-05,3.7209340237382304e-05,4.2233576506554545e-05,6.847566942065386e-05,0.00019597191554308885,8.047119136629157e-05,3.9911361643982425e-05,2.368688651711107e-05,0.0006079332316777838,4.951010925348885e-05,4.581636806192579e-05,8.161362537673608e-05,2.978782859364707e-05,0.09174005578654508,3.7673462848354814e-05,0.00022068428069197383,6.939021027657333e-05,8.534444122133192e-05,3.0741124717908936e-05,1.8246983945003892e-05,3.5128919446104546e-05,0.0005336617007374161,0.00038579062585278215,0.0048894046776824865,0.00019145291471536129,3.4160433833774655e-05,0.08710189611259829,0.0005810530233594577,4.377880178179028e-05,4.787714241361059e-05,0.5568827748899936,3.837003304854479e-05,4.792997693649712e-05,2.7393690385220265e-05,1.660555793884967e-05,3.227409257767111e-05,4.9472453320379746e-05,3.2301003333422725e-05,0.0001622604597695796,3.676308640124506e-05,0.0005394283444900634,5.987080866187538e-05,8.671519067800566e-05,3.592254152889049e-05,4.970576926375622e-05,0.0003339905327202248,2.389750711138151e-05,0.0010275046688479267
RichterEmmaANDRichterCaroline,0.019895340163767164,0.004985896916596474,0.0013050610282979856,0.0011725724406511586,0.06221590835641764,0.0004138564691762939,0.6626311168871118,0.0004426289651923616,0.002204332972732001,0.0003775723426700781,0.002761109635623017,0.010269315698763796,0.0003573325056130898,0.0004760138680486695,0.0005402882175862183,0.0008759996296682668,0.002507041214690873,0.0010294566585803014,0.0005105804487270834,0.00030302301521896425,0.007777204521233081,0.0006333758798977144,0.0005861223671788787,0.0010440716565574947,0.00038107151105537117,0.0005059648782358414,0.00048195132348024725,0.002823183034140113,0.0008876992224999993,0.0010917994601098717,0.0003932668945964587,0.0002334311049986605,0.00044939933681250184,0.006827059248479704,0.0049353653383137535,0.0008067471262928605,0.002449230271255745,0.0004370096362821098,0.1263988013920228,0.007433329788331866,0.0005600560676899557,0.0006124855642703299,0.02371030151981021,0.0004908624483011798,0.000613161468907318,0.00035044363692576184,0.00021243257244418708,0.0004128779373041329,0.0006328941528297286,0.0004132222028260614,0.0020757752917283877,0.0004703050053460237,0.006900831112770882,0.0007659188535062838,0.0011093352655510377,0.0004595520327481382,0.000635878930951983,0.0042726940160058725,0.0003057174549249565,0.013144723038249113
RichterMax,0.06675803639517817,0.015443746156181543,0.002093413041856928,0.0009096155530154064,0.0029316541836902315,0.0014077298523906654,0.13574230770842652,0.0003772660973992015,0.0025142448993561335,0.0004227511429167194,0.0014168655657586411,0.018989513861355903,5.866101454919131e-05,0.002602205781894365,0.0025996419529235493,0.04562450435342304,0.004749922838735797,0.0033816387523912324,0.0018402928625724508,4.974536943959549e-05,0.01711715668826574,0.004816792722025079,9.621999725352486e-05,0.0011050921314037364,0.0012189494978529065,0.008479074345901968,0.004305479284464385,0.0017378351352559387,0.0015260319829180143,0.0010308650653568256,0.0022291650305753252,0.00661655913547729,0.0002337511306942002,0.014532134100470391,0.013751054500943181,0.00013243856679589518,0.008763307228105277,7.174110451580078e-05,0.16592348840343182,0.010785027617236133,0.0010892490009631638,0.0033131405018755225,0.2994072458812569,8.058177962859357e-05,0.001585718345268896,5.7530112602273595e-05,3.4873710135857585e-05,0.001626834705615396,0.00010389822510981439,6.783607220518287e-05,0.002436903996968075,0.0022423245290770035,0.012336570983519302,0.031040825958537147,0.0030056192391154017,0.008567206989371514,0.00010438821723229223,0.006612328092582778,5.018769854291604e-05,0.051850814907993294
RichterOdilieMinna,0.07825556659043413,0.005330891820252674,0.0003074483690540824,0.0002762364951975633,0.0008678131708573649,0.012812890703120876,0.04726889426025463,0.00010427524115248905,0.0005193002952532017,8.894909773318207e-05,0.012272172707129624,0.009873984934928253,8.41809644749184e-05,0.00011214011008324468,0.00012728196437882737,0.00020636939698117604,0.0062646984036916495,0.0002425210498432807,0.00012028336056955692,7.138664766997298e-05,0.009752090482898835,0.0001492117050853225,0.00013807964681182601,0.010127754028778628,8.977343743054245e-05,0.00011919601707448896,0.00011353886535153324,0.0006650899847339141,0.0008968084783617547,0.00025720786696288003,0.0031180019799713302,5.499207390471826e-05,0.00010587021615164048,0.01125280724106106,0.0017931352350551663,0.00019005478122451007,0.0202063803137732,0.00010295143064005001,0.1473266882594521,0.004028262836267971,0.000131938906194051,0.00014429033104273025,0.5891378880969097,0.00011563816242134622,0.00014444956174058433,8.255807374672855e-05,5.0045205944971166e-05,9.726644631180064e-05,0.00014909821905043978,9.73475489353128e-05,0.0004890144706849185,0.00011079520705647118,0.0069997300029093915,0.00018043639127388928,0.0002613389801185363,0.0007387159618190742,0.00014980137786506793,0.005176889652592672,7.202140809508678e-05,0.00997555553123516
RichterOdilieMinnaANDRichterEmma,0.07830659538250975,0.0014630124698773745,0.00038294425061124256,0.0003440681047369581,0.00013884749987262468,0.00012143796497855722,0.1944359466614052,0.00012988068274131015,0.0006468177503096557,0.00011079110836976904,0.0008101928088743075,0.003013326824786191,0.00010485212998774636,0.0001396768197255791,0.00015853685161947587,0.00025704470093366755,0.0007356414745319365,0.00030207361963058613,0.0001498196966080124,8.891608818655927e-05,0.002282066273266991,0.00018585157814342884,0.00017198597291540141,0.00030636210064925555,0.00011181786986675144,0.00014846534907591493,0.0182585947418592,0.0008284070153846525,0.0002604777141891837,0.00032036687710673814,0.00011539636306346352,6.849572367481316e-05,0.0001318673138874532,0.0020032650053133524,0.0014481849813859607,0.00023672392862263345,0.018835853694554816,0.00012823180222782117,0.055206394686289316,0.0021811630595171046,0.00016433733479997783,0.0001797217297382594,0.6048241151751489,0.00014403384082585226,0.00017992006053588785,0.00010283072822964731,6.23341211607179e-05,0.00012115083422653977,0.00018571022489860043,0.00012125185210957173,0.0006090950509532487,0.00013800166729814188,0.00202491189436652,0.00022474368249851342,0.00032551241109168096,0.00013484642095789155,0.00018658604878459768,0.0012537372372419919,8.97067180281185e-05,0.0038570580258146313
SchillerCharlottevon,0.016847327859414094,0.0004095047081342938,0.00010718806353810966,9.630643053947264e-05,3.886412869418762e-05,3.3991110416943235e-05,0.4550397758900102,3.635427050237035e-05,0.00018104761204040668,3.10110005423535e-05,0.00022677713044946617,0.0008434456624971458,2.9348649975273278e-05,3.9096259582561073e-05,4.437527942356149e-05,7.194813263767402e-05,0.00020590982887858236,8.455195836591953e-05,4.193530294200084e-05,2.488806998639732e-05,0.005709852649818542,5.202081173669136e-05,4.813975758375948e-05,8.575232623977428e-05,3.1298396361461275e-05,4.1556214108335275e-05,3.958391827150734e-05,0.00023187538044698106,7.290905068872733e-05,8.967233513497399e-05,3.230003499561657e-05,1.9172305027757293e-05,3.6910338768651095e-05,0.0005607241689370208,0.00040535441791322017,6.626024404777635e-05,0.00020116166542587084,3.5892740373730214e-05,0.16758527075561647,0.0006105187484531287,4.599886447206653e-05,5.030503566933031e-05,0.00194738885822653,4.031581217745581e-05,5.03605494787264e-05,2.8782849236034278e-05,1.7447640822136682e-05,3.391074104400744e-05,5.198124623710807e-05,3.393901646855718e-05,0.00017048883464920795,3.862737581020632e-05,0.0005667832444174067,6.290691159610836e-05,9.11125965381292e-05,3.774420614606512e-05,0.0051233169671802605,0.0612040143751844,2.5109371341769295e-05,0.27998959189478345
SchlabrendorffAmanda,0.004157988040216893,0.001042017858368548,0.0002727486990797294,0.0002450595036014841,9.889291953145585e-05,8.649313030270839e-05,0.5575674485557373,9.25063823173623e-05,0.00046069029540734006,7.890999963891005e-05,0.0005770527544714407,0.0021462157221335135,0.03461867625243059,9.948359535607853e-05,0.009529445627441445,0.00018307784402844793,0.0005239542174805247,0.0002151492982308494,0.00010670777085993795,6.332970750032864e-05,0.05498571356667071,0.00013237116389559054,0.0001224955076300606,0.00021820373139443185,7.964130155066376e-05,0.00010574314865476888,0.00010072448234120193,0.0005900256640334372,0.00018552297774666123,0.00022817851115306193,8.219005208683445e-05,4.878548116340732e-05,0.004411920872792794,0.020906523957852474,0.0010314571091467033,0.00016860455136696192,0.0005118721314534315,9.13319815677122e-05,0.09922304449306456,0.0015535143457944035,0.00011704783191124889,0.00012800523288762457,0.14032416588834842,0.00010258684559437196,0.0001281464922666445,7.324028838477122e-05,4.439693356859841e-05,8.628862393147145e-05,0.00013227048628109154,8.636057303669182e-05,0.0004338226321409168,9.829048266509417e-05,0.023414127142026245,0.00016007172566245509,0.0002318433728090956,9.604318600714542e-05,0.0032717373305414053,0.022680793936567828,6.38928267021307e-05,0.011383154963172028
SchlabrendorffAmandaANDMützschefahlAntonievon,0.006057377761992439,0.0015180168249236676,0.00039734166823907936,0.00035700390985326266,0.0001440676995206319,0.0001260036245879656,0.6905024220938201,0.00013476376018203547,0.1698560217718299,0.00011495648193029236,0.0008406533372927777,0.003126617792535053,0.00010879421790835683,0.0001449281990146202,0.000164497304762524,0.0002667087183525409,0.0007632991231747571,0.00031343057315380004,0.00015545241400094468,9.225903445984085e-05,0.002367864300364101,0.00019283897326178483,0.0001784520678476024,0.000317880286655047,0.00011602184621097669,0.0001540471475504884,0.00014673592937750992,0.0008595523367918424,0.0002702708013760001,0.0003324115956694775,0.00011973487873279732,7.107093282834691e-05,0.00013682508198677396,0.002078581041145437,0.001502631872666074,0.00024562395325400523,0.0007456978798543998,0.00013305288729933553,0.05728196970473395,0.00226316746468092,0.00017051586662852558,0.0001864786631449076,0.007218889045073719,0.00014944902947433352,0.000186684450514393,0.00010669681823343691,6.467767475470071e-05,0.00012570569868405854,0.00019269230560971408,0.00012581051450020366,0.00063199497910108,0.01894151071610179,0.020899362430141125,0.00023319329011368007,0.00033775058444994536,0.00013991619347713158,0.00019360105753219456,0.001300873546434078,9.307938932795367e-05,0.004002070452881535
SchlichtegrollAlfred,0.05842733834319477,0.0006152951539890373,0.00016105381635524293,0.00014470378198798764,5.839471335625741e-05,5.107283287056298e-05,0.034810494039436986,5.462356359424195e-05,0.0002720303725866262,4.659511349941325e-05,0.00034074057423373247,0.02537173387907843,4.409737360085279e-05,5.874349813911885e-05,6.667541018178656e-05,0.00010810458700758953,0.00030938672340283545,0.00012704227621669284,6.300926013483974e-05,3.7395196076105503e-05,0.0056241050234849535,7.816309002646538e-05,7.23316703498816e-05,0.0001288458709522746,4.702693577461829e-05,6.243966589659892e-05,5.9476222384161925e-05,0.00034840087326078737,0.0001095484000052164,0.00013473582149227988,4.8531932873313035e-05,0.4334452575381024,5.545907562312298e-05,0.0008425076855486009,0.0006090591976985488,9.95583353619409e-05,0.0003022524416601134,5.3930098425389516e-05,0.2687509100552006,0.05984458598689584,6.911490353214532e-05,7.558507644418585e-05,0.0945356200201469,6.057591858940438e-05,7.56684878854279e-05,4.3247238190778314e-05,2.6215690889886912e-05,5.0952075075318496e-05,7.810364147880477e-05,5.0994559890161536e-05,0.0002561654400674058,5.803898386325522e-05,0.0008516116584863496,0.009423205138065197,0.00013689986465035813,5.671199053765467e-05,7.847198433568223e-05,0.0005272808416426279,3.7727709106668607e-05,0.0016221523471615954
SchmidtLudwigFriedrich,0.06899442288727022,0.006714083334625597,0.00032231989138969947,0.0002895982743505388,0.00011686638722801554,0.0001022129764841691,0.08072773619232881,0.00010931911756862416,0.0005444192638901504,9.325163639273604e-05,0.0006819302228568717,0.05188042243673343,8.825286473340479e-05,0.00011756441646988279,0.00013343869431044065,0.00021635164898022152,0.010385523179893353,0.0002542519860674609,0.000126101562464128,7.483967664051236e-05,0.007403471757429905,0.00015642919403066646,0.019677442631393652,0.00025786155256169086,9.411585005742024e-05,0.00012496162329869384,0.00011903083064388753,0.0006972609166975369,0.00021924117782911044,0.1044406092453614,9.712782774519587e-05,5.7652084292387824e-05,0.08800806907248065,0.034582218383383864,0.0012189210966543052,0.00019924788227320656,0.0006049032328005916,0.00010793127328796438,0.39342292796532435,0.08287706991395379,0.00013832089610812517,0.0001512697692082912,0.005855896119010675,0.00012123167238397753,0.0001514367020217459,8.655147348889474e-05,5.2465932391792145e-05,0.00010197130174259199,0.00015631021858594326,0.00010205632736455994,0.0005126684898804195,0.00011615445941318081,0.001704345686935262,0.00018916424314457448,0.00027398015460893194,0.00011349872386923698,0.00015704738975213926,0.0303542825491084,7.550514093264907e-05,0.0032464425878701055
SchragJohannLeonhard,0.016647841129314868,0.11740586097260798,0.012272693205963943,0.20110445622514547,0.00016344566643995914,0.00014295186542963499,0.02484815925070001,0.0001528902916351017,0.0007614077197035692,0.0001304188160372407,0.03641944636046216,0.0035471665786593666,0.00012342769066218742,0.00016442190826053478,0.0001866231757288344,0.0003025826355354245,0.0008659674187583465,0.00035558885914218925,0.0001763616930833699,0.00010466842618137549,0.002686356205451683,0.00021877696808684098,0.0002024549378798344,0.00036063708571274004,0.00013162747818314268,0.0001747674098936973,0.0001664727891650636,0.0009751672650735104,0.00030662384002207193,0.00037712294266757017,0.00013583993577815902,8.063039820369431e-05,0.00015522887354654853,0.002358162618337823,0.0017047448432856958,0.00027866184347219994,0.0008459987029793059,0.0001509492961209275,0.13532565768965565,0.28967812431159684,0.0001934512701488323,0.0002115611582330233,0.02462882502541947,0.00016955081744565088,0.00021179462523404014,0.00012104817819132197,7.337720869593721e-05,0.0001426138667104506,0.00021861057275868875,0.00014273278088052684,0.07164844232890469,0.00016244998651082968,0.002383644461445496,0.00026455918182061915,0.0003831800573590841,0.00015873575801310703,0.00021964155724787425,0.006363703737552153,0.00010559912368388374,0.04000609297917975
SchwendlerAugusteSophieHenriette,0.05060497064351715,0.009644262534847,0.0002651279912505478,0.000903914186928345,0.018058740372069088,5.3037124376223114e-05,0.3178136001570913,0.0036801196363724065,0.006225239268478674,0.0010897701616874335,0.0011735100293527067,0.01646286411688332,0.00027188389442429374,0.0019901230572240964,0.0010898558023681396,0.0010443851031123,0.012656718353051337,0.0004711070783558338,6.543263372710684e-05,3.883343754179728e-05,0.014835516650057435,0.006565361394379766,0.0010238100392622469,0.0002749526483960369,0.00015217773439293907,6.48411325559437e-05,6.17637132447932e-05,0.0012016487706086557,0.004977328254818154,0.004737676597700125,0.002194340385796229,2.991499582870922e-05,0.00014449343412806326,0.018515176244472097,0.011490776331930755,0.0007354672594424883,0.0008592019980642333,0.004868934018561993,0.18602759371505584,0.00602976205286886,0.00015292482837821927,0.00025621944158800723,0.03552544681573296,6.290570441965757e-05,0.00020105876203228658,0.002229716317634585,2.7223961941945522e-05,0.0004702405350521635,0.00016837827284124797,5.2955840970476434e-05,0.0014028888887231178,0.0002560310964786849,0.014530768925703739,0.0006296969766032368,0.0002854510296845525,0.0002727375139847056,0.0009388501974124337,0.15888057058659666,3.9178739221134e-05,0.07522252261077583
SchwendlerAugusteSophieHenrietteANDSchwendlerFriedrichChristianAugust,0.030183960776601737,0.07039816619909592,0.00014760920435389805,0.00013262405455287705,5.351998091109188e-05,4.680932370764026e-05,0.5009358681449376,5.006364297096725e-05,0.0002493215483266575,4.270539988482591e-05,0.00031229589085173047,0.0011615131297962598,4.041616882248173e-05,5.383964948805602e-05,6.110941342237194e-05,9.908012387610564e-05,0.00028355942822503254,0.00011643691367294756,5.774930992579801e-05,3.427348239470793e-05,0.0008796423665902569,7.16381132080703e-05,6.629349463153463e-05,0.00011808994611838106,4.310117406707013e-05,5.722726484661878e-05,5.451120664372785e-05,0.00031931671575414946,0.00010040340880432757,0.0001234882094602214,0.014011327589717886,2.6402274631739305e-05,5.082940728877271e-05,0.0007721759840298541,0.0005582155431722534,9.124730479630296e-05,0.0002770207092085461,4.942806758295119e-05,0.12603113966895946,0.007824171869108814,6.334526030028019e-05,6.927530962908244e-05,0.0026817586813504017,5.5519101306272156e-05,6.935175796637977e-05,3.963700186876377e-05,0.041924568393782086,4.669864665273426e-05,7.158362736589182e-05,4.673758487759613e-05,0.00023478100455509625,5.319394736146491e-05,0.1125152964000586,8.662941434482711e-05,0.00012547160045324723,5.1977730115530324e-05,7.192122132835462e-05,0.08428434628799371,3.457823756903091e-05,0.001486736686681045
SchwendlerFriedrichChristianAugust,0.0015477211631940975,0.0003878686220894147,0.009707846170957605,9.121810267305928e-05,3.681075149049759e-05,3.219519800096e-05,0.4502104978547821,3.4433501072705714e-05,0.0001714820035516234,2.9372541538721925e-05,0.0002147954134876032,0.0007988824070193023,2.7798020877358704e-05,3.703061779735401e-05,4.203072185242149e-05,6.814676977762459e-05,0.0001950306309435922,8.008467530389391e-05,3.9719660960972244e-05,2.357311459511504e-05,0.0006050132306821577,4.927230424336504e-05,4.559630468426248e-05,8.122162202021779e-05,2.9644752866546364e-05,3.936060119769566e-05,3.749251115284991e-05,0.00021962429863183692,0.12014807396588965,8.493451815683738e-05,3.059347015634595e-05,1.8159340749155665e-05,3.496018960142276e-05,0.0005310984378389886,0.0003839376114872335,6.275939945894631e-05,0.00019053333560296192,3.399635578110702e-05,0.14912462057480005,0.0005782621323235482,4.356852516237052e-05,4.7647180805606957e-05,0.00664765970258562,3.818573561444213e-05,4.769976155579051e-05,2.7262114088629346e-05,1.652579877585648e-05,3.211907492515747e-05,4.92348291777533e-05,3.214585642422513e-05,0.00016148109670898446,3.658650739009665e-05,0.18786010397826586,5.958323954771605e-05,8.629868368361606e-05,3.5749999789824375e-05,4.946702446716408e-05,0.06757663586937329,2.3782723544828266e-05,0.0010225693988220297
SchwendlerFriedrichChristianAugustANDSchwendlerAugusteSophieHenriette,0.07272479939857797,0.10275237671702228,4.613107077812172e-05,4.144788717099187e-05,1.6726152263065866e-05,1.4628926661348401e-05,0.06488951837736477,1.5645971858009796e-05,7.791837943108729e-05,1.3346361653516158e-05,9.759922430079346e-05,0.00036299798941998674,1.2630927405179698e-05,1.682605561132942e-05,1.909801416609625e-05,3.096468290876601e-05,8.861845784285107e-05,3.638905533935932e-05,1.804790910726377e-05,1.071120496234304e-05,0.015552204141592462,2.23884607011996e-05,0.08513708640322486,3.690566375190788e-05,1.3470049650434615e-05,1.788475872241887e-05,1.7035931755675926e-05,9.979338402079156e-05,3.1378238086104905e-05,3.859273787029635e-05,1.3901129951739725e-05,8.251282195248888e-06,1.588528977926456e-05,0.008971205628934989,0.02636410620729921,2.8516757435932466e-05,8.657496664548237e-05,1.5447340794738793e-05,0.3231086860971689,0.01554004891720195,1.9796764701506905e-05,2.16500334492258e-05,0.016115404489636432,1.7350920649615414e-05,2.1673925209053174e-05,1.2387420870155225e-05,7.509029710113817e-06,1.4594337686523083e-05,2.237143269638823e-05,1.460650672445632e-05,7.3374144829903e-05,0.0021990952405305858,0.1180973623443676,2.707356673386824e-05,3.921259047827193e-05,1.6244165513533013e-05,2.2476938115544204e-05,0.1092745794870674,1.0806447549539607e-05,0.03756664406285159
SchützeStephan,0.10958517723745867,0.09019791759819344,0.00012642080395429954,0.00011358668095016277,4.583751429333088e-05,4.0090130975092274e-05,0.2974476761548229,4.2877312569861815e-05,0.030118511466083082,3.6575300370061026e-05,0.02419145052520944,0.0009947850089366062,3.4614674455129296e-05,4.611129639706638e-05,5.233753008728217e-05,8.485777679742694e-05,0.00024285620291729083,9.972310535052807e-05,4.9459748940328166e-05,2.935373317414732e-05,0.0007533750734810881,6.13548992772835e-05,5.6777468078245396e-05,0.00010113885507717258,3.69142635839248e-05,4.901264024613053e-05,4.668645562167506e-05,0.0002734807500547311,8.599111225044749e-05,0.00010576223066285948,3.8095626109021414e-05,2.261238924616252e-05,4.353315609344306e-05,0.0006613348342506567,0.0004780871088392848,7.814931109143263e-05,0.000237256077108648,4.233297014976508e-05,0.3770849452993735,0.012682055450493009,5.425243479164052e-05,5.9331261731446044e-05,0.002296808589895952,4.754967315677273e-05,5.939673637650225e-05,3.3947352162222125e-05,2.057826876456392e-05,3.999534093593615e-05,6.130823454521289e-05,4.002868981626605e-05,0.04804904523124518,4.555828086991173e-05,0.0006684810888630264,7.419429063045391e-05,0.00010746091798382679,4.451664418683943e-05,6.159736895476053e-05,0.0004138943703335018,2.961474260317163e-05,0.0012733247091281793
SpazierJohannKarlGottlieb,0.019146122640413002,0.002827729727711834,0.0012969682014241058,0.00686596556500524,0.00010097644312770368,0.0004040133078726509,0.04551571171367043,0.004216252983393159,0.0022321710690359825,0.0006420805029210024,0.16947448211238786,0.02722774593263734,7.625340859748338e-05,0.0028914755930336653,0.0008687000196309026,0.00033915935096873477,0.001888552961406424,0.002593341600669375,0.00010895594150292291,0.0005711249600041992,0.010615298577056587,0.0012164292693861959,0.0002541459372044026,0.002202871896138546,8.131922279925142e-05,0.0025255135205094117,0.00010284659418370846,0.002663590207718943,0.0012398779994857274,0.003325143989286867,8.392167163766879e-05,4.9813317146406426e-05,0.00048269323512216926,0.011509863470145746,0.010334147938552684,0.00017215679315406082,0.001370187203773459,0.0026993522466400204,0.35765979713284246,0.17244542376142644,0.010175034865007345,0.006408437731294769,0.03309840634323615,0.0016526397920987434,0.00035317945234856563,0.00042288117363349507,4.53323095199758e-05,0.0002171762294645167,0.0010650733534159876,0.009927124005841172,0.010646913885768642,0.00010036131383166898,0.014325028708095726,0.00016344419377331668,0.021191542102527276,9.806667004677938e-05,0.0012285720463476447,0.00313726819052843,6.52389515075827e-05,0.015356100662087398
SpazierJohannKarlGottliebANDLeipzigerAugustWilhelmvon,0.08235954961831486,0.0028639558213041784,0.0007496418782164992,0.0006735389285978543,0.00027180431727083287,0.00023772385669195488,0.13236279918574706,0.00025425110521656326,0.001266193897498002,0.0002168818422927984,0.285311773723312,0.04136453170491169,0.00020525584999266493,0.00027342777262032213,0.00031034768905619187,0.0005031841373409977,0.0014400729499968786,0.000591331597792843,0.00029328320918721023,0.00017405986183483202,0.004467314614531438,0.00036381829962601407,0.000336675345190333,0.0005997266186356933,0.00021889180435868573,0.00029063197307098985,0.0002768383144609284,0.0016216684019917846,0.000509904516353607,0.0006271420111134026,0.00022589697118619747,0.00013408547814316708,0.0002581400835765751,0.0039215403776175625,0.002834929908774627,0.00046340471279620135,0.0014068656874409685,0.00025102329886325333,0.1790020675928588,0.03973550918535616,0.00032170256668930463,0.00035181866504657087,0.12001662687685315,0.00028195696577526383,0.00035220691234733346,0.00020129880557130919,0.00012202368253162002,0.00023716177686991158,0.0003635415901264563,0.00023735952689605416,0.0011923489053045015,0.0002701485370396897,0.003963915774405631,0.00043995248915882783,0.0006372147769396097,0.00026397190744160715,0.00036525608058254216,0.0024542839742753373,0.00017560757860680192,0.07848191846439588
SpazierRichardOtto,0.021656493361524098,0.0020176647534914144,0.0015987188623253529,0.0032508130981087403,5.38573291322659e-05,4.7104373179226644e-05,0.19256320908525673,0.0012386345889587222,0.040838732592489525,4.297458142114976e-05,0.0015025197444237391,0.01279861544528191,4.067092083148529e-05,5.417901265064011e-05,0.0031788476844524863,0.010863427141134389,0.045784753715826194,0.001207939165547588,5.811331653876482e-05,3.448951569895184e-05,0.006012433690143698,7.208966400550334e-05,0.005840508714945354,0.00011883429304420954,0.02904695774351153,0.005766941715839022,0.009406914057614318,0.0033234553212340796,0.00010103627359208254,0.00012426658282822716,4.4760906115535684e-05,2.656869398074395e-05,5.1149796232122344e-05,0.008027939402552373,0.007616139787966124,9.182245664493854e-05,0.0002787668317199705,4.9739623573654504e-05,0.3195033298264954,0.03951372399498722,6.374453942030834e-05,6.971196715542709e-05,0.08005691657403008,0.031733589848325264,6.978889736342318e-05,3.988684261693801e-05,2.417868008140652e-05,4.699299850247995e-05,7.203483472706753e-05,0.016870291704021864,0.0023890053795951006,0.01408161812277454,0.015196291364489868,8.717545861339892e-05,0.000126262475571291,0.010746603811619671,0.000794099226346566,0.004275351841521831,3.479619181222511e-05,0.049372521576111716
StainleinJohannGottliebEduardvon,0.003572540543314049,0.17828628521411288,0.0002343454998364229,0.07781911053470555,8.49687303223678e-05,7.431483970994113e-05,0.04137792622889416,7.948142181930077e-05,0.0003958247937067652,6.779941891516309e-05,0.0004958033407120462,0.05727870966529777,6.416501820218379e-05,8.547623859584276e-05,9.701777132299938e-05,0.00015730036114775325,0.0004501811132414706,0.00018485613314923847,9.16832453572686e-05,5.441284232971052e-05,0.0013965269373152336,0.0001137332154899604,0.00010524805823140351,0.00018748050008059983,6.842775302865105e-05,9.085444260372152e-05,8.654240786356216e-05,0.0005069496559315004,0.0001594012184031497,0.00019605082417813508,7.061763778473809e-05,4.191645278812902e-05,8.069715509690029e-05,0.0012259124878507565,0.0008862272583458141,0.0001448649177726657,0.000439800193007427,7.847237748063439e-05,0.3663920472495908,0.1011172070809174,0.00010056741889717708,0.00010998201048782749,0.004257580557882943,8.814254912514719e-05,0.011197039890895473,6.292800679747978e-05,3.814581562970651e-05,7.413912797254714e-05,0.1331568848386749,7.420094659563329e-05,0.0003727401153972047,8.445111696969643e-05,0.0012391594579435866,0.00013753351963406198,0.011286136181305624,8.25202411841669e-05,0.00011418268010326941,0.0007672335569891564,5.489667397128773e-05,0.002360354515088991
SteinAnnaChristianeCharlottevon,0.09730024088217012,0.000548606326732639,0.00014359798224332682,0.0001290200479982407,5.206559646584269e-05,4.553729873427338e-05,0.7794501575370387,4.8703183150728495e-05,0.00024254633324662767,4.154489742829821e-05,0.000303809372765625,0.0011299494670263745,3.9317875320291763e-05,5.237657817487344e-05,5.944878913165248e-05,9.638766045318036e-05,0.00027585381221595097,0.013700576261484843,5.617999512691045e-05,3.334211398181198e-05,0.0008557384310212897,6.969137563897624e-05,6.449199497155747e-05,0.00011488089824782593,0.04080384034212912,5.567213641756826e-05,5.302988602879518e-05,0.0003106394095108536,9.767498563359458e-05,0.00012013246590513729,4.327179443922233e-05,2.5684803196026565e-05,4.944813812418101e-05,0.0007511924051673423,0.0005430462551929709,8.876769515318454e-05,0.00026949278031869635,4.808487927406911e-05,0.027495168658722386,0.0008179013362660531,6.162387774945239e-05,6.739278031854826e-05,0.002608882943249013,5.401039155003749e-05,6.746715120232754e-05,3.855988192228979e-05,2.3374300591542454e-05,4.542962928483288e-05,6.963837042814332e-05,4.546750937873879e-05,0.00022840092303690298,5.174842274977945e-05,0.0007593096430810033,8.427529405966734e-05,0.00012206195902749875,5.056525572946938e-05,6.996679040736738e-05,0.027644738404848327,3.363858755405664e-05,0.0014463352015818204
ThieriotPaulEmile,0.003122494819657529,0.0007825167685130481,0.00020482415815230689,0.00018403059919902144,7.426491513469391e-05,0.3779856945777061,0.055545951552246335,6.94688625309647e-05,0.0003459613272001811,5.9258483359856264e-05,0.000433345218667871,0.001611728415139902,5.608192111759541e-05,7.470849077383526e-05,8.479609529910778e-05,0.00013748467144294104,0.0003934701865413043,0.00016156914418246788,8.013357866945152e-05,4.75582617572627e-05,0.03998170312539176,9.940583511501848e-05,9.198958349727043e-05,0.00016386291021498845,5.98076639753295e-05,7.940918316628169e-05,7.564035088150072e-05,0.00044308739264995535,0.0001393208761877947,0.00017135359990007052,6.172168110785043e-05,3.663608714932553e-05,7.053144553467452e-05,0.001071479902399239,0.01046486145914395,0.0001266157653946879,0.00038439698799783584,6.858693112050467e-05,0.05859889281301009,0.001166631661776893,8.789858105891892e-05,0.009786402604490364,0.4300933564435167,7.703891661908775e-05,9.623326339317916e-05,5.500074046863839e-05,3.334045065444601e-05,6.479955656807079e-05,9.933022996014838e-05,6.485358767786634e-05,0.0003257847084715391,7.381250738936357e-05,0.0010830581042389439,0.00012020792972953935,0.0001741057750927461,7.21248709400022e-05,9.979867906168924e-05,0.0006705823987496912,4.7981143394600203e-05,0.002063012205617605
ThieriotPaulEmileANDJeanPaulANDRichterCaroline,0.0352943375927067,0.0004817518865558423,0.000126098798866111,0.00011329736552048383,4.5720762047096936e-05,3.998801782791762e-05,0.15867361042076294,4.2768100222024386e-05,0.026498612915350533,3.648213981062146e-05,0.006357059855424982,0.0009922512025968915,0.011717025992750894,4.599384680334135e-05,5.22042217197969e-05,8.46416364546475e-05,0.044051610695081546,9.946910168714024e-05,4.933377053866361e-05,2.9278966591878e-05,0.07501219621796235,6.119862286442569e-05,5.6632850791819465e-05,0.00010088124537267977,3.682023965488023e-05,4.8887800670276277e-05,4.656754104599257e-05,0.015498467664895732,8.577208520096249e-05,0.00010549284480747511,3.799859314402567e-05,2.2554793469473775e-05,4.342227325352646e-05,0.0006596503553123485,0.0004768693782377674,0.17258698848256449,0.00023665176467237964,4.222514429072938e-05,0.11642708019182876,0.0007182299812498189,5.4114248990703534e-05,5.918013970430661e-05,0.32649112528079793,4.742855988886696e-05,5.92454475795892e-05,3.3860885221775254e-05,2.0525854074568e-05,3.989346922746433e-05,6.115207699159894e-05,3.9926733165215046e-05,0.00020056745648459803,4.544223985616738e-05,0.0006667784077754304,7.400531114013062e-05,0.0001071872054199935,4.44032563148368e-05,6.144047494996028e-05,0.00345797684332649,2.9539311206555442e-05,0.0012700814372739388
ThümmelMoritzAugustvon,0.012946147769094349,0.007468562241080149,0.006799295691041769,0.0002132025267737351,8.603714613910759e-05,7.524929112357701e-05,0.062453252958263754,8.048083899178913e-05,0.02095583341475032,6.865194397067348e-05,0.0005020376827952975,0.0018672143223814586,6.49718434903635e-05,8.655103593510795e-05,9.823769447582362e-05,0.00015927829106610696,0.0004558417912339496,0.00018718055550707156,9.283609098763285e-05,5.5097041577578136e-05,0.015407115132417416,0.00011516332237583628,0.00010657147085236368,0.00018983792181511842,6.928817889781962e-05,9.199686668291644e-05,8.763061145362845e-05,0.000513324154274986,0.00016140556497045013,0.00019851601108444866,7.150559975455643e-05,4.2443519639317144e-05,8.171185917149719e-05,0.22766591080331713,0.0008973708780803946,0.00014668648164506683,0.00044533033898738457,7.945910670395448e-05,0.27691419559177227,0.001351562290117228,0.00010183197611241129,0.1027269032715084,0.10930317198368066,8.925087324927828e-05,0.00011148784498016936,6.371927762762228e-05,3.8625469646032205e-05,7.507136994750239e-05,0.05917310703889032,7.51339658917798e-05,0.00037742703296455996,8.551302420038519e-05,0.02750275484001627,0.00013926289686673832,0.00020170445207065584,8.355786915092419e-05,0.00011561843865770738,0.0007768809233121639,5.558695702641643e-05,0.05955040461950661
TiedgeChristophAugust,0.07820909143137274,0.1936365824206912,0.00017733011558340148,0.00015932772638361535,6.429615580225662e-05,5.6234316957332055e-05,0.19071183102027006,6.0143888949383935e-05,0.0002995221007776623,5.130407369079199e-05,0.0003751762409624847,0.02656396109178536,4.855390908784942e-05,6.468018920958753e-05,7.341371016025608e-05,0.00011902977118447942,0.0003406537309242015,0.00013988132684662812,6.937705442440453e-05,4.117440115677133e-05,0.0010567571529314847,8.606234923471716e-05,7.964159902422232e-05,0.00014186719511205848,5.177953646284262e-05,6.874989628317744e-05,6.548696347923692e-05,0.0003836106993479648,0.00012061949772151009,0.00014835239138791598,0.18462301510825888,3.1718336485887314e-05,6.10638388642993e-05,0.000927652561356854,0.0006706114786301459,0.00010961982470556528,0.0003327984497848156,5.938034132705118e-05,0.21013402117420504,0.03456813704752314,7.609974174630593e-05,8.322379838962057e-05,0.061948411181815,6.669779635234397e-05,8.331563949498007e-05,4.761785793462793e-05,2.886508125549944e-05,5.6101355228930246e-05,8.599689274280353e-05,5.614813361206425e-05,0.0002820538384227316,6.390447584373044e-05,0.000937676593136133,0.00010407212833326876,0.0001507351354422576,6.244337492024719e-05,8.64024607874646e-05,0.0005805685000792378,4.154051836825473e-05,0.010175615377747131
TruchsessvonWetzhausenChristianFreiherr,0.021878304341264945,0.010205492372916394,0.00010006012144241284,8.990211052780884e-05,0.008926538662102763,0.0036315158052265817,0.16076711838032834,3.3936733264373105e-05,0.06380970061442577,0.0010502141390795854,0.005332257032001172,0.04637783034395412,2.7396982310932608e-05,0.0071370386847214385,4.142434989119751e-05,6.716362486314446e-05,0.0001922169484520268,0.0036787143870370205,0.037825964636615306,0.024459973060379576,0.0034174426737383808,4.8561458879752696e-05,0.0006904423382341936,8.00498478496213e-05,2.9217071728953616e-05,3.879275073281419e-05,0.0032644708400301307,0.0002164558063760667,6.806064243871075e-05,8.370917849859386e-05,3.0152101993208345e-05,1.7897358214017132e-05,3.445582332363647e-05,0.07109134778543927,0.00037839859164164047,6.185397746146597e-05,0.00018778453502814007,3.35058946131585e-05,0.2698444714864489,0.0012154234626766912,4.293996750535229e-05,4.6959780894338845e-05,0.08719080467203989,0.024336184147169943,4.7011603068623476e-05,2.6868806982339863e-05,1.6287383146220285e-05,3.165569705305116e-05,4.8524524462220036e-05,3.168209217878525e-05,0.00015915142914686565,3.6058678429215034e-05,0.02608110590525339,0.06204808991412405,0.011058619040759539,3.52342390193473e-05,4.875336989926518e-05,0.017689102002505674,2.343961317023701e-05,0.024536270177039448
UngernSternbergRosalievon,0.04109033386432442,0.00024298777333724898,6.360217201438244e-05,0.0010398606306386696,2.3060804690421314e-05,2.0169302255653174e-05,0.46750695737443365,2.1571530351670787e-05,0.013077715379227443,1.840099471646503e-05,0.0011172780185884196,0.0005004752799909971,1.741460590388936e-05,2.31985441756293e-05,2.6330955723257184e-05,4.269185725617643e-05,0.028987984890741805,5.017058824120031e-05,2.4883147088892853e-05,1.47678319407089e-05,0.020965164216038473,3.086758457231104e-05,0.04623521273865072,0.004104097592076139,1.8571526748855084e-05,2.46582071803651e-05,2.3487906169818528e-05,0.00013758787449169498,4.3262037117230534e-05,5.320886576291393e-05,1.91658689787914e-05,1.1376268980305659e-05,0.010560259812829141,0.000332716851747903,0.01725996581192481,3.9316835294288924e-05,0.00011936328005932294,2.1297672259056263e-05,0.09464999511012377,0.00036226345709954575,0.0036743173485158463,2.9849494675242803e-05,0.03415312205575624,2.392218999364993e-05,0.004426661690263656,1.707887676805933e-05,1.0352905129405129e-05,2.0121613487767805e-05,3.084410759523665e-05,2.0138391273993538e-05,0.0001011629451075515,2.292032265207825e-05,0.0733357738078953,3.7327068706738145e-05,0.020691084610963743,2.2396276344658755e-05,3.098957080917077e-05,0.07443667995278143,1.4899145506854078e-05,0.03997866256202696
UtheSpazierWilhelmine,0.04043847125808336,0.01117148819852523,0.002225584803837844,0.006021999330240784,0.0005375335847317893,0.009102190024763722,0.10324855031440042,0.0005944633595491158,0.005504997975080324,6.375078886470956e-05,0.012567924178233178,0.016118100165491624,6.033341573363875e-05,0.003927481295791361,0.0004836761932237985,0.0019209276532164165,0.009207821565949688,0.0007334785668849667,0.0019986664882245286,5.116358928135754e-05,0.01269600000284351,0.0009457898058633473,0.002785179920659089,0.003412150052431018,0.0027842525430319645,0.006733446751243631,8.137454361455665e-05,0.007183767643794669,0.001172113148242259,0.00018434368463499286,0.0007069990546643705,0.0005588826754027507,0.0003620263849300894,0.017635488311764397,0.008779358994900044,0.00013621433538220628,0.0020996459645888257,0.002036045516568275,0.3193586153173141,0.09469570562739497,0.00827693980441793,0.001152623956124188,0.03512092071267235,0.005237397599137649,0.0008884763832040484,5.9170272241462214e-05,3.5867945141601946e-05,6.97119233411968e-05,0.0005279942105901901,0.009021167588256688,0.14938617526388032,0.0026975889826893287,0.014534866335013065,0.0009271606476807778,0.0005211438853556154,7.759255989169243e-05,0.0019539814444318056,0.0043171133215622794,0.001905394300297516,0.05296270983469325
VoßErnestine,0.04256111995530762,0.003106197802803835,8.270287371733326e-05,7.430695452615694e-05,0.000851824215575252,2.6226451150737566e-05,0.229997243108852,2.8049789717250942e-05,0.04072242930858786,0.003311278692845444,0.00017497396410070618,0.007203936289721085,2.2644477496472997e-05,3.0165420592070266e-05,0.020512865589090743,0.017314108767155466,0.04357356276070605,0.0014603561293215382,3.235593543750639e-05,1.920283696907497e-05,0.007889389439148456,4.01375907141295e-05,0.002502656792949806,6.616374597955245e-05,2.4148839305382833e-05,3.20634426458333e-05,3.054168240367342e-05,0.00017890761036509602,0.005790269859163992,6.91882991800612e-05,2.4921671566145664e-05,1.4792735956248141e-05,2.847883416573173e-05,0.006166652366601965,0.008750143445097214,5.1124280214415874e-05,0.0001552098924389024,2.7693687865181387e-05,0.20123713913799368,0.005399391275532673,3.5491249249236474e-05,3.881375290288167e-05,0.14945759324848124,3.110638827931061e-05,0.03444295002288878,2.2207923783849765e-05,1.3462040342444708e-05,2.6164440718966986e-05,4.0107063242995206e-05,2.6186257130129315e-05,0.00013154371948510547,2.9803644904244962e-05,0.06986032206627739,4.8536956391890316e-05,7.029955870853232e-05,2.9122219503006317e-05,4.0296211277276024e-05,0.0379389652208942,1.9373586000661843e-05,0.058113088476575675
VoßGeorgANDSpazierJohannKarlGottlieb,0.0013758962439226958,0.0003448082206015366,9.025372535199162e-05,0.14098856195412507,3.272409521571926e-05,2.862095127681154e-05,0.007396076925267653,3.0610762401975644e-05,0.00015244441324307713,2.611166051008029e-05,0.0001909492547220231,0.05621919568463159,2.471193999486973e-05,3.2919552403333465e-05,3.736455487031029e-05,6.058125119837214e-05,0.00017337871894920236,7.119383424272385e-05,3.531006335359585e-05,2.0956074388775766e-05,0.0005378458674695539,4.380219121508541e-05,4.053429380157927e-05,7.22045594002851e-05,2.635365147874671e-05,3.499086568971144e-05,3.3330167278953636e-05,0.08132378578500077,6.139035653158588e-05,7.550525720679906e-05,2.719704406561675e-05,1.6143326926739357e-05,3.107897901980844e-05,0.0004721369476319781,0.0003413136229627738,5.5791975996634485e-05,0.00016938070437517264,3.022214810951625e-05,0.19661795269075724,0.4275064000876909,3.873163432129108e-05,4.235748574287519e-05,0.010179573124371464,3.394643134226312e-05,4.240422908295519e-05,2.423552850988125e-05,1.4691137528027524e-05,2.8553279233188136e-05,4.376887655657837e-05,2.857708750359892e-05,0.06846232746154038,3.252474624847588e-05,0.0004772387669600166,5.296842702936388e-05,7.671797579527536e-05,3.178110605501095e-05,4.397529398767267e-05,0.00029548545537108915,2.1142412970596168e-05,0.005178969136569239
VoßHeinrich,0.05090043368911285,0.012278822181580933,0.0030570655242127057,0.00022117914810104708,8.925608423153741e-05,0.01537755497533268,0.23375547991391527,8.349189700529555e-05,0.08655178549408538,0.045964304131171294,0.008392193985583628,0.014111141258478425,6.740265798540005e-05,8.978920036771626e-05,0.01788299942869416,0.0006608878122769888,0.00047289636093750503,0.00019418360764585018,0.000372815928969005,0.04467509619528847,0.015493952867256031,0.00011947196837214802,0.0006462417008445461,0.00019694039493679076,7.188048197175788e-05,9.543877790195007e-05,9.090916642586023e-05,0.0015999356358029728,0.0026560030454048605,0.006392293085994186,7.418086397705674e-05,4.4031474008734464e-05,0.0010206156228670454,0.05075566951808676,0.006968887384678468,0.015612099294008882,0.0012882497472182714,8.243193828702747e-05,0.19063278376182766,0.008727162143667037,0.0001056418517492166,0.00011553148499232282,0.11006004891119679,0.0005610726167169669,0.00011565897904439488,0.009283559740633784,0.0006964318751837025,0.0040430831322463496,0.00011938110150642573,7.794497945623882e-05,0.0006593893606449137,8.871235313387217e-05,0.00987352157793754,0.012628589323133755,0.0014486380526700952,8.668404917899371e-05,0.00011994411207998505,0.0037442838020459585,5.766665145427776e-05,0.008346257696480246
VoßHeinrichANDTruchsessvonWetzhausenChristianFreiherr,0.0559412846990481,6.516545686903452e-05,1.7057091146012795e-05,1.5325471040671305e-05,6.184541109947739e-06,5.409086137001136e-06,0.15633692789724726,5.7851414144193935e-06,0.16061677342644753,0.15090920148942166,3.60875834139171e-05,0.0001342195116418714,4.670320380054988e-06,6.2214806495764526e-06,0.01211168186195106,1.144927723925058e-05,3.2766920150517885e-05,1.3454953964240664e-05,6.6732643627156414e-06,3.960497691567972e-06,0.002522571790097812,8.278195332513284e-06,7.660593966801199e-06,1.3645971355144515e-05,4.980588153564989e-06,6.612939056195196e-06,6.2990829350449664e-06,3.6898880045485146e-05,1.1602190411106118e-05,1.426977168151975e-05,5.139981288529875e-06,3.050934437502413e-06,5.873629878416913e-06,0.06141930564841181,6.450501132830424e-05,1.0544150017955494e-05,3.201133362235683e-05,5.711697028813463e-06,0.2324467875988684,9.715329855746667e-05,7.3199085608461365e-06,8.005159811569113e-06,0.07777946265183212,6.4155509507073235e-06,8.013993855915803e-06,4.58028316451886e-06,2.7764845260057166e-06,5.3962967677909485e-06,8.271899180587841e-06,5.400796303259893e-06,0.015359649363097609,6.1468660611796955e-06,9.01935639188342e-05,0.04762151711171241,1.4498963899541006e-05,6.0063251748029775e-06,8.310910101439808e-06,5.584392583163929e-05,3.995713901887642e-06,0.025994990973546274
WagnerJohannErnst,0.018198478197830416,0.014446740639460744,0.019697230006878844,0.003575047125933679,0.000966178740238921,9.281320919497008e-05,0.15556778890411888,0.00027065470424282785,0.00955446244792666,0.0012914979430951072,0.010468103837229497,0.01909099675407692,0.0005260471973985217,0.0006989536413942517,0.0020703834328346746,0.0002459725172631699,0.0017937496373641422,0.03652690580042668,0.0042788501097719605,0.0011901579855742557,0.017401051848257125,0.0036936616291633455,0.0009643052933793732,0.002656403579558215,0.0082083885557258,0.005092767382886149,0.003507616536764086,0.009616236245864178,0.004978344539748324,0.0014817552382643856,0.002168284628483947,5.2350250858649004e-05,0.006748729152319058,0.26626725980812477,0.01012025799223072,0.0006935119422834858,0.0022855381297350644,0.0025334170618367346,0.17313108107013991,0.06989537253763543,0.0009772304964677388,0.0008667549107813742,0.05144969309521708,0.004146670185148907,0.0008955752981942285,0.00032290943511270376,4.764103077893208e-05,0.0001800812673098874,0.0018441940454362103,0.0017640778675809654,0.006517513307801771,0.00018229500528397922,0.012046885726046978,0.0005888812616267597,0.0004004940359592207,0.0029004608685390546,0.00030470527090544115,0.004133283548570362,0.0003693003328951034,0.018014006754829427
WagnerJulianeLouiseAntoinetteKaroline,0.0178363807334756,0.008300952308593875,0.06928876746359744,0.00014586646994748788,5.886391208199233e-05,5.148320063718502e-05,0.15155685931713855,5.506246131221102e-05,0.000274216123604876,4.696950300529232e-05,0.00034347840843220324,0.07808462224612536,4.445169388624485e-05,5.92154993338834e-05,6.721114391001447e-05,0.00010897320218788182,0.007992585918415559,0.11533876236738873,6.351553652298472e-05,3.7695664686002986e-05,0.1776238796297642,7.87911267121869e-05,7.29128518577245e-05,0.00012988114135591868,4.740479495180193e-05,6.29413656223132e-05,5.9954110983150745e-05,0.00035120025759514647,0.00011042861615381133,0.00013581841736648762,4.892188463012172e-05,2.9038522552335718e-05,5.590468664023774e-05,0.0008492771944606424,0.0006139529591888032,0.000100358281819476,0.00030468102555626165,5.4363424183931674e-05,0.2307838167572431,0.0009246964525085996,6.96702384726344e-05,7.61923989142154e-05,0.13352165622291534,6.106264319474618e-05,7.627648056239387e-05,4.359472767885702e-05,2.642633271091535e-05,5.1361472558837925e-05,7.873120049829241e-05,5.140429873713394e-05,0.00025822371711251566,5.850532431954709e-05,0.0008584543173850253,9.527929836483858e-05,0.00013799984850772128,5.716766866611504e-05,7.910250297238771e-05,0.0005315175179577219,3.803084944284512e-05,0.0016351862635983925
WagnerKarlLudwigFriedrichErnstANDWagnerLudwigAnton,0.16209211646166805,0.001663407108876502,0.02373004234412897,0.0003911964820129604,0.0001578659943733846,0.0001380718062162238,0.16051118579141527,0.00014767095662263026,0.0058171039937808,0.00012596660729626417,0.0009211681414821454,0.011190955754619189,0.00011921414341538664,0.00015880890946627673,0.0001802522749685373,0.000292253136344036,0.005918094256919579,0.2921889594151079,0.00017034109655153984,0.00010109527856273811,0.012555555164762276,0.00021130840826367534,0.00019554357591941704,0.00034832573652159217,0.00012713400840074304,0.00016880123864932442,0.00016078977785139088,0.0009418772203284739,0.04741563655246993,0.0003642488029323352,0.00013120266204863433,7.787785547574625e-05,0.00014992970454122238,0.002277660183635381,0.0016465486402911528,0.00026914894699774273,0.0008171181860822368,0.00014579622238468118,0.12435459812797334,0.005251659769750982,0.00018684727340910031,0.00020433893013315142,0.0891285073648066,0.00016376272908226862,0.000204564427089245,0.00011691586221577443,7.087227374965444e-05,0.0001377453460226733,0.0002111476933024898,0.00013786020072707178,0.0006925252235355524,0.00015690430474579585,0.017547339261213688,0.00025552771889527704,0.00037009914118012676,0.00015331687176030066,0.00021214348227085984,0.0014254666149676176,0.00010199420411943536,0.024895590337664687
WangenheimKarlAugustFreiherrvon,0.0026064567951674905,0.003013694832278845,7.481935039726177e-05,6.722375919666169e-05,0.005482833100094253,2.3726455322826907e-05,0.21183561803584708,2.537598696506552e-05,0.006591358232318524,2.1646280743966315e-05,0.035620378533863954,0.0005887414557217725,0.0024635757103421314,0.07367930992395315,3.097480699413333e-05,5.0221194119556854e-05,0.00014372906020108662,5.901890929772447e-05,2.9271656015292695e-05,1.7372356282579732e-05,0.005901573520217106,0.011274524536943357,3.360248587211355e-05,5.985678938991984e-05,2.184688860815157e-05,2.9007044645878142e-05,0.26953881252772405,0.00016185351955717416,5.089193358430377e-05,6.259303174199902e-05,2.254605183087044e-05,1.3382641317005869e-05,2.576413341613807e-05,0.0508883108453164,0.0002829452574086699,4.62509374008427e-05,0.0001404147498815837,2.5053829970398448e-05,0.23143895336389844,0.0004261539452886166,3.210810089491049e-05,3.51138920347432e-05,0.01251515595208607,0.0006746395682442861,3.515264175201573e-05,2.0090987851989194e-05,1.2178792201175303e-05,2.367035593940299e-05,3.6283919570183907e-05,2.369009273496761e-05,0.00044225369232278226,2.696265862329906e-05,0.01949059385569951,4.3910246213613115e-05,6.359836217739781e-05,2.6346189042820824e-05,3.645503736111072e-05,0.0002449542081114341,1.7526828927242058e-05,0.05332963014907472
WestphalenEngelChristine,0.0017213472157979292,0.07521920684237426,0.00011291403660432588,0.00010145110811988608,4.0940245631086656e-05,3.580691132157474e-05,0.15882868812084328,3.829631112580694e-05,0.00019071915303132638,3.2667604346925454e-05,0.0002388915366447583,0.016914465234547534,3.0916451218631625e-05,4.118477692274e-05,4.674580134921221e-05,7.579159296384551e-05,0.00021690950641085492,8.906871350001109e-05,4.4175481626487874e-05,2.621758759972324e-05,0.0006728846674205728,0.0962105766129758,5.071137746604965e-05,9.033320487687884e-05,3.2970352815061825e-05,4.377614191432312e-05,4.169848627839525e-05,0.00024426213452511585,7.680384313806211e-05,0.13364415269783506,3.402549886088162e-05,2.019648718556994e-05,3.888208448993721e-05,0.0005906779845292607,0.0004270084006667907,6.9799858070597e-05,0.00021190769665512432,3.781012611491025e-05,0.2406415063812981,0.0006431325843101385,4.845611810973429e-05,5.2992324438524464e-05,0.002051418129617277,4.2469477866067385e-05,5.30508037887365e-05,3.0320425474044195e-05,1.8379691631889853e-05,3.572224862670002e-05,5.475807796703488e-05,3.575203452092393e-05,0.00017959632706085018,4.069084543739307e-05,0.005939048338177622,6.626739101506991e-05,0.1443296451040377,3.976049695927905e-05,5.501632132795383e-05,0.011053649204641056,2.6450710846064705e-05,0.10797703507504933
WilkenFriedrich,0.0056337570742194774,0.0014118548260039288,0.0003695537115697024,0.00033203696082482185,0.00013399237314099994,0.00011719160324685603,0.08273504191823962,0.00012533910168815838,0.000624200258796314,0.00010691703881600784,0.0007818625273226458,0.0029079588229744004,0.00010118573066735304,0.00013479269389068754,0.00015299324077339322,0.000248056533340658,0.000709918054296294,0.00029151091085345633,0.00014458090142197908,8.580692974278394e-05,0.0022022685024980387,0.00017935284416560005,0.00016597208216956823,0.0002956494351292899,0.00010790789720205502,0.00014327391181071582,0.0001364740012352804,0.0007994398316128942,0.000251369503279282,0.0003091645019080851,0.00011136126003636064,6.610061091210123e-05,0.00012725626564193303,0.00193321617125622,0.0013975458152366634,0.0002284463242370641,0.0006935477480404555,0.00012374787812827418,0.24559630451966025,0.6140332169912864,0.0001585908965283252,0.00017343734020941278,0.006714038454209308,0.00013899736158428362,0.000173628735908043,9.923501193718108e-05,6.0154463203481566e-05,0.0001169145126913914,0.00017921643366672097,0.00011701199824849216,0.0005877966216210942,0.00013317611707561246,0.00195410612633654,0.000216884995365772,0.0003141301102939233,0.00013013120128409705,0.0001800616323274531,0.018693563772532885,8.656991336757949e-05,0.003722186994332325
