receiver_norm,0,1,2,3,4,5,6,7,8,9,10,11,12,13,14,15,16,17,18,19,20,21,22,23,24,25,26,27,28,29,30,31,32,33,34,35,36,37,38,39,40,41,42,43,44,45,46,47,48,49,50,51,52,53,54,55,56,57,58,59
AbekenBernhardRudolf,0.004661957237389498,0.0011683156972373014,0.0003058072219940747,0.00027476195586806514,0.00011087924194995978,9.697653550204798e-05,0.0798362438387048,0.00010371862409845972,0.0005165282911100736,8.84742910178813e-05,0.14135108265700277,0.046139324477846876,8.373160986366554e-05,0.00011154151067438041,0.0001266025383591838,0.00020526780541907654,0.0005874601207647216,0.011174470618854043,0.00011964129281628206,7.100558860855128e-05,0.01264577767675079,0.00014841521898954996,0.0001373425831965291,0.00024465112813229804,8.929423042300746e-05,0.00011855975351716949,0.01833500636051905,0.0006615397610770289,0.0002080093017205943,0.0002558349016875211,9.21519024253015e-05,5.469852842034921e-05,0.00010530508518505182,0.2781358515408434,0.0011564749317538904,0.0001890402764268211,0.0005739136247546389,0.00010240188003342837,0.18566899877729326,0.034211982345189636,0.00013123462160582179,0.00014352011504416474,0.038135921473945615,0.00011502089054943367,0.00014367849577494166,8.211738206107673e-05,4.977806664331619e-05,9.674724192345688e-05,0.0001483023387385687,9.682791162441836e-05,0.13036710091978967,0.00011020378668600993,0.005261445599114737,0.00017947322905589275,0.0002599439631268817,0.00010768410629786265,0.00014900174411965322,0.0010011950852363669,7.16369607079807e-05,0.00308012510453315
AbekenBernhardRudolfANDTruchsessvonWetzhausenChristianFreiherrANDVoßHeinrichANDVoßAbrahamSophus,0.06597948097526439,0.0022943583288332586,0.0006005494477722107,0.00053958222369443,0.0002177465498958684,0.00019044417742281289,0.1344499654038464,0.00020368440620813845,0.0010143670838188663,0.00017374732442995084,0.0012705787936020704,0.004725627183836894,0.0001644335661427801,0.000219047124532838,0.00024862422804272795,0.0004031084236206448,0.001153664222881844,0.0004737246875129751,0.00023495361510122783,0.00013944198815694575,0.0035788333105995,0.05711571003822851,0.0002697157116056684,0.0004804500656938273,0.00017535753544375325,0.0002328296697457496,0.00022177936118943046,0.1717718921720747,0.00040849222090054665,0.0005024129512947722,0.00018096948054989288,0.00010741790472636313,0.0002067999255972896,0.23043860409502345,0.059095354926516235,0.0003712405249115837,0.0011270613825530395,0.000201098561714488,0.17181338879346358,0.0034205926027178393,0.00025772079226924984,0.0002818472542013652,0.0677350103229087,0.00022587999018240543,0.00028215828498666064,0.00016126351800231455,9.775501781442908e-05,0.00018999388677531722,0.0002912386668046069,0.00019015230731244003,0.0009552087435883836,0.00021642007930725758,0.0031755528853303363,0.0003524525938157872,0.0005104823963594734,0.0002114718879081229,0.00029261217104247395,0.001966164015454814,0.00014068188747383786,0.006048802309294537
AbekenMinonaLaura,0.0013141707516915982,0.00032933942545367045,8.620476043356208e-05,7.745333294425091e-05,3.12560260252338e-05,2.733695743389884e-05,0.3333335495098819,2.9237501601841302e-05,0.00014560544810535527,2.494023853325965e-05,0.00018238288440817235,0.04554035681094522,2.3603312315343645e-05,3.1442714607534274e-05,3.568830526097176e-05,5.786345356885453e-05,0.06949782165823708,6.799993464319983e-05,3.372598239484705e-05,2.001594244743778e-05,0.029062278625356836,4.183713620058556e-05,3.871584328382135e-05,6.896531662307861e-05,2.5171373296945208e-05,3.3421104584664765e-05,3.183490846817821e-05,0.00018648309300565223,5.8636260798065136e-05,7.211793844078668e-05,2.5976929584167983e-05,1.541910458424672e-05,2.96847130738761e-05,0.00045095592789898937,0.004404367547235837,5.32890349528247e-05,0.00016178194291464282,2.8866321333637763e-05,0.281599689832633,0.0004910026425833148,3.6994054758910295e-05,4.045724314195305e-05,0.09536858169494147,3.2423525677431554e-05,4.050188948112348e-05,2.314827361449157e-05,1.4032063343213337e-05,2.727232129521477e-05,4.180531610513436e-05,0.13461337123634493,0.00013711367350438978,3.1065620256420676e-05,0.0004558288692787898,5.059215611101827e-05,7.327625201715386e-05,3.035534126819721e-05,4.2002473232193655e-05,0.0002822293793693763,2.019392150306912e-05,0.0008682641469691168
AhlefeldtJohannGeorgJacobvon,0.010008302719110835,0.002508143377133907,0.0006565077918048094,0.0005898597284350891,0.00023803586395016441,0.00020818949521265328,0.20909687461995866,0.00022266342969896318,0.0011088843670538184,0.00018993685318776014,0.03244849578097138,0.005165954408687241,0.00017975525214025833,0.0002394576242834085,0.0002717906802628811,0.0004406694936292524,0.0012611610155632846,0.0005178656806300668,0.00025684625903639333,0.00015243499443614824,0.003912303912184021,0.00031861820349993083,0.09347342622173592,0.0005252177199915918,0.00019169710137537013,0.00025452440747127797,0.0002424444468685625,0.0014201953927176268,0.00044655494548815364,0.0005492270760588164,0.00019783195955071047,0.0001174269524246614,0.00022606924875696768,0.0034343356322464862,0.06460177611127241,0.000405832189409666,0.001232079360381039,0.00021983663989043936,0.2810012949606536,0.00373931856003626,0.00028173484941584263,0.0003081093807818654,0.16722504110212674,0.0002469271666432209,0.00030844939297369246,0.0001762898234193891,0.031166389952592424,0.0002076972471225844,0.00031837587186424614,0.00020787042906020653,0.0010442137367574717,0.0002365857947173088,0.003471446390037092,0.0003852936255960818,0.0005580484205462174,0.0002311765378760543,0.00031987735727495066,0.002149368384070049,0.00015379042580922293,0.06873147363411483
ArnimLudwigAchimvon,0.0019157962525953485,0.0004801105459879492,0.0001256691771460567,0.00011291135859979763,4.556499028234187e-05,3.9851777664210495e-05,0.04597090493338797,0.00598805846152782,0.00021226341514498146,0.0059817939175386865,0.07161111038882262,0.0009888705782593176,3.4408875120958975e-05,4.58371446320816e-05,5.2026360647914927e-05,8.435326031015727e-05,0.00024141231688784679,9.913020800263766e-05,4.9165689164803025e-05,2.917921243004835e-05,0.0007488959301425045,6.0990117645847935e-05,5.643990127138356e-05,0.00010053754047978665,3.66947921895944e-05,4.8721238726764536e-05,4.640888428428842e-05,0.0002718547877380084,8.547985758969231e-05,0.00010513342808148608,3.786913099931869e-05,2.2477948731435364e-05,4.3274332496821416e-05,0.3454926951604431,0.00047524467249622206,7.768467935816773e-05,0.00023584548626920162,4.2081282181947634e-05,0.31538865013011186,0.0007157829539766508,5.392988040876709e-05,5.8978511507674755e-05,0.04390120557420403,4.726696961471384e-05,5.9043596877414346e-05,3.374552035008455e-05,2.0455921983125456e-05,3.975755119317255e-05,6.094373035595873e-05,3.9790701799866346e-05,0.05965424485099841,4.528741702339119e-05,0.048227995263513686,7.375317321850826e-05,0.00010682201596557808,4.425197332462968e-05,6.123114573535785e-05,0.00041143358781359397,2.9438670044197865e-05,0.04882924282470024
BarthKarl,0.002924144463115508,0.000732808926226957,0.30873228254819673,0.0001723404164848765,6.954738212141413e-05,6.082711292719351e-05,0.006643905523217252,6.505598934864929e-05,0.00032398481272595276,5.5494204479849646e-05,0.0004058178139505176,0.010584066219552836,5.251942712106203e-05,6.996278048845142e-05,7.940958972988671e-05,0.0001287512274583131,0.000368475764998058,0.00015130578132497668,7.504325032046258e-05,4.453721649669556e-05,0.0011430651274159714,9.309127449083662e-05,8.614612570513329e-05,0.00015345384037104845,5.600849947431262e-05,7.436487062024192e-05,7.083544601124868e-05,0.00041494113544622617,0.0001304707908997023,0.00016046869869191873,5.780093242412394e-05,3.4308851599525555e-05,6.605107385202071e-05,0.0010034162440288438,0.0007253819793322763,0.00011857274734009538,0.00035997892358887324,6.423008090053627e-05,0.3906411416395328,0.2642593946699177,8.231499616942132e-05,9.002089216654738e-05,0.003484853555518412,7.214517060458417e-05,9.012023416249084e-05,5.150692635136593e-05,3.1222563946372524e-05,6.068329188505961e-05,9.30204720050792e-05,6.073389077462379e-05,0.0003050898741120203,6.912371269040339e-05,0.0010142589633151226,0.00011257195686228976,0.000163046047355725,6.754328003505211e-05,9.345916379662312e-05,0.0006279849676681585,4.493323540778836e-05,0.001931963403243716
BentzelSternauChristianErnstGrafvon,0.020596684530296654,0.0012579052552403266,0.015906493334596112,0.00029583143412678864,0.00011938175741003386,0.00010441295441933011,0.21390868301001054,0.00011167204431838472,0.016133373056282357,9.525873519308703e-05,0.0006966077275652581,0.0025908730969141395,9.015237262180204e-05,0.00012009481066336255,0.00013631075804713394,0.00022100828721114042,0.0006325081267858419,0.00025972437106748015,0.00012881570566348368,7.645048617710006e-05,0.2200434357187107,0.0001597960930988664,0.00014787437811520306,0.00026341162795793914,9.614154973467521e-05,0.00012765123105159604,0.00012159278715888051,0.0007122683911352109,0.00022396000874758446,0.000275453003043286,9.921835563391896e-05,5.889295720032962e-05,0.00011338015946463972,0.03287688902084974,0.0012451565083366671,0.000203536388094153,0.0006179228493976584,0.00011025432881295571,0.1253529073407446,0.2355339146442119,0.0001412980417688496,0.00015452561955099878,0.09944535132769756,0.00012384099865018534,0.00015469614533785946,8.841436153384602e-05,5.3595181314774736e-05,0.00010416607799869774,0.00015967455688972542,0.0001042529336670912,0.0005237028947533073,0.00011865450643821911,0.001741029120234215,0.00019323571406102856,0.00027987715825313183,0.00011594161024991024,0.00016042759453741768,0.001077969389795684,7.713027356997893e-05,0.0033163172975865128
BergnerCaroline,0.007459670551707694,0.0018694401853113344,0.0004893269097607867,0.0004396508947959213,0.00017741960594064597,0.00015517366832312345,0.4568020932790597,0.00016596178953459542,0.0008265049819451598,0.00014156909419848565,0.001035265950184858,0.0038504348894606985,0.00013398025604731179,0.00017847931246503358,0.0002025786979758483,0.00032845221981396284,0.0009400041098671944,0.00038599025988288443,0.0001914399003131163,0.0001136171507755998,0.00291602873155727,0.00023748150876251714,0.00021976401137911483,0.0003914700892864695,0.00014288109204041118,0.00018970931239707992,0.00018070553534287512,0.0010585400987619046,0.0003328389308425477,0.00040936541993810384,0.02329761610806354,8.752396920472546e-05,0.00016850031068493275,0.2572115624428669,0.0018504935916193387,0.00030248629735125595,0.0009183281501319168,0.00016385484680091423,0.024242513902395825,0.002787094408374839,0.00020999056668860212,0.00022964877652377496,0.12464088563544864,0.0001840467225184713,0.0002299022040035165,0.0001313973049412518,7.965066150371148e-05,0.00015480677208859914,0.00023730088731078848,0.0001549358529364137,0.0007783028431888199,0.00017633879942850728,0.07203792359635003,0.00028717791550525066,0.0004159403932923253,0.00017230701950559602,0.00023842001677923115,0.0016020278851880455,0.0001146274191280227,0.004928556262503928
BertuchFriedrichJohannJustin,0.01439549555981122,0.04483436726639817,0.000548151485129107,0.2047570949630995,0.00019874815496030923,0.00017382791554593552,0.03571064380803652,0.00018591293385549892,0.000925863516358265,0.00015858786362519633,0.0011597207445117762,0.0043133160285066165,0.00015008673111032206,0.00019993525440968967,0.00022693175448958497,0.00036793719800325554,0.0010530069746277808,0.000432392190128287,0.000214453903058189,0.00012727566927440956,0.0032665799652499676,0.00026603041672593257,0.00024618300529247834,0.00043853077880165,0.00016005758366550486,0.0002125152720174691,0.00020242910331187618,0.07395543856044128,0.00037285125876138255,0.0004585774017808874,0.00016517988634316921,9.804568836694136e-05,0.00018875662405694175,0.14177312344864473,0.002072951211622336,0.00033884977469429006,0.0010287252331509027,0.0001835527043943521,0.23298033403792284,0.16732831424304218,0.00023523464313403766,0.00025725607032551877,0.025206914242567494,0.00020617195226594798,0.00025753996366271694,0.00014719326979323487,8.922588871337421e-05,0.0001734169127749228,0.00026582808181437083,0.00017356151111402873,0.0008718667436105658,0.00019753741898207401,0.02131660445050397,0.00032170109131631364,0.00046594278745028104,0.00019302095747469864,0.0002670817477541379,0.0017946161287417575,0.0001284073873277459,0.011560102637446062
BodeAugustTheodorHeinrich,0.018408389045957135,0.0018431560391260807,0.002804815496050061,0.01238452675288668,0.00010686213973519944,0.0015592033656839609,0.04587676065064803,9.996094766371416e-05,0.0012149825808096446,8.52689095222387e-05,0.31799489381202856,0.018734809529558756,8.069805345118054e-05,0.00010750041477863121,0.00012201578859166219,0.00019783105042989562,0.000566176719916145,0.000591070893500238,0.00011530674566483261,6.843308989514469e-05,0.005618217331403721,0.0033332496969700723,0.00013236672671124874,0.006043432154279045,8.605914291258362e-05,0.00011426439002027441,0.00010884129781685185,0.0025999634283755007,0.0032797898559904443,0.0002465661248442799,8.88132828170062e-05,5.271682674384714e-05,0.0011772417281493276,0.020273357711644298,0.003076967333151519,0.0001821914370971312,0.0005531210070153921,9.869190861007079e-05,0.35073440979852727,0.02498736178621652,0.00012648005366474674,0.0001383204495173499,0.06949443782605158,0.00011085373837519388,0.0011707339514309522,0.001695310775181946,4.797463095740487e-05,9.324213535014475e-05,0.000142929415521167,0.0023682059233884126,0.04350908935032216,0.00010621115589429567,0.017527596327219275,0.00017297099930349254,0.010260336013631256,0.00010378276232854823,0.00014360348177784956,0.000964922263348522,6.904158768361788e-05,0.006003672163857924
BoieHeinrich,0.001490450189216486,0.00037351615712953015,9.776804219252346e-05,8.784272104185216e-05,3.544862784649581e-05,0.1989243784928484,0.1467746767251063,3.3159343820876696e-05,0.16668051999204994,2.8285657090719128e-05,0.00020684724890285868,0.0007693210269518795,2.6769399076380812e-05,3.566035834837781e-05,4.04754414603756e-05,6.562510633371445e-05,0.00018781383087958296,7.712126854536037e-05,3.824989772235321e-05,2.270082876957142e-05,0.0005826256728878322,4.74490605472492e-05,4.3909085538367685e-05,7.821614434648778e-05,2.854779566885003e-05,3.7904124397776315e-05,3.6105160070721625e-05,0.01408777939952629,6.65015759093173e-05,8.179165063338594e-05,2.946140717570349e-05,1.7487383063089546e-05,3.3666543073527885e-05,0.000511445980060189,0.0003697306073579283,6.043708713374287e-05,0.00018348295084071888,3.273837439946377e-05,0.07885051738897916,0.0005568644566180653,4.19563407908216e-05,4.588407223223002e-05,0.3394324403860246,3.6772732857422635e-05,4.593470731490761e-05,2.6253322670850713e-05,1.5914287727123327e-05,3.0930559352735235e-05,4.741297218717493e-05,3.095634984478389e-05,0.00015550574410192275,3.5232681544396085e-05,0.01901868183273864,5.73784559970429e-05,8.310533737222582e-05,3.4427127584964635e-05,4.763657545710971e-05,0.028072650793792016,2.290268147158967e-05,0.0009847308353760284
BoieSaraHenriette,0.007101269713681684,0.0004336972039640451,0.00011352046150237051,0.00010199596932357952,4.116012249519837e-05,3.5999218701600224e-05,0.020044085697373586,3.850198826983939e-05,0.032415809624833564,3.284305152099883e-05,0.00024017454609256666,0.0008932742853853895,3.1082493513655226e-05,4.140596708560596e-05,4.6996857981936686e-05,7.619864518178013e-05,0.00021807445745915602,8.954707285308679e-05,4.441273390040392e-05,0.5800595496464253,0.0006764985140963963,5.509406888368237e-05,5.098373192997973e-05,9.081835540559007e-05,3.314742595358075e-05,4.40112494633536e-05,4.192243540864026e-05,0.0002455739877231786,7.721633182543096e-05,9.496994844858084e-05,3.4208238848735686e-05,2.030495600885085e-05,3.909090763391176e-05,0.016705883415957103,0.00579997942194404,7.01747306115754e-05,0.010954401178162224,3.801319211594816e-05,0.07007222805547014,0.0006465866421367678,4.871636030253894e-05,5.327692913348716e-05,0.2330015765969012,4.269756774363671e-05,5.333572255744111e-05,3.048326670689463e-05,1.8478403031810997e-05,3.591410131067839e-05,5.505216595509116e-05,3.594404717534009e-05,0.00018056088104902006,4.090938285344694e-05,0.0006002673558441412,6.662329181401858e-05,0.016208528387179837,3.997403777351128e-05,5.5311796257868946e-05,0.0003716593983255888,2.659276908886973e-05,0.0011433909934226974
BornträgerJohannFriedrichWilhelm,0.06826907616060308,0.025427295574121104,0.0016516255300490117,0.00043230567302733933,0.0001744554669677607,0.0007877619899504069,0.15595869695142425,0.000163189075629832,0.0018783914841540514,0.011778882726183201,0.0018254927743488953,0.014215590982333742,0.0001317418557507862,0.00017549746903726513,0.00019919422752477843,0.00032296478780035004,0.0032571290746507484,0.00037954154320128083,0.00018824152510269433,0.00011171895568708851,0.006478619960908801,0.0002335139190943377,0.00021609242690279502,0.0003849298214157297,0.00014049398599787452,0.00018653985001768774,0.00017768649853977728,0.002106550003854102,0.002508993757420276,0.006947672817172787,0.00014499019732502167,8.606171137360316e-05,0.009452838961067222,0.013797631228812599,0.011841726292020861,0.00029743267648456,0.0030563366599459098,0.006828020861005522,0.1954050490892187,0.00786099773071495,0.00020648226658073144,0.00022581204785469385,0.05712840893243274,0.00018097186469677535,0.005942688432537482,0.00012920205785768677,7.831994256356104e-05,0.00015222042440745333,0.00023333631527463212,0.00015234734870909797,0.001483083437962422,0.00017339271742676556,0.0049721384263466594,0.0002823800508781256,0.02400525590396256,0.0001694282962150646,0.14182657458133954,0.004563484695060551,0.00011271234554527391,0.2025007876355074
BreitenbauchGeorgAugustvon,0.010329120302397727,0.002588542273867179,0.0006775522435052612,0.0006087677668773575,0.00024566613780891545,0.0002148630394283277,0.05552378579730295,0.0002298009379665726,0.0011444298149451493,0.00019602530633780908,0.0014334931375739534,0.19766241287924685,0.00018551733260417609,0.00024713347287415224,0.0002805029696139354,0.00045479521763482615,0.001301587713326539,0.0005344659395140945,0.00026507950281537987,0.00015732132010952882,0.004037713376847199,0.0003288315558441673,0.00030429881533477777,0.0005420536495548936,0.00019784197953427252,0.00026268322396436235,0.00025021603848690734,0.0014657199603165696,0.0004608693284996464,0.0005668326289844345,0.00020417349147088082,0.00012119109027569668,0.0002333159310443852,0.0035444237549438038,0.002562307650741568,0.0004188411986173734,0.0012715738415042296,0.00022688353500412216,0.09767796883182693,0.5808517721310595,0.0002907659005394957,0.00031798587130225204,0.01230974463308048,0.0002548424524887509,0.00031833678263379665,0.00018194081906718114,0.00011028922244415403,0.0002143550122549252,0.00032858145623304287,0.0002145337455644688,0.001077686158292226,0.0002441695863982181,0.003582724103413516,0.00039764426818641313,0.0005759367429382694,0.00023858693505083263,0.000330131071974566,0.002218266696793334,0.00015872020003023692,0.0068243832217074005
BrentanoClemens,0.004656751911963375,0.0011670112100670214,0.00030546577182044994,0.0002744551694000253,0.00011075543932630581,9.6868255996192e-05,0.010580537363459196,0.00010360281668889101,0.0005159515595550383,8.837550472424052e-05,0.0006462720651665082,0.10356522532032636,8.363811902803581e-05,0.00011141696859215688,0.00012646117983134328,0.00020503861289921754,0.0005868041900155236,0.00024095713989639683,0.00011950770689264551,7.092630705855838e-05,0.0018203514856176648,0.00014824950543327063,0.000137189232832294,0.0002443779620192365,8.919452862302114e-05,0.00011842737519019807,0.00011280670391236774,0.0006608011164341504,0.00020777704817300007,0.00025554924829113997,9.204900988117585e-05,5.46374545781281e-05,0.00010518750640654705,0.0015979581624014484,0.0011551836654336734,0.00018882920281388578,0.0005732728193951701,0.00010228754283926756,0.4053281649395376,0.3630311640602285,0.00013108809110846893,0.00014335986713412218,0.0055496910847840355,0.00011489246355286868,0.00014351807102431412,8.202569359741151e-05,4.97224867607116e-05,9.663921843618579e-05,0.00014813675121914702,9.671979806509724e-05,0.00048586103474453925,0.00011008073824440454,0.07387348553203862,0.00017927283756473522,0.0002596537217429026,0.00010756387121462205,0.00014883537567659196,0.01545172922657696,7.155697419715799e-05,0.0030766859795678505
BrockhausFriedrichArnold,0.008220934419627584,0.1296234697447016,0.000539263015305891,0.0004845175331262382,0.0001955253834715692,0.00017100923453588828,0.04419131430419282,0.00018289829000767474,0.000910850312620198,0.0001560163054366258,0.0011409154632699991,0.1828319269757683,0.00014765302178629266,0.00019669323368434405,0.0002232519759859564,0.0003619709664595787,0.0010359320948335382,0.0004253807981353521,0.000210976457320074,0.0001252118493701202,0.0032136112180442427,0.00026171663961271517,0.0002421910609615869,0.0004314198474265177,0.00015746219344768463,0.00020906926186599616,0.0001991466439462785,0.0011665647527122481,0.00036680534398789963,0.00045114140733789465,0.0001625014361793104,9.64558429209498e-05,0.00018569586876870768,0.0028210026015477014,0.0020393375759953803,0.00033335520598712983,0.0010120440903659132,0.0001805763325003772,0.3073556315718708,0.003071519069607582,0.00023142023036020487,0.0002530845723364383,0.009797310941128838,0.0002028288012833728,0.00025336386224296235,0.00014480647896582423,8.777905943206402e-05,0.0001706048963198873,0.0002615175856331666,0.00017074714994588292,0.0008577291166029096,0.00019433428000459847,0.0028514858028078605,0.00031648459456343664,0.0004583873606787536,0.00018989105451482977,0.00026275092293718915,0.0017655157947331374,0.00012632521621573682,0.28607067293456634
BöckhPhilippAugust,0.019163357110336014,0.0014376456902451965,0.00037630448327044937,0.00033810240043092774,0.00013644006042541135,0.0001193323847733185,0.0808996618618482,0.00012762871652406268,0.0006356027513454558,0.00010887013114702791,0.01891332078742911,0.008885777892834377,0.0001030341271134533,0.00013725500092454102,0.003056146513124834,0.0002525878720149435,0.0007228863849090121,0.0002968360464043609,0.0001472220131933702,0.009145962242907863,0.0022424981400816038,0.00018262914762822482,0.00016900395439908868,0.0003010501706043448,0.0001098790899026359,0.00014589114832878197,0.0001389670213202731,0.0008140434890048847,0.00025596136117717944,0.0003148121220104286,0.00011339553656850476,6.730809474889486e-05,0.04906523815948321,0.25842649080167024,0.00142307529158781,0.00023261943610826882,0.0007062170363306512,0.0001260084255062114,0.166833151353515,0.3477357691851183,0.000161487933962294,0.0001766055830154865,0.009737044719420844,0.00014153647680809252,0.0001768004750087703,0.006025746105107583,6.125332660318283e-05,0.0001190502325041657,0.0001824902452692813,0.00011914949886529983,0.0005985341157249413,0.00013560889351438968,0.0019898024917766183,0.00022084691224874117,0.0003198684389658701,0.00013250835514160125,0.00018335088348053543,0.0012319990245687677,8.81513173773394e-05,0.003790181534339775
BörneCarlLudwig,0.017659792903494117,0.006652960800247644,0.006023792228055425,0.0002004288565599337,8.088237547316732e-05,7.074085661681808e-05,0.2844496891179815,0.0048286805004098664,0.13821441313133662,6.453877840416771e-05,0.005224980476104904,0.006508364857214852,6.107916494434703e-05,8.136547642777973e-05,9.235194851029815e-05,0.00014973540058969376,0.000428530798259319,0.00017596594786304048,8.727397299513368e-05,5.1795995152293525e-05,0.0013293645282656192,0.00010826350592893358,0.00010018642071497693,0.00017846410254555026,0.11607947646741289,8.64850294008107e-05,8.238037099784644e-05,0.000482569202358089,0.00015173522246183217,0.00018662225871610442,6.722146220925367e-05,3.9900587663839135e-05,7.681623078750062e-05,0.030170540239810317,0.0008436064137021968,0.00013789800821695675,0.0004186491219656828,7.469844818888569e-05,0.1850732310758123,0.08828134039222267,9.573088481784091e-05,0.00010469270558499263,0.044657841906563675,8.390355753763115e-05,0.00010480823856942801,5.990164445510039e-05,3.631128970371272e-05,7.057359528826787e-05,0.00010818116389012809,7.063244090199799e-05,0.00035481412812793335,8.038965541742619e-05,0.012780999194634738,0.00013091919501426343,0.00018961966963212303,0.042855745457905874,0.00010869135468550133,0.0007303354115869926,5.225655814236501e-05,0.0022468392715167674
BöttigerCarlAugust,0.02341895961810146,0.04273471157822398,0.0024909598151046652,0.006793979244143708,9.440839385995413e-05,8.257090144053328e-05,0.07344181653971756,0.00027668115551744574,0.001146880011566251,7.533164518446071e-05,0.02436550871868866,0.013621069650440305,7.129347805339881e-05,0.00028249420816327806,0.00010779603192523552,0.0036508016518620643,0.001284905076435363,0.006424879866579122,0.0021739354169209167,0.00037564586028627757,0.006592858193341822,0.002519600893093214,0.00011694066860606042,0.00020830878401405302,0.0064669532017232155,0.00010094798367253882,9.615690026406281e-05,0.0011936455670092723,0.0018081520423252609,0.00140497931931885,0.0009076183657750623,4.657319191448618e-05,8.966226484568782e-05,0.025554267783108788,0.0025135832593745264,0.0001609587922719777,0.0011190360851543759,8.719032392518253e-05,0.3045954379856043,0.25122214699703616,0.0001117400302052567,0.00742266021141857,0.013365189477462997,9.793481039502677e-05,0.00012233539641665425,6.991903995762551e-05,4.238365304995616e-05,8.23756688785452e-05,0.0001262723784881378,0.007646955953302655,0.11216628070707274,0.0023440963641744314,0.01508790949014493,0.00034033483109466187,0.001797269820938898,9.168788802158176e-05,0.00012686788886071953,0.008139064784392575,6.099546030898488e-05,0.02103807868082154
CalmbergJohannErhartWilhelm,0.026470464865147248,0.0010184544182910533,0.014958330334364585,0.00023951790478706923,9.665662639621493e-05,8.453723705516484e-05,0.1243190389467817,9.041450972706543e-05,0.03473102112514371,7.712558583729074e-05,0.00790987838859551,0.144384975942895,7.299125417721062e-05,9.723394510388717e-05,0.00011036307640449688,0.00017893785374648144,0.0005121058948171464,0.00021028406722174258,0.00010429475831483828,6.189761518461182e-05,0.07273227316526662,0.00012937781789543128,0.00011972548259582327,0.0002132694296374077,7.784035061521535e-05,0.00010335194938028292,9.844677156597626e-05,0.0005766832493454552,0.0001813276949748513,0.010386396732258548,8.03314655455764e-05,4.768228148903176e-05,9.179747351579759e-05,0.17967345284104905,0.015699881859822223,0.000164791849683376,0.0005002970243667577,8.926666602868764e-05,0.19906724459934155,0.001518384293173263,0.00011440099668544998,0.00012511061490144554,0.07488024426916892,0.0001002670206801551,0.00012524867994278096,7.158408534299704e-05,4.3392973343381054e-05,8.433735524346441e-05,0.04420452754969958,8.44076773435275e-05,0.00042401248012229547,9.606781260251658e-05,0.0014096123634821402,0.00015645197914327942,0.005123850426571289,9.387133468986151e-05,0.0001298891087319791,0.0008727705709522416,6.244800041505096e-05,0.034517157353394716
CottavonCottendorfElisabeth,0.0025534019516606733,0.35722738133676124,0.00016749376232134684,0.00015048995060033536,6.072970179199207e-05,5.311504640803545e-05,0.1880573714747532,5.680775771012082e-05,0.0002829078602503325,4.8458279613768624e-05,0.00035436552852655286,0.025090480377702225,4.586066434219226e-05,6.109243318727326e-05,6.934151303209968e-05,0.00011242728928669138,0.0003217579532590061,0.00013212222658832352,6.552876721524022e-05,3.889049154672502e-05,0.0009981397171155786,8.128854267146111e-05,7.52239461073453e-05,0.008058164225003817,4.890736886334418e-05,6.493639701179791e-05,6.185445636265476e-05,0.00036233213455666316,0.00011392883502173668,0.00014012340826138198,5.0472545225182616e-05,2.995894687779128e-05,5.767667877234111e-05,0.024648695303110785,0.05610257721276477,0.00010353930467217413,0.0003143383979973458,5.60865634360671e-05,0.08753973470891327,0.0009540062463184404,7.187855269161466e-05,7.860744386869144e-05,0.0030430206106957514,6.299812534855626e-05,7.869419062471651e-05,4.4976535163893924e-05,0.007951430243932234,5.298945995555105e-05,8.122671699643179e-05,5.303364358087968e-05,0.0002664085478046266,6.0359747993317834e-05,0.0008856644564198008,0.015946631903584814,0.00014237398349502186,5.897969311656847e-05,8.160978852071355e-05,0.0005483648507396266,3.9236300542564273e-05,0.2156395058993033
CottavonCottendorfJohannFriedrichFreiherr,0.006092370977713774,0.008650336011396713,0.00018283061510508995,0.28153642383250765,6.629052079250773e-05,5.797861646623756e-05,0.03368665012637167,6.200945719372978e-05,0.0003088128022845239,5.289544485675815e-05,0.0019771824298727677,0.02158517945781634,5.005997450056954e-05,6.668646630831715e-05,0.006310397057146449,0.00012272188629596474,0.0003512202704984043,0.00014422022421260405,7.152902084828089e-05,4.245156591315537e-05,0.015539999097836916,8.873186709547955e-05,8.211195537569728e-05,0.000146267690968557,5.338565573147391e-05,7.088240925412792e-05,0.01877163677510976,0.003512862781039011,0.00012436092363408402,0.0001529540477686495,5.50941501435455e-05,3.27021890824719e-05,6.295794249898377e-05,0.09938647905284824,0.003972414524549564,0.00011302005817057392,0.0003431213309707758,6.122222553263344e-05,0.2731294533680794,0.05902678857566193,7.846023529078403e-05,8.580526889579586e-05,0.019399371384502734,6.876665643133714e-05,8.589995876688496e-05,4.909488852208088e-05,2.976043039073812e-05,5.7841530475461745e-05,0.0007496968621847111,5.788975985000352e-05,0.042943825312220914,0.028122064456047854,0.023933774011668803,0.00010730028103725215,0.000155410700772343,6.438026957996953e-05,8.908252837029225e-05,0.010014020617393532,4.282903950107839e-05,0.03772003242864396
DobeneckFranziska,0.023315750303210262,0.004133443543416316,0.00019340233796468298,0.00017376831162497033,7.012360429241097e-05,0.12282191721886086,0.13686521029153573,0.014230278014360173,0.0003266691298988557,0.002416734494182632,0.005130741148706972,0.0015218519459036745,5.295456727144723e-05,0.040203810988163315,8.00675234262585e-05,0.012967503044879694,0.0003715287038548539,0.00015255939782555532,0.037415858692421575,4.4906221494397415e-05,0.048676418657103426,9.386256529505877e-05,8.685987374370245e-05,0.0001547252542237229,5.647254769837118e-05,7.4981007215001e-05,7.142234020106698e-05,0.0004183790546692001,0.00013155178288086204,0.00016179823287590673,5.8279831525012104e-05,3.459311134230888e-05,6.659832799747854e-05,0.005733290871763702,0.0007313919996404901,0.00011955516024780327,0.00036296146341332504,6.476224754047102e-05,0.16690441174702086,0.0011015755805694404,8.299700208181548e-05,9.076674387709377e-05,0.20879266630011098,7.274291627903869e-05,9.08669089530559e-05,5.193367761098552e-05,3.1481252814773896e-05,6.118607225042546e-05,9.379117618819775e-05,6.123709036787582e-05,0.002668398143287787,0.09172289910578015,0.0010226624212738152,0.00011350465131315075,0.0001643969356927691,6.810289758313035e-05,9.423350268070109e-05,0.0040277510850358035,4.530552154806877e-05,0.06305010545500855
EhrenbergCarolineAugusteEleonorevon,0.01678608456651145,0.004206697980179183,0.001101105314367258,0.0009893221220201617,0.00039923753849894144,0.0003491787339551421,0.09023294690739933,0.00037345464717601336,0.0018598385043155066,0.00031856511232606564,0.0023296017790832074,0.008664420931771211,0.0003014883690457593,0.00040162213755204335,0.00045585165350471357,0.20911322446825484,0.0021152393221288922,0.0008685725595161269,0.00043078663243711744,0.00025566639812112075,0.16284237330811907,0.0005343915205689298,0.0004945228149306287,0.0008809035169144502,0.0003215174285943224,0.00042689238604821765,0.0004066316839163658,0.0023819743099503274,0.0007489690598831139,0.0009211723909326537,0.0003318069103401311,0.00019695035303280721,0.0003791669410914176,0.005760122367461201,0.0041640635070135604,0.0006806682054325763,0.002066463107327641,0.0003687135103309992,0.2108321848021664,0.00627164458665285,0.05256606181770242,0.0005167659558962021,0.1762854364285791,0.00041415017284873046,0.0005173362297544017,0.00029567609685532566,0.0001792334836387383,0.0003483531276261267,0.0005339850780937258,0.0003486435911274721,0.001751371894182783,0.0003968054593089773,0.005822365120911385,0.0006462205994073112,0.0009359676902667848,0.0003877329676660242,0.0005365033933152812,0.0036049548532032507,0.0002579397491868404,0.011090457901557252
EichstädtHeinrichKarlAbraham,0.004590412862601865,0.015396163245633131,0.0003011141745487574,0.014516322359296691,0.00010917764203423885,9.54882924212406e-05,0.0246755864045,0.00010212691406400368,0.0005086014286860227,8.711652699017052e-05,0.0006370654174338036,0.030860973128487817,8.244662903423768e-05,0.00010982974730167835,0.00012465964206215407,0.00020211767853997185,0.0005784447083718973,0.00023752451821076875,0.00011780522674843496,6.991590670355995e-05,0.0017944191642609167,0.00014613757603598165,0.00013523486561222618,0.00024089660806443154,0.014333700900298228,0.00011674028521052505,0.00011119968476240478,0.0006513874910768178,0.0002048171026754685,0.000251908750683112,9.07377002117692e-05,5.385910158342937e-05,0.00010368902864530079,0.34347384241572404,0.0011387271765221773,0.0001861391840962935,0.0005651061026401361,0.00010083037731235833,0.057655301874095816,0.4718257191831184,0.0001292206393929481,0.00014131759443373684,0.0054706314230767395,0.00011325573113615596,0.0001414735445865859,8.085717385675465e-05,4.901415130158572e-05,9.526251767924276e-05,0.00014602642809325014,9.534194938872864e-05,0.0004789395667822997,0.00010851255259350347,0.0015922152444720235,0.0001767189566955758,0.0002559547527213083,0.0001060315402902088,0.00014671510010245568,0.000985830320446333,7.053758949873113e-05,0.00303285619715147
EinsiedelDetlevGrafvon,0.009422957525659038,0.0316044322513255,0.0006181113032910465,0.0005553612158959981,0.00022411410790992002,0.00019601333270338124,0.13838168305955967,0.0002096407452349025,0.0010440302002119848,0.00017882821397159014,0.030550714351572337,0.004863818605286516,0.000169242093636659,0.00022545271522504904,0.00025589474138274626,0.00041489651520962696,0.001187400802733277,0.000487577809098001,0.0002418243589797586,0.0001435196874344254,0.0036834890616952616,0.00029998351196439143,0.00027760300277869336,0.0004944998573788086,0.00018048551235394167,0.00023963830313262783,0.00022826485062367582,0.0013371339016515866,0.00042043775076596563,0.0005171050032051712,0.00018626156745884872,0.0001105591243710376,0.00021284737169538872,0.0032334752155049828,0.002337519116221761,0.00038209670417445584,0.0011600200160755262,0.000206979282942318,0.20608070434153167,0.4421653216388501,0.0002652573162554466,0.00029008930783246345,0.011229823782989595,0.0002324853942284751,0.0002904094340848076,0.00016597934384167168,0.00010061366584993506,0.0001955498742154651,0.0002997553533270811,0.00019571292744119425,0.03022612194147848,0.0002227488473683527,0.00326841551499634,0.058848719453304464,0.0005254104228908951,0.0002176559561068612,0.0003011690229219715,0.0020236605105291862,0.00014479584510230245,0.006225687314537477
EndeHenrietteFreifrauvon,0.10602845149780528,0.0016087417549813829,0.0004210889643613203,0.00037834040245333423,0.00015267796769947273,0.00013353428553985368,0.07435085425282861,0.00014281797441476944,0.0007112466531973459,0.00012182690563810022,0.0008908953464566137,0.0033134814529949515,0.0001152963512499394,0.00015358989531673672,0.00017432855710718302,0.0002826486799004203,0.000808918024379378,0.0003321628864987183,0.00016474309454939502,9.777293543322585e-05,0.0025093807312162393,0.00020436407764424567,0.0001891173326248505,0.0003368785390459293,0.00012295594187436773,0.0001632538417436251,0.0001555056654641951,0.0009109238528093324,0.00028642365235162303,0.00035227831800900317,0.00012689088538578566,7.531851777215184e-05,0.00014500249200593852,0.2611863433828361,0.0015924373144186568,0.0002603037747247519,0.0007902648351629343,0.00014100485047656596,0.1403926928758431,0.002398426644006813,0.0001807068209181011,0.0001976236408508883,0.3861647264415051,0.00015838091515809995,0.0001978417271912394,0.00011307359957912195,6.854316387318326e-05,0.00013321855396584428,0.00020420864433671096,0.0001333296341444343,0.0006697664315213492,0.00015174788254414387,0.0022266114484307247,0.00024713018764217483,0.00035793639375592234,0.00014827834510729737,0.0002051717082096607,0.00137862081482822,9.864231916373996e-05,0.004241255919051835
EnslinTheodorChristianFriedrich,0.044150599965599356,0.018947956490614204,0.00019107627202419905,0.0015245335134864643,6.928022189442601e-05,6.059345085680399e-05,0.025174132631315464,6.480608241684015e-05,0.00032274025321172895,5.5281028314002315e-05,0.05111086275849936,0.011381643452163817,5.2317678304025985e-05,0.027799736909957486,7.910454468907937e-05,0.00012825664080237382,0.00036706029735551407,0.00015072455330962414,7.475497819320207e-05,4.4366130648375583e-05,0.024263666035829898,9.27336724465186e-05,8.581520284656542e-05,0.00015286436077346767,5.5793347688919775e-05,0.007568337320655739,7.056333779871911e-05,0.0004133471751194522,0.0001299695986901777,0.00015985227212546394,5.757889516325917e-05,3.417705712644202e-05,0.00302266048503958,0.06308489709604524,0.0007225954874710413,0.00011811726043134758,0.0018574477190697134,6.398334662428567e-05,0.3479234390903427,0.11332721257510596,8.199879026216292e-05,0.01093150660044605,0.022381389670016544,7.186803119880226e-05,8.97740451115063e-05,5.1309066968082914e-05,3.110262517920941e-05,6.045018229071001e-05,9.266314194235975e-05,6.0500586809035364e-05,0.17867195818771728,6.885817995273126e-05,0.004952846963147436,0.007606397637694954,0.0036120933842199894,6.728381839213672e-05,0.013228383620575124,0.004116086387898665,4.476062828722272e-05,0.0088238892618391
FalkElisabethCharlotteKaroline,0.013179791534913277,0.0004583116452787945,0.017146433216399772,0.00010778474033319012,4.349616111939469e-05,3.80423507485867e-05,0.3787375539331624,4.068716475266428e-05,0.0002026258240743457,3.4707055616187645e-05,0.00025380562836853674,0.0009439719778644406,3.2846577315706624e-05,4.37559585948747e-05,4.966415994330673e-05,8.052329164698041e-05,0.00023045125142119238,9.462930799203555e-05,4.693337415869275e-05,2.785436181002069e-05,0.1255756724776767,5.822092723769793e-05,5.387730852242058e-05,9.597274205830708e-05,3.5028704789164534e-05,4.650910351268321e-05,4.430173902578532e-05,0.0002595115147673749,8.159873699402611e-05,0.00010035995834808246,3.614972401379325e-05,2.1457361750714624e-05,4.1309508176180844e-05,0.006303044212108304,0.00045366670151668044,7.415749040949233e-05,0.00022513717673331056,4.017062702208114e-05,0.17053249983520544,0.006358773572993965,5.148125244566294e-05,5.630065590322443e-05,0.002179488962844116,0.14760786010549864,5.6362786142058386e-05,3.2213341451625795e-05,1.952714294265098e-05,3.7952402528679664e-05,5.8176646112597046e-05,3.798404796788692e-05,0.06262119827487418,4.3231190774422775e-05,0.0006343354694232418,7.040449005916001e-05,0.00010197187772336624,4.2242760278282706e-05,5.845101170717021e-05,0.0003927528902032047,0.01137908198069147,0.052287693772051766
FalkJohannesDaniel,0.039539317396377206,0.0015962409318704498,0.0018770744124640601,0.0035366985345172326,7.467938343908835e-05,0.008273230078110946,0.09054252129781148,0.006359625060238556,0.0058062370291220525,0.0008361428040508587,0.15892651347704154,0.02684293179996654,0.0004058389395510031,0.0003718016444398299,0.0002894666818207913,0.00013825196564303305,0.0006025635838185616,0.0017576132979003727,0.005274071592666923,0.0005873014023026107,0.020739918090570904,0.0006450572119422991,0.00015979218365447595,0.0011732367102973765,6.014144717608703e-05,0.0036936523596549043,7.606249541525255e-05,0.002361487722474041,0.0013759006048305279,0.0008816875661613729,0.002192322790108076,3.684055108620457e-05,7.092507755572005e-05,0.015882066114147116,0.01781141716152314,0.001315249366389541,0.0017939369091386098,0.003673145083937581,0.32124121268864875,0.06822370890372965,0.007253394579249557,0.003058709708239449,0.040009622166004045,0.0005436596246952376,0.0015469364797306626,5.530769650031401e-05,3.35265218298514e-05,0.0002436617586962533,0.002833133376988482,0.014030850396109832,0.03199295953482717,0.003431222469063672,0.018047388707510752,0.00012087880340817217,0.0073352309958513075,7.252739577839934e-05,0.001463097146027727,0.003073902030457307,4.8248923450762604e-05,0.04775985933398612
FalkensteinKonstantinKarlvon,0.026502441401081905,0.17423773630861802,0.0001469252001046356,0.05711511755794633,0.0008139661621024583,4.659241463031494e-05,0.1633018218644502,4.9831653748644755e-05,0.000248166220654277,4.250750792330812e-05,0.00031084874724503746,0.005904723149192212,4.0228884897102616e-05,0.0029371433862082543,6.082623935721931e-05,9.862099786126564e-05,0.00028224544611481586,0.003919368291721255,5.7481706197737e-05,3.4114662978956624e-05,0.013851555709872147,7.13061503466895e-05,6.598629812421039e-05,0.00011754273075133329,4.290144813304643e-05,5.69620802160255e-05,5.425860791765288e-05,0.0003178370384441037,9.993815083777191e-05,0.013999838558451924,4.427441777069156e-05,2.627992949670961e-05,5.0593869601775525e-05,0.005517190147437459,0.01653020675638697,9.082447517339692e-05,0.0002757370267778892,4.91990235446234e-05,0.31945676572322906,0.0008368524098974458,6.305172557522234e-05,6.8954295730507e-05,0.015129681380081597,5.526183211106888e-05,6.903038981491213e-05,3.945332851434844e-05,2.3915891700336705e-05,0.0047950745894539855,0.017567218210861144,4.652100822984256e-05,0.003117246279634133,5.294745266494822e-05,0.02240355230216542,8.62279835005763e-05,0.018867986132264956,5.1736871231278094e-05,7.158794657617322e-05,0.0004810245725491112,3.441800595249487e-05,0.10926835144594305
FichteJohannGottlieb,0.02139514389280041,0.024718151358750468,3.994186199305437e-05,3.5887001133140637e-05,1.4482075835166468e-05,1.2666226037207152e-05,0.2300321202825616,1.354681862264989e-05,6.746440317693515e-05,1.1555737299879775e-05,8.450475312834638e-05,0.036217801301405415,1.0936289809714169e-05,1.4568575577784185e-05,1.6535715154597854e-05,2.6810283623140696e-05,7.672889775788945e-05,0.03782467026191669,1.5626498207524788e-05,9.274128329753116e-06,0.0002380241405905521,1.938469652840444e-05,1.7938485782103745e-05,3.1954188434747446e-05,1.1662830606403618e-05,1.5485237013156868e-05,1.4750293536021952e-05,0.007645037205957789,0.10773768396050487,3.341491502253533e-05,1.2036074704410092e-05,7.144242896366527e-06,1.3754028280305524e-05,0.21751963398471327,0.020937288484554017,2.469078585827263e-05,7.495957304869515e-05,1.3374837040976602e-05,0.13614455255968602,0.000227499730753296,1.71407173143609e-05,1.8745340907718607e-05,0.023401560325271825,1.5023021715074813e-05,1.876602721214857e-05,1.0725453506712787e-05,6.501575257718802e-06,1.2636277717438052e-05,1.936995309828845e-05,1.2646814087513993e-05,6.352984912815621e-05,1.439385378220367e-05,0.00021120241733303446,2.344122189023122e-05,3.395160465289042e-05,1.4064755189718717e-05,1.9461303305867983e-05,0.00013076733656542,9.356592625714588e-06,0.13456802894080433
FischerMaximilianDavidBenjaminvon,0.09768578006539114,0.06976173557046461,0.010588732357321296,4.004938136880454e-05,1.616179005826481e-05,1.4135327585205694e-05,0.1934476181796928,1.511805634969891e-05,7.528931162645206e-05,1.289603799447098e-05,9.430609910696767e-05,0.00035074996354856236,1.2204743431307237e-05,1.625832253718518e-05,1.845362224543319e-05,2.991989409885275e-05,8.562835542911797e-05,3.516124112489131e-05,1.7438949101661295e-05,1.0349794928908616e-05,0.0002656315456988622,2.1633044820445526e-05,2.0019094256468962e-05,3.566041849543218e-05,1.301555259696193e-05,1.7281303623710527e-05,1.6461117186535365e-05,9.642622501465868e-05,3.031949538482325e-05,3.729056853145301e-05,1.3432087686345938e-05,7.972873166148444e-06,1.5349299371983277e-05,0.0002331791964323766,0.03390987310625297,2.755456482598849e-05,0.040151453488764206,1.4926127357714035e-05,0.1920031783515415,0.00025388645444172106,1.9128796025917312e-05,2.0919533067592777e-05,0.01978931283535873,1.6765477944136287e-05,2.0942618688265093e-05,1.1969453124547847e-05,7.255665248493182e-06,1.4101905687529215e-05,2.161659136273784e-05,1.4113664126242126e-05,7.089840543088801e-05,1.6063335505566534e-05,0.0002356988851312209,2.616006926155994e-05,3.788950650353463e-05,1.569606617064862e-05,2.171853689136808e-05,0.13089349131481856,1.0441823906922639e-05,0.20922328453688965
FouquéFriedrichFreiherrdelaMotte,0.02254267632644223,0.01925212898488412,4.940619763914067e-05,4.439052618449114e-05,1.791364411257741e-05,1.5667523638359847e-05,0.12950353644487125,1.6756775093975795e-05,0.1975403303994195,0.05031571611324535,0.02406335741656997,0.013097686747750553,1.3527674194848918e-05,1.802064021056224e-05,0.004055327338443985,3.31630551344012e-05,9.49100241726065e-05,3.897253694034488e-05,1.9329240559263387e-05,1.147165891440449e-05,0.019256995471156984,2.3977954458499098e-05,0.002343482207231492,3.9525822543776437e-05,1.4426370860527138e-05,1.9154507130739295e-05,1.824541674603867e-05,0.00010687832670791166,3.360597112316219e-05,0.02325426414428115,1.4888056188991735e-05,8.83709118471469e-06,1.701308365817476e-05,0.09233813642547654,0.0013474865987275217,3.0541336460269325e-05,9.272145303675235e-05,1.6544041996657497e-05,0.15440999735953403,0.024654984472235297,2.1202258108478222e-05,2.318710173954492e-05,0.13281996626615786,1.8582768628091434e-05,2.321268972152903e-05,0.039955578428172774,8.042141655901268e-06,1.5630478980658868e-05,2.395971753147962e-05,1.5643511973023162e-05,0.006350069687700985,1.780451759800559e-05,0.008385773434590722,0.01589949787997423,4.199653210805156e-05,1.7397438175771786e-05,2.4072713425632866e-05,0.003643692742621378,1.1573663355388077e-05,0.01389712064861936
FranzIII,0.042899055943292234,0.24289118051668096,0.0001942801986871304,0.00017455705273941032,7.044189805541603e-05,6.160946907163785e-05,0.08343241407113776,6.589273714992572e-05,0.004321882017663938,5.620796894714941e-05,0.0004110374281158189,0.0015287596909844656,5.3194930108686e-05,7.086263926134872e-05,8.043095302436598e-05,0.00013040722112724377,0.00037321508706928823,0.00015325187085665044,7.600845391408971e-05,4.5110052577611386e-05,0.00515149731397898,9.428861112391394e-05,8.72541340836693e-05,0.00015542755816111637,5.6728878785382086e-05,7.532134891850003e-05,7.174652897679546e-05,0.00042027809344532825,0.00013214890153193088,0.00016253264133806865,5.854436594349469e-05,3.4750130818051776e-05,6.690062039448325e-05,0.006214030432472084,0.01632783667045213,0.00012009782576287382,0.00036460895959070214,6.505620589698053e-05,0.03719945605434149,0.09422493792178152,8.337372869730148e-05,9.117873765231223e-05,0.008727383901646483,7.307309920086724e-05,9.127935738144389e-05,5.216940659041109e-05,3.1624147443816976e-05,6.146379820841926e-05,0.3908919514662977,6.151504789908591e-05,0.005506722213836157,7.001277940338175e-05,0.0010273043257172003,0.00011401985333320649,0.020955976278598597,6.841201927991152e-05,9.466123220875435e-05,0.0006360620877948681,4.5511165069732445e-05,0.03314306195547773
FrauenholzJohannFriedrich,0.004292801332212798,0.0040761536985365835,0.00028159195443662097,0.0002530049998597358,0.00010209929720935469,8.929747305654918e-05,0.04707859343445653,9.550569107203224e-05,0.00047562712897052426,8.14684766522692e-05,0.004701042722259106,0.014531642918263149,7.710134350617486e-05,0.00010270912435227112,0.00011657754836767919,0.0001890137261440926,0.00054094223962741,0.00022212502420325907,0.00011016752729310526,6.538302902667236e-05,0.00988864177406989,0.00013666299739715184,0.00012646714546994645,0.0002252784904054124,8.222348936290277e-05,0.0001091716294099512,0.00010399024427165053,0.012924996941898135,0.0001915381377540974,0.006236278248487089,8.485487733019014e-05,5.0367239276617326e-05,9.696652863858185e-05,0.1332833911863118,0.0010648997566703826,0.00017407116993234078,0.0005284684194789735,9.42932130528827e-05,0.2282068671761315,0.4965441412030344,0.00012084284127354514,0.00013215551102007032,0.008116303219174259,0.00010591299041159742,0.0001323013504127235,7.56149379240146e-05,4.5836403021375895e-05,8.908633603200738e-05,0.0046370852321462085,8.916061792309364e-05,0.0004478883429163127,0.00010147732769970779,0.013804827744495818,0.00016526168678867702,0.00023936036612738282,9.915716756605413e-05,0.00013720307868311693,0.0009219157055405006,6.596440608603602e-05,0.002836226176867715
FriedrichAugustI,0.0016340561394032026,0.23367967108163465,0.00010718806353810966,0.12687357076396355,3.886412869418762e-05,3.3991110416943235e-05,0.16598761320980332,3.635427050237035e-05,0.00018104761204040668,3.10110005423535e-05,0.00022677713044946617,0.010985626809171072,2.9348649975273278e-05,3.9096259582561073e-05,4.437527942356149e-05,7.194813263767402e-05,0.00020590982887858236,0.010226733105039848,4.193530294200084e-05,2.488806998639732e-05,0.0006387620764815785,5.202081173669136e-05,4.813975758375948e-05,8.575232623977428e-05,3.1298396361461275e-05,4.1556214108335275e-05,3.958391827150734e-05,0.00023187538044698106,7.290905068872733e-05,8.967233513497399e-05,3.230003499561657e-05,1.9172305027757293e-05,3.6910338768651095e-05,0.0005607241689370208,0.00040535441791322017,6.626024404777635e-05,0.00020116166542587084,3.5892740373730214e-05,0.07630564043555113,0.03103706218847492,4.599886447206653e-05,5.030503566933031e-05,0.00194738885822653,4.031581217745581e-05,5.03605494787264e-05,2.8782849236034278e-05,1.7447640822136682e-05,3.391074104400744e-05,0.24853541933974835,3.393901646855718e-05,0.00017048883464920795,3.862737581020632e-05,0.0005667832444174067,6.290691159610836e-05,9.11125965381292e-05,3.774420614606512e-05,5.22263938432952e-05,0.000350927495140838,2.5109371341769295e-05,0.08728815010797886
FroriepLudwigFriedrichseit1810von,0.003384899702817275,0.0008482770765588848,0.00022203695189335282,0.2313010574951258,8.050591071813098e-05,7.041159527772516e-05,0.00769078071030849,7.530681257043908e-05,0.00037503485554368397,6.423838446469533e-05,0.0004697622211097994,0.0017471731255033973,6.0794873678986926e-05,8.098676309285845e-05,9.19220989482685e-05,0.00014903846135449572,0.00042653621364124313,0.0001751469192790077,8.686775872815087e-05,5.155491214115792e-05,0.0013231770382400134,0.00010775959646781208,9.972010582113528e-05,0.0001776334463704002,6.483371653391306e-05,8.60824872497275e-05,8.199693386452688e-05,0.02148955596377864,0.00015102897511164856,0.00018575363063117394,6.690858179302274e-05,3.971487149424349e-05,7.645869178920767e-05,0.0011615237855234152,0.000839679871238235,0.0001372561657935648,0.00041670053133360775,7.43507663504813e-05,0.1580649118505265,0.3899354798329533,9.52853080912484e-05,0.0001042054163142266,0.004033959304414175,8.351303077515296e-05,0.00010432041155361641,5.962283392593209e-05,3.614227982110984e-05,0.1681441080426983,0.00010767763768772376,7.030368418081821e-05,0.00035316265568974525,8.001548401411202e-05,0.0011740749839176125,0.00013030983528178436,0.00018873709018189645,7.818602377611763e-05,0.00010818545381430572,0.0007269360858351336,5.2013331453670207e-05,0.0022363814209527947
FörsterErnstJoachim,0.009082759461461915,0.003792787130945687,0.06313537875734572,0.0005353109492930224,0.00021602289180684326,0.00777189011182923,0.24888407169757312,0.0014753512855246347,0.005183438997019225,0.0001723719594409608,0.0012605210295806278,0.008081652420381722,0.00016313192785494146,0.023136339185239226,0.0002466561456000973,0.012015206701412758,0.0011445319419307106,0.00046997473423016485,0.00023309374774898464,0.00013833818049178921,0.07418942501117418,0.0002891531744845243,0.0002675806712651046,0.0004766468750462516,0.0001739694241988969,0.00023098661531474154,0.00022002377980329246,0.0012888592104332997,0.00040525864075337205,0.009597980068674036,0.00017953694575581386,0.00010656759623478767,0.01948461854853286,0.0059066066237953305,0.003949843802973756,0.00036830182515241967,0.0011181396868026622,0.00019950668729555352,0.2284446680281949,0.0033935155624076545,0.0002556807024101119,0.00027961618188446273,0.15751477444024936,0.000224091948661596,0.0002799247505837721,0.009259531137320838,9.698119968835905e-05,0.045999832569366066,0.001985649647661419,0.00018864708225696799,0.000947647414702204,0.0002147069214156455,0.007700187634789364,0.00034966261728289156,0.0005064414730373326,0.00020979789936332831,0.00029029588481058763,0.004497158520206928,0.00013956826490007238,0.03162978567440388
FörsterLuise,0.1431380050151823,0.0026742662636224817,0.0006999905409853928,0.0006289281491658759,0.00025380179071803104,0.0002219785952284769,0.2560627780391257,0.00023741118773953663,0.00118232955902986,0.00020251701849639705,0.0014809657063167086,0.005508113180655118,0.00019166105530097892,0.0002553177190851312,0.00028979230359015565,0.00046985653649791125,0.0013446920091030727,0.000552165690136678,0.0002738580623981593,0.00016253128379044334,0.004171429137893897,0.00033972137333294753,0.0003143761893037716,0.0005600046801292749,0.00020439385392241133,0.00027138242668836094,0.00025850236911260704,0.0015142597752273795,0.00047613180189777813,0.0005856042577001749,0.00021093504466931722,0.0994753182552416,0.0002410425858046791,0.003661803389313586,0.0026471628362332677,0.0004327118388544881,0.0013136841767545679,0.00023439717000506183,0.3989630824151025,0.00398698637614148,0.0003003951089672187,0.0003285165154601786,0.012717402809448641,0.00026328199470017664,0.00032887904781862083,0.00018796609942178227,0.00011394163804129182,0.0002214537438692584,0.0003394629912468879,0.00022163839623701127,0.0011133755724175194,0.0002522556784563891,0.0037013721191085673,0.0004108129359406165,0.0005950098699062067,0.00024648814809360487,0.0003410639251551229,0.03540843295146337,0.00016397649000421697,0.007050384304745508
FüssliJohannHansHeinrich,0.06113639053060072,0.00043603902905230336,0.00011413343539832156,0.00010254671467697356,4.1382373887676866e-05,3.619360287733979e-05,0.041751027798321606,3.870988659441705e-05,0.0001927787969178808,3.302039341143263e-05,0.0002414714112151909,0.10889165017803147,3.12503289584093e-05,4.1629545959618515e-05,4.725062586442582e-05,7.66100933012215e-05,0.00021925198922767648,9.003059817875351e-05,4.4652548345909836e-05,2.6500720642009266e-05,0.0006801513879862905,5.5391559094702344e-05,5.12590276465197e-05,9.130874524721056e-05,3.3326411367827774e-05,4.424889602232801e-05,4.2148803045100696e-05,0.000246900008089963,7.763327512467129e-05,9.548275555426357e-05,3.439295231063696e-05,2.041459622548792e-05,3.93019859332025e-05,0.0005970569259225152,0.00043161981608030327,7.055365153429727e-05,0.00021419616315150112,3.8218451098870476e-05,0.36743286487098775,0.2004381501255884,4.897941294323472e-05,5.356460737565656e-05,0.01287292737271263,4.292812084482283e-05,5.362371826514633e-05,3.064786652006795e-05,1.8578180451207112e-05,3.610802587994671e-05,5.5349429903805203e-05,3.6138133442623764e-05,0.000181535851598366,4.113028033269219e-05,0.0006035086060544949,6.698303611212885e-05,0.1998850884643522,4.018988469085677e-05,5.5610462126519666e-05,0.0003736662392628387,2.6736361469105e-05,0.0011495649361864787
GablerGeorgAndreas,0.010008302719110835,0.25098435346632664,0.0006565077918048094,0.0005898597284350891,0.00023803586395016441,0.00020818949521265328,0.17803734835880958,0.00022266342969896318,0.03216841062820292,0.00018993685318776014,0.0013889695198222988,0.06728500693098542,0.00017975525214025833,0.0002394576242834085,0.0002717906802628811,0.0004406694936292524,0.0012611610155632846,0.031577391941779165,0.00025684625903639333,0.00015243499443614824,0.003912303912184021,0.00031861820349993083,0.0002948474382886507,0.0005252177199915918,0.00019169710137537013,0.00025452440747127797,0.0002424444468685625,0.0014201953927176268,0.00044655494548815364,0.0005492270760588164,0.00019783195955071047,0.0001174269524246614,0.00022606924875696768,0.12767244067684286,0.002482723588974217,0.000405832189409666,0.001232079360381039,0.00021983663989043936,0.21888224243835547,0.00373931856003626,0.00028173484941584263,0.0003081093807818654,0.01192740979638128,0.0002469271666432209,0.00030844939297369246,0.0001762898234193891,0.00010686369144332814,0.0002076972471225844,0.00031837587186424614,0.00020787042906020653,0.0010442137367574717,0.0002365857947173088,0.003471446390037092,0.0003852936255960818,0.0005580484205462174,0.0002311765378760543,0.00031987735727495066,0.002149368384070049,0.00015379042580922293,0.037671947372965725
GoetheJohannWolfgangvon,0.05191234679080047,0.05521007412038392,0.00039950600467495535,0.0003589485248574476,0.0001448524422149665,0.0001266899715219702,0.08219067937778336,0.00013549782393550554,0.015613264636781256,0.00011558265462314006,0.0008452324106527576,0.003143648608455849,0.00010938682449521501,0.00014571762888514788,0.00016539332835823387,0.0002681614917288003,0.0007674568449437344,0.5112316080472495,0.00015629916970406085,9.276157322126776e-05,0.00238076215475526,0.00019388937509337998,0.00017942410361272026,0.0003196117936719257,0.00011665382198695026,0.00015488624870935722,0.00014753520602979591,0.0008642343537806612,0.00027174297756523265,0.0003342222553251929,0.0001203870795498802,7.145805912731721e-05,0.0001375703738450331,0.09385480876902715,0.001510816770379251,0.0002469618770461601,0.0007497597269259061,0.000133777631857732,0.08601132133089283,0.0022754950310949987,0.0001714446735786616,0.0001874944201052753,0.05266359283697819,0.00015026308449461642,0.00018770132840704,0.00010727800019786082,6.502997671356578e-05,0.0001263904228033912,0.0001937419085365663,0.00012649580955560483,0.004903572626500653,0.00014397002867326636,0.021429794154985388,0.00023446350357161317,0.00033959032579749404,0.00014067832274702085,0.0001946556104682056,0.0013079594582325873,9.358639659614275e-05,0.004023869895508586
GoldschmidtCaroline,0.035987355712770154,0.005428724432841185,0.0057192888855574055,0.0003121286954982516,5.2815103899263794e-05,0.0004109166976042974,0.12101750175854947,0.0011708419085398418,0.0025973263121299587,0.00047292672943275116,0.0012468387475165598,0.011622721591478978,0.0017062512809671681,0.00014121765676076056,0.000192067288968037,0.00045558252673416654,0.002444117590722559,0.00023195280598813358,5.69887311602104e-05,0.0013188386857208663,0.4171474680959656,0.001988942119203062,0.0023623243495433,0.0006865949587292116,4.2533516413508026e-05,0.0001606033404517489,0.0009309247461251038,0.001938905286280263,9.908106052298354e-05,0.0005135639505562707,0.0007418612380918174,2.6054547369302483e-05,5.015996607984886e-05,0.007991920993156163,0.06155695916913004,0.00043477800211690385,0.0012400725658171091,0.004726840954161296,0.19596982507941527,0.008700761589759794,0.0011024531467639183,0.0005308227112052883,0.054044374377874196,5.47878951742454e-05,0.00015652546530314987,0.0006195517366408565,0.00014528540711415894,0.00045273089406351684,7.064084576368413e-05,0.0007711274203618416,0.001576609472713861,0.00014965242574167342,0.010016233890772816,0.0006143914793501607,0.0010041361234045792,5.129316509024929e-05,0.00018588481232303264,0.004616857751729052,0.0002357072678461671,0.023704355039034845
GöschenGeorgJoachim,0.027930020044337662,0.0019886302006849156,0.0002947487527523628,0.018325184069999993,0.00010686967448895416,9.346971173240543e-05,0.06213992342703243,9.99679958205974e-05,0.00884272514032492,0.0010789787142492418,0.008535569859604237,0.03194866199639681,0.002625015411216469,0.00010750799453658752,0.0005703873087725749,0.00019784499932006122,0.002119468850308598,0.004545316520043103,0.00011531487584018743,6.843791505101663e-05,0.01846082152606524,0.00014304829167012366,0.0027584815632312413,0.0048458712670541295,8.60652108656659e-05,0.00011427244670006639,0.0009488907300944571,0.018543506415391903,0.00020048735881137247,0.0039194159181014125,0.0018089948418832018,5.272054376008159e-05,0.01227275508908478,0.326627237438362,0.0026791887531986227,0.002416520244765654,0.0010826336749181467,9.869886728814703e-05,0.2820309696919623,0.09914177637520562,0.00012648897166004055,0.00013833020236834963,0.023493039048300305,0.00011086155457299336,0.00013848285580325584,7.914788860761632e-05,4.797801360566209e-05,9.324870976958993e-05,0.00014293949334623137,9.332646232751924e-05,0.00046881499406126946,0.00010621864474776285,0.009277905672236927,0.00017298319533372067,0.0002505439813276847,0.00010379007995816022,0.0010685391999444454,0.00210249601918682,6.904645574412385e-05,0.011949418846170276
HaugFriedrich,0.0018822243194939808,0.00047169720917860286,0.0001234669820001294,0.00011093272826676428,4.4766520819082975e-05,3.915342510615482e-05,0.5007828022372404,4.187548420583357e-05,0.00020854376428781896,3.572071851458962e-05,0.029467467051089637,0.0009715418582274992,3.380590262214069e-05,4.503390600424671e-05,5.111466375070407e-05,8.287507492996438e-05,0.0002371818679862868,9.739307509673462e-05,0.07014330103175175,2.8667883228769725e-05,0.012418271950630977,5.992134211886952e-05,5.545086259508188e-05,9.87757458324744e-05,3.6051761853310606e-05,0.11103161256713184,4.559562663416488e-05,0.00026709087261140625,8.398193000129252e-05,0.00010329109625236412,3.7205521844225235e-05,2.2084050794718245e-05,4.2516003946161897e-05,0.210930873475913,0.03551441505893095,7.632335251828044e-05,0.00023171258911139448,4.134386034582168e-05,0.017799371391904666,0.0007032397529898815,5.298482670861757e-05,5.7944986862206055e-05,0.002243143659558903,4.643867509244416e-05,5.8008931692247974e-05,3.3154172313919896e-05,2.009745753607691e-05,3.906084983616594e-05,5.987576770821566e-05,3.9093419519941294e-05,0.00019638139904797118,4.4493811684314395e-05,0.0006528620289103233,7.246074110629853e-05,0.00010495009374582679,4.347651284126912e-05,6.0158146492582065e-05,0.0004042237287969992,2.8922794172753736e-05,0.0012435734786110108
HeimAntonChristoph,0.009481005043354024,0.01419790598311751,0.0006219190066280887,0.00055878236471462,0.00022549470074493733,0.00019722081850256576,0.34043593116543996,0.00021093217893132705,0.0010504616588443599,0.00017992983561072117,0.0013157902385740568,0.01671568751927371,0.00017028466263883894,0.00022684155417935527,0.012079377817770782,0.0004174523701779464,0.0011947154562186625,0.02413439481257017,0.02161340994634058,0.000144403800683715,0.014391228122675133,0.06441211916353197,0.00027931309912287175,0.028162220743862293,0.00709776600761849,0.0002411145284688462,0.0002296710129585522,0.0013453709443852855,0.00042302774097984175,0.0005202904852305312,0.00018740898021153511,0.00011124019320858615,0.00021415855892521285,0.0032533941432171393,0.037817638878063935,0.0003844505049993419,0.011852213945531717,0.06245377230012144,0.11127979196743813,0.003542308733199547,0.0002668913604201512,0.00029187632259759186,0.1261074927969241,0.06434420524235293,0.00029219842089897114,0.0001670018135782078,0.00010123346844724888,0.0001967545050071104,0.00030160191308595074,0.00019691856267703653,0.0009891982669181989,0.00022412102989426803,0.0032885496827376984,0.0003649940364486845,0.0005286470681518803,0.0002189967652879625,0.00030302429120049665,0.0020361267101245586,0.00014568781976714084,0.006264038935413406
HeimJohanna,0.060910276707363084,0.0008338325920371595,0.00021825610079705186,0.004877856731534653,7.913505393865428e-05,6.921262476886162e-05,0.3674113125012234,7.402448617189157e-05,0.00036864875209269423,6.314453155302053e-05,0.0004617630975696023,0.010875246593953912,5.9759656960154126e-05,7.960771834641207e-05,9.035684701331234e-05,0.000146500630488065,0.00041927314370083016,0.00017216451289969552,8.538857223230001e-05,5.067703373206224e-05,0.023822545236562454,0.00010592466320572173,9.802206921865944e-05,0.00017460869934193346,6.372972629199944e-05,8.461667237740496e-05,8.060068790343156e-05,0.00047214414307613446,0.028023470793571374,0.0001825906128900951,6.576926069053527e-05,3.903860561080359e-05,7.51567511608216e-05,0.004132243178183245,0.13520685191628617,0.00013491896416793666,0.0004096049436519746,7.308471953228299e-05,0.09155261956583968,0.0012431369417687118,0.006962031071364041,0.00010243100372590493,0.033737071815384885,0.04988661693974391,0.00010254404082331338,5.86075747310495e-05,3.552684812328104e-05,6.904897682727683e-05,0.00010584410002191099,0.03898986016064348,0.00034714899263703656,7.865297823353768e-05,0.10454880810712136,0.00012809091595604726,0.0001855232700125869,0.0031980265288100974,0.0001063432690420427,0.005695010396023339,5.112764706838228e-05,0.022224569323998446
HempelFriedrichFerdinand,0.0025737971482462127,0.02460739043710816,0.00016883161208964268,0.0001516919830984486,6.121477787091621e-05,5.3539300729779556e-05,0.06974756853674689,5.7261507416596946e-05,0.0002851675755378716,4.884533819586026e-05,0.00035719600909884847,0.0013285088489240293,4.622697457556312e-05,6.158040656879781e-05,6.989537561096573e-05,0.00011332529779063647,0.0003243279821200752,0.00013317754762104826,6.605217563845914e-05,3.920112780197179e-05,0.0010061123184277876,0.02404431857506789,7.582479438656019e-05,0.00013506824362351368,4.929801452796453e-05,6.545507390156486e-05,6.23485163740006e-05,0.0003652262480779344,0.0001148388370625507,0.00014124263841465572,5.087569267377394e-05,3.019824277504352e-05,5.813736895126018e-05,0.0008831950336112203,0.000638472583466495,0.00010436632075232772,0.000316849163455706,5.653455263194826e-05,0.2240257790725652,0.0009616263332870596,7.245267977390816e-05,7.923531770177359e-05,0.0030673266168569128,6.350132037046364e-05,7.932275734406406e-05,4.533578345059922e-05,2.7481729121032918e-05,5.341271116049829e-05,0.008069335759967246,5.345724770077783e-05,0.0002685364754898896,6.0841869080981553e-05,0.008880198913856089,9.908449640547462e-05,0.00014351119002850896,5.945079107076436e-05,0.31159321130757445,0.000552744893186199,3.954969893341865e-05,0.3132114408541017
HerderCarolinevon,0.008354681457532775,0.00604906792519482,0.041912374275977896,0.0001813279571874617,7.317427324958609e-05,6.399924262494129e-05,0.5120633504473617,6.844865465690126e-05,0.08127087425475209,5.838822337392609e-05,0.0004269811846508229,0.03023195591194976,5.525831158330554e-05,7.36113346124991e-05,8.355079429716e-05,0.00013546559499258762,0.000387691750449311,0.00015919636727069434,7.895675059199429e-05,4.6859829231468816e-05,0.010750641582637154,9.794597796438513e-05,9.063864015378473e-05,0.000161456447446237,5.892933881648911e-05,7.824299343770975e-05,7.452950958146028e-05,0.00043658028672637376,0.000137274833547542,0.0001688371301394026,6.081524701964878e-05,3.609805581812364e-05,6.94956327477374e-05,0.07216142677487336,0.014837992104475884,0.017718233189722793,0.012694185616666914,6.757967514080882e-05,0.0710618737193316,0.002908846396233748,8.660771747992562e-05,9.471547541597847e-05,0.07228114826476358,7.59075362210126e-05,9.481999809008342e-05,5.419300896907032e-05,3.2850818479062e-05,6.38479213254886e-05,9.787148313393246e-05,6.390115894361536e-05,0.0003210002897733926,7.272850948729014e-05,0.004585847873904256,0.00011844257656314375,0.00017154888735631076,7.106565737916403e-05,9.833305267181589e-05,0.000660734339943376,4.727650050116116e-05,0.035460321235575305
HerderCarolinevonANDHerderJohannGottfriedseit1801von,0.013414898051405931,0.0499098087793036,6.560313414506177e-05,5.894316468798594e-05,2.378631131114004e-05,2.0803840491338908e-05,0.35919765225645905,2.2250183516608802e-05,0.009421903548555231,1.8979900946053407e-05,0.00013879614967219768,0.00982731611714866,1.796247975521801e-05,2.392838416241197e-05,2.715934323893696e-05,4.403496845745206e-05,0.13358506132768505,5.174898476391413e-05,2.566598568449521e-05,1.5232436710164148e-05,0.0003909464618259511,3.183869712772453e-05,2.9463345733037616e-05,5.248365513720545e-05,1.915579801753053e-05,0.021751323672998868,2.4226849656907753e-05,0.00014191647079240445,4.462308651579583e-05,5.488284830212525e-05,1.9768838607241376e-05,1.1734173163402831e-05,2.2590518250370057e-05,0.0065505813799153064,0.00024809217908111294,0.09935890669871536,0.00012311851978821724,2.1967709685645325e-05,0.15843507448642538,0.000373660480754984,2.815303847157005e-05,3.078857751743833e-05,0.134650912119294,2.4674796307934053e-05,3.082255406076323e-05,1.7616188381249177e-05,1.0678613677562427e-05,2.0754651406474187e-05,3.18144815509989e-05,2.0771957031825707e-05,0.00010434559148230784,2.364140962438148e-05,0.00034689270416260964,3.850140047192627e-05,5.576434255546206e-05,2.3100876508687075e-05,3.1964521124092935e-05,0.0002147808513279997,1.53678814791406e-05,0.000660762224968565
HerderSusanneSophievon,0.0036125931340290937,0.3036086769544065,0.00023697280224966693,0.00021291554270394663,8.592133470513623e-05,7.514800082396318e-05,0.16516540621621528,8.037250669824948e-05,0.0004002624783922124,6.8559534117105e-05,0.0005013619083587748,0.001864700933945059,6.488438728452637e-05,8.643453277300695e-05,9.810546033303964e-05,0.00015906389242416398,0.0004552281993858248,0.0001869285986545072,9.27111277443822e-05,5.502287747894145e-05,0.023834653245483683,0.00011500830526864763,0.000106428018920103,0.022612051904807383,6.919491263184602e-05,9.187303308859667e-05,8.751265511467896e-05,0.0005126331875348456,0.0001611883028834446,0.0001982487959925767,7.140934870002742e-05,4.2386387980576706e-05,8.16018698470278e-05,0.0012396564805453227,0.0008961629601884346,0.00014648903237407337,0.03407843517145966,7.935214972662065e-05,0.06779641602774712,0.07982838631078895,0.00010169490383948108,0.00011121504462660888,0.11641766087715902,8.913073593559425e-05,0.00011133777529774807,6.363350745456538e-05,3.857347732378233e-05,7.497031914103144e-05,0.0001149208333338148,7.503283082721346e-05,0.000376918992334801,8.539791826765397e-05,0.16942157334173788,0.00013907544020983037,0.00020143294513579147,8.344539498040354e-05,0.00011546280893525205,0.0007758351925110947,5.551213347063595e-05,0.002386817003670736
HärtelGottfriedChristoph,0.004725036495218391,0.0011841237545271706,0.0003099449889489906,0.0002784796605515764,0.00011237950888392894,9.828868994165234e-05,0.06938994481782229,0.00010512200330123167,0.0005235172486641102,8.967140466139264e-05,0.0006557487174498048,0.0024389073550974824,8.486455200321547e-05,0.00011305073852701367,0.00012831555153204228,0.00020804520987876467,0.08857679742049042,0.00024449043052282587,0.00012126011589256711,7.196633955564472e-05,0.0018470443275218507,0.00015042337165755158,0.0001392009160329734,0.0002479614140924129,9.050243837015702e-05,0.14675581159139342,0.00011446085232109849,0.0006704908164016822,0.00021082380037553872,0.044249990805859216,9.339877649911078e-05,5.5438634431922206e-05,0.0001067299302191948,0.0016213899254073775,0.0011721227759270822,0.00019159811205884632,0.0005816790425103118,0.00010378744284833076,0.4112717207371551,0.13373745880814492,0.00013301030982234137,0.0001454620338305268,0.005631069339430796,0.02944370672637661,0.00014562255755370862,8.322848266786067e-05,5.045159566559778e-05,9.80562938745514e-05,0.00015030896406470666,9.813805508807012e-05,0.0004929854894942434,0.00011169491427901626,0.04562960464180104,0.00018190161642894805,0.00026346117090811957,0.00010914114100653797,0.00015101783284712968,0.001014741893948411,7.26062545226763e-05,0.003121801163690417
IndustrieComptoir,0.007288857074759886,0.0024459925121522097,0.00033300731660708074,0.007493553407565699,0.00012074142195993913,0.00010560213604770268,0.01241792617775625,0.00011294390128522144,0.000562471020313377,9.63436574468783e-05,0.02271253386747132,0.0079209104679598,9.117913741236134e-05,0.00012146259633036128,0.00013786323063179226,0.001589715769716949,0.0014857624912259144,0.000262682427874049,0.00013028281548211463,7.732119723156215e-05,0.010272632254762814,0.02715811221440433,0.0013233192542674902,0.0027542064819151796,9.723652655343839e-05,0.000129105078418045,0.00012297763360284995,0.035881841491591064,0.0002265107375280688,0.008475732425733577,0.00010034837485781084,0.005255485085757524,0.00011467147052280414,0.003831016705462347,0.007123391855998642,0.00020585450785977916,0.0006249605058296773,0.00011151003911252597,0.29744749170690177,0.4744195267012504,0.003340397398052615,0.0001562855451167954,0.02212357299709244,0.00012525145045909277,0.00015645801305857375,8.942133174175802e-05,5.4205588379140176e-05,0.0018236764819957393,0.010553335892776215,0.0001054402927846481,0.0005296674598269572,0.00012000588817015698,0.0034501545231386092,0.00019543651723133215,0.007565282510857035,0.00011726209422280317,0.00016225473896761667,0.0010902466153700585,7.800872686948434e-05,0.006980552254328259
JungFranzWilhelm,0.19604029003170215,0.07896723314101241,0.00012204120483210167,0.016127018415158224,4.4249564121495444e-05,3.870128754952142e-05,0.19344076004255906,4.1391912741515104e-05,0.005422685377515739,3.530822131040921e-05,0.00025820183064114745,0.0009603226466066745,3.341551740884401e-05,4.451386158485778e-05,5.052439970321086e-05,0.0034798764504016424,0.006227182187611656,9.626839527912324e-05,4.774631360162006e-05,2.8336831050275377e-05,0.005285744127374979,0.007366026394194137,0.010815012136592785,0.0051945727047335456,3.5635441813046163e-05,4.731469410527107e-05,4.506909555384058e-05,0.0002640065494847783,0.012379165322767782,0.014261305025399108,3.6775878366181865e-05,2.1829027671202996e-05,4.202503586125195e-05,0.014700589691817652,0.04192977241586502,7.544198252247232e-05,0.00022903680880359304,4.086642798970287e-05,0.18212899770921753,0.005809876761593916,5.2372966315261755e-05,5.727584732440062e-05,0.0053296353408918105,4.5902408621946035e-05,5.7339053729665215e-05,3.277131317907854e-05,1.9865375277110582e-05,3.860978132409924e-05,0.020130611932167048,3.864197489832089e-05,0.0016717288454786558,4.398000418865573e-05,0.061682638050253945,0.006416877308253461,0.00010373814667284324,4.297445295165037e-05,5.9463449737623725e-05,0.00039955581715003596,2.8588798323020935e-05,0.10153229826914195
KeßlerGeorgWilhelm,0.006057377761992439,0.0015180168249236676,0.00039734166823907936,0.00035700390985326266,0.0001440676995206319,0.0001260036245879656,0.051359520006755664,0.00013476376018203547,0.0006711359252540286,0.00011495648193029236,0.0008406533372927777,0.003126617792535053,0.00010879421790835683,0.0001449281990146202,0.000164497304762524,0.0002667087183525409,0.0007632991231747571,0.00031343057315380004,0.00015545241400094468,9.225903445984085e-05,0.021166184949983645,0.00019283897326178483,0.0001784520678476024,0.000317880286655047,0.00011602184621097669,0.0001540471475504884,0.00014673592937750992,0.0008595523367918424,0.0002702708013760001,0.0003324115956694775,0.00011973487873279732,7.107093282834691e-05,0.00013682508198677396,0.19006178753734088,0.001502631872666074,0.00024562395325400523,0.0007456978798543998,0.00013305288729933553,0.019685328405494862,0.6790027108509844,0.00017051586662852558,0.0001864786631449076,0.007218889045073719,0.00014944902947433352,0.000186684450514393,0.00010669681823343691,6.467767475470071e-05,0.00012570569868405854,0.00019269230560971408,0.00012581051450020366,0.00063199497910108,0.000143190066482247,0.002101041780521581,0.00023319329011368007,0.00033775058444994536,0.00013991619347713158,0.00019360105753219456,0.001300873546434078,9.307938932795367e-05,0.004002070452881535
KindJohannFriedrich,0.016179315586231188,0.002815555553849174,0.00020266792627326698,0.016792885818509927,7.348311098155029e-05,0.0012808700002408515,0.07787958734679509,6.873754754673064e-05,0.007918436443616547,5.863465542824545e-05,0.005019288670914375,0.013943418185391271,5.5491533600603205e-05,7.392201699606086e-05,0.0025171047145798914,0.00013603733811019933,0.0010828273867564769,0.0001598682679650425,0.002774844332915245,4.705760479844595e-05,0.003611706640157588,9.83593666096862e-05,9.102118760947224e-05,0.00016213788698537962,0.0026702081738887657,0.0037283751555494725,7.484406719414791e-05,0.024507046312498552,0.00013785421269769743,0.0001695497204259606,6.107192251670945e-05,3.6250410480385346e-05,6.97889444903224e-05,0.0070530693250501165,0.0014191893186802735,0.00012528285158122041,0.005933437222337065,0.012233871338603423,0.35314022465054995,0.10750726157524808,0.014932154086236294,9.511522947311285e-05,0.01699839248435548,7.622790990269614e-05,0.0021382814403172407,5.442173479353099e-05,3.2989467922666806e-05,6.411739646117645e-05,9.828455736798679e-05,0.002497372146406559,0.21216868087253343,0.0007257929956379993,0.04449234820904222,0.00011894247270271985,0.0001722729228258725,7.136559553325633e-05,9.874807499613328e-05,0.0006635230207995965,0.0013952532042589077,0.03119513185377872
KönitzLouiseHenriette,0.010395194982659756,0.03994420542675156,0.00016617694854838163,0.00014930681854277743,6.025225292082551e-05,5.269746294885207e-05,0.273059432258585,5.6361142643820995e-05,0.00028068367612732605,4.807730703828138e-05,0.00035157955368091885,0.0013076197277349904,4.550011387388723e-05,6.061213256992479e-05,6.879635924169326e-05,0.00011154340083055996,0.00031922833485089084,0.133782831660727,6.50135887274055e-05,3.8584739653661306e-05,0.0009902924748742845,8.064946291654652e-05,7.463254540729474e-05,0.0001329444663433493,4.852286560766363e-05,6.442587566003665e-05,6.136816482003986e-05,0.0003594835273096858,0.00011303314161193271,0.00013902177658652945,0.14942555897617665,2.972341360583264e-05,5.7223232363748317e-05,0.14238292360938035,0.000628433409709608,0.00010272529237376996,0.0003118671111498953,5.56456183036197e-05,0.2126413895329063,0.0009465059755785855,7.131345303146415e-05,7.798944255742296e-05,0.010880964324652916,6.250284243186585e-05,7.807550732194273e-05,4.462293560207597e-05,2.704961369285302e-05,5.257286384042178e-05,8.058812330678478e-05,5.261670009994069e-05,0.00026431407909055147,5.988520764991199e-05,0.0008787014797795018,9.752651803367442e-05,0.0001412546580957961,5.851600258180005e-05,8.096818317348471e-05,0.0005440536789201139,3.89278299449815e-05,0.017397488194849292
LevinRahel,0.002747797292158999,0.00016781674978114355,4.392611875026663e-05,3.9466779832132285e-05,1.5926683212628148e-05,1.3929699850368296e-05,0.06386611278836768,1.4898132781349042e-05,0.08320036292516365,1.2708438303894616e-05,0.0021710884421098408,0.10633151286368378,1.2027200057733216e-05,1.6021811425898567e-05,1.818517593465614e-05,2.9484647019290106e-05,0.10399209377935932,3.4649747753195395e-05,1.7185263321823235e-05,1.019923563875884e-05,0.0355903891450584,2.1318347196548928e-05,0.1413342149252423,3.5141663550817795e-05,1.2826214317955827e-05,1.7029911125180805e-05,1.6221656005352483e-05,9.502350504873173e-05,2.9878435273565595e-05,3.6748099664587335e-05,1.3236690038259493e-05,7.856891145964004e-06,1.5126011892993015e-05,0.00022978712011263307,0.00016611594341258616,2.715372637951849e-05,0.010473208002243212,1.4708995795678387e-05,0.24739841103954305,0.00025019314799246757,1.885052790844596e-05,2.0615214955924288e-05,0.14419068940703075,1.6521589202800902e-05,2.063796474823625e-05,1.1795332537783435e-05,7.150116508940262e-06,1.3896764143696006e-05,2.1302133088599383e-05,1.390835153146558e-05,6.986704068716635e-05,1.5829660886139966e-05,0.00023227015469953573,2.5779516652996835e-05,3.7338324838344e-05,1.5467734247453117e-05,2.1402595607514944e-05,0.00014381156180519542,1.0289925863908853e-05,0.05655259283750892
LudwigErnstKarlFriedrich,0.06463636660321743,0.0026096669342471754,0.0004631525491473585,0.0004161337310453516,0.000167929335421796,0.00014687334501904965,0.15945730581484946,0.00015708440380191233,0.0007822947841924897,0.00013399648691008007,0.0026603372432127434,0.02449573072341884,0.00012681357980917865,0.00016893235767200933,0.00019174265403947317,0.0003108831332295067,0.012785493490775495,0.00036534343246768185,0.00018119967667807487,0.00010753970803343673,0.002760048780206936,0.012165945287392994,0.0002080087157496501,0.0003705301428376547,0.00013523830527903245,0.00017956165884409206,0.00017103949868607407,0.0010019182173241713,0.00031503519671658364,0.0025469254720531416,0.00013956631971851865,0.0030107598896700976,0.00015948713808525264,0.021859777576382317,0.001751509690236191,0.00028630614197953756,0.0008692062815333442,0.00015509016257269197,0.2707120118182399,0.05254759023187026,0.020250455159283892,0.00021736473946947865,0.0337384346050675,0.01382024196750918,0.00021760461097649158,0.00012436879215243707,7.539010461278673e-05,0.0007070143458742604,0.00022460753471876483,0.0001466482505057825,0.02631987444720005,0.00016690634183356927,0.009863915258687617,0.00027181661374418126,0.0003936915170695837,0.00016309022399567974,0.02422964784217034,0.03533075268063138,0.00010849593658619777,0.19191930251534375
MahlmannErnestine,0.12447064164410741,0.0004125140115786488,0.0024005218693336806,9.701415200733164e-05,3.914972725756951e-05,3.4240898914177344e-05,0.34689916191232467,3.662142501675488e-05,0.004767470304310476,3.123888927938456e-05,0.0036672628130213136,0.0008496438426080482,2.9564322693323675e-05,3.938356399270871e-05,4.470137745994778e-05,7.24768536976782e-05,0.0013536960460205426,8.517330042739855e-05,0.0011885165300169716,2.5070963499574828e-05,0.044226370675536086,5.240309405195604e-05,4.849351942197432e-05,8.638248937487109e-05,3.152839706744204e-05,4.186159584331048e-05,3.987480631071506e-05,0.00023357934957646753,7.344483319135557e-05,9.03313050115707e-05,3.253739638520338e-05,1.9313195431237914e-05,3.718157962958006e-05,0.0005648447300426623,0.03188096979390842,6.674716685153419e-05,0.00020263993046315518,3.615650326848693e-05,0.16318517472766847,0.012501254658994541,0.0011926099532054398,5.0674709360746015e-05,0.05042894172183256,4.061207864286554e-05,5.073063112124622e-05,2.8994364087081956e-05,1.757585728602336e-05,3.415993893550249e-05,5.236323779968588e-05,0.018374557374976733,0.00017174169603796074,3.8911234561432025e-05,0.0005709483314988199,6.336919196060619e-05,9.178215037997756e-05,3.802157479971818e-05,5.261018690783629e-05,0.00035350633562513317,2.52938911193529e-05,0.1883274413442647
MahlmannSiegfriedAugust,0.029269954232078496,0.004197115303849995,8.640676639894925e-05,0.0010443858635364154,3.1329269123174535e-05,2.7401016871561085e-05,0.18487809019108062,2.9306014636468212e-05,0.00014594664932164795,2.499868167417854e-05,0.0001828102671936435,0.017031612535042127,2.365862260060649e-05,3.151639517791975e-05,3.5771934639686073e-05,5.799904657717593e-05,0.09067997255765274,6.815928074398101e-05,3.380501340888893e-05,2.0062846351084084e-05,0.037472378801294115,4.1935174302480724e-05,3.880656717492658e-05,6.912692492977315e-05,2.523035806225744e-05,3.3499421170221934e-05,3.190950807713e-05,0.00018692008392171683,5.877366474663635e-05,7.228693437213888e-05,2.6037802031490525e-05,1.545523659240127e-05,2.9754274071338077e-05,0.00915277195398826,0.004193769659327808,5.341390860128744e-05,0.001128912083037663,2.8933964571422425e-05,0.12250012496355808,0.0004921532224622432,3.7080743936022727e-05,4.055204770282288e-05,0.30576225461145834,3.249950460913769e-05,0.04997934653813782,2.3202517595160667e-05,1.4064945059811857e-05,2.7336229269251022e-05,4.190327964213232e-05,2.7359022740121323e-05,0.00013743497571374258,3.11384171713322e-05,0.0043239011538374035,5.071071008976404e-05,7.34479622562895e-05,0.08027076213685598,4.210089877286269e-05,0.00028289073516867783,2.0241242469888858e-05,0.05522927533326071
MaxJoseph,0.05433292803269963,0.17569907504724944,8.620476043356208e-05,0.14689862734188958,3.12560260252338e-05,2.733695743389884e-05,0.08863159282830642,2.9237501601841302e-05,0.00014560544810535527,2.494023853325965e-05,0.00018238288440817235,0.05777545464502399,2.3603312315343645e-05,3.1442714607534274e-05,3.568830526097176e-05,5.786345356885453e-05,0.00016560059845733633,6.799993464319983e-05,3.372598239484705e-05,2.001594244743778e-05,0.0005137170125063559,4.183713620058556e-05,3.871584328382135e-05,0.004147331261316004,2.5171373296945208e-05,3.3421104584664765e-05,3.183490846817821e-05,0.04504850848462784,5.8636260798065136e-05,7.211793844078668e-05,2.5976929584167983e-05,1.541910458424672e-05,2.96847130738761e-05,0.00045095592789898937,0.03703129510477924,5.32890349528247e-05,0.00016178194291464282,2.8866321333637763e-05,0.2285809325516249,0.008647734531969166,3.6994054758910295e-05,4.045724314195305e-05,0.00564453091169711,0.08159974241953594,4.050188948112348e-05,2.314827361449157e-05,1.4032063343213337e-05,2.727232129521477e-05,4.180531610513436e-05,2.729506147839385e-05,0.00013711367350438978,3.1065620256420676e-05,0.0004558288692787898,5.059215611101827e-05,7.327625201715386e-05,3.035534126819721e-05,4.2002473232193655e-05,0.0002822293793693763,2.019392150306912e-05,0.06204375331736301
MayerAuguste,0.17145064648356326,0.000620239021089493,0.00016234787605800418,0.00014586646994748788,5.886391208199233e-05,5.148320063718502e-05,0.09779186630460786,5.506246131221102e-05,0.000274216123604876,4.696950300529232e-05,0.00034347840843220324,0.0012774893710815398,4.445169388624485e-05,5.92154993338834e-05,6.721114391001447e-05,0.00010897320218788182,0.0003118726309111795,0.0001280630548229971,6.351553652298472e-05,3.7695664686002986e-05,0.04705175374218973,7.87911267121869e-05,7.29128518577245e-05,0.00012988114135591868,4.740479495180193e-05,6.29413656223132e-05,5.9954110983150745e-05,0.00035120025759514647,0.00011042861615381133,0.00013581841736648762,4.892188463012172e-05,2.9038522552335718e-05,5.590468664023774e-05,0.0008492771944606424,0.0006139529591888032,0.000100358281819476,0.00030468102555626165,5.4363424183931674e-05,0.15397668388219926,0.0009246964525085996,6.96702384726344e-05,7.61923989142154e-05,0.4023466212855688,6.106264319474618e-05,0.09224483593061496,4.359472767885702e-05,2.642633271091535e-05,5.1361472558837925e-05,7.873120049829241e-05,5.140429873713394e-05,0.00025822371711251566,5.850532431954709e-05,0.0008584543173850253,9.527929836483858e-05,0.00013799984850772128,5.716766866611504e-05,7.910250297238771e-05,0.0005315175179577219,3.803084944284512e-05,0.024677326126111537
MayerJohannSiegfriedWilhelm,0.31053753263213896,0.009874396455082406,0.0012218896653945466,0.0004115626519806988,0.0010889620218808961,4.541279695471582e-05,0.19475986499628783,0.0005308388476363218,0.0005888939179644659,0.0004447909016389616,0.00315662718660297,0.026518875464556713,0.0010076852964482402,0.00010110414650039223,0.0009049733470963649,0.0011728132970775615,0.015362880172256886,0.00021538994543123598,0.001285115263610256,3.325095458851614e-05,0.008361822147968814,0.0007898882524967699,0.0010512569205648288,0.003058576735841252,0.001885886517296965,0.00021665095255229828,0.001104664116561443,0.003463574165287216,0.00297224502307253,0.003387081884810971,0.0001777705099854028,2.561457936206242e-05,4.931294386884773e-05,0.004653835722972326,0.00740273514651744,0.001022798045099342,0.012151467735242217,0.0005577819060928515,0.22590390859355144,0.007801807956614968,0.0009980879484662092,0.002950935087910249,0.0676175714297647,0.0002459281403445064,0.0005794421939933375,3.845445683006223e-05,2.331039381401175e-05,4.5305421880181845e-05,0.00013275229664059772,0.00018697201899492958,0.003962315478828026,0.0026981256523052524,0.009995747640353228,0.0023201168947148618,0.0033951004497029934,0.00014114587973726274,0.00065064066110491,0.006549102555609025,0.0006014458981029216,0.04156595968401397
MayerJohannSiegfriedWilhelmANDMayerJulieHenriette,0.14359828345513811,0.00039546658020563936,0.00010351357648464395,9.300497401062166e-05,3.7531837270896397e-05,3.2825869707882614e-05,0.2631396792224485,3.510801889664323e-05,0.0001748411643768865,2.9947920230548243e-05,0.00021900304066415719,0.04488977984659514,2.834255628525624e-05,3.775601053865537e-05,4.2854061627908085e-05,6.948169679424476e-05,0.000198851085811294,8.165345394196114e-05,4.049772936657414e-05,2.4034888317355866e-05,0.0006168648343559015,5.023749937029817e-05,4.648949065888299e-05,8.281267230656753e-05,3.0225463905847523e-05,4.013163598189271e-05,3.822695192270877e-05,0.00022392651883547398,7.040967385521496e-05,8.659830036252612e-05,3.1192765617849665e-05,1.8515064060020785e-05,3.5645024726512235e-05,0.0005415021246970681,0.0003914585650400344,0.004961238585812611,0.00019426569295596835,3.466231036629019e-05,0.2744770674567277,0.0005895897087537454,4.44219889656195e-05,0.10778807597704526,0.0018806309104530575,3.893375595770382e-05,4.863415214532176e-05,2.7796151618887194e-05,1.6849522634362285e-05,3.274825545721137e-05,5.019929020565726e-05,3.277556157904204e-05,0.00016464434977840666,3.730320045299881e-05,0.0005473534905344793,6.075041557776927e-05,8.79891885266768e-05,3.645030650603899e-05,5.043603396839961e-05,0.0003388974379214379,2.4248603296611075e-05,0.15285734407834906
MayerJohannSiegfriedWilhelmANDRichterCaroline,0.2082668334776507,0.0005203269652025429,0.00013619584512428046,0.00012236936898820674,4.938173783353927e-05,4.318995844441543e-05,0.04982165389094526,4.61926489901242e-05,0.00023004364213380122,3.9403356004409067e-05,0.0002881487165354284,0.09772352857328176,3.729113163069584e-05,4.96766891693308e-05,5.638434434044289e-05,9.141910401448652e-05,0.0002616341991619589,0.00010743384147867468,5.328404895287516e-05,3.162340668748497e-05,0.14901109264765453,6.609894968398937e-05,6.116758482036608e-05,0.00010895905904155714,3.976852834894585e-05,5.28023691615437e-05,5.0296320545072745e-05,0.00029462668100410736,9.264007061970794e-05,0.00011393992077889605,4.1041235549588646e-05,2.436081220282064e-05,4.689920329265595e-05,0.0007124702093609084,0.0005150535022299687,8.4191929943948e-05,0.08402051635360952,4.560621721921985e-05,0.3095898785801385,0.0007757404524826464,5.8447312272816015e-05,6.391884152805493e-05,0.008917856206342537,5.122628332051297e-05,6.398937876827739e-05,3.65722110036318e-05,2.216941055522411e-05,4.3087839101012905e-05,6.604867676669206e-05,4.3123766565468234e-05,0.0002166273944397455,4.908091367406577e-05,0.0007201690228153523,7.993110152553721e-05,0.07743723022092536,4.795873612158977e-05,6.636016747099963e-05,0.00044589728744432686,3.190459774670511e-05,0.007815235057353202
MellishofBlythJosephCharles,0.007821823521442095,0.0019601979889111647,0.000513082810549228,0.0004609951185244453,0.00018603299398977413,0.0001627070579571919,0.18769026456901708,0.00017401892215536922,0.21933316338462472,0.00014844200735613896,0.001085526164188347,0.0040373662586574155,0.0001404847453913086,0.00018714414727205724,0.0002124135126058439,0.00034439795709511565,0.000985639540760723,0.0975009663122592,0.0002007339472745041,0.00011913304967233127,0.003057596439895616,0.0002490107891857208,0.00023043314064025508,0.00041047522556086316,0.00014981770022473427,0.0001989193425712873,0.00018947844908192568,0.0011099302288879343,0.0003489976346904352,0.0004292393408451359,0.00015461229720319694,9.177309323114476e-05,0.00017668068373126632,0.0026840482330273514,0.0019403315737438985,0.00031717143795235704,0.0009629112539641416,0.00017180969131623164,0.025419442339479462,0.22138893573881108,0.00022018521359899127,0.00024079779253426332,0.00932166992881511,0.00019298184460837242,0.0002410635234413163,0.00013777639686893454,8.351755125506588e-05,0.0001623223496008056,0.00024882139890235427,0.00016245769708091282,0.0008160879818299673,0.00018489971635503479,0.002713051532221212,0.00030111986297081967,0.000436133516784733,0.00018067220110275784,0.00024999486000082063,0.001679803324759617,0.00012019236465241992,0.19936030229886845
MesserschmidtJohannGeorgFriedrich,0.13493531368317133,0.1402324014701423,0.00014760920435389805,0.00013262405455287705,5.351998091109188e-05,4.680932370764026e-05,0.21461550353364744,5.006364297096725e-05,0.0002493215483266575,4.270539988482591e-05,0.00031229589085173047,0.07099574840084265,4.041616882248173e-05,5.383964948805602e-05,6.110941342237194e-05,9.908012387610564e-05,0.00028355942822503254,0.00011643691367294756,5.774930992579801e-05,3.427348239470793e-05,0.0008796423665902569,7.16381132080703e-05,6.629349463153463e-05,0.00011808994611838106,4.310117406707013e-05,5.722726484661878e-05,5.451120664372785e-05,0.00031931671575414946,0.00010040340880432757,0.0001234882094602214,4.448053550860994e-05,2.6402274631739305e-05,5.082940728877271e-05,0.08457325830928551,0.014525062597381531,9.124730479630296e-05,0.0002770207092085461,4.942806758295119e-05,0.1190477161418548,0.09860867772146913,6.334526030028019e-05,6.927530962908244e-05,0.030615452789768963,5.5519101306272156e-05,6.935175796637977e-05,3.963700186876377e-05,2.402723115426484e-05,4.669864665273426e-05,7.158362736589182e-05,4.673758487759613e-05,0.00023478100455509625,5.319394736146491e-05,0.0007805199663844005,0.0070700529414494655,0.00012547160045324723,5.1977730115530324e-05,7.192122132835462e-05,0.00048326396273805713,3.457823756903091e-05,0.07830439548483206
MeusebachErnestinevon,0.07077786923359218,0.08086511625752935,0.0002810922845165875,0.00025255605596749683,0.0001019181274462692,8.913901944834643e-05,0.5283792482939268,9.533622131173255e-05,0.000474783153971402,8.132391518105981e-05,0.04049031637632432,0.002211870056339209,7.6964531280054e-05,0.00010252687248341188,0.013414907737444215,0.00018867833135763083,0.0005399823664443921,0.00022173087518254892,0.00010997204088560845,6.526701032524795e-05,0.0016751034155676155,0.00013642049618962416,0.00012624273625843238,0.00022487874572694203,8.207758816186518e-05,0.00010897791017018696,0.00010380571912375196,0.0006080749876577557,0.00019119826353373334,0.00023515866141256557,8.470430687140397e-05,5.0277865294068704e-05,9.679446669985318e-05,0.05466460332634145,0.001063010148789633,0.00017376228991574288,0.0005275306804252085,9.412589477022762e-05,0.053821646033667125,0.0016010375043475132,0.00012062841209016674,0.0001319210081069616,0.0715995596983754,0.00010572505345311672,0.00013206658871538278,7.548076324540415e-05,4.575506876636093e-05,8.892825707520536e-05,0.00013631673877206478,8.900240715703359e-05,0.00044709358891513164,0.00010129726158837885,0.06797902982599782,0.00016496843873055157,0.0002389356339107209,9.898121845526507e-05,0.00013695961913012266,0.0009202798152403443,6.584735576199532e-05,0.002831193444629937
MosengeilFriedrich,0.0007507748150958845,0.051446752483013,4.924806231730896e-05,4.424844461416399e-05,1.7856307583714947e-05,1.5617376308444806e-05,0.05296442799822712,1.6703141376973295e-05,8.31831809051746e-05,1.4248150743845974e-05,0.004764066879665127,0.012037207733968193,1.348437592024658e-05,1.7962961217328953e-05,2.0388431829655715e-05,3.3056909536334645e-05,9.460624391962668e-05,3.8847796827440974e-05,1.92673731049224e-05,1.1434941365573415e-05,0.00029348225455452825,2.3901207780423293e-05,2.2118039109664692e-05,3.9399311519506256e-05,1.438019611104418e-05,1.909319894888384e-05,1.818701830643071e-05,0.00010653623928976556,3.3498407875776844e-05,4.120037813068317e-05,1.4840403714820568e-05,8.8088061450774e-06,1.6958629569655634e-05,0.08180540583916457,0.000186242002841008,3.044358224518905e-05,9.242467778349844e-05,1.6491089178376538e-05,0.4078488315200872,0.00028050572402602616,2.1134395652556563e-05,2.3112886358253922e-05,0.10108200770515548,1.8523290420134805e-05,2.313839244031536e-05,1.3224416096872082e-05,8.016401025783144e-06,1.5580450220258335e-05,2.3883029224670205e-05,1.559344149768522e-05,7.833190073654399e-05,1.7747530352377352e-05,0.00026041124002161695,0.2260327460661035,4.186211303841928e-05,1.734175387670739e-05,2.399566345079512e-05,0.00016123529597498985,1.1536619319074175e-05,0.05874444527511186
MurhardFriedrichWilhelmAugust,0.03216552121106462,0.0011185179149792977,0.00029277262741506105,0.000263050621266077,0.00010615317316511564,9.284304965529771e-05,0.06554542639772556,9.929776638751024e-05,0.000494512012948595,8.4703201157531e-05,0.000619417257181183,0.1131128736783767,8.016266999068185e-05,0.00010678721363426851,0.00012120628659826905,0.0001965185593865111,0.0005624204750180462,0.00023094454911089883,0.00011454175417033234,6.79790771536497e-05,0.0017447096743017619,0.00014208923297695736,0.00013148855241619685,0.00023422322441011382,8.54881918205853e-05,0.00011350631393386875,0.00010811920071316392,0.0006333425768270647,0.00019914320333707007,0.00024493030564523647,8.822405964916881e-05,5.236708203599364e-05,0.00010081660684387568,0.0015315575519885287,0.0011071818451553778,0.00018098270556155216,0.0005494513789866373,9.803714665119844e-05,0.18071834843799456,0.3617971179289819,0.00012564093393485076,0.00013740277582197224,0.005319082496709986,0.00011011828992851692,0.0001375544058010784,7.861724633479605e-05,4.765634789059385e-05,9.262352938688884e-05,0.00014198116408490325,9.27007606574562e-05,0.014316808461934597,0.00010550650821378314,0.0015481072627449698,0.0001718234398740815,0.1803136401527613,0.00010309422559117596,0.00014265075831395096,0.000958520579560991,6.858353792217301e-05,0.030651112405915813
MüchlerKarl,0.021306083054895834,0.0005962211874323295,0.00015606119600535996,0.00014021800783492613,0.005790776622017362,4.948959025957566e-05,0.018598328347747904,5.293024938812464e-05,0.00026359751203915214,4.5150678855597346e-05,0.03496121389893927,0.006175311378105919,4.273036815013815e-05,5.692246718890671e-05,0.014906481141339073,0.005052044260007057,0.0002997958271036909,0.00012310400348346012,6.105599183297976e-05,3.623595613294503e-05,0.009175494829710142,7.57400575103336e-05,7.008941010729722e-05,0.005859043814706202,4.55691147688551e-05,6.0504054846515854e-05,5.763247720053736e-05,0.00033760054993332215,0.00010615243222537337,0.0001305590511464174,4.702745740563456e-05,2.791404895329211e-05,5.373986079290149e-05,0.055722313266657164,0.006324370671316867,9.64720566112895e-05,0.0002928827059706121,5.2258281433012935e-05,0.37003989975407947,0.24262849197475722,6.69723621030514e-05,7.324196158144748e-05,0.010218603248106908,5.869808315087476e-05,7.332278729284851e-05,4.190658668463046e-05,2.5403012278568614e-05,4.937257592002562e-05,7.568245184994845e-05,4.941374371825925e-05,0.0002482243877039135,5.6239792645811056e-05,0.02721076332669204,9.158974923734544e-05,0.047956467878671985,5.495393571816421e-05,7.603937618794445e-05,0.0005109352925605635,3.655816135857335e-05,0.113108103677645
MüllerFriedrichTheodorAdamHeinrichvon,0.02693205038772676,0.01815921546932753,0.0029677022864228802,0.0004985382399716323,0.027193325160691218,4.766703544304105e-05,0.20812481770143762,0.001293286820178808,0.011152480068054227,4.34879132762813e-05,0.0008903995224413434,0.017508112042500062,0.0003624432491155121,0.0006725949726187463,0.0035848856514591465,0.0011965853740451308,0.003555972634540207,0.000538963092798992,0.004383189018151427,3.490149334924766e-05,0.011660838057574108,0.0045717093651612,0.003757632372710696,0.001702311596742492,0.003238362815423583,0.009847963167728686,0.0015620910228813607,0.0014315411969157775,0.003140948412282302,0.006659408128748839,0.000412844182328814,2.6886057327134694e-05,0.005889015774862877,0.1736258353058798,0.009830167462604011,0.0012425889616855398,0.0030896501201129888,0.006886116933654399,0.21058288085344298,0.014039666147718455,0.0015154173233574272,0.0019324246993188629,0.027763222124788954,5.653640685477174e-05,0.00024467308002497373,0.0026511215939418707,0.0011271133147542245,0.0005697059909033983,7.289529163256144e-05,0.00021715858795539952,0.0005670495704174413,0.0003077013985299201,0.02222385941543385,0.0018035397773969585,0.0001277706822524296,0.0045083029490748825,0.001291592946026552,0.08800345664347513,3.521183271211974e-05,0.0426421703018124
MüllerWilhelmChristian,0.002383422243971797,0.0005973005497442223,0.00015634371963395242,0.00014047184992624378,5.668693173304315e-05,4.957918318193934e-05,0.0941752026527653,5.302607106899222e-05,0.0002640747128263786,4.52324168785666e-05,0.00033077545140814914,0.0012302436281726725,4.280772459087985e-05,5.702551613630869e-05,6.47254555765804e-05,0.00010494301609704504,0.0003003385591029209,0.00012332686342974179,6.116652386016845e-05,3.630155548803293e-05,0.0009316936578738604,7.587717267044609e-05,7.021629568152247e-05,0.00012507771116532782,4.565161030256742e-05,6.061358768079716e-05,5.77368115065676e-05,0.00033821172128676165,0.00010634460408554032,0.00013079540725427532,4.711259303351519e-05,2.796458283744049e-05,5.383714814465768e-05,0.008214523483609636,0.0005912469670102421,9.664670371248604e-05,0.000293412922878856,5.235288662426082e-05,0.34059516048339084,0.2893600565106092,6.709360476452705e-05,7.337455434172924e-05,0.017633757724050878,5.880434656463611e-05,7.345552637504663e-05,4.19824518018737e-05,2.5449000335752757e-05,4.9461957006797525e-05,7.581946272430241e-05,4.9503199332691056e-05,0.0002486737579286351,5.6341605721042356e-05,0.0008267058638195424,9.175555770837321e-05,0.1776526243852344,5.505342095678816e-05,7.617703321625397e-05,0.0005118602585131837,3.662434401426272e-05,0.0607479544586376
MünsterGeorgLudwigFriedrichWilhelmGrafvon,0.003738326916006223,0.2329655272969404,0.0002452204751945961,0.00022032591952543583,8.8911766775451e-05,7.776347452971075e-05,0.0548995332999353,8.316981568357727e-05,0.0004141933345181729,7.094570083871407e-05,0.0005188114595643693,0.01353103450545345,6.714264308635079e-05,8.944282634379599e-05,0.0001015199523897532,0.00016460000015301526,0.000471072099057854,0.011794868475333113,9.593787382128268e-05,5.693791031657953e-05,0.00146133379744666,0.00011901108904299412,0.011711566129120766,0.0001961806706404684,7.160319325908506e-05,9.507060986609996e-05,9.055847198090241e-05,0.023733342942348447,0.00016679834923522048,0.00020514870693404456,7.389470122865948e-05,4.38616166231125e-05,8.444196595849585e-05,0.03608710373081931,0.0009273532863812553,0.00015158748087774426,0.0004602094445817652,8.211394589989077e-05,0.12816319274352295,0.16381679526701468,0.000105234323971545,0.00011508580661249103,0.004455156716523639,9.223286897516196e-05,0.00011521280883895752,6.584822725718235e-05,3.991600027280843e-05,7.757960875984917e-05,0.2321475997187593,7.764429612162758e-05,0.0003900373947252767,8.83701331942739e-05,0.0012966635643991836,0.00014391586381386171,0.00020844367816524496,8.634965369712206e-05,0.00011948141139241296,0.07041144133856933,5.744419452150159e-05,0.002469888503179494
MützschefahlAntonievon,0.04575914807873364,0.028317695399855514,0.00014589403998711226,0.00013108301208507553,5.2898098525291076e-05,4.6265416676855114e-05,0.2476528589404561,4.948192195383189e-05,0.00024642452413745796,4.2209178931177385e-05,0.00030866712809112174,0.0011480167767707126,3.9946547887190186e-05,5.3214052671608505e-05,6.039934463746106e-05,9.79288494777857e-05,0.00233538823511053,0.0001150839597959553,5.707828430090729e-05,3.387523720406167e-05,0.17014241678427522,7.080570482529993e-05,6.552318874011405e-05,0.00011671778461568576,4.260035436378637e-05,5.6562305192489036e-05,5.3877806581482004e-05,0.0003156063736045672,0.022775940120087906,0.00332516683836164,4.396368813548132e-05,2.6095489964423566e-05,5.0238788373454094e-05,0.004873450909811169,0.07491361290071531,9.018704485901179e-05,0.00027380183101340946,0.06581281093419684,0.16219241848318908,0.0008309791571897755,6.260921180149333e-05,6.847035615010438e-05,0.043091477359050244,5.4873989880780115e-05,6.854591618599391e-05,3.9176434565328335e-05,2.374804361383534e-05,4.615602564839732e-05,7.075185208845798e-05,4.619451142548616e-05,0.00023205293610723972,5.257585336493933e-05,0.0007714506130214642,8.562281258682606e-05,0.00012401366685701275,5.1373768113629516e-05,7.108552333392363e-05,0.034644192787304864,3.417645123596144e-05,0.0875951183722785
OsmundEmanuel,0.06047235782045354,0.007265758625850605,0.002399226162230908,0.0006952221461998297,0.0025299578211841053,0.00018169371335473243,0.3448846358698069,0.0021304776840468643,0.006062337570149584,0.0005431780048275188,0.0036637014477065963,0.018010993766336972,0.003088707165959415,0.000944171490170041,0.002565495225345929,0.0010442914562117794,0.011788628820269785,0.0011653691013132595,0.002907243338099549,0.0002359766167776327,0.049093504289091025,0.0026529954971577156,0.000257322906139307,0.0009423207647913775,0.00016730026725245026,0.0012615956932610533,0.00024036921130358012,0.0044535638230912,0.0014904999054748754,0.0017206250763896174,0.0009496534293773688,0.00010248230350034246,0.0005018725020439079,0.01739905610727962,0.009091098291159803,0.01990990291106401,0.0035232802751975606,0.0017514624377264149,0.17631202510066551,0.008908601732249092,0.0007572701801479554,0.0032553892322775215,0.10363755666806351,0.003018096100148519,0.0021622824918250054,0.000912514968127137,9.326340361841932e-05,0.0006450707096582586,0.00027785693193827193,0.0002180503364096877,0.0014658380180327599,0.004059225992980089,0.017168755922748274,0.0017320442269880593,0.0021850109921852197,0.00027925588545063773,0.0025470785988418784,0.04081293101286376,0.0003792597388743265,0.04108429221830924
OsmundEmanuelANDOttoGeorgChristian,0.2509195586311965,0.0032049538053054976,0.0008388982722199452,0.0007537340960965231,0.00030416680119699983,0.00026602853767829107,0.4259418425824345,0.0002845236093047983,0.0014169537532156696,0.00024270496094504703,0.0017748519437093414,0.006601155815532527,0.0002296947154707306,0.0003059835538722279,0.00034729935413440466,0.0005630959471316205,0.001611535780921466,0.0006617387183299937,0.0003282030855101397,0.0001947843651737828,0.0049992171201927,0.0004071364631927845,0.0003767617226123743,0.0006711332955073963,0.0002449542399051716,0.0003252361789621279,0.00030980017316813125,0.001814752964150297,0.0005706164906153357,0.0007018129120684388,0.00025279347957277566,0.0001500504163557446,0.0002888756303454004,0.004388460067160264,0.08254939094188089,0.0005185801703450738,0.001574374683078875,0.0002809114829661598,0.1209380975008711,0.044466632628210837,0.0003600062045712424,0.0003937080875797317,0.015241073442154085,0.00031552827863885085,0.0003941425616923287,0.0002252665240574245,0.00013655247848376958,0.00026539953360946335,0.0004068268071719147,0.00026562082881732596,0.0013343163790729565,0.00030231387486584754,0.004435880906607922,0.0004923355988225817,0.0007130849955707438,0.00029540182252653347,0.000408745434083167,0.002746504224730713,0.0001965163614290886,0.00844947876497241
OttoAmöne,0.05006022256790362,0.00039163075295829285,0.00010250954677132756,9.210287246448548e-05,3.716779729570605e-05,3.2507475254986324e-05,0.4351783178994265,3.4767488742580465e-05,0.00017314529287764142,2.965744044244082e-05,0.00021687882114048847,0.000806631165214437,2.80676477212964e-05,3.73897961953347e-05,0.11643641268659713,0.009768305616545743,0.00019692233013054143,8.086145644040825e-05,4.01049217273567e-05,2.3801761969620732e-05,0.02970937512717885,4.975022085279882e-05,4.603856594384922e-05,8.200943096897098e-05,2.9932292083456225e-05,3.9742379264675567e-05,3.785616968444255e-05,0.000221754544045832,6.972673537452166e-05,8.575834033371218e-05,3.0890211454575425e-05,1.8335477235842454e-05,3.5299285885553277e-05,0.0005362498259988343,0.00038766161352719885,0.048560857420722914,0.000192381413283391,3.432610336116257e-05,0.12632230986923734,0.00543361991329733,4.3991117978829545e-05,4.810933453373832e-05,0.09400761937951316,3.855611807521463e-05,4.816242529079561e-05,2.7526542905818043e-05,1.6686090725673413e-05,3.243061382357316e-05,4.9712382297868466e-05,3.245765508973364e-05,0.00016304738226051105,3.694137814013375e-05,0.0005420444365258431,6.0161167052041344e-05,8.713573758109491e-05,3.6096756836184985e-05,4.994682976499137e-05,0.0003356103029484674,2.401340402089258e-05,0.0786284706670803
OttoGeorgChristian,0.02197949569724634,0.022808472909161884,0.010715505482298118,0.15689586270378342,0.0001928253600994683,0.00016864775633856197,0.31748232760403766,0.00018037263503147664,0.0008982723184544559,0.00015386186562104566,0.0011251604837285926,0.004184777044021836,0.00014561407112573932,0.00019397708338890655,0.00022016907420447266,0.00035697248466601186,0.030307139029525226,0.0019608494325792664,0.00020806306901409953,0.00012348279039189062,0.00779326248208742,0.0002581025766645927,0.00023884662806239113,0.0004254623412932582,0.0001552877872658252,0.00020618221015228277,0.00019639661434099918,0.0011504555803814333,0.00036174010394492145,0.0004449115648371028,0.0001602574427504577,9.512387759942354e-05,0.00018313158183636168,0.01357144641251845,0.0020111762241492564,0.0034114373750502506,0.0009980687044131127,0.00017808274159395566,0.13442090029321524,0.18709393680300448,0.00022822453259628577,0.00024958971019478757,0.04542405419881684,0.00020002792451598398,0.00024986514336792066,0.00014280683640945907,8.656691240624286e-05,0.00016824900165659658,0.0002579062714350404,0.0001683892908925568,0.0008458846766604301,0.0001916507046616093,0.012060165922237694,0.00031211423718548826,0.0004520574583134772,0.00018726883597604103,0.00025912257750001144,0.004287057963261534,0.0001245807826787082,0.010448358779353573
PaulusSophie,0.028252261829655994,0.0009824389534308462,0.0002571538907145492,0.00023104786574720343,9.323857128352735e-05,0.2190696636452928,0.2522272686129518,8.721719373584807e-05,0.0004343496496157514,7.439820425137082e-05,0.0005440589137933922,0.06285353486976182,7.041007439860761e-05,9.379547434838248e-05,0.00010646032196725846,0.012338616536968015,0.0004939963638177718,0.00020284782039746728,0.00010060659698357842,5.970873825052904e-05,0.013698454621167522,0.00012480264774503627,0.00011549164666378758,0.0002057276118486932,7.508769289981892e-05,9.969712847294633e-05,9.496541179350389e-05,0.0005562900781546207,0.00017491542839790687,0.0002151320688914108,7.749071487223718e-05,4.5996099464013595e-05,8.855125196450658e-05,0.001345228161609346,0.00097248203059154,0.00015896433795096188,0.02481461796518184,8.610994107781679e-05,0.11006811677940144,0.001464689876248024,0.00011035544982336155,0.00012068634526924863,0.2358260849029133,9.672129168621228e-05,0.00012081952793533456,6.905266708419385e-05,4.1858473538028144e-05,8.135494483842089e-05,0.0001247077265213471,8.142278014763876e-05,0.0004090181845466937,9.267057963180732e-05,0.0013597644334896605,0.0001509193891167179,0.00021858738668746066,9.055177546837336e-05,0.00012529585787337925,0.0008419069041404293,6.0239660283037587e-05,0.026922096097241784
ReichardtJohannFriedrich,0.04718045791964797,0.07784178723304386,0.00013619584512428046,0.00012236936898820674,4.938173783353927e-05,4.318995844441543e-05,0.3719944050069507,4.61926489901242e-05,0.00023004364213380122,3.9403356004409067e-05,0.0002881487165354284,0.001071703238480142,3.729113163069584e-05,4.96766891693308e-05,5.638434434044289e-05,9.141910401448652e-05,0.0002616341991619589,0.00010743384147867468,5.328404895287516e-05,3.162340668748497e-05,0.0008116271342920381,6.609894968398937e-05,6.116758482036608e-05,0.00010895905904155714,3.976852834894585e-05,5.28023691615437e-05,5.0296320545072745e-05,0.00029462668100410736,9.264007061970794e-05,0.00011393992077889605,4.1041235549588646e-05,2.436081220282064e-05,4.689920329265595e-05,0.0007124702093609084,0.013401963546870187,8.4191929943948e-05,0.0066990560857682156,4.560621721921985e-05,0.058295132709654265,0.0007757404524826464,5.8447312272816015e-05,6.391884152805493e-05,0.015361311228662643,5.122628332051297e-05,6.398937876827739e-05,3.65722110036318e-05,2.216941055522411e-05,4.3087839101012905e-05,6.604867676669206e-05,4.3123766565468234e-05,0.03243390250604029,4.908091367406577e-05,0.0007201690228153523,7.993110152553721e-05,0.000115769953084059,4.795873612158977e-05,6.636016747099963e-05,0.00044589728744432686,3.190459774670511e-05,0.3686487163072793
ReitzensteinAnnaMargarethaFannyvon,0.01716199552906074,0.0055627010881510895,0.03433776862173391,0.00013232807416598672,5.340053904430661e-05,4.6704858180720794e-05,0.40102758088298696,4.9951914699156794e-05,0.0015914345554488404,4.261009318633271e-05,0.000311598932378321,0.0011589209521804093,4.0325971057641616e-05,5.371949420899116e-05,6.0973034031104094e-05,9.885900430999933e-05,0.023108306812956565,0.00011617705852922253,5.762042936071416e-05,0.0039222786979411514,0.014001686203903827,0.029600493889832134,6.614554579785206e-05,0.019864590440827955,4.300498410953332e-05,5.709954934246621e-05,5.438955263392801e-05,0.00031860408873193933,0.00010017933603047671,0.00012321261776506738,4.4381267195985106e-05,0.0009983637781530753,5.0715970041770594e-05,0.0007704526997638806,0.000556969759720727,9.104366592651147e-05,0.0002764024752315756,0.009892322975465601,0.18121970054842435,0.0008388720231087632,0.00811922043628934,6.91207062050272e-05,0.12746586375535107,5.539519795299409e-05,6.9196983930677e-05,3.9548542990109806e-05,2.39736089874798e-05,4.659442812653907e-05,7.142387241197942e-05,4.663327945200025e-05,0.007038400020893298,5.307523311182635e-05,0.02072976214940181,8.643608133551513e-05,0.00012519158237529672,5.186173012803831e-05,7.176071295763591e-05,0.025852977942244365,3.4501068459941526e-05,0.06204517475177546
RichterCaroline,0.07101868455728233,0.023662745508434953,0.002606819938794738,0.004609685047146366,0.0017919472167707987,0.0031058043357430065,0.14351339821899048,0.0021790836165267806,0.009709342051041238,0.0004796909748804735,0.0031756028339791817,0.12105425905927154,0.0008964498261786832,0.0006960456558283307,0.0011329075846249024,0.00644979427830149,0.009492357662866336,0.0020522243078189835,0.0008178926637995121,0.00022319762189049704,0.015352920945458582,0.001083464487554606,0.0019544523668740136,0.011693940820607157,0.0015454951334040947,0.0008773726723301016,0.001060734661033087,0.043046712468445,0.003156898463958236,0.002498088479919833,0.001976051269760457,3.6198535701417147e-05,0.0007532173830945297,0.00925385066327187,0.015807775059314366,0.0016995774365816383,0.0035596193817900553,0.0014584011964511967,0.21807869299088797,0.013271341944050274,0.0017043888072690954,0.001635394254939664,0.11199020782983421,0.0013773408327131342,0.001906948903489064,0.001141530707818697,0.0006650669381136074,0.0021845942164714204,0.0018258243649898458,0.001071951124689985,0.0018253577035740492,0.0017964618370148039,0.052157032533635135,0.0033941514653242078,0.0015362363549447943,0.001390364905182959,0.001819793247179898,0.012241738121086126,0.0021963308366320733,0.03930654569443798
RichterCarolineANDJeanPaul,0.0216861047109968,0.02663742110407236,0.00013797390239292604,0.00012396691952868406,5.0026423857647824e-05,4.375380985614183e-05,0.011306631297462929,4.679570097911797e-05,0.0916191010684553,3.991777275103403e-05,0.0002919105414238395,0.12510962514755744,3.777797297002946e-05,5.032522582754659e-05,5.712045044706355e-05,9.261259418474612e-05,0.0002650498730330795,0.0001088364064582845,5.397968023631905e-05,3.203625502414832e-05,0.0008222230487580125,6.696188142635062e-05,6.196613685178894e-05,0.00011038153596614205,4.0287712475522226e-05,5.349171204277271e-05,5.095294658421287e-05,0.0002984730766942128,9.384950069287138e-05,0.00011542742360355966,4.157703506033403e-05,2.467884627476909e-05,4.751147945447353e-05,0.08558025048917409,0.0005217776032665728,0.06536104404821819,0.00025893797382391847,4.62016132531302e-05,0.35932464815396137,0.0007858678609132088,5.921035073646847e-05,6.475331163012491e-05,0.009034280162109722,5.189505016373512e-05,6.48247697446411e-05,3.7049666725912534e-05,2.245883554864689e-05,4.3650357329332414e-05,6.691095218854708e-05,4.368675383224673e-05,0.00021945549769737332,4.972167239346948e-05,0.02031229683184773,0.006608549912088242,0.1176136367111658,4.8584844644050456e-05,6.722650945090863e-05,0.00045171854368225594,3.2321117074992825e-05,0.053610291213934916
RichterCarolineANDRichterEmmaANDRichterOdilieMinna,0.0345359619686068,0.0008394588829817694,0.0002197287852846181,0.00019742212238037205,7.966901823991586e-05,6.967963741349614e-05,0.1843329135211415,7.452396688325448e-05,0.0003711362119922569,6.357059969843856e-05,0.00046487884713278927,0.10568317622719824,6.016288564180888e-05,8.014487195389962e-05,9.096653043776623e-05,0.00014748914446385106,0.00042210219201850124,0.020964159332922918,8.596473218972028e-05,5.101897735325098e-05,0.02210025520056309,0.05208372223764985,9.868347378077841e-05,0.00017578687269871902,6.415974304279965e-05,8.51876239354352e-05,8.114454157959032e-05,0.0004753299388127221,0.00014945896600131108,0.00018382264426148158,6.621303921321545e-05,3.930201886106003e-05,7.566387183770631e-05,0.021940282400748284,0.08399428360451443,0.00013582933077341993,0.0004123687557256982,7.357785916201279e-05,0.04207217898326373,0.0012515250165275734,0.010489711347036029,0.00010312215760285086,0.2326911891441581,8.264487803127084e-05,0.052080318804495485,5.900302973022295e-05,3.576656576660103e-05,6.951488525634022e-05,0.00010655828378874927,6.9572848097394e-05,0.0003494913827670893,0.010474600259141115,0.0011618699853760597,0.00012895521026093834,0.00018677508950735636,7.737324748905869e-05,0.00010706082095515476,0.1150689615459722,5.147263120604624e-05,0.0022131333044738888
RichterCarolineANDRichterOdilieMinnaANDRichterEmma,0.012582187317967824,0.0007911513718056004,0.00020708426991162014,0.00018606126650445664,7.508438393912817e-05,6.566985214426699e-05,0.2086979664107963,7.023540977094212e-05,0.00034977880298490434,5.991236518848845e-05,0.007507055153613756,0.03610570125153157,5.6700751486757746e-05,7.55328541694506e-05,8.573176936147523e-05,0.0001390017323475559,0.0003978118940994525,0.00016335196280114583,8.101780465675918e-05,4.8083038656724726e-05,0.036578711195307125,0.05193930974124112,9.300463338822084e-05,0.0001656710391663439,6.0467605682729003e-05,0.14120980111707326,7.647499679460019e-05,0.0004479765963238061,0.00014085819851066111,0.0001732443841201957,6.240274284653806e-05,3.70403444016358e-05,7.130971774090396e-05,0.0010833030405931214,0.0007831331299232214,0.00012801289443876385,0.007457566808570822,6.934374677623116e-05,0.08442097164749664,0.008620397132479972,8.886848919119347e-05,9.718788865662714e-05,0.3476573397441822,7.788899486643043e-05,9.729513974699425e-05,5.5607640657685775e-05,3.370834253431345e-05,6.551458081676747e-05,0.00010042627948288722,6.556920812745903e-05,0.0003293795473678057,7.462698414562125e-05,0.01597679378075439,0.030753556683535778,0.00017602692791573906,7.292072564005782e-05,0.00010089989763935102,0.000677981873395039,4.8510586539342894e-05,0.0020857763081901935
RichterCarolineANDUtheSpazierWilhelmine,0.010395194982659756,0.0006348677321683118,0.00016617694854838163,0.00014930681854277743,6.025225292082551e-05,5.269746294885207e-05,0.13154581655808528,5.6361142643820995e-05,0.00028068367612732605,4.807730703828138e-05,0.01607531463151422,0.4179865992903175,4.550011387388723e-05,6.061213256992479e-05,6.879635924169326e-05,0.00011154340083055996,0.00031922833485089084,0.00013108349914393936,6.50135887274055e-05,3.8584739653661306e-05,0.008852160013790935,8.064946291654652e-05,7.463254540729474e-05,0.0001329444663433493,4.852286560766363e-05,6.442587566003665e-05,6.136816482003986e-05,0.047530688760809583,0.00011303314161193271,0.00013902177658652945,5.0075736760270255e-05,2.972341360583264e-05,5.7223232363748317e-05,0.0008693079088806593,0.04779963864320951,0.00010272529237376996,0.023897469727899846,5.56456183036197e-05,0.2519507272274895,0.0009465059755785855,7.131345303146415e-05,7.798944255742296e-05,0.03446656694140287,6.250284243186585e-05,7.807550732194273e-05,4.462293560207597e-05,2.704961369285302e-05,5.257286384042178e-05,8.058812330678478e-05,5.261670009994069e-05,0.00026431407909055147,5.988520764991199e-05,0.0008787014797795018,9.752651803367442e-05,0.0001412546580957961,5.851600258180005e-05,8.096818317348471e-05,0.0005440536789201139,3.89278299449815e-05,0.001673753117015992
RichterEmma,0.04049902980296185,0.009964765368175348,0.004668940859163882,0.0005409810317383646,9.36873553324262e-05,0.0071473149528088155,0.1564119513765003,0.0031167071913181283,0.008682809895358991,7.475630419729558e-05,0.006634237949774047,0.04904054933274107,0.03881869017058276,9.424693893183746e-05,0.00010697274610334109,0.012237904017381314,0.005699108190020978,0.0018689352693184117,0.00010109084545841755,5.9996133573492856e-05,0.01879631810220128,0.001817049626358347,0.00011604754116206512,0.0032337674836364913,0.0010730810439963509,0.00010017699941437915,0.006755866843799494,0.0024154584846693104,0.019696646775438656,0.0011860427220347994,0.0025503784329139793,4.621749191422868e-05,0.0010154406731649177,0.006529383762973446,0.005020508571357665,0.00015972947901044058,0.023834137082596157,8.652441298011387e-05,0.15258199379199416,0.00538856794987984,0.0035003693760942032,0.00012126724334534678,0.23887008599310003,9.718683906966232e-05,0.00012140106705789344,6.938503742293568e-05,0.01859660111428572,0.012318990756086182,0.006322184605600694,0.0031700253532867253,0.0008552100162799866,0.006848491891356698,0.02700683969787589,0.0020413100467490926,0.002226126936898786,9.098762719658249e-05,0.00012589894285883747,0.008551456142137856,6.052961108637954e-05,0.07073963869927333
RichterEmmaANDRichterOdilieMinna,0.2579194983643046,0.0006250397723743876,0.00016360447512398416,0.00014699550023937986,5.9319528371765854e-05,5.188168901538364e-05,0.17595042393874,5.548865375239275e-05,0.0002763386011707384,4.733305462690335e-05,0.00034613698739055054,0.0012873773473795905,4.479575725421109e-05,5.96738369663875e-05,6.773136913692532e-05,0.00010981667256403392,0.00031428657599148155,0.00012905428377519863,6.400715714536652e-05,3.798743528495435e-05,0.0009749624240083354,7.940098289656143e-05,7.347720923502471e-05,0.00013088644259471007,4.777171580414571e-05,0.06198473464063412,6.041816559040763e-05,0.00035391860492670204,0.00011128335167167394,0.00013686967409093422,4.930054800425928e-05,2.9263285457787383e-05,5.633739804196209e-05,0.0008558507386007334,0.0006187050553283095,0.00010113507130548472,0.08544883519196515,5.47842059626141e-05,0.11646767224243455,0.008672017016339847,7.020949749293741e-05,7.67821405211593e-05,0.2661379111005888,6.153527802230235e-05,7.686687297502203e-05,4.3932157988467786e-05,2.663087684052225e-05,5.1759018741836544e-05,7.934059284398768e-05,5.180217640174447e-05,0.00026022241084116984,5.8958165081495396e-05,0.00860526215627557,9.60167756897018e-05,0.00013906798986534658,5.7610155754917026e-05,7.971476925985219e-05,0.0005356315503234981,3.832521442653748e-05,0.009388006134563693
RichterMax,0.11787299319035809,0.005266498598227023,0.0038042789891951346,0.0007174118825447892,9.905912263518552e-05,0.00021816440367855794,0.16597557755009928,0.0008818875421820022,0.0021020986102949107,7.904261870726628e-05,0.0012114366915767685,0.014966754721527975,7.480552413651636e-05,0.0006484059085597344,0.00011310626004196555,0.001991465787952164,0.0057530742829238375,0.0005618834511048636,0.0037331332459128235,6.343614175259577e-05,0.01382755608611577,0.00013259363177689067,0.0006709186360850702,0.0038526099873347607,7.977514967210158e-05,0.0001059208645073075,0.0006041486440180089,0.008904230376288045,0.002430714430451155,0.00452025535741814,0.0015413026883355756,0.025949864152235665,9.407919069434518e-05,0.01885507881349535,0.006609614534258203,0.000168887914421394,0.014834730072408863,0.004255844582648769,0.15628370402254965,0.010141200187133445,0.00432607366098385,0.00012822036322355108,0.29264620193632496,0.00010275925684707238,0.008564757024572897,7.336337872637784e-05,4.447154869969314e-05,0.00428657409231042,0.0012848785314752008,0.00036653424547358266,0.002248043286185757,9.845567329111093e-05,0.038650162498156525,0.000678601042692651,0.0020762017370196642,0.00022773050956036237,0.00013311763125388695,0.004574825837445957,6.400020735338732e-05,0.039427483693143146
RichterOdilieMinna,0.09815552077378249,0.0016152079750608402,0.0011459487136559355,0.0008140817899934184,5.976802616089116e-05,0.0012409912112796803,0.10561169648524282,0.0006135369104754854,0.0017450167570870888,4.7690926156489166e-05,0.0020725341106604526,0.026839978823256,0.0027258045413467735,6.0125013580272836e-05,0.0009556357267014742,0.0018961747043890068,0.006749337467189247,0.00037533153184716734,6.449109673922139e-05,0.00020806500892315495,0.009930724594578028,0.0004684862086495144,0.001092774918945525,0.0008112570172205158,0.0007174472556314064,0.001987425992722198,0.0003287118465304305,0.001383784252141565,0.001148084460617684,0.0014356420402842813,0.0009546393351035114,2.9484536691413304e-05,0.0011978290984919753,0.00345989257862833,0.008687382331616629,0.00010189972431484899,0.1831847768700109,5.519841349135962e-05,0.1419459471636176,0.0026060188571420334,0.0008164880941959524,7.736266806770734e-05,0.3338870513902788,0.00017219803100386281,0.003042381835777317,0.00017086877750337274,0.0008166448029821462,0.00036044827041538017,7.994046410822648e-05,5.219383766787011e-05,0.0002621898771907281,5.9403930707348227e-05,0.008868423502917583,0.0011940666855518914,0.0002644107365303016,0.005539811045192233,0.00030071247466466637,0.0029324537480610686,0.002400720553040004,0.024177884184185833
RichterOdilieMinnaANDRichterCaroline,0.04701772488916401,0.000713387550085943,0.00018672955042273116,0.0001677729392980399,6.770419241743871e-05,5.92150334376417e-05,0.11247841162723338,6.333183344095417e-05,0.0003153983576668915,5.402346117927512e-05,0.0003950625677637154,0.01913777604965392,5.112752329412527e-05,6.81085816282746e-05,7.730502542103154e-05,0.0001253389791523874,0.0003587101819452953,0.05315258937036745,7.305440556276845e-05,4.335686237859055e-05,0.0011127708760788283,9.062410932318282e-05,8.386302536269516e-05,0.0001493869074401493,5.452412599515071e-05,7.239400472013654e-05,6.895811920494981e-05,0.0004039440970922136,0.00012701296961124554,0.00015621585344861505,5.6269054727587025e-05,3.3399576223594545e-05,6.430054557120021e-05,0.0451479010516596,0.0007061574369415871,0.0001154302556976666,0.018018869726897254,6.252781375272763e-05,0.009251062289470577,0.0010635689055318086,8.01334308998993e-05,0.01775606629783156,0.6217875876277033,7.023313262998763e-05,8.773180942727697e-05,5.014185647470946e-05,3.0395083362024995e-05,5.9075024033789356e-05,9.055518329069775e-05,5.912428191885514e-05,0.000297004184937283,6.729175134771647e-05,0.0009873784162503381,0.00010958850205039324,0.00015872489555111336,6.575320434081539e-05,9.09822485886379e-05,0.0006113417038766247,4.374238574035798e-05,0.04605183925348003
RichterOdilieMinnaANDWeldenLuisevon,0.052941658550612274,0.0005137068709670766,0.00013446303212495656,0.00012081246956070708,4.8753456426209415e-05,4.264045473991953e-05,0.061910725979094514,0.012768555467915318,0.00022711680825617797,3.890202905541792e-05,0.006645957877527375,0.001058068011198713,3.681667840791065e-05,4.904465511074818e-05,5.56669691169747e-05,9.02559832770052e-05,0.11476486017160673,0.00010606696602875422,5.2606118634238064e-05,3.12210636487456e-05,0.1216693308366901,6.52579760173584e-05,6.038935266491923e-05,0.00010757277832404316,0.07637696570960796,5.213056723106096e-05,4.965640294715239e-05,0.0002908781603181372,9.146141558451484e-05,0.00011249026880392248,4.051906994017711e-05,2.405087079439797e-05,4.6302507049468125e-05,0.0007034054861361652,0.0005085005020030015,8.312076018460686e-05,0.00025234906376353836,4.5025971573874796e-05,0.08299934767172536,0.007127346007941389,5.770369001040807e-05,6.31056052696326e-05,0.4477461879001305,5.057453385220993e-05,6.31752450680375e-05,3.6106904572416655e-05,2.1887350241545773e-05,4.253963465587084e-05,6.520834271990064e-05,4.257510501697338e-05,0.00021387125481777452,4.845645963763384e-05,0.007072481610824396,7.891414207536205e-05,0.00011429701769860642,4.734855949463906e-05,6.551587034338807e-05,0.0004402241583166231,3.149867712803101e-05,0.0013543269455152075
RitterAuguste,0.00544341535801793,0.035150082943919615,0.0003570679961293406,0.00032081878365936467,0.00012946531634292006,0.00011323217606663672,0.06304679719837561,0.0001211044037045238,0.0006031110732053289,0.0001033047473395874,0.0007554465755299622,0.002809710732807136,9.776707676080351e-05,0.00013023859751262572,0.00014782422201159676,0.00023967571293093007,0.0006859328133572462,0.00028166194393274284,0.0001396961013597686,8.290786291152729e-05,0.002127862815355384,0.00017329324171658274,0.00016036456119457543,0.000285660644321457,0.00010426212865460928,0.4562484740236958,0.00013186310032673986,0.0007724300142664202,0.00024287675110261166,0.00029871909201438035,0.00010759881641757464,6.386734036862058e-05,0.00012295679449318082,0.0018679006670593208,0.001350328431626048,0.000220728052958702,0.0006701155931053711,0.00011956694111076904,0.017690067085208663,0.0020337778192256,0.00015323275576693542,0.0001675775985567316,0.2767746299860419,0.00013430120660228967,0.00016776252777388754,9.588226487504032e-05,0.050737015505905,0.00011296444727299029,0.00017316143997312612,0.00011305863918998566,0.0005679373667290415,0.00012867663824695847,0.01878104930797532,0.0002095573343231621,0.00030351693270812714,0.00012573459776401793,0.05085287149993298,0.0011690198828163082,8.364506842578952e-05,0.00359642944902275
RochlitzFriedrich,0.005302158224037123,0.0007449908390571749,0.00019500172722307891,0.0001752053323662259,7.070350906835929e-05,6.183827772182567e-05,0.08180364000413679,6.613745323775507e-05,0.00032937060239866166,5.64167172077397e-05,0.0797806851036535,0.004968547544281178,5.339248837916633e-05,0.05845100025140523,8.07296619415525e-05,0.00013089153467012095,0.0003746011538799396,0.0001538210261218694,7.62907383097355e-05,4.527758478322385e-05,0.0011620669698377587,9.46387853773921e-05,8.757818330765755e-05,0.0001560047936140543,5.6939561629710076e-05,7.560108150565037e-05,7.201298520013595e-05,0.007290059467632722,0.00013263968342372366,0.00016313626404146806,5.876179124433695e-05,3.4879187773843474e-05,6.714907961479222e-05,0.0010200966211090193,0.0007374404296657536,0.00012054385170364832,0.0003659630644896313,6.529781522882399e-05,0.41461493267596405,0.19841822910905513,8.368336665737172e-05,9.15173622858697e-05,0.004687487741624996,7.334448211399946e-05,9.161835570211069e-05,5.236315621498861e-05,3.1741594949841515e-05,6.169206585810687e-05,9.456680590036347e-05,0.10488492312223781,0.007178382084315051,7.02727967317661e-05,0.001031119585281053,0.00011444330656416109,0.00016575645748463205,6.866609161690664e-05,0.0024244167817975624,0.007554592994617374,4.568018694907978e-05,0.013479060485797357
SchellingFriedrichWilhelmJosephab1812von,0.004590412862601865,0.0011503862285920194,0.0003011141745487574,0.00027054534225557844,0.00010917764203423885,9.54882924212406e-05,0.05316714043858222,0.00010212691406400368,0.0005086014286860227,8.711652699017052e-05,0.07186595050263936,0.002369419094405602,8.244662903423768e-05,0.00010982974730167835,0.00012465964206215407,0.00020211767853997185,0.0005784447083718973,0.00023752451821076875,0.00011780522674843496,6.991590670355995e-05,0.0017944191642609167,0.00014613757603598165,0.00013523486561222618,0.00024089660806443154,8.792388325711749e-05,0.00011674028521052505,0.00011119968476240478,0.0006513874910768178,0.0002048171026754685,0.000251908750683112,9.07377002117692e-05,5.385910158342937e-05,0.00010368902864530079,0.1012956331260251,0.0011387271765221773,0.0001861391840962935,0.0005651061026401361,0.00010083037731235833,0.4707828353682879,0.2438932869104607,0.0001292206393929481,0.00014131759443373684,0.0054706314230767395,0.00011325573113615596,0.0001414735445865859,8.085717385675465e-05,4.901415130158572e-05,9.526251767924276e-05,0.00014602642809325014,9.534194938872864e-05,0.0004789395667822997,0.00010851255259350347,0.0015922152444720235,0.0001767189566955758,0.014501731769762419,0.0001060315402902088,0.00014671510010245568,0.000985830320446333,7.053758949873113e-05,0.017278633214192582
SchillerCharlottevon,0.017979214358805975,0.06943508838179333,0.0053980822354635595,0.00013097517542196474,5.285458141091344e-05,4.6227356000093855e-05,0.4295991689663329,4.944121518898927e-05,0.003317522145956833,4.217445515624894e-05,0.0003084132001978282,0.008490463211043256,3.991368548680413e-05,5.3170275634604016e-05,6.034965655297034e-05,9.78482873959264e-05,0.0002800340102671065,0.21510576092872502,5.703132831769335e-05,3.3847369424064354e-05,0.01857806346610754,7.074745585149233e-05,6.546928547745842e-05,0.00011662176564100376,4.256530878473799e-05,5.651577368430358e-05,5.383348350112965e-05,0.0003153467370761975,9.915512027923272e-05,0.004925113595747143,4.392752099718352e-05,2.607402226609071e-05,5.019745896538857e-05,0.11418343510400472,0.008429737724605943,9.011285164496583e-05,0.0002735765853821072,4.8813541738498464e-05,0.04210779380951339,0.0008302955444317181,6.255770574915843e-05,6.841402837267702e-05,0.005719717443595429,5.4828847280940596e-05,0.018451568284242954,3.914420570585293e-05,2.3728507064148306e-05,4.611805496318642e-05,7.069364741710687e-05,4.6156509079591595e-05,0.00023186203559391754,5.2532601348549926e-05,0.0007708159719757656,8.555237418105058e-05,0.00012391164585672236,5.1331505003889516e-05,7.102704416480873e-05,0.0004772556721186276,3.414833565942996e-05,0.03253365860034987
SchlabrendorffAmanda,0.009331720246852712,0.0008361011332956463,0.00021884989261366212,0.00019663245407988087,7.93503503141699e-05,6.94009259895092e-05,0.2668056812579324,7.422587863678544e-05,0.0003696517050978877,6.331632380058174e-05,0.0004630193792842857,0.0017220946677269807,5.992224025169462e-05,7.98243006619601e-05,9.060267361854935e-05,0.00014689920296871676,0.011150460304683649,0.0001726329070407857,8.562088205199536e-05,5.081490666120504e-05,0.29436757377019357,0.00010621284391617637,9.828874997734926e-05,0.00017508374318446325,6.390311063181309e-05,8.484688215125781e-05,8.081997171137751e-05,0.00047342866766626155,0.00014886114542146735,0.00018308737248273898,6.5948193827524e-05,3.9144814804768466e-05,0.007634262344675788,0.001144851582416376,0.10574724095713571,0.00013528602734067677,0.011140765801140644,7.328355524967665e-05,0.20137907598522284,0.00839988336329161,9.391760815310362e-05,0.00010270967951804773,0.06761841124917238,8.23143069706806e-05,0.00010282302414639424,5.876702364514438e-05,3.562350316114033e-05,6.92368328241338e-05,0.00010613206155059205,6.929456381975085e-05,0.0003480934529761501,7.886696306446127e-05,0.0011572226242511704,0.00012843940260727507,0.0001860280082495569,7.706376241154316e-05,0.000106632588619723,0.0007165018388399953,5.126674594498125e-05,0.0052019842440686505
SchragJohannLeonhard,0.027315164115736732,0.038733178971171095,0.0003070020365630605,0.13782588834775747,0.0001113124564856272,9.735543099284792e-05,0.02190149200821921,0.000104123861497171,0.00051854641064135,8.881996752349015e-05,0.000649522331086426,0.009907536728237572,8.40587563146139e-05,0.00011197731274972517,0.0001270971851380132,0.00020606980402087288,0.000589755376927774,0.00024216897438867732,0.00012010874142255455,7.128301342277151e-05,0.012868408018280623,0.01918783909058787,0.00013787919223497928,0.00024560700069248547,8.96431105009209e-05,0.0037986568177706373,0.00011337403740088885,0.002752826747035352,0.00020882201157930766,0.00025683447019279735,9.251194766837834e-05,5.491224017716306e-05,0.00010571652102082756,0.004303474489888582,0.011016048052651307,0.00018977887270629106,0.002664858248019173,0.00010280197280219184,0.381250684749784,0.18546486421479128,0.000131747366323973,0.0001440808602197663,0.012838316452614067,0.00011547028685495597,0.0001442398597573959,8.243822158806293e-05,4.997255374160497e-05,9.712524154493599e-05,0.00014888176846486516,9.72062264292125e-05,0.10182513225655945,0.00011063436216107961,0.0023781989558134767,0.00018017444607562377,0.000260959586081234,0.00010810483716946837,0.00014958390648167196,0.003093809133149254,7.191685234616254e-05,0.013954003190541554
SchubaertHenrietteLuiseEleonorevon,0.04284853849523061,0.01994147130276858,0.00039001013270783684,0.00035041666502318635,0.00014140943953340005,0.00012367867323104882,0.4194411438827946,0.00013227717149759887,0.0006587524848157289,0.00011283536652965064,0.019276606163219686,0.003068927116547873,0.00010678680530115718,0.00014225406155185766,0.00016146208864737342,0.000261787552007819,0.0007492151367976856,0.0003076473201820221,0.00015258408936306753,9.055672019660716e-05,0.0023241737372066648,0.00018928081186747963,0.00017515936592221262,0.00031201492995429754,0.00011388107327954496,0.00015120475213608797,0.00014402843664283448,0.0008436923376981653,0.0002652839093842111,0.0003262781150419652,0.00011752559491504695,6.975957006194289e-05,0.0001343004588970364,0.0020402281776633322,0.0014749061145958172,0.00024109183169578375,0.0007319386621867593,0.00013059786672449224,0.16693381816138814,0.0944787292654776,0.00016736959923510574,0.00018303785878445752,0.17314886697022502,0.00014669147607059252,0.00018323984907568048,0.00010472810572106507,6.348427696019374e-05,0.0001233862444962654,0.0001891368504483273,0.00012348912630714067,0.0006203337464259844,0.00014054800010952542,0.0020622744835129755,0.00022889053249026592,0.0003315185916625622,0.0001373345348546672,0.0001900288345673245,0.038179798746498544,9.136193831631284e-05,0.00392822639355126
SchubaertMarievon,0.04060108983915011,0.0014118548260039288,0.0003695537115697024,0.00033203696082482185,0.00013399237314099994,0.00011719160324685603,0.030284042770843674,0.00012533910168815838,0.000624200258796314,0.00010691703881600784,0.0007818625273226458,0.0029079588229744004,0.00010118573066735304,0.00013479269389068754,0.00015299324077339322,0.000248056533340658,0.000709918054296294,0.00029151091085345633,0.00014458090142197908,8.580692974278394e-05,0.0022022685024980387,0.00017935284416560005,0.00016597208216956823,0.0002956494351292899,0.00010790789720205502,0.00014327391181071582,0.0001364740012352804,0.0007994398316128942,0.000251369503279282,0.0003091645019080851,0.00011136126003636064,6.610061091210123e-05,0.00012725626564193303,0.019416882553721537,0.0013975458152366634,0.0002284463242370641,0.17553021157269366,0.00012374787812827418,0.07075964069500705,0.002104893605000396,0.0001585908965283252,0.00017343734020941278,0.37387103248598097,0.00013899736158428362,0.000173628735908043,9.923501193718108e-05,0.22734781743525265,0.0001169145126913914,0.00017921643366672097,0.00011701199824849216,0.0005877966216210942,0.00013317611707561246,0.00195410612633654,0.000216884995365772,0.0003141301102939233,0.00013013120128409705,0.0001800616323274531,0.018693563772532885,8.656991336757949e-05,0.021205853376797642
SchwendlerAugusteSophieHenriette,0.0351854695983223,0.008084930837935886,0.0009616367095425359,0.001072342409251851,5.6919879808385625e-05,0.0013951542440621243,0.24883589889950858,5.3243975281142316e-05,0.0025938542175692396,4.54182940134338e-05,0.0011858971069629424,0.015270757366027777,4.298363774667027e-05,5.725985558321901e-05,6.499143699136635e-05,0.000480249929443016,0.02722213384218946,0.0028373521832834874,6.141788027641828e-05,3.6450732330461076e-05,0.2565995656146355,7.618898071501003e-05,7.050484103821451e-05,0.0001255917028595938,4.583921006200313e-05,6.086267187283526e-05,5.797407393559101e-05,0.002938519172497597,0.0005561085176146799,0.00013133289512761806,4.730619652440854e-05,2.80794999012254e-05,0.0008587088997217881,0.0075567862706129715,0.09732050579192851,9.704386162754207e-05,0.00029461866772296076,0.0027485294440740063,0.1706153252321338,0.0016988080562790446,6.736931780137457e-05,7.367607817959564e-05,0.04739006780091451,5.904599589959243e-05,7.375738295766991e-05,4.215497359916307e-05,2.55535799181426e-05,4.966521492418962e-05,7.61310336168373e-05,4.9706626730422715e-05,0.0002496956525968887,5.657313472099298e-05,0.011229163846339634,0.0003647197936404248,0.0042222499464242055,5.5279656317581686e-05,7.649007350138698e-05,0.014683389196583178,0.001922187803968798,0.03176056025435034
SchützFriedrichKarlJulius,0.0032484066397399447,0.0008140710596357138,0.00021308350974112204,0.20181199426346744,7.725958163470143e-05,6.757231046594214e-05,0.007380656834043456,7.227013248512534e-05,0.00035991190931537596,6.164802887589379e-05,0.3129626608096415,0.001676719926719438,5.834337459293197e-05,7.77210440660696e-05,8.821542225131827e-05,0.00014302861825938836,0.0004093365210580793,0.00016808427589224732,8.336489379493018e-05,4.947600626723427e-05,0.04159392966258904,0.00010341428680158276,9.569898144850064e-05,0.00017047053599527192,6.221935471012379e-05,8.261128768885094e-05,7.869048060187826e-05,0.000460954496772244,0.00014493886632370982,0.00017826328106439608,6.421055287728006e-05,3.8113404704707584e-05,0.010154402702921636,0.0011146863743022456,0.0008058205289557166,0.0001317214332637292,0.0003998974538715677,7.135263797672846e-05,0.2827444380020812,0.09194291930103828,9.144301298371042e-05,0.00010000342579434824,0.024033347770941682,8.014544225609446e-05,0.00010011378395322116,5.7218596298114625e-05,3.4684874606037924e-05,6.741254092168907e-05,0.00010333563293624008,6.746875078782157e-05,0.00033892168642276905,7.678893095033552e-05,0.0011267314568098516,0.0001250552073375917,0.00018112643526831424,7.503324206558216e-05,0.00010382297183020576,0.0006976230361945492,4.991594022962333e-05,0.012227228473475635
SedlnitzkyvonCholtitzJosefGraf,0.001860489155888529,0.2891561181321685,0.00012204123533122776,0.00010965172208003862,4.424957517983461e-05,3.870129722129949e-05,0.01577478469706314,4.139192308570309e-05,0.00020613558541734769,3.530823013423141e-05,0.00025820189516796195,0.0009603228865994008,3.341552575966356e-05,4.451387270924711e-05,5.052441232968433e-05,8.191806715264423e-05,0.0002344429879008809,0.0347390525662802,4.7746325533826397e-05,2.833683813188839e-05,0.0007272760634287956,5.922939474526315e-05,5.481053850720081e-05,9.763512355186516e-05,3.563545071864353e-05,4.731470592961206e-05,4.506910681698755e-05,0.000264006615462241,8.30121407101997e-05,0.00010209833253510686,3.677588755678395e-05,2.182903312646106e-05,4.2025046363662745e-05,0.0006384243543388573,0.0004615248403243294,7.544200137605984e-05,0.0002290368660418227,4.086643820256779e-05,0.15039117069482502,0.0006951190253344223,5.237297940370763e-05,5.7275861638117785e-05,0.01376483546133694,4.590242009334497e-05,5.73390680591782e-05,3.277132136890601e-05,1.9865380241635355e-05,3.860979097300913e-05,0.4099987967520991,3.864198455527623e-05,0.00019411366624207333,4.398001517962959e-05,0.0006453230427952313,7.162399383520753e-05,0.00010373817259788076,4.29744636913285e-05,5.9463464598041174e-05,0.00039955591700240354,2.858880546760268e-05,0.07628857884779026
SpazierRichardOtto,0.0015551909954362494,0.005216082988732225,0.00010201480060140341,9.165835246780198e-05,3.6988412780451203e-05,3.235058304950047e-05,0.24485064552585245,3.459968893822035e-05,0.00017230963441275033,2.9514303480754872e-05,0.00021583208969472097,0.0008027380870368352,2.793218364359573e-05,3.7209340237382304e-05,4.2233576506554545e-05,6.847566942065386e-05,0.00019597191554308885,8.047119136629157e-05,3.9911361643982425e-05,2.368688651711107e-05,0.0006079332316777838,4.951010925348885e-05,4.581636806192579e-05,8.161362537673608e-05,2.978782859364707e-05,0.09174005578654508,3.7673462848354814e-05,0.00022068428069197383,6.939021027657333e-05,8.534444122133192e-05,3.0741124717908936e-05,1.8246983945003892e-05,3.5128919446104546e-05,0.0005336617007374161,0.00038579062585278215,0.0048894046776824865,0.00019145291471536129,3.4160433833774655e-05,0.08710189611259829,0.0005810530233594577,4.377880178179028e-05,4.787714241361059e-05,0.5568827748899936,3.837003304854479e-05,4.792997693649712e-05,2.7393690385220265e-05,1.660555793884967e-05,3.227409257767111e-05,4.9472453320379746e-05,3.2301003333422725e-05,0.0001622604597695796,3.676308640124506e-05,0.0005394283444900634,5.987080866187538e-05,8.671519067800566e-05,3.592254152889049e-05,4.970576926375622e-05,0.0003339905327202248,2.389750711138151e-05,0.0010275046688479267
StudnitzAugustvon,0.03422480710602635,0.09356976921175647,0.0004408208661443991,0.0003960691398309634,0.0001598323386710688,0.00013979159843557966,0.401240802687635,0.0001495103137599355,0.0007445751188951341,0.00012753561980550533,0.0009326420103758323,0.07661070239357505,0.00012069904871141705,0.00016078699850812493,0.0001824974578810185,0.0002958933774891378,0.02744389739411293,0.02029553335593512,0.00017246282799341815,0.00010235449924109684,0.002626968363083558,0.00021394041957992652,0.0001979792239320504,0.00035266440571038465,0.00012871756180280922,0.0001709037899579683,0.0001627925401565912,0.00095360903697881,0.00029984524221714,0.0003687858063536689,0.00013283689371064843,7.884788501021591e-05,0.00015179719614857138,0.0875424047636035,0.001667057690023791,0.0002725014074136633,0.000827296031489124,0.0001476122282423578,0.09014713571670899,0.00916008357839513,0.0001891746021797083,0.00020688413115416338,0.08115077131218763,0.0001658025218177611,0.0002071124368510217,0.00011837214062385934,7.175504329039501e-05,0.00013946107192526128,0.00021377770278833584,0.0001395773572347368,0.0007011511662517576,0.00015885867044781822,0.008980217256214264,0.0002587105162731694,0.00037470901513509715,0.00015522655318169398,0.00021478589508629832,0.0014432219153475792,0.00010326462161791658,0.05189240292508908
ThieriotPaulEmile,0.09491917863467851,0.08705632931276197,0.014066314028667428,0.0002542532485644338,0.005576450928821705,8.973803927119887e-05,0.19885568923579092,9.597688672128047e-05,0.005177415532484116,8.187041701120003e-05,0.003508327165659879,0.0022267339623763256,0.007845691573037985,0.0011339451524090482,0.00011715270606743807,0.00018994626162347175,0.0020897050212752293,0.00022322092062386915,0.00011071105992415858,6.570560874382035e-05,0.04043639144826263,0.00013733725051300223,0.00012709109539428486,0.00022638994505650936,0.008586506171754634,0.0055835581537300085,0.004282071878328974,0.011559857100143529,0.006892223531671164,0.003844291467528991,8.52735251465315e-05,5.061573571432057e-05,9.744493161021987e-05,0.02967698751343265,0.0010701536439162236,0.0001749299834439859,0.034267182525569394,9.475842670921494e-05,0.07274953188615488,0.006030133383830828,0.00012143904261413271,0.00013280752558713805,0.25110668522627994,0.00010643553246873175,0.00013295408450641352,7.598799872665406e-05,4.6062545709193004e-05,8.952586056164075e-05,0.00013723279583906426,8.960050893668739e-05,0.00045009808598148757,0.00010197798556389071,0.0023071171880600766,0.0001660770370251725,0.024849743690169204,9.964637847510522e-05,0.00013787999639360381,0.006400312058681502,6.6289854138441e-05,0.06372504130985594
ThüngenJohannHansCarlMoritzFreiherrvon,0.0025945207798372485,0.0006502031656535698,0.0001701910059844764,0.0001529133725833145,6.170766539524514e-05,5.397038705090694e-05,0.03810206628536925,5.7722564102768776e-05,0.008339237148556672,4.9238629793995836e-05,0.00036007207044789325,0.009390979169526264,4.659918370297042e-05,6.207623805257561e-05,7.045815734186696e-05,0.00011423776741667431,0.008378712865861603,0.00013424986306555665,6.658401279378838e-05,3.951676640273515e-05,0.0010142133068994344,8.259757653377882e-05,7.64353184542412e-05,0.00013615578252393137,4.969495097338066e-05,6.598210332897109e-05,6.285053250392864e-05,0.00036816696709213496,0.04842640430316434,0.00014237989214323558,5.1285332226226016e-05,3.0441392185008893e-05,5.8605477876098704e-05,0.0008903063199501854,0.0006436134200742875,0.00010520665472474542,0.00031940036114347175,5.698975604287241e-05,0.3224508655163177,0.0573317834087843,7.303605233861896e-05,7.987330253059706e-05,0.23659345461663106,6.401261861702456e-05,7.996144621707939e-05,4.570081690895135e-05,2.770300577843266e-05,5.384277821109036e-05,8.253475524608977e-05,5.38876733495033e-05,0.0002706986703585099,6.133175402820961e-05,0.0008999267955638355,9.98823023247521e-05,0.03235176058282105,0.16914717230967435,8.292399558064287e-05,0.0005571954698518942,3.986814414997e-05,0.058076597437936674
TieckLudwig,0.08982917463890477,0.026939306178471272,0.00017740535503100825,0.0001593953275921416,6.432343603737e-05,5.625817663243852e-05,0.10145047223095596,6.016940741795644e-05,0.0002996491850990951,5.1325841511513074e-05,0.09465170188653366,0.022405207121859456,4.8574510040411245e-05,6.47076323863498e-05,7.344485888522615e-05,0.003259857946850478,0.0003407982669972514,0.00013994067713649747,0.012632517180391096,4.119187105571309e-05,0.0010572055247389436,8.609886465453097e-05,7.967539018201517e-05,0.00014192738798656619,5.180150601780501e-05,6.877906619716723e-05,6.551474896249459e-05,0.0003837734616459537,0.00012067067540415756,0.00014841533586828495,5.3459303086243675e-05,3.1731794268330805e-05,6.108974765869545e-05,0.000928046155338665,0.0006708960125743374,0.0001096663353336696,0.0003329396529382891,5.940553582977536e-05,0.4903888272993879,0.028301248627718732,7.613203012841842e-05,8.325910943985008e-05,0.059757092173052216,6.672609558024234e-05,8.335098951249955e-05,4.763806172976691e-05,2.8877328429430626e-05,5.612515848966533e-05,8.603338039006285e-05,5.617195672041344e-05,0.044253060925974474,6.393158989283745e-05,0.0009380744402173759,0.00010411628512762539,0.00015079909089781173,6.246986903840779e-05,8.643912051331052e-05,0.0005808148296612162,4.1558143607177295e-05,0.01749073526601504
TruchsessvonWetzhausenChristianFreiherr,0.04175751380599855,0.0053598976085324655,0.046983254442929515,0.00019720860984171604,0.0003491728777062944,6.960427870446495e-05,0.17633489720328874,0.0003885399178147582,0.031201852757728493,0.021270228391645364,0.0023871748297011474,0.011984934556209212,6.009781932456252e-05,0.006453825806850451,0.02112154912908846,0.0001473296345706386,0.006612835169964919,0.04317782068783681,0.0032918800953031855,0.0025810898452771147,0.026479920160310588,0.00010652405979500758,0.0009560860913979357,0.0007961145259757281,0.012506284628751774,8.509549329865947e-05,0.006603988494554269,0.0016648602891403753,0.007318863408431381,0.0005007930929505453,6.614142963915108e-05,3.925951362547574e-05,0.001032845619132171,0.1857417073144134,0.007279970321029182,0.006046830140728341,0.0037421612989426535,0.003163091353086539,0.15581346782687,0.003713903595181119,9.419279757352966e-05,0.00010301063072128365,0.11366554507392887,0.0002616811855544171,0.004150664711851889,5.893921780016062e-05,0.00028668955659890186,0.00020423471558556844,0.001973119545920546,6.949760488128582e-05,0.002465235763803601,7.909805235946429e-05,0.0066911050764447855,0.005019241069419173,0.00033131870579453934,0.0030785722722979324,0.00010694503439893143,0.002781048176916273,0.0009094071784066403,0.012281837504171144
UnbekannteKorrespondenten,0.056169890808215016,0.02379584803149024,0.0019103132783726418,0.0099869833392233,0.0041206313366445495,0.00017755327662321085,0.1293103339788269,0.00018989729278526076,0.0014818252067519562,0.0001619866103260473,0.03233312221223811,0.034584333771689166,0.0038256868683003062,0.00020422013012952862,0.000653111523427976,0.0008277972100042891,0.0010755743003939414,0.022085340416498594,0.00021904993253258964,0.00013000335442733745,0.008570725927793841,0.0037229021914141976,0.0006162210440016201,0.0004479290707238883,0.00016348782840172867,0.00021706975407642946,0.00047482703365916225,0.022823666405091064,0.00038084195210105894,0.005870062060294665,0.0001687199087693657,0.00010014693654730246,0.00019280192701148243,0.04553459916677342,0.020771802987690633,0.00034611177146693164,0.0010507721692299273,0.001980846190180447,0.2863218820617991,0.1205974542887204,0.021061779671672144,0.00754209813243567,0.05517584241000673,0.0033099741541778487,0.00026305938413933444,0.00015034781534710873,9.113811697575744e-05,0.00017713346552172382,0.0007142942226524555,0.00017728116279360276,0.012744047535214697,0.0002017709059319119,0.008222552054102548,0.00032859556922765974,0.010478786286416245,0.00019715765070844237,0.0002728056612257402,0.001833077115020444,0.00013115932668848092,0.03333072580509365
UtheJohannAndreas,0.3984558046669039,0.01067977205548145,0.0002088722167691552,0.00018766770265191298,7.573265571936147e-05,6.623683970844191e-05,0.25427953749002863,7.084181594675276e-05,0.00035279876153557617,6.042964313099934e-05,0.00044190967152500936,0.0016435819384634294,5.719030064702903e-05,0.009957974952285193,8.647196970448626e-05,0.00014020186073320686,0.00040124656601465264,0.00016476232887427706,8.171730505484476e-05,4.849818326381496e-05,0.0012447248928546964,0.00010137045028069207,9.380762698147462e-05,0.00016710142793507291,6.098967752145072e-05,8.097859290326263e-05,7.713527500045943e-05,0.00045184438574107197,0.00014207435545726392,0.00017474016046431634,6.294152248451661e-05,0.049446309918805734,7.192539939456591e-05,0.0010926561810707313,0.0007898946305397356,0.00012911814619175036,0.000391994048586744,6.994245441438824e-05,0.12892954639366233,0.011071478434132384,8.963577168952663e-05,9.802700009753108e-05,0.0037947828732320696,7.856148140375861e-05,9.813517718411256e-05,5.608775199792074e-05,3.3999377315142825e-05,6.608022778234365e-05,0.00010129335089730222,6.613532674029518e-05,0.0695047530605791,7.527130677740504e-05,0.0011044632096276926,0.00012258366875439266,0.00017754672849133477,7.355031659022009e-05,0.01986535096679829,0.020447415416140858,0.009930719376840284,0.0021037847121956805
UtheSpazierWilhelmine,0.006929666804896535,0.0024165909840233473,0.01932999222402194,0.0002865397393563478,0.00011563212595424529,0.00010113347431469536,0.2636541597478077,0.00010816456529317447,0.0005386694873286222,9.226677764724669e-05,0.03614044827476466,0.00457736988436839,8.732079952780208e-05,0.00011632278309809845,0.0001320294078875746,0.00021406669375753957,0.04015307542398423,0.00025156675391794673,0.006115744551338539,0.012481286467881913,0.006036249341895526,0.0001547770979844146,0.00014322982913456172,0.002651528112939538,9.312186408994786e-05,0.00012364186578754465,0.0001177737100283438,0.0006898969331980365,0.00021692570541802028,0.0002668013692659822,9.610203137008055e-05,5.704320318737515e-05,0.00010981903068236894,0.0016683180584931517,0.001206047702164522,0.0001971435651055103,0.0005985146667438049,0.00010679137845585894,0.21353086701303436,0.10705960650608237,0.0001368600472749499,0.03943925661648822,0.038854949116111426,0.00011995130801294585,0.00014983733319409278,8.563737719098604e-05,5.191182380608656e-05,0.00010089435197318343,0.00015465937907535945,0.00010097847961383303,0.07764231288732676,0.00011492771702445877,0.01965926993336487,0.00018716642234054912,0.0002710865673026382,0.00011230002950709483,0.0001553887647538361,0.0010441117215887034,7.470770829496592e-05,0.09257754645952317
UtheSpazierWilhelmineANDMahlmannErnestineANDRichterCaroline,0.07067724961398343,0.012988774101260037,0.00013194493873351938,0.00011855001067965704,4.784044892893334e-05,4.184192561565669e-05,0.11693241534193152,4.4750897029048436e-05,0.00022286358471275292,3.8173509545409307e-05,0.00027915509988366976,0.11964278416984447,3.612721132444138e-05,4.812619432663524e-05,5.4624492052166825e-05,8.8565756666495e-05,0.00025346814616493575,0.00010408064665170348,5.1620962211772937e-05,3.06363858171875e-05,0.0007862948565788022,6.403588786754508e-05,5.925843937629585e-05,0.00010555825955322902,3.852728423349259e-05,5.115431647453764e-05,4.8726485942249765e-05,0.0751935554851606,8.97486148056299e-05,0.00011038366003570048,3.976026805514506e-05,2.360046938779126e-05,4.543539855752301e-05,0.0006902327896845924,0.06916475868903893,8.156415511922662e-05,0.00024762331498518397,4.418276880154813e-05,0.3186540775647616,0.0007515282597830728,5.662307120998033e-05,0.10618176702101788,0.052335920610069794,4.96274229812464e-05,6.199216028559397e-05,3.5430729445675776e-05,2.1477465151730977e-05,4.174299359246276e-05,6.3987184054395e-05,4.1777799699007945e-05,0.00020986608116621992,4.754901400846957e-05,0.006940035027374397,7.743631447835949e-05,0.00011215657388754929,4.646186154596628e-05,6.428895259849719e-05,0.0004319800667898313,3.0908800420198034e-05,0.04502537044465663
ViewegEduard,0.04123025135907101,0.05028148745796982,0.0001103165194229323,0.17606589174831777,3.9998440744508475e-05,3.498319559793667e-05,0.12462739041657567,3.741532830803859e-05,0.005036080706200382,3.1916106427641464e-05,0.00023339598543088466,0.008950977860668926,3.0205237487875363e-05,4.023734674589181e-05,4.56704432642995e-05,7.404805450884676e-05,0.00021191963813004794,8.701974314523024e-05,0.005953456033737889,2.5614468303903434e-05,0.0006574053741698497,5.353912272430463e-05,4.954479376909275e-05,8.825514568446616e-05,3.221189035557296e-05,4.2769098997630314e-05,4.0739238537339055e-05,0.0002386430360474289,7.503701849740861e-05,9.228956633869894e-05,3.32427634228923e-05,1.973187955975149e-05,3.7987626320268504e-05,0.0005770898048872365,0.00041718533800171113,6.819415575005606e-05,0.00020703289189670388,3.694032768091841e-05,0.41260139334464424,0.056242492136410166,4.73414152515349e-05,0.030766849817157323,0.022817286050041338,4.1492493943080985e-05,5.183040304431122e-05,2.962292294482387e-05,1.7956878257766614e-05,3.490048051569873e-05,5.3498402442034526e-05,3.492958120395236e-05,0.021083526071548907,3.9754777847147966e-05,0.000583325724222409,6.47429509020045e-05,9.377186408539518e-05,3.8845831457111364e-05,5.37507050750587e-05,0.00036116987802453556,2.5842228694961674e-05,0.038999560879585386
VoßErnestine,0.01711237848854105,0.07071578588536845,6.106378605402188e-05,5.486464701359217e-05,2.2140439536106376e-05,1.936433802165749e-05,0.3669921686968975,2.0710602681216527e-05,0.02002704037662717,1.7666604283471938e-05,0.00012919227867931149,0.010593923515255978,1.6719582609375945e-05,2.227268178805383e-05,2.5280077644507328e-05,4.0988009609962546e-05,0.08905581109886732,4.8168261704526434e-05,2.3890051582567228e-05,1.41784423636551e-05,0.00036389528358095525,2.9635647976012423e-05,2.742465682050522e-05,4.8852097241952e-05,0.0017503433450767657,2.3674089108105762e-05,2.2550495239162707e-05,0.00013209669207033686,4.15354333841042e-05,5.1085280458488345e-05,1.8400952134082498e-05,1.0922237922146773e-05,0.028338610071416893,0.00031943800043664173,0.0002309256705874246,3.7747686009666e-05,0.010509677536411403,2.044767436529685e-05,0.138203851003199,0.0023704898673238477,2.620501505609861e-05,0.0034936842199327525,0.05279888151510799,2.2967446636658473e-05,0.05893413231771577,1.639725254621724e-05,9.939716897036519e-06,1.931855252995018e-05,2.9613107973684507e-05,1.933466070858779e-05,9.712549494764712e-05,2.2005564187323094e-05,0.010436312171705556,3.5837331734781086e-05,5.1905780533600384e-05,2.1502432759807883e-05,2.9752765697518125e-05,0.0027986888114329557,1.430451515732112e-05,0.11355687974084647
VoßHeinrich,0.029943432304032666,0.04476740764267791,0.008464640811738573,8.017476398344124e-05,3.235425015779679e-05,2.8297479617381706e-05,0.3247040286362955,3.026480205932968e-05,0.010071448903990535,0.031433593273539416,0.010109518566888282,0.02894648488672071,2.443264766246053e-05,3.2547498304201516e-05,3.694226371545448e-05,5.989656683320398e-05,0.00017141920679372225,7.038920732865184e-05,3.4910991894471644e-05,2.0719230543436344e-05,0.07754488204244663,4.330714241876935e-05,4.007617851557772e-05,7.138850935283148e-05,2.6055804656905672e-05,3.459540177657772e-05,3.29534724439524e-05,0.00019303543695649406,6.069652772386383e-05,7.465190294166159e-05,2.6889665289474572e-05,1.5960876361095813e-05,3.0727726931095816e-05,0.1453113412378602,0.0003374561242046796,5.51614196295887e-05,0.00016746637745466877,2.988057985394118e-05,0.06579518755513912,0.00571259855974766,3.829389254586351e-05,4.187876489009822e-05,0.122851126301467,3.3562771541028665e-05,4.192497994075705e-05,0.0008506889042983828,1.4525099488650647e-05,0.0013293165357698387,4.3274204279818416e-05,2.8254111588960122e-05,0.010062658759027723,3.215715421633918e-05,0.030599997494974274,5.2369782182696684e-05,7.585091548345752e-05,3.1421918583752475e-05,4.347828879792442e-05,0.0002921459028292523,2.0903463141787006e-05,0.04884895427847041
VoßJohannHeinrich,0.002658743582958073,0.1491857553145241,0.00017440378529818139,0.00015669847444038098,6.323513022671708e-05,5.530632915199218e-05,0.5011057504695017,5.915138475389258e-05,0.00029457933856429086,5.045744555826862e-05,0.0003689850218759152,0.0013723553852667053,4.775266461698135e-05,6.361282625256763e-05,7.220222522615143e-05,0.033121389414171726,0.00033503220788905826,0.00013757298253781533,6.823218303697225e-05,4.049493452086202e-05,0.0010393183752564544,8.464213441021212e-05,0.00832940831334643,0.00013952607968352657,5.092506216665569e-05,6.76153743609573e-05,6.440628700256556e-05,0.00037728029346319316,0.00011862901523629182,0.00014590425620018978,5.2554810512986024e-05,3.1194915360546644e-05,6.005615350632998e-05,0.02566558720722071,0.0006595449394070965,0.0001078108606058067,0.00032730655587116407,5.840043731807684e-05,0.2479217603909063,0.0009933641602535071,7.484393148397683e-05,8.185042579085262e-05,0.011419642630887749,6.559713851551135e-05,8.194075131941817e-05,4.683206033147985e-05,2.8388745010043267e-05,5.517556157956505e-05,8.457775809192844e-05,5.5221568018244994e-05,0.00027739934030365256,6.284991383429741e-05,0.0009222029021434393,0.0001023547132174718,0.00014824767982627132,6.141292423487261e-05,8.497663338703647e-05,0.0005709878646703153,4.0855010006830394e-05,0.010007695724885642
WagnerJohannErnst,0.03971522345688608,0.03750031905452736,0.008951729614536216,0.0002488996946082434,0.0034548878463060515,0.0006021035278817253,0.1736809876662747,9.395599831764881e-05,0.009954153838631456,0.0016647652158285158,0.006075561783866565,0.02599187852205473,0.0002503566960922842,0.012596091232796161,0.0011102953627601239,0.0001859467549657616,0.00099722871609226,0.002382538932536187,0.005506496786944071,0.0049364080639698864,0.010911602712314073,0.0038211071626234024,0.0015064386121661905,0.00938610725353214,0.007814440896318772,0.0001074001906487445,0.019814175782550614,0.003828815589431045,0.004795874377404796,0.020837622875944987,0.006658807842648992,4.9549971269976735e-05,0.004280968266815271,0.059811248759349844,0.005497506601306139,0.00017124665939518608,0.0005198933945627164,9.276319418787735e-05,0.2460063128909788,0.09504991313993508,0.0001188820233009337,0.005122664815540174,0.03060157372084895,0.0036215942107068037,0.0001301546045818902,7.438799615637041e-05,4.5092653189801436e-05,0.004480088010208435,0.003486551937087613,8.771388148235577e-05,0.0016029473280920223,9.983073808075176e-05,0.041099315220765424,0.014852487353478036,0.015941968482948484,0.002354576160987809,0.00025571704826188286,0.008305217498811841,6.489405560732332e-05,0.030792717320602486
WagnerJohannFriedrich,0.024855698411611983,0.0015180168249236676,0.00039734166823907936,0.00035700390985326266,0.0001440676995206319,0.0001260036245879656,0.16414944390447292,0.00013476376018203547,0.0006711359252540286,0.00011495648193029236,0.01963897398691232,0.003126617792535053,0.00010879421790835683,0.0001449281990146202,0.000164497304762524,0.0002667087183525409,0.0007632991231747571,0.00031343057315380004,0.00015545241400094468,9.225903445984085e-05,0.002367864300364101,0.00019283897326178483,0.0001784520678476024,0.000317880286655047,0.00011602184621097669,0.0001540471475504884,0.00014673592937750992,0.038456193636030936,0.2446484392464301,0.0003324115956694775,0.00011973487873279732,7.107093282834691e-05,0.00013682508198677396,0.1148685049388627,0.001502631872666074,0.00024562395325400523,0.0007456978798543998,0.00013305288729933553,0.35805510009864666,0.00226316746468092,0.00017051586662852558,0.0001864786631449076,0.007218889045073719,0.00014944902947433352,0.000186684450514393,0.00010669681823343691,6.467767475470071e-05,0.00012570569868405854,0.00019269230560971408,0.00012581051450020366,0.00063199497910108,0.000143190066482247,0.002101041780521581,0.00023319329011368007,0.00033775058444994536,0.00013991619347713158,0.00019360105753219456,0.001300873546434078,9.307938932795367e-05,0.004002070452881535
WagnerJulianeLouiseAntoinetteKaroline,0.005734008567039799,0.2149743919654856,0.000376129840212467,0.00033794548697454465,0.00013637673853996132,0.00011927700256683504,0.1909760008998214,0.00012756948398676626,0.0006353077678597629,0.00010881960447654762,0.0007957756024715637,0.14531798098155185,0.00010298630893472935,0.0001371913008248863,0.00015571572251637405,0.00025247064588467113,0.0007225508930548169,0.0002966982846790344,0.00014715368739942017,8.733384556249636e-05,0.0022414573958170125,0.00018254438936932417,0.000168925519597699,0.00030091045310232746,0.0001098280949740022,0.00014582344018973653,0.0001389025266712826,0.0008136656911029973,0.0002558425694092663,0.00031466601758137685,0.000113342909655597,6.727685703577554e-05,0.00012952076345986758,0.001967617336333021,0.01921719929905195,0.0002325114773369169,0.0007058892807276562,0.00012594994494661058,0.17878749999303215,0.0021423497330068514,0.000161412987348931,0.00017652362029528044,0.024628297778603744,0.00014147078967380433,0.00017671842183911382,0.00010100087758521724,6.122489891032994e-05,0.00011899498124466077,0.00018240555147501985,0.00011909420153623785,0.0005982563358075497,0.00013554595737382834,0.1443471546817733,0.0002207444171103205,0.0003197199878981402,0.0001324468579621124,0.00018326579026374323,0.03682099616786723,8.811040631643958e-05,0.0215832069668701
WagnerLorenzHeinrich,0.07416205988967747,0.0009797707640800631,0.0002564554908085591,0.00023042036675324041,9.298534622347433e-05,8.132628407831798e-05,0.04310978426697004,8.698032203331782e-05,0.00043317000674270164,7.419614742574549e-05,0.0005425813133838067,0.03677096376491597,7.021884886745152e-05,9.354073680470704e-05,0.00010617118817796598,0.00017214130994906682,0.0004926547274416273,0.010163202103643743,0.0001003333612270434,5.954657629736909e-05,0.001528286232876435,0.00012446369834314213,0.0001151779848523777,0.00020516887970439056,7.488376350362536e-05,9.942636272656968e-05,9.470749683649275e-05,0.002726839052002868,0.0001744403785419243,0.00021454779534115762,7.728025914927885e-05,0.11516504019096706,8.831075711577817e-05,0.001341574679179068,0.0009698408830792278,0.00015853260939195686,0.00048129438983956347,8.587607654406834e-05,0.41916864270317766,0.030970155278013237,0.00011005573732215085,0.00012035857526368458,0.0649508267535251,9.645860796467424e-05,0.00012049139622121839,6.886512811262332e-05,4.1744790817138274e-05,8.113399431860141e-05,0.00012436903491440024,8.120164539504937e-05,0.0004079073389715328,9.241889717068237e-05,0.0013560714722442406,0.14447342332877502,0.00021799372889799877,9.030584743166889e-05,0.00012495556897043262,0.0008396203834073764,6.007605640770193e-05,0.04459872942718118
WagnerLudwigAnton,0.01103668537702178,0.002765862515432299,0.0007239659060149534,0.0006504695573288934,0.00026249475186727016,0.00022958158060862208,0.2648331802296027,0.0002455427546034891,0.0012228255101938224,0.00020945342571743503,0.0015316902394728574,0.005696771478729315,0.00019822563509704741,0.0002640626022730721,0.0002997179752307332,0.00048594958535283484,0.0013907490339954308,0.0005710779085206437,0.0002832379705938346,0.00016809814023983685,0.07281627329215201,0.0003513571647574076,0.00032514388322796344,0.0005791853916364062,0.00021139454460415976,0.00028067754192420696,0.0002673563296986406,0.0015661246630150768,0.0004924397847693922,0.0006056617799367782,0.0002181597775726423,0.00012949291853640426,0.0002492985316267484,0.0037872237597112884,0.002737830768977095,0.0004475326452535923,0.001358679152867975,0.00024242550379491035,0.07011811768551697,0.004123544583915706,0.0003106839371283038,0.00033976852947355284,0.11590593927393428,0.0002722996621671707,0.00034014347892211236,0.00019440412334204252,0.00011784425129698015,0.00022903875257373907,0.000351089932830575,0.0002292297294668408,0.0011515097816685886,0.0002608956837388285,0.4148399593595302,0.00042488368335982666,0.0006153895436188128,0.00025493060978413784,0.0003527457003009665,0.0023702223324042664,0.00016959284618894895,0.007291866906877536
WagnerLudwigAntonANDWagnerKarlLudwigFriedrichErnst,0.07928208703351064,0.008300952308593875,0.00016234787605800418,0.00014586646994748788,5.886391208199233e-05,5.148320063718502e-05,0.0363461600045728,5.506246131221102e-05,0.17693062173620566,4.696950300529232e-05,0.008024191695936584,0.13184961525865602,4.445169388624485e-05,5.92154993338834e-05,6.721114391001447e-05,0.00010897320218788182,0.0003118726309111795,0.0001280630548229971,6.351553652298472e-05,3.7695664686002986e-05,0.0009674740171634373,7.87911267121869e-05,7.29128518577245e-05,0.00012988114135591868,4.740479495180193e-05,6.29413656223132e-05,5.9954110983150745e-05,0.00035120025759514647,0.00011042861615381133,0.00013581841736648762,4.892188463012172e-05,2.9038522552335718e-05,5.590468664023774e-05,0.0930178366445132,0.0006139529591888032,0.000100358281819476,0.00030468102555626165,5.4363424183931674e-05,0.22310310346973872,0.0009246964525085996,6.96702384726344e-05,7.61923989142154e-05,0.1642445093729329,6.106264319474618e-05,7.627648056239387e-05,4.359472767885702e-05,2.642633271091535e-05,5.1361472558837925e-05,7.873120049829241e-05,5.140429873713394e-05,0.00025822371711251566,5.850532431954709e-05,0.008539167604889408,9.527929836483858e-05,0.00013799984850772128,5.716766866611504e-05,7.910250297238771e-05,0.0005315175179577219,3.803084944284512e-05,0.06308089256363343
WaltherJohannAdam,0.2347151272044501,0.03464368611701752,0.0006775522435052612,0.0006087677668773575,0.00024566613780891545,0.0002148630394283277,0.4401855119151069,0.0002298009379665726,0.0011444298149451493,0.00019602530633780908,0.0014334931375739534,0.0053315498203448655,0.00018551733260417609,0.00024713347287415224,0.0002805029696139354,0.00045479521763482615,0.001301587713326539,0.0005344659395140945,0.00026507950281537987,0.00015732132010952882,0.004037713376847199,0.0003288315558441673,0.00030429881533477777,0.0005420536495548936,0.00019784197953427252,0.00026268322396436235,0.00025021603848690734,0.0014657199603165696,0.0004608693284996464,0.0005668326289844345,0.00020417349147088082,0.00012119109027569668,0.0002333159310443852,0.0035444237549438038,0.002562307650741568,0.0004188411986173734,0.0012715738415042296,0.00022688353500412216,0.03356768114552626,0.1320797583269549,0.0002907659005394957,0.03237312971445258,0.01230974463308048,0.0002548424524887509,0.00031833678263379665,0.00018194081906718114,0.00011028922244415403,0.0002143550122549252,0.00032858145623304287,0.0002145337455644688,0.001077686158292226,0.0002441695863982181,0.003582724103413516,0.00039764426818641313,0.0005759367429382694,0.00023858693505083263,0.000330131071974566,0.002218266696793334,0.00015872020003023692,0.03887952706485773
WangenheimKarlAugustFreiherrvon,0.0015329947232336511,0.00038417808395400986,0.00010055880690706788,9.03501699056683e-05,3.6460500208409415e-05,3.188886333186666e-05,0.29844555282528584,3.4105869133417186e-05,0.00016985036634871247,2.9093064214419512e-05,0.00021275165274068896,0.0007912811064218822,2.7533524988044355e-05,3.667827450538432e-05,0.0047990898048508295,6.749835885097068e-05,0.00019317493048194605,7.932267618502115e-05,3.934173164379221e-05,2.3348818342649725e-05,0.0005992565794010388,4.880348230863405e-05,4.516245958391814e-05,8.044880494656456e-05,0.21411501776964506,3.898608830472164e-05,3.71357729834762e-05,0.00021753459143872584,6.839984703500742e-05,8.412637318088783e-05,3.0302375796358423e-05,1.7986556110925454e-05,3.4627546263969984e-05,0.3192757982050727,0.00038028447659538034,6.216224891913039e-05,0.00018872042653772048,3.367288324342378e-05,0.12391841702833947,0.0005727600155498213,4.315397421790664e-05,4.719382178713219e-05,0.030371702774951107,3.7822401471158175e-05,4.724590223578917e-05,2.7002717308467405e-05,1.6368557155557882e-05,3.1813464560888586e-05,4.876636381519879e-05,3.18399912361886e-05,0.0001599446173146443,3.623838977223662e-05,0.0005317294197899885,5.901630990902228e-05,8.54775587845357e-05,3.540984147319044e-05,4.8996349785469974e-05,0.00032922369392093684,2.3556432880393585e-05,0.0010128397348391034
WeldenFranziskaFannyvon,0.005352987529855031,0.0013414922187804381,0.00035113626370166635,0.0003154892352174204,0.00012731459540591333,0.00011135112546027745,0.26134743788374376,0.00011909257703180212,0.1334917553713517,0.00010158861448430634,0.01735522976802255,0.002763034882697793,9.614293753279242e-05,0.00012807503057138514,0.000145368516821529,0.0002356941401942815,0.0006745378690992814,0.00027698288194853064,0.00013737542321600333,8.153056989094715e-05,0.08515417866240559,0.00017041443669196582,0.00015770053171503884,0.00028091515459513006,0.0001025300914621893,0.00013613357004438578,0.00012967254660391765,0.000759598149710087,0.00023884200165415743,0.0002937566710075273,0.0001058113490571778,6.280635484754177e-05,0.00012091419528797542,0.0018368704793119519,0.0013278963261651447,0.00021706124505761447,0.0006589834097761393,0.00011758065527851074,0.2333565217940036,0.001999992025002207,0.00015068720221350136,0.06661412543374101,0.08944109554059404,0.00013207015024631756,0.0001649756008105858,9.428943676957184e-05,5.7156545294948145e-05,0.00011108784426648398,0.00017028482448295124,0.00011118047143599567,0.0005585026021138047,0.00012653901909305055,0.00185671934172668,0.000206076098119032,0.0002984748083743605,0.00012364585276608412,0.00017108790097907013,0.0011495997353299294,8.225552870177415e-05,0.08659834897823558
WeldenJosephinevon,0.06171248658614624,0.058346065759726104,0.0002921313550014898,0.0002624744502343788,0.021040531678907803,9.263969155088255e-05,0.5706997995419356,9.908027024083915e-05,0.0036088760622638113,8.451767211158472e-05,0.0006180605210579075,0.003909089423276771,7.99870862644397e-05,0.00010655331303081929,0.009191622147987674,0.00019608811637685544,0.0005611885813856356,0.00023043870138286134,0.00011429086846493014,6.783017967213457e-05,0.001740888162045992,0.00014177800884996805,0.00013120054741344302,0.0002337101952592739,8.530094337599997e-05,0.00011325769619752292,0.00010788238260142004,0.0028996256756566438,0.00019870701145746102,0.0002443938243162112,8.803081871621071e-05,5.225238017542216e-05,0.00010059578391596177,0.011190331077907121,0.0011047567373836103,0.00018058629139730865,0.0005482478921202121,0.02157145300117149,0.11832185411044267,0.006199254202948509,0.00012536573722107624,0.00013710181664262303,0.015942207342699015,0.03392732565998639,0.00013725311450009766,7.84450476161161e-05,4.7551964152593415e-05,9.242065210711085e-05,0.00014167017666583243,9.249771421472156e-05,0.002075006564723906,0.0001052754127942178,0.0015447163771638525,0.00017144708764139834,0.00024831912627029,0.0001028684138974605,0.00014233830425398834,0.011913117384992544,6.84333164643717e-05,0.03633878003562101
WilmansFriedrich,0.0908248294731258,0.0015179938683042942,0.0003973356593323998,0.00035699851096522735,0.00014406552081794058,0.00012600171906412561,0.10092564539477394,0.0001347617221806793,0.0006711257758197594,0.00011495474346985051,0.007240163272173031,0.01165926737326296,0.00010879257263841674,0.0001449260072987929,0.00016449481710761042,0.00026670468497792316,0.0007632875799776387,0.00031342583321531596,0.0001554500631298342,9.225763924767776e-05,0.020683477249089022,0.00019283605700233573,0.00017844936915801558,0.0003178754794245689,0.0001160200916392758,0.00015404481793089927,0.000146733710323792,0.0008595393379795082,0.00027026671413281995,0.00033240656868535455,0.00011973306800975939,7.106985803897258e-05,0.00013682301281252215,0.0020785496072423235,0.0015026091487097956,0.0002456202387394417,0.0007456866028368366,0.00013305087517111655,0.4284902426056586,0.06791786117473542,0.00017051328795628486,0.00018647584307096576,0.040977404364165484,0.00014944676939102677,0.00018668162732837616,0.0001066952046819898,6.46766966490981e-05,0.00012570379766568352,0.00019268939156828616,0.00012580861189672316,0.1900895628557133,0.0001431879010517983,0.010088470254747618,0.00023318976358517677,0.00033774547672552285,0.00013991407755671153,0.0001935981297479203,0.009580905154144913,9.307798170975258e-05,0.005998874992439793
