sender_norm,0,1,2,3,4,5,6,7,8,9,10,11,12,13,14,15,16,17,18,19,20,21,22,23,24,25,26,27,28,29,30,31,32,33,34,35,36,37,38,39,40,41,42,43,44,45,46,47,48,49,50,51,52,53,54,55,56,57,58,59,60,61,62,63,64,65,66,67,68,69,70,71,72,73,74,75,76,77,78,79,80,81,82,83,84,85,86,87,88,89,90,91,92,93,94,95,96,97,98,99
AdelheidLouiseTheresaCarolineAmelia,0.0034992638218157394,0.0001446272491367399,8.588973232145373e-05,0.0004680473411648657,9.96020118232158e-05,0.0011478775988087208,0.000133518558947928,0.00010651582947967605,0.0013769580042208437,0.0004088458862425847,0.0002816383253074387,0.16920897905536758,0.0002018655002695131,0.0006090094438348225,0.0003526450710337249,0.0016382989748937307,0.00021224934178885074,0.024723244024237766,0.0015970780268510613,0.1126685802535436,0.00012729998068763027,0.00012450577515877955,0.0003485901869384994,0.00014912926495435833,3.745838133426e-05,0.00048643100535108097,0.17620865967018925,0.000281902070037519,0.0002018034715927585,0.0004875057732109989,8.874085237682301e-05,0.00010406202696786726,0.00025762400033059484,0.00016538991357659623,0.02008626919627754,0.0001989129150637944,0.0001290673512473165,0.0004024850010433973,0.0001047240185470932,0.00019162756506289715,0.0004647373337081597,0.0001799763912900948,0.004723513950867645,0.0003132861018402549,9.622995829107945e-05,0.15191857965229316,0.00023507471970795737,0.0011702684881249108,0.0006280277080870091,0.00012071412930804352,0.00010195305245082739,0.000926489317935242,9.240174128732312e-05,0.00014917893428778467,0.00012113177243274944,0.00013834482668836616,0.00011052944166030342,0.00010840322140601604,0.00010115673970833451,0.00017989759237249485,0.016733493685276365,0.00021187470966471016,0.00011924815223981573,0.14307259200575215,8.589572823282691e-05,6.342339391506825e-05,0.00016020187184108403,0.00032668138681466726,0.00015178951203026155,0.00048633998349094544,0.05461883764611116,0.00019319590242105263,0.00012728770082506182,0.0001513162214467829,0.00023533067001207185,0.00027883456917530573,0.00011132464508633681,0.000335257722407371,0.003267035989985859,0.0814636600720315,0.00010332086094756847,0.00012600600505174143,0.00010569505698173176,5.113064289805795e-05,0.00012089008831492408,6.500646591466547e-05,0.00010781882448441475,0.00014169694961636416,0.011476030401978574,0.001917038609887748,0.00012175615533120596,0.00011786910493514703,0.00011403426318403224,0.0010587663254041193,0.00010985675530505267,0.00019044045097139643,9.684392268481205e-05,0.00011416119522526185,0.0005401090332507498,0.00010108977408531354
AdersbachGerson,0.005554885193711988,0.0002295876520736581,0.00013634513619403582,0.0007429989214256741,0.0001581126113702443,0.0018221913529536645,0.0002119532290082532,0.0415578456989877,0.0021858436572640733,0.0006490199298035602,0.0004470850564277664,0.0054493913872321964,0.0003204501677117124,0.0009667683589039675,0.0005598042855494939,0.002600707800816374,0.000336933934139958,0.17470334985553926,0.0025352718561112444,0.005688215826385878,0.000202081584553008,0.00019764593988293942,0.0005533673843126219,0.00023673434985941396,5.946308093630074e-05,0.0007721819579711127,0.06390166489341156,0.0004475037364046545,0.00032035170066388897,0.12494016146047192,0.00014087112948506128,0.00016519263544167894,0.0004089636614591415,0.00026254721818580186,0.00549929733343561,0.00031576310418132984,0.00020488718626060075,0.0006389223810587122,0.00016624350997102374,0.0003041980193772939,0.0007377444701043122,0.0002857024340269096,0.007498313657971554,0.0004973241279090432,0.00015275966538163665,0.004106415371807295,0.0003731679422914024,0.0018577356347997845,0.0009969587874866731,0.00019162691460546715,0.000161844756597682,0.001470749865227451,0.00014668258544845,0.0002368131971424085,0.00019228989965827195,0.00021961465854812088,0.00017545929378639537,0.00017208403830109073,0.00016058065474995603,0.0002855773451616667,0.00017695412290380364,0.0003363392266399108,0.00018929975817334808,0.4437941681982733,0.00013635465436728759,0.00010068108314593008,0.0002543114927051198,0.0005185883920396924,0.00024095734299340484,0.0007720374658696543,0.03652007600229931,0.00030668766703268065,0.0002020620909594307,0.00024020602071867428,0.0003735742490539241,0.0004426342507102703,0.00017672163465641576,0.000532202844114785,0.0051862365263673615,0.03139826779788346,0.00016401607592462483,0.000200027470754554,0.0001677849790621711,8.116702987887859e-05,0.00019190623966690645,0.00010319412121877242,0.00017115634094177319,0.0002249359658197105,0.00316833230229682,0.0030431913488346307,0.0001932810725147511,0.00018711059786872216,0.00018102300152040155,0.0016807322008480106,0.00017439144189952173,0.00030231354229128145,0.00015373429944579302,0.00018122449902168689,0.0008573928187666296,0.00016047435057663602
AretinJohannChristophANDBaboJosephMariusFranzvon,0.0035169908433952523,0.00014535992049191147,8.632484359509612e-05,0.0004704184356977604,0.00010010658852930616,0.001153692665062903,0.00013419495446888855,0.00010705543109415683,0.0013839335755117905,0.00041091707041650516,0.00028306508502735954,0.003450199048698157,0.00020288813653292567,0.0006120946423516309,0.00035443154587599046,0.0016465984809499975,0.0002133245818546815,0.005792118463025143,0.0016051687105170511,0.0036014071000604626,0.0001279448733335212,0.00012513651255824444,0.0003503561200264079,0.00014988474320138314,3.7648142829265385e-05,0.0004888952302189071,0.040458364569306134,0.05269265172313816,0.00020282579362330752,0.0004899754427763432,8.919040722183381e-05,0.00010458919779338964,0.00025892910518859067,0.00016622776711273934,0.5799843333673816,0.00019992059374060526,0.00012972119726672996,0.0004045239614254197,0.00010525454297486108,0.000192598336674892,0.0004670916599787564,0.00018088813888463508,0.004747442936506319,0.00031487318694463037,9.671745241386791e-05,0.0025999142661259785,0.00023626559151450165,0.0011761969850314544,0.0006312092517775371,0.0001213256584993708,0.00010246953936148145,0.0009311828469083457,9.286984193511452e-05,0.0001499346641561191,0.00012174541737443484,0.00013904567173835328,0.00011108937594855808,0.00010895238441372432,0.00010166919255528571,0.00018080894077732442,0.00011203580420675445,0.00021294805187085168,0.00011985225489560671,0.22857218777659746,8.633086988132976e-05,6.374469231662603e-05,0.00016101344312687848,0.0003283363314797665,0.00015255846689971975,0.0004888037472485034,0.02312212915679654,0.0001941746191185305,0.0001279325312620426,0.0001520827786598157,0.0002365228384446481,0.00028024712526612366,0.000111888607818576,0.0003369561141784521,0.003283586561890287,0.019879334404359898,0.00010384427707875944,0.0001266443425091159,0.00010623050062112868,5.138966709748453e-05,0.00012150250890206226,6.533578404635158e-05,0.00010836502697889288,0.00014241477628263046,0.002005981277277332,0.0019267501911050238,0.00012237296335223562,0.00011846622143539964,0.00011461195264878892,0.001064129960286716,0.00011041328181208733,0.00019140520874785647,9.733452710754105e-05,0.00011473952771870932,0.0005428451871891967,0.00010160188768918254
AretinJohannChristophANDBaboJosephMariusFranzvonANDSchererJoseph,0.0005960727068729173,2.463614070567207e-05,1.4630656002059815e-05,7.972826851564671e-05,1.696643746245058e-05,0.00019553212970540283,2.2743860681120553e-05,1.8144153180716607e-05,0.00023455421672103559,0.008952170767121721,4.797492486235298e-05,0.0005847525847472758,3.438623701926762e-05,0.00010374007968036764,6.007037844531325e-05,0.0002790716431678793,3.615504464205478e-05,0.009864196820969498,0.0002720499713732353,0.0006103798884537298,2.1684573652401068e-05,2.12086022087055e-05,5.937966009374784e-05,2.540302451079197e-05,6.380747464020744e-06,8.285978446634571e-05,0.0068570343109555214,4.801985175074658e-05,3.437567091075464e-05,8.304286291374008e-05,1.5116322398068161e-05,1.7726166775625698e-05,4.388426910686735e-05,2.8172901071495922e-05,0.3514499247522423,3.3883286814463564e-05,2.198563164836922e-05,6.856022759758629e-05,1.7838931955003208e-05,3.2642283415840665e-05,7.916443417649573e-05,3.065759548070884e-05,0.0141284048277305,5.3365880441871524e-05,1.639203405105591e-05,0.0004406431529833418,4.0043172401047054e-05,0.0001993462456691052,0.00010697969487661284,2.056272446960467e-05,1.7366919170097728e-05,0.00015782033700561106,1.5739926697017686e-05,2.5411485300127e-05,2.0633866767106877e-05,2.356597831003475e-05,0.18655189508481507,1.8465655894358757e-05,1.7231273412559836e-05,3.0644172690515195e-05,1.898824536481716e-05,3.60912289380413e-05,2.0313006539271898e-05,0.2608024409721601,1.4631677359495087e-05,1.0803687865525197e-05,2.7289158022064522e-05,5.5647664320027066e-05,2.585617716124335e-05,8.284427959180114e-05,0.035007669106510104,3.290943763511888e-05,2.1682481872159877e-05,2.577555574668388e-05,4.008677156886265e-05,4.7497326546766464e-05,1.8963297972728212e-05,5.710857719545033e-05,0.0005565144799489931,0.003369223633746898,1.7599914838516108e-05,2.1464154844564047e-05,1.800434089176417e-05,8.709712176140906e-06,2.059269773451715e-05,1.1073352017765373e-05,1.8366108368740546e-05,2.413698669614316e-05,0.004781244683781064,0.11135814044342787,2.074022559666636e-05,2.0078096426271864e-05,1.942486059741968e-05,0.00018035270893123216,1.8713254226421848e-05,3.244006765106286e-05,1.6496618168382025e-05,1.944648249541232e-05,9.200342410571224e-05,1.7219866333181407e-05
BassewitzAdelheidHenriettevon,0.0081675712893438,1.9839941018983572e-05,1.178233862266725e-05,0.0019860923741905337,1.3663386752771433e-05,0.0001574656504449288,1.8316052820461504e-05,1.4611823062933776e-05,0.0021107765817253575,5.608540795267311e-05,3.86350967479298e-05,0.04514905813083312,2.7691874408315465e-05,8.354381015892169e-05,4.83757898439282e-05,0.00022474156998327288,2.9116327991743253e-05,0.010399985508266112,0.00021908688746117135,0.0004915502444466745,1.7462989330402354e-05,1.707968069929576e-05,4.7819541545158256e-05,2.0457526770086614e-05,5.138534271890015e-06,6.672852117131731e-05,0.12264571246372641,3.86712772043797e-05,2.7683365325167977e-05,6.687595764042769e-05,1.2173454778676596e-05,1.4275210858822144e-05,3.534081580159979e-05,2.268815973532127e-05,0.002129970900025493,2.7286839280532614e-05,1.7705436918060692e-05,5.521282282135331e-05,1.4366022749149177e-05,2.6287436227627996e-05,6.37525870479086e-05,2.468913022489283e-05,0.00892170157288383,4.2976533258275085e-05,1.3200809032530157e-05,0.13033788987248732,3.224750938635671e-05,0.00016053722876815192,8.615273235926087e-05,1.6559543377369984e-05,1.398590209938463e-05,0.0001270956443704082,1.2675654886159126e-05,2.0464340400654254e-05,1.6616835588973313e-05,1.897811939424792e-05,1.5162409687598352e-05,1.487073516090839e-05,1.3876664055115484e-05,2.467832060300709e-05,0.0019371773070458373,0.0038728363778063168,1.635844089673493e-05,0.08815641947337005,1.1783161140752252e-05,8.700410206302289e-06,2.1976465067470192e-05,4.4814096133951096e-05,2.0822459003789985e-05,6.671603480828885e-05,0.02632234819182482,2.6502580475129066e-05,1.7461304780979386e-05,2.0757533083418098e-05,3.2282620604800894e-05,3.825047796671701e-05,1.5271495556027474e-05,4.599059636702527e-05,0.017262772495984714,0.4650116416540159,1.4173537832364309e-05,1.728548197650279e-05,1.4499229633642848e-05,7.014092748186578e-06,1.65836814034965e-05,8.91757574936754e-06,1.4790567692291995e-05,1.943796303766109e-05,0.0035832854464833215,0.002184864745787702,1.6702488326977945e-05,1.6169263426027825e-05,1.5643200497960105e-05,0.05640661045537299,1.5070130689746214e-05,2.6124588121902703e-05,1.3285032561858953e-05,1.5660613013419305e-05,7.409206375337868e-05,1.386747772253317e-05
BayreutherPostamtANDOsmundEmanuel,0.000964438825289967,3.986099401615842e-05,2.367223415055053e-05,0.00012899942698773315,2.745150185031057e-05,0.00031636875049829977,3.6799306569383206e-05,2.935703241856755e-05,0.00037950604118076577,0.00011268280024906245,7.762287996770612e-05,0.4824023327843052,5.563653838637387e-05,0.014539677420770978,9.719318558712876e-05,0.0004515347282390378,5.849844889865719e-05,0.0015883305288982544,0.0004401737435485544,0.000987587681524968,3.508539226691049e-05,3.4315275912418204e-05,9.607561119073556e-05,4.110180324566309e-05,1.032397645071862e-05,0.00013406618399580542,0.03265234386078651,7.769557115951318e-05,5.561944254359387e-05,0.00013436240283069758,2.4458036827050133e-05,2.8680735193640253e-05,7.100424572058009e-05,4.558343185506202e-05,0.0009547876644116072,5.482277070483498e-05,3.557250066262769e-05,0.00011092966445773896,2.886318796471746e-05,5.281484139327889e-05,0.1366604451488282,4.960363900361168e-05,0.0013018567555880167,8.634538446481228e-05,2.652212369737641e-05,0.0007129555840004692,6.478939516280026e-05,0.00032253994652378236,0.00017309192329565353,3.327025311436523e-05,2.8099476674891304e-05,0.0002553515010393002,2.546702145357302e-05,4.111549270608159e-05,3.338536053840986e-05,3.812948349434216e-05,3.0463231783279964e-05,2.9877220133752886e-05,2.7880003389926253e-05,4.958192108253055e-05,3.072276392260022e-05,5.839519581911814e-05,3.286621235791549e-05,0.08423742973485157,2.367388669520443e-05,1.7480243456354108e-05,4.4153545704221166e-05,9.003728469382761e-05,4.183499905355558e-05,0.00013404109728604733,0.1788025392407164,5.324709386590697e-05,0.007220995586703833,4.170455452647958e-05,6.485993811789093e-05,7.685013135309302e-05,3.0682399327404214e-05,9.240102502479464e-05,0.029644088382018905,0.012637278900632196,2.847646100273603e-05,3.4728757155705046e-05,2.9130817733406427e-05,1.4092214729707348e-05,3.331874951433287e-05,1.7916556971820562e-05,2.9716153375351185e-05,3.905336853517581e-05,0.0005500856592345684,0.0005283586946000228,3.3557447908720256e-05,3.248613048062398e-05,3.142920237747256e-05,0.00029180862122007,3.0277831404434002e-05,5.248765859764218e-05,2.6691339603582105e-05,3.14641863612385e-05,0.0073347740673137,2.786154686590011e-05
BergnerCaroline,0.03515222048911472,6.221433617080044e-05,3.694720539982634e-05,0.0002013400296340357,4.284581974589625e-05,0.0004937827639084607,5.743570842292295e-05,4.581993823649932e-05,0.0005923263332394255,0.0001758733265036113,0.00012115242151008398,0.0014766920809084186,8.683652748715612e-05,0.0002619777289278941,0.00015169740923112542,0.0007047474371579121,9.13033469204539e-05,0.002479038265708173,0.000687015412701158,0.057619645073318924,5.476066121916391e-05,5.35586772006622e-05,0.00014995311883121966,6.415096932392607e-05,1.6113480292640647e-05,0.0002092481345766316,0.09582579071014916,0.00012126587663972544,8.680984459737655e-05,0.00020971046770777816,3.817367235295458e-05,4.4764385460119735e-05,0.00011082217395340359,7.114581618561741e-05,0.001490215740765461,8.556641324756468e-05,5.5520931408875804e-05,0.00017313706309206046,4.504915452610164e-05,8.243247260509812e-05,0.000199916162984642,7.742048457232984e-05,0.0020319150547411817,0.00013476635263318394,0.022472689520543057,0.0011127684964372432,0.00010112214485487524,0.0005034146577832004,0.00027015881992307697,5.192762405537779e-05,4.385716741952273e-05,0.00039854811751401917,3.974847775595626e-05,6.417233559221654e-05,5.2107281691922556e-05,5.951182509834985e-05,4.754647468765371e-05,4.6631838044400315e-05,4.351461738863813e-05,7.738658762428774e-05,4.795154787163533e-05,9.114219133566068e-05,5.129700437142614e-05,0.04175111705119248,3.694978466236537e-05,2.7282855573049715e-05,6.89140751096592e-05,0.00014052860537238824,6.52953284047045e-05,0.0002092089796826599,0.3015031427923883,8.310712463790598e-05,5.475537878793105e-05,6.509173288834939e-05,0.0001012322470545523,0.00011994632910642812,4.788854752362833e-05,0.00014421788957618027,0.001405381603925221,0.4010560443245403,4.444555790707925e-05,5.420403142990547e-05,4.546686634713098e-05,2.1994880113368882e-05,5.200331638079841e-05,2.796384600986848e-05,4.638044788967706e-05,6.095380856946695e-05,0.0008585639914670157,0.02325594718622704,5.237587262327013e-05,5.070377928334487e-05,4.905414454791471e-05,0.0004554497474589785,4.7257105047472604e-05,8.192181147033581e-05,4.165937192316646e-05,4.910874693253477e-05,0.0002323388238669892,4.348581077157681e-05
BornträgerJohannFriedrichWilhelm,0.3768371244907577,0.0001381210879782211,8.20259207390521e-05,0.0004469918938019988,9.512134345330264e-05,0.0010962394967727607,0.0001275121302330522,0.00010172413803380704,0.0013150145548539605,0.0003904536590463337,0.00026896862202674437,0.003278381308512962,0.00019278443508340327,0.0005816127145718392,0.0003367810780614636,0.02646428408518117,0.00020270115199951035,0.055303044954193414,0.001525232319438082,0.07812111480950007,0.00012157329920282241,0.00011890479302585207,0.0003329086058530721,0.00014242057736584473,3.577328902176272e-05,0.0004645485555900248,0.013543878316832408,0.0002692205020098365,0.00019272519681142936,0.0004655749742422632,8.47487811014988e-05,9.938072159853844e-05,0.00024603459878657166,0.00015794972897690532,0.0033084049771377314,0.00018996467405360803,0.00012326116332263121,0.0003843789228575421,0.00010001293300891148,0.00018300706077926108,0.00044383078941907567,0.00017188002346555777,0.10410976395469096,0.00029919270049671065,9.190098418242192e-05,0.0024704401727256077,0.00022449971382322543,0.001117623115776868,0.0005997754284839719,0.00011528371709958165,9.736662082188271e-05,0.0008848105274575658,8.82449822828378e-05,0.00014246801228846788,0.00011568257224697136,0.00013212128483678284,0.00010555719497445838,0.00010352662427248891,9.660613078269204e-05,0.00017180476937412358,0.0001064564917013212,0.00020234337297179083,0.00011388368806754694,0.19228975157547665,8.20316469200258e-05,6.057024677651265e-05,0.00015299507504230777,0.0003119853889111524,0.00014496115130753148,0.0004644616284139444,0.07177003202736744,0.00018450484534972275,0.00012156157175873221,0.0001445091520424545,0.00022474415001822782,0.00026629099488727166,0.0001063166256005909,0.00032017591185894487,0.02801975119043068,0.018889356068173255,9.867289746645272e-05,0.00012033753399458496,0.00010094028857891294,4.8830494033863486e-05,0.00011545176046357405,6.208210313993899e-05,0.00010296851686807873,0.00013532261009613334,0.001906084672747906,0.0018307992447786168,0.00011627886683021599,0.00011256667820093335,0.00010890434957303076,0.0010111369583006963,0.00010491476990027684,0.00018187334987173126,9.248732894489516e-05,0.00010902557148479756,0.0005158118386731306,9.654217765654189e-05
BrockhausFriedrichArnold,0.25928930247976745,0.00011760670516981749,6.984305161396953e-05,0.004339994649728021,8.099348157924637e-05,0.002653294567791052,0.00010857343889630062,8.661559857016301e-05,0.004936433550870895,0.00033246167572311097,0.00022902015828038674,0.0074670658907528675,0.0001641511991402694,0.0004952289041949417,0.004553260761144292,0.01628538799978983,0.00017259503939432994,0.02403551346254245,0.0012986977610248457,0.012857205636716733,0.00010351667051828341,0.016203926119763578,0.00048769582120222516,0.0023579235272108133,0.012467311044056123,0.0003955516555368817,0.07209564337620829,0.0024658905405861515,0.0007232647373861134,0.00039642562574361524,7.216150016192293e-05,0.015029824118374488,0.002459797646432321,0.0001344903046982119,0.022536047425733848,0.00016175024206025593,0.00010495384525250186,0.0003272891874492547,8.515854963003493e-05,0.00015582600568897308,0.00037791098781908745,0.00014635160742060293,0.02438400514165061,0.00025475521682703843,7.825142496171467e-05,0.005633706843011254,0.00019115597799576885,0.0015531742364482334,0.0005106940078327345,9.816124623887262e-05,8.290527996844454e-05,0.012186683017255603,0.0013949357824966924,0.00012130800417660872,9.850086157503274e-05,0.006192381678991176,8.987935216577171e-05,8.81503712160224e-05,8.225774142720611e-05,0.012137765356783192,9.064508118343637e-05,0.0009271828125134844,9.696915599393008e-05,0.13302654685421056,6.984792731606095e-05,0.006497861408067533,0.00013027153888168022,0.0002656478759908861,0.00012343085065757918,0.00039547763918703846,0.08747150246882492,0.001145845315165175,0.00010350668488842989,0.0001230459844138868,0.00039559645061785733,0.00022674022470792367,9.052598864287928e-05,0.0015924192577117147,0.04386728875659379,0.11642056469083777,8.401754236412149e-05,0.00010246444687429347,8.594817006168073e-05,4.1577963214731125e-05,0.0006820100417923343,5.286138204654363e-05,8.767515650460981e-05,0.00011522387016597766,0.03085029043479743,0.01329068972944376,0.001217336548080224,0.0008164687159910607,9.272937188248702e-05,0.003975178511208843,0.00044964282376841426,0.00015486067876893984,7.87506830881706e-05,0.00019932450525882357,0.0004392010787194036,8.220328691514046e-05
CarlAugust,0.007820712107961566,0.00032323601078982473,0.00019196005323411755,0.0010460667427607383,0.00022260643938500167,0.0025654596774023755,0.000298408540702658,0.00023805854023004752,0.003077445052478697,0.0009137539024332607,0.0006294501852263846,0.007672187582092805,0.00045116117061396886,0.0013611113004879155,0.0007881473696416947,0.0036615314768590475,0.0004743686334497659,0.012879900179324309,0.1783828601821096,0.008008428047526838,0.00028451027158919013,0.0002782653360472118,0.0007790848688544702,0.00033329783276380017,8.371795650820024e-05,0.0010871534834041546,0.031695878318349295,0.0006300396439551296,0.00045102253904800597,0.001089555545793079,0.00019833219042459337,0.00023257439156568882,0.058846931095431286,0.00036963972009747856,0.06601360201548108,0.0004445622629453923,0.00028846027280065087,0.0008995375831078932,0.00023405391578068053,0.0004282798024439745,0.00103866901091991,0.00040223990364330687,0.2436414690730704,0.0007001816766838728,0.0002150700370928792,0.005781414250463071,0.0005253824233640478,0.002615502402986951,0.11794592024315878,0.00026979116201406717,0.0002278609194239291,0.002070665887350388,0.00020651412802236905,0.00033340884170085137,0.0002707245773861323,0.00030919505251654093,0.00024702879996925365,0.00024227678430720792,0.00022608119288027378,0.00040206379127214864,0.0002491333669891233,0.0004735313459120182,0.00026651476297950285,0.04210543057678617,0.0001919734538518081,0.0001417487020061869,0.00035804465814056767,0.000730119592978113,0.00033924337661990473,0.0010869500532543002,0.05141654428756992,0.0004317849725571358,0.0002844828265965393,0.0003381855914441432,0.0005259544618682455,0.0006231839044750908,0.0002488060472358072,0.0007492873536921352,0.007301692363044133,0.04420556043424479,0.00023091791569987291,0.0002816182887498534,0.00023622414712926547,0.0001142749041977656,0.00027018442322719334,0.0001452868034427916,0.0002409706809913821,0.0003166869107202377,0.0627318408617316,0.0042845032073058655,0.00027212004773150044,0.0002634326484256256,0.0002548619333146118,0.002366299611068875,0.0002455253733654716,0.0004256266508036064,0.00021644222250456115,0.0002551456212564994,0.001207121689319137,0.0002259315274404998
CarolineFriederikeWilhelmine,0.0028458257562067628,0.00011762015429551101,6.985103864139807e-05,0.0003806461148504987,8.100274373409152e-05,0.0009335276795356313,0.06372026575165332,8.662550365227976e-05,0.001119830556700757,0.0003324996949742975,0.0002290463482913271,0.0027917801763016506,0.00016416997094504686,0.02169917883586669,0.000286793587751379,0.0013323697944845096,0.00017261477680960346,0.004686779306244905,0.0012988462759364796,0.0029141324331807927,0.0001035285083527943,0.00010125608121753116,0.00028349589595555485,0.00012128148228363071,3.0463557998189995e-05,0.0003955968895558596,0.011533597662050294,0.00022926084242041992,0.00016411952524706002,0.0003964709597070237,7.216975231969324e-05,8.462991408134915e-05,0.00020951635912304533,0.00013450568457820965,0.0028173475142646955,0.00016176873929928053,0.000104965847437707,0.00032732661519126784,8.516828808870695e-05,0.00015584382545132252,0.00037795420450787033,0.00014636834372114637,0.025045357774174645,0.0002547843498167539,7.826037354375754e-05,0.0021037595239593856,0.00019117783798046456,0.0009517373867097892,0.04291853900692638,9.817247164423524e-05,8.291476075042324e-05,0.0007534805313600001,7.514702196342848e-05,0.00012132187657098828,9.851212581771624e-05,0.00011251088545345024,8.98896304802843e-05,8.816045180981761e-05,8.226714815875361e-05,0.00014630425938778768,9.065544706426407e-05,0.00017231010194018232,9.698024507567478e-05,0.4606032181357031,6.985591490105914e-05,5.1579971428359664e-05,0.00013028643631714674,0.0002656782546301759,0.0001234449658138753,0.0003955228647417439,0.01870961672144335,0.00015711929797226673,0.00010351852158101618,0.00012306005555811332,0.0001913859931824864,0.00022676615399297133,9.053634090466592e-05,0.04268043967851992,0.0026569631900266004,0.016085660834294285,8.402715034086123e-05,0.00010247616437988241,8.595799881881336e-05,4.1582717937283255e-05,9.831557279330992e-05,5.286742710469272e-05,8.768518275437443e-05,0.0001152370467983007,0.0016231697606108356,0.2560057783284997,9.901991403393614e-05,9.585871536585792e-05,9.273997611611576e-05,0.0008610566770801463,8.934255879518109e-05,0.00015487838813959802,7.875968876377191e-05,9.284320539250444e-05,0.00043925130434645335,8.221268741944456e-05
CottaJohannHeinrich,0.001452109089429483,6.001677888398467e-05,3.564214284590047e-05,0.00019422822427722406,4.1332404202351795e-05,0.00047634119050724255,5.540694355397528e-05,4.420146980381151e-05,0.015460964297387088,0.00016966106524676073,0.00011687303185343091,0.01829805092630694,8.376925625215833e-05,0.0002527240568223458,0.020394562015156555,0.0006798540932566075,0.06083274704713558,0.07326025298775792,0.0006627484057818628,0.0014869632073551424,5.2826385335183614e-05,5.1666858230973196e-05,0.0001446564205258063,6.188500558034355e-05,1.5544314113066845e-05,0.00020185699627646436,0.016704609579769283,0.00011698247947994339,8.374351586506349e-05,0.00020230299870951427,3.682528808966439e-05,4.318320164442091e-05,0.00010690767303767465,6.863277793096286e-05,0.0014375778013192195,0.022416884499173124,5.35598009862444e-05,0.0001670214531212124,4.34579119944456e-05,7.952076298970893e-05,0.00019285465196067084,7.468581021120434e-05,0.15948695390572062,0.00013000608677687743,3.993308427867791e-05,0.0010734628850879347,9.755027187572469e-05,0.000485632863142425,0.0002606161723620772,5.009341773488211e-05,4.2308028687618906e-05,0.00038447045674166644,3.8344467646571984e-05,6.19056171415767e-05,0.06705328821061728,5.740972688520577e-05,4.586702090990378e-05,4.4984691393011936e-05,4.1977578332834735e-05,7.465311058342242e-05,4.6257785952354984e-05,8.792283388473216e-05,4.948507302751902e-05,0.2078251325311485,3.5644631002795106e-05,2.631916067955928e-05,6.647986722057015e-05,0.007580344967715785,6.298894319572542e-05,0.00020181922442582086,0.19198508000440034,8.017158471937427e-05,5.282128949189754e-05,6.279253915384495e-05,9.765648500567785e-05,0.00011570954148193289,4.61970109254292e-05,0.006888531412008869,0.0047304440259951135,0.04404101398490752,4.287563583353738e-05,5.2289417024689236e-05,4.3860869247434994e-05,2.1217969001867563e-05,5.016643642860427e-05,2.6976096925836258e-05,4.474218093226837e-05,5.880077609455206e-05,0.06783125896477271,0.0007955242393700955,5.0525833104715844e-05,4.891280205058434e-05,4.732143630999609e-05,0.0004393621867308672,4.558787248882589e-05,7.902813961226851e-05,4.0187864518786406e-05,4.737411000943545e-05,0.0002241320678871875,4.194978923352138e-05
CottavonCottendorfJohannFriedrichFreiherr,0.039576569849212345,4.889519838700378e-05,2.903737384435462e-05,0.0001582362088566626,3.3673185080332714e-05,0.0003880714267384363,4.5139601749137975e-05,3.601059029229645e-05,0.00046551832513453946,0.00013822153734419128,9.521554113409816e-05,0.001160554892915859,6.824615514769028e-05,0.00020589230420685656,0.00011922131418050212,0.0005538717902247971,7.175669686190894e-05,0.012917899227611076,0.02247910619462689,0.0012114172464728259,4.303724123590653e-05,4.2092583610993506e-05,0.0001178504496756749,5.0417228003537236e-05,1.2663830623391242e-05,0.00016445130948832296,0.011454077716289264,9.53047072558199e-05,6.822518465648823e-05,0.0001648146641676405,3.000127298206582e-05,3.518101522028506e-05,8.709684157449712e-05,5.5914585140807925e-05,0.0669886941649675,6.724795293994688e-05,0.13656363310701347,0.00013607106607693261,3.540481958488426e-05,6.478494105429704e-05,0.00015711717027835781,6.084594299920712e-05,0.023536083394023914,0.00010591493783365494,3.2533170128727575e-05,0.0063593343499495315,7.947344034057297e-05,0.0003956412794578327,0.00021232194875266363,4.0810713996577245e-05,3.446801868595767e-05,0.00031322506148929866,3.1238936635492894e-05,5.043402008059137e-05,4.0951909681065144e-05,4.677125359929801e-05,3.7367501697247016e-05,3.6648674769621816e-05,3.4198803377261065e-05,6.0819302869274976e-05,3.768585490827641e-05,7.163004222288804e-05,4.0315100341407556e-05,0.25533159364753977,2.9039400926234782e-05,2.1442013495827274e-05,5.4160625693939866e-05,0.00011044358039709814,5.131659730849965e-05,0.23658540467285122,0.09435132473954619,6.531516040592324e-05,4.303308969240396e-05,5.115658847813042e-05,7.95599713433514e-05,9.426765466645327e-05,3.763634197116501e-05,0.00011334304528177071,0.01109377907085814,0.02764573093154694,3.4930443769769866e-05,4.2599777370677964e-05,3.57331056940819e-05,1.7286112700601032e-05,4.0870201752866306e-05,2.1977214296113765e-05,3.64511034019231e-05,4.790453046489836e-05,0.006159551141345227,0.039041655328664465,4.11629994022049e-05,3.984887567109604e-05,3.855240250077221e-05,0.000357944922793685,3.7140081671017246e-05,6.43836046577439e-05,3.2740737589308466e-05,3.859531535000798e-05,0.00018259863538191002,3.4176163816305145e-05
DalbergKarlTheodorReichsfreiherrvon,0.0030743582977718533,0.00012706557896418778,7.546038958527231e-05,0.00041121370103315086,8.75076264940157e-05,0.0010084941291716777,0.00011730578501940617,9.358191919206979e-05,0.0012097579609653768,0.0003592009082149062,0.0002474397949024051,0.0030159726159792177,0.00017735355417283625,0.0005350591817062481,0.0003098243960749197,0.013023857027144039,0.00018647651573369355,0.0050631486550269875,0.0014031494434423365,0.11899307007270661,0.00011184231080071472,0.0001093873975987588,0.0003062618848727231,0.00013102092797197235,3.290991801136294e-05,0.00042736508984298784,0.012459797160156891,0.00024767151386979495,0.00017729905745958715,0.00042830935173822344,7.796530634676988e-05,9.142607484954226e-05,0.00022634146021907137,0.00014530709288107876,0.1288990659809158,0.00017475949288186176,0.00011339507464536524,0.035107088336829566,9.200768269858756e-05,0.0001683587819415221,0.00040830561824534584,0.0001581223766313875,0.004149951260878588,0.00027524467311224705,8.454503170695704e-05,0.0022727008267793575,0.00020653027377499816,0.0010281661573092993,0.09112911874259426,0.00010605616037944737,8.957318703187364e-05,0.0008139883893959171,8.11816640643703e-05,0.00013106456610134464,0.00010642309030280497,0.00012154601297323488,9.710817000934801e-05,9.52401305546186e-05,8.887356825141993e-05,0.00015805314603932168,9.793548509158542e-05,0.00018614737410902287,0.00010476819268294177,0.23403395663642934,7.546565743040245e-05,5.5722073923099094e-05,0.00014074902010607936,0.00028701340722579386,0.00013335814890997027,0.0004272851205050825,0.10051655705093948,0.00016973668061286295,0.00011183152204647803,0.00013294232863843105,0.00020675514477111047,0.0002449764907994069,9.78068141744438e-05,0.03426105482922321,0.0028703292224821556,0.18878388269092972,9.077490648369156e-05,0.00011070545889817791,9.286081073379739e-05,4.4921996245052266e-05,0.00010621075319108345,5.711291805082382e-05,9.4726695267483e-05,0.00012449109727199302,0.0017535175550866407,0.0016842581347293905,0.0001069716561848312,0.00010355659911926239,0.0001001874111533021,0.0009302033809553007,9.65171660201175e-05,0.00016731581569392055,8.508444417327086e-05,0.0001002989302024731,0.0004745251494682565,8.881473407106565e-05
DegenGeorgChristoph,0.0027867361012634305,0.00011517793367938752,6.840067796427245e-05,0.0003727425221821913,0.020842944471997558,0.0009141442621413994,0.16621532032916536,8.482684429692682e-05,0.0010965788164822526,0.00032559579644785263,0.00022429051611957642,0.002733812703438805,0.0001607612074555597,0.0004850016145007972,0.000280838713633303,0.001304704969524197,0.00016903066854944237,0.0045894647846521615,0.16738086663068294,0.002853624484104757,0.00010137888136947587,9.915363805599583e-05,0.06256848041011302,0.00011876323923114392,2.9831024145218403e-05,0.00038738286462846233,0.05282136565849088,0.0002245005565733,0.00016071180919306004,0.00038823878591597385,7.067124674442546e-05,8.287269039678442e-05,0.00020516604029605358,0.00013171285916635552,0.023522472809567013,0.0001584098340799555,0.00010278637608658821,0.0003205301285464912,8.339988580887657e-05,0.00015260794291322848,0.0003701065056527866,0.00014332920651949355,0.04528894903020196,0.00024949410346811565,7.663540460166713e-05,0.002060077852977461,0.00018720829330456864,0.20856821225728994,0.0005001473383654915,9.613405539132867e-05,8.119314986410461e-05,0.0007378355451877171,7.358669748180709e-05,0.041646050072282864,9.646665711338418e-05,0.0001101747517726325,8.802319602396555e-05,8.632992136861658e-05,8.055898405655213e-05,0.00014326645280911393,8.877311148061926e-05,0.00016873231983434206,9.496658376652992e-05,0.13958507168631604,6.840545297511314e-05,5.050898431432383e-05,0.0001275812177882238,0.00026016181134203546,0.00012088180100361787,0.0003873103768377268,0.018321137281414074,0.0001538569320027863,0.00010136910195926834,0.00012050488287954128,0.00018741212645031729,0.0002220576669174549,8.865647839649204e-05,0.00026699181480268805,0.0026017950063268805,0.01575166422675045,8.228244221574709e-05,0.00010034838787075606,8.417319928259959e-05,4.071931003215729e-05,9.627418524200169e-05,5.176970774554193e-05,8.586452062096775e-05,0.00011284430812934004,0.0015894668745997154,0.0015266870329651175,9.696390180619432e-05,9.386834107750736e-05,9.081435815577425e-05,0.000843178020305623,8.748748352943524e-05,0.00015166255157849146,7.7124352228376e-05,9.091544401831949e-05,0.00043013085558017445,8.050565411953717e-05
DieskauJohannaSidonieDorotheavon,0.0012294888423001926,5.081571386461618e-05,3.017790967889421e-05,0.009325219689748645,3.499580724489427e-05,0.0004033141746166899,4.6912604143490085e-05,3.7425021530859474e-05,0.0004838030479299524,0.0001436506308046129,9.895543638945475e-05,0.019527675896640243,7.092674141326342e-05,0.00021397938371558084,0.0001239041130380235,0.0005756268782667825,7.457517089395759e-05,0.03866791335363631,0.0005611436331420408,0.0012589995377498364,4.4727666689405986e-05,4.374590461150904e-05,0.0001224794034403021,5.23975260678323e-05,1.3161243120331826e-05,0.00017091066123665118,0.032465192258684585,9.904810479611438e-05,7.090494723887251e-05,0.09177897075904974,0.2015680811057152,3.6562862241620266e-05,9.051784890881724e-05,5.811080950904242e-05,0.01037795356709969,6.988933161759728e-05,4.534864369885497e-05,0.00014141569289258796,3.679545723925398e-05,6.732957705364816e-05,0.00016328845022552034,6.323586223739063e-05,0.0016596369964547574,0.00011007508615353486,3.381101455577107e-05,0.0009088922102660537,8.259501418152796e-05,0.0004111813575400826,0.00022066157313845405,4.241368546347842e-05,3.582186048541359e-05,0.0003255279787165693,3.246594589799265e-05,5.2414977707480464e-05,4.256042706057893e-05,4.8608344344565583e-05,3.88352299760292e-05,3.808816881915919e-05,3.554207088344856e-05,6.320817573105449e-05,3.916608752877923e-05,7.444354148844477e-05,4.189860499506185e-05,0.1257093533751194,3.0180016380905878e-05,2.2284217232561785e-05,5.628795768877293e-05,0.00011478160565423533,5.333222098200072e-05,0.0001708786801208678,0.2737454391957557,6.788062246805598e-05,4.4723352080739236e-05,5.316592729247525e-05,0.027564989685331092,9.797031864568904e-05,3.911462981252384e-05,0.00011779495630625327,0.010308662347600212,0.13520028161169995,3.630244879506379e-05,4.427302003012436e-05,3.7136637836552664e-05,0.009178733327248062,4.247550979187375e-05,2.284043975797649e-05,3.78828372033765e-05,4.9786134287781017e-05,0.0007012618764439567,0.0006735638411774969,4.277980800641944e-05,4.141406785798639e-05,4.0066671552629775e-05,0.0003720043557653439,3.859887730007714e-05,6.691247688505323e-05,3.4026734892991075e-05,4.011126994142494e-05,0.0001897707814619037,3.551854208124489e-05
DoerfferWilhelmine,0.0006266889029696622,2.590153149812898e-05,1.53821331759318e-05,8.382336677326477e-05,1.7837887824837813e-05,0.009544337223902456,2.391205793387397e-05,1.907609478009709e-05,0.00024660166967710705,7.32208810137884e-05,5.043907007547302e-05,0.005284168313321232,3.6152423867737935e-05,0.00010906850117318935,6.31557847470641e-05,0.0002934056531867112,3.801208309371419e-05,0.001032091502962044,0.05631859496674526,0.005311111917114339,2.279836254352332e-05,2.2297943687811373e-05,6.242958889710745e-05,2.670780490235357e-05,6.708483012637159e-06,8.711572737482806e-05,0.1239437577234142,5.048630455220142e-05,3.614131505017875e-05,8.730820931542363e-05,1.5892744947640693e-05,1.863663925958371e-05,4.6138305188449956e-05,2.961995116097941e-05,0.0006204176131121388,3.562364053566663e-05,2.311488383874133e-05,7.208169964011127e-05,1.8755196418370608e-05,3.431889524285722e-05,8.323057210344528e-05,3.223226740289127e-05,0.0008459418685656942,5.610692233431994e-05,1.7233981221501758e-05,0.014471418901472891,4.209991750014383e-05,0.00020958530489490601,0.00011247451334245915,2.1618891607247115e-05,1.8258939550795e-05,0.00016592649306695258,1.6548379553100265e-05,2.671670026482443e-05,2.169368800014068e-05,2.477640214731587e-05,1.9794899175107765e-05,1.94141108989212e-05,1.8116326594349008e-05,3.221815517536557e-05,1.9963542231993286e-05,3.794498961152768e-05,2.135634736724476e-05,0.15279418125343325,1.538320699354376e-05,1.1358599745309461e-05,2.8690816248796105e-05,5.8505905912878624e-05,2.718423291879304e-05,8.709942612045591e-05,0.06482206051017657,3.4599771355238714e-05,2.2796163322774748e-05,2.70994705311454e-05,4.214575606032904e-05,4.9936940786539e-05,1.9937313462247728e-05,6.004185593487561e-05,0.009923860779430384,0.5498598512076585,1.850390262015581e-05,2.256662232243193e-05,1.8929101285889067e-05,9.157070783331401e-06,2.165040439468032e-05,1.1642114708818212e-05,1.9309450294763856e-05,2.5376739346034562e-05,0.00035744369604926286,0.00034332559205485947,2.180550975854234e-05,2.1109371521320213e-05,2.0422583416037718e-05,0.0001896161995080537,1.967442667132381e-05,3.4106293031196505e-05,1.734393711278722e-05,2.0445315883699625e-05,9.6729013520416e-05,1.8104333610977464e-05
DoeringHeinrich,0.001440647908087187,5.954307949639937e-05,3.536082716131552e-05,0.00019269522312983232,4.100617652199043e-05,0.000472581533051098,5.496962859443326e-05,4.385259721241651e-05,0.0005668940009431282,0.00016832196734449214,0.00011595057842217914,0.001413288309045733,8.31080837246918e-05,0.00025072936078615496,0.00014518407578036711,0.0006744881527044567,8.738311422381556e-05,0.002372597404630937,0.3548824263997393,0.012209315079220582,5.240943816062771e-05,5.125906295176003e-05,0.00014351467884810278,6.139656068561186e-05,1.542162622123534e-05,0.00020026378289024097,0.0058386755788940176,0.00011605916220237041,8.308254650087609e-05,0.00020070626512305143,3.653463409689601e-05,4.2842366022228024e-05,0.00010606387401700392,6.809107433608947e-05,0.19463981799756785,8.189250355792956e-05,5.313706512140536e-05,0.00016570318910357713,4.311490814318429e-05,7.88931228959052e-05,0.00019133249212094762,7.409633134852246e-05,0.001944672033504207,0.00012897997699835007,3.961790112625034e-05,0.0010649902759156788,9.678032878804854e-05,0.0004817998685342579,0.00025855918557374284,4.969804127942557e-05,4.19741006153042e-05,0.00038143591501367356,0.01077212997228279,6.141700956427334e-05,4.986998507234095e-05,5.6956604392252075e-05,4.5505002485733033e-05,4.462963700389225e-05,4.1646258433327676e-05,7.406388981179346e-05,4.589268330465973e-05,8.722887807203396e-05,4.909449810457849e-05,0.2975765919485658,3.536329567972874e-05,2.611142926631955e-05,6.595515608187323e-05,0.0001344948196221924,6.249178516140072e-05,0.00020022630916460268,0.02020549381485789,7.953880783115232e-05,5.2404382537724826e-05,6.229693129392295e-05,9.688570360085856e-05,0.00011479627122723088,4.5832387961808476e-05,0.00013802569941858092,0.05501548038976086,0.029611251671334143,4.253722776142243e-05,5.187670802426672e-05,4.351468494218208e-05,2.1050500185498428e-05,4.977048365247305e-05,2.676318045762805e-05,4.438904062549154e-05,5.8336674352614634e-05,0.0008217003852025306,0.0007892453395023211,5.012704368875589e-05,4.8526743938048306e-05,4.69479385012744e-05,0.00043589439651198734,4.522805732245354e-05,7.84043876876825e-05,3.9870670441315e-05,4.700019645865578e-05,0.00022236304220352618,4.161868866733364e-05
DönhoffStanislausOttovon,0.0015109385535820841,6.24482456157969e-05,3.708611711762588e-05,0.00020209701488029756,4.300690869313933e-05,0.0004956392564689142,5.765165149178898e-05,4.599220908245431e-05,0.0005945533235505406,0.0001765345636834022,0.00012160792256369326,0.001482244052468923,8.7163009857621e-05,0.00026296269588159957,0.00015226775135778955,0.0007073971010783906,9.164662335027633e-05,0.03761988754918856,0.10608418467521773,0.22127116953800652,5.496654681823627e-05,5.37600436578138e-05,0.00015051690288743794,6.439215999723568e-05,1.617406271566716e-05,0.00021003485220536265,0.11598553278114765,0.00012172180425460726,8.713622664723489e-05,0.00021049892358677053,3.831719526203204e-05,4.493268770688547e-05,0.00011123883600910048,7.141330563261737e-05,0.0014958185577093,8.588812032450156e-05,5.572967542272952e-05,0.0001737880126453113,4.5218527429218884e-05,8.274239689431355e-05,0.00020066779486899064,7.771156511247987e-05,0.0020395545177972476,0.00013527303846620618,0.016967587873523735,0.022195869464860702,0.00010150233736733603,0.0005053073637164741,0.00027117454561458997,5.212285818420355e-05,4.4022058766463314e-05,0.0004000465529986663,3.989792151672911e-05,6.441360659704241e-05,5.2303191285932695e-05,5.973557381667203e-05,4.772523685390419e-05,4.680716141884227e-05,4.3678220838085324e-05,7.767754072088068e-05,4.813183300589415e-05,9.148486186311852e-05,5.148986753707272e-05,0.17739501497662188,3.7088706077509714e-05,2.7385431892235872e-05,6.917317380062798e-05,0.0001410569557512871,6.554082156541391e-05,0.00020999555009934814,0.08458534966334733,8.341958544028338e-05,5.496124452645946e-05,6.533646058377916e-05,0.00010161285352215598,0.00012039729557167536,4.8068595793245585e-05,0.00014476011068767324,0.008436971218045488,0.17445555461135284,4.461266144659242e-05,5.440782424822845e-05,4.563780973618826e-05,2.2077575043777805e-05,5.219883509274309e-05,2.8068982672938826e-05,4.6554826103643346e-05,6.118297876415911e-05,0.017787828940503857,0.0008277534052524846,5.257279204812553e-05,5.089441207959991e-05,4.9238575153980796e-05,0.0004571621180187067,4.743477926042968e-05,8.22298158087816e-05,4.1816000140474716e-05,4.9293382829121774e-05,0.00023321235637873474,4.364930591576474e-05
EhrenbergCarolineAugusteEleonorevon,0.0035103414046259137,4.322892964709238e-05,2.5672348869895775e-05,0.00013989884827025144,2.9770934505874364e-05,0.006771780677946547,3.990855406427626e-05,3.183746718797889e-05,0.00041157127060603477,0.00012220359689047063,8.418139336335734e-05,0.0010260628338258965,6.0337381519822464e-05,0.00018203226956947324,0.00010540523350269693,0.0004896858064390415,6.344110061276879e-05,0.07186389604240419,0.00047736490928059345,0.014060564613043336,3.804982769200606e-05,3.7214642656356245e-05,0.00010419323299569782,4.4574577346343846e-05,1.1196270004843324e-05,0.0001453937057781219,0.0943405243361207,8.426022638029909e-05,6.0318841214869336e-05,0.00014571495273870967,0.003193027987552474,3.110402824902382e-05,7.700353738433021e-05,4.943486777918073e-05,0.0010354595963168816,0.011805602935949894,3.8578092856703936e-05,0.00012030233512679752,3.130189682203574e-05,5.72772736672569e-05,0.003401087343453722,5.3794750323026537e-05,0.012210688781128584,9.364087982521021e-05,2.8763031321813035e-05,0.003939698078541434,7.02635815914428e-05,0.00034979199592969105,0.00018771680835642261,3.6081323778298994e-05,3.0473658027860104e-05,0.0012761215603587222,2.7618781365342388e-05,4.4589423456832184e-05,3.620615686033067e-05,4.1351120315482326e-05,3.303713156397079e-05,3.24016066104407e-05,0.006363242524915204,5.3771197411071645e-05,0.029858944675407163,6.332912347267465e-05,0.033009074743610554,0.08786951932615063,2.5674141041374315e-05,1.895718441648647e-05,0.01904690481940484,9.764471613695627e-05,4.536972234408474e-05,0.00014536649944175284,0.3163802542528492,5.7746048021490185e-05,3.8046157254255124e-05,4.5228256296310544e-05,7.034008486282324e-05,8.334335366262995e-05,3.327481701511716e-05,0.00010020817364707122,0.0029342048998459375,0.16231862855947288,0.0031973859364764884,0.004697917135279625,3.1592139168662446e-05,1.528289432208566e-05,0.07105153056564403,1.943036293924305e-05,3.2226930997368675e-05,4.235306626334325e-05,0.005161143168604249,0.0005730007843767059,3.63927842389978e-05,3.523094904466961e-05,3.408471895831887e-05,0.02318582914129147,3.283606633387574e-05,5.692244653854595e-05,2.8946544620592528e-05,3.4122658809301515e-05,0.00016143801074499265,3.0215625050316767e-05
EndeHenrietteFreifrauvon,0.008392384928667352,0.002196000934351847,1.4156732722973007e-05,0.0004549527935979396,1.6416852421595688e-05,0.00034008011618481436,0.0036511101450431836,0.030234483479823555,0.0057126372300683155,0.002354592707475365,0.0024619120641586585,0.00495714061021333,3.327238141352217e-05,0.000929790814703832,5.81245497193299e-05,0.0058945279830102185,0.0002566295184656869,0.040529718991986645,0.007624438092842252,0.0052472700841417145,2.098215646416983e-05,2.052160291747876e-05,5.7456205450379345e-05,2.4580157465515113e-05,6.1740592088428615e-06,0.00207193362329893,0.05531881062377373,0.0012941029001083517,3.3262157567501934e-05,0.0022998722025098675,0.006381874895801681,1.715197221573983e-05,4.246274865607371e-05,0.0009717781150526397,0.0038549283841576056,0.00025443134851541244,0.00028385414754454456,0.0007673413716867636,0.009076115729492492,0.0011601031183989538,7.660010157058287e-05,0.0009660455810683934,0.01611100163810407,0.00217571977330757,1.58610553630678e-05,0.3026956559750459,0.002240607680818823,0.00031670177015419266,0.0016786931305932304,1.9896646762205794e-05,1.6804361532246798e-05,0.00015270814438692366,1.5230071385554796e-05,2.4588344188873548e-05,1.9965484584029722e-05,2.2802617752995614e-05,1.821796064922081e-05,1.7867507445600805e-05,1.6673109677634214e-05,0.0012950187689122921,1.837316894540492e-05,0.0006355580426585571,0.0003802293541497069,0.12497370171001636,1.4157720996104688e-05,1.0453729587595677e-05,0.0003215927562242652,5.384509828714677e-05,0.00021392219221762782,8.016074765501009e-05,0.14316033353533208,3.1843419228648066e-05,0.0020041389822786928,2.494062148959838e-05,3.878826149335787e-05,4.5958770193467525e-05,0.007186486333749477,0.0022423295230402968,0.017945758965491755,0.12675845867068283,1.7029809892384926e-05,2.0768877568867674e-05,1.7421135581488244e-05,8.427582970598933e-06,1.9925649118637466e-05,1.0714658648308592e-05,1.7771184511536068e-05,2.3355129759536872e-05,0.014776178560768311,0.004337752717033997,0.009397980241186224,0.0069861752208573435,0.003077174161608537,0.00148159433091279,1.8107085452846535e-05,3.138925330392592e-05,1.596225174112805e-05,1.8816562637435168e-05,0.00027792676557520675,9.045896255078254e-05
FernowCarlLudwig,0.000654180463223353,2.703777870223521e-05,1.605691589353307e-05,8.750052640924126e-05,1.862039947553294e-05,0.00021459345095127845,2.496103100227161e-05,1.991292403711289e-05,0.00025741958049132986,7.643293128734547e-05,0.0439206061851229,0.0006417568064269412,3.773835675144977e-05,0.00011385311321526284,6.592629983599504e-05,0.005180493920819963,3.967959542365524e-05,0.0010773672460086333,0.00029857058415993886,0.2590033919465133,2.3798480073258952e-05,2.327610886597561e-05,6.516824725956621e-05,2.787942167143559e-05,7.0027704399058426e-06,9.093731613572735e-05,0.007525487797306021,5.2701035460960166e-05,3.7726760612787846e-05,9.113824186532663e-05,1.6589927159188095e-05,1.9454190501840106e-05,4.8162298259144003e-05,3.091931782950467e-05,0.015270285550114157,3.7186376776249956e-05,2.412888651024001e-05,7.52437763570505e-05,0.10237813834636393,3.582439497635862e-05,8.688172704984424e-05,3.3646231041341965e-05,0.0008830516079285427,5.856821824796049e-05,1.7990000724825926e-05,0.00048359896135338125,4.394675476365071e-05,0.0002187793835047284,0.00011740854017125149,2.2567268159667763e-05,1.905992187942812e-05,0.00017320534890789374,1.7274323113659886e-05,2.788870725526219e-05,0.08775855425815439,2.5863292228303282e-05,2.0663260910586832e-05,2.0265768231643048e-05,1.891105278430389e-05,3.363149973926189e-05,2.0839301993411165e-05,3.9609558687647855e-05,2.2293206640902233e-05,0.08638369201080316,1.6058036817327125e-05,1.1856878281623113e-05,2.9949423669310027e-05,6.107244032888459e-05,2.8376749610401892e-05,9.092029977867084e-05,0.21389218656245704,3.611759254924589e-05,2.3796184377194753e-05,2.828826887019333e-05,4.399460416770645e-05,5.212757223064577e-05,2.0811922621188973e-05,0.08779858468177358,0.0006107659285281677,0.08168514477573102,1.9315630977559105e-05,2.355657388270307e-05,1.97594822389956e-05,9.558772747406952e-06,2.260016334862488e-05,1.2152830466638721e-05,2.015651638086917e-05,2.648996499191373e-05,0.0003731240198282143,0.00035838658349077635,2.2762072867524704e-05,2.2035396469816885e-05,2.1318480375210792e-05,0.0001979342743122343,2.0537503524493656e-05,3.5602466340559466e-05,1.810478015614249e-05,2.134221006972876e-05,0.00010097231748012455,1.8898533693284008e-05
FeuchterslebenCarolineHenrietteSusanneFriederikevon,0.0022308818162754007,9.220405109943e-05,5.475718659625609e-05,0.0002983937067137003,6.349916106798761e-05,0.0007318051432782445,8.512194005928611e-05,6.790691963557046e-05,0.11723200862233515,0.00026065106825935426,0.00017955257182312144,0.002188514745418229,0.00012869509040073376,0.01701028370674635,0.00022482142434178246,0.0010444629438704567,0.00013531508946572444,0.0036740305369693687,0.0010181833981943874,0.002284428356592989,8.115741669940257e-05,7.937602992130744e-05,0.00022223631854360093,9.507421629288996e-05,2.388080066005117e-05,0.0003101138239263145,0.00904134529121714,0.00017972071671085654,0.00012865554532665371,0.0003107990194981545,5.657485802985524e-05,6.634254961859797e-05,0.00016424274562854476,0.00010544084972762512,0.002208557332083251,0.00012681273200141092,8.228416650878926e-05,0.0002565958201132116,6.676458838212747e-05,0.00012216811082684328,0.0002962834812997532,0.00011474015082395264,0.01963339924050448,0.06668781928691278,6.134937948780176e-05,0.0016491659257708256,0.00014986692755003517,0.0007460799823213335,0.0004003858141114458,7.695874611165918e-05,6.499801741393239e-05,0.0005906637160277438,5.89087805111848e-05,9.51058819284092e-05,7.722500567368198e-05,8.819882522453013e-05,7.046571339542391e-05,6.911018653485559e-05,6.449034502689471e-05,0.0001146899142366682,7.106604751218299e-05,0.000135076250659594,7.602414336344768e-05,0.1117428371159083,5.476100916304029e-05,4.043424657766432e-05,0.00010213332318513468,0.0002082688252931754,9.6770200685788e-05,0.0003100557948599165,0.2473750411893753,0.00012316797121812953,8.114958793212316e-05,9.646846426056788e-05,0.00015003010326595557,0.0001777650962594183,7.097267856115904e-05,0.00021373648709242508,0.0020828298620236296,0.3782942668903259,6.58700348607173e-05,8.033246983520476e-05,6.738365344753759e-05,3.2597262539799105e-05,7.707092506381832e-05,4.1443500728705627e-05,6.873761660807278e-05,9.03359004685768e-05,0.0012724250231333268,0.001222167516845675,7.762306781631781e-05,7.514496085180366e-05,7.27001384072883e-05,0.0006749941311378918,7.003685640309608e-05,0.00012141129128552644,6.174079953257791e-05,7.278106125194965e-05,0.0003443351180248995,6.444765250689045e-05
FichteJohannGottlieb,0.0015283556252208403,6.31681065029431e-05,3.7513620643238915e-05,0.00020442665176579765,4.3502663075668e-05,0.0005013526485962334,5.831622050536307e-05,4.652237597674307e-05,0.0006014069297443798,0.005760136732120217,0.0001230097359558466,0.0014993303534219086,8.816776573160456e-05,0.0002659939509261095,0.0001540229903960573,0.0007155514935633273,9.270306327005838e-05,0.00251704290090331,0.03765109350928874,0.08753307812018137,5.5600163772015504e-05,5.437975286403596e-05,0.00015225195933577532,6.513442900677763e-05,1.6360506306202766e-05,0.00021245599107882883,0.023163293119521026,0.000123124930397411,8.814067378259178e-05,0.00021292541195937843,3.875888981889727e-05,4.5450641159630014e-05,0.0001125211216263343,7.223650963202219e-05,0.06169068812981091,8.687818013935206e-05,5.6372089203846656e-05,0.00017579132261382358,4.573977584780389e-05,8.369619494973685e-05,0.00020298095667860793,7.860737116198143e-05,0.07205710812131766,0.0001368323740170613,4.2029868440334626e-05,0.020665312870082858,0.00010267238725271151,0.0005111322032061912,0.00027430046127567304,5.27236950301883e-05,4.452951510835312e-05,0.0004046580174794002,4.035783761036964e-05,6.515612282839516e-05,5.290610688921979e-05,6.04241648689558e-05,4.8275380913231026e-05,4.734672252919056e-05,4.418171365027599e-05,7.857295456034526e-05,4.868666402902269e-05,9.253943710653531e-05,5.2083407697549246e-05,0.12008421286888904,3.7516239446890814e-05,2.7701112518687934e-05,6.997055508440644e-05,0.0001426829643653638,6.62963315639916e-05,0.00021241623592487647,0.06586370387454865,8.438118966452149e-05,5.559480035902664e-05,6.608961484800294e-05,0.00010278417736257162,0.00012178515367954674,4.862269786081183e-05,0.1451698287241707,0.004217710257725593,0.20925345073166957,4.512692585434662e-05,5.5035000628362275e-05,4.616389135593822e-05,2.2332070307821382e-05,5.280054774883658e-05,2.8392542807719005e-05,4.709147846416103e-05,6.188825451589735e-05,0.0608248998793597,0.06223453436238723,5.317881542556919e-05,5.148108823469652e-05,4.980616394759124e-05,0.009059235799514051,4.798157512223944e-05,8.317770517819896e-05,4.229802653947436e-05,4.98616034083214e-05,0.00023590066975088465,4.415246541640393e-05
FischerFriederikeChristianevon,0.006669162299349605,1.4693699254374682e-05,8.726141880614585e-06,4.755222068411157e-05,1.0119268779545798e-05,0.00011662095710457966,1.356508930210975e-05,1.082169213302854e-05,0.02644675935042209,4.153752857566271e-05,2.861361794042437e-05,0.00034876317362956546,0.0010727835158464562,6.187355193572332e-05,3.5827692556110754e-05,0.002270995473653386,2.156390316347445e-05,0.011144662138555325,0.00016225838735363368,0.0035572921445151426,1.2933300207786195e-05,1.2649417219338942e-05,3.541572836705078e-05,1.5151090699329697e-05,3.8056603659861703e-06,0.0048392861168868335,0.018967257084899575,2.8640413622198443e-05,2.050263375520065e-05,0.008467725780921203,9.015807216032143e-06,1.0572393080786604e-05,2.6173833797998034e-05,0.03474186426967667,0.005141823344130751,2.020896179111447e-05,1.3112859811042652e-05,0.0021454404418423194,1.063964946042553e-05,1.9468791854155825e-05,4.721593375070946e-05,1.828506717986466e-05,0.00047989499788018183,3.182893810462935e-05,9.776678149034546e-06,0.00450833087880247,2.3882893813664432e-05,0.00011889580500228826,6.380575113697927e-05,1.2264197254620274e-05,1.0358127529353588e-05,9.41285648547463e-05,9.387742663713274e-06,1.5156136956185781e-05,1.2306628556513348e-05,1.4055423780034029e-05,1.1229463218061585e-05,1.1013445550910076e-05,1.0277224518195891e-05,1.8277061443714003e-05,0.007377247193997045,2.1525841651580896e-05,1.2115258335551273e-05,0.20863723224537595,8.72675104741406e-06,6.443628579277261e-06,1.6276034695198976e-05,3.31898593004309e-05,1.5421363906550103e-05,4.941069885134222e-05,0.05926938755243964,1.962813027487314e-05,1.2932052610196236e-05,1.537327898800901e-05,2.3908897604894453e-05,2.832876463903011e-05,1.131025352595948e-05,3.406118954183397e-05,0.3047729325479209,0.2507144222736859,1.0497092812926735e-05,0.022365510631718804,1.0738304083314252e-05,5.194721561194642e-06,1.2282074167467844e-05,6.6044639958322065e-06,1.0954072558182592e-05,1.439598952031944e-05,0.00020277450275476487,0.004403863753584965,1.2370064005809775e-05,1.1975151222449788e-05,1.1585542682459339e-05,0.009578038737667749,1.1161120280920946e-05,1.9348184585848805e-05,9.839055109173449e-06,1.1598438601110244e-05,5.487347471882134e-05,1.0270421009652894e-05
FriedrichWilhelmIII,0.0417586295687595,0.0002042292652897856,0.00012128556017381111,0.0006609332969927553,0.0001406487768899455,0.0016209269003357922,0.00018854259732690456,0.00015041183266784684,0.001944413125572439,0.0005773344612613742,0.0003977036733969948,0.0048474958876876285,0.00028505584565477796,0.0008599869804018201,0.0004979728522471524,0.002313454746354291,0.000299718949164234,0.008137869738590356,0.002255246324472855,0.005059941719600025,0.00017976129451690025,0.00017581557512009208,0.0004922469188248815,0.0002105865969008286,5.289527211851786e-05,0.0006868930124163346,0.020026314289220564,0.0003980761093851635,0.00028496825447707046,0.0006884107004847883,0.0001253116490169344,0.00014694679902346676,0.00036379285800276713,0.0002335483855062056,0.004891889628529776,0.0002808864770823363,0.00018225701225373046,0.0005683522057142575,0.0001478816024900356,0.00027059877758626517,0.000656259209675035,0.0002541460643279684,0.11712198644082815,0.00044239374520525733,0.00013588707382571226,0.003652854092038986,0.00033195084315520285,0.07528712897634735,0.0008868428195226957,0.0001704613624737412,0.00014396869967703792,0.0013083027840891292,0.00013048121876925732,0.00021065673535353128,0.00017105111958397545,0.0001953578076043921,0.00015607948569796608,0.0001530770335116093,0.00014284422024933024,0.000254034791762507,0.0001574092081356699,0.00029918992822299456,0.00016839124483434135,0.3211416862180449,0.00012129402704697505,8.956066867601499e-05,0.0002262223113517104,0.00046130933147963234,0.00021434315252256587,0.0006867644797384902,0.06930365697453171,0.0002728134389885559,0.00017974395402729556,0.000213674815202252,0.00033231227257373905,0.0003937444675188835,0.00015720239865125865,0.0004734200417878986,0.004613406974775979,0.02793027022932565,0.00014590019271181476,0.00017793406144016102,0.0001492528134289015,7.220197919267529e-05,0.00017070983555824516,9.179613698028246e-05,0.0001522518020656084,0.00020009136650724323,0.03963567592039622,0.22361081633686167,0.00017193281553942245,0.00016644388139132888,0.00016102867147751591,0.0014950921768995995,0.00015512958005485018,0.0002689224445289095,0.00013675405772946853,0.00016120791320185757,0.000762692173816336,0.00014274965757133645
FörsterErnstJoachim,0.053210901034688604,8.247092511548627e-05,4.897697857597128e-05,0.0002668950523093673,5.679614393175595e-05,0.0006545552657479806,7.613640681301575e-05,6.073861633312873e-05,0.0023352638474039926,0.0016737929233279852,0.0001605988731357288,0.02653138515640602,0.028236358906552402,0.00034727599769002795,0.00020108911300712606,0.0033904383489619513,0.0001210311312492003,0.00989009994274255,0.03505068410953739,0.025876302950246486,7.259038139186619e-05,7.099703908394987e-05,0.00019877689283723848,8.503811360575829e-05,0.024515788491802307,0.005189837315595892,0.037403567256921455,0.0001607492685281178,0.00011507457338164716,0.005176876564478354,5.060277530504624e-05,5.9339382340866015e-05,0.00014690516321117812,9.431043775530996e-05,0.004431650095874539,0.005321064985516945,7.359819068056666e-05,0.0002295093806961186,5.971687038881891e-05,0.00010927195713598424,0.0002650075838086312,0.03235366874867334,0.009112064861004533,0.00017864541294125225,5.487329484215392e-05,0.02128678692315581,0.00013404686683385174,0.0006673232425095299,0.00035812079945684916,6.883492549272166e-05,5.813677992324817e-05,0.0005283128291231886,0.03434489031915208,8.50664365940056e-05,6.907307850377735e-05,7.888849376609494e-05,6.302730198238813e-05,6.181486551265637e-05,5.7682697798706425e-05,0.0001025831643591664,6.356426439778266e-05,0.009945736164600616,0.037525064584435844,0.05115545875336974,4.8980397629855036e-05,0.00986108463857381,9.135205609473562e-05,0.00018628381822531373,8.655506866571436e-05,0.000277326082038849,0.13269177394787085,0.00011016627154486838,7.258337903489437e-05,8.628518375466951e-05,0.00013419281760377856,0.00015900008477879473,6.348075154041694e-05,0.00019117430971051392,0.024840906894103693,0.24079314180088504,5.8916746580848104e-05,7.185251651228355e-05,6.0270586500446114e-05,2.9156272049159838e-05,6.893526275396707e-05,0.014443632388950915,0.004960367337464349,8.079997780954415e-05,0.0011381069220563584,0.011435161521668043,6.942912092019168e-05,0.034454427915274664,6.502585948211145e-05,0.024355271626393653,6.264371544277524e-05,0.00010859502801005497,5.5223396305338253e-05,6.509824005305838e-05,0.028209424299238454,5.764451193183528e-05
GentzAnnaHenrietteNanette,0.004092248913380077,2.0013994654359625e-05,1.1885703792379426e-05,6.476993125413194e-05,1.3783254152255802e-05,0.00015884707939577939,1.8476737551131355e-05,1.4740010990566306e-05,0.00019054797972198272,5.657743911024414e-05,3.897403823145781e-05,0.00047504336190775477,2.7934812197623017e-05,8.427673087967448e-05,4.880018536397873e-05,0.0002267132032274584,2.9371762356740362e-05,0.051309622164879685,0.00022100891279327046,0.0004958625610475185,1.7616190228256906e-05,1.7229518872399708e-05,4.8239057159644534e-05,2.063699841779612e-05,5.183614071757921e-06,6.731392319857244e-05,0.11741882905194427,3.901053609510004e-05,2.7926228465218555e-05,6.746265311172135e-05,1.2280251167702513e-05,1.4400445724357284e-05,3.565085691823103e-05,2.2887200482375235e-05,0.0004793938456185054,2.752622374090748e-05,1.78607647821184e-05,5.5697198884882676e-05,1.4492054297478473e-05,2.6518053034187884e-05,6.431188153017035e-05,2.4905725267479065e-05,0.011477683216500086,4.335356169007864e-05,1.3316618288203765e-05,0.032830054672296265,3.253041326369928e-05,0.00016194560434011336,8.690854086949591e-05,1.6704818442565024e-05,1.4108598890775394e-05,0.00012821064057538502,1.2786857021870975e-05,2.064387182360045e-05,1.676261327248253e-05,1.914461236264983e-05,1.5295427851546633e-05,1.5001194496094614e-05,1.3998402513076318e-05,2.489482081396129e-05,1.5425737568531728e-05,2.931991953061557e-05,1.650195171183446e-05,0.05311919656135978,1.1886533526325745e-05,8.776737954667102e-06,2.21692621949439e-05,4.520724530413977e-05,2.1005132162122988e-05,6.730132729404504e-05,0.2701762745288588,2.673508471867135e-05,1.7614490900465854e-05,2.093963665374377e-05,3.256583250902756e-05,3.858604523169063e-05,1.540547071838367e-05,4.639406684524562e-05,0.18806858527449816,0.15788150039420662,1.4297880731544424e-05,1.7437125621731305e-05,1.4626429791419172e-05,7.0756266176934735e-06,1.672916822895807e-05,8.995808667319944e-06,1.4920323727033008e-05,1.9608490164116397e-05,0.00027619510539294786,0.00026528611115474637,1.6849017432601533e-05,1.631111460784133e-05,1.5780436587169298e-05,0.1083867936932468,1.5202339300126287e-05,2.6353776279819515e-05,1.3401580701355345e-05,1.5798001860724587e-05,7.474206533536171e-05,1.3989135589801711e-05
GentzLudwig,0.0019690456465951073,8.138216201828273e-05,4.833039522782313e-05,0.0002633715622627389,5.6046333674507545e-05,0.0006459139704378006,7.5131270639563e-05,5.993675841840167e-05,0.0007748181622809085,0.00023005873618770278,0.00015847868197408239,0.2219983595587237,0.07346915975644029,0.0003426913360010754,0.0001984343785636241,0.000921875465411991,0.00011943330475298479,0.017913927467047938,0.0008986803213974351,0.06070076306271596,7.163205906965723e-05,7.005975171804388e-05,0.00019615268381818228,8.3915459048166e-05,2.107793708919381e-05,0.0002737161020795599,0.08133574190772717,0.00015862709187942862,0.00011355538405827129,0.0002743208769932082,4.993472854443252e-05,5.855599680695674e-05,0.000144965753409857,9.306537200437644e-05,0.0019493413628045727,0.00011192885972646468,7.262656348077787e-05,0.00022647944810091542,5.892850134034775e-05,0.00010782937268185974,0.00026150901170790764,0.00010127322425657318,0.002657934655741697,0.00017628697531219982,5.4148869617598164e-05,0.0014556051167576324,0.00013227720944611074,0.0006585133871655625,0.00035339296706933017,6.792618187707427e-05,5.7369270883158704e-05,0.00052133815882183,5.199472108542022e-05,8.394340812252351e-05,6.81611908442192e-05,7.784702514322912e-05,6.219522934080402e-05,6.099879919189502e-05,5.6921183451408496e-05,0.0001012288838828382,6.272510289595297e-05,0.00011922249819747022,6.710127243577803e-05,0.1279699297822847,4.833376914410607e-05,3.5688523083678404e-05,9.014604625077742e-05,0.00018382454004205244,8.541238759954244e-05,0.0002736648838215,0.1743275602781213,0.00010871188054771883,7.162514915626906e-05,8.514606565000465e-05,0.00013242123340592745,0.00015690100047099806,6.264269255704589e-05,0.0001886504683293884,0.13387839543261387,0.08448534449769042,5.813894059171078e-05,7.090393532066682e-05,5.947490741309976e-05,2.877135732903635e-05,6.802519450776456e-05,3.65793221739385e-05,6.0669957391745876e-05,7.97332741928367e-05,0.0011230818836483172,0.0010787230461507546,6.85125328666039e-05,6.632527861822769e-05,6.416740232197986e-05,0.0005957708049336832,6.181670682670473e-05,0.00010716138022604424,5.449434911791669e-05,6.423882734047615e-05,0.00030392088015165425,5.6883501705991385e-05
GiechAugusteCarolineWilhelmineLouisevon,0.004941337705378586,0.0002042292652897856,0.00012128556017381111,0.0006609332969927553,0.0001406487768899455,0.0016209269003357922,0.00018854259732690456,0.00015041183266784684,0.001944413125572439,0.0005773344612613742,0.0003977036733969948,0.0048474958876876285,0.00028505584565477796,0.0008599869804018201,0.0004979728522471524,0.002313454746354291,0.000299718949164234,0.008137869738590356,0.002255246324472855,0.005059941719600025,0.00017976129451690025,0.00017581557512009208,0.0004922469188248815,0.0002105865969008286,5.289527211851786e-05,0.0006868930124163346,0.056843606152601485,0.0003980761093851635,0.00028496825447707046,0.0006884107004847883,0.0001253116490169344,0.00014694679902346676,0.00036379285800276713,0.0002335483855062056,0.004891889628529776,0.0002808864770823363,0.00018225701225373046,0.0005683522057142575,0.0001478816024900356,0.00027059877758626517,0.000656259209675035,0.0002541460643279684,0.006670110850685412,0.00044239374520525733,0.00013588707382571226,0.2613738971357054,0.00033195084315520285,0.0016525452495855036,0.0008868428195226957,0.0001704613624737412,0.00014396869967703792,0.0013083027840891292,0.00013048121876925732,0.00021065673535353128,0.00017105111958397545,0.0001953578076043921,0.00015607948569796608,0.0001530770335116093,0.00014284422024933024,0.000254034791762507,0.0001574092081356699,0.00029918992822299456,0.00016839124483434135,0.3947762699448068,0.00012129402704697505,8.956066867601499e-05,0.0002262223113517104,0.00046130933147963234,0.00021434315252256587,0.0006867644797384902,0.06930365697453171,0.0002728134389885559,0.00017974395402729556,0.000213674815202252,0.00033231227257373905,0.0003937444675188835,0.00015720239865125865,0.0004734200417878986,0.004613406974775979,0.1383821458194684,0.00014590019271181476,0.00017793406144016102,0.0001492528134289015,7.220197919267529e-05,0.00017070983555824516,9.179613698028246e-05,0.0001522518020656084,0.00020009136650724323,0.002818384057015301,0.002707065156576149,0.00017193281553942245,0.00016644388139132888,0.00016102867147751591,0.0014950921768995995,0.00015512958005485018,0.0002689224445289095,0.00013675405772946853,0.00016120791320185757,0.000762692173816336,0.00014274965757133645
GiechSchönburgKarolineWilhelminevon,0.0023479656294448487,9.70432146147864e-05,5.763101888909558e-05,0.0003140543628510728,6.683180014221419e-05,0.0007702126178683077,8.958941173520034e-05,7.147089197759181e-05,0.0009239229254289016,0.0002743308700112225,0.00018897606508935411,0.002303374999198476,0.00013544942037481636,0.00040863830649656637,0.0002366207717801288,0.0010992796998681863,0.00014241685816473301,0.0038668554108963827,0.0010716209195801947,0.002404322463466334,8.541681750890509e-05,8.354193785494922e-05,0.00023389999136122573,0.00010006401525779139,2.5134141461172793e-05,0.00032638958930167284,0.09698786149268487,0.0001891530347586072,0.00013540779984876406,0.0003271107461287137,5.95440875333324e-05,6.982441881850805e-05,0.00017286273024777292,0.00011097472277274617,0.0023244694849176746,0.00013346826978599406,8.660270275218545e-05,0.00027006278947170297,7.026860752623399e-05,0.00012857988403641466,0.00031183338605786853,0.00012076208093432273,0.03815822232624882,0.0002102113578055364,6.45691911486471e-05,0.0017357194283946216,0.0001577324232556048,0.0007852366461222959,0.0004213993422657024,8.099778725931458e-05,6.840932126326994e-05,0.000621663637076375,6.200050173150789e-05,0.00010009734280714492,8.127802097478062e-05,9.282778167530022e-05,7.416397941823647e-05,7.273731017238755e-05,6.787500460557589e-05,0.00012070920777025644,7.479582098960523e-05,0.00014216548433413351,8.001413356956014e-05,0.17009065710516866,5.763504207641106e-05,4.2556365166559667e-05,0.00010749360665821804,0.00021919943939014208,0.00010184901033621644,0.000326328514684265,0.01543648162795105,0.00012963222029907824,8.540857786287862e-05,0.00010153143781830006,0.00015790416295501246,0.00018709477709084662,7.469755173739197e-05,0.00022495406156887343,0.037180942427867264,0.3981483599868436,6.932710497480048e-05,8.454857479469058e-05,7.092016310634973e-05,3.4308071139878755e-05,8.111585372168617e-05,0.017538018084591482,7.234518658418629e-05,9.507701746356648e-05,0.0013392059581850122,0.001286310777219295,8.169697469185943e-05,7.908880874764932e-05,7.651567420150769e-05,0.0007104199821014222,7.371261463925684e-05,0.0001277833441848904,6.498115416932587e-05,7.660084413588771e-05,0.1928008013866384,6.783007144557025e-05
GleimJohannWilhelmLudwig,0.005794721519125167,0.0002395002707711456,0.000142231939487424,0.0007750784559050554,0.00016493924169474626,0.00190086582831218,0.00022110446829261144,0.000176388406431462,0.04545596747475497,0.0006770418509874954,0.000466388288329329,0.3942664083742883,0.00033428584352172066,0.001008509306311436,0.0005839742545254001,0.0027129953064388584,0.0003514813089016556,0.00954330420337747,0.002644734115850018,0.005933808801646964,0.0002108066082002526,0.00020617945125199833,0.000577259435260367,0.00024695553258225947,6.203044395680968e-05,0.0008055214918933952,0.10983641547976701,0.0004668250451275517,0.0003341831250854165,0.0008073012892345111,0.00014695334592596023,0.00017232495110402582,0.0004266209736035777,0.0002738828908165186,0.09208823037486648,0.00032939641251570104,0.0002137333438612317,0.0006665083330187673,0.0001734211979276305,0.0003173319965201525,0.0007695971397155584,0.00029803785043050696,0.00782205896175552,0.0005187964693198138,0.00015935517825703345,0.004283712928651369,0.0003892797474719088,0.0019379447611276974,0.0010400032292421657,0.00019990055005364256,0.000168832525085448,0.0015342505913409938,0.0001530157158497558,0.00024703778415570535,0.00020059215998226808,0.00022909668578653696,0.00018303488010615508,0.00017951389543929285,0.0001675138446944157,0.00029790736075989297,0.00018459424958941028,0.00035086092446022564,0.00019747291690096541,0.16072507486548568,0.00014224186861492915,0.00010502806425864013,0.00026529158172474153,0.0005409788339680911,0.00025136085660522133,0.000805370761237321,0.03809685761465672,0.0003199291365762675,0.00021078627295618402,0.0002505770954290035,0.00038970359683297495,0.0004617453157440784,0.00018435172348795148,0.000555181100200333,0.005410156169678004,0.032753911507947465,0.00017109759274930728,0.000208663806501289,0.00017502922110039542,8.467147713782249e-05,0.00020019193518365126,0.00010764960463098925,0.00017854614405221503,0.00023464774448194668,0.046480875802313575,0.003174583412789411,0.00020162612746860145,0.00019518923796185968,0.00018883880508535427,0.001753299071448918,0.00018192092291490484,0.0003153661557256433,0.00016037189287630813,0.00018904900239205465,0.0008944113953740109,0.00016740295075885644
GoldschmidtCaroline,0.01475848774169448,0.00020653125535604813,0.00012265264218482968,0.0006683830710590757,0.00014223411328516394,0.0032221281345075265,0.0001906677735865265,0.00015210721429769522,0.0019663297676042616,0.0022105470900783183,0.0004021864291087043,0.16219946620764322,0.00028826888039833583,0.0008696804074588638,0.0005035858017797028,0.018093512811756234,0.0003030972605079474,0.048244838308186724,0.009940144126286299,0.011829811362441899,0.00018178749146614373,0.00017779729750863626,0.0004977953279408591,0.00021296024424987967,5.3491486332951375e-05,0.0030325066192112547,0.1537738206539983,0.00040256306304540835,0.0002881803019281329,0.0026464780755028738,0.00012672411148069858,0.00014860312418891813,0.00036789338465408413,0.0002361808488931942,0.016355070427351934,0.00028405251638171665,0.00018431133992865734,0.0023486272255955286,0.00014954846438385879,0.00027364885807821876,0.0006636562993106546,0.0028056269661222537,0.06582939201320318,0.0004473802294164901,0.00013741873822080484,0.010746238138631976,0.00033569245943309764,0.008938251793050023,0.0008968389547875453,0.0014196705754433829,0.00014559145690548424,0.0019902767815214335,0.0001319519505422697,0.0002130311732749872,0.00017297913894763866,0.0001975598021708126,0.00015783875083126754,0.00015480245621249728,0.0001444543027983244,0.0002568981696740547,0.00015918346136501197,0.0003025622766556146,0.00017028928316055393,0.13839781416700203,0.00012266120449317956,9.057016048086228e-05,0.00022877219817992613,0.0004665090245649184,0.00021675914225439125,0.0026448132992190074,0.18135751240633552,0.0002758884822523285,0.0001817699555215206,0.00021608327170484062,0.000336057962738547,0.00039818259665570533,0.00015897432080734324,0.0004787562419246372,0.007941397581223648,0.08810533510212426,0.00014754472095223045,0.00017993966255371255,0.00015093513106044935,7.301581083737225e-05,0.00017263400810575355,9.283082608397213e-05,0.0001539679230898323,0.0029821355469007017,0.004476856894745534,0.005839438251554294,0.0001738707730249704,0.00016831996982071907,0.00016284372184063953,0.007487723355070204,0.00015687813823412502,0.0002719536300694451,0.0001382954944181216,0.00016302498390554463,0.0007712889329793787,0.00014435867424789027
GriesbachJohannJakob,0.0006123914578715728,2.531060716103589e-05,1.503120115283032e-05,8.191099848542896e-05,1.7430929570697727e-05,0.00020088523529152984,2.3366521968785315e-05,1.8640887747529613e-05,0.00024097563446793345,7.155040061854343e-05,4.92883398937425e-05,0.05079213878269986,3.532763298192122e-05,0.00010658018376392114,6.171493209949195e-05,0.00028671181961469836,3.7144865454274485e-05,0.010134250070962449,0.0002794979147043793,0.014315647790417196,2.2278234717343898e-05,2.178923254873411e-05,6.100530387223617e-05,2.609848603222133e-05,6.55543392063929e-06,8.512824630819418e-05,0.002481907640115537,4.9334496750722796e-05,3.531677760384119e-05,8.531633691528283e-05,1.5530163693576528e-05,1.8211458080590186e-05,4.50856937855276e-05,2.8944193821850804e-05,0.11467757542295373,3.4810913451559584e-05,2.258753481266623e-05,7.04372088276876e-05,1.832731044524285e-05,3.353593496027249e-05,8.13317279887774e-05,3.149691199545382e-05,0.023640904764788032,5.482688428370751e-05,1.684080065109702e-05,0.0050155591784261785,4.113943893376087e-05,0.00020480377074630089,0.00010990849027770097,2.1125672540543566e-05,1.7842375312079784e-05,0.00016214100250903509,1.6170840479085017e-05,2.610717845355831e-05,2.1198762508900387e-05,2.4211146806506705e-05,1.934329315043236e-05,1.8971192277911263e-05,1.770301596504893e-05,3.148312172799045e-05,1.9508088740360075e-05,3.7079302660398326e-05,2.0869118053733692e-05,0.2360024919604872,1.5032250472085473e-05,1.109946166981429e-05,2.8036256437392517e-05,5.717113682132526e-05,2.656404469486187e-05,8.511231695491732e-05,0.16828880021573409,0.2646792546608933,2.2276085670194654e-05,2.6481216098570732e-05,4.118423172100432e-05,4.8797666314183035e-05,1.948245836065087e-05,5.867204527643181e-05,0.0233860126768404,0.021712873205183947,1.8081749729689066e-05,2.2051781478473485e-05,1.8497247801474845e-05,8.94815896733529e-06,2.115646638697417e-05,1.1376508448541016e-05,1.886891942824388e-05,2.479778775482372e-05,0.0049121413689649784,0.032275460282321096,2.1308033136359816e-05,2.062777677957342e-05,1.995665723836278e-05,0.022999552681787758,1.9225569137966047e-05,3.332818311126307e-05,1.6948247979822313e-05,1.9978871081541626e-05,9.452221242078416e-05,1.7691296592747412e-05
GöschenGeorgJoachim,0.0015398192408796474,6.364190650269101e-05,3.77949960783326e-05,0.00020595997851749606,4.382896004569551e-05,0.0119781145039099,5.8753628349137083e-05,4.687132266750744e-05,0.0006059178549396442,0.0001799089163457689,0.0001239323853131161,0.0015105762615296693,8.882907868990042e-05,0.0002679890706290543,0.00015517825840788893,0.012193919973142146,9.339839377441562e-05,0.059900929281285424,0.012175781069602579,0.0015767786138334422,5.60171995047541e-05,5.478763475759994e-05,0.00015339394351558528,6.562297764556821e-05,1.6483220256531375e-05,0.00021404954285823678,0.006240598377414937,0.00012404844378447984,8.880178353445725e-05,0.00021452248468670449,3.904960554559975e-05,4.5791549174166946e-05,0.00011336509986708953,0.02301878112692068,0.17361943122510676,8.752982040541271e-05,5.679491485636684e-05,0.16079912945709054,4.608285255193383e-05,8.432396835219332e-05,0.00020450343981998043,7.919697522799842e-05,0.05944354637986825,0.0001378587017378672,4.2345118536607615e-05,0.0011383020854707278,0.00010344249387371948,0.000514966011929569,0.0002763578849611086,5.311915546227911e-05,4.486351410587142e-05,0.0004076932037338877,4.0660546437786025e-05,6.564483418431067e-05,5.330293552345481e-05,6.0877383603608615e-05,4.863747622890197e-05,4.770185233067274e-05,4.4513103921019467e-05,7.916230048049167e-05,4.905184422329688e-05,9.323354031312271e-05,5.247406557729463e-05,0.15743915229308414,3.779763452463708e-05,2.7908888053383754e-05,7.049537766999098e-05,0.00014375317514455168,6.679359519301683e-05,0.00021400948951595834,0.12485341236159855,8.501410095243411e-05,0.023002014594500592,6.658532797337364e-05,0.00010355512247877844,0.00012269861790979055,4.898739826912821e-05,0.00014752711367400895,0.0014376294941420432,0.1578526466550066,4.54654058032021e-05,5.544779728679353e-05,4.651014918957754e-05,2.2499574694005935e-05,5.319658462401065e-05,2.860550449867159e-05,4.744469377675567e-05,6.235245483148957e-05,0.0008782646032180276,0.0008435754168094173,5.357768954306478e-05,5.186722834468201e-05,5.0179741085995944e-05,0.0004659004986388111,4.834146671214744e-05,8.380158958560363e-05,4.261528798790493e-05,5.0235596377086295e-05,0.00023767007116967334,4.448363630724245e-05
HaugFriedrich,0.03822271123014229,5.128552870753702e-05,3.045691845033925e-05,0.00016597187248650576,3.5319359713869746e-05,0.0004070430012174558,4.734633292678342e-05,3.7771033212574185e-05,0.03747013122475529,0.00014497874751132208,9.987032529423994e-05,0.028953682115522905,7.158249203333219e-05,0.000215957722361309,0.19427978942864552,0.0005809488157311353,7.526465293671083e-05,0.04827087994501879,0.0005663316662879107,0.0844798137572336,4.5141194712566e-05,4.41503557889193e-05,0.00012361178233084863,5.2881965498213704e-05,1.3282924917141678e-05,0.00017249080956786077,0.005028956623472454,9.996385046329856e-05,7.156049636169095e-05,0.1018729737089642,3.1467939542982926e-05,3.6900902860837954e-05,9.135472840400505e-05,5.864807089464905e-05,0.0012284387627898607,7.053549090295621e-05,4.576791294247542e-05,0.00014272314656174002,3.713564830710196e-05,0.06478619865842616,0.00016479812768076336,6.382050711246165e-05,0.010920444908538869,0.00011109278137766377,3.412361306683075e-05,0.0009172953402926393,8.335864339506459e-05,0.00041498291989576144,0.00022270169172458487,4.280581965698413e-05,3.615305019971978e-05,0.00032853763585913217,3.27661086254706e-05,5.289957848636446e-05,4.2953917948208345e-05,4.90577510324993e-05,3.9194279688871805e-05,3.8440311605120834e-05,3.587067381311863e-05,6.379256463153349e-05,3.952819617314821e-05,7.513180655629455e-05,4.2285977030743595e-05,0.006680565272763075,3.0459044629788093e-05,2.2490245156259225e-05,5.6808365963865564e-05,0.00011584281483402405,5.382530210037354e-05,0.00017245853277182916,0.03589428398760277,6.850821030569148e-05,4.5136840213341024e-05,5.365747094856168e-05,8.344940462261827e-05,9.887609968003713e-05,3.947626270644002e-05,0.00011888402531040684,0.01964943451045905,0.28437769169390364,3.6638081771188735e-05,4.468234463405496e-05,3.747998327726165e-05,1.8131175624476682e-05,4.2868215579969495e-05,2.305161021689646e-05,3.8233081603317776e-05,5.024643018999675e-05,0.019198672964365844,0.009925255049602002,4.317532717264165e-05,4.179696012310836e-05,4.0437106513988594e-05,0.0003754437085693879,3.8955741822810606e-05,6.75311137677496e-05,3.4341327838619094e-05,4.048211723557283e-05,0.00019152530035188765,3.584692747622597e-05
HeimJohanna,0.004831503826127215,3.837050369220593e-05,2.2787077199034712e-05,0.0008457777085757467,2.642502975909114e-05,0.0003045390264019186,3.5423299479655514e-05,2.825930834419807e-05,0.0026359636806547243,0.00010846934226607747,7.472038959171871e-05,0.0448321131137632,5.3556165727089794e-05,0.0008831758262419749,0.01457503864973482,0.009294681632859677,5.631106310455649e-05,0.047259850867094604,0.01092775770093097,0.10290867309917635,3.377347220629411e-05,3.303215219777911e-05,0.0010579151146580235,3.9564916332862415e-05,9.937940242031207e-06,0.0001290531542170202,0.10185200052424562,0.0036827996335364764,5.3539709135509445e-05,0.0030670338065050913,2.3543496983442262e-05,2.7608299361442096e-05,6.834924065063204e-05,4.3878966981833414e-05,0.006711677944120004,5.277282661074894e-05,3.4242366546680976e-05,0.00010678176008168316,2.7783929821721972e-05,5.08399781967952e-05,0.00012329768895829002,4.774884973423858e-05,0.028749002194852814,8.31167404422726e-05,2.5530403101407676e-05,0.013511442517886916,6.236677703777953e-05,0.0012759114499106554,0.007890075491918527,3.2026205102860295e-05,2.70487753784039e-05,0.0028718141019196354,2.451475345340589e-05,3.957809391421724e-05,3.21370084069002e-05,3.670373816088195e-05,2.9324144479263032e-05,2.8760045095470973e-05,2.6837508682754553e-05,4.7727943894040706e-05,2.9573972140509944e-05,5.621167088498266e-05,3.163727231982754e-05,0.03723960436048153,2.2788667951405767e-05,1.682661866913811e-05,0.00266851330310649,8.667059239366305e-05,4.0270696335299e-05,0.00012902900555457065,0.20272514160594177,5.125606779782766e-05,3.3770214282805736e-05,4.0145129416276126e-05,6.243468223647248e-05,7.397653574908398e-05,2.9535116866394736e-05,8.894594726966089e-05,0.1388806042992304,0.15133551595133596,2.7411663432264426e-05,3.3430172467062025e-05,2.8041552324147814e-05,1.3565275795641253e-05,3.207288811566381e-05,1.7246617461676458e-05,2.860500097776936e-05,3.7593077106019924e-05,0.0014949487274601204,0.0005086021997780856,3.230266105156832e-05,3.12714025407136e-05,3.0253995306264605e-05,0.024122703416080384,2.9145676628758312e-05,0.004877684939931758,2.5693291652335772e-05,3.0287671161857044e-05,0.023115377342787794,2.6819742288795502e-05
HeineJohannGeorg,0.0015780879014522838,6.522357950266964e-05,3.8734303652798e-05,0.00021107863939676328,4.491822789656492e-05,0.017711274182662946,6.021381445476043e-05,4.803620143388048e-05,0.0006209765476160253,0.0001843801380780639,0.00012701243929711192,0.0015481181552057977,9.103672084108034e-05,0.0002746493217213973,0.00015903485659916227,0.0039001679402269145,9.571959572753625e-05,0.015244277175057904,0.03865623678916025,0.0016159658144924707,5.740937797425579e-05,5.614925522736262e-05,0.21812632700901258,6.72538856058099e-05,1.6892872730272937e-05,0.02867136261288743,0.0809930391717473,0.00012713138213446437,9.100874732741746e-05,0.0002198539469348215,4.002009354863717e-05,4.6929592657400915e-05,0.00011618252831091018,7.458706600236692e-05,0.001562295940554681,8.970517248450802e-05,5.820642164962424e-05,0.0001815115244248767,4.722813570966432e-05,0.03802241079524374,0.00020958590178476053,8.116523363321771e-05,0.01793685967085429,0.00014128486224017193,4.3397508924494796e-05,0.11686126080218655,0.00010601331880027316,0.0005277643060369468,0.0002832261236578186,5.44393097221582e-05,4.597849341502233e-05,0.00041782547927458674,4.16710706662251e-05,6.727628533848072e-05,5.462765721345455e-05,6.239035075444497e-05,4.984624867406911e-05,4.888737199886813e-05,4.5619374592124244e-05,0.003242462292864829,5.0270914830552585e-05,9.55506452131692e-05,5.3778187613915335e-05,0.23051381365807194,3.8737007671608254e-05,2.8602499183521665e-05,7.224737791026043e-05,0.00014732582920666288,6.84535961561217e-05,0.0002193282024506862,0.0451496506708152,8.71269306189721e-05,5.740384003726747e-05,6.824015293443532e-05,0.00010612874652989385,0.0001257480094467082,5.0204867220631145e-05,0.0001511935602857724,0.001473358463932747,0.04419434637244196,4.659534374415545e-05,5.682582457566964e-05,4.7666051821046024e-05,2.3058749799846098e-05,5.45186632073623e-05,2.9316428426043298e-05,4.862382236140571e-05,6.390208148016933e-05,0.08359449005327295,0.0008645405407903708,5.4909239611382106e-05,5.3156268839611885e-05,5.142684297189375e-05,0.00047747938242574515,4.954288252257316e-05,8.588428507489156e-05,4.367439281522391e-05,5.148408641759289e-05,0.0002435768133640822,4.558917462867943e-05
HenckelvonDonnersmarckLuiseAntoinetteBenedictineFriederikeSophieKaroline,0.0005731626111815461,2.3689248934710034e-05,1.4068325727296563e-05,7.66639070041403e-05,1.631433126579951e-05,0.00018801683878428465,2.1869698823703423e-05,1.7446781399025988e-05,0.0002255391091881232,6.696699296254793e-05,0.012857820713186498,0.0005622775787322915,3.306459962253047e-05,9.975282254696159e-05,5.776156929748488e-05,0.00026834550527227624,3.476542300206939e-05,0.052190698093897855,0.034426099599591566,0.013398609603126766,2.085112556515453e-05,2.039344811679829e-05,5.709739875350685e-05,2.4426657507770363e-05,6.135502994180665e-06,7.967506292281245e-05,0.002322920487271684,4.617420542940006e-05,3.305443962312855e-05,7.985110473742616e-05,1.4535325501803299e-05,1.7044860330307488e-05,4.2197574190304816e-05,2.709007367139973e-05,0.0005674269601221741,3.25809803436138e-05,2.1140612376237437e-05,6.59251105107411e-05,1.7153291372220886e-05,3.138767499639964e-05,7.612174367678888e-05,2.9479268679243432e-05,0.05629101097116145,5.13147591382447e-05,1.5762005089226643e-05,0.06448215554232671,3.850411030188329e-05,0.00019168435893727648,0.00010286792290920512,1.977239473324521e-05,1.6699420431330488e-05,0.00015175450144368544,1.5134961526416904e-05,2.443479310608245e-05,1.9840802671625306e-05,2.2660218304722545e-05,1.8104191801573106e-05,1.7755927133645866e-05,1.6568988227859893e-05,2.9466361794918706e-05,1.825843084168392e-05,3.4704060059050844e-05,1.953227472882619e-05,0.11839102081104975,1.4069307828788208e-05,1.0388447375623593e-05,0.02564961971310202,5.350884249531814e-05,2.486239320477808e-05,7.966015397919274e-05,0.15323791753140015,3.164456112479322e-05,2.084911418263151e-05,2.478487047986005e-05,3.8546033732670174e-05,4.567176351775376e-05,1.8234442304334365e-05,5.491360508339091e-05,0.05605244687491272,0.2936380273357126,0.021369739640690843,0.02991458183028344,1.7312342805063774e-05,8.374953786603987e-06,1.980121597364892e-05,1.0647746967532246e-05,1.7660205724055874e-05,2.320927994404069e-05,0.00032691397790379615,0.0003140017190269917,1.994307359221876e-05,1.9306393402257152e-05,1.867826473764093e-05,0.05996130614352482,1.7994009006701225e-05,3.119323140851895e-05,1.5862569508774095e-05,1.869905559648964e-05,8.846726614059833e-05,1.6558019580365866e-05
HenningsJohannWilhelmChristoph,0.0023897732778737648,9.877115668861741e-05,5.8657191225734606e-05,0.000319646384397295,6.802180069809026e-05,0.0007839269490917024,9.118463211739318e-05,7.274349575305963e-05,0.0009403742074908457,0.0002792155788940096,0.00019234095458844086,0.002344388671187028,0.0001378612196260131,0.05383362371527362,0.00024083401830874237,0.0011188533676599081,0.00014495271893792062,0.0039357082635603415,0.4462382790536235,0.07367074590914968,8.693774108271974e-05,8.502947750336217e-05,0.00023806479193740323,0.00010184574541509041,2.5581677547985017e-05,0.0003322012506945226,0.009685302563026129,0.0001925210753624725,0.00013781885800890787,0.0003329352483701299,6.060432378483272e-05,7.106770565248431e-05,0.00017594070726840343,0.0001129507279305714,0.14481308338913448,0.00013584479286182286,8.814474208370384e-05,0.0002748715013260733,7.151980354128847e-05,0.00013086936498937744,0.00031738586110657195,0.00012291235884296498,0.0032258577781626397,0.00021395436086856542,6.571890390807978e-05,0.0017666254803076211,0.00016054099149638885,0.0007992184937366258,0.00042890273811131626,8.244002600880521e-05,6.962741100733139e-05,0.0006327329195454182,6.310447665614092e-05,0.00010187966639155754,8.272524953864812e-05,9.448066415877796e-05,7.548453604765362e-05,7.403246366748842e-05,6.908358035901736e-05,0.00012285854422446386,7.612762812880297e-05,0.00014469686916925714,8.143885747678848e-05,0.2087310810165612,5.86612860495335e-05,4.3314119680077296e-05,0.00010940762739990391,0.00022310248336272596,0.000103662523942877,0.0003321390885883966,0.015711342123687258,0.00013194043904953969,8.692935472235473e-05,0.00010333929675948631,0.0001607157891762388,0.00019042616855816972,7.602760910380923e-05,0.00022895957178622358,0.0022311765286301944,0.013507883374411405,7.056153668667622e-05,8.605403852288753e-05,7.218296065691383e-05,3.491895732939654e-05,8.25601947511626e-05,4.439525655749759e-05,7.363335796468097e-05,9.676994962149016e-05,0.001363051729678246,0.0013092147022469474,8.31516631050075e-05,8.049705641078284e-05,7.787810488030536e-05,0.00072306965144756,7.502513431116654e-05,0.000130058642026459,6.613820230237657e-05,7.796479134228211e-05,0.00036885990897683193,6.903784712351967e-05
HerderLuisevon,0.004047278665989552,0.0001672771216341589,9.934080393852554e-05,0.0005413475848147822,0.0001152005444769712,0.0013276451143415626,0.00015442871491273133,0.00012319712550841052,0.0015926014836900244,0.00047287467230995676,0.0003257453120383342,0.003970416081530918,0.00023347937573228486,0.0007043855664874844,0.00040787232553405337,0.0018948707005919199,0.0002454894162414412,0.15744429392543496,0.001847194197161437,0.004144423108462417,0.00014723625375310658,0.00014400445157951698,0.00040318241167578616,0.00017248419189247965,4.332468637874391e-05,0.0005626102891012447,0.046558630111218025,0.0003260503614640638,0.00023340763283066557,0.12118693059217266,0.00010263843394353713,0.00012035903639530042,0.0002979701369998063,0.00019129139809786566,0.0040067774579287145,0.00023006439026073487,0.00014928040976001342,0.0004655176177195081,0.00012112470155577285,0.00022163809172071842,0.0005375192016902307,0.00020816224381510625,0.005463256906400041,0.00036234940287273385,0.00011130039832734236,0.09345923425321052,0.0002718894448758108,0.0013535426097167258,0.0007263822546743402,0.00013961900134138412,0.00011791977831000921,0.0010715855224659213,0.00010687264957873794,0.00017254163987118798,0.00014010205097544752,0.00016001081773688852,0.00012783930391489028,0.00012538009926140776,0.00011699875613555801,0.00020807110430852852,0.00012892843353417294,0.0002450561135009687,0.0001379234396417837,0.35350334650946297,9.93477388612463e-05,7.335604349600361e-05,0.00018529086435602668,0.0003778425048114319,0.000175561056565969,0.0005625050124340872,0.11707576503316555,0.00022345204421300098,0.00014722205075832676,0.0001750136446019483,0.00027218547920135593,0.0003225024635547548,0.00012875904304437285,0.0003877619684026925,0.0037786819561460563,0.0228767175154672,0.00011950179739456816,0.0001457396303911317,0.00012224781297019862,5.9138141825574216e-05,0.00013982251704380028,7.518703820144732e-05,0.03028047348507769,0.00016388791197816265,0.0023084408204092108,0.0022172633624551854,0.0001408242176119204,0.00013632842165520618,0.00013189301066676592,0.0012245782482478635,0.00012706126908438242,0.00022026506534109165,0.00011201051483154519,0.00013203982135857382,0.0006246947583534065,0.00011692130311937852
HolzschuherJohannHeinrichChristoph,0.0036116324465132405,0.00014927153030752787,8.864782990655959e-05,0.0004830773128097953,0.0001028004391655336,0.0011847383311419225,0.00013780611701858127,0.00010993627385786934,0.055240822138040685,0.0004219747762862258,0.00029068231652627823,0.00354304329640445,0.00020834782049291022,0.000628566001189792,0.0003639692362456668,0.0016909081555746574,0.1616780065712255,0.005947983349002725,0.028558187094413264,0.03060814390683709,0.00013138784730251868,0.00012850391403423846,0.0003597841414054704,0.00015391811519782902,3.866124771080581e-05,0.0005020513146117762,0.04154709202208354,0.00029095453064709317,0.0002082837999465929,0.0005031605954985585,9.159050534494172e-05,0.00010740367465407859,0.0002658968417281881,0.00017070092699935591,0.0035754907599067076,0.00020530042164759103,0.00013321197179938589,0.0004154096298600811,0.00010808692415700129,0.00019778112393605327,0.0004796610141431125,0.0001857558067892078,0.004875195788369981,0.0003233463688544648,9.93201019951502e-05,0.002669877500342975,0.00024262345689949247,0.00120784823839055,0.0006481949813830942,0.00012459051056496249,0.00010522697658772403,0.0009562408130366568,9.53689529972202e-05,0.00015396937951664974,0.00012502156507729941,0.02705261094331873,0.00011407877145662219,0.00011188427385660036,0.00010440509259017308,0.00018567447747480176,0.000115050667932275,0.00021867844637778026,0.05394272461209965,0.019444436407616058,8.865401835909259e-05,6.546005074084196e-05,0.0001653462864749618,0.0003371718042338342,0.00015666378832918172,0.0005019573698507786,0.023744341573132502,0.00019939982386215773,0.00013137517310807405,0.00015617529940266408,0.00024288762629914493,0.00028778852596502016,0.00011489951051525953,0.00034602354376421426,0.08410141802822506,0.39715181386519743,0.00010663870825443876,0.0001300523194230721,0.00010908914465134865,5.277255397276295e-05,0.00012477211998078992,6.70939584683094e-05,0.00011128111073682092,0.0001462471327871661,0.0020599618795478004,0.028888422275909518,0.00012566599820664932,0.00012165412655407006,0.000117696140074393,0.0010927655097811217,0.00011338448374621753,0.0001965558891469964,9.995378205996394e-05,0.00011782714816693777,0.0005574530554061278,0.00010433597656199724
IndustrieComptoir,0.008852390037980233,0.0003658760484124418,0.00021728267700967373,0.0011840597997784142,0.0002519718152514461,0.002903885142116061,0.00033777343501434137,0.0002694622971536373,0.003483409636989524,0.0010342927640605989,0.0007124848060102309,0.008684272734204546,0.000510676597876658,0.001540663810493094,0.0008921167058909914,0.00414454647122236,0.0005369454989662743,0.014578966526789668,0.004040266277332982,0.07502292445720407,0.00032204176028359884,0.0003149730171286936,0.0008818587152399426,0.000377265186815283,9.476170378894304e-05,0.0012305665434794884,0.03587707533496231,0.0007131520238423295,0.06646857540142834,0.0012332854765982097,0.00022449540175991568,0.0002632547009228864,0.0006517336931994443,0.0004184011546086184,0.20663797114159746,0.0005032071879686535,0.00032651283029508127,0.0010182010831707583,0.00026492939821910945,0.0004847768085931202,0.0011756861879196258,0.0004553018276002288,0.011949481368690928,0.0007925469207775464,0.19811760840863885,0.006544075937040971,0.0005946888296761568,0.002960529309465898,0.0015887759568125946,0.0003053809630093823,0.000257919445864778,0.0023438200793129307,0.0002337566687496814,0.00037739083961964585,0.000306437510907694,0.0003499828615227749,0.0002796158786762976,0.00027423699558658563,0.0002559049447160469,0.0004551024831698898,0.0002819980719937053,0.0005359977597123848,0.00030167235415463374,0.17957592669493255,0.00021729784538474097,0.00016044763957731974,0.00040527651716637975,0.0008264341305741098,0.0003839950436973149,0.0012303362776153145,0.058199214873962235,0.0004887443671175657,0.00032201069485423883,0.0003827977196144218,0.0005953363292754253,0.0007053919018689992,0.0002816275734913324,0.0008481304277466479,0.008264903226549748,0.05003698607100867,0.00026137970920214824,0.00031876827831372903,0.0002673859180481374,0.00012934960519536584,0.00030582610171252635,0.00016445247359734178,0.0002727585962001898,0.000358463016528206,0.005049125649187549,0.004849698209890326,0.0003080170662746608,0.0002981836590337788,0.00028848232851301107,0.002678452654276576,0.0002779141258811005,0.000481773663505279,0.0002449944388500299,0.00028880343946505654,0.0013663604886158932,0.00025573553599344016
JeanPaulANDRichterCaroline,0.0073445763341483915,7.384463294431982e-05,0.004890639898573011,0.00023897836898084437,0.005766222047324957,0.0005860901071892426,6.817269246020399e-05,5.43854797601092e-05,0.006745955653775521,0.00020875094133771576,0.004840203461439667,0.01940989875551701,0.000103069676430269,0.00031095162984872457,0.002684803814539337,0.019339384769309752,0.009134720807800636,0.05150332704463225,0.012420084947915598,0.009403914415087153,6.499757413493563e-05,6.357089221378612e-05,0.00017798523138698178,7.61432987043747e-05,1.912572102993911e-05,0.0006393053396649481,0.17239984428951197,0.0347165447657288,0.00010303800546304599,0.005013342846805684,4.5309827228594404e-05,5.313260281690569e-05,0.011866700770370907,8.444575647850024e-05,0.007575682863316041,0.00010156212808060094,6.589996860786953e-05,0.0005185966901648571,0.006482583867580677,9.784233115506778e-05,0.0024662240955808227,9.189340620656367e-05,0.006881644082058425,0.014683171729243083,4.91336590488106e-05,0.016460138810225462,0.00012002583534525124,0.0023509171051562254,0.0003206620872578467,6.163493133660917e-05,5.205579018284606e-05,0.013109941378165138,0.0018524488831349441,7.616865916526537e-05,6.184817402379094e-05,7.063691667736175e-05,5.643477351372997e-05,5.534915544954219e-05,5.16492041312599e-05,9.185317259096698e-05,0.014136131976211346,0.00010818023753312414,6.0886424128221895e-05,0.07845561478496746,4.385714698093392e-05,3.2383090127871825e-05,8.179681556352444e-05,0.00016679890714275006,7.750158332939403e-05,0.0020535881917499712,0.13214101520782337,0.0008416216919861245,6.499130421035789e-05,7.725992783486176e-05,0.0001201565199594725,0.0019476388547781393,5.684079316398261e-05,0.0001711778630976665,0.015930439322192964,0.25540726785282186,5.27541739036376e-05,6.43368884312287e-05,5.396640490247856e-05,2.6106584890129304e-05,6.172477352301523e-05,3.319138435618949e-05,5.505077062630161e-05,7.234846335117158e-05,0.009068952787329687,0.010098113895858431,6.216697512267406e-05,6.0182302030664524e-05,5.822428593618093e-05,0.013669440896463306,5.609130935129417e-05,9.723620744827575e-05,4.944714060617052e-05,5.8289095645619656e-05,0.010018150054238126,5.1615012428925896e-05
JeanPaulANDRichterEmma,0.0005386570746826132,2.2263108729814435e-05,1.3221384357793395e-05,7.204858634351843e-05,1.533217586702486e-05,0.05235176599811674,2.0553099177703574e-05,1.6396450235393422e-05,0.00021196120335092162,6.293544593764774e-05,4.335382644852877e-05,0.0045418941236972325,0.0923408100011395,9.374750295332968e-05,5.4284207203817686e-05,0.0042656573494265215,3.267247494702121e-05,0.3299913882484816,0.0002458452468259685,0.0005515861427114174,1.959584606820845e-05,1.916572171838115e-05,5.366002105606451e-05,2.295612383069781e-05,5.7661334324282225e-06,7.487846464842313e-05,0.23095068252526196,4.339442583514328e-05,3.106449619238657e-05,7.504390839341227e-05,1.3660269811076325e-05,1.6018725619541525e-05,3.965719575670737e-05,2.5459197009887714e-05,0.0005332667212981302,3.0619540109227165e-05,1.986790519379528e-05,6.195628689498707e-05,1.6120628895684147e-05,2.9498074132567528e-05,7.153906233372777e-05,2.770455769578172e-05,0.0047405780637105824,4.822550792081346e-05,1.4813100831878973e-05,0.036519400019719366,3.618608578761547e-05,0.00018014457683259599,9.667506803823602e-05,1.8582056991687254e-05,1.5694081893953725e-05,0.00014261857668814714,1.4223806546710266e-05,2.296376964970639e-05,1.864634663524395e-05,2.1296027803573945e-05,1.7014283215761675e-05,1.6686984777968812e-05,1.5571501970219613e-05,2.7692427831729193e-05,1.7159236756915867e-05,3.2614806176003256e-05,1.835639269218507e-05,0.05507510944353212,1.322230733480936e-05,9.763042048943472e-06,2.466057892137439e-05,5.0287503067870674e-05,2.33656273665288e-05,7.486445325305269e-05,0.18013388918450698,2.973949520182008e-05,1.959395577493952e-05,2.329277166482891e-05,3.62254853439504e-05,4.29222319323215e-05,1.7136692377532867e-05,5.160769613621298e-05,0.0005029092228706111,0.0030446892226061195,1.5904634673366124e-05,1.939665870588584e-05,1.627010511389492e-05,7.870764804414765e-06,1.860914313572687e-05,1.0006731286376429e-05,1.6597025988842724e-05,2.181203483314252e-05,0.0003072331020467388,0.0002950981870009264,1.8742460641700868e-05,1.8144109873624587e-05,1.755379581195021e-05,0.00016298055838462395,1.6910733645695175e-05,2.93153364378971e-05,1.4907611072068775e-05,1.7573335019478938e-05,8.314135963304993e-05,1.5561193657260792e-05
JungFranzWilhelm,0.0007449575899694476,3.0789666754794896e-05,1.828504829913346e-05,9.964250683015416e-05,2.120425279778701e-05,0.00024437143728841404,0.005579010967951057,2.267613408514085e-05,0.022495485232252296,8.703912068172055e-05,5.995792793788062e-05,0.12839429321445828,4.2975106832819976e-05,0.00012965190127116766,7.507454013443679e-05,0.00034877714803251435,4.518572082100923e-05,0.0012268677409655198,0.13355407110229253,0.0007628383675772867,2.710086796685313e-05,2.650601009884253e-05,7.421129665323587e-05,3.174810002084029e-05,7.974507468958784e-06,0.00010355620149975596,0.14733441522238275,6.0014076501833655e-05,4.2961901559969154e-05,0.0001037850086190447,1.8892022689552343e-05,2.215374454878701e-05,5.484552299488608e-05,3.520982632265333e-05,0.0007375027827179987,4.2346531546407215e-05,2.7477123139303565e-05,8.568495307694698e-05,2.2294675806489194e-05,4.079555481098171e-05,9.893783999070184e-05,3.8315138707460185e-05,0.02320793287257291,6.669541688821213e-05,2.0486376981483228e-05,0.0005507054047233772,5.004501105764429e-05,0.00024913822933143485,0.0001337006958245773,2.5698807355976375e-05,2.1704765376731974e-05,0.005747826357590614,1.967138861301018e-05,3.1758674115509585e-05,2.578771931903231e-05,2.9452203069681268e-05,0.07218115155618178,2.3077940582841393e-05,2.153523851287818e-05,3.8298363221318926e-05,2.373106055959467e-05,4.510596546144331e-05,2.5386715784918225e-05,0.17607890248400182,1.8286324767531865e-05,1.3502193914071816e-05,3.410534513325201e-05,6.954713648399677e-05,3.231443950002818e-05,0.00010353682387377116,0.038201171749317635,4.112943784412333e-05,2.709825370931499e-05,3.221368076036833e-05,5.009950026777938e-05,5.936103684380698e-05,2.369988189821273e-05,7.137295088932348e-05,0.006246104880390616,0.2151330527841621,2.199595785982495e-05,2.682539374705261e-05,2.250139998873753e-05,1.0885192556633532e-05,2.573626723450338e-05,1.383921380214534e-05,2.2953528436610085e-05,3.0165835863571886e-05,0.0004249004459737834,0.017059876658584418,2.592064407204821e-05,2.5093130674205772e-05,2.4276731964564514e-05,0.00022540055573877588,2.3387383130046465e-05,4.054283032444551e-05,2.0617083741068105e-05,2.4303754501972186e-05,0.00011498370635067648,2.152098221450322e-05
KalbCharlottevon,0.02588862630217894,7.600289792586731e-05,0.00026674186217557765,0.0002459630153194293,5.2341737694628296e-05,0.0008248258739846457,7.016518303085396e-05,0.0010846009110754898,0.0020970657114828084,0.0018538523273197577,0.0001480034296311306,0.020085478481377383,0.0014675479664335255,0.0011878597210910826,0.00018531810220974362,0.022158380873662807,0.00011153890539367674,0.016403179688614277,0.027377769562410042,0.009722117057424115,6.689726518285165e-05,6.542888547667092e-05,0.00018318722477253763,0.00047892757306834736,1.9684710523148306e-05,0.00025562379336082963,0.054453722264837155,0.00014814202981829058,0.00010604950826416459,0.00045117691728736197,4.6634102392927315e-05,5.468551507966505e-05,0.0011993241768268332,8.691386163091207e-05,0.007747252469520796,0.01203126139529513,6.782603403551801e-05,0.00021150942601467956,5.503339750655216e-05,0.00010070197942773482,0.004420186483259032,9.457918461378107e-05,0.050762485714598626,0.0007968619630995182,0.0017106623451102092,0.02500482308684272,0.0005690649459976497,0.0030476838801664686,0.0006023272846733265,0.0012333662855551712,5.3577230327631315e-05,0.0008052977224107764,4.855793187764369e-05,7.839484870962635e-05,6.365581721796665e-05,0.004367289173961117,0.007905127572235174,0.0012195267446353623,5.3158760942048706e-05,9.453777508600004e-05,0.002417422750350285,0.0003836352052109725,0.0005058780553066643,0.2404478482393884,0.00045488901448004145,3.332955416500748e-05,8.41874998366248e-05,0.0034293986994099516,7.976673039079852e-05,0.0002555759605686953,0.16619301180170148,0.00010152615457354377,0.0012685672901040568,7.951801200529294e-05,0.002352604117122191,0.003447057531643908,5.85020851024463e-05,0.00017618089680247748,0.027712065979293182,0.15409816522722797,0.0006579740391325404,6.621726954745077e-05,5.554368678793198e-05,0.0024046288462225567,0.0007492794108004033,3.4161472495148246e-05,0.008125566261351348,0.0025568541374705453,0.013027674010481282,0.0267720021549561,6.39839359506488e-05,0.0013820661768783914,5.992601336580228e-05,0.007708766406405602,5.77306960462396e-05,0.00010007814047856572,5.089233747089625e-05,0.0012187100838883893,0.0192071636535933,5.312356991517525e-05
KeßlerGeorgWilhelm,0.0008485801732804814,3.5072467348246866e-05,2.08284735440537e-05,0.00011350264343974472,2.4153735401457128e-05,0.0002783631704557937,3.237858236976309e-05,2.583035336560492e-05,0.00033391573808669425,9.914614349161044e-05,6.829799382425516e-05,0.007155129828712525,4.895288549840428e-05,0.0001476863036610493,8.551730613127329e-05,0.0003972915729683905,5.147099287312186e-05,0.0013975233680932778,0.00038729539062433286,0.11467692158927588,3.0870561687017435e-05,3.019295990201597e-05,8.453398666084443e-05,3.616421737258307e-05,9.083750566408842e-06,0.00011796072769261309,0.022407131748278405,6.836195257676708e-05,4.89378433901355e-05,0.00011822136156969304,2.1519877243181852e-05,2.523530015821733e-05,6.247446033614854e-05,4.010746507499602e-05,0.0008400884125220382,4.8236876248151726e-05,3.129915344007114e-05,0.03803359476190373,2.5395834761383745e-05,4.647016076713308e-05,0.00011269995840534974,4.364472217133287e-05,0.013790794255084277,7.597265828560005e-05,2.3336004039571264e-05,0.0006273077743738762,5.70062037449153e-05,0.02557445378268238,0.006474963471487247,2.9273476360084498e-05,2.4723868596539546e-05,0.0002246759621422455,2.2407651902144487e-05,3.617626230937888e-05,2.9374755855766662e-05,3.354896429122503e-05,2.680366429417335e-05,2.6288050598353344e-05,2.453076077746135e-05,4.36256132379811e-05,2.7032018671849946e-05,5.138014365196918e-05,2.8917973277742896e-05,0.12469925503541138,2.082992756746294e-05,1.5380330646392405e-05,3.8849352060635494e-05,7.922104818231551e-05,3.6809333899826644e-05,0.00011793865466531956,0.08145089371384852,0.0063695156779543715,3.086758378982625e-05,3.669455975709513e-05,5.7068272329759495e-05,6.761807599422227e-05,2.6996503101253203e-05,8.130083087774879e-05,0.000792264346921183,0.2071217754515374,2.505556555632372e-05,3.0556769379481894e-05,2.563131399504153e-05,1.239930797440203e-05,2.9316146856552376e-05,1.5764229540599426e-05,2.614633289250181e-05,3.436186243207513e-05,0.0004840035176850463,0.006787551818667918,2.952617026038012e-05,0.3351298386993298,2.7653592223979944e-05,0.00025675346519279257,2.664053618124189e-05,4.618228264968761e-05,2.3484891930896742e-05,2.7684373559433974e-05,0.00013097778286075412,2.451452144745351e-05
LangermannJohannGottfried,0.0019593339777713875,8.098077132068942e-05,4.809202147890382e-05,0.00026207256881649534,5.576990360170972e-05,0.0006427282126163132,7.476071040393899e-05,5.9641140107504016e-05,0.13838672961035633,0.005595968121870505,0.0001576970380961899,0.001922123919908395,0.00011303004110522967,0.00034100112390784347,0.00019745566637826515,0.00091732861844972,0.00011884423933223685,0.003226819463916,0.10995494492794966,0.021972160248879977,7.127875754206257e-05,6.971420507836379e-05,0.00019518522534030486,8.350157369772963e-05,2.0973977109976762e-05,0.00027236608759934045,0.286819507350086,0.00015784471601858115,0.00011299530954449286,0.00027296787966000905,4.968844195007933e-05,5.826718864772726e-05,0.00014425075759940837,9.260635772330801e-05,0.044876079475599594,0.00011137680750799038,7.22683568878785e-05,0.0002253624128513068,5.863785592525276e-05,0.00010729753983239455,0.00026021920467853916,0.00010077372744887302,0.0026448252688789356,0.00017541749789549909,5.388179816102006e-05,0.022916602122527385,0.00013162479569771038,0.0006552654868727497,0.005718694047298664,6.759115836759361e-05,5.7086315858505545e-05,0.0005187668301416643,5.1738274256654996e-05,8.352938492248749e-05,6.782500823044685e-05,7.746307034339493e-05,6.188847186627941e-05,6.069794271483941e-05,5.664043847036135e-05,0.00010072960576942071,6.241573199471834e-05,0.00011863447251059367,6.677031752029734e-05,0.1509517863202105,4.8095378754456454e-05,3.551250120343622e-05,8.970143058202988e-05,0.0001829178860710548,8.499111914228531e-05,0.0002723151219584614,0.12043977726985033,0.00010817569501900402,7.127188170954526e-05,8.472611073800682e-05,0.0001317681093068032,0.00015612713798725144,6.233372811765257e-05,0.00018772001205732448,0.0018293032328324818,0.05100647614787051,5.785218942483713e-05,7.055422502353708e-05,5.918156703009938e-05,2.862945208957596e-05,6.768968265110906e-05,3.639890672071438e-05,6.0370722818511554e-05,7.934001609111078e-05,0.017218674876102846,0.0010734026001799637,6.817461737407824e-05,6.599815103655124e-05,6.385091775408419e-05,0.0005928323617531697,6.151181628975244e-05,0.00010663284202925449,5.42255736975436e-05,6.39219904922123e-05,0.0003024218905564916,5.660294257773686e-05
LentzTherese,0.2218516794588728,1.6600079858808633e-05,9.858283443113879e-06,5.372171072474675e-05,1.1432156528125287e-05,0.00013175151931671308,1.5325042510302522e-05,1.2225713246596584e-05,0.0540242708586204,4.6926664249525675e-05,3.2325987801817034e-05,0.07520821477267876,2.316979300383455e-05,6.990111104767272e-05,4.047602630843369e-05,0.0001880412852914564,2.436163340383584e-05,0.0006614590095572289,0.00018331001208085162,0.00041128011946326527,1.4611284236219643e-05,1.4290569881229792e-05,4.0010613322978116e-05,1.711681389436667e-05,4.299411938220034e-06,5.58317577277162e-05,0.010605475022186044,3.2356259991932016e-05,2.316267345344685e-05,5.5955117830399526e-05,1.0185530354665334e-05,1.194406979491716e-05,0.006014705869828756,1.898318463222097e-05,0.0003976205779267105,2.2830900087752554e-05,1.4814140147578095e-05,4.6196572217011157e-05,1.2020052109084107e-05,2.1994699492524995e-05,5.334179346542985e-05,2.0657396762701848e-05,0.0005421572301666683,3.595846799441044e-05,1.1045117721429066e-05,0.0002969097967148974,2.698149306739355e-05,0.00013432150908680878,7.208399641157628e-05,1.3855370952298847e-05,1.1702005138277291e-05,0.0001063409333846702,1.060572121517926e-05,1.712251485947755e-05,1.3903307349236365e-05,1.587899365290856e-05,1.2686389108983405e-05,1.2442345014739336e-05,1.1610605659984853e-05,2.0648352351411763e-05,1.279447106591848e-05,2.4318633739419005e-05,1.3687108494504633e-05,0.2595232196578029,9.85897164404569e-06,7.2796337494561205e-06,1.8387709660288754e-05,3.749595696439359e-05,1.7422152716530147e-05,5.5821310387009876e-05,0.14628381245166622,2.2174710697511127e-05,1.4609874773614858e-05,1.7367829195001095e-05,2.701087062600403e-05,3.2004177244153525e-05,1.2777661261741227e-05,3.8480334781054e-05,0.0003749850644264952,0.15489119011605074,1.1858999967488146e-05,1.4462763822401926e-05,1.2131506317452079e-05,5.8686918295562975e-06,1.3875567240228872e-05,7.461336172563897e-06,1.237526888886591e-05,1.6263744857356204e-05,0.0002290827436159172,0.00022003456614506025,1.3974973000340973e-05,1.352882369324335e-05,1.308866680929258e-05,0.05997288554359392,0.005997745386361212,2.185844447254742e-05,1.1115587553547566e-05,1.3103235862037685e-05,6.199283425455655e-05,1.1602919454953792e-05
LevezowMarieUlrikeWilhelmine,0.02015104911043159,2.703777870223521e-05,1.605691589353307e-05,8.750052640924126e-05,1.862039947553294e-05,0.009963027774555398,2.496103100227161e-05,1.991292403711289e-05,0.00025741958049132986,7.643293128734547e-05,5.2651728904357893e-05,0.015264408291833122,3.773835675144977e-05,0.00011385311321526284,6.592629983599504e-05,0.00030627675901790286,3.967959542365524e-05,0.049819538864029234,0.00029857058415993886,0.0006698823710041298,2.3798480073258952e-05,2.327610886597561e-05,6.516824725956621e-05,2.787942167143559e-05,7.0027704399058426e-06,9.093731613572735e-05,0.0221481392827122,5.2701035460960166e-05,3.7726760612787846e-05,9.113824186532663e-05,1.6589927159188095e-05,1.9454190501840106e-05,4.8162298259144003e-05,3.091931782950467e-05,0.0006476340647079777,3.7186376776249956e-05,2.412888651024001e-05,7.52437763570505e-05,1.957794852066912e-05,3.582439497635862e-05,8.688172704984424e-05,3.3646231041341965e-05,0.0057572687697306025,5.856821824796049e-05,1.7990000724825926e-05,0.00048359896135338125,4.394675476365071e-05,0.0002187793835047284,0.00011740854017125149,2.2567268159667763e-05,1.905992187942812e-05,0.00017320534890789374,1.7274323113659886e-05,2.788870725526219e-05,2.2645345717318265e-05,2.5863292228303282e-05,2.0663260910586832e-05,2.0265768231643048e-05,1.891105278430389e-05,3.363149973926189e-05,2.0839301993411165e-05,3.9609558687647855e-05,2.2293206640902233e-05,0.07176104052539697,1.6058036817327125e-05,1.1856878281623113e-05,2.9949423669310027e-05,6.107244032888459e-05,2.8376749610401892e-05,9.092029977867084e-05,0.3796155700637271,3.611759254924589e-05,2.3796184377194753e-05,2.828826887019333e-05,4.399460416770645e-05,5.212757223064577e-05,2.0811922621188973e-05,6.267576933649355e-05,0.03960450322294465,0.3400186543512402,1.9315630977559105e-05,2.355657388270307e-05,1.97594822389956e-05,9.558772747406952e-06,2.260016334862488e-05,0.03413167296308106,2.015651638086917e-05,2.648996499191373e-05,0.0003731240198282143,0.00035838658349077635,2.2762072867524704e-05,2.2035396469816885e-05,2.1318480375210792e-05,0.0001979342743122343,2.0537503524493656e-05,3.5602466340559466e-05,1.810478015614249e-05,2.134221006972876e-05,0.004975189479282185,1.8898533693284008e-05
LindenauBernhardAugustvon,0.003341846913890025,0.0001381210879782211,8.20259207390521e-05,0.0004469918938019988,9.512134345330264e-05,0.0010962394967727607,0.0001275121302330522,0.00010172413803380704,0.0013150145548539605,0.0003904536590463337,0.00026896862202674437,0.003278381308512962,0.00019278443508340327,0.0005816127145718392,0.0003367810780614636,0.0015645989133899884,0.00020270115199951035,0.055303044954193414,0.001525232319438082,0.003422059294126545,0.00012157329920282241,0.00011890479302585207,0.0003329086058530721,0.00014242057736584473,3.577328902176272e-05,0.0004645485555900248,0.013543878316832408,0.0002692205020098365,0.00019272519681142936,0.0004655749742422632,8.47487811014988e-05,9.938072159853844e-05,0.00024603459878657166,0.00015794972897690532,0.0033084049771377314,0.00018996467405360803,0.00012326116332263121,0.0003843789228575421,0.00010001293300891148,0.00018300706077926108,0.00044383078941907567,0.00017188002346555777,0.2286081898136469,0.00029919270049671065,9.190098418242192e-05,0.07716949568809915,0.00022449971382322543,0.001117623115776868,0.0005997754284839719,0.00011528371709958165,9.736662082188271e-05,0.0008848105274575658,8.82449822828378e-05,0.00014246801228846788,0.00011568257224697136,0.00013212128483678284,0.00010555719497445838,0.00010352662427248891,9.660613078269204e-05,0.00017180476937412358,0.0001064564917013212,0.00020234337297179083,0.00011388368806754694,0.2918884922626413,8.20316469200258e-05,6.057024677651265e-05,0.00015299507504230777,0.0003119853889111524,0.00014496115130753148,0.0004644616284139444,0.1215694023709498,0.00018450484534972275,0.00012156157175873221,0.0001445091520424545,0.00022474415001822782,0.00026629099488727166,0.0001063166256005909,0.00032017591185894487,0.003120066018639502,0.06868872641175561,9.867289746645272e-05,0.00012033753399458496,0.00010094028857891294,4.8830494033863486e-05,0.00011545176046357405,6.208210313993899e-05,0.00010296851686807873,0.00013532261009613334,0.001906084672747906,0.0018307992447786168,0.00011627886683021599,0.00011256667820093335,0.00010890434957303076,0.0010111369583006963,0.00010491476990027684,0.00018187334987173126,0.09969122801610962,0.00010902557148479756,0.0005158118386731306,9.654217765654189e-05
Ludwig,0.03753006064426472,6.230333320659833e-05,3.700005803740127e-05,0.00020162804469499684,4.290711029705228e-05,0.0004944891156116323,5.751786967566957e-05,4.5885483236807535e-05,0.0005931736506123637,0.00017612491167992448,0.00012132572893499218,0.013650006992206422,8.696074634121772e-05,0.0002623524856600987,0.0001519144109800909,0.000705755571886233,9.143395551864e-05,0.002482584507151172,0.15045802733030153,0.042712332405314565,5.483899584148407e-05,5.363529239589677e-05,0.00015016762538880778,6.424273669564114e-05,1.6136530478027112e-05,0.00020954746210899382,0.006109340550635443,0.00012143934636115329,8.693402528180968e-05,0.00021001045660343307,3.8228279440227936e-05,4.482842050188772e-05,0.00011098070405417417,7.12475896214467e-05,0.0838297834897467,8.568881521488591e-05,5.560035359071123e-05,0.00017338473406872476,4.511359692739991e-05,8.255039149914858e-05,0.0002002021412174543,7.753123386358738e-05,0.0020348216905424323,0.00013495913466137627,4.145447826500316e-05,0.001114360301538889,0.0001012667991532174,0.0005041347878219896,0.00027054527963072056,5.2001906044086456e-05,4.3919904694226e-05,0.00039911823693125766,3.980533758787743e-05,6.42641335281819e-05,5.2181820679228236e-05,5.959695621690964e-05,4.761448948247888e-05,4.6698544459917885e-05,4.357686464867215e-05,7.749728842627281e-05,4.802014211992531e-05,9.127256940226465e-05,5.1370384264475794e-05,0.07362689165147132,3.700264098955165e-05,2.732188344706636e-05,6.901265606040142e-05,0.000140729630250137,6.53887327715616e-05,0.00020950825120430629,0.009910474031815796,8.32260086154856e-05,5.483370585378189e-05,6.518484601369252e-05,0.00010137705885307862,0.33890742411144253,4.795705165049981e-05,0.0001444241919410576,0.013578594506241638,0.18218446796403612,4.45091368689644e-05,5.42815697984306e-05,4.5531906281348146e-05,2.202634358711624e-05,5.2077706646682544e-05,2.8003848034442917e-05,4.644679469388997e-05,6.104100243212238e-05,0.0008597921593618495,0.025168237620547745,5.245079582743327e-05,5.077631057336106e-05,4.912431605061114e-05,0.006541702522562235,4.7324705901688404e-05,8.203899986832881e-05,4.171896527162212e-05,4.917899654344029e-05,0.00023267118241804995,4.3548016824010023e-05
LudwigErnstKarlFriedrich,0.13649516155867492,3.4207341089059334e-05,2.0314701324299825e-05,0.00011070289409927431,2.355793954410315e-05,0.0002714968360755853,3.1579905687988396e-05,2.519320067375716e-05,0.00032567909848827634,9.670052335943984e-05,6.661329946498747e-05,0.05631227667422953,4.7745373455206454e-05,0.0001440433521073171,0.006250113009733635,0.0003874916530221806,5.02013671271243e-05,0.0013630509099237175,0.0003777420447144348,0.01934762938565546,3.0109083080846808e-05,2.944819557749701e-05,8.244880197942618e-05,3.5272161111432914e-05,8.85968332104286e-06,0.00011505101158777075,0.009521008762554871,6.667568055842699e-05,4.77307023879234e-05,0.00011530521645576912,2.0989050292436968e-05,2.461282553706854e-05,6.093341403254211e-05,3.911814143028926e-05,0.013152776389681006,4.704702587665964e-05,3.0527102838028194e-05,9.519604221265934e-05,2.476940026198263e-05,4.532388964941762e-05,0.00010992000875260066,4.256814564050454e-05,0.013450619207612957,7.409865435509414e-05,2.2760379014999136e-05,0.0006118340860583474,5.560004194550067e-05,0.0002767927453367933,0.00014854156566029231,2.8551392771115648e-05,2.4114009365958845e-05,0.00021913392049665827,2.1854926373176314e-05,3.528390893793396e-05,2.8650174023649934e-05,3.2721418008589894e-05,2.61425031162873e-05,2.563960797098789e-05,2.3925664902805403e-05,4.254950806378315e-05,2.636522471750233e-05,5.0112758867409135e-05,2.820465881951989e-05,0.1956237826094519,2.0316119481574523e-05,1.50009467899599e-05,3.789106206391653e-05,7.726691680107102e-05,3.590136466504926e-05,0.000115029483031881,0.017774707696481398,4.569483393048057e-05,3.010617863891135e-05,3.5789421635503115e-05,5.566057949569921e-05,6.595015304607343e-05,2.633058520311309e-05,7.929539786992187e-05,0.0007727217044280294,0.35618036837060085,2.443752441635089e-05,2.980303103185893e-05,2.499907097163474e-05,1.209345646934831e-05,2.859301072210332e-05,1.5375376119024734e-05,2.5501385990358842e-05,3.351426453685422e-05,0.05597241098259534,0.0004534193521673487,2.8797853516312378e-05,2.7878485558185503e-05,2.697146602634801e-05,0.00025042017353497654,2.59833988552482e-05,0.11104573569824686,2.290559431542356e-05,2.700148808412336e-05,0.00012774697739166964,2.390982614543712e-05
MahlmannErnestine,0.019451386100166293,3.596572108821173e-05,2.1358949820679693e-05,0.0011201185375772028,2.476890211519995e-05,0.024196874645099672,0.00035214048464500514,2.6488221530947826e-05,0.0033063639384228864,0.00010167127702720132,7.003746193209738e-05,0.0072472992284936125,5.0199656865224206e-05,0.0010152812535251976,0.0012013720863763178,0.02855123599491518,5.2781897419046785e-05,0.04293505372339764,0.0012628552538181132,0.006894122137129589,0.0011107457603625527,0.0005944616556937161,0.0006603208217420346,3.708527667816901e-05,9.315102814478102e-06,0.00027072364466083877,0.24740451549229742,0.000641191765527924,0.00023733053976124054,0.00047895333467903194,2.2067962743987597e-05,2.587801303101412e-05,0.01607782774311226,4.1128954177060616e-05,0.005671598548214615,0.0003893451896892589,0.0007761764272134497,0.0004301048934237786,0.0007581594998287024,0.001897579911110362,0.0015673325166747915,0.00022964339139720788,0.020605776632203286,7.790759090596149e-05,2.3930344114856103e-05,0.004678648499064937,5.8458083482680284e-05,0.001628720773326454,0.00015617713480376433,3.0019036744553006e-05,2.5353555919959717e-05,0.00023039818982218083,0.0003224955449717147,3.70976283850798e-05,3.0122895707696125e-05,0.0006378179631758337,0.0002715252760466921,0.0016120342999992447,2.515552987599887e-05,4.473670536036168e-05,2.7720491813407717e-05,0.0004405154777497026,8.480737923498555e-05,0.186654600279131,2.1360440876323823e-05,1.5772049248205375e-05,0.0016238117193384958,0.0041848009952627765,3.774682355075876e-05,0.0014429504283676679,0.14202675348644195,0.0010459765799988427,0.0018889523712690482,0.0008819303533470308,0.0011440205169905323,6.934022740921494e-05,0.00042017889473935867,0.0005974169279800667,0.012317861001370329,0.17124734226146526,2.5693700804063567e-05,3.1335013700260494e-05,0.0005977606135083427,1.2715103498883837e-05,3.006279400746301e-05,0.00017126669600314612,0.003005573315209669,3.5237017915857865e-05,0.0117577788058876,0.004669661135975735,0.00013943163537251214,2.931153968783989e-05,0.0008233485619488566,0.003986493777468658,0.0003188041926471013,0.0002345047981888406,2.408302400246293e-05,2.8389461398706997e-05,0.00013431363012895382,2.5138876949704225e-05
MahlmannSiegfriedAugust,0.010376821941431908,6.771725392482328e-05,4.0215221183166936e-05,0.00021914874852202462,4.663557363024316e-05,0.0010427482396817153,6.251595196562789e-05,4.987275575620475e-05,0.0010459923146579383,0.00019142949105415455,0.0006521430883718137,0.005734087749881425,0.002956943770748047,0.012737815750070824,0.000967663488027945,0.004115066176918658,9.937921559790652e-05,0.012124429185398767,0.002430729154599086,0.01589959706193053,5.9604294268911065e-05,5.829599361018507e-05,0.00016321661613225987,6.982518413932249e-05,0.0016474894977707587,0.0017503584798639657,0.04719892567775987,0.002079372531510508,9.44882586810275e-05,0.0019232262197365374,4.155017031558843e-05,4.872383832352633e-05,0.00012062450161809735,7.74387319203035e-05,0.1514468488249894,9.313484463475152e-05,0.008558270835429238,0.00018845120251730502,4.903379548674497e-05,8.97237039341804e-05,0.0002175989395007184,0.0016893649954200095,0.036831520646935255,0.00452812538569661,4.505671344554946e-05,0.02401753482714054,0.0001100664956347191,0.010320744252072888,0.009021258020508,5.652067224854775e-05,4.773637597639737e-05,0.0030111329508618946,4.326426876814574e-05,0.003541760057039571,5.6716220775498764e-05,0.0005178667648908838,5.175200601377091e-05,0.002624227356168722,0.00037192695567955694,8.423150558325824e-05,5.2192908309706594e-05,9.920380564694464e-05,5.583427364821696e-05,0.12142707695723846,4.0218028583953394e-05,0.0017148648271875372,7.500959120392231e-05,0.06504655346240006,7.107076287926926e-05,0.015953915168461823,0.22857872100379473,9.045802958689052e-05,5.9598544601565045e-05,7.084915914406063e-05,0.00011018633647964499,0.00013055569705270898,5.212433552044416e-05,0.00015697410034434963,0.021546659501314055,0.10716440960864274,4.8376810167375955e-05,5.899843004048222e-05,4.948845431930708e-05,2.3940348372343388e-05,5.6603059632809094e-05,3.0437275032015463e-05,5.048284302624085e-05,6.634523144716788e-05,0.01745777175818548,0.018310705886012083,5.700856883254521e-05,5.5188577231656504e-05,5.339303072038853e-05,0.00161172909896091,5.143704135114906e-05,0.015314638503836967,4.534418335871834e-05,5.3452462738341205e-05,0.0002528894158607123,4.733217247647435e-05
MannLukreziavon,0.01759200819097486,3.113530514670336e-05,1.849031244636873e-05,0.00010076107287702892,2.1442287327261287e-05,0.00024711470019169216,2.8743830090147192e-05,2.293069164766036e-05,0.0002964310521807524,0.08989435146837872,6.0631003160150916e-05,0.011964805797428316,4.3457536439352724e-05,0.0001311073465353247,7.591731129958077e-05,0.00035269244771862096,4.569296632016248e-05,0.006853536256964358,0.0003438184160032596,0.06251325732679146,2.7405096671177373e-05,2.680356105252561e-05,7.504437722669389e-05,3.210449758515116e-05,8.064027630374742e-06,0.00010471870186858342,0.10969808903028773,6.0687782036198843e-05,4.344418292685679e-05,0.00010495007752898038,1.9104100604987986e-05,2.2402437875076465e-05,5.54612074231165e-05,3.560508450607109e-05,0.006358677789528444,4.282190489757613e-05,2.778557560589808e-05,8.664683452984239e-05,2.254495119775095e-05,4.125351722006447e-05,0.00010004849559427241,3.874525648151936e-05,0.0010168764814570104,6.744412575942185e-05,2.071635278642784e-05,0.0005568875089994568,5.060680593781497e-05,0.00025193500325025706,0.0001352015920138695,2.598729681964041e-05,2.1948418556264867e-05,0.0001994543061646804,1.989221552812281e-05,3.211519038240682e-05,2.6077206889891745e-05,2.978282737257603e-05,2.3794740716769103e-05,2.3337008741491408e-05,2.1776988619114625e-05,3.8728292677261515e-05,2.399746050719473e-05,0.016884300177763597,2.5671701773549285e-05,0.02650733684360972,1.8491603244135752e-05,1.3653766733253727e-05,3.448820464067115e-05,7.032785816596896e-05,3.267719467348174e-05,0.00010469910671340163,0.17333951305098086,0.04494475878067485,2.7402453066528118e-05,3.257530483717756e-05,5.0661906832484275e-05,6.002741149086343e-05,2.3965931840648144e-05,7.217416878387264e-05,0.03438070212421404,0.3803220743344278,2.224287990557824e-05,2.712653003510933e-05,2.275399602265157e-05,1.1007387463153682e-05,2.602517721496865e-05,1.3994569936459653e-05,2.321119997039567e-05,3.050447125970964e-05,0.0004296702899619355,0.011638491329891178,2.6211623828524428e-05,2.537482093747667e-05,2.454925750580695e-05,0.00022793085547346493,2.364992502633891e-05,4.099795570103232e-05,2.084852683289679e-05,2.4576583392596384e-05,0.00011627448951098892,2.1762572282500725e-05
MayerJohannSiegfriedWilhelm,0.02072377845322278,6.191426027242363e-05,0.0002115253787215772,0.028109158246409457,4.263916323160597e-05,0.00121408737365947,0.0006198552400108362,4.559893677644771e-05,0.003843521853024257,0.000940245503603861,0.00024474705150149997,0.010850712885829606,0.0005796560710803447,0.0011337005126225359,0.00040842890763859624,0.003619059458798234,0.0005452640599210702,0.019095627932460092,0.0022200268000196295,0.003961522861117268,0.0001655181915453878,0.00013490300284107746,0.00020989289010813522,0.000280065505569147,0.0007381437038642793,0.0009073835604880637,0.09285283322856218,0.00022161714493376948,0.0003150555590687171,0.004806318669018753,3.7989550818744096e-05,0.00230066408049582,0.0003506989422375908,0.0008770290344983173,0.01072928388488505,0.0008567028620541828,0.00032572430658095144,0.00017230197807874392,4.483187075603258e-05,0.0003929455770174593,0.003723910649986982,7.70470654716739e-05,0.2884702296951308,0.0001341163395200271,4.119560262122721e-05,0.012734566778517468,0.000749983026869529,0.11394032945992247,0.0009212246488748628,0.000834160282476722,0.0002922523627771869,0.003278020472731496,3.955676052636173e-05,0.0008768281081177149,5.185595474176835e-05,0.00014334851764528063,4.731714569397325e-05,4.6406920580751436e-05,4.3304735089652076e-05,0.0002106227285150998,4.772026510480429e-05,0.0007798601704905343,5.104958559919114e-05,0.14383846513869536,3.6771566256290146e-05,0.0001693077062214212,6.858168463067756e-05,0.0012923462447291597,6.498039208075085e-05,0.0007817600233564573,0.1078978974850932,8.27062773955796e-05,5.449127937785872e-05,6.47777785584382e-05,0.0023920101681718865,0.0004744099692392523,0.0007235125307448896,0.0037345491272298323,0.013173904077169573,0.04602848001109279,0.00026045513846841337,5.3942591311307725e-05,0.00016451521394651573,2.1888793095232264e-05,0.00011902685344983543,2.7828969119268137e-05,0.0001736345362717875,0.00048213192398204047,0.005688035898549171,0.022154220800318973,0.00013494239031767066,5.0459221789750817e-05,4.881754367100574e-05,0.0023036195794593865,0.0006196574751430402,0.00033202842330282275,4.145843795480685e-05,0.00045251805809914215,0.0025540139702523034,0.0007119709511046606
MayerJohannSiegfriedWilhelmANDMayerJulieHenriette,0.026141480861205924,3.632679953650881e-05,2.1573383348637903e-05,0.01241509143424137,2.501756991529334e-05,0.0028272241009174004,3.353657041986e-05,2.6754150466588677e-05,0.011202744925214055,0.00010269200748483129,7.074060418288335e-05,0.01713921416851679,5.070363714582204e-05,0.0001529681585875388,8.857574820404829e-05,0.0008828401415112554,5.331180214614792e-05,0.013761954335180737,0.00040114662812074065,0.006590423887883505,3.197461686537908e-05,3.12727813211353e-05,8.755726128301331e-05,3.7457594923221795e-05,0.001967099968439243,0.00012217947672519408,0.06705093702280496,7.080685035706997e-05,5.068805707139327e-05,0.002632979216998749,2.2289514418848586e-05,2.6137815768385413e-05,6.470879776572892e-05,4.154186898885904e-05,0.0030439402971399847,0.000521301847979511,3.241853677958383e-05,0.0016382854950297335,2.6304091733232546e-05,0.010563299732033573,0.004459485369308674,4.520563259498995e-05,0.23843877690892445,7.868974544599956e-05,2.4170593198115527e-05,0.02974097652396344,0.009530484188587884,0.03962754537435756,0.000157745077716854,3.0320413357592723e-05,2.5608093361540232e-05,0.009028894384455208,0.0014439249215947266,3.747007063529722e-05,3.0425315014504188e-05,3.474880989591236e-05,0.0004991020983484204,2.7228216789250692e-05,2.540807923185464e-05,4.5185840249491894e-05,2.7998792146813166e-05,5.321770379224281e-05,2.9952196058290568e-05,0.18203039843596264,2.157488937375967e-05,1.5930392995993412e-05,4.023876080393598e-05,0.0005533941382504249,3.812578340651757e-05,0.0011010022875262984,0.13386016687356686,4.852604789495129e-05,0.0025708770788013566,3.800690447982037e-05,5.910926277964562e-05,0.0015866453454938176,2.79620063968777e-05,0.011130539529238872,0.04334325426205031,0.0643768731735978,2.5951653135801495e-05,3.164960208558736e-05,0.0019233475500933927,1.2842756989552161e-05,3.036460992226324e-05,1.6328021655353848e-05,2.708143068948403e-05,3.559078053667305e-05,0.04047666203665818,0.0011387108144382634,3.058214460589614e-05,2.9605813372544412e-05,2.86425956637206e-05,0.0015304690378295544,2.759330867120926e-05,4.783394642000997e-05,2.4324805917964687e-05,2.8674477863264807e-05,0.00013566207402733032,2.539125911823262e-05
MayerJulieHenriette,0.00047735050239116445,1.9729261224737178e-05,1.1716609253146927e-05,0.007177206758829163,1.3587163701853153e-05,0.217114015083433,1.821387424263029e-05,1.453030903178707e-05,0.000187837107619194,5.577252791908394e-05,3.841956563548048e-05,0.0004682850546337042,2.7537391541714362e-05,8.307774971498679e-05,4.810591895765341e-05,0.00022348781873973041,2.8953898618175404e-05,0.13593995420476762,0.00021786468162885136,0.000488808064927841,1.736556968262384e-05,1.6984399390556823e-05,4.755277376524848e-05,2.0343401690201712e-05,5.109868263488244e-06,6.635626709119978e-05,0.16909853183235007,3.845554425436082e-05,2.752892992763804e-05,6.650288106602706e-05,1.2105543514783093e-05,1.4195574664381516e-05,3.514366228094778e-05,2.2561590767755688e-05,0.018255969372820764,2.713461595717121e-05,1.7606664743624367e-05,5.490481062193282e-05,1.428587994829642e-05,2.614078820936245e-05,6.33969346187816e-05,2.455139857282799e-05,0.007757714324845261,4.273678285509103e-05,1.3127166533986011e-05,0.018136274207039928,3.206761229389934e-05,0.00015964165012545615,8.567211768998519e-05,1.646716372502788e-05,1.3907879852986375e-05,0.00012638662412911466,1.2604942031045492e-05,2.0350177310009713e-05,1.6524136324280233e-05,1.887224738849301e-05,1.5077824134501333e-05,1.4787776753606315e-05,1.3799251207921185e-05,2.454064925387989e-05,1.5206279972074993e-05,2.890279334524469e-05,1.6267183121779352e-05,0.13061042600814482,1.1717427182703553e-05,8.651873791271044e-06,2.1853866384863048e-05,4.456409463774211e-05,2.070629810008376e-05,6.63438503850362e-05,0.1667455371695195,2.6354732245581453e-05,1.7363894530687655e-05,2.064173437773964e-05,3.2102527639662795e-05,3.8037092502156815e-05,1.518630145266e-05,4.573403160514917e-05,0.004002350392543349,0.02759491579600744,1.4094468834652645e-05,1.7189052577505156e-05,1.441834372016925e-05,6.974963683163068e-06,1.6491167093911073e-05,8.867827846983544e-06,1.4708056510055926e-05,1.93295257319494e-05,0.09274592353929746,0.00026151196083819094,1.6609311236901726e-05,1.6079061003178078e-05,1.555593278830247e-05,0.0001444311326844325,1.4986059927519073e-05,2.5978848573819503e-05,1.3210920210965555e-05,1.55732481656892e-05,7.367873115507771e-05,1.3790116122537594e-05
MayerJulieHenrietteANDMayerJohannSiegfriedWilhelm,0.0009929807198432504,4.104065233990559e-05,2.437279741412769e-05,0.00013281707508107994,2.826390990626504e-05,0.0003257314630725905,3.788835638798781e-05,3.022583332300661e-05,0.0003907372578486128,0.00011601756915128954,7.992007497568844e-05,0.0009741228474940812,5.728306294583065e-05,0.0001728176744377758,0.00010006955014399062,0.00046489758367641534,6.022966970418015e-05,0.0830196685511814,0.007851776059273683,0.0010168146503373573,3.612371998680673e-05,3.533081257578779e-05,9.891890191259527e-05,4.23181824533695e-05,1.0629507335104573e-05,0.00013803377922987214,0.03361866720961262,7.999491741263113e-05,5.726546116350413e-05,0.00013833876445463634,2.518185537291602e-05,2.9529521553274213e-05,7.310556686304126e-05,4.693244173652629e-05,0.0009830439395882298,5.644521237717826e-05,3.6625244015845625e-05,0.00011421255052864341,2.9717373886891303e-05,5.437785979772992e-05,0.00013187779934926584,0.09623255547331526,0.1197175951898412,8.890071591138321e-05,2.730702745492896e-05,0.11171269021799997,6.670679213647734e-05,0.0003320852913414132,0.00017821445807254224,3.425486305669698e-05,2.8931061093961187e-05,0.0002629084506617866,2.6220700195918908e-05,4.233227704382374e-05,3.4373377004694435e-05,3.925789897153893e-05,3.136476988659013e-05,3.076141563090785e-05,2.8705092650161303e-05,5.1049263464626504e-05,3.1631982698607746e-05,6.012336092174814e-05,3.38388649957885e-05,0.19770901294163667,2.437449886468833e-05,1.7997559072870248e-05,4.5460239102078274e-05,9.270187535339852e-05,4.3073076679955875e-05,0.00013800795009643113,0.2950727109252358,0.014851974265896703,3.612023534906757e-05,4.2938771738057046e-05,6.677942276113592e-05,7.912445740464583e-05,3.159042354136222e-05,9.513556893127835e-05,0.000927081784707112,0.01301127035801036,2.931920201012591e-05,3.5756530508158685e-05,2.999292397197249e-05,1.4509263998453455e-05,3.430479467380623e-05,1.8446784982595482e-05,3.059558221409942e-05,4.020912574595211e-05,0.015363516422173262,0.000543995101754256,3.455055718073657e-05,3.344753486036097e-05,3.235932770696863e-05,0.00030044449389358887,3.1173882712807675e-05,5.404099425539344e-05,2.7481251187888408e-05,3.239534701734059e-05,0.00015326591075744632,2.8686089918175915e-05
MayerThereseApollonia,0.0018598985148278048,7.687102761330975e-05,4.565136946454599e-05,0.0002487724844507239,5.293960195540101e-05,0.014467982205192272,7.096663245023441e-05,5.661437466355545e-05,0.0007318688379722461,0.00021730623792220088,0.00014969397268425742,0.0018245768534157199,0.0001072938090022094,0.0003236954450369928,0.00018743486552455426,0.0008707745358472759,0.00011281293885449992,0.03077880400452856,0.0008488651331991003,0.0019045405617907074,6.766138738738377e-05,6.617623537317055e-05,0.00018527964851591046,7.926390021717502e-05,1.990955565485005e-05,0.00025854361102422505,0.0075378195996305564,0.000149834156007593,0.00010726084005512591,0.0002591148623640022,4.716677219683426e-05,5.531015072395384e-05,0.00013693008586881624,8.79066198755471e-05,0.001841286468824132,0.0001057244763886515,6.860076493834681e-05,0.0279296697706884,5.566200677646262e-05,0.00010185223001437308,0.0002470131778461701,9.565949865729827e-05,0.0025106013805579696,0.00016651512580910077,5.114731715616975e-05,0.09838002421253432,0.0001249448867880802,0.0006220110096997182,0.0003338038687622123,6.416093248501116e-05,5.418920678494648e-05,0.0004924396084938348,4.9112576284293906e-05,7.929030003272945e-05,6.438291455521857e-05,7.353184863846237e-05,5.8747655180247144e-05,5.761754493577466e-05,5.376595750666472e-05,9.56176161364948e-05,5.9248157055341916e-05,0.00011261381762021291,6.338174900219685e-05,0.2178814715033811,4.5654556359626176e-05,3.371025511496451e-05,8.514911669485324e-05,0.0001736348721038163,8.067785179027478e-05,0.0002584952318704649,0.06765921861305052,0.00010268581915532241,6.765486050078239e-05,8.042629246290828e-05,0.00012508092728537692,0.00014820374441579048,5.917031484421556e-05,0.00017819329200119278,0.12645731665145588,0.3846753846392083,5.491621255564527e-05,6.697362462185322e-05,5.6178124747095605e-05,2.717651815659425e-05,6.425445669816919e-05,3.455167588540204e-05,5.730693132619773e-05,7.53135400949438e-05,0.0010608277827583751,0.0010189278216661227,6.471478116621352e-05,6.26487696772771e-05,6.061050767684377e-05,0.0005627463422140642,5.839011473266049e-05,0.0001012212653749114,5.147364621342498e-05,6.0677973500225035e-05,0.00028707409327796826,5.373036451649784e-05
MerzdorfErnestineAmalie,0.030999165927619005,4.939653730144265e-05,2.9335103804790846e-05,0.0035308959031707084,3.401844757257693e-05,0.003227766627795566,4.560243326809405e-05,3.637981898634017e-05,0.017658689684230986,0.00013963876925591673,9.619181810207475e-05,0.019533828905109966,6.894590593028375e-05,0.0002080033872515634,0.00012044373041360845,0.053764516151485434,7.249244240943146e-05,0.021841323088843716,0.000545472065586168,0.0012238383149481432,4.347851654541397e-05,4.2524173028147225e-05,0.00448945186903707,5.0934172799552794e-05,1.2793677138116831e-05,0.0001661374840759454,0.06449169190835125,9.628189847403255e-05,0.02205475262445166,0.00016650456435300047,3.0308886124558166e-05,3.554173800209676e-05,8.798987478525139e-05,5.648789618852917e-05,0.0011831918807881899,6.793746881956974e-05,4.408215096630013e-05,0.00013746624848346684,3.57678371081204e-05,6.544920284464862e-05,0.01115164209748494,6.146981691766001e-05,0.06255794325765984,0.00010700091931461971,3.286674366424117e-05,0.007625583243055525,8.028830825442633e-05,0.010393256060761314,0.00021449895710544086,4.122915997343122e-05,3.482143087449416e-05,0.00031643666339464707,3.155923995969875e-05,5.0951137051420804e-05,4.137180338476183e-05,0.020273474286454957,3.7750643260308344e-05,3.702444595842445e-05,3.454945521068979e-05,6.144290363751555e-05,3.807226065388511e-05,7.236448913779773e-05,4.072846462476073e-05,0.17078821144101225,2.9337151671023316e-05,2.1661865671991845e-05,5.471595280552689e-05,0.00011157599557342637,5.1842763640492227e-05,0.00016610639612580963,0.08469349830210916,6.598485871362065e-05,4.3474322434739537e-05,5.168111418576797e-05,8.037572648868003e-05,9.523421263566562e-05,3.802224004397636e-05,0.00011450518964676547,0.08711093222902458,0.19436217740663794,0.030614011236557874,4.303656721603892e-05,3.609948924521117e-05,1.7463353028119377e-05,4.1289257677693585e-05,2.220255406609274e-05,3.682484882504169e-05,4.839571172793133e-05,0.007423751590018455,0.0006547526124353999,4.158505747981021e-05,4.025745959609482e-05,3.894769325030079e-05,0.0003616150524780341,0.05675184437532221,6.504375141103643e-05,3.3076439383808485e-05,3.8991046099413044e-05,0.005855903228995794,3.4526583518700814e-05
MeyerJohannFriedrichvongenImo,0.0013009976712377135,5.3771228437066135e-05,3.1933100052873315e-05,0.00017401617365578507,3.7031213429731033e-05,0.0004267715036533536,4.964110827406389e-05,3.960171429175224e-05,0.0005119417249179842,0.0001520055568775947,0.00010471082605201792,0.0109698618205656,7.505194210180978e-05,0.0002264247306108377,0.00013111055340499353,0.0006091061605128985,7.891256945746596e-05,0.0021426079758154787,0.18477164144389774,0.0013322247509278099,4.73290917337223e-05,4.629022896969441e-05,0.00012960298066008115,5.544504109962718e-05,1.3926719837579775e-05,0.0001808510696547589,0.005272699379641839,0.00010480888418570208,7.502888034707596e-05,0.0001812506595553994,3.2993123172401885e-05,3.8689410585573273e-05,9.578249641981316e-05,6.149061727438072e-05,0.0788365515667837,7.395419506918459e-05,4.7986185653886576e-05,0.00014964063178118993,3.893553364082351e-05,7.124556151997113e-05,0.0001727855399533169,6.691375039698575e-05,0.0017561638570449151,0.00011647721054476553,3.577751150384369e-05,0.0009617546807094348,8.739885829706238e-05,0.0004350962531837247,0.00023349556572444723,4.488052605126569e-05,3.7905311107773736e-05,0.0003444611513843833,3.435421172980857e-05,5.5463507751588856e-05,4.503580234945828e-05,5.1435475149729056e-05,4.1093942476347367e-05,4.0303431174478456e-05,3.760924854252748e-05,6.688445360385617e-05,4.144404317741099e-05,7.877328429753054e-05,4.43354877663665e-05,0.19118221885738648,3.193532928368605e-05,2.358029916780617e-05,5.9561745786010585e-05,0.00012145746794880232,5.643409920638951e-05,0.00018081722847155632,0.2508925788244715,7.182865652354152e-05,4.732452618124666e-05,5.625813363812181e-05,8.749401852691686e-05,0.00010366841245179652,4.13895926068062e-05,0.019511789331462415,0.0012146572625712742,0.026740863781206502,0.21329698962399324,4.684800217470296e-05,3.929655778946617e-05,1.9009954872377525e-05,4.4945946170994206e-05,2.4168872390561625e-05,4.008615717834768e-05,5.268176703999442e-05,0.0007420482698114795,0.0007127392772124836,4.5267942804770146e-05,4.3822769256628735e-05,4.239700645570431e-05,0.0003936406609722045,4.0843843190835216e-05,7.080420220921916e-05,3.60057784443039e-05,4.244419875055663e-05,0.00020080812143768656,3.758435127154721e-05
MiltitzCarlBorromäusvon,0.0010897301298940783,4.5039379427591444e-05,2.674752002855814e-05,0.00014575788390242287,3.10177565364318e-05,0.00035746856154539964,4.15799448096764e-05,3.317083666884919e-05,0.0004288080868448687,0.0001273215463047335,8.77069533617425e-05,0.0010690348723992199,6.286434205343348e-05,0.00018965587452976772,0.00010981965882889152,0.0005101940995663199,6.609804649638567e-05,0.0017946722883648211,0.3171556531553881,0.001115886279408572,3.964337402210015e-05,3.877321100811933e-05,0.00010855689911804965,4.6441383543752305e-05,1.166517554421608e-05,0.00015148286886545388,0.05313313260368595,8.778908794593059e-05,6.28450252709847e-05,0.00015181756981377695,2.763540719182696e-05,3.2406680930360086e-05,8.022848508701958e-05,5.150522543666757e-05,0.14722880792619936,6.194485692067731e-05,4.019376320326756e-05,0.0001253406587217118,3.261283634085564e-05,5.967607531201252e-05,0.00014472709141594067,5.6047702101139225e-05,0.0014709823932522385,9.756260797599484e-05,2.996764184925797e-05,0.0008055764251588994,0.00819264974259812,0.0003644414644088125,0.0001955784847212856,3.7592428153258475e-05,3.1749910480510264e-05,0.0002885244943478317,2.8775470116804424e-05,4.6456851416974396e-05,3.7722489308892906e-05,0.016281969898706408,3.4420743605180157e-05,3.375860254012444e-05,3.1501925180601444e-05,5.6023162781132434e-05,3.4713991849109075e-05,6.598137969614126e-05,3.713589801939944e-05,0.22509190231505385,2.674938725709884e-05,1.975112103823247e-05,4.988958120913344e-05,0.000101734127009264,4.726982962246784e-05,0.00015145452311374165,0.0396421033190392,0.08937404282944132,3.963954986453068e-05,4.7122438903941166e-05,7.328596375086896e-05,8.683381612784419e-05,3.4668383445120525e-05,0.00010440494343676125,0.0010174104426023435,0.08735399302529792,3.2175869255476365e-05,3.924040805280515e-05,3.291523418605777e-05,1.5922949787180234e-05,3.764722477368719e-05,2.024411652059585e-05,3.3576611422645395e-05,4.412683443539629e-05,0.0006215478899974058,0.0005969983515792602,3.791693273804986e-05,3.67064392889437e-05,3.551220449775349e-05,0.0003297177989601897,3.4211257659960684e-05,5.930638784087497e-05,3.0158840779261888e-05,3.5551733289185136e-05,0.00016819911756636255,3.148107094931481e-05
MosengeilFriedrich,0.0018569694677924979,3.672577706046658e-05,2.1810323986999978e-05,0.00011885313734421536,2.5292338081704834e-05,0.043308528427114225,3.390490283556604e-05,2.7047991510802488e-05,0.002949458974438301,0.00010381987460770774,7.15175487929308e-05,0.0008717068683576585,5.126051558989644e-05,0.00015464820907192843,8.954857634063216e-05,0.00041601982523674754,5.3897326086857876e-05,0.0921572193195459,0.01686813788395767,0.13794931579049546,3.232579433295715e-05,3.161625052343153e-05,8.851890336976286e-05,3.7868991981772485e-05,9.511956910881372e-06,0.0001235213748754367,0.04546063680150083,7.158452254936757e-05,5.124476439938814e-05,0.00012379429498593245,2.2534320330366214e-05,2.6424887603779406e-05,6.541949499863292e-05,4.199812366147605e-05,0.002267336584042605,5.051075379421482e-05,3.277458982305807e-05,0.00010220462953371957,2.6592989778851353e-05,4.866075566773829e-05,0.00011801261388373982,4.570212641200149e-05,0.008998868358210904,7.955399553682739e-05,2.4436059012605547e-05,0.04559975343622323,5.9693465789310774e-05,0.0002971709677968751,0.00015947759314147178,3.065342269508282e-05,2.5889347251589055e-05,0.00410881666583791,2.3463944524787866e-05,3.788160471469139e-05,0.028113993495254338,3.513045634728271e-05,2.8067184138974014e-05,2.7527264507600965e-05,2.5687136365149858e-05,4.568211668701774e-05,2.8306303100353603e-05,5.380219424999448e-05,3.028116126229717e-05,0.09285409276587311,2.1811846552807457e-05,1.610535662709524e-05,4.068070342914712e-05,0.03671027214652297,3.8544519184416076e-05,0.00012349826132966352,0.19677657667183773,0.04750004062777525,3.2322676058235666e-05,3.842433460953545e-05,5.9758460275920824e-05,7.080557976043349e-05,2.8269113332238346e-05,8.513333721290497e-05,0.002494489572449083,0.10512613937285133,2.6236680345543084e-05,0.0442286398693285,2.6839569460623234e-05,1.2983809090201254e-05,3.069810467096944e-05,1.6507352445137155e-05,2.7378866254950388e-05,3.5981674358188357e-05,0.0005068193552077286,0.004054991187314853,3.091802853973722e-05,0.002629733483630165,2.8957177516331916e-05,0.0002688567767002029,2.7896366196559863e-05,4.835930702835656e-05,2.4591965451965185e-05,2.898940987832354e-05,0.022339496963952543,0.009709543931090787
MüfflingWilhelminevon,0.0013267189618054866,5.4834309041584116e-05,3.2564431348346204e-05,0.00017745654919606893,3.7763336646982566e-05,0.000435208962147088,5.0622534604219235e-05,4.038465743054436e-05,0.000522063035779252,0.0001550107729381624,0.00010678100468647557,0.0013015230075185801,7.653575168360541e-05,0.00023090124614697267,0.0001337026661467658,0.010506366213390371,8.047270532345413e-05,0.012070186027448531,0.08957247967847165,0.0013585634144609995,4.826480848995117e-05,4.7205406956635416e-05,0.00013216528803211203,5.6541213709458875e-05,1.4202057154100546e-05,0.0001844265740656601,0.0646882494955768,0.00010688100147216872,7.651223398793671e-05,0.00018483406403266468,3.36454115866066e-05,3.945431708276989e-05,9.76761580889973e-05,6.270631355814223e-05,0.0013134424555046275,7.541630171405706e-05,4.893489344309306e-05,0.00015259909224263517,3.970530609801335e-05,7.2654117299918e-05,0.0001762015853293403,6.823666438445117e-05,0.03144653725776198,0.00011878001572511252,3.6484848488011166e-05,0.08994772881887715,8.912677178933764e-05,0.0004436982956012496,0.02989376515117325,4.576783359755889e-05,3.865471561680512e-05,0.00035127129836615183,3.503340945757126e-05,5.656004545517241e-05,4.592617977579232e-05,5.245237689449469e-05,4.190638761624058e-05,4.110024756165213e-05,3.8352799765703494e-05,6.820678838096213e-05,4.226340996063926e-05,8.033066643524565e-05,4.521201966839347e-05,0.03679849044649841,3.256670465202297e-05,2.4046491951989372e-05,6.0739307440389514e-05,0.00012385873498701696,5.754982592574415e-05,0.00018439206382752719,0.17677109230550764,7.324874034565714e-05,4.826015267451469e-05,5.737038144155568e-05,8.922381337838031e-05,0.00010571798211538829,4.2207882878539426e-05,0.00012711038665806564,0.11986128467134892,0.3238260750685081,3.917330968720116e-05,4.777420758082703e-05,4.0073467851307047e-05,1.938578995937464e-05,4.5834547101546055e-05,2.464670152369269e-05,4.087867796399119e-05,5.372330851821266e-05,0.0007567188872807454,0.0007268304431334849,4.616290974900695e-05,4.468916449042025e-05,4.3235213737976735e-05,0.000401423108277067,4.165134375893121e-05,7.220403212337273e-05,3.6717628365298556e-05,4.3283339045051364e-05,0.00020477818545398385,3.832741026483272e-05
MüllerFriedrichTheodorAdamHeinrichvon,0.0013378444973856523,5.5294135933200835e-05,3.283750857874989e-05,0.00017894465572718205,3.8080010605512604e-05,0.008338648135207936,5.104704260185197e-05,4.0723313133878015e-05,0.0005264409266867184,0.00015631065476640253,0.00010767644366121408,0.0116540528562828,7.717756148132772e-05,0.0002328375266279699,0.00013482386348561638,0.017172942211508235,8.114752943623377e-05,0.006339937109748141,0.029767930082191918,0.15275916137943812,4.866954518218484e-05,4.760125977082717e-05,0.00013327359330006654,5.701535427952679e-05,1.4321152076784453e-05,0.00018597312949357326,0.0909984010600986,0.0001077772789951071,7.715384657210627e-05,0.0001863840365701972,3.3927553648710484e-05,3.978517118309734e-05,9.849524608233859e-05,6.323215312377471e-05,0.001324456657601605,7.604872408247067e-05,4.934524930125603e-05,0.005985345249111745,4.0038264929862484e-05,7.326337667612064e-05,0.00017767916804527247,6.880888009805484e-05,0.005942548129526221,0.00011977607542517443,3.679080136249029e-05,0.05269707147565828,8.987416675333079e-05,0.00044741903926790605,0.010581724221967752,4.615163127873761e-05,3.8978864457906115e-05,0.00035421697219819334,3.53271909249623e-05,5.7034343943580996e-05,4.631130530867936e-05,5.2892229494935284e-05,4.225780417082592e-05,4.144490402603139e-05,3.867441681549047e-05,6.87787535618235e-05,4.2617820415899776e-05,8.100429944519944e-05,4.559115643205843e-05,0.2251798980857369,3.2839800945786476e-05,2.4248139858962796e-05,6.124865218143632e-05,0.00012489738356496232,5.803242446726037e-05,0.0001859383298611577,0.07498187404583324,7.386298608298268e-05,4.86648503242369e-05,0.0021261745952455267,8.997202210902843e-05,0.00010660450684696182,4.256182769748559e-05,0.00012817630277902657,0.030205582438199468,0.12528371622731352,3.9501807329327814e-05,4.817483021573037e-05,4.0409513996146676e-05,1.954835437742528e-05,4.6218904225593724e-05,2.4853382639007746e-05,4.1221476400775136e-05,5.417381883547702e-05,0.0628127581450363,0.009006217942800246,4.655002044063199e-05,4.506391672047014e-05,4.359777349826188e-05,0.0004047893427264184,4.200062157909677e-05,7.280951719711197e-05,3.702553327399266e-05,0.037273462463079866,0.00020649540443848507,0.0310634956149943
MüllnerAdolph,0.00032405844019879973,1.3393583094050873e-05,0.021738625768250187,4.334474307752511e-05,9.22390372251084e-06,0.00010630219473308544,1.2364833906065912e-05,9.864175813915732e-06,0.00012751678232580976,3.786223815177214e-05,2.6081850653939225e-05,0.04619376672151135,1.869428041962976e-05,5.639890573699167e-05,3.265761528197268e-05,0.00015171894358850392,1.9655903108679268e-05,0.01502080506150895,0.00014790157033332254,0.012404432027057776,1.1788946269722847e-05,1.1530181589098006e-05,3.2282102179218435e-05,1.3810503994530654e-05,3.468930965386157e-06,0.0024595662908344198,0.0013133480361870015,2.6106275421602538e-05,1.868853609246261e-05,4.514674185746057e-05,8.218077763631814e-06,9.636935041278004e-06,2.3857941543140866e-05,1.5316363711735094e-05,0.01722244914472287,1.8420848576522038e-05,1.1952618223593427e-05,3.72731718107088e-05,9.698240495657086e-06,1.7746169764688966e-05,4.303821121594344e-05,1.6667182471487303e-05,0.000437433312010517,2.9012675427723492e-05,8.911625922512342e-06,0.0002395582471628021,0.0024362887873344385,0.0363261619711648,0.004887198302939743,1.117904634958977e-05,9.441627963214848e-06,8.579995636772363e-05,8.55710391612756e-06,1.3815103752518466e-05,1.1217723278922214e-05,1.281178300038616e-05,1.0235866823524178e-05,1.0038962659045966e-05,9.367883347666319e-06,1.6659885092487865e-05,1.0323071504675722e-05,1.9621209325078125e-05,1.1043285724987707e-05,0.05486409723703305,7.95459763203176e-06,0.4249612316836697,1.4835911594345443e-05,3.0253180681361115e-05,1.4056863103719882e-05,0.002459557861517992,0.27738566726639635,1.7891409730541455e-05,1.178780906106628e-05,1.4013032796531647e-05,2.179340962507916e-05,0.0386581274919773,1.030950870793271e-05,3.1047414576349605e-05,0.0003025523769850547,0.03804948449567847,9.568297431570212e-06,1.1669114285747486e-05,9.788166039007166e-06,4.735086357480989e-06,1.1195341491714564e-05,6.020093088097602e-06,9.984843060034758e-06,1.3122215074878333e-05,0.00018483277117518288,0.00017753235347620812,1.127554588346526e-05,1.0915575457552254e-05,1.0560439949183906e-05,9.80498131653991e-05,1.0173570951556323e-05,1.7636233972357048e-05,8.968483694289994e-06,1.0572194821461806e-05,5.001820376084121e-05,9.361681821731684e-06
MützschefahlAntonievon,0.010670660331623788,4.762663691792914e-05,2.828401370190237e-05,0.00015413084955370567,3.27995511337879e-05,0.0003780031076508906,4.3968477356613774e-05,0.010358142124655419,0.02847257855972111,0.0001346354486840478,9.274522153781009e-05,0.02489072837944815,6.64755427831056e-05,0.00020055053134342469,0.00011612817680810061,0.0005395018636253517,6.989500524821294e-05,0.00993532462094886,0.008747803960571805,0.03574503165088403,4.192066153548235e-05,4.1000512580213064e-05,0.00011479287869726531,0.006694358160128414,1.2335273871201204e-05,0.0001601847025077241,0.1197600864649347,9.283207428909679e-05,6.645511636081017e-05,0.00016053863013160477,2.9222904958543194e-05,3.426826137484317e-05,8.48371575780237e-05,5.446390919288548e-05,0.0055709635658357055,0.019249522753002086,4.250266746070073e-05,0.00013254077031834159,0.002419839181287785,6.31041281583707e-05,0.004583206831799116,5.926732543787983e-05,0.0066881663506470805,0.0029132404461765394,3.168911329996699e-05,0.033316857088711835,7.741154167655915e-05,0.0003853765643272565,0.00020681336197703334,0.011849959363653883,3.357376317902077e-05,0.004735264581844019,0.003206996286748578,0.0015000301648785278,3.988943286493195e-05,4.5557796815530086e-05,3.639802055364849e-05,3.5697843231166553e-05,3.331153252687049e-05,5.924137647279573e-05,3.6708114249829996e-05,6.977163660045995e-05,3.926914522511579e-05,0.12276417394660208,2.828598819215692e-05,2.08857111790866e-05,5.2755455346690216e-05,0.0001075781769378569,4.998521385537749e-05,0.00016015472845297196,0.0848894357987755,0.0064091748392770785,4.191661770169972e-05,4.982935637408985e-05,7.74958276757457e-05,9.182192751051884e-05,0.00119914620599513,0.00011040241665615386,0.06564830511349552,0.30297613278242247,3.40241908752978e-05,4.149454745145622e-05,3.4806028137404426e-05,1.683763315157658e-05,3.980984480806713e-05,2.1407026462270008e-05,3.5505397753794954e-05,4.6661671379617814e-05,0.046919444844694465,0.010015689809309232,4.009504596882525e-05,3.881501652071094e-05,3.755217969840935e-05,0.0009238831607185162,0.0011986628209202839,6.271320423391297e-05,3.1891295526590094e-05,3.759397919523294e-05,0.0001778612051066978,3.328948033800124e-05
MützschefahlAntonievonANDSchwendlerAugusteSophieHenriette,0.0005139065140139168,2.124014913420209e-05,1.261387971141976e-05,0.007726844922778672,1.4627683218889648e-05,0.00016857882267715381,1.9608712197495026e-05,1.56430556261395e-05,0.00020222187406421723,6.004364771183027e-05,4.136177703125028e-05,0.050281841486598366,2.964623441548657e-05,8.943993257424879e-05,5.1789921642745596e-05,0.0002406027547426643,3.11712191176994e-05,0.0008463506277472488,0.00023454899178232684,0.06562014991311385,1.8695443567691027e-05,1.828508284729672e-05,5.119441600035407e-05,2.190132113285044e-05,5.5011874360775684e-06,7.143790094070309e-05,0.03654424756697997,4.140051093121521e-05,2.963712480196126e-05,7.15957427704106e-05,1.3032598974470268e-05,1.5282686943143797e-05,3.7835001496834164e-05,2.4289381500566127e-05,0.0005087638400431814,2.921261384622849e-05,1.8955001946123872e-05,5.9109479696724474e-05,1.5379907902211137e-05,2.814267770737809e-05,6.825193962487657e-05,2.6431570913879945e-05,0.004522754943055024,4.600961135939526e-05,1.4132458976303301e-05,0.0961062381790464,3.4523384314369724e-05,0.004000920613842782,9.223298002140163e-05,1.7728236721726223e-05,1.4972960155629459e-05,0.00013606544687567228,1.3570241962820625e-05,2.1908615636864513e-05,1.7789572343516556e-05,2.0317504262478394e-05,1.623250002055493e-05,1.59202405012542e-05,1.4856012612832575e-05,2.6419998400598888e-05,1.637079314345212e-05,3.1116200148350914e-05,1.7512941390159488e-05,0.20953567385634064,1.2614760278895958e-05,9.314443532557537e-06,2.3527458828078877e-05,4.79768606312296e-05,2.229200853763256e-05,7.142453334991164e-05,0.014865790880499219,2.837300580653504e-05,1.869364013082932e-05,2.222250045643138e-05,3.456097351462614e-05,4.0950013696623526e-05,1.6349284647669065e-05,4.9236392621924956e-05,0.0004798012274194418,0.3934682403149467,1.51738383209214e-05,1.850540859401662e-05,1.5522515891299455e-05,7.509113856238707e-06,1.7754078294251155e-05,9.54693558064893e-06,1.5834415196254833e-05,2.080980147017498e-05,0.0309255436427876,0.0002815388262798364,1.7881270041973944e-05,1.7310412678667587e-05,1.6747222746024033e-05,0.08056561396951974,1.613370841253257e-05,2.7968336561478625e-05,1.4222626599374396e-05,1.676586415351617e-05,7.932112712818921e-05,1.4846177952847546e-05
OertelAuguste,0.0017622162447394245,7.283374470704864e-05,4.325374972003368e-05,0.00023570690005300586,5.0159202672670454e-05,0.0005780668890931443,6.723944964805421e-05,5.3640975527698716e-05,0.0006934309291669402,0.0002058932675609811,0.000141832013037658,0.0017287496845828745,0.00010165871507304664,0.0003066948906323297,0.0001775907460673999,0.0008250412699090571,0.0001068879790382545,0.002902187040425842,0.0008042825538009759,0.0018045136817927195,6.410779676690793e-05,6.270064525595772e-05,0.00017554872151966688,7.510094312701928e-05,1.8863901509039425e-05,0.00024496484495696363,0.29600311481804176,0.00014196483390269664,0.03949178881292651,0.0002455060940534917,4.468956317483831e-05,5.2405249709961405e-05,0.00012973848830345055,8.328974528976637e-05,0.0017445817073955695,0.00010017180414593772,6.499783800682145e-05,0.00020268994943473755,5.2738626206903364e-05,9.650292898420959e-05,0.00023403999260977407,9.063544121014965e-05,0.015508797834407798,0.00015776971558192438,4.8461049056639795e-05,0.2245136219622169,0.00011838275445661511,0.0005893428576672082,0.0003162724177690404,6.07911865090037e-05,5.134317798776109e-05,0.013596630352746691,4.65331732130555e-05,7.51259564185818e-05,6.1001510033132435e-05,6.966994013026334e-05,5.566221569275592e-05,5.459145908142532e-05,5.094215785262141e-05,9.059575836834824e-05,5.613643110170592e-05,0.00010669931569402591,6.0052925910319824e-05,0.15391807463705132,4.3256769238698713e-05,3.1939785264789344e-05,8.067706676929921e-05,0.00016451553126968653,7.644063365933948e-05,0.000244919006686766,0.06410574189706922,9.72927378441598e-05,6.410161267379489e-05,7.620228628196013e-05,0.00011851165007772963,0.00014042005187841943,5.6062677180252844e-05,0.00016883454197347432,0.0016452671724288715,0.009960698671638069,5.203200125899388e-05,6.345615544977024e-05,5.322763755069467e-05,2.574920157696893e-05,6.0879798810368334e-05,3.273701443536237e-05,5.42971589654406e-05,7.135805676818415e-05,0.15856575822046673,0.0009654135132868986,6.131594693832887e-05,5.935844281721876e-05,5.742723077550625e-05,0.0005331907832665416,5.5323453346388355e-05,9.590510274334158e-05,4.8770239241610134e-05,5.749115327933069e-05,0.00027199690014544304,5.090843421395462e-05
OertelLudwigChristianvon,0.03160726156488545,5.594027259373641e-05,3.322122952447575e-05,0.00018103570390653928,3.852499252756542e-05,0.0004439867740337973,5.1643550080996304e-05,4.119918322589024e-05,0.1316323222391418,0.00015813721454118414,0.00010893469096992788,0.031581557428630176,7.80794157377007e-05,0.0002355583370604632,0.0001363993405130238,0.0006336765152668108,8.209577454027124e-05,0.012313631892772237,0.000617732693588373,0.0013859645369688435,4.92382705427148e-05,4.8157501739464944e-05,0.00013483095472834728,5.768160414475538e-05,1.4488501131467111e-05,0.00018814630852625577,0.10633133737998016,0.10095498256248236,7.805542370917918e-05,0.0001885620172354904,3.432401225765235e-05,4.025007866764756e-05,9.96462069990469e-05,6.397104905854846e-05,0.15260885231166466,7.693738736994841e-05,4.992187056603765e-05,0.00015567689220148746,4.050612992781946e-05,7.411949193583382e-05,0.00017975542843617911,6.96129425768584e-05,0.0018270046591429567,0.00012117571233207492,3.72207182990621e-05,0.0010005503048931862,9.092438650980856e-05,0.0004526473304603363,0.0002429143981960876,4.6690933691361215e-05,3.9434349888453885e-05,0.0003583561556334433,3.5740004920246244e-05,5.7700815711510646e-05,4.685247358361801e-05,0.010138104884593845,4.275160547556987e-05,4.192920622972164e-05,3.912634463943748e-05,6.958246399860332e-05,4.31158286711712e-05,8.195087084285677e-05,4.612390944591424e-05,0.2997401453920111,3.322354867884442e-05,2.4531490197081785e-05,6.196437002230515e-05,0.020295546036818053,5.8710559251631663e-05,0.0001881111022446016,0.049236692291048836,7.472610804626824e-05,4.923352082325605e-05,5.852749551769582e-05,9.102338534901812e-05,0.00010785022809551068,4.305918165284833e-05,0.00012967410009224418,0.001263654566786128,0.037904141447422685,3.9963403580758985e-05,4.87377746110468e-05,4.0881717205161075e-05,1.977678562430568e-05,4.675899275263058e-05,2.514380550917939e-05,4.170316775293081e-05,5.480686409063936e-05,0.0007719812936680143,0.0007414900238367035,4.7093978208445e-05,4.559050870294714e-05,4.410723294273145e-05,0.00040951948688574863,4.2491417590455376e-05,7.366032890621949e-05,3.745819315772984e-05,4.41563288982284e-05,0.00020890839541461696,3.910044305292068e-05
OsmundEmanuel,0.011475306521827563,0.00028380008543805183,0.0027422757670732037,0.0001346668491282683,0.001331825037423328,0.0016038883028877196,0.0015772186757526372,3.064679547716797e-05,0.007820794340127996,0.00045683124015622546,0.0025190196066602936,0.3199258385191929,0.0003373385983766422,0.0009498293518779425,0.0016678381611457441,0.0029568687409984415,0.0003845708961792743,0.019153156764738298,0.0028892239655154465,0.007992958637647634,0.00028528886083625706,3.582287295378416e-05,0.0004933409603940337,4.2907557543723207e-05,1.0777546936118772e-05,0.0017464834308143656,0.07450486293792001,0.0013838418739266505,0.0008422221978211388,0.004945993627832789,0.00010699389397443475,2.9940786012770805e-05,0.00018908258609854787,0.000876456868553409,0.006599466272024687,5.723133787256057e-05,0.00041487466725124907,0.00039754875763372763,0.00020502957584425636,0.000910581579016589,0.008460716872725326,0.0020330177997502116,0.009084163924209996,0.0009463907829594592,2.768733872636114e-05,0.0074824771248204755,0.0009894698436160132,0.0040973346537319785,0.0005501854487354288,0.00034906074389829734,2.933399065656873e-05,0.0007625283591682236,0.0004470397892776967,4.2921848432790506e-05,3.485210295660003e-05,0.0004840343272636799,0.0007737781090526603,0.0002685172647755262,0.0003565708054029175,0.00030318981211484324,3.2072528619539066e-05,0.002923994637395552,0.0008427528957349728,0.08596180825296351,0.001703867382669379,0.00039059186989334613,0.0012476751836372033,0.0005304350580018147,0.0001149601642080179,0.00024325307423034848,0.20177172154677014,0.00032933846227703424,3.6623290200156974e-05,4.3536789918556216e-05,0.0002996784499238622,0.0005496292664868341,0.0008433168465495839,0.00033709360685779433,0.02932130203939559,0.11724051796011203,2.9727537300821767e-05,3.625451995801759e-05,0.00012956029549668506,1.4711337865625736e-05,0.0004789881695416256,1.870369761294846e-05,3.102169394637265e-05,4.076912751695628e-05,0.005163733984061036,0.01327324210097465,3.503175076183157e-05,3.391336639511927e-05,3.2810003529638834e-05,0.01641794706386531,3.160804856954746e-05,0.00023023586447306748,2.7863988913445084e-05,3.2846524489256446e-05,0.0013118600200113491,2.9085607710700434e-05
OsmundEmanuelANDBraunHenriette,0.0009575578969953524,3.957659998889103e-05,2.3503341172072312e-05,0.0001280790619175255,2.725564513979845e-05,0.0003141115718885718,3.653675659404461e-05,2.9147580424601923e-05,0.0003767984004385416,0.00011187884851234441,7.706906830327144e-05,0.4076141171756018,5.523959145603629e-05,0.00016665271096541207,9.649974674662052e-05,0.02898689174489268,5.808108325382553e-05,0.0015769983550050991,0.0004370332603088642,0.07232698798557192,3.483507046106194e-05,3.407044861308972e-05,9.539014584640336e-05,4.080855648547823e-05,1.0250318547480096e-05,0.0001331096694148724,0.060957959547187274,7.714124086925656e-05,5.522261758601935e-05,0.00013340377483364222,2.428353742571861e-05,2.847610834004491e-05,7.049765565949496e-05,4.525821026734458e-05,0.0009479755937202148,5.443162971772401e-05,3.5318703511474956e-05,0.00011013822072189606,2.8657259375437066e-05,5.243802626826633e-05,0.00012717329317853466,4.924973466651369e-05,0.001292568470265858,8.572934083042761e-05,2.6332897769720833e-05,0.0007078688992651494,6.432714585193013e-05,0.00032023873862341425,0.00017185697393303707,3.303288168134064e-05,2.7898996894270698e-05,0.01452281893706224,2.5285323305484922e-05,4.082214827646135e-05,3.3147167854819385e-05,3.785744317933682e-05,3.0245887449947106e-05,2.9664056785293792e-05,2.768108947320165e-05,4.922817169508178e-05,3.0503567919680876e-05,5.797856684831688e-05,3.263172361210789e-05,0.012289979217175907,2.3504981926407345e-05,1.735552813108771e-05,4.38385258460644e-05,8.939490066326583e-05,4.153652120183053e-05,0.00013308476168987358,0.13471897882793873,5.286719477310783e-05,3.483171013158261e-05,4.140700735010032e-05,0.05000690965935133,7.630183297541897e-05,3.0463491311527594e-05,9.174177654695226e-05,0.02943258834576252,0.17664394310624135,2.8273291572901726e-05,3.4480979814640774e-05,2.892297970083159e-05,1.399167178543271e-05,3.308103207672823e-05,1.7788728704670064e-05,2.9504139180976454e-05,3.8774736628716715e-05,0.0005461609935348533,0.0005245890430720621,3.331802744289574e-05,3.225435348394463e-05,3.12049661872183e-05,0.0002897266704050331,3.006180983692016e-05,5.211317780560852e-05,2.6500906380568466e-05,3.1239700572692005e-05,0.00014779842171471866,2.766276462991571e-05
OttoGeorgChristian,0.0037882078044992164,7.827716002201118e-05,4.648642881133409e-05,0.00025332305523974725,5.390797836878402e-05,0.0006212701895662811,7.226476108104508e-05,5.76499703812717e-05,0.001519000179933497,0.00022128122503038,0.22717545023577665,0.005324627621895001,0.0001092564379246424,0.000595050346311974,0.0001908634425465822,0.009734252584921966,0.00011487652424381114,0.004239995804749957,0.004878548866720489,0.00334455181137685,6.889905614994666e-05,6.738673758880578e-05,0.0015752301404307278,8.071380328723817e-05,2.0273743207928655e-05,0.00026327291622296175,0.024221644360297254,0.00015257493714756337,0.00010922286590633149,0.0027256437860682927,4.8029551439664667e-05,5.632188944890419e-05,0.00013943482448679038,8.951461642488688e-05,0.1426641126670227,0.00010765839892434206,0.014849971477326269,0.0002178384987696622,5.6680181686982366e-05,0.00010371532103797903,0.005507259966328427,9.74093116289525e-05,0.014222686648654982,0.00016956103689171303,5.208290891946978e-05,0.0014000689073325235,0.0001272303909639582,0.02051581815650206,0.0003399098420084344,6.533457058171403e-05,0.0011446390066566423,0.0011947280314837379,5.001094836714882e-05,8.074068601081901e-05,6.556061316981434e-05,7.487690045645532e-05,5.982227307529736e-05,5.867149074292004e-05,5.474944969718534e-05,9.736666298895313e-05,6.033193017998952e-05,0.00011467376066429356,6.454113419788451e-05,0.2850986639744149,4.648967400141299e-05,3.432688642190097e-05,8.670667272440478e-05,0.0001768110182869282,0.00039786825947560946,0.03507766273596705,0.10340047006038458,0.00010456415827360098,6.889240987289268e-05,8.189745812642299e-05,0.0001273689199274311,0.0025398191927070842,6.0252664071469985e-05,0.00018145282125006014,0.002305167008702891,0.05637989607770322,5.5920745324819e-05,6.819871276016616e-05,5.7205740538370465e-05,2.7673633703531907e-05,6.542980554899105e-05,3.518369854394914e-05,5.835519535860207e-05,7.669118278855078e-05,0.006931970039049309,0.009411479170156382,6.589855031754561e-05,6.379474714295675e-05,6.171920105324794e-05,0.000573040153734913,5.945819246262664e-05,0.00010307281473118393,5.241520721998288e-05,6.178790096811568e-05,0.0002923252808682697,5.471320563653652e-05
PohlEduard,0.004626395392290115,2.262634913225978e-05,1.3437101804682472e-05,7.322411658130551e-05,1.5582332563463338e-05,0.00017958081528046126,2.0888439408370025e-05,1.6663971418282104e-05,0.000215419519695794,6.396228801023996e-05,4.406117875758075e-05,0.0005370490571778966,3.158104239774273e-05,9.527706834845396e-05,5.516989740595623e-05,0.000256305259280163,3.320555247418381e-05,0.0009015861739351137,0.008407755802728128,0.0046395354083914025,1.991556794975058e-05,1.94784257775774e-05,5.453552716260964e-05,2.333067132808666e-05,5.860212505300192e-06,7.610016661122936e-05,0.010376594047594542,4.41024405556182e-05,3.157133826173213e-05,7.626830970307259e-05,1.3883148024712424e-05,1.6280083923600454e-05,4.030423458319566e-05,2.587458414562148e-05,0.0046209170909844105,3.111912236465012e-05,2.0192065937289085e-05,6.296715320565715e-05,1.638364983309252e-05,2.9979358774766998e-05,7.270627928029311e-05,2.815657968467446e-05,0.0007389746843790396,4.901234560452959e-05,1.50547884044878e-05,0.0004046959278749932,3.6776490682274795e-05,0.00018308377950106201,9.825239899622632e-05,1.888523809464273e-05,1.5950143376307972e-05,0.00014494551268891368,1.4455879312334986e-05,2.3338441894739763e-05,1.8950576675087894e-05,2.164348950821441e-05,1.7291884837243038e-05,1.6959246263995312e-05,1.5825563463202686e-05,2.814425191220072e-05,1.7439203411208406e-05,3.314694279110153e-05,1.865589190183609e-05,0.011105257178705398,1.3438039840805718e-05,9.9223338785791e-06,2.5062935965067e-05,5.110798384950935e-05,2.374685624121151e-05,7.608592660875133e-05,0.04030967807482574,3.0224718821608808e-05,1.9913646814837013e-05,2.367281184054208e-05,3.681653307384325e-05,4.362254243208875e-05,1.7416291202267578e-05,5.24497169223169e-05,0.0005111145885599211,0.4762525306300006,1.616413149250365e-05,0.09791450586254813,1.6535564875203308e-05,7.999182619276334e-06,1.8912766170758457e-05,1.016999910057697e-05,1.686781972536657e-05,2.2167915604650962e-05,0.00031224585552094424,0.00029991294964292706,1.9048258858334932e-05,1.8440145519521685e-05,1.7840200012394924e-05,0.00016563971638168827,1.7186645773226686e-05,2.979363956863922e-05,1.5150840654740005e-05,1.7860058017702186e-05,0.3345583730445217,1.5815086961883773e-05
ReckeElisavonder,0.000720947502304699,2.979731147456836e-05,1.7695718626508255e-05,9.643101485216728e-05,2.05208367545177e-05,0.00023649531157192045,2.750860652023744e-05,2.194527910143076e-05,0.0002836923663007406,8.423383760793316e-05,5.802547550653587e-05,0.0007072558608687402,4.159001310889367e-05,0.010868853312359398,7.265487717068008e-05,0.00033753601160746617,4.372937869802773e-05,0.0011873256215076296,0.31725875657505354,0.0007382519799410247,2.622740318921175e-05,2.565171767376365e-05,7.181945614801741e-05,3.0724854301951994e-05,7.717487974170165e-06,0.00010021857059335832,0.08349721573896869,5.807981439439334e-05,4.1577233443839934e-05,0.00010044000322708384,1.828313014714711e-05,2.143972625314063e-05,5.307784409227874e-05,3.407500867927293e-05,0.000713732964537099,4.098169689217008e-05,2.659153160465416e-05,8.292331501509202e-05,2.1576115276630162e-05,3.9480708354576176e-05,9.574905952383656e-05,3.70802364101484e-05,0.07080514843458771,6.454581424252513e-05,1.982609817651304e-05,0.0005329560922485536,4.843205332843097e-05,0.00024110846923846996,0.00012939150363590834,2.4870531188574986e-05,2.100521774280625e-05,0.0001908830524618184,1.9037376997523346e-05,3.0735087592066226e-05,2.4956577506584586e-05,2.8502954431712458e-05,2.2772196940206783e-05,2.233413531932484e-05,2.08411547535642e-05,3.7064001600279584e-05,2.296620514757492e-05,4.36521938648927e-05,2.456849837264789e-05,0.0952001939773363,1.7696953954151053e-05,1.3067016309455965e-05,3.300612507359805e-05,6.730562251555529e-05,3.127294058025113e-05,0.0001001998175109783,0.12291698350354198,3.980383029070578e-05,2.6224873189560925e-05,3.117542930891001e-05,4.8484786343676926e-05,0.05377434837259757,2.2936031378824623e-05,6.907259066638147e-05,0.02753155226369915,0.2081992843032684,2.128702505130605e-05,2.5960807542172735e-05,2.177617670947499e-05,1.0534361273012194e-05,2.4906783729960306e-05,1.339317399924282e-05,2.2213732994025345e-05,2.9193586740511767e-05,0.00041120584497369197,0.00039496427477225533,2.5085218076157424e-05,2.4284375551252555e-05,2.349428948658841e-05,0.0002181358641968144,2.2633604489809365e-05,3.9236129213705906e-05,1.9952592238894385e-05,2.3520441083823354e-05,0.00011127776535930984,2.0827357937686458e-05
RichterCaroline,0.024133701815458104,0.0013681190548319854,0.0002070924464181736,0.001654919530610747,0.0003635322875169038,0.03460889843784318,0.0006516905671272102,0.00018293864818152958,0.004747280936379917,0.0016146318508684682,0.0006593406699453736,0.008875968729155534,0.0012893020306497186,0.0011118559758269242,0.0029184890149987846,0.01838451777909988,0.00023584122564728719,0.0569570632667994,0.0198861306428248,0.010668313822367192,0.0009070364568965554,0.0016529327162506317,0.0008018550705018888,0.0022398691437151646,2.178629239711229e-05,0.016840513686221997,0.1879998188539497,0.0016604610376236197,0.0009446419941624446,0.0010496076417871565,7.059680140758552e-05,0.00031827172640713455,0.0017235961347429475,0.0021044466844369484,0.010910253067871105,0.0006667940141252153,0.0036117612471441136,0.0024422183705961236,9.996981786642787e-05,0.0006085451725496617,0.0007753498595405842,0.0008333095425022116,0.01669574443684114,0.003993307909744055,5.596862261567863e-05,0.011032335442520538,0.0004695812882947712,0.0025924562203638105,0.0012581020084066307,0.00014633896096557294,0.00019481742366190142,0.0023326841183321763,0.0002832152308973796,0.000626291949773261,7.045184865974623e-05,0.0003662127732720442,0.0004120343356020245,6.304875422313884e-05,0.00048107025011409415,0.00010463083052067282,0.0005262559171601803,0.0009790326971922385,0.0003343040219530334,0.10425243367460489,0.00017501895619625316,3.688788878304071e-05,0.0004641600423317246,0.0009036202913069418,0.0015639941822842864,0.009362311448413084,0.11578845733444754,0.0006305683332412987,0.0009492710792128973,0.0002938631425816944,0.00013687144516845768,0.00720395337515538,0.0010982891081373102,0.001406496579338516,0.027944505142709537,0.2153004509767147,0.0001388369759296334,0.00034361647984296764,0.0001636097574014332,0.0002791757668413595,0.0010518949408676245,3.780862449666222e-05,0.0005391122634970297,0.0009359670755364381,0.014687742070668256,0.008416432192903984,0.0012436759031073095,0.00015527448488752822,0.0004336530550151809,0.005410508478232315,0.00018583021977141087,0.001992508891623812,0.0006015197881336428,0.0002915225909304337,0.003585862438827764,0.00017314589449653601
RichterCarolineANDJeanPaul,0.01405919585576111,0.00011853671822049755,7.039535812920193e-05,0.0014258431279797056,8.163396372505551e-05,0.004914543267668508,0.00010943201847290691,0.0014606935239177767,0.007709240009279549,0.0010793115041108896,0.0002308312092384253,0.024730284027860937,0.00016544927782774534,0.0018725380713868346,0.003968312036810833,0.011184936201693162,0.00638022225471752,0.08380335899453242,0.009150657712100102,0.021863983369457794,0.002287639330132553,0.00010204512686863892,0.0006815570502639754,0.00012222657738315576,3.070094757189965e-05,0.0008720564385853589,0.1253769781354961,0.03633136627704264,0.00016539843902785168,0.00039956048956820073,7.273214055874664e-05,0.0015766793123623052,0.001059163802035326,0.0048666148510735805,0.004860243530849903,0.0001630293344032433,0.0018256461918235232,0.001214988940095501,8.58319683982808e-05,0.005595303740210885,0.0003808994411573527,0.003788976611771477,0.015648019145364483,0.005594202722322913,7.887022340814353e-05,0.01232116796514922,0.00019266760570436643,0.004998660138712924,0.001660314182240836,9.893748803513197e-05,0.0005987428135668715,0.0010415021453144535,0.0017921013092606684,0.007519435992741038,9.927978898938154e-05,0.0023857954445809927,0.0026241091642200073,8.884744878090112e-05,8.290822111657672e-05,0.00088974637894218,9.136188647407701e-05,0.003621634522806961,0.0059806415009610306,0.05825887286230196,0.0027338974144640836,5.198191224663382e-05,0.0006468902846282959,0.0002677485724707358,0.001468930757351038,0.0013251540983591926,0.1705151830561382,0.0047031592810848075,0.00010432519746932285,0.00012401901032404596,0.0001928773829715021,0.0006006436364447424,9.124185217074547e-05,0.00027477775045472405,0.01775127711265237,0.24945490566148304,8.468193824845366e-05,0.0009215224849562858,8.662783300882316e-05,4.190675440358857e-05,9.908170431070559e-05,5.327940051844351e-05,0.0004476768260715386,0.00011613504017834631,0.004385924883108839,0.009421563305546913,0.003027302049643832,9.660570163641791e-05,9.346265937581103e-05,0.006733716626701494,0.004161854678760034,0.0012975840648380627,0.0055098815262486335,9.356669307412301e-05,0.001030903382101804,8.285333598784837e-05
RichterCarolineANDOttoAmöneANDOttoGeorgChristian,0.02133536254917496,0.00010434502911391032,6.196734483413042e-05,0.0003376847290676272,7.18604197032836e-05,0.0008281656616012808,9.63303803662662e-05,7.684857033850404e-05,0.0009934415810067207,0.0002949723247709045,0.0002031951753850531,0.002476687652049367,0.00014564102980899174,0.0004393854444919253,0.00025442480876546975,0.0011819927105918345,0.00015313271793911102,0.07940072544112864,0.0011522528030067244,0.0025852306979471896,9.184382798079968e-05,8.982787691349759e-05,0.00025149930889255295,0.00010759312360761484,2.7025307569722745e-05,0.00035094809393269036,0.0478533236480358,0.00020338546076836185,0.00014559627763317088,0.00035172351270268854,6.402435834272233e-05,7.50782117369075e-05,0.00018586942623462463,0.00011932478457763227,0.002499369348397226,0.00014351081167173927,9.311894268847952e-05,0.000290383101403516,7.555582249850183e-05,0.000138254609521134,0.0003352966395029096,0.0001298485721126174,0.059840087402294836,0.00022602827345902002,6.942756541002546e-05,0.03948777829611892,0.00016960067081605028,0.038465778417176695,0.0004531066578105456,8.709229700690179e-05,7.355663811440874e-05,0.0006684394222438496,6.666560030942642e-05,0.0001076289588189832,8.739361632443553e-05,9.981241470553104e-05,7.97442935327103e-05,7.821027753184977e-05,7.298211791302791e-05,0.00012979172061747946,8.042367670670718e-05,0.00015286243000835258,8.603463034465388e-05,0.05121367025921714,6.197167073779333e-05,4.575843019951098e-05,0.00011558173913379355,0.000235692644516252,0.07535242897815626,0.0003508824238829415,0.27994817545624834,0.000139386126633393,9.183496835977484e-05,0.00010917095932138928,0.00016978533271132896,0.00020117233379066503,8.031801338935008e-05,0.00024188026125136143,0.0023570867006462905,0.258809641572067,7.454347854915806e-05,9.09102561524933e-05,7.625640302076075e-05,3.688951047369047e-05,8.721924713424915e-05,4.690057799581742e-05,7.778864942122373e-05,0.00010223088955451789,0.001439971720341643,0.00138309655168856,8.784409334108734e-05,8.503968138438526e-05,8.227293669031318e-05,0.0007638740535310093,7.925896675133174e-05,0.00013739813568803178,6.987052572989136e-05,8.236451505895841e-05,0.01920040461829814,7.293380385101356e-05
RichterCarolineANDRichterEmmaANDJeanPaul,0.005334112887393351,0.00022046296386084722,0.00013092626089361377,0.0007134693128459884,0.00015182861365418257,0.0017497705245266715,0.00020352939996984144,0.000162367711515994,0.002098969900446845,0.11985465789307408,0.0004293161925203922,0.04497662263633039,0.00030771425686588745,0.0009283453001317149,0.0005375555299230554,0.002497345761957849,0.00032354289559945084,0.008784729649482114,0.002434510491060532,0.005462144452624468,0.00019405009228440188,0.0001897907370370075,0.0005313744556712702,0.00022732562464175,5.709979149622746e-05,0.000741492504307534,0.10110578004172432,0.00042971823255948073,0.00030761970327378564,0.0007431308297909694,0.000135272373963465,0.00015862725058825357,0.00039270988706195805,0.00025211259121240637,0.005280734300520215,0.0003032134751018024,0.00019674418868846508,0.0006135291708111629,0.00015963635935909858,0.0002921080308404455,0.0007084236934439558,0.0002743475305354083,0.007200302098408665,0.00047755857184846593,0.0001466884141383268,0.003943210776082718,0.0003583368261853285,0.08127152380021586,0.0009573358460319668,0.00018401093076154132,0.00015541242920771267,0.0014122966608062968,0.00014085286052040066,0.0002274013382332448,0.0001846475662618246,0.0002108863351033929,0.0001684858728058662,0.00016524476283607086,0.000154198567584692,0.00027422741317836244,0.00016992129171760977,0.0003229718240417843,0.0001817762643944311,0.2671808534120396,0.00013093540077838841,9.667963322326622e-05,0.0002442041848472725,0.0004979777130880779,0.00023138077993548907,0.0007413537548728223,0.035068629010183934,0.0002944987304103844,0.00019403137344052007,0.0002306593180711175,0.0003587269847687418,0.00042504227878337127,0.0001696980434391461,0.00051105107495535,0.04472392655247464,0.22886943512979155,0.00015749745203007498,0.0001920776167961759,0.00016111656459428782,7.794114279777777e-05,0.0001842791543805788,9.909279358633408e-05,0.00016435393570510907,0.00021599615334541464,0.0030424107026292514,0.002922243327548489,0.00018559934613179643,0.00017967410966282776,0.00017382845759218127,0.0016139334982024107,0.00016746046142237844,0.00029029845005525216,0.00014762431253060934,0.00017402194681489288,0.0008233167607709724,0.00015409648834432675
RichterEmma,0.022729396071463934,9.338570760512947e-05,0.001788660609437673,0.001374699046154507,0.015070756885732485,0.005842107504653146,0.014685117189962063,6.877719217145774e-05,0.003286827334167126,0.002993060839973943,0.00018185365796933708,0.02024724077264949,0.00013034440395052145,0.002605721880150603,0.00022770266107190843,0.003773589323677075,0.00013704924272558554,0.12001248509172416,0.001645217525204084,0.012110722516912904,0.0032108048218884937,0.003583222355784907,0.0023131470446433326,9.629265588276893e-05,2.4186849072510094e-05,0.0026266386796693956,0.15623413679933845,0.0001820239577461267,0.00040542004085808886,0.0024459357482554604,0.0007218248008157426,6.71927737077431e-05,0.002907316396159369,0.00010679214464971879,0.003437832864870088,0.0010361989581063587,8.333869306713231e-05,0.007734983304847105,6.76202211799425e-05,0.0006968540319495477,0.0003000805520253288,0.01351218382892005,0.00929401327538954,0.0008074626279839143,6.213561276636142e-05,0.011628930038445432,0.001727001243267403,0.0007556414956645098,0.0010377835449187493,7.79450238503157e-05,6.58310104247483e-05,0.0005982334661027394,5.966373588357725e-05,9.632472733455955e-05,7.821469570648302e-05,8.932915208521466e-05,7.136877858257782e-05,0.000345111568518008,0.0011414354331103715,0.0013480911520118448,0.003925089818311509,0.00013680734304061395,7.699844354358585e-05,0.037400020006111936,0.0023479438287792643,0.008858124415266665,0.009515730510013325,0.0005470910822691924,9.801037544855298e-05,0.00031402936698345535,0.24964517385204585,0.0040509432589415605,0.0017568547736659206,9.770477206948845e-05,0.0042216068486530854,0.001270059833895367,7.188224084555663e-05,0.0007902306153660751,0.004362185476367967,0.14893683008487396,6.671420335760777e-05,0.0008830183630830873,0.0068317812529511,3.301501823370683e-05,0.004324025715805105,4.197462687415259e-05,6.961853508055523e-05,9.149361537604653e-05,0.007312772511067139,0.010777479927171004,0.0018182489729734205,7.610799372077503e-05,0.017544287013095503,0.0056005442782306476,7.093442550142355e-05,0.0010447668414830405,0.001760805209939985,7.371379916850099e-05,0.0030068475953293145,6.527359222378753e-05
RichterEmmaANDJeanPaul,0.006125542070757996,2.9958237842855047e-05,1.7791287910845118e-05,9.695180992536052e-05,2.0631663657002752e-05,0.01643987539181046,2.7657172277510796e-05,2.206379899104715e-05,0.0002852245039319629,0.010886090652564748,5.833885374703063e-05,0.0007110755382660187,4.181462833205978e-05,0.00012615084554155236,7.304726443459054e-05,0.00033935894266486457,4.3965547994956186e-05,0.3792428042737765,0.00033082039288989993,0.000742239058107918,2.6369049550442465e-05,2.579025492968613e-05,7.220733155281993e-05,3.0890790051664536e-05,7.759167818777603e-06,0.00010075982112242829,0.3107775989880447,5.839348610297122e-05,4.1801779647856876e-05,0.0001009824496475884,1.838187186543953e-05,2.155551580301071e-05,5.336450165511114e-05,3.4259037610902306e-05,0.0007175876228342908,4.12030267813687e-05,2.6735144514562823e-05,8.337115904098883e-05,2.1692641422828505e-05,3.969393185355899e-05,9.626617156024256e-05,3.728049567802866e-05,0.0009784335610251837,6.48944068826035e-05,1.993317300370222e-05,0.000535834428720454,4.869362036468736e-05,0.00024241062397651827,0.00013009030845207616,2.500484948990745e-05,2.1118660642153264e-05,0.00019191395474393784,1.914019217749456e-05,3.0901078608718386e-05,2.509136051834817e-05,2.8656890364692572e-05,2.289518276577781e-05,2.24547553050853e-05,2.095371159776991e-05,3.7264173188806816e-05,2.3090238753455124e-05,0.016245990786095083,2.4701185485065474e-05,0.0039024256629481024,1.7792529910123087e-05,1.313758735680762e-05,3.3184381284526466e-05,6.766912005478624e-05,3.144183638004571e-05,0.00010074096676025848,0.0857759147465361,4.001879887463491e-05,2.6366505887020125e-05,3.1343798479489154e-05,4.874663817517868e-05,5.775808080444091e-05,2.3059902025203385e-05,6.944563107217719e-05,0.11949215803618855,0.04190197703063569,2.140198990765083e-05,2.6101014100040132e-05,2.1893783327643075e-05,1.0591254207911129e-05,2.504129782042734e-05,1.3465506526738444e-05,2.2333702722833595e-05,2.9351252572055763e-05,0.0004134266447698869,0.0003970973587048891,2.522069583716688e-05,2.441552820127968e-05,2.362117511805821e-05,0.0002193139507650685,2.2755841819002342e-05,3.94480318138911e-05,2.0060350222686007e-05,2.364746795224909e-05,0.00011187874329202087,2.0939840269415595e-05
RichterEmmaANDJeanPaulANDRichterOdilieMinna,0.0006447524725232911,2.6648112638380332e-05,1.5825505048626457e-05,8.623947659865527e-05,1.8352043933055012e-05,0.0002115007492067262,2.4601294841711545e-05,1.962594074551795e-05,0.00025370967237373207,7.533138667409777e-05,5.18929168664585e-05,0.0006325078643645599,3.7194474907691904e-05,0.00011221227226553838,6.497617586151762e-05,0.0003018627255852352,3.910773662066815e-05,0.1692008035280395,0.00029426761143448943,0.00546419846303415,2.345549849337388e-05,2.294065565350765e-05,6.422904827145339e-05,2.747762592390398e-05,6.901847134650301e-06,8.962673561702497e-05,0.22359569811128133,5.1941512821348825e-05,0.14896026474000965,8.982476562286518e-05,1.6350834603288682e-05,1.917381843718864e-05,4.746818749673532e-05,3.0473711368693397e-05,0.000638300420121552,3.665045001884114e-05,2.3781143142147832e-05,7.415936973898003e-05,1.9295792866448458e-05,3.530809697961282e-05,8.562959532063424e-05,3.316132454965787e-05,0.0008703251466303817,5.77241382914295e-05,1.7730730433120714e-05,0.005280599753328595,4.331339803947084e-05,0.00021562635447221253,0.00011571645872420213,2.224203069646563e-05,1.8785231979124868e-05,0.0001707091288119,1.702536710408574e-05,2.7486777684721664e-05,2.23189830072939e-05,2.549055275913607e-05,2.0365463830652552e-05,1.9973699780873205e-05,1.8638508372169827e-05,3.314680555379423e-05,2.0538967825035696e-05,3.903870924787607e-05,2.1971918927953174e-05,0.0611188860321682,1.5826609817766414e-05,1.1685998005529108e-05,2.9517795236942627e-05,6.019226974626934e-05,2.796778641681059e-05,8.960996449819414e-05,0.2492413543957933,3.559706901513562e-05,2.345323588267734e-05,2.788058085316677e-05,4.336055784216764e-05,5.1376314292147006e-05,2.0511983041892813e-05,6.17724917187058e-05,0.0054059340014735715,0.1237436391235106,1.903725582045803e-05,2.321707863333849e-05,1.9474710336959013e-05,9.421012564043312e-06,2.227445180288284e-05,1.1977684953955045e-05,1.9866022458063654e-05,2.6108193970568724e-05,0.0003677465896133516,0.0003532215478987177,2.243402789618491e-05,2.1717824294142355e-05,2.1011240330580607e-05,0.00019508166314093103,2.0241518848831905e-05,3.5089366759590385e-05,1.7843855673473393e-05,2.1034628034849995e-05,9.951711341384032e-05,1.8626169705177168e-05
RichterEmmaANDRichterCaroline,0.007820712107961566,0.00032323601078982473,0.00019196005323411755,0.0010460667427607383,0.00022260643938500167,0.0025654596774023755,0.000298408540702658,0.00023805854023004752,0.003077445052478697,0.0009137539024332607,0.0006294501852263846,0.007672187582092805,0.00045116117061396886,0.0013611113004879155,0.0007881473696416947,0.0036615314768590475,0.0004743686334497659,0.012879900179324309,0.0035694043370163367,0.008008428047526838,0.00028451027158919013,0.0002782653360472118,0.0007790848688544702,0.00033329783276380017,8.371795650820024e-05,0.0010871534834041546,0.031695878318349295,0.0006300396439551296,0.00045102253904800597,0.001089555545793079,0.00019833219042459337,0.00023257439156568882,0.0005757791470668572,0.00036963972009747856,0.0077424500671166435,0.0004445622629453923,0.00028846027280065087,0.0008995375831078932,0.00023405391578068053,0.0004282798024439745,0.00103866901091991,0.00040223990364330687,0.010556861279612651,0.0007001816766838728,0.0002150700370928792,0.005781414250463071,0.0005253824233640478,0.002615502402986951,0.0014036163464299248,0.00026979116201406717,0.0002278609194239291,0.002070665887350388,0.00020651412802236905,0.00033340884170085137,0.0002707245773861323,0.00030919505251654093,0.00024702879996925365,0.00024227678430720792,0.00022608119288027378,0.00040206379127214864,0.0002491333669891233,0.0004735313459120182,0.00026651476297950285,0.04210543057678617,0.0001919734538518081,0.0001417487020061869,0.00035804465814056767,0.000730119592978113,0.00033924337661990473,0.0010869500532543002,0.05141654428756992,0.0004317849725571358,0.0002844828265965393,0.0003381855914441432,0.0005259544618682455,0.0006231839044750908,0.0002488060472358072,0.0007492873536921352,0.007301692363044133,0.6851882318662535,0.00023091791569987291,0.0002816182887498534,0.00023622414712926547,0.0001142749041977656,0.00027018442322719334,0.0001452868034427916,0.0002409706809913821,0.0003166869107202377,0.004460688913367165,0.0042845032073058655,0.00027212004773150044,0.0002634326484256256,0.0002548619333146118,0.002366299611068875,0.0002455253733654716,0.058696778599168026,0.00021644222250456115,0.0002551456212564994,0.001207121689319137,0.0002259315274404998
RichterMax,0.021666308781501487,5.5325444925762665e-05,3.285610203887889e-05,0.0014093945480497393,3.8101572508030485e-05,0.0101871930657147,5.107594677858159e-05,4.074637174373751e-05,0.0028878036607558554,0.06562847816710812,0.0011574428092366723,0.016555950852570347,0.007401917733445559,0.0022546027533707235,0.00013490020429947997,0.002523878432459957,0.0002960286357411923,0.09063537030388319,0.0121705657120562,0.018847754510696726,4.8697103157409154e-05,0.0028856045277380364,0.00013334905631021937,0.004150612637326347,1.4329261089363841e-05,0.008595473388409982,0.20300784391710894,0.00010783830532221103,0.0022832601897670736,0.0008137909018410975,0.0017809183920955074,3.980769859233557e-05,0.0016962957229671174,6.326795683023304e-05,0.007127637711509638,0.0012523408707119682,4.937318987790599e-05,0.004274898352337753,0.0005541151439736493,7.330486032491438e-05,0.0011560453028627265,6.884784149384882e-05,0.015891229326698283,0.0004235349448403536,3.681163328086212e-05,0.007932866238979699,8.992505586789763e-05,0.002633736853895675,0.0013441510253561293,0.0002739785762362035,0.017627335878826644,0.0005783357635092973,3.534719410864956e-05,5.706663828764046e-05,4.6337527986526956e-05,5.2922178464964147e-05,4.2281731649827696e-05,4.1468371219613076e-05,3.869631528642185e-05,6.881769789918103e-05,0.0016243093200932837,0.0005268306664492507,4.5616971342690944e-05,0.05309858546037677,3.285839570391392e-05,2.426186979284583e-05,6.128333277754668e-05,0.0018893417325108167,0.004468999355865062,0.0004898647656852996,0.196140600285884,0.004211330247664687,4.869240564110927e-05,0.002717506702265613,9.002296663186876e-05,0.00010666486911966212,4.2585927322596064e-05,0.02084464052742227,0.023407303638815578,0.10970342475002641,3.952417429050696e-05,0.0006827844234149661,4.0432394924689625e-05,1.9559423169286644e-05,0.00012807384775115956,2.486745527725497e-05,4.1244817083765075e-05,0.0016619092317399207,0.008167458174615056,0.009622583099417468,4.6576378285259294e-05,4.5089433094125234e-05,4.362245970310318e-05,0.005037501583251042,4.20244034345579e-05,0.0018855383740197895,3.704649810374013e-05,0.0005002252821383265,0.003006590384609623,0.007984433077358088
RichterOdilieMinna,0.0019170153012517644,7.923170806516022e-05,4.7053305913701724e-05,0.0002564121942248055,5.4565357293205544e-05,0.022506501584662397,7.314599113920187e-05,5.835298089416677e-05,0.0019969312088716443,0.0002239796310568502,0.00015429101849003476,0.022548381106880972,0.009899045494154464,0.0018966912522438287,0.00019319092000667779,0.0008975156955346989,0.00011627738193192676,0.20757561567237778,0.0008749334633413864,0.007595862040527332,6.973924323905735e-05,6.820848276302397e-05,0.00019096951709133075,8.16980648900005e-05,2.052097064823171e-05,0.029225733565578716,0.36220668104428144,0.00015443550679069857,0.00011055478025898176,0.0002670721826881644,4.861524609602631e-05,0.0012995956578672069,0.00014113515749354826,9.060619923036401e-05,0.004106445637137844,0.000735234465554814,7.070746872259417e-05,0.0017835501639825206,5.737136614614549e-05,0.00010498007383066515,0.00025459885997369705,9.859716601423887e-05,0.008318303842650724,0.00017162874292389138,5.271803209941917e-05,0.007445366374951343,0.00012878189744029917,0.0006411127347191929,0.0010943703753339877,6.613129067837084e-05,5.58533370187975e-05,0.0005075622443370298,5.062080509785375e-05,8.172527543399769e-05,6.636008973477017e-05,7.578998415529769e-05,6.0551773656114226e-05,5.938695814952421e-05,5.5417089913785417e-05,9.855399729691625e-05,6.10676457562383e-05,0.00011607214575915218,6.532817876278548e-05,0.05228040531519198,4.705659067713559e-05,3.474548441718096e-05,0.0021501030499385797,0.00478887196316564,8.315543838605502e-05,0.0002664335235743668,0.15075424690457906,0.00010583926218175917,0.007752907231258099,8.289615376601282e-05,0.0016919773570795874,0.00015275502586988175,6.098741303997835e-05,0.00018366554122354172,0.007962570501375436,0.05265290595191881,5.6602668864280976e-05,6.903035953672515e-05,5.7903333906249904e-05,2.8011098845229707e-05,6.622768698506828e-05,3.561274490417002e-05,5.906680571239452e-05,0.009455957839024538,0.0010934054064391072,0.0010502187132430331,6.670214784502722e-05,6.457268991746942e-05,6.247183365480799e-05,0.006726567843778619,6.018325327536458e-05,0.00010432973250356922,5.305438259973626e-05,6.254137132834354e-05,0.00029589003110623596,5.538040387622841e-05
RichterOdilieMinnaANDRichterEmma,0.0023897732778737648,9.877115668861741e-05,5.8657191225734606e-05,0.000319646384397295,6.802180069809026e-05,0.0007839269490917024,9.118463211739318e-05,7.274349575305963e-05,0.0009403742074908457,0.0002792155788940096,0.00019234095458844086,0.002344388671187028,0.0001378612196260131,0.0004159144805760973,0.00024083401830874237,0.0011188533676599081,0.00014495271893792062,0.02174161134179285,0.001090702097810846,0.0024471335962196325,8.693774108271974e-05,8.502947750336217e-05,0.00023806479193740323,0.00010184574541509041,2.5581677547985017e-05,0.05374991048539205,0.4548328795188388,0.0001925210753624725,0.00013781885800890787,0.0003329352483701299,6.060432378483272e-05,7.106770565248431e-05,0.00017594070726840343,0.0001129507279305714,0.0023658587632744274,0.00013584479286182286,8.814474208370384e-05,0.0002748715013260733,7.151980354128847e-05,0.00013086936498937744,0.00031738586110657195,0.00012291235884296498,0.16347898548225526,0.00021395436086856542,6.571890390807978e-05,0.0017666254803076211,0.00016054099149638885,0.0007992184937366258,0.00042890273811131626,8.244002600880521e-05,6.962741100733139e-05,0.0006327329195454182,6.310447665614092e-05,0.00010187966639155754,8.272524953864812e-05,9.448066415877796e-05,7.548453604765362e-05,7.403246366748842e-05,6.908358035901736e-05,0.00012285854422446386,7.612762812880297e-05,0.017950599947401766,8.143885747678848e-05,0.012866147156003588,5.86612860495335e-05,4.3314119680077296e-05,0.00010940762739990391,0.00022310248336272596,0.000103662523942877,0.0003321390885883966,0.0869349544366173,0.00013194043904953969,8.692935472235473e-05,0.00010333929675948631,0.0001607157891762388,0.00019042616855816972,7.602760910380923e-05,0.00022895957178622358,0.0022311765286301944,0.1559551080002715,7.056153668667622e-05,8.605403852288753e-05,7.218296065691383e-05,3.491895732939654e-05,8.25601947511626e-05,4.439525655749759e-05,7.363335796468097e-05,9.676994962149016e-05,0.001363051729678246,0.0013092147022469474,8.31516631050075e-05,8.049705641078284e-05,7.787810488030536e-05,0.00072306965144756,7.502513431116654e-05,0.000130058642026459,6.613820230237657e-05,7.796479134228211e-05,0.00036885990897683193,6.903784712351967e-05
SchillerCharlottevon,0.0006772892473333464,2.799288241744721e-05,1.6624122992668468e-05,9.05914636780474e-05,1.9278161080643745e-05,0.00022217391843423726,2.584277405181512e-05,2.061634379426212e-05,0.00026651287178582723,7.913290813977276e-05,5.4511639899366134e-05,0.0006644267275336737,3.907145608391549e-05,0.00011787494994297304,6.825513219300867e-05,0.0003170959196317482,4.1081268594539976e-05,0.0011154250121677112,0.0003091175258049861,0.0006935458216280589,2.4639156261369376e-05,2.4098332403582065e-05,6.747030157241997e-05,2.8864256243446807e-05,7.250141798980466e-06,9.414965726216247e-05,0.017884119703176767,5.45626881994716e-05,3.905945031415035e-05,9.435768064992868e-05,1.7175962766600148e-05,2.014140559555685e-05,4.98636210825553e-05,3.201153607923608e-05,0.0006705115986989376,3.849997753485567e-05,2.49812342346466e-05,7.790174656742354e-05,2.0269535339773256e-05,3.708988402092698e-05,8.995080536442046e-05,3.4834776913559276e-05,0.0009142452159813652,6.0637127956040514e-05,1.8625493629704507e-05,0.0005006819906121085,4.549916442009942e-05,0.00022650771815449315,0.00012155597159119684,2.3364452051837947e-05,1.973320951888895e-05,0.00017932379059122788,1.788453486090912e-05,2.8873869838524213e-05,2.3445287682413305e-05,2.677690746152597e-05,2.1393186156349155e-05,2.098165213404615e-05,1.9579081655010112e-05,3.481952523140281e-05,2.1575445852547284e-05,4.100875782590224e-05,2.3080709368889064e-05,0.05915679033894115,1.6625283512854375e-05,1.2275719955797275e-05,3.1007380616514844e-05,6.322981114316522e-05,2.9379152184852086e-05,9.413203980595416e-05,0.19621589286023028,3.739343873499215e-05,2.463677947033565e-05,2.9287545881533165e-05,4.554870409405818e-05,5.396896750393262e-05,2.154709930989228e-05,6.488977740299596e-05,0.2579986306531917,0.3974473206665963,1.9997951485893078e-05,2.438870478668061e-05,2.045748169764085e-05,9.896434338044976e-06,2.3398509256267248e-05,1.258212658807153e-05,2.0868540985150304e-05,2.7425717305676146e-05,0.060943078557229836,0.0003710465124421838,2.356613819408579e-05,2.281379210898053e-05,2.207155110758403e-05,0.00020492625996480483,2.1262986417650175e-05,3.686011580381835e-05,1.8744327619736406e-05,2.2096119048455166e-05,0.00010453914286992108,1.9566120329793562e-05
SchlabrendorffAmanda,0.001709554735753565,7.065720427802134e-05,4.196116843986822e-05,0.00022866311012528003,4.8660261035878885e-05,0.0005607921222957766,6.523008735076769e-05,0.008581424562415714,0.017731481813571554,0.00019974041873090242,0.0001375935503340245,0.004787668300703206,9.862077841045404e-05,0.0002975297182040504,0.000172283680775185,0.0008003859993775763,0.00010369377271686415,0.043252999281328246,0.003890827651211634,0.04781681761322907,6.219201978687937e-05,6.0826919143499806e-05,0.00017030267943864456,7.285665046252004e-05,1.8300178684560787e-05,0.017296417546984116,0.07536126494459,0.00013772240202263622,9.859047448840128e-05,0.00023816946813333233,4.335407450270099e-05,5.0839187918881145e-05,0.00012586142464114487,8.080074106959725e-05,0.001692447183307033,9.71783018559046e-05,6.30554633178605e-05,0.00019663282754327574,5.116260189877006e-05,9.36190661909602e-05,0.01631426438751747,8.792692055272523e-05,0.006572351714613338,0.004417748264009595,4.7012854501641927e-05,0.038590738279174405,0.00011484504192774798,0.000571731123416408,0.000306821033570283,5.897452205357057e-05,4.980885480975358e-05,0.0004526335485843471,4.514259068573222e-05,7.288091626484433e-05,5.9178560336493013e-05,6.758794582952604e-05,5.399882376760071e-05,5.2960065305803437e-05,4.941981863260611e-05,8.788842358032908e-05,5.445886787430888e-05,0.004368204035685851,5.825832339947923e-05,0.049542668501042296,4.196409772419919e-05,3.098530689486781e-05,7.826613900188867e-05,0.00015959920153198564,7.415630610966846e-05,0.00023759992509848446,0.15378991911990988,9.438527265449649e-05,6.218602049723525e-05,7.392508142940025e-05,0.00011497008567317482,0.00013622378377235416,5.438731799155362e-05,0.00016378914429552116,0.001596100532271259,0.491019759109457,5.047709350574143e-05,6.155985191131302e-05,5.1636999783315284e-05,2.4979720638252037e-05,5.9060486293144554e-05,3.1758711922827666e-05,5.267455996074921e-05,6.922561532751019e-05,0.0009750764062529709,0.0009365634033433565,5.94836007093638e-05,5.758459401793714e-05,5.5711093701781484e-05,0.0005172570797225021,5.367018488729502e-05,9.303910519906458e-05,4.731280494560276e-05,5.5773105965861184e-05,0.0002638686314134446,4.938710278041615e-05
SchlabrendorffAmandaANDMützschefahlAntonievon,0.0024780200474555877,0.00010241846314497947,6.0823215796492116e-05,0.0003314499145031584,7.053363068142901e-05,0.0008128748921815284,9.455179221344472e-05,7.542968300259152e-05,0.0009750992530746539,0.0002895261272135713,0.00019944349777020068,0.002430959530771057,0.00014295199848576753,0.000431272887029532,0.2218107524777564,0.0011601690841949832,0.00015030536444065814,0.02254446029159941,0.0011309782769777506,0.002537498500958072,9.014807692349744e-05,8.816934720496754e-05,0.00024685577183250696,0.00010560658670984742,2.6526327998718185e-05,0.00034446839230843987,0.028506368925664063,0.00019963026983479192,0.00014290807258810964,0.00034522949419696667,6.284224980326265e-05,7.369201127322649e-05,0.00018243764118181283,0.00011712164111052654,0.0024532224454608693,0.0001408611114580512,9.139964865435162e-05,0.0002850216365990365,7.416080370732123e-05,0.0001357019567688839,0.0003291059172361307,0.00012745112354922358,0.003344978504253664,0.0002218550187926481,6.814569519578979e-05,0.0018318613724073065,0.00016646926260737224,0.0008287311052112416,0.0004447407598406401,8.548427545576166e-05,7.219853110170689e-05,0.000656097745269655,6.543472541346681e-05,0.00010564176028070162,8.578003138855274e-05,9.796953629453779e-05,7.82719412468258e-05,7.676624842578656e-05,7.163461850739503e-05,0.00012739532172704798,7.893878068477695e-05,0.00015004006694915338,8.44461369360162e-05,0.031804672050156205,6.082746182918417e-05,4.491357314055288e-05,0.00011344770508218655,0.00023134095251991718,0.00010749045312316992,0.0003444039347523201,0.016291512301773694,0.00013681258220685571,9.01393808813657e-05,0.00010715529018209069,0.00016665051501274787,0.00019745800474727199,7.883506827349668e-05,0.00023741432469606802,0.002313566821818836,0.6048360873779913,7.316715108825183e-05,8.923174202280743e-05,7.484844911801669e-05,3.6208403993653495e-05,8.560888164974507e-05,4.603463298380071e-05,7.635240501153156e-05,0.00010034335782960693,0.0014133849194543245,0.0013575598608576065,8.622219105940059e-05,8.346955813505416e-05,8.075389700689399e-05,0.019213189095392703,7.779557525705134e-05,0.00013486129637082646,6.858047695377221e-05,8.084378452576882e-05,0.01884589950730781,7.158719648814008e-05
SchlichtegrollAlfred,0.001014796580520417,4.1942318541127245e-05,2.4908269596088427e-05,0.00013573507615362342,2.88848701206833e-05,0.0049556197068343485,3.8720766411394576e-05,3.0889897141617365e-05,0.0033377128271996986,0.00011856648382216819,0.05555445871489017,0.0009955243993054097,5.854157612278828e-05,0.00017661449166971721,0.00010226808564457179,0.0004751114183581573,6.155292005198708e-05,0.004609655561583324,0.07442686761129678,0.005661886043407474,3.6917360816507395e-05,3.610703317036907e-05,0.00010109215758547897,4.324791608672681e-05,1.0863038406207511e-05,0.0001410663916827071,0.10237055649224801,0.004704484310888302,5.8523587627987646e-05,0.00014137807745566832,2.573510261873849e-05,3.017828735022877e-05,7.471170163438018e-05,4.796355099142191e-05,0.0010046414884600494,5.768531791448212e-05,3.742990336597182e-05,0.00011672180880539027,3.0370266813664372e-05,5.5572545444251874e-05,0.0001347751644637356,5.219367151369074e-05,0.01986076023842665,9.085387128858858e-05,2.790696489032884e-05,0.000750182250791371,6.817234534852744e-05,0.0003393812300279005,0.0001821298430445496,3.500744495987662e-05,0.29813475581621335,0.00026868456898500315,2.6796770940195006e-05,4.326232033638743e-05,3.5128562668174904e-05,4.012039794793052e-05,3.205385622668066e-05,3.143724623287788e-05,2.933574568245777e-05,5.217081960077391e-05,3.232693972416239e-05,6.144427565765452e-05,3.458230739045867e-05,0.1474773151191446,2.491000842764513e-05,0.00589517505193973,4.645900395499322e-05,9.473854248782289e-05,4.401939539592769e-05,0.0001410399950812727,0.1498659091209017,5.6027367792380174e-05,3.69137996210165e-05,4.388213976441106e-05,6.82465716734416e-05,8.086282765131955e-05,3.228446750912408e-05,0.020665963002513763,0.0009474498408509432,0.05110274364950955,2.9963347070988293e-05,3.6542104157552385e-05,3.065187075472241e-05,1.4828033613606162e-05,3.5058473578348e-05,1.8852062228245806e-05,3.126776944349996e-05,4.109252324571709e-05,0.02831519953844425,0.000555946714823647,3.530963550593549e-05,3.4182379702689327e-05,3.3070264556753024e-05,0.01249090012278289,3.1858775247414284e-05,5.522827894075704e-05,2.8085016331731126e-05,3.310707521406763e-05,0.00015663317427910996,2.9316325459029507e-05
SchmidtLudwigFriedrich,0.007439936403668903,8.326731002103975e-05,4.9449927392816736e-05,0.0002694723386769986,5.734459893765717e-05,0.0006608760137299182,7.687162210330208e-05,6.132514203493422e-05,0.011643325166670833,0.00023538784954971474,0.0001621497047559039,0.001976396195388893,0.00011622150938929708,0.00035062948696196325,0.0002030309407972928,0.0009432299201145057,0.00012219987485058407,0.04166064322705119,0.0009194974804773183,0.0020630135218696337,7.329135429774666e-05,7.168262579449388e-05,0.00978637455700763,0.005511138791715214,2.1566189428779056e-05,0.0002800565008888443,0.027336382619997535,0.00016230155244945478,0.0001161857971629473,0.00028067528489480857,5.109142371508433e-05,5.991239626468167e-05,0.00014832376078802626,9.522115154879892e-05,0.0074197756870396205,0.00011452159578964296,7.430889555082212e-05,0.038208682171398646,6.029352954618803e-05,0.00011032714764271768,0.00026756664373559164,0.00010361913166066934,0.013570062439041488,0.0001803705119396393,5.540318175283283e-05,0.0014893229611919216,0.0001353412975830367,0.0006737672851429233,0.022062697024180882,6.94996336375683e-05,5.869818085240623e-05,0.0005334145102542632,5.319913421696209e-05,8.588788519516802e-05,6.974008638593083e-05,7.965028473144659e-05,6.363592849974861e-05,6.24117840723083e-05,5.823971385950802e-05,0.00010357376418019604,6.41780761214673e-05,0.00012198418514196516,0.009654333780334512,0.4553842765235834,4.9453379462977434e-05,3.651521712011148e-05,9.223420211726715e-05,0.00018808267789344245,8.739089232220898e-05,0.0002800040962037532,0.16135835795383208,0.00011123009804659103,7.328428432213968e-05,8.711840125306548e-05,0.0001354886577343905,0.00016053547761356942,6.409375681772146e-05,0.032744697412736085,0.001880954662774824,0.06727101873287097,5.948567929981061e-05,7.254636418643399e-05,6.085259264710444e-05,2.943782115182416e-05,6.960093981095105e-05,0.06713717380201445,6.207532493382113e-05,8.158022712294118e-05,0.001149097112506658,0.0011037107405735475,7.009956694500903e-05,6.78616468274105e-05,6.565378517701155e-05,0.0006095713247917002,6.32486378361709e-05,0.00010964368171442727,5.575666398954797e-05,6.572686469481857e-05,0.00031096094674616594,5.8201159248768205e-05
SchragJohannLeonhard,0.025653963608864776,0.00011541603386282196,6.854207843439779e-05,0.00037351306963056305,7.948480827789734e-05,0.0009160340157560741,0.00010655103110119636,8.500220155974665e-05,0.005654997867229265,0.000326268880400509,0.00022475417796281907,0.002739464144521053,0.00016109353910765255,0.00959830855122794,0.0002814192740505243,0.0013074021050140233,0.00016938009514446791,0.004598952299944227,0.05429078324109209,0.0028595236046342985,0.00010158845562974731,9.935861220907486e-05,0.00027818337872071754,0.00011900875109390153,2.9892691967292593e-05,0.00038818367714680587,0.011317466009940144,0.00022496465262011767,0.00016104403872719514,0.00038904136782719526,7.08173410202633e-05,8.304400795870652e-05,0.00020559016729910425,0.00013198514097352427,0.22560567105625892,0.00015873730488401806,0.00010299885997320578,0.0003211927405587505,8.357229320910637e-05,0.00015292341982829744,0.00037087160382802826,0.00014362550207953372,0.0037694780849313824,0.0002500098671209602,7.679382821034223e-05,0.02795405434007199,0.0001875952973734239,0.0009339024855981081,0.0005011812618715387,9.633278734884657e-05,8.136099541627501e-05,0.012170094157384374,7.373881868774507e-05,0.00011904838842022075,9.666607663776929e-05,0.00011040250918908283,8.820516090604208e-05,8.650838584924328e-05,8.072551863716502e-05,0.00014356261864230903,8.89566266163085e-05,0.0001690811296716127,9.516290228252184e-05,0.19293884630706523,6.854686331632162e-05,5.061339839822121e-05,0.0001278449585099728,0.0002606996276843185,0.00012113169243744899,0.23670451128192385,0.08230655339837516,0.00015417499087536942,0.00010157865600317287,0.00012075399513396175,0.00018779955189076553,0.00022251671293032436,8.883975242385577e-05,0.0002675437503866079,0.0026071735354294217,0.034799363310240944,8.24525395942913e-05,0.03439275582375819,8.434720530570848e-05,4.080348653088636e-05,9.647320688125011e-05,5.187672804462866e-05,8.604202300755571e-05,0.00011307758415372085,0.0015927526806765859,0.001529843058177445,9.716434925362673e-05,9.406238926464932e-05,9.100209303384176e-05,0.012275654400453551,8.766834096636895e-05,0.00015197607414481473,7.728378660808935e-05,9.110338786490766e-05,0.0004310200383632197,8.067207845448598e-05
SchwendlerAugusteSophieHenriette,0.027134878105671216,0.017858901126145892,2.572142970546358e-05,0.000985351731383915,2.9827851087547037e-05,0.0010290885580923029,0.00023058076860803052,0.0007590347442551096,0.139643774867755,0.000179933767334128,0.0005246962404620645,0.007853154162232947,0.0006304572927864424,0.0002887100718317226,0.0002045964363859781,0.004223672939377256,0.004646969732616174,0.044289670718183245,0.007613518091781989,0.021968441693977277,3.812257200324145e-05,0.00012416146382776978,0.00010439243140024803,4.46597957855419e-05,1.1217675225295313e-05,0.0012916660678105652,0.057723750033943685,0.001223464317521071,0.0011555275513661135,0.00017396031806373943,2.6575255676320633e-05,3.1163493462110596e-05,0.0003894872137365374,0.001511260426205045,0.00457585727145765,0.00019968926628834624,0.00011931423984576764,0.00012053233118826836,0.00024028649912583721,0.00020417141322895456,0.011363412180350004,0.000875961560569688,0.014043195551610464,9.381990406052337e-05,2.881802097694323e-05,0.012787594422548312,7.039791270823977e-05,0.001569378904666496,0.00018807568856060437,0.005381316644524688,3.053191808837872e-05,0.0010833449685384532,2.7671583423839062e-05,4.4674670279078144e-05,3.627537641014319e-05,0.002434455512658335,3.310029251703125e-05,0.0005753643203769036,0.00046381879126809874,0.0061792883664417856,3.338229115034061e-05,6.345019717386061e-05,3.571128797867612e-05,0.10501652157329432,7.665696539498167e-05,1.8993427085822622e-05,4.797571343943832e-05,0.00026593529057415016,0.0021867628034283482,0.00014564441360115937,0.1253446898712626,5.785644790355773e-05,0.00025968375551132643,0.0024515927281919974,7.047456223988265e-05,8.350269091133731e-05,0.0007635584054222945,0.0015579640984179186,0.03577613383163544,0.2770717106889981,3.094153620161007e-05,3.773506464398538e-05,3.165253756055211e-05,1.5312112420788816e-05,3.6202999178551567e-05,0.00010571231951552303,3.228854299513144e-05,0.0001965480624842401,0.016043240030922248,0.004773143216478165,3.6462360586224166e-05,3.529830417550405e-05,3.4149882706873634e-05,0.016485692478834472,3.2898842886991075e-05,0.0005711058207860304,2.900188511958542e-05,3.4187895091912167e-05,0.0033392151145831875,3.0273391798976536e-05
SchwendlerAugusteSophieHenrietteANDSchwendlerFriedrichChristianAugust,0.0009309887999915877,3.84784788961785e-05,2.2851200394503853e-05,0.00012452528722576455,2.649939021057509e-05,0.00030539600403653943,3.552298120438289e-05,2.8338830484617828e-05,0.11828993078338396,0.00010877457670995915,7.493065394925215e-05,0.0009133082271487242,5.37068736240921e-05,0.0001620286437863161,9.382219467358685e-05,0.007372555571200558,5.646952332632998e-05,0.008469923419257688,0.0004249070179965686,0.0009533347750003413,3.386851129099284e-05,3.312510519625469e-05,9.274338156598862e-05,0.08327985552680678,9.965905762976885e-06,0.0001294163118331324,0.010709804476953938,7.500082396279351e-05,5.369037072340288e-05,0.00012970225678930758,2.360974875614264e-05,2.768598955229287e-05,6.854157649432651e-05,4.400244308858392e-05,0.000921672374263944,5.292133017909441e-05,3.4338725107466105e-05,0.00010708224564261972,2.786211423946444e-05,5.0983042699148216e-05,0.00012364465060417848,4.788321575223166e-05,0.008193385532717323,8.335063226383377e-05,2.560224605933415e-05,0.07005504391638424,6.254227813429326e-05,0.00031135316195223146,0.00016708850549313612,3.2116327350308185e-05,2.712489105992113e-05,0.0002464950407374499,2.458373835716692e-05,3.968946729616483e-05,3.222744245659729e-05,3.6807023060300206e-05,2.940666308540041e-05,2.8840976317024745e-05,2.69130298564504e-05,4.786225108266898e-05,2.9657193765635485e-05,5.6369851415479015e-05,3.1726300104275504e-05,0.08825247019406411,2.2852795623277226e-05,1.6873969040077808e-05,4.262215026255042e-05,8.691448481079676e-05,4.038401871140855e-05,0.00012939209521596498,0.09629756014727586,5.1400303182895784e-05,3.386524419965626e-05,4.0258098445090526e-05,6.261037441928881e-05,7.418470689014499e-05,2.9618229152164675e-05,8.919624257138575e-05,0.0008692039442364808,0.4977666874328022,2.748880028650196e-05,3.3524245500867485e-05,2.8120461695684747e-05,1.3603448696177767e-05,3.216314172984771e-05,1.729514971585794e-05,2.8685495902724897e-05,3.769886461928897e-05,0.0005310068138633862,0.0005100334144085334,3.2393561250426254e-05,3.135940076181925e-05,3.033913052732877e-05,0.0002816877037433583,2.9227693023543042e-05,5.066720771791327e-05,2.5765592981219603e-05,3.037290114731121e-05,0.0001436974993413943,2.689521346757789e-05
SchwendlerFriedrichChristianAugust,0.0006416699092871161,2.652070794303881e-05,1.5749843268120403e-05,8.582716543832796e-05,1.826430276361784e-05,0.0002104895635785787,2.4483675987541706e-05,1.9532109072130605e-05,0.0002524966857749208,7.497122711986936e-05,5.164481669690911e-05,0.0006294838426316129,3.701664802710536e-05,0.00011167578510205425,6.466552459692598e-05,0.00030041951911466674,3.8920762430890964e-05,0.0010567636636669756,0.01941687104702456,0.005438074116071364,2.33433576945044e-05,2.2830976319585128e-05,6.392196902579929e-05,2.73462553234022e-05,6.868849385675862e-06,8.919822996258341e-05,0.031286583203183886,5.1693180314413596e-05,0.028723020768353525,8.939531318645429e-05,1.6272661220825146e-05,1.908214836172501e-05,4.724124196972921e-05,3.032801647594285e-05,0.0006352487041645719,3.6475224122653113e-05,2.366744543537161e-05,7.380481360074508e-05,1.920353963092355e-05,3.5139288876771886e-05,8.522020000427212e-05,3.300278017134849e-05,0.0008661641198567706,5.744815903718848e-05,1.7645959765131236e-05,0.22040046940252409,4.310631657158944e-05,0.00021459544431463664,0.00011516321803620971,2.2135691490266896e-05,1.8695419736520748e-05,0.00016989296802620248,1.6943968779993947e-05,2.735536332962778e-05,2.221227589189837e-05,2.5368682360566565e-05,2.026809649548541e-05,1.987820547063977e-05,1.8549397615509465e-05,3.298833059084157e-05,2.0440770966823346e-05,3.8852065078146444e-05,2.1866871126817244e-05,0.10863670230471263,1.575094275535624e-05,1.1630127218886164e-05,2.9376670581686572e-05,5.990449034916888e-05,2.783407235772641e-05,8.9181539026515e-05,0.028123612044070486,3.54268793362466e-05,2.334110590135545e-05,2.774728372410758e-05,4.315325090314776e-05,5.11306840008395e-05,2.0413915197998348e-05,6.147715727627429e-05,0.0005990856346019051,0.4482601960719039,1.894623865121765e-05,2.310607772043555e-05,1.9381601696545544e-05,9.375970678645328e-06,2.2167957591290594e-05,1.1920419611258411e-05,1.9771042953388643e-05,2.598337062777233e-05,0.0625190219640696,0.0003515327947660369,2.232677075087849e-05,2.161399132010686e-05,2.0910785536299614e-05,0.0049751515596557355,0.01914415507389521,3.492160440649625e-05,1.775854415341765e-05,0.014363941808774096,9.904132183761079e-05,1.8537117939715566e-05
SchwendlerFriedrichChristianAugustANDSchwendlerAugusteSophieHenriette,0.00029229915525572157,0.0740601574750396,7.174507976844664e-06,3.909674989043474e-05,8.319916816843367e-06,9.588406863665816e-05,1.1153020743428728e-05,8.897439165394612e-06,0.17216790322085276,3.4151556802731735e-05,2.352570390999667e-05,0.008998286465334477,1.6862151071946052e-05,5.087154185571123e-05,2.9457011993672852e-05,0.00013684975777827137,1.7729530114786194e-05,0.03750542459917847,0.043691098580437536,0.00029931503946236635,1.0633572863836313e-05,1.040016836583818e-05,2.911830098014336e-05,1.2457008213643901e-05,3.1289590550419004e-06,4.0632367033284895e-05,0.05998751791638441,2.3547734933015e-05,1.6856969716455232e-05,4.072214412742437e-05,7.4126666371095715e-06,8.692469080860115e-06,2.151974858276286e-05,1.3815286439640586e-05,0.00028937411107665364,1.6615516863895887e-05,1.0781204179428875e-05,3.362022179483388e-05,8.747766306004388e-06,1.6006959818917334e-05,3.882025962483845e-05,1.5033718467323392e-05,0.0221734087821101,2.616929376698092e-05,8.038243742416792e-06,0.0002160803873439361,1.963617077518816e-05,9.775441576274332e-05,5.24601681663904e-05,1.0083446067768092e-05,8.516303035321221e-06,7.739114818882065e-05,7.718466596904819e-06,1.2461157173237095e-05,1.0118332472099433e-05,1.1556166677945887e-05,9.232702669280037e-06,9.055096059472233e-06,8.449785746599259e-06,1.5027136266545636e-05,9.311360872471113e-06,1.769823648875684e-05,9.960990637001258e-06,0.16491503596554138,7.175008824999766e-06,5.297858466471895e-06,1.3381920939369513e-05,2.728822354244401e-05,1.2679222945842782e-05,4.062476383038788e-05,0.18486400032211064,1.613796556992326e-05,1.0632547107094843e-05,1.2639688219458675e-05,1.9657550717224446e-05,2.3291501634690585e-05,9.299127295007573e-06,2.800461869770729e-05,0.00027290078962019786,0.06916660576479823,8.630558286856258e-06,1.05254849903431e-05,8.828878713818901e-06,4.271025132088848e-06,0.0980149053129232,5.4300950258608785e-06,9.006280441326164e-06,1.183617491683847e-05,0.050258064157310094,0.008871671744404503,1.0170488183434242e-05,9.84579658969928e-06,9.525466068347335e-06,8.844046013319556e-05,9.1765120922318e-06,0.0021937924020119484,8.089529179235333e-06,9.536068906634347e-06,4.511617934633445e-05,8.444192000018002e-06
SchützeStephan,0.0007981178535660705,3.29868210932106e-05,1.95898715542382e-05,0.00010675300815243284,2.271739083849885e-05,0.000261809812568637,3.0453132745921448e-05,2.429430575229292e-05,0.0003140588485863609,9.32502428462028e-05,6.423653291728054e-05,0.00078296065635028,4.604181564696795e-05,0.00013890387660530883,8.043186838597603e-05,0.00037366592744161767,4.841017931635362e-05,0.03699447756142812,0.0003642641857470738,0.054337365191051916,0.01192238825260673,2.839748218090697e-05,7.950702374569356e-05,3.4013648272881104e-05,8.543569285109246e-06,0.00011094598454635569,0.027021328790073226,6.429668824953893e-05,4.602766804425156e-05,0.00011119111936931233,2.024015971046809e-05,2.373463843553037e-05,5.875930614007474e-05,3.772240378170081e-05,0.0007901310703687625,4.53683851521971e-05,2.9437893965226894e-05,9.179944167759548e-05,2.388562656480393e-05,4.3706730529603774e-05,0.00010599805620220716,4.104931163334887e-05,0.001077346838570089,7.145480989286548e-05,2.194828731723818e-05,0.0005900038089189506,5.36162290911828e-05,0.0002669167634675836,0.00014324159362706553,2.753267735281549e-05,2.325362005552953e-05,0.041838052330979536,2.107514128035613e-05,3.402497693622314e-05,2.762793408429392e-05,3.1553915837987635e-05,2.5209737026344945e-05,2.4724785210199794e-05,2.307199573419557e-05,4.103133904649043e-05,2.5424511907378394e-05,4.8324732604696166e-05,2.719831488955201e-05,0.3373108325250269,1.959123911157569e-05,1.4465712102582672e-05,3.653910668122393e-05,0.0417012471505432,3.4620401805706644e-05,0.023897632150987648,0.04092721197930828,4.406443949631696e-05,2.9031988366954266e-05,3.451245291021497e-05,5.3674606657934366e-05,6.359704760264098e-05,2.5391108332954466e-05,7.646613328525135e-05,0.030478534605920413,0.2602183570733041,2.356559206938641e-05,2.873965708482865e-05,2.410710260966577e-05,1.1661961212194673e-05,2.7572810372798603e-05,1.4826781770574576e-05,2.459149499818685e-05,3.231847355424326e-05,0.0064018981248324435,0.07774403883458518,2.7770344363739757e-05,2.6883779509879747e-05,2.600912248971339e-05,0.00024148516662030278,2.5056309614948072e-05,4.343597159318413e-05,2.2088321326973865e-05,2.6038073358654265e-05,0.00012318895752365844,2.3056722104646688e-05
SpazierJohannKarlGottlieb,0.015741440451680088,0.0008299209583105589,4.257769943177858e-05,0.0005884687398927873,4.937522108390662e-05,0.0011843544392694534,6.618850609724282e-05,0.0004851906205184775,0.0009612272525696324,0.0011584190721842496,0.0003588906130916907,0.0045165157011260205,0.0003103537489510005,0.0950487819435063,0.0014918409216636193,0.0029333791369337897,0.00010521733430785452,0.01741619178047523,0.0018815346949970367,0.011790633794728271,6.310580052925936e-05,6.172064260709054e-05,0.0004907539431425171,7.392712549090956e-05,0.0003592294577215205,0.0013024728728470488,0.03499363315051775,0.0001397459426504187,0.00010003905386045458,0.0010102803260163362,0.00022271449820717042,0.00021157400943912924,0.00012771069318781217,0.0006960531288407762,0.18905849102145378,0.0003075545988129372,6.398193054434969e-05,0.002641776846704181,5.191432857536551e-05,0.008671881726535817,0.005479455354972947,0.00021725201137991898,0.022951889048549366,0.0018190487412492258,0.004119392163982839,0.008975172293369495,0.026957252170594314,0.001893879391770059,0.0015239571630785516,0.0010115131116059362,5.05406910241284e-05,0.008778451313304498,0.000150348507478394,0.006731203789628743,0.00177548560651906,0.004409744412765419,0.002825005339572194,0.0008220287673562659,5.014593877974295e-05,0.00030715213079746746,5.525902623684301e-05,0.00010503161974631117,0.0009834349763277938,0.18064966359736545,0.0003605296962755827,3.1440570718655654e-05,0.0015813556582647981,0.006876217118356709,0.00035455696491290816,0.0047483334137659716,0.22878289191352813,9.577206544256673e-05,6.309971309268957e-05,7.50112548005264e-05,0.002678829002729995,0.00037075777043859166,0.0008157886953532847,0.0024317329277430593,0.005627294770387843,0.033422135571661515,0.00021920868868417913,0.0004925800587485704,5.239569673765073e-05,0.00023597865642833573,0.000937029917082694,3.222533930456123e-05,5.344850167659018e-05,7.024273994225102e-05,0.0016225902948759313,0.013635204160457373,6.0357586937852634e-05,0.0007149885619874628,0.0009336313122216676,0.002633741828003334,5.4458755214453446e-05,0.0031446247721982575,0.0020500212034263578,0.0033258363709215595,0.0006342412692897095,0.0005300762824297556
SpazierJohannKarlGottliebANDLeipzigerAugustWilhelmvon,0.004602439023737846,0.00019022232367075232,0.00011296726280259065,0.0006156035833891892,0.00013100246491849253,0.0015097566014586536,0.00017561151641785067,0.00014009592737385812,0.0018110567180344192,0.03482993831554811,0.0003704274055857069,0.004515033290806611,0.000265505461518669,0.06938540527316173,0.00046381968296755764,0.0021547878406858964,0.0002791629048720285,0.007579738825422777,0.002100571608493203,0.0047129086528082354,0.00016743247399214663,0.00016375736939267308,0.00045848645925340037,0.00019614364150775392,4.926748161828924e-05,0.0006397828673066923,0.0529450215317096,0.0003707742982750946,0.00026542387772932844,0.0006411964656496082,0.00011671722475812682,0.00013686854098290157,0.00033884234311825387,0.00021753060961907618,0.2446017822568864,0.00026162204658807957,0.00016975702442546743,0.0005293721107058731,0.00013773923151461299,0.0002520399227891601,0.0006112500655456269,0.00023671560899778926,0.006212645300165689,0.1718730523951454,0.00012656734040182086,0.0034023252859081065,0.0003091841937532852,0.0015392064251965956,0.000826019236865786,0.0001587703722080578,0.00013409469279323968,0.0012185736226452352,0.00012153224267081222,0.00019620896955676223,0.00015931968118075047,0.00018195930958769336,0.00014537486782159026,0.0001425783370169148,0.0001330473351123755,0.0002366119679944647,0.00014661339204375914,0.0002786701665146229,0.00015684223234485213,0.02477877642377444,0.00011297514898033891,8.341820395272218e-05,0.00021070698986470394,0.00042967070777317167,0.00019964255601616856,0.0006396631499654362,0.20171930721185927,0.0002541026929680075,0.0001674163227896169,0.0001990200562099552,0.0003095208347520147,0.00036673973946715823,0.00014642076646374723,0.000440950812281568,0.004296999225529868,0.1288912893799688,0.0001358937155371535,0.00016573056059960615,0.0001390163987739855,6.725004977210253e-05,0.00015900180391514895,8.550035400465864e-05,0.00014180970357448566,0.0001863682201934044,0.0026250868775409856,0.002521402717095309,0.000160140906548125,0.00015502842765512904,0.00014998461666404132,0.0013925521770264606,0.00014449011088704867,0.00025047856002871627,0.00012737486273474235,0.00015015156520226686,0.000710383388702799,0.00013295925795891276
SpazierRichardOtto,0.050035579935719804,3.8657485300045354e-05,2.2957506863054692e-05,0.00012510459348984309,2.6622668486700772e-05,0.0013224116060495564,3.5688238285807116e-05,2.8470666052976217e-05,0.00036804775119950064,0.018457792112650875,7.527924015347913e-05,0.013171869969449796,5.3956724309102804e-05,0.0021939721479257482,9.425866654444039e-05,0.005934406332531639,0.001142927701019691,0.056368834071628994,0.00042688373535783894,0.003041013278097747,0.0035663917132775507,3.327920707681217e-05,0.0008068033975462822,3.986083122087947e-05,1.0012268327274704e-05,0.0001300183717182299,0.05492504378422763,7.534973660616631e-05,0.08169913043992758,0.00013030564692393098,2.3719584080778004e-05,2.7814788027945274e-05,6.886043995971242e-05,4.42071476227703e-05,0.036562925205051416,5.3167526423721706e-05,0.016976101616386054,0.00010758040482823075,2.7991732067850818e-05,5.1220221802729437e-05,0.0008378484229179898,4.810597409672117e-05,0.004277333549298362,8.373838919626955e-05,0.0015491136466068357,0.016303732346537435,6.283323215897462e-05,0.00031280161343608614,0.0016019909957633274,3.226573627782585e-05,2.7251079239475147e-05,0.0023885274532468043,2.469810479584017e-05,0.0014739992822751819,0.0014665025432195015,0.0010525731175828432,2.9543466336455222e-05,2.8975147926782222e-05,0.01533395601310472,4.808491189705297e-05,2.9795162514844435e-05,5.6632090585993516e-05,3.1873894579228373e-05,0.2030529530037355,2.2959109513019707e-05,1.695246872622639e-05,4.2820433512368005e-05,8.731882120392443e-05,0.0027203792574407915,0.0032102855230780854,0.13527937212086566,0.001229094637329103,3.4022789293801223e-05,4.044538384814966e-05,6.290164523588721e-05,0.0011607252976984363,0.0035621216583269348,8.96111939696523e-05,0.003418321086231594,0.1799752104909045,2.7616681414526212e-05,0.0057701809038884465,2.8251281386785374e-05,1.3666733537500635e-05,3.2312768443358253e-05,1.7375608783986068e-05,2.881894419933088e-05,3.7874244165958946e-05,0.004122107527596266,0.009229812705398967,3.2544259902613746e-05,3.15052883779316e-05,3.048027172645978e-05,0.00028299814803084324,2.9363663684846602e-05,0.013912214580380127,2.5885457546435636e-05,0.01437176594859993,0.022516015061047345,2.702033315999225e-05
StainleinJohannGottliebEduardvon,0.0014722545278470756,6.084940525608774e-05,3.613661436942439e-05,0.00019692279644099482,4.1905818010977334e-05,0.0004829495797728841,5.617561663604529e-05,4.481468680960108e-05,0.0005793311849569247,0.00017201481164685702,0.0001184944379055104,0.012413879818723769,8.493140612464378e-05,0.00025623015492504353,0.0001483692939399337,0.000689285863134193,8.930022724581279e-05,0.002424650223081932,0.0006719428645812921,0.0015075921848479894,5.355925774837954e-05,5.238364426192594e-05,0.00014666327182411812,6.27435502847094e-05,1.5759963904799453e-05,0.00020465740412271328,0.005966771276591918,0.00011860540392374424,8.490530863532644e-05,0.0002051095940485725,3.733617365523295e-05,4.3782291985315295e-05,0.00010839082740894489,6.958493601006403e-05,0.13309254328572598,8.368915713762169e-05,5.430284824094538e-05,0.00016933857958420574,4.4060813454269955e-05,8.062397255253768e-05,0.00019553016824446905,7.572194337862976e-05,0.012956921661193777,0.00013180969067560708,4.0487085004943386e-05,0.0010883552789187636,9.890360890046844e-05,0.0004923701578878485,0.0002642317595718589,5.0788375069321286e-05,4.289497755578626e-05,0.0003898043025016403,3.8876429134350334e-05,6.276444779480171e-05,5.096409116638694e-05,5.8206185034222046e-05,4.650334448356995e-05,4.56087742093714e-05,4.255994278835649e-05,7.568879010150252e-05,4.689953069799491e-05,8.914260728083492e-05,5.017159065799375e-05,0.3918618565633361,3.61391370450834e-05,2.668429235908145e-05,6.740215748157797e-05,0.00013744552437080625,6.386280307676044e-05,0.1428092258869164,0.009679200447304907,8.128382327952231e-05,5.355409120930496e-05,6.366367427710559e-05,9.901129554923925e-05,0.1646610918584705,4.683791252535014e-05,0.0001410538687402634,0.0013745486976172634,0.052200068237407436,4.3470459244248894e-05,5.301483995484703e-05,4.4469361024532424e-05,2.1512330693413374e-05,5.086240676792609e-05,2.7350342430752113e-05,4.536289934605774e-05,5.961653258443455e-05,0.0008397278098674048,0.033715316137853744,5.122678943555771e-05,4.95913804361305e-05,4.797793731805025e-05,0.022384627831538655,4.622032337319679e-05,8.012451489936306e-05,4.074539986905121e-05,4.803134177165678e-05,0.00022724150284899399,4.2531768164571885e-05
SteinAnnaChristianeCharlottevon,0.0009058543083180293,3.743965113859867e-05,2.223427212850144e-05,0.0001211633995264155,2.578396946372175e-05,0.0002971510355464096,3.456394488159404e-05,2.7573749208816827e-05,0.0003564530724205928,0.00010583792087410376,7.2907703836642e-05,0.04138509690242341,5.225691529169346e-05,0.00015765425432195094,0.033838327412202725,0.0004241064007430082,5.494497999791583e-05,0.04198829375042934,0.0004134355353042228,0.000927596994949092,3.295414173569103e-05,3.223080584405137e-05,9.02395300139946e-05,3.860508782247506e-05,9.696849921036279e-06,0.00012592237805839537,0.0036712574934668367,7.297597942608169e-05,5.224085793022016e-05,0.00012620060317828448,2.2972341481714162e-05,2.693853343479433e-05,6.669111633443545e-05,4.2814481386535255e-05,0.0008967894040102787,5.149257965840918e-05,3.341166089326501e-05,0.00010419127873569809,2.7109903172729924e-05,4.960662134775711e-05,0.00012030653800699275,4.659048238353963e-05,0.0012227758982097925,8.110036268740053e-05,2.491104607883111e-05,0.0006696473332168537,6.0853784815119104e-05,0.00030294736431353255,0.00016257751175174792,3.1249262609702395e-05,2.639258327222494e-05,0.013738655536485376,2.392003567132501e-05,3.8617945721155074e-05,3.135737787140277e-05,3.5813320649867394e-05,2.8612752859548266e-05,2.806233829355539e-05,2.6186441819254576e-05,4.6570083710380515e-05,2.885651980503552e-05,5.484799899249081e-05,3.086976517516473e-05,0.025125193858085232,2.223582428987773e-05,1.6418411857927443e-05,4.147145319627754e-05,8.456799965994603e-05,3.929374589388819e-05,0.00012589881523251154,0.04645190072274527,5.0012616787119e-05,3.295096284807935e-05,3.9171225176399684e-05,6.092004266177013e-05,7.218189558065063e-05,2.881860714380392e-05,8.67881553674973e-05,0.17633033610856255,0.6058175038027389,2.674666781195077e-05,3.2619170306180387e-05,2.7361275859772225e-05,1.3236187813996533e-05,3.129481311191842e-05,1.6828221653425712e-05,2.791105548203944e-05,3.6681084599932464e-05,0.000516670888080205,0.0004962637207153293,3.1519011851407585e-05,3.0512771245607185e-05,2.9520045889974328e-05,0.00027408280318564455,2.8438614565301428e-05,4.929931316266206e-05,2.5069983020867106e-05,2.955290478323485e-05,0.00013981800734241416,2.616910643066668e-05
ThieriotPaulEmile,0.0012885074321534495,5.325499730623361e-05,3.162652605725451e-05,0.00017234552991710585,3.6675694953761954e-05,0.010023182690363102,4.916452839659108e-05,3.9221517700639115e-05,0.0005070268240824178,0.0001505462262504064,0.00010370554888587491,0.0012640371597796404,7.433140530046554e-05,0.00022425093808034922,0.16333849479747045,0.0006032584316962387,7.815496867072539e-05,0.26133576492315785,0.0005880799539883674,0.001319434716002358,4.687470839048938e-05,4.58458192371645e-05,0.00012835872615427746,5.491274051625076e-05,1.3793016246653714e-05,0.00017911480743955922,0.005222078784903554,0.00010380266561162198,7.430856495030199e-05,0.00017951056107399805,3.2676372415909116e-05,3.83179725738639e-05,9.486293575739249e-05,6.090027608609457e-05,0.001275613309483786,7.324419719745925e-05,4.752549387494688e-05,0.00014820400563727898,3.8561732722652286e-05,7.056156790741493e-05,0.000171126710923848,6.627134437354684e-05,0.0017393037911658065,0.00011535897010534319,3.543402920375788e-05,0.0009525213468088117,8.655978482294656e-05,0.00043091910794582273,0.00023125388958198398,4.4449650183459915e-05,3.754140084969535e-05,0.00994166255932333,3.402439383117352e-05,5.493102987896499e-05,4.4603435750245816e-05,5.094166843797558e-05,4.0699419735998214e-05,3.991649774453119e-05,3.724818063559666e-05,6.624232884452608e-05,4.104615929233689e-05,7.801702071913934e-05,4.390984454319873e-05,0.03573863779546445,3.162873388631807e-05,2.335391630733251e-05,5.8989922744670584e-05,0.000120291414506288,5.589230316234104e-05,0.0001790812911489206,0.2964864245620294,7.113906490249966e-05,4.6870186669638673e-05,5.5718026952991384e-05,8.665403146621402e-05,0.00010267314298618928,4.099223147489312e-05,0.00012344941364969265,0.010803504345426316,0.016883629483461397,3.804505861988855e-05,4.639823753582742e-05,0.17284807067301178,1.8827449640749267e-05,4.4514442236778794e-05,2.393683892791293e-05,3.970130968922757e-05,5.2175995292467e-05,0.0007349242291564398,0.0007058966177873826,4.483334753916413e-05,4.340204839182573e-05,4.198997363866242e-05,0.00038986151049597576,4.045172153078e-05,7.012444587043773e-05,3.5660104665536465e-05,4.2036712863491105e-05,0.0001988802613790037,3.722352239107581e-05
ThieriotPaulEmileANDJeanPaulANDRichterCaroline,0.04317894305526028,3.290320003608136e-05,1.9540211547177724e-05,0.00010648239100602126,2.2659802620714368e-05,0.011878168876894886,3.0375934547710255e-05,2.423272008074587e-05,0.00031326271449252463,9.301385499111594e-05,6.40736943468805e-05,0.05305757822959,4.592510039011825e-05,0.00013855175752817,8.022797490250545e-05,0.0003727186903684376,4.828746029596632e-05,0.1159310538515387,0.0003633407819367938,0.01255531620424473,2.8961186457983733e-05,2.8325495023579315e-05,7.930547472840486e-05,3.392742422548461e-05,8.521911475365802e-06,0.00011066473827270608,0.17684305839360376,0.16454881159683987,4.5910988651345557e-05,0.00011090925168285741,2.018885123346536e-05,2.3674471511565466e-05,5.8610352250831215e-05,3.76267780991663e-05,0.0007881281009044362,4.525337703074297e-05,2.9363269380879246e-05,9.156673157997002e-05,2.382507688837712e-05,4.359593467570136e-05,0.00010572935284676022,4.094525229330186e-05,0.009787382842755989,7.127367310725869e-05,2.1892648764421654e-05,0.0005885081588206074,5.3480312818947296e-05,0.012129444138850896,0.00014287847850754168,2.7462882461718366e-05,2.3194672505366064e-05,0.00021077952834803535,2.1021716138599323e-05,3.3938724170848585e-05,2.755789771892553e-05,3.147392717246925e-05,2.5145830751346923e-05,2.4662108280200143e-05,2.301350859874462e-05,0.0030682736408041288,2.536006118153602e-05,4.8202230190338806e-05,0.029069686237502248,0.02838172278276886,1.9541575637779517e-05,1.4429041756727664e-05,3.6446480637671315e-05,7.432114682804207e-05,3.4532639647933024e-05,0.0001106440304843081,0.15797841466788728,4.3952736855978335e-05,2.8958392746723113e-05,3.44249644011428e-05,5.35385423995128e-05,6.343583011715474e-05,2.5326742284632158e-05,7.627229287602155e-05,0.00982530094838047,0.15586713742150074,2.3505853675221346e-05,2.866680251966232e-05,2.4045991495052853e-05,1.1632398329429814e-05,2.7502913745145918e-05,1.4789196118960051e-05,2.4529155956715527e-05,3.223654674729897e-05,0.0004540674142606096,0.00914889998360069,2.7699946990619833e-05,2.6815629564303196e-05,2.5943189785514695e-05,0.0002408730056346546,2.4992792275952625e-05,4.332586210879961e-05,2.2032327790211026e-05,2.597206726447177e-05,0.00012287667551183105,2.2998273687599235e-05
ThümmelMoritzAugustvon,0.0014901170767052543,6.158767805730469e-05,3.6575052171810994e-05,0.0001993120185531932,4.241425232549606e-05,0.0004888091035858929,5.685718336096957e-05,4.5358413806230576e-05,0.0005863600861425725,0.00017410183051435246,0.00011993210554142169,0.0014618179999394327,8.596186068450424e-05,0.004882070839672772,0.00015016942680549944,0.0006976488208800193,9.038368777662021e-05,0.03485379230820872,0.08851200148743313,0.19955745329026492,5.4209080751292794e-05,5.3019203798201515e-05,0.00014844270588874935,6.35048043418697e-05,1.5951176171379663e-05,0.00020714046857331196,0.006039164834524836,0.000120044417886588,8.593544655993861e-05,0.00020759814482269133,3.778916545351208e-05,4.4313493156660576e-05,0.00010970591010269753,7.042919513493872e-05,0.0014752054418169036,8.470453975658812e-05,5.4961693068042347e-05,0.00017139312830128164,4.4595393866944196e-05,8.160216594343602e-05,0.00019790249389703277,7.664066149948005e-05,0.008491393317431744,0.00013340890942151065,4.097830613576482e-05,0.023306913588041628,0.00010010358520403481,0.0004983439795574221,0.0002674376269174576,0.013011294308859314,4.341541313120349e-05,0.0003945337146154178,3.934810852246494e-05,6.352595539697613e-05,5.1582427568994894e-05,5.891238821061328e-05,4.7067559602080185e-05,4.616213569834429e-05,4.3076313458698395e-05,7.660710598074221e-05,0.09250210653580945,9.022415544236636e-05,5.0780311821671536e-05,0.035758937201307774,3.657760545455346e-05,2.7008047163019478e-05,6.821993342207511e-05,0.00013911312147984805,6.463763678832458e-05,0.00020710170806966086,0.24840268396228876,0.026002049481124282,5.420385152770619e-05,0.006544380956658171,0.0001002125783918508,0.00011873816158516391,4.740618688625335e-05,0.00014276524511870292,0.010636689600878992,0.05654782641609403,4.399787701573529e-05,5.365805765327501e-05,4.5008898257373736e-05,2.177333519419512e-05,5.1479509455506345e-05,2.7682178277554805e-05,4.591327768797564e-05,6.033984720558359e-05,0.09156914415272333,0.026736126014575548,5.184831310000069e-05,5.019306203345611e-05,4.856004335559224e-05,0.0004508621990400545,4.678110465719249e-05,8.109664847752953e-05,4.123975507879287e-05,4.8614095753996175e-05,0.013189888304645523,4.3047796998237877e-05
TiedgeChristophAugust,0.001116936846707276,4.6163853834523495e-05,2.741531123934447e-05,0.00014939694403468662,3.1792160487572826e-05,0.008688550635237512,4.2618049338964945e-05,3.399899543490436e-05,0.07533893001557683,0.00013050031612994517,8.989668656008325e-05,0.0010957249016449245,6.443384289128037e-05,0.0001943909126174017,0.00011256146826988592,0.0005229318462853304,6.774828152577549e-05,0.0018394789238634472,0.13366429196900628,0.009465903367844218,4.063312921097777e-05,3.974124129644291e-05,0.00011126718190403691,4.760086104724281e-05,1.1956413823218767e-05,0.0001552648616746953,0.12103693823171995,8.998087175507056e-05,6.441404383692278e-05,0.0001556079189248846,2.8325365812644866e-05,3.321576142354022e-05,8.223150731631826e-05,5.279112920716488e-05,0.0011057596347205034,6.349140145867104e-05,4.1197259668244906e-05,0.0001284699727724784,3.342706380732668e-05,6.116597637742104e-05,0.00014834041629641724,5.744701548824761e-05,0.07640712373766023,9.999840209964442e-05,3.071582814142861e-05,0.0008256888264493148,7.50339584384239e-05,0.00037354028203820237,0.00020046138949063745,3.8530978459457295e-05,3.2542593732621114e-05,0.00029572793306724697,2.9493892086756398e-05,4.761671509868912e-05,3.866428678329666e-05,0.14152083341755564,3.5280108137807e-05,3.460143574636765e-05,3.2288417114657125e-05,5.742186350799413e-05,3.558067775581715e-05,6.762870196712542e-05,3.806305037877833e-05,0.23903381034425136,2.7417225085994316e-05,2.024423684928434e-05,5.113514804320624e-05,0.00010427406924619924,4.8449990501814706e-05,0.00015523580822956564,0.023987512093250254,6.166657703875742e-05,4.062920957768528e-05,4.82989199570358e-05,7.511565571537943e-05,0.033377631129558105,3.5533930670885884e-05,0.00010701156653734301,0.0010428115919652251,0.12282354342865776,3.297918719543027e-05,4.02201026030795e-05,3.373701145987436e-05,1.6320489667749273e-05,3.8587143158177534e-05,2.0749540689571306e-05,3.441490095274352e-05,4.522852581330043e-05,0.0006370657480111543,0.0006119032942286313,3.886358477888995e-05,3.7622869578938695e-05,3.639881895823156e-05,0.0003379496891672197,3.506539206759457e-05,6.078705911437384e-05,3.0911800634171505e-05,3.643933464412904e-05,0.00017239845613131765,3.226704222678829e-05
TruchsessvonWetzhausenChristianFreiherr,0.003264209224452545,2.6121696766038962e-05,1.5512882644238365e-05,0.0026259388142355305,1.7989511421001905e-05,0.00020732269153692505,2.4115312503653785e-05,1.9238243242949167e-05,0.0029345428328077638,7.384326486341407e-05,5.0867806552970475e-05,0.003147811397952182,3.645972261132809e-05,0.00010999559290840473,6.369261440402501e-05,0.00029589962672819166,3.833518910228162e-05,0.01351139869780632,0.0015746555590153164,0.1078992584197414,2.2992150605733704e-05,0.03949774571726396,0.012483460699992262,2.693482356424386e-05,6.765505701038946e-06,0.004564264597817408,0.06905377479388146,5.091544252685452e-05,3.644851936785459e-05,0.009091457406483752,1.602783466036579e-05,1.8795052312334063e-05,4.653048479078204e-05,0.04424481633155056,0.008807858571628266,3.5926444574996535e-05,0.0005205845889540827,7.269440034909518e-05,1.8914617217270212e-05,3.461060883384948e-05,8.393803919691734e-05,3.250624447596962e-05,0.02594025973733355,5.658383604840794e-05,0.023294704043356342,0.01163510182996854,0.0005397309970509174,0.00021136679819407696,0.00011343055647700805,2.1802654064033517e-05,1.8414142123208273e-05,0.00016733688267275986,1.6689042216929533e-05,2.6943794538068493e-05,2.1878086232764554e-05,2.4987003717999185e-05,1.9963157537763025e-05,1.9579132528148178e-05,0.0030640579403610323,3.249201229328396e-05,2.0133234075282813e-05,0.01096619374724675,2.1537878175182804e-05,0.06371184875016482,1.5513965589393313e-05,1.1455148829914321e-05,2.8934690679403757e-05,5.900321119579426e-05,2.7415301260212378e-05,8.783977880917633e-05,0.2662993870772264,3.4893872417587126e-05,0.03682120870069359,2.7329818384906076e-05,4.2503998648222415e-05,5.036140912145841e-05,0.0007950101716060022,6.055221692641272e-05,0.0010873454568522854,0.12221323289374648,0.0391512823443879,2.2758440572630798e-05,1.9090000291270434e-05,0.03087805914600957,2.1834434712897554e-05,1.1741073695243045e-05,1.9473582299763188e-05,2.5592443835060824e-05,0.02139680419276814,0.008691050915041023,2.199085848582706e-05,2.1288803013112063e-05,2.059617714927048e-05,0.0062828032005102135,1.9841661007230944e-05,3.439619948491999e-05,1.7491362084987287e-05,2.0619102844882374e-05,0.0009928328943769554,1.8258222019471015e-05
UngernSternbergRosalievon,0.0016140598702706792,1.6641772284428677e-05,9.88304330889098e-06,5.385663708941627e-05,1.1460869301785389e-05,0.0001320824237741711,1.5363532577845525e-05,1.2256419101298554e-05,0.01954102311366441,4.7044524312577234e-05,3.240717710051227e-05,0.011297703688696677,2.3227985788427176e-05,7.007667326772836e-05,4.0577685079392176e-05,0.00018851356598933208,0.00244724546662602,0.06383957752053372,0.00018377040980839838,0.000412313082312575,1.464798164288354e-05,1.4326461788191013e-05,4.0111103172073345e-05,1.7159804138763853e-05,4.310210254491328e-06,5.5971983643862255e-05,0.025806610012072115,3.2437525321649104e-05,2.3220848356720398e-05,5.6095653575290355e-05,1.0211112127182364e-05,1.1974068279608844e-05,2.9643929301675574e-05,1.9030862415704072e-05,0.002358474631605061,2.2888241715735276e-05,1.485134704305577e-05,4.6312598595645524e-05,1.2050241429422898e-05,2.2049940935965443e-05,5.347576563757678e-05,2.0709279463589915e-05,0.004463229697042297,3.604878055706188e-05,1.1072858416231865e-05,0.058802450904949934,2.7049259240954036e-05,0.00013465886827871665,7.226504112246606e-05,1.3890169822411524e-05,1.1731395658261693e-05,0.00010660801712723143,1.0632358330583022e-05,1.7165519422303674e-05,1.393822661543634e-05,1.5918875012963808e-05,1.2718251987885911e-05,1.2473594957419017e-05,1.1639766622883813e-05,2.0700212336538924e-05,1.2826605401283165e-05,2.437971192922203e-05,1.3721484760023485e-05,0.09298009967987142,9.883733238294366e-06,7.297917130694149e-06,1.8433891860847728e-05,3.759013105331888e-05,1.746590984375201e-05,5.596151006382582e-05,0.11422992881207783,2.223040425346178e-05,0.00364888053919324,1.7411449884362412e-05,2.707871058364794e-05,3.208455828994558e-05,1.2809753377940931e-05,3.857698121344101e-05,0.0820755455904544,0.38159092965181074,1.188878479251778e-05,1.4499088208191292e-05,1.2161975563931702e-05,5.883431517538031e-06,1.3910416834930802e-05,0.0024337155402132664,1.2406350364501296e-05,1.63045925507731e-05,0.00022965810321239362,0.00022058720052157337,0.10916876257067247,0.0016310531119467326,1.3121540040750099e-05,0.018740454968192686,1.2640848226079301e-05,2.1913343700629015e-05,1.1143505238958784e-05,1.313614568483411e-05,6.214853420619035e-05,1.163206111333529e-05
UtheSpazierWilhelmine,0.017487870609471004,0.0017350345208213015,0.00352048236293742,0.0030097064390194987,3.916559542477203e-05,0.002019103627505316,0.0007903289519810093,0.000975282621246552,0.0018672779366234176,0.00016076675840725446,0.0013299981126960417,0.005089569578903806,0.0014721438159850042,0.0017199492270070739,0.0012474024926723275,0.005506932200349949,0.00034061862609391824,0.023725959870297877,0.006828215089460985,0.014328597507348443,5.005701641892845e-05,4.895827633051669e-05,0.00029810377730677757,5.864074781504201e-05,1.472941943390047e-05,0.00019127485086807208,0.04098047700495656,0.0010139214123400565,0.0005574672619607925,0.001536389598184097,0.0015693997998524937,0.001062732116198867,0.0004782352318230478,0.0005810455407682627,0.07663188855375828,0.00235947089284736,0.00027407770892099,0.0006137935044599488,4.117967565707097e-05,0.003488030959177766,0.002455475453262513,0.0004699553215254275,0.01403139879461862,0.0010193165368028252,0.0027371111024539633,0.006519275278793624,0.0015099636576113727,0.006472819746856985,0.0025119398809232115,0.0014075857360435504,0.0001689561972910415,0.13123364846668353,3.633429836966626e-05,0.001555710128486771,0.0001333507955676654,5.440008100241819e-05,4.346248951554178e-05,0.005178300396396707,3.977694696506267e-05,0.004580386373269763,4.383276910256657e-05,8.331356975196037e-05,4.6890868972263415e-05,0.21930375362184512,0.006725233007551046,0.0006057441857853771,0.002781289922403138,0.0024325952560153995,0.003780583643545456,0.0013530749546598363,0.16501954039948866,0.0006374539849905902,5.0052187719985275e-05,0.0012797669819411353,0.0003814609763466496,0.0012533454957702151,0.0012035702915643323,0.0009681188135421756,0.023055888482052946,0.09851628786137052,0.0006224752965697548,0.005517432806087462,0.008299688490058464,2.0105638800832555e-05,4.7536512597867805e-05,2.556190279094926e-05,0.0014603185914387445,0.007852277644070035,0.011610614043376951,0.01310991981859399,0.0010321711359465885,4.6348598712681304e-05,0.0026154491315307318,0.005276703652890375,0.0017611311319128363,0.001162316540111445,0.00046726640564938635,0.0011710173849585755,0.00043284115031807147,0.0007435798733928345
VoßErnestine,0.02598619776741545,2.161751538983975e-05,0.047373517102748654,0.009900830613157769,1.488756811941879e-05,0.00017157390329977732,1.995709328715178e-05,1.592098029093681e-05,0.018245219920188762,6.11104220724375e-05,4.209663716929277e-05,0.01229467729145264,3.017294863036531e-05,9.102898038397818e-05,5.2710054956622405e-05,0.0002448774592223585,3.172502719916743e-05,0.11934409617046174,0.00023871614118571593,0.040986179826011125,1.9027598934964998e-05,1.8609947480050056e-05,5.2103969175030315e-05,2.229043419873345e-05,5.598925097484604e-06,7.27071129889932e-05,0.058375333698626505,4.213605924082861e-05,3.0163677169542004e-05,7.286775913894736e-05,1.3264144574510513e-05,1.5554209064357633e-05,3.85072026549661e-05,2.4720922394686483e-05,0.000517802868164306,2.9731624077036566e-05,1.929176879577349e-05,6.015965702292438e-05,1.56531573139944e-05,2.8642678759298666e-05,0.0009430981619178821,2.6901171333508398e-05,0.003972279990282376,4.6827047934455895e-05,1.4383545401974991e-05,0.06383830593913126,3.513674913531985e-05,0.000991484115028851,0.0014815182079412484,1.8043208065310772e-05,1.5238979469996863e-05,0.0017716097398835493,1.3811339676647912e-05,2.2297858301633542e-05,1.8105633415510547e-05,2.0678478211342417e-05,1.6520897136492846e-05,1.6203089812191254e-05,1.511995416135886e-05,2.6889393215456045e-05,1.6661647264641667e-05,3.166903072715072e-05,1.7824087657346687e-05,0.13244144793525275,0.007001907795072507,9.47992997321391e-06,2.394546291018416e-05,4.8829248631862965e-05,0.007942842084197073,7.269350790091996e-05,0.16200293924802306,2.8877099016744983e-05,1.9025763457075162e-05,0.009853488636484529,3.5175006169670245e-05,4.167755818039187e-05,1.663975663498249e-05,5.011115828423017e-05,0.046265961230057245,0.15506141635094,1.5443426566966097e-05,1.8834187676783236e-05,1.5798298969043637e-05,7.642525639799247e-06,1.8069508755961573e-05,9.71655262571394e-06,1.6115739679198362e-05,0.0024788973510608448,0.047027244925678044,0.016997692381590393,1.8198960274709644e-05,1.761796068950395e-05,0.004099861929990108,0.00015825439168816615,1.642035033273376e-05,2.8465240155607544e-05,1.4475315001476813e-05,1.706373736232309e-05,8.073039768218565e-05,1.5109944772430517e-05
VoßGeorgANDSpazierJohannKarlGottlieb,0.030337546850645988,2.358851269958423e-05,1.4008501535647546e-05,7.633790116989387e-05,1.6244956153281533e-05,0.00018721731540000241,2.177670004907334e-05,1.7372590652073874e-05,0.00022458002598561827,6.668222231543557e-05,4.5934837680021334e-05,0.0005598865478248427,3.292399561726649e-05,9.932863333715386e-05,5.751594382231581e-05,0.00026720439201923207,3.461758641022823e-05,0.013697134491269162,0.0002604813100122301,0.0005844240752792387,2.076245817458601e-05,2.0306726955220665e-05,5.685459759920446e-05,2.432278551415748e-05,6.109412362352688e-06,7.9336252439864e-05,0.0023130424930377057,4.5977854096029264e-05,3.291387882227732e-05,7.951154565372308e-05,1.4473515438874952e-05,1.6972378713745788e-05,4.2018133095861985e-05,2.69748757586901e-05,0.4980961743571604,3.244243288246089e-05,2.1050713971061926e-05,6.56447703677755e-05,1.7080348663162617e-05,3.125420195058025e-05,7.579804333954538e-05,2.9353910946324444e-05,0.06455644506215309,5.109654809845104e-05,1.5694978690242925e-05,0.00042190522997538,3.8340375304654354e-05,0.06822931851501879,0.00010243048703702344,1.9688314540988465e-05,1.662840776445905e-05,0.0001511091801343876,1.5070601569410791e-05,2.433088651662625e-05,1.975643158124071e-05,2.256385792261681e-05,1.8027205480600568e-05,0.0382893081390968,1.649853021129219e-05,2.934105894727437e-05,1.8180788634142208e-05,3.455648440717756e-05,1.9449215623615733e-05,0.0583539313537089,1.4009479460847787e-05,1.034427151001016e-05,2.6128713025909367e-05,5.328130132869973e-05,2.475666828734531e-05,0.13615621995737465,0.08029543578402018,3.150999569561032e-05,2.0760455345272214e-05,2.4679475220301463e-05,3.838212046011506e-05,4.547754876991542e-05,1.815690210572276e-05,5.468009030001673e-05,0.0005328492410646518,0.003225950664183381,1.6851495517898034e-05,2.055141246292169e-05,1.7238723745202658e-05,8.339340107329469e-06,1.971701322186072e-05,1.060246845553562e-05,1.7585107410846722e-05,2.3110584730528985e-05,0.0003255238078973602,0.00031266645714996943,1.9858267604656467e-05,1.9224294835495446e-05,1.8598837227147087e-05,0.00017268338478231365,1.7917491227384932e-05,3.106058521521149e-05,1.5795115469342987e-05,1.8619539674883604e-05,8.809106766560921e-05,1.6487608206908546e-05
VoßHeinrich,0.006911637325604328,6.281643560308509e-05,0.002092300609828142,0.00047883935815686956,0.003983962844554081,0.0011758170745926645,0.05205962429826335,4.62633755613592e-05,0.0010906465599010817,0.0066071618616944956,0.00012232491339380137,0.002541568640361422,8.767691616795866e-05,0.0004734517077620411,0.0001531655101480324,0.005326202855565181,9.218696469619565e-05,0.055913264317195385,0.016496659370783727,0.07168404369464951,5.529062529273486e-05,0.0138687026683966,0.00015140433881160678,6.477181115215687e-05,1.6269423728405888e-05,0.00021127320131831192,0.10619609026397286,0.00012243946652228606,8.764997504585234e-05,0.0011432311828399313,0.001501113340752225,0.001030373199950462,0.0005297719001688599,7.18343529147916e-05,0.008198730135579216,8.639450998555045e-05,5.605825324398185e-05,0.0027113388746216735,0.001698789902543059,8.323023961527871e-05,0.003405186695625229,7.816974644149498e-05,0.01209267850318334,0.0004116213927878631,4.179587881370812e-05,0.001123537674752185,0.00010210078723468581,0.004743870564438053,0.0006114011534484406,5.2430170492227945e-05,0.0033508911497959937,0.00040240519628497167,4.0133156551295924e-05,6.479338419944393e-05,0.03289950660079765,6.0087770102529715e-05,0.001350009465403649,4.708313279318364e-05,4.393574422271465e-05,0.00503804983204966,4.841561454063294e-05,9.20242494759215e-05,5.179344778159362e-05,0.0831306794571532,3.730737819687119e-05,2.7546894263529977e-05,6.95810134401757e-05,0.0001418886165646989,6.592724513938411e-05,0.00021123366749014463,0.20670211266748345,8.391142081211762e-05,5.528529173905914e-05,0.03993469179425922,0.00400822048780679,0.00012110714863942673,4.8352004486308996e-05,0.00014561360501386843,0.00434869165402418,0.17291807289926434,4.4875694220194575e-05,5.4728608538015845e-05,0.00783877264346528,2.220774270492769e-05,5.250659535469659e-05,0.0023791567080085427,0.001279826811241916,6.154370883673829e-05,0.0027399930367755015,0.01143283060999478,0.0008365235013985321,5.119448156516904e-05,4.952888195413605e-05,0.0008708566773943694,0.01541731882221086,8.271463639163052e-05,4.206254401706153e-05,4.958401277105651e-05,0.013163350766404586,4.390665882026646e-05
VoßHeinrichANDTruchsessvonWetzhausenChristianFreiherr,0.06058423326259708,4.472887882375564e-06,2.656312314686199e-06,1.4475303189201074e-05,3.08039207274887e-06,3.5500418025012435e-05,4.129329348066287e-06,3.2942157567442503e-06,4.258518922527771e-05,1.2644379404634627e-05,8.710230333490982e-06,0.0009125133167818588,6.243095650471135e-06,1.8834839062766e-05,0.0008172530765232942,5.066768313889578e-05,6.564236785226737e-06,0.030013062328927125,4.93928426084936e-05,0.09042166318921796,3.937007337434722e-06,3.850590924722299e-06,1.0780850997159422e-05,4.612121755086852e-06,1.1584756051399738e-06,1.5043854892030184e-05,0.09639387405352444,8.718387168487558e-06,6.241177289178422e-06,1.507709424468114e-05,2.744488923333453e-06,3.21832699037191e-06,7.96753914746975e-06,5.1150149416481835e-06,0.00010713877763954284,6.151781028453716e-06,3.991666818322822e-06,1.2447656266370912e-05,3.2388004082833224e-06,5.926466961205787e-06,1.4372934566883746e-05,5.566131033537364e-06,0.000146084146930654,9.689001325836459e-06,2.9761045510498706e-06,0.006530776840491739,7.270157397797379e-06,3.6192901205711736e-05,1.9423017045996495e-05,3.7333266686346916e-06,0.012904702224307795,0.007285774922102996,0.25400210604048584,4.61365787888741e-06,3.746243120290965e-06,4.278591362120745e-06,3.4183447669718436e-06,3.352587139225831e-06,3.128475152246318e-06,5.563694018896064e-06,3.447467426596991e-06,6.552650535066969e-06,3.687988386233171e-06,0.07396020879915828,2.656497750276553e-06,1.961495719479709e-06,4.95456434087591e-06,1.0103277392073246e-05,4.6943952338466e-06,1.504103985836494e-05,0.19262203704634606,5.974970940965081e-06,3.936627558044549e-06,0.019357003440152086,7.278073174530998e-06,8.623518549208225e-06,3.442938028542942e-06,1.0368517779183993e-05,0.00010103964348430946,0.1215637324438932,3.1954049440022888e-06,3.896988544458966e-06,3.2688317203185062e-06,1.5813177281728309e-06,3.738768553994252e-06,2.010455397591486e-06,3.3345134917995664e-06,4.382262489894873e-06,6.172629509593953e-05,5.928826565805681e-05,3.765553414285621e-06,3.645338581199243e-06,3.5267384052173867e-06,3.274447308812402e-05,3.397540591652186e-06,5.889753075914017e-06,2.9950926318806165e-06,3.5306640332887893e-06,0.031464229939479074,3.126404105984053e-06
WagnerJohannErnst,0.00776526729642931,7.519063607684509e-05,4.465343594839561e-05,0.0033142986233732443,0.00019290149763112504,0.0018963580725922676,0.00024520613768910186,0.00014195076289773723,0.002905349804282968,0.000596706920037037,0.0006873635102967009,0.01754407090763389,0.00040518772633115917,0.0027067643952897497,0.009791996370466984,0.0027742290819196104,0.00034379364137918604,0.022328581558315918,0.0064125199067552085,0.19121238872443588,0.00026063787772372387,0.000899707895330908,0.03476446974253841,0.0017437863628867064,0.0006219677294252871,0.000794365132558959,0.03661782505494036,0.0011411879775947978,0.0016220679824174569,0.01936842923821323,4.6135712156885056e-05,0.0009688434745210616,0.0012885173064379532,0.0016447881546604267,0.03286127233011704,0.00030505346119399246,0.0003979387011060195,0.0620540556217173,5.4445241917271234e-05,0.0004266256145759416,0.0054574795254366554,0.0030622951816129413,0.022644928969157305,0.0012498921993078353,0.0013601998106385137,0.006857692948717537,0.0001878104687725203,0.009358718091148072,0.04770107706238751,6.275838211893771e-05,5.3004637158699014e-05,0.0030773228582801748,0.0010261221941539806,0.00066689983883822,0.0008353934165991392,0.0019443304539114,0.00021001139059286333,5.6358032244608545e-05,0.00165569473138759,0.004381771427145014,5.795299937685024e-05,0.0006663054710054699,6.199623149454254e-05,0.08603099797523016,0.0005020277517407113,0.00040091813103175294,0.0019568814265752397,0.0007544258985338843,0.0004059141057457153,0.0045504871407672735,0.1488491025395418,0.000438004356768668,0.0003000494321858195,0.0008591287916584508,0.0015479270355837548,0.0013743454431272106,0.0012372733903828826,0.0015748228275922216,0.01323373470221934,0.12020167598450883,0.0010046678411611738,0.00031675789644901374,5.495007761034668e-05,2.6582442696452864e-05,0.0001227314224603962,0.006400921391073758,5.6054208611656706e-05,7.366719505070478e-05,0.005873271154951871,0.005624325320528668,6.330012373372932e-05,0.0020139337162453264,0.0027742015081665427,0.004341492108095338,5.711371375746428e-05,0.000845186382610075,0.002857310337301327,0.0007180487263254668,0.0006022957315469097,5.255582512775873e-05
WagnerJulianeLouiseAntoinetteKaroline,0.0010232634893111454,4.2292262354869e-05,2.511609060263617e-05,0.0001368675755446895,2.9125869711575154e-05,0.0003356652418535365,3.904383135249267e-05,3.114762558362585e-05,0.0004026535076463077,0.00011955573784945791,8.235738433928586e-05,0.0619975011090373,5.903001508189765e-05,0.00017808806659181788,0.000103121354733152,0.0004790754887165824,6.206648402124672e-05,0.05505467041079247,0.0004670215558682245,0.001047824279258053,3.722537912562259e-05,3.640829054788264e-05,0.04584718856349899,4.3608753093792405e-05,1.0953673669610124e-05,0.007766452197348515,0.1718796890108482,8.243450923370134e-05,5.901187650091456e-05,0.0840088547305355,2.594982226874081e-05,3.043007850853534e-05,7.533505529508528e-05,4.836373268233337e-05,0.0010130236687052876,5.8166612722448095e-05,3.7742198050373436e-05,0.00011769567187116578,3.0623659743831236e-05,5.60362124318799e-05,0.00013589965487558216,5.262914702143539e-05,0.06999914119989373,9.161190640247375e-05,2.8139805373720398e-05,0.0007564413620416439,6.874113818957152e-05,0.007966421666464394,0.0001836494350482368,3.529952797351835e-05,2.981336689916183e-05,0.00027092632638026906,2.702034857121178e-05,4.362327752465035e-05,3.542165622186848e-05,4.045514065064897e-05,3.232129610800471e-05,3.169954145696008e-05,2.9580507132948663e-05,5.260610444462978e-05,3.259665806514013e-05,6.195693315738608e-05,3.487084328826175e-05,0.005509082704513504,2.511784394205433e-05,1.854642766769512e-05,4.684663252661621e-05,9.552898917793647e-05,4.4386669205274974e-05,0.00014221675582044027,0.18208415359647387,5.64948295694384e-05,3.7221788217460216e-05,4.424826838768325e-05,0.07631090423069649,8.153750295021837e-05,3.255383148512093e-05,9.803690270802856e-05,0.0009553548452037973,0.20401329354434125,3.0213344884919533e-05,3.6846991529920776e-05,3.0907613234473706e-05,1.4951750632920389e-05,3.535098234693077e-05,1.9009353546001168e-05,3.152865064575221e-05,4.143537683133319e-05,0.01583205505210994,0.000560585230775783,3.5604239832557595e-05,3.446757882214664e-05,3.3346184794426366e-05,0.0003096071001402784,3.212458747952276e-05,5.568907355658093e-05,2.8319342379169068e-05,3.3383302579774315e-05,0.00015794003599472925,2.9560924877775696e-05
WagnerKarlLudwigFriedrichErnstANDWagnerLudwigAnton,0.00270462118860757,0.00011178406155791987,6.638516035064141e-05,0.0003617591643973479,7.698353863048514e-05,0.0008872077767646303,0.00010319802735408907,8.232730768592284e-05,0.0010642666525515227,0.00031600168009994684,0.000217681495576746,0.010282173837996313,0.00015602416310368187,0.00047071039216559703,0.0002725634246922628,0.0012662600896643588,0.00016404995344771226,0.016879692686468682,0.0012343999455975856,0.005511934899842141,9.839161681111702e-05,9.62319432730605e-05,0.008496618210829459,0.00011526372127830615,2.8952013053709267e-05,0.0003759681095395533,0.12030738620833567,0.00021788534690710633,0.00015597622042716635,0.0003767988099596377,6.858882377977221e-05,8.043073554845742e-05,0.00019912054805471034,0.00012783176331332676,0.007661492720347541,0.00015374207609476,9.975763781074786e-05,0.00031108527888985013,0.002823338680646475,0.0001481111454241412,0.00035920082162649303,0.0001391058194291099,0.0240874609486193,0.0002421424254584368,7.437723973547854e-05,0.006983311635540669,0.00018169195013659236,0.0009045139522232475,0.0004854098269856648,9.330133665698794e-05,7.880068492767865e-05,0.0007160942323594195,7.141836685530382e-05,0.0001153021112764456,9.362413782371155e-05,0.00010692830510888518,8.542947462712405e-05,8.378609457800038e-05,7.818520566524712e-05,0.00013904491484087862,8.615729282017448e-05,0.00016376039597720463,9.21682661476931e-05,0.06923958172708443,6.638979465939054e-05,4.902066942385876e-05,0.00012382186628362362,0.00025249579502816335,0.00011731985678988522,0.0003758977576986848,0.13829946284457226,0.00014932333137688574,9.838212556433288e-05,0.00011695404506329739,0.28896552329523917,0.0002155144402677466,8.604409648612615e-05,0.00025912454328658977,0.02514195660904741,0.11613328900543532,7.985787982083868e-05,9.739148818390457e-05,8.169292319764077e-05,3.9519461009789654e-05,9.343733739387679e-05,0.015128128896113984,8.333440748688539e-05,0.00010951919941109764,0.11875624515413484,0.001481701154213294,9.410673053548185e-05,9.110238465083481e-05,8.813839142735723e-05,0.000818332650319083,8.490954761894712e-05,0.00014719361131163713,7.485177986531597e-05,8.823649865953634e-05,0.00041745647366774876,0.0028205297313713073
WangenheimKarlAugustFreiherrvon,0.09289075717303248,1.9511131581534324e-05,1.158706868055155e-05,6.314254965342579e-05,1.343694200137164e-05,0.00015485595559297147,1.8012498943036958e-05,1.4369659776418245e-05,0.0001857603526511032,5.515589856449576e-05,3.799479320996419e-05,0.0004631076254983239,2.7232934049702438e-05,8.215922977158896e-05,4.7574052770742077e-05,0.00022101690421299892,2.863378001348099e-05,0.0036839778013846494,0.00021545593734142616,0.0822949678581661,1.7173573364275352e-05,1.6796617347586466e-05,4.702702323376309e-05,2.0118482018772135e-05,5.053372800813201e-06,6.562262234393835e-05,0.005953567313330951,3.8030374043888975e-05,2.7224565988488443e-05,6.576761533287806e-05,1.1971702827208566e-05,1.4038626281908954e-05,3.475510872960784e-05,2.2312146468336668e-05,0.009074720110635833,2.6834611611860852e-05,1.741200284246287e-05,5.4297774878695435e-05,1.4127933137188581e-05,2.5851771771281127e-05,6.269600869099214e-05,2.4279954662697824e-05,0.0006372319377758244,4.226427863460199e-05,1.2982030630532485e-05,0.0018057457864833549,3.17130680082134e-05,0.008277320114439246,8.472491402882031e-05,1.628510031641937e-05,1.3754112267090331e-05,0.00315441742361019,1.2465579919281407e-05,2.0125182726320912e-05,1.6341443018150185e-05,1.8663593017586992e-05,1.4911121470814644e-05,1.462428089685405e-05,0.16058480293312713,2.4269324189817004e-05,1.503815708156389e-05,0.09517450886234376,1.6087330728430723e-05,0.039568293976011276,1.1587877566957478e-05,8.556217389258391e-06,2.1612246791365243e-05,4.407138738670724e-05,2.0477366192032363e-05,6.561034291872283e-05,0.16131344334233033,2.606335041045082e-05,1.7171916733067847e-05,2.041351629579447e-05,3.174759732472684e-05,3.761654875642515e-05,1.501839944762768e-05,4.522838935718952e-05,0.00044074383950949025,0.15377223825294947,1.3938638293254481e-05,1.6999007858495343e-05,0.00227488783952136,0.08390781387063612,1.6308838300490108e-05,8.76978382484745e-06,1.454544205216009e-05,1.9115815623742006e-05,0.0002692555452603607,0.09084988575495545,1.6425676224283613e-05,1.5901288515921297e-05,1.5383944084308547e-05,0.0007887282540957233,1.4820371822537844e-05,2.5691622564407492e-05,1.3064858314416375e-05,1.5401068020310413e-05,7.286412815725508e-05,1.3637650549941113e-05
WestphalenEngelChristine,0.03791543792583898,2.948059028724356e-05,1.7507627529137374e-05,9.540603159000348e-05,2.0302716949066917e-05,0.00023398155874755112,2.721621240521211e-05,2.171201863230717e-05,0.0002806769471691709,8.33385004201174e-05,5.740871189303998e-05,0.0006997383062669442,4.114794509400093e-05,0.00012413952420391844,7.188261491533951e-05,0.0003339482783164128,4.326457096683237e-05,0.0011747053157828654,0.005640139223751132,0.0007304049618021106,2.594862722361421e-05,2.5379060777000026e-05,7.105607373871391e-05,3.0398274088727e-05,7.635457353507284e-06,9.915332869402071e-05,0.0028908078657893053,5.7462473202712454e-05,4.1135301266393226e-05,9.937240767893715e-05,1.8088795343043704e-05,2.121183939963678e-05,5.2513669776891416e-05,3.3712819049640954e-05,0.0007061465635910276,4.0546094783927805e-05,2.6308885250139943e-05,8.204190761661229e-05,2.1346778718729506e-05,3.906106053375993e-05,9.473132489219016e-05,3.6686103653838145e-05,0.02222120706530949,6.385974473114702e-05,1.9615362877127287e-05,0.0005272912024321345,4.7917259990520224e-05,0.0002385456822999083,0.00012801617718418183,2.4606177668823136e-05,2.0781949361388832e-05,0.00018885412085610991,1.8835025162816653e-05,3.0408398607289893e-05,2.469130938445232e-05,2.819999120707451e-05,2.253014700697531e-05,2.209674162485523e-05,2.0619630228292764e-05,0.2338787778132028,2.2722093064882722e-05,4.318820654570045e-05,2.430735521609117e-05,0.2376823140182137,1.7508849726252003e-05,1.2928124553269985e-05,3.265529680738942e-05,6.65902184867403e-05,3.094053465563713e-05,9.913477494165482e-05,0.07909372906760548,3.938074794649808e-05,2.594612411580206e-05,3.0844059849806106e-05,4.7969432496700984e-05,5.6837198666520604e-05,2.2692240018754426e-05,6.83384052031685e-05,0.07507025448013137,0.10500902142553578,2.1060761287388392e-05,2.5684865271485487e-05,2.154471366124977e-05,1.0422389580098068e-05,2.4642044875177114e-05,1.325081545207294e-05,2.197761907835249e-05,2.8883282656110853e-05,0.037608988570417744,0.15451397352079654,2.48185826093918e-05,2.402625238921497e-05,2.3244564296854568e-05,0.0002158172573666141,2.239302768161072e-05,3.881908107024502e-05,1.974051241050101e-05,2.3270437923879555e-05,0.00011009497321386638,2.0605980061347087e-05
WilkenFriedrich,0.0023075956296240863,9.537469165709241e-05,5.664013376154231e-05,0.00030865463535378185,6.568272039167272e-05,0.000756969884305532,8.804904653975776e-05,7.024204950215603e-05,0.0009080373571453565,0.00026961413266451734,0.00018572688476996868,0.0022637716731792714,0.00013312055618375639,0.00040161233978174536,0.00023255240706705123,0.0010803791160052363,0.00013996819858195063,0.003800370216101724,0.19018288009803885,0.05394380645219956,8.394819426149414e-05,8.210555055270927e-05,0.00022987840667918686,9.834355383903674e-05,2.470199489413703e-05,0.0003207777747604512,0.0953202902548548,0.00018590081169216166,0.00013307965126469943,0.00032148653229994995,5.852030985409249e-05,6.86238851565845e-05,0.00016989059628567181,0.00010906666692973784,0.32896304891895073,0.0001311734687208643,8.511368985917733e-05,0.00026541943582723544,6.906043665794489e-05,0.00012636913195793084,0.00030647184516417134,0.00011868574509510257,0.0031149295121837024,0.00020659706619474385,6.345901380941833e-05,0.0017058761495431535,0.00015502043385563102,0.0007717355953123194,0.0004141539673085917,7.960514308423189e-05,6.723311823350511e-05,0.000610974996406928,6.0934489430305714e-05,9.837630836758256e-05,7.988055857114244e-05,9.12317372176649e-05,7.288883305396488e-05,7.148669339938293e-05,6.670798840678713e-05,0.00011863378101147468,7.350981098925522e-05,0.00013972114677436923,7.863840195008777e-05,0.2015534003916378,5.6644087775753566e-05,4.1824667720650925e-05,0.00010564540375988536,0.00021543061023101022,0.00010009785841241677,0.00032071775023605285,0.049558288129826655,0.00012740337476377275,8.394009628470868e-05,9.978574611177552e-05,0.0001551892207300282,0.0001838779428991941,7.341323134000909e-05,0.000221086289693796,0.0021544525809443107,0.030236992535707805,6.813512193198718e-05,8.309487977185739e-05,6.970078964705052e-05,3.3718191625290164e-05,7.972117955817222e-05,4.286862731148717e-05,7.110131183030962e-05,9.344230052826352e-05,0.0013161801763703627,0.0012641944543930251,8.029230896238409e-05,7.772898680011857e-05,0.01726880774900209,0.0006982052996586977,7.244522886390443e-05,0.0001255862875000955,6.386389369955107e-05,7.528379927575182e-05,0.00035617584386741033,6.666382780990535e-05
