sender_norm,0,1,2,3,4,5,6,7,8,9,10,11,12,13,14,15,16,17,18,19,20,21,22,23,24,25,26,27,28,29,30,31,32,33,34,35,36,37,38,39,40,41,42,43,44,45,46,47,48,49,50,51,52,53,54,55,56,57,58,59,60,61,62,63,64,65,66,67,68,69,70,71,72,73,74,75,76,77,78,79,80,81,82,83,84,85,86,87,88,89,90,91,92,93,94,95,96,97,98,99
AdelheidLouiseTheresaCarolineAmelia,0.0002787151325390346,0.0009930828468949857,0.0029470560926170807,0.001463187405070849,0.001263098836524611,0.021424626546487385,0.000223488619927838,0.00023580461136888447,0.0005411007465246138,0.027788590408305638,0.0002435274769136096,0.0002341004351833539,0.0004076161267250658,0.011937750290526876,0.00013808145386098178,0.0005903873466535367,0.0009377908535795092,0.0008701496311819713,0.05416715112236444,0.0005840826827017569,0.0008183309511947725,0.11009311366695362,0.017018743166724692,0.00017015310755609875,0.0003156438068074195,0.0008036299035442685,0.0011745870382138361,0.001960925674357661,0.34325967460142276,0.00015503802841587434,0.00023266090487277308,0.0006198536848821629,0.00030365363909410536,0.00040369990661693575,0.0005426570235532042,0.0007985160259649268,0.0001061599414197703,0.02298577049392038,0.003196754265108162,0.00019305804651955304,0.0003047562219029003,0.025694176924824928,0.0020386941165541615,0.002153779040947433,0.0002374412875057845,0.00042893746672911245,0.0003325624491215936,0.000310632689466135,0.00010477777628994243,0.006921461250501092,0.00036623605444523546,0.0010424373436991252,0.0015580633276998934,0.0005423292962066519,0.00013809469247657856,0.001657732219876284,0.00042508790840846194,0.0002551109805636844,0.0009517993671134334,0.0003343094569831014,0.002089573281321532,0.0015721284829565167,0.04404314814851116,0.0006506278699169087,0.09217187408294612,0.0001759723278586782,8.78614168516197e-05,0.03978600050164794,0.00046295359739633644,0.00010611669262989755,0.00019896193658653556,0.0005313446441213773,0.0003788365012896059,0.0005807619279747195,0.00021402374355301268,0.009426761226509652,0.0008529941332426536,0.015440332884789033,0.033731502447328914,0.00023126944427876198,0.0008127151425373795,0.0006611488891278991,0.0017611387354212595,0.00018239757640927358,0.001315232868914683,0.0013528125132776824,0.0008050302665607755,0.0002315188191660884,0.005981258728956172,0.00020519905979691025,0.002647031702209826,0.0008729737628439928,0.0012831293122387048,0.0001470890412340603,0.0021457089864545527,0.05693994545507503,0.00028563017941762305,0.00023428627864215695,0.0009143088774363146,0.00026796609815802225
AdersbachGerson,0.00037363636549306864,0.2034467591519621,0.00395072674138149,0.0019615010461957604,0.0016932688736284642,0.0005159056649666454,0.00029960151398383204,0.0003161119281746793,0.0007253819139824706,0.009047226895348663,0.00032646494843244586,0.000313827365473254,0.0005464368106549999,0.016003356509864432,0.000185107468305082,0.0007914539136328727,0.001257171661014915,0.0011664940567388542,0.005056012972244425,0.0007830020879169933,0.0010970276338766018,0.0016953728967766648,0.00029520449210462406,0.0002281016753753335,0.00042314173504520193,0.0010773198915554863,0.0015746128597880187,0.0026287526453786245,0.03438281604812923,0.00020783889601834043,0.00031189757835203553,0.000830955520236854,0.00040706810945751495,0.0005411868544206802,0.0007274682079248399,0.0010704643949955568,0.00014231453567554268,0.14303804886150812,0.004285463921921059,0.00025880728532260485,0.00040854619580891024,0.0011507484992213982,0.0027330064683686213,0.002887285543500376,0.0003183060025247504,0.0005750194997755423,0.0004458223120406399,0.000416423995490122,0.0001404616504342011,0.009278683945071222,0.0004909640429239155,0.0013974573135150485,0.002088688596369245,0.0007270288673927237,0.00018512521555895614,0.0022223014443199804,0.0005698589081471704,0.00034199341351456164,0.0012759510148128033,0.0004481642934821039,0.0028012134079410216,0.00210754388220287,0.009101766330019408,0.0008722103833748762,0.016427288935244443,0.000235902731256484,0.00011778413378725671,0.003394773818880555,0.0006206204089004131,0.000142256557766296,0.00026672184671294865,0.0007123032030774825,0.000507855788699003,0.0007785503930427284,0.00028691321114101577,0.012637206925069849,0.06851531757824507,0.004051792670043082,0.1466689667284332,0.00031003223191627884,0.0010894992649755732,0.0008863145166649,0.0023609248275735465,0.0002445162087306496,0.0017631580475792055,0.0018135360862899191,0.001079197172286863,0.00031036653571132964,0.00801827928107881,0.0002750831295260749,0.003548523883682903,0.001170279995020206,0.0017201210724191525,0.00019718274451014048,0.0028764670931256788,0.2277224778113853,0.0003829064505415297,0.00031407650111890505,0.0012256924939499213,0.0003592265625444649
AretinJohannChristophANDBaboJosephMariusFranzvon,0.00021459910594994144,0.0007646326524737202,0.0022691111060192588,0.001126593687629942,0.0009725337787557344,0.00029631188150074745,0.00017207697906314198,0.00018155978226818702,0.0004166251590834064,0.005196300420345743,0.00018750606880875545,0.00018024763720284932,0.0003138475315965352,0.009191573188233444,0.00010631699928486922,0.0004545737994267785,0.3102836343229037,0.0006699791690290443,0.04159913216354776,0.00044971946936209407,0.0006300809320892128,0.0009737422304167661,0.00016955153707926246,0.0001310108440237957,0.00024303265532244322,0.0006187617344066693,0.0009043833607627198,0.0015098315355823186,0.0197478678881612,0.00011937285924591333,0.00017913925849795344,0.0004772616591847921,0.00023380072289011747,0.00031083220434734035,0.00041782342792479824,0.0006148242605190233,8.173875709167037e-05,0.004763915387831872,0.002461368354794281,0.00014864669816137778,0.00023464966597708844,0.0006609356634230782,0.0015697100144236185,0.001658320638676874,0.0001828199550923488,0.0003302640801378395,0.0002560593090295221,0.00023917430256113658,8.067454719953363e-05,0.005329238433139877,0.0002819865901596654,0.0008026335704443088,0.0011996442177066224,0.0004175710914444472,0.00010632719247045342,0.0012763851357803085,0.00032730007970346024,0.00019642488675892836,0.0007328460832590658,0.00025740443271100925,0.0016088848635647153,0.001210473804588475,0.043922822076136285,0.0005009565068044117,0.009435059978791651,0.00013549140258867524,6.764965121228942e-05,0.0019497979686015066,0.00035645509159302227,8.170545731510079e-05,0.00015319244893730228,0.00040911336439103396,0.00029168841224136736,0.039142359402631784,0.00016478941634826222,0.007258215629641936,0.0006567701463026298,0.002327158608713909,0.006849343360003523,0.00017806789148347126,0.03932095376890786,0.0005090572557511681,0.001356003869012321,0.00014043857779908765,0.0010126748239819314,0.0010416095933600774,0.0006198399559176798,0.00017825989981606194,0.004605321440555477,0.00015799477542906016,0.0020381047542720834,0.0006721536334157952,0.0009879564152693603,0.00011325246841214352,0.0016521070310289404,0.4016594282656477,0.00021992340558243153,0.00018039072896734176,0.000703979959295709,0.00020632279476806705
AretinJohannChristophANDBaboJosephMariusFranzvonANDSchererJoseph,4.372243502756187e-05,0.0001557863035810269,0.0004623088361159745,0.00022953226711648804,0.00019814409181963532,6.037060093732688e-05,3.505897428380877e-05,3.699100119126686e-05,8.488323550202021e-05,0.0010586945668136004,3.820249797628103e-05,3.6723664675059066e-05,6.39433153649349e-05,0.0018726916859446786,2.1661031964608265e-05,9.261489381649816e-05,0.00014711257078705407,0.0001365015970501077,0.0005916479740555869,9.162587231095184e-05,0.00012837272780531704,0.00019839030183528057,3.4544440578892935e-05,2.669215740848717e-05,4.951548812318926e-05,0.00012606655377421654,0.00018425912147173532,0.0003076131697979233,0.0040234318165072456,2.4321033675001464e-05,3.649784352964364e-05,9.723731975715228e-05,4.763457364237426e-05,6.332897240597349e-05,8.512737086936666e-05,0.0001252643326024962,1.6653459390496568e-05,0.00885436218181995,0.0005014793397904143,3.02852874137252e-05,4.780753735905832e-05,0.00013465907266246892,0.0003198128147549657,0.0003378663487830543,3.7247748879865195e-05,6.728802397309388e-05,5.216953934960568e-05,4.872938709460907e-05,1.6436637201705666e-05,0.001085779365705729,5.745196519959248e-05,0.00016352861294248496,0.00024441558660129363,8.507595981936068e-05,2.1663108724865285e-05,0.0002600507859632838,6.668413834253567e-05,4.00196184932698e-05,0.00014931010601680668,5.244359493109341e-05,0.00032779430092520935,0.016014145543476008,0.0010650766995743783,0.00010206490946658217,0.009806061467697807,2.7605026685705065e-05,1.3782944093236347e-05,0.11865367847922198,7.262418225570333e-05,1.664667489197291e-05,3.121143895602569e-05,8.33527819899993e-05,5.9428615026433435e-05,0.07892872262173534,3.3574205808655214e-05,0.04089759813865019,0.0001338103899484903,0.00047413543788043426,0.001395485636874333,3.627956314830647e-05,0.0001274917679991045,0.00010371535655456664,0.00027627231156239544,2.861296446694483e-05,0.00020632243083960403,0.00021221760252996785,0.00012628623069109744,3.631868293778222e-05,0.0009382884731714301,3.218986525042975e-05,0.00041524358782190187,0.2839523682737659,0.000201286300730226,2.307406487059645e-05,0.00033660038797920583,0.4208358726138018,4.480720816171986e-05,3.6752818199945896e-05,0.00014342892014746852,4.203621887901093e-05
BassewitzAdelheidHenriettevon,3.651507271936196e-05,0.00013010593303771468,0.00038610019681970496,0.00019169534862171082,0.00016548131221751354,0.0748305362577972,2.9279727778942643e-05,3.089327247235058e-05,7.089077987209799e-05,0.015264967374613067,3.1905061801471405e-05,3.067000466204416e-05,5.340267093989196e-05,0.028281273350238625,1.8090350111229868e-05,7.734792402284006e-05,0.0001228620093285119,0.00011400018639061774,0.004202134577295795,7.652193635373448e-05,0.03635551337981831,0.00016568693609504584,2.8850011647173653e-05,2.2292126872466095e-05,4.1353178257642515e-05,0.0001052852929083893,0.00015388518996036705,0.00025690511650423457,0.517996862605636,2.031186764170148e-05,3.0481408680571137e-05,8.120837276629289e-05,3.978232043596435e-05,0.005805206318643417,7.109467109376493e-05,0.00010461531273907995,1.3908243680608965e-05,0.0008106031758405641,0.00041881369480362466,2.5292952497769894e-05,3.992677219599437e-05,0.00011246139030207834,0.0002670937284256882,0.0031583296135291867,3.110769695519986e-05,5.619602583824131e-05,4.356972620316328e-05,4.0696660929518496e-05,1.3727163235618191e-05,0.0037829539781939867,4.7981378114254507e-05,0.0001365719724788213,0.00020412524857926306,7.105173482481366e-05,1.8092084530910695e-05,0.00021718308585033213,5.569168687129881e-05,3.3422641684107454e-05,0.0001246972950043256,4.379860548403734e-05,0.00027375951791639954,0.00020596795500975364,0.0935899048499182,8.524016535030503e-05,0.001605420953233067,2.305451551847517e-05,1.151091437460341e-05,0.00033176752669303316,6.065255273590104e-05,1.3902577563047134e-05,2.6066433912858807e-05,6.961261178173845e-05,4.963218992568065e-05,7.608687709004716e-05,2.803971384084721e-05,0.00411117875011216,0.00011175260747703537,0.0218122154587154,0.09213144624842576,0.01115434701400101,0.00010647556973148128,8.661854684710917e-05,0.00023073059724801985,2.3896301236845187e-05,0.0001723115046313052,0.003053393255258292,0.00010546875749789842,3.0331781560394966e-05,0.04929772423566331,2.688357292325881e-05,0.00034679335210875684,0.00011437018199174758,0.00016810554819150073,1.9270453627524968e-05,0.00028111397813681063,0.024750641133234465,3.7421027976721694e-05,3.069435241579112e-05,0.00011978558481344549,3.510681846165453e-05
BayreutherPostamtANDOsmundEmanuel,6.460497431561158e-05,0.0002301923517121537,0.02398146175751132,0.0003391605753960616,0.0002927809019494941,8.920457244696903e-05,5.180370516210602e-05,5.4658499243330376e-05,0.00012542483615052733,0.0015643441462936346,5.6448626408707774e-05,5.426347850049339e-05,9.44836728375838e-05,0.0027671194020929602,3.200668976558588e-05,0.00013684925902425463,0.0002173759044117724,0.0002016969586872969,0.0008742285772429973,0.00013538786491564358,0.00018968561054432155,0.000293144705834776,5.104342187116741e-05,3.944076176719145e-05,7.316488288923184e-05,0.00018627797064611686,0.00027226424609229805,0.00045453417499301886,0.18068268846996,3.593715114247637e-05,5.3929801538304796e-05,0.0001436794300562093,7.038561335297857e-05,9.35759097850535e-05,0.00012578557450206254,0.00018509259571990882,2.460741986375838e-05,0.0014341748066015595,0.0007409939507382513,4.475002854418415e-05,7.064118732700043e-05,0.1399890550589402,0.00047256056690400124,0.0004992367596058817,5.503787376391761e-05,9.94258681564653e-05,7.708655173514265e-05,7.20033273462049e-05,2.4287039904841163e-05,0.0016043650814420638,8.489194926497805e-05,0.00024163251274447506,0.0003611524080202229,0.00012570960870639995,3.200975841999591e-05,0.0003842552304628449,9.853355702083922e-05,5.9133632956362925e-05,0.00022062301786705742,7.749150067707381e-05,0.0004843541394418519,0.0003644126507843002,0.0015737744884698876,0.3379768409773031,0.0028404210022118033,4.07896321164983e-05,2.0365900219777834e-05,0.0005869858922502482,0.00010731066159431247,2.459739497944924e-05,4.611852498233928e-05,0.00012316341338729328,8.78126788907072e-05,0.0001346181281887773,4.960978734528138e-05,0.0021850828886471217,0.00019772038772165009,0.0007005901607967884,0.025360338830732732,5.360726693059138e-05,0.0001883838901433976,0.0001532514815819013,0.000408224417998489,4.227897721879373e-05,0.20998998631338275,0.0003135761480833922,0.0001866025687972464,5.3665070961696224e-05,0.0013864301627222275,4.756426343628966e-05,0.0006135706144693271,0.0002023515803141411,0.000297423880453208,3.409460994983302e-05,0.0004973661555289211,0.0510243686003362,6.620785257310944e-05,5.430655621849643e-05,0.0002119328828872829,6.21133941714812e-05
BergnerCaroline,0.00016886047955928958,0.0006016625083867888,0.0017854836246386824,0.0008864769008219271,0.0007652525836086606,0.00023315738519900044,0.0001354013152901671,0.00014286299920390988,0.0003278276666059359,0.004088785817767567,0.00014754192268960024,0.00014183051845799305,0.0002469555707573752,0.007232525268914481,8.365710288064023e-05,0.00035768811536521266,0.0310160513998857,0.0005271830154006733,0.00228500449634906,0.0003538684139781392,0.0004957884977329173,0.0007662034716661979,0.00013341413392419928,0.0001030878197343742,0.00019123383829887985,0.0004868818196717955,0.0007116274195450652,0.0620838087229388,0.5940487686598449,9.393029933372841e-05,0.00014095837428566052,0.0003755403932764065,0.0001839695557620033,0.00024458291592699584,0.00032877054216127766,0.0004837835601241758,6.431734959930064e-05,0.0037485572617288365,0.001936764083535248,0.00011696485232464256,0.00018463755918238047,0.0005200669992981795,0.12302670044430886,0.0013048741143188384,0.00014385458482340068,0.00025987317471067234,0.0002014840533791945,0.0001881978363793979,6.347996031036357e-05,0.004193390058743822,0.00022188531789483422,0.0006315640925700128,0.00094395779053116,0.0003285719874706895,8.366512353943266e-05,0.0010043425166015732,0.00025754090714344413,0.00015455982646651298,0.0005766507764069585,0.00020254248383684732,0.001265974843719027,0.000952479211094418,0.004113434261933971,0.0003941850344757345,0.007424116450238427,0.00010661341349027516,5.323112831789029e-05,0.0015342273611269393,0.0002804819593320615,6.429114717773944e-05,0.0001205417435357302,0.0003219168998835395,0.0002295193400500674,0.0003518565238069884,0.00012966698881473407,0.005711234287490295,0.0005167893005610033,0.0018311591604189864,0.005389507096577662,0.00014011535330918137,0.0004923861415911394,0.0004005592285614163,0.0010669916940804249,0.00011050617145306433,0.0007968381585666841,0.0008196059096787084,0.00048773023421021786,0.00014026643790469786,0.003623765269358935,0.00012432052514252628,0.09294737604353197,0.0005288940248548182,0.0007773881131870873,8.911437931064255e-05,0.0012999848452672322,0.01157278275538707,0.00017304998344971746,0.00014194311232862557,0.0005539370399545461,0.00016234814173305827
BornträgerJohannFriedrichWilhelm,0.0002794882147490893,0.0009958373965853853,0.0029552304483346217,0.051862849454853366,0.0012666023392987964,0.000385908778151693,0.00022410851836909577,0.00023645867111956063,0.0005426016171704763,0.15795433525833652,0.00024420295785483565,0.00023474976799911328,0.00040874674626922874,0.011970862458831513,0.00013846445536702114,0.0005920249253188261,0.0009403920378749217,0.0008725631965805356,0.003782008845675504,0.0005857027738933772,0.0008206007852527322,0.00126817619486477,0.00022081944934710483,0.00017062506736408915,0.0003165193194124718,0.0008058589607764267,0.001177845032622435,0.0019663647645867255,0.0257191022149482,0.00015546806298399557,0.0002333062448114188,0.0006215729953919795,0.00030449589413875805,0.0004048196636002154,0.0005441622109007607,0.0008007308986505017,0.0001064544010760668,0.006204397735335527,0.003205621217647689,0.00019359353858240783,0.00030560153522123486,0.0008607851734350223,0.0020443489159146897,0.002159753055511253,0.00023809988696405938,0.0004301272260426215,0.0003334848895747043,0.0003114943025543805,0.000105068402184995,0.006940659557071677,0.0003672518965912753,0.001045328789736407,0.001562384984115929,0.0005438335745250534,0.00013847773070304326,0.0016623303314913446,0.0004262669900632907,0.0002558185910865389,0.0009544394073278043,0.00033523674317489265,0.0020953692060554324,0.0015764891524006985,0.20839073550850165,0.0006524325398930827,0.012287973231995562,0.00017646042864778917,8.810512123070891e-05,0.0025393654412192803,0.0004642377084776672,0.00010641103232546657,0.00019951380448208852,0.0005328184539143228,0.00037988729374927033,0.0005823728082692492,0.00021461738892548623,0.00945290857393302,0.0008553601138181742,0.003030829984627914,0.05931600766959784,0.0002319109246729997,0.0008149693998244313,0.0006629827416343131,0.001766023669416014,0.00018290349914190226,0.0013188809777338007,0.0013565648581110147,0.0008072632080303121,0.00023216099126044038,0.005997849161900974,0.00020576822782594336,0.002654373869460622,0.0008753951616383503,0.0012866883742654231,0.00014749702740989568,0.0021516606168173213,0.3719238334671805,0.00028642244214247383,0.00023493612693861718,0.0009168449289280367,0.00026870936538394067
BrockhausFriedrichArnold,0.00020614798560703433,0.000734520679101012,0.00897723292072815,0.0010822273386203566,0.003983935384813016,0.0002846428330277303,0.00016530042120252474,0.012505373648180749,0.0004002180573775961,0.060631152281172364,0.00018012189847163462,0.00017314931092239739,0.000301487912263054,0.08442708212806528,0.0001021301330280136,0.00043667224356202887,0.0006936246827539647,0.0006435947413789771,0.002998574990175226,0.0004320090817101812,0.0006052677355976153,0.0009353953196232867,0.0001628744335664642,0.0001258515102783458,0.00023346179430559755,0.0005943942988672292,0.002958761744885255,0.0014503729094699676,0.06268626022612288,0.00011467184059675151,0.0001720845812428745,0.00045846663346009486,0.00022459342430116653,0.0002985913315172215,0.00040136913723310216,0.0005906118865094263,0.0006749283470624,0.012523443848665458,0.037265462588799425,0.00014279284742338533,0.011854654554773811,0.0006349073777702455,0.001507893315902727,0.019388272863241046,0.00017562032844557844,0.01417712946657705,0.00024597544579089845,0.0008261639284867038,7.749750550602428e-05,0.014458382381572528,0.0006585232061672871,0.0007710250841691408,0.2617416595917345,0.0006101261255622218,0.0001021399247960911,0.0024189369372291086,0.00031441068601482935,0.00018868948474505038,0.0026538680434568538,0.00024726759720086554,0.0015455254215964958,0.0011628041754479879,0.04885659930539403,0.0004812283550638636,0.042519714185173633,0.00013015562011354568,6.498554251985103e-05,0.005716608187556252,0.0003424175453387649,7.848781738419052e-05,0.00014715958213730828,0.00039300208442527893,0.0002802014404593959,0.009724513686335673,0.00015829984975555966,0.07209112374606878,0.0006309059027427016,0.011907799679309468,0.018899538634897562,0.0001710554056976005,0.0011432067555316057,0.02074212954919479,0.0024685078511913977,0.00013490797077948683,0.0009727947100000033,0.003386224165291821,0.003803612040847778,0.00017123985255635196,0.011270050033818795,0.00015177278836722672,0.001957842217885645,0.0006456835732551338,0.0019239908099952076,0.00010879247667338221,0.0015870454583034443,0.09310121231671525,0.0050491213825431935,0.00017328676759481235,0.0006762565476409063,0.00019819760356397793
CarlAugust,0.0004682837541482667,0.0016685300130200216,0.004951501836890642,0.002458377070620936,0.0021221978858475274,0.0006465918842190973,0.00037549482511347254,0.0003961875612973015,0.0009091314369860713,0.011339017736119254,0.0004091631483675861,0.0003933242864739348,0.0006848570019694081,0.020057233603380187,0.00023199781441079546,0.000991940410891871,0.0015756310664567735,0.001461983539424632,0.006336772740363459,0.0009813476178953543,0.0013749202867825653,0.08656289409580102,0.0003699839752529393,0.0002858830636876324,0.0005303295356764578,0.0013502202939225565,0.0019734846214409787,0.003294652959918929,0.04309247081974926,0.00026048743504145143,0.00039090565691511604,0.001041448334487556,0.000510184232841594,0.000678277157389031,0.0009117462187627334,0.0013416282028893456,0.00017836482524409656,0.010395496161941091,0.005371032691038682,0.00032436683996713196,0.0005120367394215499,0.0014422494089534144,0.0034253157543437693,0.003618675906517074,0.0003989374257870062,0.0007206800914787954,0.0005587554243815269,0.0005219100974504923,0.00017604257790161334,0.011629106138047495,0.0006153321957000112,0.0017514530636523874,0.002617783030470594,0.0009111955870450276,0.00023202005729568994,0.0027852419071199355,0.0007142122488260307,0.00042862519381173687,0.0015991674968182793,0.0005616906629258454,0.0035108004787221827,0.2559555922512645,0.011407372782831677,0.0010931536393543658,0.020588554122463368,0.00029566023762391333,0.0001476205247746997,0.00425471815702887,0.0007778323573975277,0.00017829216070844867,0.0003342862719673233,0.0008927397031838078,0.0006365028601647445,0.0009757682455949832,0.00035959239527058736,0.01583839060475489,0.0014331596972954953,0.005078169198156925,0.014946177002345656,0.0003885677917810023,0.0013654848753045247,0.0011108305495698477,0.0029589805587017987,0.00030645563106092776,0.002209790978422403,0.0022729304885794176,0.08579063232439038,0.0003889867794669728,0.010049423103122724,0.0003447655862601361,0.004447415293056221,0.0014667285095482589,0.002155852127292268,0.00024713192927731785,0.0036051169892825467,0.2854078100046157,0.0004799020831672809,0.0003936365317107807,0.001536177780074431,0.00045022374381601727
CarolineFriederikeWilhelmine,0.00019227835912332463,0.0006851021633988425,0.0020330977531456697,0.0010094151357122171,0.0008713792088899901,0.00026549207701265486,0.00015417901687287368,0.0001626755007332528,0.00037329140586791603,0.004655826099149665,0.0001680033058694229,0.00016149983367267452,0.00028120382013317535,0.008235545076351491,9.525882262612434e-05,0.0004072929561720764,0.0006469576477046014,0.0006002937183613573,0.002601893091231871,0.0004029435316236895,0.0005645453516720107,0.0008724619678392149,0.0001519162495674275,0.00011738422676436197,0.00021775449609601067,0.0005544034792380236,0.0008103172091800645,0.0013527918903918296,0.2257166033965325,0.00010695672471728703,0.00016050673895440332,0.0004276210205737452,0.00020948278959580257,0.00027850212119958213,0.0003743650411265138,0.0005508755474003947,7.323699705455688e-05,0.004268414025864301,0.0022053580622480255,0.00013318575156709612,0.00021024343294997352,0.0005921908401553157,0.0014064423266666735,0.0014858364385707734,0.00016380460125661734,0.0002959128609841038,0.00022942622971567072,0.0002142974558880425,7.228347709035629e-05,0.004774937047221994,0.0002526567788373245,0.000719150553862637,0.0010748675801390349,0.0003741389505089687,9.526795560452e-05,0.0011436265702546213,0.00029325715029304337,0.00017599446535346527,0.0006566217587685478,0.0002306314452413804,0.0014415425461126528,0.10509593990939443,0.004683892834549377,0.0004488513346508245,0.008453706472455622,0.00012139875629838509,6.0613318367684426e-05,0.0017469968123359355,0.00031937970947860527,7.320716083334043e-05,0.00013725869258103594,0.0003665609232262148,0.0002613495011211313,0.0004006526288508509,0.0001476494435336807,0.041173735065315284,0.0005884585841737523,0.002085107655609745,0.006136933779402244,0.00015954680628995152,0.20858340943563414,0.0004561095136085489,0.0012149640500337786,0.00012583136904177448,0.0009073451290433977,0.0009332703534426992,0.0005553695534534349,0.0001597188435729827,0.004126315652181843,0.00014156152251931667,0.0018261186883243394,0.0006022420137300905,0.0008851977158640457,0.00010147292411382509,0.001480269116761616,0.3252118248218868,0.0001970488710613144,0.0001616280422668291,0.0006307580398804581,0.0001848628783989267
CottaJohannHeinrich,0.00011124480903466556,0.00039637356842460794,0.056975171157406745,0.0005840084891559947,0.0005041462499041363,0.00015360342964309585,8.92020057138854e-05,9.411774209120571e-05,0.00021597194478565045,0.002693680597546181,9.720020372469104e-05,9.343754667951877e-05,0.00016269363548328074,0.03877347500230067,5.511306410261948e-05,0.00023564392444948173,0.0003743046294994322,0.0003473066879096207,0.001505354535905197,0.00023312751591811063,0.00032662406796326015,0.000504772692282188,8.789285621868507e-05,6.791396571939673e-05,0.0001259843148500324,0.00032075637350551195,0.0004688181426331113,0.0007826729757651011,0.052086159504831656,6.188101703383288e-05,9.286298055158258e-05,0.0002474049549300759,0.00012119862594462491,0.00016113053715382202,0.00021659310854978993,0.0003187152488290079,4.2372089031511954e-05,0.1552009867877041,0.001275934731326095,7.705611576244573e-05,0.00012163870471929323,0.0003426186765142036,0.0008137130395831696,0.0008596473967178882,9.477099590861566e-05,0.00017120371663856626,0.0001327371277174949,0.00012398420532385365,4.1820419323012934e-05,0.002762593577314984,0.00014617742340439165,0.05621497221493437,0.0006218767376386191,0.00021646230127804066,5.511834809007483e-05,0.0006616580253493121,0.00016966722532448734,0.00010182357899594385,0.0003798959097386659,0.0001334344187262932,0.0008340206666460697,0.0067367485377813,0.0027099189232423393,0.00025968799211647,0.051118210558212716,7.023661697049246e-05,3.506851762993061e-05,0.0010107446706877235,0.0001847807259875064,4.235482694987847e-05,7.941256163275078e-05,0.00021207794829222838,0.000151206695730526,0.00023180208833154604,8.542424755894668e-05,0.0037625450864659676,0.00034045933780427,0.0012063625049777496,0.06810558937482863,9.230760070316928e-05,0.0003243826053057582,0.000263887293253493,0.0007029311272793979,7.280115496848272e-05,0.0005249547378560002,0.0005399540682571472,0.0003213153066173648,9.240713480978894e-05,0.002387326368066748,8.190201232795706e-05,0.0010565215226690172,0.000348433896126011,0.0005121411026607434,5.87083024667971e-05,0.0008564263600171484,0.15068383613781675,0.32288899112700714,9.35117232048353e-05,0.0003649321640433616,0.0001069544991898806
CottavonCottendorfJohannFriedrichFreiherr,8.821724323163362e-05,0.0003143246305129435,0.0009327845308264985,0.00046311930762683016,0.0003997884731704671,0.00012180767113201279,7.073727846806093e-05,7.463546226129775e-05,0.00017126596512406835,0.008398381052763148,7.707985737539797e-05,7.409606662928106e-05,0.00012901621332456865,0.003778465171317612,4.370471416483217e-05,0.00018686586439047975,0.00029682394018932016,0.00027541454589354074,0.0011937476309785363,0.00018487034994438137,0.00025901320788677615,0.00040028524259382036,6.969912162778384e-05,5.385584176629677e-05,9.990568587369081e-05,0.0002543601203973026,0.0003717732492774575,0.0006206604413548938,0.01438022874512607,4.907170751125476e-05,7.364043512340999e-05,0.00019619237315582732,9.611062985388403e-05,0.0001277766748083773,0.0001717585486013854,0.0002527415065166573,3.3601108373160346e-05,0.001958346846986951,0.0010118174997811179,6.110557576293141e-05,9.645961275603362e-05,0.00027169694823544864,0.0006452752425624784,0.0006817012330532298,7.515349318249325e-05,0.00013576471607010195,0.00010526067313463358,9.831959704768693e-05,3.316363375047466e-05,0.002190739430225473,0.00011591884086402916,0.00032994602002804586,0.0004931488660047552,0.00017165481830593607,4.3708904372093315e-05,0.06940988198410643,0.00013454627694333646,8.074619852330842e-05,0.00030125783093101776,0.00010581362559201272,0.0006613792108429838,0.038071338785225006,0.01179347183224997,0.00020593283375347802,0.003878557542771265,5.569770649812727e-05,2.7809369051713618e-05,0.029735031884160934,0.00014653129786827273,3.358741952540772e-05,6.297423966111025e-05,0.00016817802206601248,0.00011990705877660132,0.00018381928456160523,6.774151252701226e-05,0.0029837019627524785,0.00026998459050975613,0.0009566466557013214,0.0028156230497407174,7.320001835611474e-05,0.0002572357257897028,0.44359091931352945,0.0005574250768947753,5.773138765870146e-05,0.0004162896246296788,0.0004281841084243995,0.00025480335490600834,7.327894900078668e-05,0.0018931521633464227,6.494837651655432e-05,0.0008378226090145473,0.0002763084231203605,0.00040612839928792706,4.6555741731876004e-05,0.0006791469477741869,0.3251860705638431,9.040595242330675e-05,7.415488868698164e-05,0.0002893915658431104,0.018871684073585245
DalbergKarlTheodorReichsfreiherrvon,0.0002158921429356457,0.0007692398398883608,0.002282783318546741,0.00113338182078417,0.0009783936454136658,0.0002980972674201718,0.0001731138049032683,0.00018265374541658866,0.0004191354758784607,0.023185444512313108,0.00018863586047746019,0.00018133369420414663,0.0003157385761301549,0.045162624747539154,0.00010695759753748493,0.00045731277046204483,0.000726410780643112,0.0006740160350792135,0.0029214326444049563,0.00045242919130852253,0.0006338773968767612,0.0009796093784316545,0.00017057314622090367,0.00013180023159417364,0.00024449701469465385,0.0006224899969471149,0.0009098325965810391,0.0015189288149444514,0.1217067495417655,0.00012009212376200238,0.00018021863711793485,0.0004801373327550654,0.0002352094565409084,0.0003127050804471264,0.00042034096472165017,0.0006185287983596648,8.223126257354168e-05,0.004792619695643244,0.002476198986562772,0.00014954234811143078,0.00023606351481605926,0.0006649180390913923,0.0015791680832095787,0.0016683126184219624,0.00018392151123636344,0.0003322540402953037,0.00025760215868699584,0.00024061541396685565,8.116064043311064e-05,0.005361349016122893,0.0002836856610338663,0.0008074697270907135,0.001206872506642471,0.10816709415847141,0.00010696785214068738,0.0012840758164160055,0.00032927218068965565,0.00019760841752140644,0.0007372617451337405,0.0002589553872236399,0.0016185789749409956,0.0012177673456898255,0.0052591236265085925,0.0005039749503746211,0.009491909616915317,0.00013630778713984376,6.805726475149907e-05,0.166712984174834,0.0003586028620375082,8.219776215381223e-05,0.00015411548867472194,0.0004115784199147364,0.0002934459400915412,0.00044985694183052416,0.1079127893826439,0.043217618012597256,0.0006607274232284426,0.002341180578373788,0.024848447631676547,0.00017914081473091578,0.0006295274035544886,0.000512124509254456,0.0013641742812217734,0.00014128477086457176,0.0010187765549099512,0.0010478856667058495,0.018581409223572872,0.00017933397998293768,0.004633070162654461,0.00015894675091504125,0.0020503850702424035,0.0006762036013978839,0.07885060778633929,0.0001139348553667908,0.0016620615715476727,0.17954751621987683,0.0002212485233930642,0.00018147764814811107,0.0007082216923660054,0.00020756596399492864
DegenGeorgChristoph,0.00020660450401220696,0.0007361472882963532,0.002184578414399621,0.001084623950438834,0.0009363033368918881,0.00028527317967795335,0.0001656664819449546,0.00017479601603201974,0.0004011043474314973,0.005002719215868419,0.00018052078164085305,0.0001735327531716451,0.0003021555626428522,0.008849153454021595,0.0001023563020362274,0.0004376392620639418,0.0006951607270331595,0.0006450199934572191,0.04004941227477829,0.0004329657735566802,0.0006066081118353158,0.000937466769306692,0.0001632351219158371,0.00012613021070120777,0.00023397879962918242,0.0005957105956846027,0.0008706917713387872,0.15046822121440265,0.05626584665680378,0.0001149257834409335,0.00017246566562918294,0.000459481916028662,0.0002250907904605897,0.0002992525673670951,0.00040225797637395336,0.0005919198071069103,7.869368929914423e-05,0.004586442107958806,0.0023696733771679216,0.00014310906474068692,0.00022590810731119726,0.00063631339152623,0.0015112325726493758,0.0015965421269134386,0.00017600924280737428,0.0003179605346810846,0.00024652016281975233,0.00023026418462636025,7.766912511954747e-05,0.005130704801251554,0.00027148155785710097,0.0007727325330231107,0.0011549530809704493,0.00040201504035082157,0.00010236611548835063,0.0012288351190426572,0.00031510695410848086,0.00018910734098747243,0.0007055448850954037,0.00024781517572215257,0.0015489480153150006,0.0011653792261143352,0.005032877128453786,0.0004822940438724671,0.04633722857772627,0.00013044385206470216,6.51294541673167e-05,0.001877160859751629,0.2983724486914358,7.866163006109929e-05,0.00014748546966681948,0.00039387239457787653,0.000280821951566254,0.00043050418176194817,0.00015865040760717618,0.04424147964588886,0.0006323030551605918,0.0022404634352168693,0.04384783936440188,0.0001714342109562368,0.0006024452543983387,0.0004900930102794494,0.00130548776312831,0.0001352067268962831,0.0009749489813030276,0.0010028058246464196,0.0005967486494990004,0.00017161906627585945,0.004433756365530685,0.00015210889192453277,0.001962177894531996,0.0006471134510889655,0.0009511514237623034,0.00010903339956088684,0.001590559998886646,0.2376815084197551,0.0002117304540012045,0.00017367051424432216,0.0006777541298739195,0.00019863651570576588
DieskauJohannaSidonieDorotheavon,0.00010697461137779668,0.0003811585350417552,0.0011311197111700685,0.01985059788785312,0.00048479429853003634,0.0001477072713320633,8.577793407321457e-05,9.050497700818582e-05,0.0002076817342079532,0.02187928898713211,9.346911653245164e-05,8.985089129886074e-05,0.21233552454615373,0.02387087581039118,5.299751660664118e-05,0.0002265985933210333,0.0003599367253633788,0.0003339751156969846,0.001447570613511333,0.000224178778616445,0.11604812786590595,0.07764142433160152,8.451903705411094e-05,6.530704805914644e-05,0.00012114833256247058,0.00030844395078255885,0.0004508222815089693,0.000752629611618867,0.1834450943079453,5.950567766981642e-05,8.929838023088214e-05,0.0002379081697047001,0.00011654634515044248,0.0001549454463781269,0.0002082790542343652,0.000306481175881533,4.0745611383978583e-05,0.002374744270224949,0.020515964132809147,7.409827127665334e-05,0.00011696953124158936,0.00032946705638607204,0.0007824781842659305,0.0008266493239893508,9.113315529223244e-05,0.00016463196092267093,0.00012764193472217838,0.0001192249984210157,4.021511784286248e-05,0.002656549792233243,0.00014056631672602023,0.0004001014538107247,0.0005980056320025963,0.00020815326807695087,5.30025977651192e-05,0.0006362598915036719,0.00016315444873459453,9.791502081497748e-05,0.0003653133810103852,0.00012831245980402903,0.000802006291077476,0.0006034040275035473,0.021894903995111768,0.0002497197152586512,0.06257026434145614,6.754054297102763e-05,3.372239188156845e-05,0.0009719466399129259,0.0001776878087539436,4.0729011917537516e-05,7.636426358133828e-05,0.0002039372110683564,0.0001454025374653959,0.00022290422835012232,8.2145187394869e-05,0.003618117572485664,0.00032739060516706543,0.001160055568170611,0.0034143005437328525,8.876431896576224e-05,0.0003119309875347751,0.00025375782374289867,0.000675948701054788,7.00066396642505e-05,0.0005048040403896907,0.0005192276126400586,0.19319905052155165,8.88600323969495e-05,0.002295687436312879,7.875815524221471e-05,0.0010159663204112027,0.00033505905536065586,0.000492482264144632,5.645474962412608e-05,0.0008235519286835807,0.007331460511353811,0.00010962869924793642,8.992222051447044e-05,0.0003509240275259224,0.0001028489876087524
DoerfferWilhelmine,5.78642656777031e-05,0.000206174703071256,0.0006118406100049319,0.0003037734764237493,0.00026223293291626935,0.12528465816004533,4.639864639440228e-05,4.895557896687113e-05,0.00011233834729414507,0.0014011247005576279,5.055892909573636e-05,4.860177362209909e-05,8.462550144467732e-05,0.0024784056327059358,2.8667198148117548e-05,0.00012257077672210692,0.00019469548928795544,0.0001806524424396557,0.0007830139272171357,0.00012126186053018352,0.00016989432594080646,0.0002625587784861426,4.571768900987841e-05,3.5325619143172886e-05,6.553105649571478e-05,0.0001668422299916559,0.00024385692955251718,0.0004071093060559583,0.4539751866760496,3.218756579407114e-05,4.830291161348215e-05,0.00012868830614463112,6.30417684410511e-05,8.381245193880789e-05,0.00011266144717978848,0.00016578053388567634,2.2039948095687506e-05,0.0012845368784150644,0.000663680642014092,4.008093135546288e-05,6.327067651647052e-05,0.00017821396158613576,0.0004232548728919074,0.00044714774365183283,4.929537057399055e-05,8.905204144399368e-05,6.904354899963827e-05,6.449069452276874e-05,2.175299571691197e-05,0.0014369699593574485,7.60345524195923e-05,0.0002164212285808248,0.04205839105789437,0.00011259340745019793,2.866994662740937e-05,0.0003441630769006616,8.825283164372659e-05,5.296378930759695e-05,0.00019760380768994655,6.940624666200925e-05,0.0004338179359044492,0.0003263908184265513,0.043144491423587616,0.00013507735866088058,0.02341151930037554,3.6533752001113e-05,1.824097716262146e-05,0.0005257413686491372,9.611415681722352e-05,2.2030969180747945e-05,4.13066425691157e-05,0.00011031287527797927,7.865054099982598e-05,0.0001205724360557199,4.443363604074735e-05,0.05412574763466362,0.00017709077615497726,0.000627492474456939,0.04358176968858269,4.8014029396149955e-05,0.00016872842353290245,0.0001372616356510785,0.0003656313841066293,3.786770285548528e-05,0.0002730565199730167,0.00028085845919922507,0.00016713296044785402,4.806580231067436e-05,0.18904891520966427,4.2601536575127884e-05,0.0005495523127095386,0.00018123876261291408,0.0002663914755752646,3.053727037606859e-05,0.0004454723133551152,0.0039657033885950425,5.929990394431347e-05,4.864035672728136e-05,0.00018982037793749084,5.5632650280521364e-05
DoeringHeinrich,0.00010907862982208792,0.0003886553100017,0.0011533670155009835,0.0005726365693319933,0.0004943294221697202,0.00015061243564381792,8.746504798817759e-05,9.228506425012836e-05,0.0002117664996834988,0.0026412287576233857,9.530750362844541e-05,9.161811372756544e-05,0.00015952563533782907,0.00467198688849998,5.403989246578965e-05,0.00023105542297114658,0.00036701610148065,0.00034054386873390015,0.0014760419978053635,0.0002285880144056912,0.00032026398453564533,0.0004949436663475237,8.618139049073669e-05,6.65915325914004e-05,0.0001235311252917319,0.00031451054689464594,0.000459689230247324,0.000767432624821442,0.02970603902585417,6.067605858305178e-05,9.105473565607328e-05,0.0002425874405210104,0.0001188386241936002,0.00015799297394415067,0.00021237556803352256,0.0003125091673701439,4.154701198522076e-05,0.002421451668182977,0.0012510894975072016,7.555566502128286e-05,0.00011927013367409782,0.000335947143151468,0.0007978682708551372,0.0008429081858093013,9.29255977900522e-05,0.00016787000664061994,0.01979854307821468,0.00012156996226306686,4.100608448991021e-05,0.0027087998512804017,0.00014333102995309742,0.00040797080549672885,0.0006097674403729949,0.0002122473078648281,5.4045073562477475e-05,0.4726901492690177,0.00016636343416566484,9.984085169311269e-05,0.00037249850729121584,0.0001308361593864151,0.0008177804640997567,0.0006152720136254448,0.002657150887679717,0.0002546313001668849,0.2014796551668906,6.886895675368316e-05,3.4385657058142524e-05,0.0009910632661002511,0.00018118264198707085,4.1530086033989446e-05,7.786622574778558e-05,0.00020794832780006154,0.00014826237137115794,0.00022728839578685026,8.3760851029095e-05,0.08236284265049144,0.0003338298514787576,0.0011828719942402859,0.0231498449726216,9.051017026536958e-05,0.00031806616804785307,0.00025874883174621525,0.0006892435241543668,7.13835576000048e-05,0.000514732723448717,0.0005294399841524149,0.0003150585963589953,9.060776622571015e-05,0.02200923054563874,8.030720140497896e-05,0.0010359487428700663,0.0003416491277462981,0.0005021685976951897,5.756512369276849e-05,0.0008397498697227154,0.1058176117008914,0.0001117849193292294,9.169084587405122e-05,0.0003578261383814778,0.00010487186167315319
DönhoffStanislausOttovon,0.00012293095148502422,0.00043801216733418535,0.0012998376020879198,0.0006453579260934883,0.05340703779272674,0.00016973929769167607,9.857257639197734e-05,0.00010400470536372313,0.00023865955541618007,0.06565236370877295,0.0001074109761354438,0.00010325305618674114,0.12848185889953084,0.018477783655556225,6.0902629688356274e-05,0.00026039805448551875,0.00041362491112080697,0.0003837908660397603,0.04643185818828958,0.00025761730005957427,0.0003609355600594431,0.0005577984976051362,9.712590221025471e-05,7.504825166633322e-05,0.018046565964395144,0.0003544514708783504,0.0005180669628312375,0.00086489189425852,0.21637475082937793,6.838154848609238e-05,0.00010261813253132588,0.0002733945680304633,0.00013393040570016632,0.00017805711940626316,0.00023934597173723182,0.00035219592834329137,4.6823229472476064e-05,0.002728961282610974,0.0372246645212196,8.515077432031754e-05,0.00013441671425665352,0.0003786103843039188,0.0008991926819754733,0.0009499523918210289,0.0001047265827621589,0.00018918847510083017,0.00014668101414616166,0.0001370086070697147,4.621360747968612e-05,0.003052800934917519,0.000161533197824372,0.0004597806131194091,0.0006872041916175696,0.00023920142330825946,6.090846875276888e-05,0.12433837468666989,0.000187490577097074,0.00011252003179475402,0.0004198035490796733,0.0001474515547935623,0.0009216336024904016,0.0006934078121484323,0.020901940006034844,0.0002869679245003265,0.15587301067757925,7.761489482696919e-05,3.875242608464853e-05,0.001116922264996119,0.0002041917340579846,4.680415402852295e-05,8.77547621870169e-05,0.00023435649895745978,0.00016709078956904703,0.00025615263779124223,9.439796897886012e-05,0.031018816936664202,0.0003762242094837718,0.0013330895334321604,0.003923577838620049,0.00010200441065258382,0.00035845863426312117,0.0002916083575131201,0.0007767732540038772,8.044883466603353e-05,0.0005801006444363624,0.01380915852381967,0.0003550691192868721,0.00010211440070549639,0.015850595212266894,9.050572688633511e-05,0.010121181493216617,0.00038503648621534463,0.0005659409512317653,6.487554381135229e-05,0.0009463929888266227,0.008425021646048905,0.000125980923277386,0.00010333502487286811,0.0004032678786779157,0.0001181899494017663
EhrenbergCarolineAugusteEleonorevon,9.001839890114007e-05,0.012861761666497653,0.009312509037779615,0.013013594325376309,0.0004079510641637446,0.00012429465178808173,7.218154089897442e-05,7.615931498071673e-05,0.00017476274934420926,0.006185994377459069,7.865361798081511e-05,7.560890636002433e-05,0.0001316503727652309,0.04795591033634029,4.4597045310291475e-05,0.00019068115603590541,0.00030288427605034297,0.014303052215359307,0.0012181207040278864,0.0001886448986236192,0.0002643015516478407,0.0004084579762647711,7.112218772552931e-05,5.4955431270343105e-05,0.02413968455354438,0.0002595534607938847,0.01801270490749151,0.000633332635948976,0.28286283730620054,5.007361803303543e-05,0.035990812988983434,0.00020019808669071625,9.80729469646854e-05,0.0021335304484058704,0.0001752653900335902,0.02180730320935903,3.4287151425867266e-05,0.054232874361606266,0.0050387658997143436,6.235318507594145e-05,9.842905514653927e-05,0.00027724425940472806,0.004625011857446527,0.0006956197142462928,7.668792268142281e-05,0.00013853666154369288,0.00010740980919066174,0.00010032701524801592,3.38407447637293e-05,0.00223546835850088,0.00011828558765611199,0.0003366826184847011,0.03812627577294163,0.00017515954184822615,4.4601321070164435e-05,0.010451812950578496,0.00013729334521083106,8.239481582230375e-05,0.00231055361691131,0.0001079740514301412,0.0006748827717304587,0.002510905256563074,0.02140742102202812,0.0002101374209460145,0.011140880920110438,5.683490185997049e-05,2.837716057294005e-05,0.002821031327306824,0.00014952306759771875,0.047644294049778504,6.426000199785252e-05,0.00017161175890513823,0.0001223552341085173,0.00018757237335041956,6.91246095824099e-05,0.032587583219475955,0.13822205187777376,0.026058217540508695,0.028473054224420973,7.469456322331156e-05,0.0002624877782108965,0.00021353546143112833,0.00775193998107198,5.8910105247018223e-05,0.00042478912416164317,0.00043692646089687635,0.0002600057449432165,7.477510541662117e-05,0.03464904656984091,6.627444534734819e-05,0.0008549286631938298,0.000281949888038153,0.0004144204342929693,4.750628308974035e-05,0.0006930132774235907,0.026665782809446315,9.225179556915081e-05,7.566892940382284e-05,0.0002953001528770198,8.654671490645593e-05
EndeHenrietteFreifrauvon,4.57903278395945e-05,0.004655439524867504,0.023139909859975025,0.00024038820697895285,0.00020751549903797218,0.00129067984279453,3.6717120745071135e-05,0.0018709180900552441,8.889786626185897e-05,0.007447226563625941,4.0009320284257316e-05,3.846054420075748e-05,0.0021208710225065494,0.01952316745028957,2.2685510410801525e-05,0.0002790321901690609,0.0029530201028802328,0.00014295756573513073,0.002040427248253728,9.59594022854054e-05,0.005095057195471856,0.00020777335378294876,0.001896720200463645,0.020993581499340757,5.1857368714004575e-05,0.00013202898748183352,0.005118130778172369,0.0010023441257033486,0.2106826473903615,2.5471319350674273e-05,0.0003630692763824102,0.00010183624830402708,0.0011856535555960742,6.632417445154056e-05,8.91535482361357e-05,0.013398767345975724,1.7441100082223285e-05,0.025316831300677894,0.008152904955671291,3.1717657960189636e-05,0.000922372878160299,0.0040356201455524505,0.3214038669303039,0.0013057214433306761,3.9009415450460226e-05,0.005130317491244202,0.006393918817004454,5.1034088313655454e-05,1.7214023088424217e-05,0.0022680665833213283,6.016920877942726e-05,0.0015316270649741812,0.0011049007290968962,8.909970565319475e-05,2.268768539334661e-05,0.0006831308171035921,0.0014620166577827623,4.191238318879403e-05,0.00015637186492390676,0.007816595190966566,0.043366039870274486,0.0029860042544948115,0.01879142005299817,0.00047900055306640115,0.011770097250797478,2.8910631833802457e-05,1.4434821121610552e-05,0.0017901735289708668,7.605900980754591e-05,1.7433994704596676e-05,0.018720666148559155,8.729502854217294e-05,0.004155431633370523,0.000487664679294651,0.0003292461276409387,0.029937562371279595,0.0015142722495750727,0.004217644007403854,0.013394207916656398,3.7995438483492494e-05,0.01336771816845225,0.00010862066981494179,0.009449234427497706,2.9966240960233494e-05,0.00045918918048681943,0.002380677486984537,0.00013225905422071545,3.803640847942207e-05,0.023747538821407125,0.010246624065994733,0.003145157597065999,0.0011636947063553894,0.0002108063216114574,2.4165374008804395e-05,0.001737001078023541,0.05408123006207819,0.00041903479607142925,0.005196881550277588,0.007071542295777299,4.402436054610106e-05
FernowCarlLudwig,5.610801793446075e-05,0.030551079780851694,0.0005932705360921259,0.00029455359821087035,0.00025427385849885237,7.747223497434279e-05,4.499039352771e-05,4.746972022360844e-05,0.00010892874783575357,0.0013585989367803535,4.902440681181576e-05,4.7126653282426706e-05,8.205701908009016e-05,0.012520237379976169,2.779711535240495e-05,0.00011885061113312908,0.0001887862548117769,0.00017516943076345087,0.0007592485441003441,0.00011758142206953325,0.07098411751500712,0.0002545898142768131,4.433010399156903e-05,3.4253445528382815e-05,6.354211273681673e-05,0.00016177837432065456,0.000236455588203332,0.00039475306526313265,0.06586550503770093,3.1210635747102885e-05,4.683686208326403e-05,0.0001247824664247075,6.112837746895647e-05,8.126864657207257e-05,0.00010924204126419312,0.00016074890192594647,2.1371010044700625e-05,0.0012455496905987794,0.0006435371628543794,3.88644284859344e-05,0.13158305545680035,0.00017280496063910508,0.08134684251468498,0.00043357628972449057,4.779919876036938e-05,8.634920844360181e-05,0.0708863276764073,6.2533326959399e-05,2.109276700426612e-05,0.0013933562502976091,7.37268153467825e-05,0.00020985259265616168,0.0003136530275096129,0.00010917606661950676,2.7799780412154546e-05,0.0003337173273515225,8.557425559002983e-05,5.1356276720067936e-05,0.14183036566116494,6.729968637580406e-05,0.00042065105714107065,0.00031648447758625734,0.15312260258298396,0.00013097760376841127,0.14410560334754166,3.5424910149364524e-05,1.7687342296591637e-05,0.0005097845068207673,9.319698040399316e-05,2.136230365026944e-05,4.005293793909425e-05,0.00010696475125033471,7.626340563194452e-05,0.00011691292242947705,4.308502352304483e-05,0.06260002250079026,0.0001717158651917321,0.0006084473482592829,0.0017907953454941328,4.655674777711693e-05,0.00016360731969480976,0.00013309558541225468,0.00035453404647216443,3.67183740442956e-05,0.00026476893710362915,0.00027233407840285344,0.00016206028076946896,4.660694932348813e-05,0.011321138743606766,4.130853040642514e-05,0.0005328727610434808,0.00017573795543772481,0.00025830618455292755,2.9610428713867767e-05,0.00043195171068533423,0.003845339679749561,5.750008291043452e-05,4.716406534550535e-05,0.0001840591087591872,5.394413465932675e-05
FeuchterslebenCarolineHenrietteSusanneFriederikevon,0.00016886047955928958,0.0006016625083867888,0.0017854836246386824,0.0008864769008219271,0.0007652525836086606,0.00023315738519900044,0.0001354013152901671,0.00014286299920390988,0.0003278276666059359,0.004088785817767567,0.00014754192268960024,0.00014183051845799305,0.0002469555707573752,0.06812830072385058,8.365710288064023e-05,0.00035768811536521266,0.0005681636724176553,0.0005271830154006733,0.00228500449634906,0.0003538684139781392,0.0004957884977329173,0.0007662034716661979,0.00013341413392419928,0.0001030878197343742,0.00019123383829887985,0.0004868818196717955,0.0007116274195450652,0.0011880332680027107,0.6853924318422491,9.393029933372841e-05,0.00014095837428566052,0.0003755403932764065,0.0001839695557620033,0.00024458291592699584,0.00032877054216127766,0.0004837835601241758,6.431734959930064e-05,0.0037485572617288365,0.001936764083535248,0.00011696485232464256,0.00018463755918238047,0.0005200669992981795,0.0012351495344366506,0.0013048741143188384,0.00014385458482340068,0.00025987317471067234,0.0002014840533791945,0.0001881978363793979,6.347996031036357e-05,0.034641277786211865,0.00022188531789483422,0.0006315640925700128,0.00094395779053116,0.0003285719874706895,8.366512353943266e-05,0.031452230244069616,0.00025754090714344413,0.00015455982646651298,0.0005766507764069585,0.00020254248383684732,0.001265974843719027,0.000952479211094418,0.004113434261933971,0.0003941850344757345,0.007424116450238427,0.00010661341349027516,5.323112831789029e-05,0.0015342273611269393,0.0002804819593320615,6.429114717773944e-05,0.0001205417435357302,0.0003219168998835395,0.0002295193400500674,0.0003518565238069884,0.00012966698881473407,0.06660700974242639,0.0005167893005610033,0.0018311591604189864,0.005389507096577662,0.00014011535330918137,0.0004923861415911394,0.0004005592285614163,0.0010669916940804249,0.00011050617145306433,0.0007968381585666841,0.0008196059096787084,0.00048773023421021786,0.00014026643790469786,0.003623765269358935,0.00012432052514252628,0.0016037128611278164,0.0005288940248548182,0.0007773881131870873,8.911437931064255e-05,0.0012999848452672322,0.04202067048285511,0.00017304998344971746,0.00014194311232862557,0.0005539370399545461,0.00016234814173305827
FichteJohannGottlieb,0.00012484820410984352,0.14127354212388127,0.001320110096722808,0.0006554230412073283,0.06389847522979429,0.00017238658147255523,0.00010010993153760754,0.0001056267809430897,0.0002423817315933946,0.13705785163725956,0.00010908617650965686,0.00010486340891405048,0.00018258836871983482,0.02210176664371353,6.185247775524138e-05,0.0002644592680971372,0.0004200758775939138,0.00038977653552663507,0.0016894344283318928,0.00026163514453870243,0.00036656477419595685,0.0005664980205546837,9.864069477226654e-05,7.621871732821256e-05,0.00014139010702184107,0.0003599795580256736,0.0005261468258138431,0.023908446446865187,0.13711775512109167,6.944803907890407e-05,0.00010421858287823224,0.0002776584775409301,0.00013601920773716213,0.00018083412938971725,0.00024307885338347075,0.00035768883765465467,4.755349275055341e-05,0.0027715226401772448,0.0014319603867340809,8.6478800692837e-05,0.00013651310084697083,0.0003845152580913715,0.017667563970739306,0.0009647680155079087,0.0001063599168677162,0.00019213909165500864,0.00014896867690306423,0.00013914541727376846,4.6934362986517046e-05,0.003100412952353457,0.00016405249783615103,0.02349701697931553,0.0006979219484090813,0.00024293205055191287,6.185840788672405e-05,0.0007425678278074567,0.00019041471293695675,0.00011427491389480449,0.00042635087867127336,0.00014975123503719955,0.0009360075613848109,0.0007042223216910005,0.08836763918798576,0.0002914435264528113,0.005489073632466909,7.882539030458868e-05,3.935681570118833e-05,0.0011343419800346362,0.000207376344063519,4.7534119802639356e-05,8.912340080984531e-05,0.00023801156391337026,0.0001696967667539174,0.00026014763914140643,9.587021621697228e-05,0.038767740267187524,0.00038209186807129343,0.0013538806310053639,0.020739117967370838,0.00010359528928570523,0.00036404921783160374,0.00029615633247066667,0.0007888879455615178,8.170352876515056e-05,0.0005891479955694127,0.0006059814953046664,0.00036060683938682553,0.00010370699476272461,0.025709322334792686,9.191727003586604e-05,0.0011857165817734526,0.0003910415826123857,0.0005747674653125091,6.58873541419186e-05,0.0009611530994417222,0.2189935168797273,0.000127945743795839,0.00010494665599814583,0.0004095573150611907,0.00012003326052870733
FischerFriederikeChristianevon,2.9349885032520516e-05,0.00010457583382220529,0.010520962235913572,0.0034041464468977083,0.00013300966222749234,4.052542352084834e-05,2.353429912902223e-05,2.483122523979089e-05,5.69802025345152e-05,0.027258302110189193,2.5644475721723543e-05,2.4651768262823637e-05,4.292370617912712e-05,0.007757228934421548,1.4540562469730686e-05,6.217029047215204e-05,9.875335252294948e-05,9.163044504841956e-05,0.00039715994791481046,6.150638263023571e-05,8.617371836728663e-05,0.00013317493746087055,2.3188904251652816e-05,1.7917843567385705e-05,3.323863098724078e-05,8.462563572652989e-05,0.000123688994631236,0.00020649378659644434,0.1595111273793074,1.6326161655529324e-05,2.450017961841999e-05,6.52732208062932e-05,3.19760154962892e-05,4.2511311599440776e-05,5.714408510325762e-05,8.408712273781353e-05,1.1179091882616024e-05,0.010862166913937345,0.00033663177633530127,2.0329830742714743e-05,3.2092122140310165e-05,9.03935999616186e-05,0.00021468313324882188,0.0002268020636748395,2.5003574175479763e-05,4.516893367057095e-05,3.5020235747283016e-05,3.271093908723039e-05,1.1033544034937802e-05,0.003978925822455849,3.856620914268502e-05,0.00010977307156758145,0.00016407067361142932,5.7109574024308655e-05,1.4541956552076404e-05,0.016511565807617413,0.03680301260739466,2.686426776281721e-05,0.00010022850838532305,3.520420308130993e-05,0.00022004092499435565,0.00016555179408732823,0.1513988754358293,6.851387295356333e-05,0.03666737078821292,1.853063213506671e-05,9.25217967140067e-06,0.0002666662843807243,4.87509764367433e-05,1.1174537601694864e-05,2.0951535395533724e-05,5.595284359174096e-05,0.002082018036754166,6.115669307957562e-05,2.2537607521654136e-05,0.0009926779206662975,8.982389838693141e-05,0.00031827643137584226,0.0009367580506661288,2.4353652918956384e-05,8.558234990818066e-05,6.962178087895831e-05,0.00018545537495598077,1.920723804644087e-05,0.00013849959685354292,0.0001424568927189282,8.477309988882294e-05,2.4379913151783895e-05,0.2707916209019936,2.160833091105e-05,0.10278584166935034,9.192783808496528e-05,0.00013511895623675467,1.548909960659825e-05,0.012478701935569787,0.13877427937270576,3.0078068784267957e-05,2.467133836689451e-05,9.628060088632057e-05,2.8217966143081897e-05
FriedrichWilhelmIII,0.00031081570482678785,0.0011074595849790423,0.003286478592842715,0.001631707688268708,0.0014085742369417615,0.0004291648182294377,0.0002492285664249268,0.0002629630326001835,0.0006034211647614597,0.17565924233278096,0.00027157536690617984,0.00026106258063179053,0.0004545626660908802,0.06935704644568975,0.0001539847657869739,0.0006583842707041978,0.0010457994242368874,0.0009703677315859985,0.00420592956338102,0.0006513534771049517,0.0009125809175128184,0.0014103245040414767,0.00024557082970349896,0.0001897502212087829,0.00035199758044468017,0.0008961867000709517,0.001309868232976954,0.0021867721714143415,0.08464630947869926,0.00017289428685859633,0.00025945725470625955,0.0006912443475926039,0.00033862646422700164,0.00045019540155781865,0.0006051566835226426,0.0008904838397714723,0.0001183867438992938,0.0068998410429050895,0.0035649353553793045,0.00021529320010298968,0.000339856035257909,0.0009572695243191,0.002273497470304244,0.0024018371179020392,0.0002647882103091567,0.00047833965753314153,0.05641524954462456,0.00034640931563030764,0.00011684539009800964,0.06376301429039533,0.0004084167097724244,0.0011624984074886224,0.0017375107944524325,0.0006047912106999732,0.00015399952913907532,0.001848658892831236,0.0004740467324529532,0.0002844929821736517,0.0010614213460462905,0.00037281301720462113,0.0023302365619857967,0.0017531958816048967,0.0075714576478669565,0.0007255629004638043,0.013665317031074731,0.00019623966095829232,9.798071585507383e-05,0.0028239997888065854,0.0005162735419709827,0.00011833851399880451,0.056266261805456914,0.0005925414187742213,0.00042246839304985466,0.0006476502597315769,0.0002386735879609292,0.01051247346407028,0.0009512363764453988,0.003370551988133007,0.009920281236105288,0.0002579055348504829,0.0009063183170213448,0.0007372956613360622,0.001963975089408013,0.00020340492729581679,0.0014667127236294676,0.0015086205437877065,0.000897748347671582,0.0002581836310939999,0.0066701406940347,0.00022883253528273515,0.002951899370250278,0.0009735171281223773,0.0014309116908516955,0.00016402978771544842,0.002392837607712745,0.3575679335597421,0.0003185271812360486,0.00026126982831550647,0.00101961294882314,0.00029882866749980023
FörsterErnstJoachim,0.0311676175725678,0.0005272046162387818,0.021577646022123666,0.0043552234543312454,0.009687600640359067,0.00020430332299857152,0.00011864491715991767,0.00012518319094198776,0.00028725781772383533,0.007932482162831546,0.00012928308087413262,0.00012427848338943557,0.05206046612904174,0.012452563135182736,7.330423651972506e-05,0.000313422928910607,0.0004978513813016309,0.0004619422274908341,0.003791452622876209,0.00031007592926238534,0.0004344328939220707,0.0006713830454945295,0.00011690365661129062,9.033033251095431e-05,0.00016756796530758197,0.0004266284491981235,0.0006235609754581287,0.010058060699548673,0.07916150945967193,8.230608808617523e-05,0.00012351427018473998,0.000329065923436549,0.00016120266377438086,0.0002143149033427216,0.0002880840090493472,0.0004239136103756239,5.6357847032735946e-05,0.0055222918847770705,0.0016970825856226428,0.0001024900325742035,0.00016178799937694384,0.00045570684388928094,0.001082295352000834,0.0011433912651860507,0.0001260520642866029,0.0002277129377920572,0.00017654967952851903,0.00016490767950856768,5.5624087670032375e-05,0.0036744430072387464,0.00019442621442944272,0.0005534057721933321,0.0008271396302171787,0.00028791002621346375,7.331126459324085e-05,0.011492917887424303,0.04531092333227847,0.00013543249390209124,0.0005052881757491632,0.0001774771254229599,0.01661913301009014,0.0008346064944396266,0.032091594848877934,0.0003454032234533924,0.1823765230231235,9.341962140162705e-05,4.6643585374858504e-05,0.01004375771911831,0.0002457713114417618,5.633488725476885e-05,0.00010562427067610137,0.09881205384347029,0.00020111549897785055,0.0003083130177117884,0.00011362023414123597,0.11740651680781178,0.0004528347721201548,0.010555074735749957,0.024352453438569236,0.00012277557607601517,0.0004314515915490124,0.0021402142120090103,0.0009349476471716778,9.683063661243918e-05,0.0006982265800771816,0.006024609919097513,0.018461473483628924,0.00012290796341125467,0.11543893691217119,0.00010893541451353722,0.0014052476458522414,0.00046344149339169917,0.0006811835475344509,7.808615542921896e-05,0.0011391070607057825,0.030279297597579583,0.0001516344276783245,0.00012437714336497043,0.012117755664098864,0.00014225697723620323
GentzAnnaHenrietteNanette,3.88250374884276e-05,0.0001383365101441427,0.00041052512016129033,0.00020382210803180807,0.00017594975641586008,5.360842421317729e-05,3.113198041272493e-05,3.2847598883275015e-05,7.537537189837385e-05,0.0009401090359999732,3.392339459469031e-05,3.2610207021242394e-05,5.678095500886346e-05,0.11367401794781724,1.9234756196305134e-05,8.224099874916772e-05,0.00013063433160174646,0.00012121190458307833,0.0005253768404751482,8.136275861900362e-05,0.00011399355883063855,0.0001761683881796543,3.0675080188164614e-05,2.3702339802855075e-05,4.3969204401098456e-05,0.00011194570186302293,0.00016362005671036355,0.0002731570838131431,0.36760880045135697,2.1596808219715886e-05,3.240968034813037e-05,8.634566172871684e-05,4.229897319864749e-05,5.62354252734452e-05,7.559216139748344e-05,0.00011123333835796145,1.4788087276942571e-05,0.014863268466898238,0.014446694155086306,2.689299940509864e-05,4.245256306115545e-05,0.0001195757633576794,0.0072846832642613265,0.00030002157128968416,3.30755879838046e-05,5.97510191651205e-05,4.632597246071973e-05,4.3271155404397385e-05,1.4595551577528228e-05,0.02196623913009263,5.101670804134993e-05,0.0001452115950065508,0.0002170383307006864,7.554650895514934e-05,1.923660033638522e-05,0.0002309222143632876,5.921477542136823e-05,3.553697746464269e-05,0.00013258571851840618,4.6569330778216606e-05,0.00029107770447578065,0.00021899760781328616,0.0009457762991232904,9.063250785998126e-05,0.07171391112786038,2.4512957598677208e-05,1.223910152267298e-05,0.0003527553336753971,6.448946855010773e-05,1.4782062717483447e-05,2.771541170503377e-05,7.401634615012697e-05,5.277195116951093e-05,8.090017725288766e-05,2.9813522470637908e-05,0.09932285093328504,0.00011882214251828132,0.0004210270113889037,0.0012391757717074591,3.221584978990411e-05,0.00011321127629124112,9.20980865731355e-05,0.00024532674922297644,2.540799517190404e-05,0.0001832120307801125,0.00018844687787256768,0.00011214077252932651,3.225058772917894e-05,0.2458574458450397,0.02803135636741336,0.0003687317015589727,0.00012160530632144599,0.0001787400030860936,2.048951374841287e-05,0.0002988974121334681,0.002660857801043792,3.97883040030573e-05,3.263609502807316e-05,0.00012736329067994002,3.732769624611543e-05
GentzLudwig,0.00017416338680702548,0.0006205571632210184,0.0018415550871769954,0.03231839138057819,0.0007892846335149393,0.00024047947732536333,0.00013965346841728817,0.0001473494796159574,0.00033812279139647385,0.19264164330970468,0.00015217534036801483,0.0001462845747667515,0.0002547109821446692,0.00745965603845901,8.628427685496601e-05,0.0003689209799428191,0.000586006327278208,0.0005437387106145433,0.0023567629500525155,0.00036498132436502817,0.0005113582771439063,0.0007902653833328201,0.00013760388145768677,0.000106325197407643,0.0001972393601934888,0.0005021718930925678,0.0007339754207508067,0.0012253423544383616,0.39287579259122624,9.688009354501357e-05,0.0001453850417129909,0.00038733389213724446,0.00018974694957942727,0.0002522638162828796,0.0003390952770869353,0.0004989763355682204,6.633717650157792e-05,0.003866277236963156,0.0019975863690252487,0.0001206380253769844,0.00019043593102964704,0.0005363992226051627,0.001273938263660305,0.0013458524795127776,0.00014837220506509974,0.00026803425150769456,0.0002078114738019974,0.00019410801544053288,6.547348977619469e-05,0.004325079596717025,0.00022885342116862333,0.00065139777901127,0.0009736019122464897,0.00033889048696985463,8.629254939513265e-05,0.0010358829648129961,0.00026562874123371705,0.00015941363492493502,0.0005947599609219019,0.00020890314328964567,0.0013057316132824568,0.000982390940144417,0.0042426128620281145,0.00040656405105632203,0.10186949044042708,0.00010996150917600923,5.490280269012247e-05,0.001582408352998031,0.0002892902359571373,6.631015121719193e-05,0.0001243272455496926,0.00033202640250971026,0.0002367271827319289,0.0003629062526430604,0.0001337390607203235,0.0058905903202085145,0.0005330185907694036,0.0018886650209310927,0.005558759584304554,0.0001445155464421249,0.03191192456539372,0.0004131384208142728,0.0011004995817909204,0.00011397651560373485,0.0008218621242534102,0.0008453448755401451,0.0005030469513052038,0.00014467137570968466,0.16075794372864766,0.0001282246962993372,0.001654075980886552,0.000545503452738754,0.0008018012681803852,9.191293400595814e-05,0.0013408096674867732,0.011936215298692543,0.00017848445819390339,0.00014640070454379736,0.000571332920575227,0.00016744653503206823
GiechAugusteCarolineWilhelmineLouisevon,0.0003500526788558075,0.0012472638558032188,0.003701359415117,0.0018376923640534468,0.0015863908333831485,0.0004833420318178616,0.00028069085946946364,0.00029615914695507305,0.0006795962749718677,0.008476171763296585,0.00030585869124514,0.0002940187843793033,0.0005119460712631166,0.20435130190817144,0.00017342360417969672,0.0007414978525778419,0.0011778197958304466,0.0010928657035081594,0.004736880691279252,0.0007335795006552134,0.0010277839564962698,0.001588362051945962,0.0002765713747780494,0.00021370404460299933,0.0003964333013806042,0.001009320154171776,0.0014752243106802866,0.0024628274722395802,0.1584513061533745,0.000194720238822694,0.00029221080417771747,0.0007785061432258473,0.00038137423268296835,0.0005070274888834968,0.0006815508833848986,0.0010028973721373684,0.00013333173388409988,0.007770868084333719,0.004014968200508875,0.0002424715362355643,0.0003827590231762688,0.0010781139954355522,0.1287992121607277,0.0027050419404176075,0.0002982147327459198,0.0005387246394636311,0.00041768229497032405,0.0003901395812176642,0.00013159580156528483,0.008693019393180046,0.00045997470888733,0.0013092507083378574,0.0019568519180133024,0.0006811392737440808,0.00017344023123834184,0.00208203120909485,0.0005338897810536142,0.0003204070096170419,0.001195413808917092,0.00041987645205225903,0.002624402622594163,0.0019745170703545168,0.008527268703993403,0.0008171570259851761,0.015390409042578485,0.0002210127028635433,0.00011034967515683353,0.0031804978828559533,0.0005814472485874947,0.00013327741550312676,0.0002498865356106987,0.0006673430838719328,0.00047580025855329343,0.0007294087938929612,0.00026880343412637566,0.011839554566746062,0.001071319230749195,0.06691540177729796,0.011172604755081113,0.0002904631972070495,0.0010207307733893682,0.0008303709154699346,0.0022119047737194546,0.0002290825031896354,0.0016518686477072207,0.0016990668570756127,0.0010110789421530141,0.0002907763999619653,0.07063152630925149,0.0002577200596402546,0.0033245433426368604,0.0010964126758046624,0.0016115481386883876,0.0001847366967313984,0.002694906343659691,0.21334878174495145,0.00035873764210919083,0.00029425219474353147,0.001148327573506988,0.0003365524133843603
GiechSchönburgKarolineWilhelminevon,0.00016886047955928958,0.0006016625083867888,0.0017854836246386824,0.0008864769008219271,0.0007652525836086606,0.00023315738519900044,0.0001354013152901671,0.00014286299920390988,0.0003278276666059359,0.03453667354523561,0.00014754192268960024,0.00014183051845799305,0.0002469555707573752,0.007232525268914481,8.365710288064023e-05,0.00035768811536521266,0.0005681636724176553,0.0005271830154006733,0.00228500449634906,0.0003538684139781392,0.0004957884977329173,0.0007662034716661979,0.00013341413392419928,0.0001030878197343742,0.00019123383829887985,0.0004868818196717955,0.0007116274195450652,0.0011880332680027107,0.015538901837951974,9.393029933372841e-05,0.00014095837428566052,0.0003755403932764065,0.0001839695557620033,0.00024458291592699584,0.00032877054216127766,0.0004837835601241758,6.431734959930064e-05,0.034196444989196884,0.001936764083535248,0.00011696485232464256,0.00018463755918238047,0.0005200669992981795,0.0925788127168408,0.0013048741143188384,0.00014385458482340068,0.00025987317471067234,0.0002014840533791945,0.0001881978363793979,6.347996031036357e-05,0.004193390058743822,0.00022188531789483422,0.0006315640925700128,0.00094395779053116,0.0003285719874706895,8.366512353943266e-05,0.0010043425166015732,0.00025754090714344413,0.00015455982646651298,0.0005766507764069585,0.00020254248383684732,0.001265974843719027,0.000952479211094418,0.004113434261933971,0.0003941850344757345,0.2510072182699828,0.00010661341349027516,5.323112831789029e-05,0.0015342273611269393,0.0002804819593320615,6.429114717773944e-05,0.0001205417435357302,0.0003219168998835395,0.1524689579773903,0.0003518565238069884,0.00012966698881473407,0.005711234287490295,0.0005167893005610033,0.0018311591604189864,0.005389507096577662,0.00014011535330918137,0.0004923861415911394,0.0004005592285614163,0.0010669916940804249,0.00011050617145306433,0.0007968381585666841,0.0008196059096787084,0.00048773023421021786,0.00014026643790469786,0.27765475481657137,0.00012432052514252628,0.0016037128611278164,0.0005288940248548182,0.0007773881131870873,8.911437931064255e-05,0.0012999848452672322,0.07246855821032316,0.00017304998344971746,0.00014194311232862557,0.0005539370399545461,0.00016234814173305827
GleimJohannWilhelmLudwig,0.0002538975719866926,0.0009046560239170238,0.002684642127636441,0.0013329011816642885,0.0011506290485605436,0.00035057400137257613,0.00020358857967063502,0.0002148079214229263,0.0004929196505810296,0.006147873050072111,0.0002218431218181211,0.00021325548976339608,0.0003713208677810842,0.010874780232191792,0.0001257863021369526,0.0005378176365289578,0.0008542873814783581,0.0007926691192171887,0.0034357186188020963,0.0005320743571635121,0.0007454645167528339,0.001152058797958804,0.00020060066606744488,0.0001550022077413884,0.0002875380157186713,0.0007320724907436221,0.001069998583761026,0.0017863194690229095,0.4353954965367083,0.00014123301674293334,0.0002119441391835831,0.0005646602111083598,0.0002766154854549178,0.0003677533586625027,0.0004943373524305782,0.0007274139668629705,9.670716879699484e-05,0.00563630749888912,0.0029121064893575287,0.00017586762805906693,0.0002776198912635192,0.0007819695214465513,0.0018571631956300879,0.0019620006424150467,0.00021629886342346252,0.0003907436971381233,0.00030295017567478176,0.0002829731020223748,9.544807544475708e-05,0.00630515533940765,0.00033362539073693287,0.0009496158608338119,0.0014193290916814745,0.000494038806826666,0.00012579836194987298,0.2304164009162643,0.0003872369140584588,0.0002323951985032329,0.0008670485385099303,0.0003045416251602753,0.0019035119398890207,0.0014321418469012588,0.006184934298171328,0.0005926941782238581,0.011162855546671352,0.00016030326869283733,8.003799509096508e-05,0.002306854764846905,0.000421730938146936,9.66677709981024e-05,0.13752501245405754,0.00048403225831900965,0.0003451038592025265,0.0005290492915537714,0.00019496648187195952,0.008587376527802604,0.0007770411939110328,0.002753319580549505,0.008103629514718137,0.00021067657806081165,0.0007403487551152619,0.0006022783770011588,0.0016043221076004837,0.00016615639547338165,0.0011981209235840894,0.001232354373246363,0.0007333481615927508,0.00021090374792356653,0.005448671031500225,0.00018692757218372787,0.002411332732601993,0.0007952417824429919,0.001168875955727791,0.0001339918292019832,0.001954649167728772,0.06318202007180587,0.00026019688410747205,0.00021342478521043496,0.0008328963049555522,0.00024410566113607432
GoldschmidtCaroline,0.00035553469995349606,0.004759258069345441,0.0037593247775593707,0.0018664716561980783,0.012749944423299938,0.0054578560981585695,0.00028508663560969935,0.00030079716514475795,0.0006902391334395815,0.008608913362606456,0.0003106486097334025,0.00029862328329173136,0.0059449865128602085,0.06631510687281605,0.00017613951499648522,0.0007531101244364927,0.0011962651138069371,0.19672936461723328,0.02035639792977092,0.005712012425974753,0.0010438796291584388,0.0016132366916944622,0.00028090263747972567,0.0002170507696873618,0.0004026416690157224,0.0010251266733436269,0.0014983271500055185,0.01968067717248398,0.20410435621934786,0.00019776966687124397,0.0002967869891071139,0.0007906979856530903,0.00038734676686415676,0.0005149678234647166,0.0006922243521155961,0.00101860330694365,0.0001354197835471768,0.01776104177649136,0.004077844852256497,0.00024626877635832844,0.000388753243952529,0.0010949978647091987,0.002600599739321755,0.0027474044129345244,0.00030288494256090645,0.0005471613691839624,0.0004242234337516144,0.006734308623941875,0.0001336566655555453,0.032827600063855066,0.0004671781705684853,0.0013297543080495694,0.0019874973155422277,0.0006918062964371635,0.00017615640244418555,0.002114636984464465,0.0005422507941821035,0.00032542476292294205,0.001214134658997063,0.00042645195256291586,0.002665502238208923,0.00200543911406751,0.02032937517141273,0.0008299541628938769,0.04650644647430518,0.00022447388563156387,0.00011207781290258705,0.003230306261846112,0.0005905530383056833,0.00013536461450992115,0.0002537998987785619,0.0006777940505011284,0.0004832515572098288,0.0007408317443186827,0.00027301304652479683,0.04392313732857407,0.0010880966902005076,0.0069772651279611285,0.04835694750824869,0.00029501201363203977,0.0010367159892519372,0.0008433749892921728,0.0022465444418838082,0.00023267006355255494,0.00664468249561925,0.010378270976744765,0.0010269130049301617,0.00029533012131759606,0.011122276823971228,0.0002617561001838192,0.008343552213529845,0.001113583112666282,0.009715830981694953,0.0001876297769166696,0.002737110087052047,0.11225563329418849,0.0003643556745979173,0.0002988603489930514,0.001166311026756366,0.00034182301276009354
GriesbachJohannJakob,4.787414710439873e-05,0.00017057916398725552,0.009138580950432792,0.00025132775688759847,0.00021695908276062192,6.610315798359841e-05,3.8388037883396634e-05,4.050352253833405e-05,9.294341681929069e-05,0.001159224077943317,4.183005833776317e-05,4.0210800788156105e-05,7.001512345307632e-05,0.002050515191973731,2.3717879163249485e-05,0.00010140924328286551,0.00016108180732216725,0.0001494632568621288,0.0006478285604656119,0.00010032630814862397,0.0001405625018659304,0.00021722867192005795,3.782464606261208e-05,2.922674067677469e-05,0.00868659035445921,0.00013803734253425888,0.0002017556497277512,0.0003368229178652264,0.004405481225521011,2.6630464272039515e-05,3.996353654662686e-05,0.00010647059678073364,5.215776715941768e-05,6.93424448803635e-05,9.321073432990877e-05,0.00013715894556572326,1.8234807008236795e-05,0.0010627648473203438,0.0005490978640098358,3.316106030759025e-05,5.234715483672881e-05,0.00014744577353756886,0.0003501809935745666,0.0003699488208529453,0.01730553078700386,7.36774325588572e-05,5.712335554086394e-05,5.335653983141373e-05,1.7997396229190982e-05,0.0011888807438091918,6.290737996793274e-05,0.0001790566528797326,0.00026762433840160117,9.315444148690436e-05,2.3720153124568946e-05,0.00028474419537641657,7.301620430170837e-05,4.381972553909591e-05,0.0001634880119351985,5.7423434372581675e-05,0.00035892037057369986,0.0002700402722106758,0.04432807757570662,0.00011175659559949197,0.00210483378933024,3.022629246379356e-05,1.5091718762583663e-05,0.3543622692648584,7.952029164099568e-05,1.822737828016741e-05,3.4175155591832974e-05,9.126763740479224e-05,6.507172476081574e-05,9.975591105948298e-05,3.6762281578866335e-05,0.12247243232735205,0.0001465165032197478,0.0005191574917130636,0.0015279955157960195,3.972452911075206e-05,0.00013959788954895637,0.00011356376271240288,0.000302506053843359,3.1329940089565896e-05,0.00022591400498910282,0.00023236895921414208,0.00013827787911525137,3.976736356301609e-05,0.09598348844437296,3.524648943496371e-05,0.0004546735010301322,0.000149948350345924,0.03474989193762009,2.5265088168465922e-05,0.00036856264934365877,0.270884599889767,4.906192606883294e-05,4.024272261817687e-05,0.00015704837157025725,0.017310773951457067
GöschenGeorgJoachim,9.115074519341416e-05,0.000324776917236805,0.0009638025625724381,0.0004785194873161292,0.08259180395126672,0.00012585816091310298,7.308951639293257e-05,7.711732710927348e-05,0.00017696109938890257,0.0022071231539699475,7.964300608126701e-05,7.655999486887124e-05,0.00013330640990093828,0.003904111072124962,4.5158033947280544e-05,0.00019307974457646504,0.0003066942736859417,0.00028457294941064236,0.001233443510027392,0.00019101787297242395,0.00026762621511335506,0.0004135959911663818,7.20168375588136e-05,5.5646718602698765e-05,0.00010322786546996287,0.00026281839776859844,0.0003841358840202975,0.0006412993613167597,0.024823630424838247,5.070349677352188e-05,7.608921217636863e-05,0.00020271638921499864,9.930661185123614e-05,0.0001320256528141393,0.00017747006282261042,0.0002611459598642101,3.471845135192304e-05,0.0020234680648694766,0.0010454636273616207,6.313752915219818e-05,9.96671995371058e-05,0.00028073172988880087,0.0006667326824076024,0.0007043699521296018,7.765258419474164e-05,0.00014027932167715414,0.00010876092297046227,0.00010158903418100965,3.4266429316318234e-05,0.002263588435486748,0.00011977350843949494,0.00034091776729170184,0.0005095476233551329,0.3453279921276064,4.516236349216742e-05,0.0005421432478256044,0.00013902036560111956,8.343126465207527e-05,0.00031127560529875027,0.000109332262843488,0.0006833721584960233,0.11556435722717218,0.05152766111265671,0.00021278075089168014,0.004007531831060046,5.754983115418708e-05,2.8734118405475206e-05,0.0008281746423309411,0.00015140392632516253,3.4704307306747945e-05,6.506833202695807e-05,0.00017377047247124243,0.0001238943471940018,0.00018993185634599762,6.999413177255124e-05,0.0030829194767040395,0.0002789624308604381,0.0009884581784652103,0.05221648415818173,7.563415016055355e-05,0.00026578962612257496,0.00021622153551122968,0.017011705471001694,5.965113863650562e-05,0.0004301325694529891,0.00044242258240128544,0.0002632763712246253,7.571570549845449e-05,0.00195610545208776,6.710811516793685e-05,0.0008656828569335955,0.14820719479849528,0.0004196334512755266,4.810386718558134e-05,0.0007017307287976053,0.12129718817002542,9.341223587850444e-05,7.662077294577329e-05,0.00029901474941839454,8.763539069861765e-05
HaugFriedrich,8.174586614714161e-05,0.00029126663032524934,0.015604272041021031,0.000429146134526275,0.00037046107787739284,0.00011287219159532756,6.554818406737139e-05,6.916040769741818e-05,0.00015870235962636367,0.0019793935149059025,7.142548863270987e-05,6.866058066224986e-05,0.00011955193473399541,0.003501287240694545,4.049865517489143e-05,0.000173157892701599,0.01501496379001867,0.000255210883709818,0.0011061775507902798,0.00017130876376909396,0.0002400127032609618,0.2214696321100844,6.458618358995678e-05,4.990512365830374e-05,9.257687642001225e-05,0.0002357009536171116,0.00034450097463060536,0.0005751304790674929,0.1254417415020061,4.547194048326681e-05,6.823837304470326e-05,0.0001818002341444209,8.906021539036009e-05,0.00011840332539281766,0.00015915880851921014,0.00023420107684944024,3.113622243052608e-05,0.001814687847398829,0.0009375933193158693,5.662303688231123e-05,8.9383597855757e-05,0.00025176599890708865,0.0005979396053906806,0.0006316934842680277,6.964043727885656e-05,0.00012580538566854196,9.753903637669185e-05,9.11071387574155e-05,3.073083975658629e-05,0.01676994678961185,0.00010741534990298587,0.00030574207718296755,0.0004569728061575121,0.00015906268759617324,4.050253799994184e-05,0.015226119280669484,0.00012467632792295493,7.482287696346847e-05,0.00027915837562961167,9.805142574537751e-05,0.0006128622303477929,0.0004610980514876546,0.001991325900878161,0.00019082616103873964,0.1952129197184607,5.1611874201777616e-05,2.576934935689156e-05,0.0007427240810241173,0.00013578216030232375,3.112353775942208e-05,5.835462067816202e-05,0.00015584093967435916,0.00011111100299419299,0.00017033480168475738,6.277217936971704e-05,0.0027648257000017704,0.00025017925508793597,0.00088646965833805,0.0026090765990109386,6.783026405388224e-05,0.0002383656124172276,0.00019391192757146523,0.0005165338889955315,5.349637004236684e-05,0.0003857517497352357,0.015136687733504588,0.0002361116736474952,6.790340456108806e-05,0.01649418971543629,6.018394022193351e-05,0.03025619031453672,0.0002560391885338956,0.00037633592425430617,4.314053911208755e-05,0.0006293265744114819,0.020342332993899443,0.2801421409098718,6.871508769374557e-05,0.00026816258748198636,7.859322381403043e-05
HeimJohanna,7.349869084058422e-05,0.0002618813283588015,0.042545712712813454,0.00038585044790159534,0.0003330860080724972,0.0001014847441903856,5.8935160186053e-05,6.21829538708612e-05,0.017659879856496447,0.07014681705353518,6.42195153661207e-05,6.173355337560585e-05,0.0001074905815370687,0.014854626581750163,3.641282766275825e-05,0.007663054910126375,0.005144100379315861,0.00022946317318574402,0.00589137738143004,0.00015402576864111654,0.0002157983064616063,0.00033349989430299555,5.80702139935358e-05,4.487029654221908e-05,8.323698236598077e-05,0.0064680603667256805,0.0003097449672021144,0.0005171067268146727,0.17515407289271862,4.088436826255264e-05,6.135394143172185e-05,0.00016345877576335208,8.007511016385266e-05,0.00010645785307209811,0.00014310159783313044,0.0002105730032990887,2.7994951845585413e-05,0.024684588744920202,0.0008430014232958721,5.09104530714366e-05,8.036586722555764e-05,0.0002263658358519946,0.0022205072313156273,0.0005679632046794415,6.261455423750196e-05,0.00011311313443898166,8.769852002833844e-05,8.191552356725057e-05,2.7630467410734617e-05,0.052239909864206256,9.65784322334053e-05,0.0002748963766238684,0.021046749408590158,0.00014301517435585161,3.6416318757432747e-05,0.00043715296982699107,0.0034778830747634474,6.727414805101232e-05,0.00025099465102038006,8.815921546865885e-05,0.0005510317979275384,0.009258527228682051,0.007240863385145802,0.00017157409512593794,0.13044948526841763,4.640485647104762e-05,2.3169531755110144e-05,0.03387000968992989,0.00012208337243333622,2.7983546905325694e-05,5.246734087597364e-05,0.00014011846207384487,9.990123834956727e-05,0.00015315006762403689,5.643922099473474e-05,0.018175453337398263,0.00022493917541148754,0.0032994910476813084,0.030652578064820645,6.098700573259272e-05,0.000214317387285925,0.000174348544906515,0.00046442182834825486,4.809922933301622e-05,0.015275993389676645,0.0003567439908012341,0.10839934461545075,6.10527672417725e-05,0.11428600577437716,5.4112104066252726e-05,0.05011624159365787,0.0002302079120093202,0.0003383681530658044,3.878817726621306e-05,0.0005658350875770957,0.010876918235246873,0.003023305035568422,6.178256130279976e-05,0.0036068932954419876,7.06641122240314e-05
HeineJohannGeorg,0.00011086761039691203,0.00039502958148851037,0.0011722831972474864,0.0005820282870372831,0.0005024368373001457,0.00015308260530155207,8.889954778050287e-05,9.379861633232041e-05,0.00021523964703555287,0.0026845471138290137,9.687062623921127e-05,9.312072726449722e-05,0.0001621419889102138,0.029956445067983582,5.4926191808241655e-05,0.0002348449247651951,0.00037303547188590245,0.0003461290724262647,0.0015002503185919864,0.0002323370486397698,0.00032551658119994644,0.0005030611555951621,8.759483722866079e-05,6.768368930851438e-05,0.0001255571388554659,0.0003196687823793558,0.0004672285173167495,0.04510233000714834,0.14755166426291008,6.167119658890148e-05,9.254810932239225e-05,0.00024656607702842003,0.00012078767682258845,0.0001605841905903974,0.00021585870461489416,0.0003176345785601407,4.222841766023497e-05,0.027668999191576824,0.041253545719997245,7.679484099242824e-05,0.0001212262634187385,0.0003414569567074862,0.016461549095450022,0.0008567325836151097,9.444965515693949e-05,0.00017062321486724965,0.00013228705490790654,0.0001235638111161874,4.167861850249999e-05,0.00275322642982224,0.0001456817784798606,0.00041466186723191403,0.0006197681353557496,0.00021572834087237697,5.493145787923971e-05,0.015433518151918393,0.10972325776626386,0.041836398642297996,0.0003786077937278155,0.0001329819816066672,0.0008311927462959242,0.0006253629882040964,0.0027007303801081517,0.0002588074660252548,0.036175593368268054,6.999846512797882e-05,3.49496105349135e-05,0.0010073175308849016,0.00018415418854517168,4.221121410927571e-05,7.914329684342424e-05,0.0002113588539462759,0.000150693998013269,0.0002310161151908143,8.513459889947247e-05,0.008966652435289773,0.0003393049396840825,0.12290106702051058,0.008755418137310237,9.199461260474319e-05,0.0003232827186872812,0.0593594069908516,0.005917412732910972,7.255430752706693e-05,0.0005231747697503437,0.0005381232418054374,0.0003202258203123665,9.209380922029476e-05,0.002379231642014162,8.162430653882896e-05,0.0010529391669387481,0.00034725245860900357,0.000510404581847435,5.8509239769782654e-05,0.0008535224685085209,0.24924287245010257,0.00011361828531085613,9.319465227889344e-05,0.00036369478572122616,0.00010659184773902989
HenckelvonDonnersmarckLuiseAntoinetteBenedictineFriederikeSophieKaroline,4.706163983977334e-05,0.0001676841398810059,0.0004976166566733884,0.0002470622891847928,0.0002132769110347204,6.498127280496054e-05,3.773652633611084e-05,3.981610754933069e-05,9.136600592150273e-05,0.0011395500358637018,4.112012973673721e-05,3.952835379467682e-05,0.15281442805024315,0.018987447861865552,2.331534563968355e-05,9.96881526347582e-05,0.00015834796982188047,0.000146926606303525,0.0006368337868049494,9.862359678697732e-05,0.00013817691254877895,0.0002135419247987968,3.718269625114624e-05,2.8730712223893487e-05,5.32971246243522e-05,0.0001356946095482468,0.00019833150661506999,0.00033110644907757304,0.1910197807115716,2.6178499130306648e-05,3.9285286055950785e-05,0.00010466360619007726,5.127255943694374e-05,6.816558338788994e-05,9.162878659057952e-05,0.00013483112049893955,1.7925330723867162e-05,0.0010447278855933134,0.0005397787214144518,3.259825963056007e-05,5.145873287707357e-05,0.000144943363168224,0.00034423781508633963,0.0003636701480689241,4.009246377795547e-05,7.242699881092064e-05,5.615387317587227e-05,5.245098685866291e-05,1.7691949217285557e-05,0.0011687033767009752,6.183973268199709e-05,0.0001760177510915287,0.00026308228946091334,9.157344913470268e-05,2.3317581007937576e-05,0.00027991159278615554,7.177699274351314e-05,4.307602883664049e-05,0.00016071333697155184,5.644885914963894e-05,0.059753896004909934,0.000265457220685306,0.1793496209955819,0.00010985989244577568,0.2057299127176703,2.9713299884396404e-05,1.4835586134183142e-05,0.0004275912024537996,7.817069444603065e-05,1.791802807419057e-05,3.359514395992828e-05,8.971866738857699e-05,6.396734479192414e-05,9.806288032520367e-05,3.613836193426364e-05,0.0015917285784093718,0.00014402986417855603,0.08536901382513844,0.001502062783162852,3.905033499057433e-05,0.0001372286713749478,0.0001116363888001156,0.01726910546892576,3.0798216696822425e-05,0.00022207985270992,0.00022842525517230888,0.00013593106380649757,3.909244246793132e-05,0.001009948191640484,3.464829541061901e-05,0.00044695690355605,0.00014740346691000656,0.00021665909923989068,2.48362958260454e-05,0.0003623075022930329,0.07111228378726353,4.8229260136205215e-05,3.95597338559067e-05,0.000154382988466509,4.524664264153655e-05
HenningsJohannWilhelmChristoph,0.00014277694179602916,0.0005087249139940491,0.0015096835696436115,0.1809621919691408,0.0006470455601826692,0.00019714203407898988,0.00011448614715974522,0.0001207952398061318,0.0002771887880236024,0.003457199317705677,0.0001247514194162337,0.00011992224427899584,0.0002088088417387843,0.006115331675316828,7.073475889673616e-05,0.0003024367534778851,0.00048040057566525507,0.000445750118098467,0.0019320444596057453,0.0002992070736614844,0.0004192050482664831,0.0006478495664794644,0.00011280592169214363,8.716405210093207e-05,0.0001616943329279343,0.00041167416680477166,0.0006017037670745772,0.001004520164813412,0.03888330291554597,7.942107541004877e-05,0.00011918481845824808,0.0003175314260200065,0.00015555214946579772,0.0002068026861154953,0.0002779860194932587,0.000409054489161702,5.438237830533875e-05,0.0031695251806330487,0.001637596041117836,9.889752745060188e-05,0.00015611696774488621,0.0004397332986535794,0.001044358476583235,0.0011033128412135703,0.00012163365719455403,0.0002197310894583076,0.00017036121795478292,0.00015912729610272912,5.3674338851233064e-05,0.0035456455525171844,0.00018761114028070013,0.0005340076607662932,0.0007981465341584202,0.0002778181351453318,7.074154062053893e-05,0.3870191623981557,0.00021775908255907352,0.000130685281748625,0.000487576693815933,0.00017125615479401165,0.0010704222625012962,0.0008053516680710749,0.003478040366406321,0.00033329606709097797,0.006277328153213341,9.014505449886717e-05,4.500862326943611e-05,0.0012972383544876983,0.00023715647667771225,5.4360223318997824e-05,0.00010192190348926447,0.00027219104551750467,0.0001940659504279413,0.0002975059561080101,0.00010963759053146174,0.004829031444045951,0.0004369618994307174,0.0015483036975185718,0.05604632862284312,0.00011847201723201844,0.0004163282472169313,0.0003386856522700752,0.000902175638729474,9.343650598905452e-05,0.0006737521750705679,0.0006930030375804459,0.0004123915284603076,0.00011859976409473392,0.003064009555676222,0.00010511698432133088,0.001355990569423875,0.00044719683137255263,0.0006573065389789222,7.53490608414236e-05,0.0010991788076929495,0.2672317974366956,0.00014631930146881354,0.00012001744600148212,0.00046837150243011935,0.00013727055166141253
HerderLuisevon,0.0004006273605648913,0.0014274652264102876,0.004236121996915641,0.0021031972780424088,0.0018155883693848926,0.0005531740053817018,0.0003212443296577744,0.00033894743425355806,0.0007777825405640215,0.009700786556822643,0.0003500483429519669,0.0003364978377751499,0.0005859106805070107,0.017159417741003838,0.0001984793861005748,0.0008486274937640497,0.0013479880730151493,0.0012507600389732119,0.005421252637919986,0.0008395651193775555,0.0011762754539343255,0.0018178443843724016,0.0003165296727546956,0.00024457943761832464,0.0004537089322991839,0.0011551440504683325,0.0016883608026106653,0.0028186502470288885,0.036866585039099294,0.00022285290197774737,0.00033442864539392765,0.0008909826439939841,0.00043647416933545203,0.0005802814744032064,0.0007800195456114048,0.0011477933219370185,0.00015259514882195915,0.37008694538800496,0.004595040147041446,0.0002775031800690273,0.0004380590306828346,0.001233877043281621,0.002930435227803349,0.0030958592185299,0.000341300005622226,0.000616558145148463,0.0004780279240701807,0.00044650591215588916,0.00015060841361033507,0.15442630892186388,0.0005264306336705472,0.0014984077748342822,0.002239572688009464,0.0007795484677024369,0.0001984984153925109,0.002382837550736147,0.0006110247592311165,0.0003666985637388608,0.001368124022403357,0.00048053908714218923,0.003003569346151384,0.002259790054662877,0.009759265847857405,0.0009352177036826756,0.08985264706470146,0.00025294403142107246,0.00012629270326334463,0.003640007773274797,0.0006654532034170764,0.00015253298266550936,0.0002859894788682833,0.0007637590409441652,0.0005445426167380304,0.0008347918399748302,0.0003076394406602665,0.08578877456113249,0.001226100589032356,0.004344488794107078,0.01278679302867629,0.0003324285488077452,0.0011682032456571743,0.0009503407008394996,0.0025314749031848656,0.0002621797350742923,0.0018905262444897327,0.001944543525844225,0.0011571569434678085,0.0003327870022651897,0.08083618171538426,0.00029495476965291794,0.0038048645386679625,0.0012548194684104882,0.0018443803353721448,0.0002114269642297556,0.003084259257660733,0.02745682957777997,0.0004105671042519815,0.00033676497064913586,0.0013142348927073734,0.0003851766125791029
HolzschuherJohannHeinrichChristoph,0.00031081570482678785,0.0011074595849790423,0.003286478592842715,0.001631707688268708,0.0014085742369417615,0.0004291648182294377,0.0002492285664249268,0.0002629630326001835,0.0006034211647614597,0.28774801182105,0.00027157536690617984,0.00026106258063179053,0.0004545626660908802,0.013312661701555251,0.0001539847657869739,0.0006583842707041978,0.0010457994242368874,0.0009703677315859985,0.00420592956338102,0.0006513534771049517,0.0009125809175128184,0.0014103245040414767,0.00024557082970349896,0.0001897502212087829,0.00035199758044468017,0.0008961867000709517,0.001309868232976954,0.0021867721714143415,0.028601924734564764,0.00017289428685859633,0.00025945725470625955,0.0006912443475926039,0.00033862646422700164,0.00045019540155781865,0.0006051566835226426,0.0008904838397714723,0.0001183867438992938,0.0068998410429050895,0.0035649353553793045,0.3925259864090445,0.000339856035257909,0.0009572695243191,0.05831788221443875,0.0024018371179020392,0.0002647882103091567,0.00047833965753314153,0.0003708648004900642,0.00034640931563030764,0.00011684539009800964,0.007718629546260835,0.0004084167097724244,0.0011624984074886224,0.0017375107944524325,0.0006047912106999732,0.00015399952913907532,0.001848658892831236,0.0004740467324529532,0.0002844929821736517,0.0010614213460462905,0.00037281301720462113,0.0023302365619857967,0.0017531958816048967,0.06361584239200146,0.0007255629004638043,0.013665317031074731,0.00019623966095829232,9.798071585507383e-05,0.0028239997888065854,0.0005162735419709827,0.00011833851399880451,0.00022187706132240897,0.0005925414187742213,0.00042246839304985466,0.0006476502597315769,0.0002386735879609292,0.01051247346407028,0.0009512363764453988,0.003370551988133007,0.009920281236105288,0.0002579055348504829,0.0009063183170213448,0.0007372956613360622,0.001963975089408013,0.00020340492729581679,0.0014667127236294676,0.0015086205437877065,0.000897748347671582,0.0002581836310939999,0.0066701406940347,0.00022883253528273515,0.002951899370250278,0.0009735171281223773,0.0014309116908516955,0.00016402978771544842,0.002392837607712745,0.02130162509493504,0.0003185271812360486,0.00026126982831550647,0.00101961294882314,0.00029882866749980023
IndustrieComptoir,0.0005634343622224972,0.002007558740629248,0.005957597834215468,0.0029578948759541226,0.0025534074196045,0.0007779729334532553,0.00045179164434278426,0.0004766889390088781,0.001093857915926092,0.01364299352643597,0.20368236951815466,0.00047324387517806975,0.0008240131430997098,0.024132664272803462,0.0002791374662085182,0.0011934928509107065,0.0018957836507519407,0.0017590440749193682,0.007624342027430564,0.001180747707579816,0.0016542904340107248,0.002556580234271625,0.00044516104452169727,0.00034397166297606634,0.0006380872303483992,0.0016245716479099945,0.002374477096819055,0.003964093720468128,0.05184843291665762,0.0003134158948061333,0.00047033380411356287,0.0012530602928921828,0.0006138486020509356,0.0008160963394484473,0.0010970039953910186,0.001614233729311345,0.00021460678630016208,0.01250775773898663,0.006462373191348012,0.0003902749603932298,0.0006160775195697357,0.0017353001651262778,0.0041213058970401535,0.0043539549117751755,0.00047999754865256123,0.0008671151286197338,0.0006722889773261027,0.0006279570458927224,0.00021181268136112843,0.013992025010617744,0.0007403615866832607,0.002107330931598312,0.003149690543702016,0.001096341480776884,0.0002791642286267176,0.0033511754009655967,0.0008593330845754253,0.0005157175762953043,0.0019241024500104144,0.0006758206271912512,0.0042241602684191535,0.0031781238465850804,0.013725237639770956,0.0013152716021957445,0.02477194384454487,0.0003557354615540172,0.00017761554931296802,0.0051192346307256855,0.0009358801673643748,0.00021451935705253973,0.0004022099224608392,0.0010741355446100137,0.000765833919910385,0.0011740346622396472,0.00043265799869109865,0.12065162851719916,0.001724363514334108,0.006110002745291836,0.017983091730991132,0.00046752090800274767,0.0016429378406283086,0.001336540285008454,0.003560216021060289,0.00036872437172278495,0.0026587985586581835,0.0027347673902079,0.00162740254064229,0.00046802502982532353,0.012091366071647307,0.0004148185293424494,0.005351085911018653,0.0017647531758473575,0.3073790025911482,0.0002973466829111783,0.004337640957219228,0.038614739742176184,0.0005774134203105272,0.00047361956554597344,0.001848313848407744,0.0005417047371540588
JeanPaulANDRichterCaroline,0.00013044724748107053,0.0004647932916953237,0.05794681195217335,0.0006848166721400778,0.003545125730135162,0.00018011756930024715,0.00010459954236193682,0.00011036380485048305,0.005327899733019579,0.011045425303414382,0.0001139783432639461,0.0048786017687342574,0.00019077687413593579,0.10644839247244331,6.462636391594863e-05,0.03392396144256537,0.00043891493959423867,0.00040725676876715583,0.004467055736074933,0.0002733686454901505,0.0016297064916933918,0.008770433810517316,0.00010306441501826995,7.963688346894846e-05,0.0001477310019279561,0.00037612349195337004,0.008276502630083898,0.007608451006342428,0.1597861507489716,7.256256191583122e-05,0.00010889245359814779,0.0002901105738223692,0.00014211923495717935,0.017788656004052425,0.003483057342233756,0.0003737300400869312,0.007012349439504086,0.024680625233509734,0.008864948013531243,9.035709881673218e-05,0.00014263527759618855,0.0004017595398357684,0.006214117803695104,0.013475059357422098,0.00011112981958076203,0.00020075591650367086,0.00015564944647345163,0.00014538564501094813,4.90392193265507e-05,0.17560839950616172,0.005735284561116082,0.0004878927129583998,0.0020329038930784497,0.0016925556221998592,6.46325599948961e-05,0.0007758696242058556,0.00019895420490526536,0.00011939977895555701,0.0004454713544367152,0.009305519105068567,0.0009779845122697356,0.002893897711686801,0.035521305192731875,0.00514812960564173,0.06659399570974789,8.236045740640282e-05,4.112184323711078e-05,0.008522234279174383,0.011445313447601213,4.9665873321127423e-05,9.312030080599211e-05,0.0068789652334429975,0.0015698397898628602,0.00027181443022470883,0.0001001696893446391,0.012571650535840723,0.0003992274685100637,0.005392765621435542,0.03359235577811678,0.00010824120727788673,0.00038037566300903744,0.00030943799849053084,0.006227978185806753,8.536767118834386e-05,0.0035695260594729356,0.002222836354318286,0.004503781405740358,0.00010835792238892604,0.03252011255866408,0.003788485287624489,0.0012388921850163442,0.00040857854917598696,0.0006005439511626665,6.884219162705715e-05,0.012022287350156832,0.04056062292009815,0.0001336837019329582,0.00010965317847308568,0.0009661041828321087,0.0001254163690522286
JeanPaulANDRichterEmma,4.0233343941140867e-05,0.0001433544112843515,0.000425416159890392,0.00021121537816148602,0.0001823320085228321,5.5552970686872535e-05,3.226123544342649e-05,3.403908480205208e-05,7.810947415524307e-05,0.0009742097531479588,3.515390301389996e-05,3.3793081989129285e-05,5.884057917159707e-05,0.05976029096214771,1.9932461414895002e-05,8.522413892644531e-05,0.0001353728504556036,0.00012560864231761097,0.0005444339140135264,8.431404225930529e-05,0.0001181284644187346,0.00018255857074963767,3.178776200796621e-05,2.4562098356822032e-05,4.556410599770842e-05,0.0001160063252258259,0.0001695550717564456,0.00028306535199841017,0.06899403025210228,2.2380192508344127e-05,3.358528158169649e-05,0.007344107918345191,4.383329024641741e-05,5.827526135363632e-05,7.833412729261875e-05,0.0001152681220516809,1.532449780176467e-05,0.1967681617348506,0.0004614608208450711,2.7868493237044152e-05,4.399245129722122e-05,0.00012391315309426184,0.0002942914539116973,0.0003109042990894029,3.427534378568274e-05,6.19183769138803e-05,4.800636146135096e-05,4.484073656424905e-05,1.5124978225826224e-05,0.000999133159831889,5.2867244802640555e-05,0.0001504788771390527,0.00022491099487269127,7.828681889234409e-05,1.9934372447746925e-05,0.00023929849074575302,6.136268191976467e-05,3.6826015619166025e-05,0.00013739502032481787,4.825854715187882e-05,0.0003016360100428105,0.00022694134114011549,0.0009800825857630806,9.3920034515502e-05,0.016278158845790362,2.5402119814466283e-05,1.2683052301984672e-05,0.0003655508812081499,6.682870478956368e-05,1.5318254712549753e-05,2.8720737022631672e-05,7.670115226063109e-05,5.468615613007133e-05,8.383468160938308e-05,3.0894952877138514e-05,0.0013607805332351527,0.09443332515197372,0.4864965242221702,0.0012841245817597794,3.3384420178336736e-05,0.00011731780602655384,9.543877438682149e-05,0.00025422552347546405,2.6329623220859954e-05,0.00018985770846269664,0.0001952824399549149,0.0073708386990984625,3.342041817213307e-05,0.0008634121780572563,2.962108398635863e-05,0.00038210676229858494,0.00012601631397669196,0.00018522346623224418,2.1232732977330486e-05,0.0003097393631382116,0.046285156862486285,4.123155116764084e-05,3.381990903554445e-05,0.0001319831585720655,3.8681689413642796e-05
JungFranzWilhelm,6.242343022915972e-05,0.0002224193470953444,0.0006600479446631327,0.011583518708783056,0.00028289444270947217,8.619236309981469e-05,5.0054427063169014e-05,5.28128220789668e-05,0.00012118956150647788,0.012767330976584798,5.454250124675583e-05,5.243114017225954e-05,9.129320182620108e-05,0.002673680885444817,3.09259060407305e-05,0.0001322282109560173,0.00021003567830952264,0.0001948861703209084,0.0008447081230814544,0.0001308161643738063,0.00018328041456132463,0.0002832459618717435,4.9319816586668374e-05,3.810894852045851e-05,7.069429267085021e-05,0.0001799878419121583,0.00026307058163678264,0.00043918572308121803,0.3996977123492795,3.4723645829777074e-05,5.21087306242501e-05,0.00013882774465110958,6.80088719300759e-05,9.041609160095112e-05,0.00012153811865020544,0.00017884249405333762,2.377649048323779e-05,0.0013857464061351294,0.0007159724877866128,4.323893499181777e-05,0.180161227257476,0.00019225555991495108,0.011712414125129566,0.000482378816201446,5.317938609617244e-05,9.60685119000034e-05,7.448353683011038e-05,6.957195987580546e-05,2.3466928932844026e-05,0.0015501897924181654,8.202536612848989e-05,0.0002334732032662755,0.000348957218588285,0.00012146471802439324,3.0928871074560965e-05,0.0228829013482478,9.520633182010207e-05,5.713684201800332e-05,0.00021317314508153824,7.487481168612256e-05,0.0004679987439039495,0.0003521073713260491,0.001520632165218462,0.00014572019492776133,0.09279099299957988,3.941227098177232e-05,1.9678196066028353e-05,0.011822975601066479,0.0001036870561104583,2.3766804113529322e-05,4.4561220819356394e-05,0.0001190045011829532,8.484747021476743e-05,0.00013007241967963424,4.793459221735638e-05,0.13718102683170938,0.000191043877945515,0.0006769330300804116,0.013248174594980872,5.179708718201716e-05,0.00018202264991571104,0.00014807657257641637,0.0003944397276636667,4.085132472438504e-05,0.00029457082749640383,0.00030298748678059885,0.00018030147921724497,5.185293931942395e-05,0.03510704612158743,4.5958140398163143e-05,0.04561609477079105,0.00019551868705638723,0.0002873806397516098,3.2943322521831256e-05,0.000480571377620725,0.004278163835454921,6.397218340386034e-05,5.247276326634293e-05,0.00020477645364502692,6.001598434848087e-05
KalbCharlottevon,0.00012462663406872536,0.0004440540111060385,0.004665550592725083,0.0006542598517868197,0.23579009830199976,0.0001720806443369959,0.002149944314810703,0.00010543932345931088,0.0024987494435355874,0.02776416554437309,0.000108892579582997,0.00010467730619843248,0.002488748025111198,0.03660134200152535,6.17427072051786e-05,0.00026398992813887235,0.0004193303624290394,0.00038908479307331523,0.006453027473329123,0.003726166234453668,0.00755183251112948,0.0033987511142719662,9.846563560379515e-05,7.608345079031723e-05,0.00014113917980947233,0.00035934069672973335,0.0011027123012042155,0.007170002433671957,0.10963366412442833,6.932478856854231e-05,0.00010403362454536516,0.006413045046163102,0.00013577781234292273,0.0005027192526676403,0.0002426474575782756,0.004550407650995558,4.746909883059937e-05,0.017334923247402052,0.0083231066236908,8.632532542611631e-05,0.00013627082893298147,0.0003838328529085872,0.016595741051555053,0.0009630558267712771,0.00010617115827625928,0.0001917980994337593,0.00014870429988537252,0.00013889847374705483,4.6851067845742515e-05,0.032236008053079565,0.00016376135132787516,0.0022310390678653073,0.01075987990103745,0.00024250091527997628,0.0018325351683915073,0.013690502029040898,0.0015153969215878527,0.00011407210843555923,0.0044747662086290635,0.00014948546920146927,0.012507461466372702,0.0007029725274317565,0.02144532819269453,0.002340938347032195,0.04538507265342462,7.868549766379766e-05,3.928696855091999e-05,0.01924603908125153,0.0006683050498138155,4.744976026415598e-05,0.0005050071388088245,0.0010000143928191626,0.0013832795061512494,0.0002596859510978152,9.570007385969404e-05,0.08161703369692906,0.00038141376371630427,0.001351477878084569,0.04867686173415807,0.00010341143712162852,0.003628761261119706,0.0002956307392414265,0.007764535774394148,8.15585282474654e-05,0.0014716491858923597,0.0006049060505612774,0.00035996686484494005,0.0001035229443532081,0.04906373844266563,0.0016846130107754248,0.005268901187473725,0.00039034759506041347,0.003595013692975628,6.5770422834252e-05,0.0021636459380633523,0.09651911404938283,0.00012771867650307442,0.00010476040554263857,0.0096946456234089,0.0007267621870810514
KeßlerGeorgWilhelm,6.86006804189429e-05,0.0002444293511757412,0.0007253644656628345,0.00036013707133117313,0.00031088889516907737,9.472172121681667e-05,0.33403568310368736,5.803903303874017e-05,0.00013318214568628693,0.02640040542149881,5.993987647815389e-05,5.7619580945069643e-05,0.0001003273248507859,0.0029382609589268826,3.3986248259317525e-05,0.0001453131493873756,0.00023082022874091918,0.0002141715672973564,0.0009282981051516619,0.00014376137057664205,0.0002014173380126029,0.0003112751996964573,5.420036937352489e-05,4.1880104777271744e-05,7.769000455682734e-05,0.00019779894147091304,0.0002891033195747096,0.0004826463288392498,0.006312781071265321,3.81598018853563e-05,5.726526663895386e-05,0.00015256575470350557,7.473884199892287e-05,9.936341822095684e-05,0.0001335651950819515,0.00019654025315239167,2.612934629091735e-05,0.08811045856047779,0.0007868231470634782,4.751774053652589e-05,7.501022278191988e-05,0.00021128063895357042,0.0005017876219624497,0.000530113691119227,5.844187121833224e-05,0.00010557518641609352,8.185422184902806e-05,7.645660880920631e-05,2.578915138476439e-05,0.0017035922913558462,9.014236973793842e-05,0.0002565770664133568,0.0003834890608282481,0.00013348453093300281,3.398950670470395e-05,0.0004080207529456293,0.00010462768737754728,6.279094604438621e-05,0.00023426817055638769,8.228421618376299e-05,0.07473223847966677,0.0003869509439775863,0.014040764368542971,0.00016014026281682567,0.18856091581911244,4.3312400428491066e-05,2.162549598109584e-05,0.050101908538141414,0.00011394764071282756,2.6118701384824382e-05,4.897087611629897e-05,0.0001307808578301093,9.32437414475835e-05,0.00014294402696237926,5.267806702777341e-05,0.0023202264921690307,0.00020994905228411732,0.0007439204524822871,0.026928831995879345,5.692278382269722e-05,0.08678761762703413,0.00016272982108730684,0.03754243632987593,4.4893858953603386e-05,0.0003237207427345886,0.0003329702913676991,0.00019814361545718268,5.698416293331151e-05,0.0014721784742372,5.0506030997164864e-05,0.0006515188974774267,0.00021486667614143827,0.0003158190338758786,3.620330270159732e-05,0.000528127393410214,0.04181048304528179,7.030269392886098e-05,5.766532294554574e-05,0.0002250405657339997,6.595500034528999e-05
LangermannJohannGottfried,0.0001521141968399344,0.0005419942515313185,0.0016084131008132425,0.0007985629446133082,0.022037267210161214,0.0002100346302427283,0.00012197325496285086,0.00012869494649526132,0.0002953162417743967,0.020437638832302558,0.00013290985036121532,0.00012776485924318354,0.0002224644179558658,0.023269606400636522,7.536063528811814e-05,0.00032221536104820256,0.0005118175722880958,0.00047490106142433124,0.002058395337055375,0.0216666809562353,0.000446620010389349,0.0006902173084706326,0.00012018314695031655,9.286436319380688e-05,0.00017226873805743429,0.000438596628107625,0.0006410536891514916,0.0010702132722411367,0.15870660497274544,8.461501518517206e-05,0.0001269792076173606,0.000338297187437136,0.00016572487115264233,0.0002203270647703039,0.0002961656101890496,0.0171901529524876,5.7938849887819504e-05,0.0033768042034736517,0.0017446907281342518,0.11738579643523807,0.00016632662713510904,0.0004684907570301002,0.07583032961796488,0.0011754667426911924,0.00012958819428480058,0.00023410095337007575,0.01693584973808896,0.00016953382344158215,5.7184506423549654e-05,0.003777521907359112,0.00019988043981774553,0.0005689304267343255,0.0008503433220857932,0.00029598674662448764,7.536786051970295e-05,0.0009047395557786814,0.0002319999821497484,0.00013923177245518992,0.017273810313016745,0.0001824558791685162,0.0011404252023592407,0.000858019653743137,0.003705495511092974,0.0003550927966217513,0.04938366269677479,9.604031569591061e-05,4.795207470742917e-05,0.0013820744997098849,0.0002526659173492826,5.791524602076047e-05,0.00010858734116756346,0.0002899916594030085,0.00020675737841126544,0.0003169621018575796,0.00011680761485271371,0.06459499832603424,0.0004655381152267006,0.0016495588884989578,0.10997466036330367,0.00012621979097297454,0.0004435550737433041,0.0003608348471973267,0.0009611756700177861,9.954701988476148e-05,0.0007178138829057664,0.0007383237036956634,0.0004393609034219927,0.00012635589216113802,0.09932996731639011,0.00011199137229818382,0.001444668962619387,0.00047644238612968594,0.0007002927433286469,8.027670104400058e-05,0.0011710623537136149,0.13851252216015814,0.00015588821797924107,0.00012786628692031127,0.0004990018277366718,0.00014624770255676687
LentzTherese,3.2272974953811e-05,0.00011499102166766123,0.00034124543794258015,0.00016942535572577768,0.0001462567057051971,4.456153667490546e-05,2.587818812594525e-05,2.73042810678223e-05,6.265512274483905e-05,0.0007814574649598697,2.8198526902363263e-05,2.7106951145864057e-05,4.719867532389947e-05,0.030478621820889392,1.5988723904028284e-05,6.836211539008573e-05,0.00010858865269988822,0.0001007563421382248,0.00043671493218829866,6.76320859153514e-05,9.47561549717379e-05,0.00014643844145855318,2.549839378555289e-05,1.970236394574669e-05,3.654901898803335e-05,9.305389166691698e-05,0.00013600774999196423,0.0002270594517000851,0.4277761901078231,1.7952159118066532e-05,2.694026509177218e-05,7.177408081503371e-05,3.5160653818267825e-05,4.674520847295412e-05,6.28353271316886e-05,9.246174569503713e-05,1.2292469014248656e-05,0.0007164322577813367,0.0003701584818573682,2.235457200762005e-05,3.5288324056509225e-05,9.939631396558145e-05,0.00023606441301790318,0.0002493903234149109,2.7493795026007825e-05,4.9667515338662264e-05,3.850806195309861e-05,3.5968771826809576e-05,1.2132425387587234e-05,0.0008014496505671821,4.2407195133684746e-05,0.00012070587620285537,0.00018041122594686466,6.27973789357991e-05,1.5990256829441006e-05,0.00019195208356582527,4.922176738757751e-05,2.9539803638113832e-05,0.00011021072611334788,3.8710351439302444e-05,0.00024195581186392106,0.00018203985801711967,0.16372559486841348,7.533748440135029e-05,0.0014189129681382569,2.03761829428173e-05,1.0173646761219708e-05,0.0002932248050480994,5.3606310204402585e-05,1.2287461151562367e-05,2.303819508371943e-05,6.152544440395323e-05,0.023320927160047925,6.724756917542011e-05,2.4782231421323644e-05,0.25713921355393865,9.876987319313365e-05,0.0003499750437454707,0.0010300540895962934,2.6779145124977965e-05,9.410588941028668e-05,7.655573396818106e-05,0.00020392572796698268,2.112017514609795e-05,0.00015229340814843574,0.00015664482929393216,9.321604246277174e-05,2.680802073506586e-05,0.0006925817460766372,2.3760403882784407e-05,0.05267989212420865,0.00010108335391388399,0.00014857607399763572,1.7031730213148997e-05,0.00024845587588724345,0.03130814108744365,3.3073681871602266e-05,2.712847032652943e-05,0.00010586962836478448,3.1028323060690424e-05
LevezowMarieUlrikeWilhelmine,6.242343022915972e-05,0.0002224193470953444,0.0006600479446631327,0.00032770799368001116,0.00028289444270947217,8.619236309981469e-05,5.0054427063169014e-05,5.28128220789668e-05,0.00012118956150647788,0.0015115202614817526,5.454250124675583e-05,5.243114017225954e-05,9.129320182620108e-05,0.1489992201817844,3.09259060407305e-05,0.0001322282109560173,0.00021003567830952264,0.0001948861703209084,0.0008447081230814544,0.0001308161643738063,0.00018328041456132463,0.0002832459618717435,4.9319816586668374e-05,3.810894852045851e-05,7.069429267085021e-05,0.06771485213253042,0.00026307058163678264,0.00043918572308121803,0.14081406590190948,3.4723645829777074e-05,5.21087306242501e-05,0.00013882774465110958,6.80088719300759e-05,9.041609160095112e-05,0.00012153811865020544,0.00017884249405333762,2.377649048323779e-05,0.1702229071326808,0.0007159724877866128,4.323893499181777e-05,6.825581582727187e-05,0.00019225555991495108,0.00045660341002652156,0.000482378816201446,5.317938609617244e-05,9.60685119000034e-05,7.448353683011038e-05,6.957195987580546e-05,2.3466928932844026e-05,0.0015501897924181654,8.202536612848989e-05,0.0002334732032662755,0.000348957218588285,0.00012146471802439324,3.0928871074560965e-05,0.00037127991804171065,9.520633182010207e-05,5.713684201800332e-05,0.00021317314508153824,7.487481168612256e-05,0.011723809459006994,0.0003521073713260491,0.046543875025630635,0.00014572019492776133,0.01400031799385855,3.941227098177232e-05,1.9678196066028353e-05,0.0005671648859634342,0.0001036870561104583,2.3766804113529322e-05,4.4561220819356394e-05,0.0001190045011829532,8.484747021476743e-05,0.00013007241967963424,4.793459221735638e-05,0.10341359468640024,0.000191043877945515,0.0006769330300804116,0.047015606740290004,5.179708718201716e-05,0.00018202264991571104,0.00014807657257641637,0.0003944397276636667,4.085132472438504e-05,0.00029457082749640383,0.00030298748678059885,0.00018030147921724497,5.185293931942395e-05,0.15892096398772093,4.5958140398163143e-05,0.0005928519103788784,0.00019551868705638723,0.0002873806397516098,3.2943322521831256e-05,0.000480571377620725,0.0718130281260732,6.397218340386034e-05,5.247276326634293e-05,0.00020477645364502692,6.001598434848087e-05
LindenauBernhardAugustvon,0.00032926940610712843,0.0011732115017705133,0.06285344604989207,0.0017285851812284866,0.0014922038856243873,0.00045464512450949266,0.0002640257257830621,0.00027857563253003755,0.0006392473915184015,0.007972925822722571,0.00028769929699773813,0.00027656234722543357,0.0004815508894109051,0.1922185884606202,0.00016312712515114948,0.0006974737583670588,0.001107890463635217,0.0010279802523585537,0.004455643353783085,0.0006900255335929095,0.0009667625286231887,0.0014940580693078448,0.00026015082249066906,0.00020101604158300368,0.0003728963255854661,0.0009493949562745432,0.001387637524272691,0.002316604865814165,0.03030007372413588,0.0001831593393421704,0.00027486171014082266,0.0007322847985868888,0.0003587313415527643,0.0004769243323329245,0.000641085951227284,0.0009433535066477684,0.00012541558309095313,0.007309497323171112,0.0037765921381939186,0.0002280755542140962,0.00036003391448207947,0.0010141043803840561,0.002408479205548237,0.002544438614575119,0.00028050917440369707,0.000506739564660023,0.00039288372726035297,0.00036697627518896746,0.00012378271627351664,0.008176898809133784,0.00043266516261118937,0.0012315180806181435,0.0612125131783074,0.000640698779609506,0.00016314276503067644,0.001958417178682861,0.0005021917607052527,0.00030138385489294215,0.0011244398877362312,0.0003949476131921391,0.0024685870016824584,0.001857286352525888,0.0080209890438701,0.0007686409071968236,0.014476652090650109,0.00020789077133155282,0.00010379801155006159,0.002991665861366925,0.0005469256537353649,0.00012536448969237618,0.00023505031140925805,0.0006277216949587284,0.0004475511202243781,0.0006861024493784348,0.0002528440787930852,0.07050846155532862,0.0010077130334010037,0.003570667872153497,0.010509266617812669,0.000273217861817132,0.0009601281059975276,0.0007810702637074872,0.002080579910397232,0.00021548145273830743,0.0015537941614255936,0.0015981901261096741,0.0009510493217715977,0.000273512469147204,0.007066159241212538,0.00024241874467869823,0.003127159076701023,0.0010313166343721564,0.001515867555344578,0.00017376853854615508,0.002534904786878302,0.4381692439975201,0.000337438727084334,0.00027678189958612356,0.0010801492489101482,0.00031657067627994433
Ludwig,0.00010642860756442431,0.010616094358243833,0.0011253464190989402,0.0005587245899025027,0.0004823198839723265,0.0001469533659673099,8.534011917018333e-05,9.00430350395338e-05,0.00020662171615895228,0.0025770611474627224,9.299204544612608e-05,8.939228781666792e-05,0.00015565002299283823,0.014795364086694244,5.2727014608140854e-05,0.00022544202266875827,0.0003580995901582123,0.0003322704898573261,0.0014401821400696153,0.26119155614893885,0.0003124832974410993,0.0004829192053302752,8.408764762497692e-05,6.49737175910931e-05,0.00012052998536110334,0.0003068696372966782,0.0004485212618400332,0.0007487881521107829,0.036654808395780426,5.920195768891104e-05,8.884259679305462e-05,0.00023669387440399138,0.00011595148672499783,0.00015415459700277037,0.0002072159874338145,0.00030491688049776977,4.053764372784689e-05,0.0023626234556631855,0.010174368341244477,7.372006996177809e-05,0.00011637251285298563,0.00032778543990856924,0.0007784843761371868,0.009776103633403135,9.066800706992687e-05,0.0001637916710883916,0.0001269904438477839,0.00011861646801413918,4.000985785252819e-05,0.002642990628069979,0.0001398488591538393,0.00039805931580524077,0.0005949533810872981,0.00020709084329529356,5.2732069832129644e-05,0.32941007978921866,0.00016232170019706403,9.741525760889674e-05,0.00036344880308354253,0.00012765754653578862,0.0007979128105063673,0.0006003242229052613,0.13567205303838223,0.00024844513323353924,0.031540258728785964,6.719581263226357e-05,3.355027109210051e-05,0.0009669857752278217,0.01041366215680815,4.052112898591999e-05,7.597449652741996e-05,0.00020289630525437225,0.00014466039557857246,0.0002217665139230406,8.172591421415714e-05,0.03431029434464408,0.0003257195870013421,0.0011541345860255296,0.0033968737815051903,8.831126140357545e-05,0.00031033887603738907,0.0002524626310083594,0.0006724986247827971,6.964932224354895e-05,0.000502227495100032,0.0005165774487099608,0.0003074043721156091,8.840648630858115e-05,0.02275773268300882,7.835616964448674e-05,0.009964454346324153,0.000333348897038269,0.0004899686098225653,5.61666017338861e-05,0.0008193484780911471,0.04824156546940752,0.0001090691488361754,8.946325296436256e-05,0.0003491328935852115,0.00010232404118723618
LudwigErnstKarlFriedrich,6.242343022915972e-05,0.0002224193470953444,0.0006600479446631327,0.00032770799368001116,0.00028289444270947217,0.04510943522351199,5.0054427063169014e-05,5.28128220789668e-05,0.00012118956150647788,0.0015115202614817526,5.454250124675583e-05,5.243114017225954e-05,9.129320182620108e-05,0.002673680885444817,3.09259060407305e-05,0.0001322282109560173,0.00021003567830952264,0.0001948861703209084,0.0008447081230814544,0.0001308161643738063,0.00018328041456132463,0.0002832459618717435,4.9319816586668374e-05,3.810894852045851e-05,7.069429267085021e-05,0.0001799878419121583,0.00026307058163678264,0.00043918572308121803,0.2421163623378369,3.4723645829777074e-05,5.21087306242501e-05,0.00013882774465110958,6.80088719300759e-05,9.041609160095112e-05,0.00012153811865020544,0.00017884249405333762,2.377649048323779e-05,0.0013857464061351294,0.04573921534819879,4.323893499181777e-05,6.825581582727187e-05,0.00019225555991495108,0.00045660341002652156,0.000482378816201446,5.317938609617244e-05,9.60685119000034e-05,7.448353683011038e-05,6.957195987580546e-05,2.3466928932844026e-05,0.0015501897924181654,8.202536612848989e-05,0.0002334732032662755,0.000348957218588285,0.00012146471802439324,3.0928871074560965e-05,0.00037127991804171065,9.520633182010207e-05,5.713684201800332e-05,0.033980605290390674,7.487481168612256e-05,0.0004679987439039495,0.0003521073713260491,0.2153810357521763,0.00014572019492776133,0.002744507278755505,3.941227098177232e-05,1.9678196066028353e-05,0.0005671648859634342,0.0001036870561104583,2.3766804113529322e-05,4.4561220819356394e-05,0.0001190045011829532,8.484747021476743e-05,0.00013007241967963424,4.793459221735638e-05,0.002111298250472854,0.000191043877945515,0.0006769330300804116,0.001992363879877828,5.179708718201716e-05,0.00018202264991571104,0.00014807657257641637,0.0003944397276636667,4.085132472438504e-05,0.00029457082749640383,0.00030298748678059885,0.00018030147921724497,5.185293931942395e-05,0.1251535318424118,4.5958140398163143e-05,0.0005928519103788784,0.00019551868705638723,0.0002873806397516098,3.2943322521831256e-05,0.000480571377620725,0.2631618102828249,6.397218340386034e-05,5.247276326634293e-05,0.00020477645364502692,6.001598434848087e-05
MahlmannErnestine,7.168152322224105e-05,0.0002554066243293859,0.01608822982216001,0.00037631075499780254,0.002524314279382246,0.002594682831228319,0.00021293189114566705,6.064555437578527e-05,0.00013916332914627055,0.031707670476427065,6.263176431294729e-05,6.0207264772687426e-05,0.00010483300489438136,0.40033068701589214,3.5512563854460086e-05,0.0037957228720023025,0.0002411863189346213,0.006562386415257097,0.005796403783481499,0.00015021766490533545,0.0002104629502789247,0.00042885162604300634,5.6634497095010554e-05,4.376093188593117e-05,0.0004881150237726933,0.00020668205227402964,0.00030208689169209947,0.000763605661909144,0.1026972877528625,3.987355093705404e-05,0.001613793831356844,0.00015941745215807278,0.003283884376920585,0.01380321635639349,0.029113519907597328,0.0018798545904073205,2.7302809993954173e-05,0.03483225857754811,0.01282448901161157,4.96517527367973e-05,0.00032870571627503076,0.00022076921008757627,0.0020771215904013957,0.003221430302745083,6.106648393725449e-05,0.00011031654687039991,0.0030125169366276776,7.989025978141132e-05,2.694733700277436e-05,0.03292842864242609,9.419064548948164e-05,0.0007214927635045192,0.015386161228647501,0.0011232436967007161,3.551596863597549e-05,0.0006485286905205996,0.00010932649584000443,6.561087484176461e-05,0.003632514364425102,8.59795838347342e-05,0.009914188606753005,0.00040432883328863164,0.02600916546506533,0.0004699243129022575,0.021828730787917642,0.004021598306264658,2.25966926697327e-05,0.004025286309930425,0.00970839437696682,2.7291687027262863e-05,5.117014834410686e-05,0.00013665419993392605,0.00031088858412887466,0.00014936361455323207,5.5043828456130325e-05,0.037746078469912465,0.0054381115644475805,0.007127815535315531,0.01490910068605976,5.9479174631255885e-05,0.0007412557524690193,0.00017003798472529295,0.013998958375206804,0.0003093236376074169,0.0008332131615762096,0.0003479239203930609,0.00020704220549991597,5.954331026542144e-05,0.023790114259368274,5.277424672287656e-05,0.002610130570964782,0.00022451629548655714,0.00033000240336608,0.00557690055080956,0.0047179804314469,0.06521195985726878,7.345997381763888e-05,6.025506103723373e-05,0.0002351470924208734,6.891702618693465e-05
MahlmannSiegfriedAugust,0.00012277715461109578,0.003555128765988033,0.003297075419440748,0.06298733045093556,0.0005564092617732487,0.001367837072239709,9.844925387701245e-05,0.00010387458680232291,0.00023836097240585797,0.022545444064107124,0.002143865900089576,0.0001031238780011561,0.0001795594941580375,0.03334674113514273,6.082643541875256e-05,0.00026007227479966157,0.0004131074318567093,0.00038331071165450447,0.002260564243063797,0.0008366635638059693,0.008780834482158715,0.0018594821776142443,0.011861317791828193,7.495436004375445e-05,0.0038177309842315882,0.0003540080225236286,0.0050064656770507174,0.00463377766099773,0.04935019267594668,6.829599746525912e-05,0.00010248974868819248,0.0060667381733873664,0.016800166947696305,0.00017783435509821402,0.0002390465299628384,0.005144995832129736,0.000789697308928221,0.00792451501200062,0.009245364652302057,8.504424359925136e-05,0.00013424854773547498,0.0011210693703547383,0.000898067716929026,0.18826902873421658,0.00010459556107192175,0.0001889517845383452,0.016309994254901525,0.00013683719787443825,4.615579040207082e-05,0.01019349399776053,0.0017846853103042272,0.005002200115182091,0.0006863444418544339,0.00023890216237600743,0.001003324221837811,0.002582072389060621,0.00018725601074661278,0.0019493119850505218,0.015766402693906206,0.00878436213188985,0.007222457147733337,0.02373430381083705,0.014190646359944813,0.0020642876007347533,0.07261815812771544,7.751779211971385e-05,3.870394356729253e-05,0.012981882580098959,0.00020393627316712853,4.674559812791782e-05,8.76449736599319e-05,0.00023406329942968362,0.0001668817450543213,0.005682776464608872,9.427986924597134e-05,0.06612347860527792,0.00037575352161699915,0.004073113320959069,0.026401972941088897,0.00010187679462671101,0.0019813643765965207,0.00973951504413408,0.0036981540824459905,8.034818646366173e-05,0.0005793748901442138,0.0005959291466862038,0.0009470359884710547,0.00010198664707289316,0.027487484768723525,9.039249667295444e-05,0.0017454158386307958,0.007971085403199366,0.0005652329118968696,6.479437909480156e-05,0.000945208972259346,0.16386417215073398,0.012924727699377178,0.00010320574413761971,0.007245269297909292,0.00011804208391688905
MannLukreziavon,6.386104591902584e-05,0.0002275416792379424,0.0006752488920930986,0.00033525513025484257,0.00028940952026804394,8.817737887168184e-05,5.120718379936736e-05,5.402910483318437e-05,0.00012398056505162307,0.00154633067217978,5.579861862558341e-05,5.363863276714741e-05,9.339569024828324e-05,0.02576532147880942,3.1638131683958786e-05,0.0001352734353215392,0.00021487281374826683,0.00019937441159766512,0.0008641618065243742,0.00013382886921398408,0.000187501374522212,0.00028976913493966355,5.045565519544116e-05,3.898660010282412e-05,7.232238686488133e-05,0.000184132973709116,0.00026912911437544933,0.0004493001990712257,0.2131472197115757,3.552333366927877e-05,5.330879810611423e-05,0.00014202495671021122,6.957512070842486e-05,9.249838011705356e-05,0.00012433714948921766,0.01169799402207413,2.432406461755199e-05,0.001417660236700385,0.0007324613811104162,4.423473049887565e-05,6.982775173975976e-05,0.00019668321806162915,0.0004671190164885623,0.000493488031957204,5.440411084373354e-05,9.8280976026094e-05,7.619889756550405e-05,7.117420667200078e-05,2.400737384436173e-05,0.0015858907649483425,8.391441568697194e-05,0.00023885010644104058,0.0003569937262055838,0.00012426205844218177,3.164116500271271e-05,0.0003798305188906149,9.739893988243896e-05,5.845270723484483e-05,0.00021808253658569447,7.659918350709722e-05,0.011993809559312216,0.00036021642716738264,0.13973604570757794,0.00014907614056851594,0.1640181722925217,4.0319938165851284e-05,2.0131386211282e-05,0.09270048891974407,0.00010607497580909084,2.431415517011422e-05,4.558746865569478e-05,0.00012174518264562275,8.680151301533782e-05,0.00013306799603075476,4.903852901810616e-05,0.002159921587571186,0.011710476404637113,0.0006925228421343093,0.002038248150625528,5.298997749497927e-05,0.00018621464347436678,0.00015148678574887375,0.011918556474106324,4.1792133410482486e-05,0.00030135481296197437,0.046370096403101566,0.0001844538341018969,5.30471159107715e-05,0.07046066201592067,4.7016559383965775e-05,0.150301931386316,0.00020002149523502184,0.0002939990347221202,3.3702009398855545e-05,0.0004916389679474962,0.004376690229007623,6.544546698085643e-05,0.023083746761764008,0.00020949246879501963,6.139815640191332e-05
MayerJohannSiegfriedWilhelm,0.00010060604048601258,0.0061776243151721675,0.003915251758856821,0.00253780794103319,0.0035354814643287274,0.0019461406462082738,0.0012230133287664173,8.511690076549376e-05,0.000519931389099526,0.012899971338341204,0.000901297692102669,0.00014662949314582342,0.00014713461796807983,0.050896070001382375,0.00017215353139879232,0.0005171804761659698,0.00033850843950648747,0.0007780670953960329,0.009029949069767857,0.0011969471372156647,0.000523742485727852,0.003926106240359892,0.00016312824699206118,0.00032842111178070396,0.00011393595072337494,0.000768786594182282,0.0045983703349806,0.1363898871544122,0.07739382793572623,0.00037413703024527306,8.39821368933541e-05,0.00022374466843103752,0.00010960793563710829,0.00014572100473810753,0.00039213915939061736,0.000794007661554296,0.0007341298481672835,0.015016979826474758,0.007954369721618467,6.968694332223404e-05,0.003221557478957199,0.0012165832804125057,0.004855639029529229,0.0030158646824515758,8.570768141020239e-05,0.00015483084736230823,0.0011325525099060876,0.00037950858903798383,3.782097192725619e-05,0.01234061888005647,0.0011106870458301166,0.04331570390648602,0.009069775937627377,0.00161007230191229,0.0006261197148900889,0.001394225031067879,0.0003455321453570479,0.00023198634290403578,0.0014221726824234853,0.00012067357253875806,0.005783887199240325,0.0026670856419480373,0.010487807620008513,0.004645054877405911,0.015807593915220245,0.00018319596570099295,3.171478053741667e-05,0.0021240832971607206,0.00016710943513724693,3.830427209929133e-05,7.18180332192658e-05,0.0005955053682865468,0.0003288370671431553,0.00020963396391968903,7.72547985203019e-05,0.0191916162460082,0.004012660597882938,0.007018988592867888,0.3145689921424448,0.00034219266894614057,0.0006647026942820257,0.0005875849095428403,0.05952816894420719,6.583890077877976e-05,0.0007587888145361575,0.0006445040575349663,0.0006885277367073187,0.0020144498855266843,0.019314022664906862,0.0002965244655561986,0.002188060590133252,0.001762732858710654,0.001380946105437348,5.3093801913931405e-05,0.0017995957188022796,0.08276608639100257,0.0015504318507353432,8.456883779386809e-05,0.0011001931809930792,0.0015406138066477275
MayerJohannSiegfriedWilhelmANDMayerJulieHenriette,0.0011881569369873953,0.01607703813285675,0.0006616597524686582,0.003781457469468982,0.0014350885357572605,0.00536409747272742,5.017665775397543e-05,5.2941788648057714e-05,0.00012148550104051288,0.03278026111505501,5.4675691615657405e-05,5.255917469106315e-05,9.151613577590075e-05,0.0927728322024834,3.1001425731614225e-05,0.00013255110638240688,0.00021054857612016713,0.0010297871077881789,0.003794753672244882,0.003468835747977881,0.00018372797720458183,0.0002839376359477252,4.944025339127361e-05,3.8202008882485694e-05,7.086692499802327e-05,0.00018042736423904288,0.005188082843149357,0.0591543460609202,0.13273699070296477,3.4808439432783147e-05,5.223597783323741e-05,0.00013916675584607112,6.817494657890741e-05,9.063688368638351e-05,0.00012183490934532574,0.00017927921949155104,2.3834551618430698e-05,0.0013891303373964072,0.02344710221477797,4.334452255327589e-05,6.842249350214754e-05,0.00019272503946508401,0.005920060083027751,0.0022100313775771678,5.3309247798335014e-05,9.630310694510225e-05,7.466542232345463e-05,6.974185151607222e-05,2.3524234132460964e-05,0.003568715871351979,8.222566843447534e-05,0.042108535573278795,0.03071675679469706,0.0009849986363292794,3.100439800592579e-05,0.003890649654933948,0.009307465040387763,5.727636765200056e-05,0.0035513938407796923,7.505765265531084e-05,0.0036752806907614797,0.00035296720190968356,0.008433365145716841,0.0018725506508822716,0.027194833676663522,3.9508513999443304e-05,1.9726249348027547e-05,0.004146666085777568,0.00010394025530261107,2.382484159503702e-05,4.467003734415755e-05,0.00011929510489659292,8.505466397376178e-05,0.002381552193779952,4.80516463654911e-05,0.01546167935558731,0.0040741845098509494,0.01331079113968121,0.2537360228354284,5.1923573371540965e-05,0.008531404960562804,0.00014843816899895497,0.07324355733638559,4.095108184746862e-05,0.00029529015639194516,0.00030372736878480505,0.00018074176743251768,5.197956189739008e-05,0.01521013850246596,4.607036813861768e-05,0.0005942996284490515,0.0001959961350182689,0.0002880824105275873,3.302376865428264e-05,0.00048174491160992116,0.07508664006252432,6.412840063835151e-05,5.2600899426896166e-05,0.00020527650866230496,6.01625407203495e-05
MayerJulieHenriette,3.8288939267834026e-05,0.00013642635211909236,0.0004048565670660607,0.0002010077213241056,0.00017352023264897306,5.286819618794805e-05,3.070210834092615e-05,3.2394037458708615e-05,7.433458468050339e-05,0.007831155041948291,3.3454978524670345e-05,3.2159923516365244e-05,5.599692050656764e-05,0.0361601030440334,1.896916164089836e-05,8.110541058386567e-05,0.00012883052567519708,0.00011953820403916731,0.0005181224086048956,8.023929724098865e-05,0.00011241952959585806,0.00017373584553353065,3.0251517019414496e-05,2.3375056611022946e-05,4.336207524514156e-05,0.00011039994954817317,0.0001613607821048467,0.0002693853160043315,0.11398786325546074,2.1298598322029595e-05,3.1962165726417056e-05,8.515339615466462e-05,4.17149066856019e-05,5.5458923475284595e-05,0.2210034150187639,0.00010969742239697469,1.4583892566827624e-05,0.09060233355766142,0.0763834571616341,2.6521659412657042e-05,4.186637577096918e-05,0.0001179246547404301,0.10384047511731057,0.0002958788571826848,3.2618878473389096e-05,5.892597385608195e-05,4.568630092374154e-05,4.267366494679667e-05,1.4394015410779467e-05,0.007854873945509091,5.031226657340128e-05,0.041567369000067085,0.00021404145367451686,7.450335866752931e-05,1.897098031699233e-05,0.00022773362791948598,5.8397134594988966e-05,3.50462809549549e-05,0.00013075496773561494,4.5926298936408946e-05,0.00028705848776619124,0.00021597367698262195,0.0009327169687571396,8.938104928235205e-05,0.008587437816687084,2.4174481352413352e-05,1.2070103345918487e-05,0.0003478844689210581,6.359899447530374e-05,1.4577951194811831e-05,2.733271579900881e-05,7.299432443339975e-05,5.20432732093761e-05,7.978310322343168e-05,2.940185573751757e-05,0.0012950164736521804,0.0001171814399384022,0.007319240530049062,0.1531106609791744,3.177101159103758e-05,0.00011164804885613684,9.082639120525217e-05,0.0002419392641816125,2.505716019834946e-05,0.00018068222913544368,0.00018584479317570145,0.00011059232666815048,3.1805269866965334e-05,0.0008216850306329559,2.818955062398764e-05,0.00036364023425153926,0.00011992617366502305,0.0001762719514420506,2.0206593432762802e-05,0.09695114937461308,0.023336197779716825,3.923890494625451e-05,3.218545406019546e-05,0.0001256046514636145,3.681227339449901e-05
MayerJulieHenrietteANDMayerJohannSiegfriedWilhelm,7.510373091718828e-05,0.00026760020610373797,0.0007941259082758096,0.00039427652223536735,0.00034035983003855084,0.00010370093443441015,6.022216670192229e-05,6.354088462993863e-05,0.0001458072423117635,0.0018185609245993484,6.562191988086613e-05,6.30816702754556e-05,0.00010983792526865538,0.17926597910949596,3.720799893768568e-05,0.00015908821317324787,0.0002527009971874121,0.00023447411399102553,0.001016296787065024,0.0001573893323817952,0.00022051083843153507,0.00034078275457952113,5.93383321008196e-05,4.585015922243437e-05,8.505468402875942e-05,0.00021654943340524143,0.00031650907524540065,0.0005283991323109732,0.08816467501764981,4.177718756065913e-05,0.2844498365139303,0.00016702833439048273,8.182376390831501e-05,0.0001087826444213828,0.00014622660314848258,0.0002151714268285496,2.860629633541072e-05,0.0016672381639997935,0.0008614106092765972,5.2022218690159776e-05,8.212087042646954e-05,0.00023130913803004921,0.0005493549379874262,0.0005803661971017719,6.398191014249171e-05,0.00011558326161932352,8.961365127346018e-05,8.370436765029161e-05,2.823385241014529e-05,0.0018650855394031272,9.868748006129684e-05,0.013823144365323729,0.0004198421802559406,0.00014613829238392006,3.721156626972984e-05,0.0004466993716493126,0.00011454594373266848,6.874325862300153e-05,0.0002564757891099651,9.008440722827908e-05,0.0005630650478948767,0.000423632235091065,0.001829523762813668,0.00017532087341048588,0.09809772337241317,4.741823036292602e-05,2.3675500318601442e-05,0.10902033431378627,0.00012474938870112918,2.8594642337841565e-05,5.361310529511734e-05,0.00014317832265814338,0.00010208284851730772,0.0001564945080958319,5.7671722016900475e-05,0.0025401740197124392,0.00022985132265118164,0.027898930708399258,0.15136177389256547,6.231881977218161e-05,0.00021899757943319843,0.0001781559107068054,0.0004745637184747804,4.9149604378480733e-05,0.0003544080817591623,0.0003645344479614245,0.0002169267810082224,6.238601735942651e-05,0.0016117346842037525,5.5293786279396946e-05,0.0007132800967101814,0.00023523511617446263,0.0003457573247654073,3.9635220639349147e-05,0.000578191606882723,0.018689447863353352,7.696708801343962e-05,6.313174842153799e-05,0.00024637344689763607,7.220725171128046e-05
MayerThereseApollonia,0.00017416338680702548,0.0006205571632210184,0.0018415550871769954,0.0009143158883374664,0.0007892846335149393,0.00024047947732536333,0.00013965346841728817,0.0001473494796159574,0.00033812279139647385,0.03562126584850107,0.00015217534036801483,0.0001462845747667515,0.0002547109821446692,0.19588410899190334,8.628427685496601e-05,0.0003689209799428191,0.000586006327278208,0.0005437387106145433,0.0023567629500525155,0.00036498132436502817,0.0005113582771439063,0.0007902653833328201,0.00013760388145768677,0.000106325197407643,0.0001972393601934888,0.0005021718930925678,0.0007339754207508067,0.0012253423544383616,0.2672594906222633,9.688009354501357e-05,0.0001453850417129909,0.00038733389213724446,0.00018974694957942727,0.0002522638162828796,0.0003390952770869353,0.0004989763355682204,6.633717650157792e-05,0.003866277236963156,0.0019975863690252487,0.0001206380253769844,0.00019043593102964704,0.0005363992226051627,0.001273938263660305,0.0013458524795127776,0.00014837220506509974,0.00026803425150769456,0.0002078114738019974,0.00019410801544053288,6.547348977619469e-05,0.004325079596717025,0.00022885342116862333,0.00065139777901127,0.0009736019122464897,0.00033889048696985463,8.629254939513265e-05,0.0010358829648129961,0.00026562874123371705,0.00015941363492493502,0.0005947599609219019,0.00020890314328964567,0.0013057316132824568,0.000982390940144417,0.0042426128620281145,0.00040656405105632203,0.2588898679016307,0.00010996150917600923,5.490280269012247e-05,0.001582408352998031,0.0002892902359571373,6.631015121719193e-05,0.0001243272455496926,0.00033202640250971026,0.0002367271827319289,0.0003629062526430604,0.0001337390607203235,0.0058905903202085145,0.0005330185907694036,0.03329274051317182,0.03696283507654528,0.0001445155464421249,0.0005078490731530007,0.0004131384208142728,0.0011004995817909204,0.00011397651560373485,0.0008218621242534102,0.0008453448755401451,0.0005030469513052038,0.00014467137570968466,0.003737566267444043,0.0001282246962993372,0.001654075980886552,0.000545503452738754,0.0008018012681803852,9.191293400595814e-05,0.09555303614420894,0.011936215298692543,0.00017848445819390339,0.00014640070454379736,0.000571332920575227,0.00016744653503206823
MerzdorfErnestineAmalie,9.045243553850317e-05,0.0003222887877484782,0.019187294549524753,0.00047485352959579594,0.00040991805880328267,0.05689684022035177,7.25295745640242e-05,7.652652805472854e-05,0.00017560539303691693,0.002190214291571462,7.903285769493542e-05,7.597346555983019e-05,0.00013228514394312497,0.17043351509629115,4.481207636859843e-05,0.00019160055261243443,0.0003043446760829121,0.00028239282419413115,0.001223994047930162,0.00018955447709261886,0.0002655759195340443,0.0004104274150537991,7.146511356712528e-05,5.52204067740689e-05,0.00010243703249366003,0.00026080493507818795,0.0003811930030154306,0.0006363863402027196,0.1960563301066827,5.031505517318643e-05,7.550628955314067e-05,0.004932158892519306,9.854581976220748e-05,0.00013101419878970525,0.0001761104572805633,0.000259145309790234,3.4452471850261684e-05,0.0020079661917569297,0.001037454286973939,0.0017200061679594337,9.890364497079896e-05,0.0002785810324150146,0.0006616248155615111,0.0006989737445927614,7.705768451337409e-05,0.00013920463595183547,0.00010792770101022327,0.0332478575173083,3.400391277429615e-05,0.0022462469902150583,0.00011885591860335714,0.035212618211419126,0.005236639479796666,0.0001760040987329732,4.4816372744661626e-05,0.0005379898658263887,0.04728385968718472,8.27920942590702e-05,0.0003088909099234448,0.00010849466382468819,0.008964898506167874,0.0005102085737772179,0.019883131705186446,0.0317008450515992,0.020182267689837285,5.710893950104488e-05,2.8513985127734876e-05,0.0008218299619066067,0.0001502440145403499,3.443843616320571e-05,6.456984082552067e-05,0.00017243920964494703,0.00012294518744055286,0.00018847678048479488,6.945790381412731e-05,0.04490847577741269,0.00027682528806019074,0.0026382378972429647,0.060713153210345,7.505471378637986e-05,0.00026375340072800745,0.0002145650533231051,0.0005715487583643929,5.9194148779232155e-05,0.0004268373059254848,0.0004390331645727651,0.0002612593999804959,7.513564432544073e-05,0.0823981216277482,6.65939971029094e-05,0.0008590508245151557,0.0002833093499126457,0.0004164186219296169,4.773534145578099e-05,0.010158345784469086,0.1002360875861659,9.26966008492749e-05,7.603377801335397e-05,0.023086305944655553,8.696401232088867e-05
MeyerJohannFriedrichvongenImo,9.115074519341416e-05,0.000324776917236805,0.0009638025625724381,0.04978575223652173,0.0004130827025907113,0.00012585816091310298,7.308951639293257e-05,7.711732710927348e-05,0.00017696109938890257,0.06795010015291075,7.964300608126701e-05,7.655999486887124e-05,0.00013330640990093828,0.003904111072124962,4.5158033947280544e-05,0.00019307974457646504,0.0003066942736859417,0.00028457294941064236,0.001233443510027392,0.00019101787297242395,0.00026762621511335506,0.0004135959911663818,7.20168375588136e-05,5.5646718602698765e-05,0.08228194911414596,0.00026281839776859844,0.0003841358840202975,0.0006412993613167597,0.008387886175103046,5.070349677352188e-05,7.608921217636863e-05,0.00020271638921499864,0.016535050861586437,0.0001320256528141393,0.00017747006282261042,0.0002611459598642101,3.471845135192304e-05,0.018459212314604675,0.0010454636273616207,6.313752915219818e-05,9.96671995371058e-05,0.00028073172988880087,0.0006667326824076024,0.017140114201864804,7.765258419474164e-05,0.00014027932167715414,0.00010876092297046227,0.00010158903418100965,3.4266429316318234e-05,0.018699332685221948,0.00011977350843949494,0.00034091776729170184,0.0005095476233551329,0.00017736288316721685,4.516236349216742e-05,0.16489958574517766,0.00013902036560111956,8.343126465207527e-05,0.00031127560529875027,0.000109332262843488,0.0006833721584960233,0.0005141474790257708,0.0022204283634511103,0.00021278075089168014,0.004007531831060046,5.754983115418708e-05,2.8734118405475206e-05,0.0008281746423309411,0.00015140392632516253,3.4704307306747945e-05,0.14798676657964374,0.00017377047247124243,0.0001238943471940018,0.00018993185634599762,6.999413177255124e-05,0.08526164072538005,0.0002789624308604381,0.0009884581784652103,0.002909251408976128,7.563415016055355e-05,0.00026578962612257496,0.00021622153551122968,0.0005759612212664931,5.965113863650562e-05,0.0004301325694529891,0.00044242258240128544,0.0002632763712246253,7.571570549845449e-05,0.00195610545208776,6.710811516793685e-05,0.0008656828569335955,0.00028549655087846545,0.0004196334512755266,4.810386718558134e-05,0.0007017307287976053,0.28565463066737745,9.341223587850444e-05,7.662077294577329e-05,0.00029901474941839454,8.763539069861765e-05
MiltitzCarlBorromäusvon,7.940501981325222e-05,0.0002829260198954335,0.0008396065376617155,0.0004168572543289519,0.00035985268265362614,0.00010964002257752801,6.367116895212354e-05,6.717995419635197e-05,0.00015415781377688578,0.001922712287205021,6.938017305783806e-05,6.669444003519182e-05,0.00011612848690327913,0.0034010255909308635,3.933894970033014e-05,0.00016819940320948268,0.0002671735137981381,0.00024790275316257456,0.0010745014332513537,0.0001664032252931765,0.00023313978254954615,0.0003602998286361911,6.273671598746881e-05,4.84760578074684e-05,8.992587702414499e-05,0.0002289515026763665,0.0003346359639396205,0.0005586612416994543,0.17912094307984072,4.4169821731677633e-05,6.628432260887147e-05,0.00017659426555352987,8.650991788275687e-05,0.00011501276874170578,0.00015460119195719616,0.0002274945758607645,3.024461634005455e-05,0.0017627230741943836,0.000910744721488926,5.50015991932046e-05,8.682404007978488e-05,0.0002445565148889141,0.0005808172137746126,0.0006136045282573473,6.764623781681604e-05,0.00012220286618094288,9.474594228551782e-05,8.84982262606347e-05,2.985084206407836e-05,0.0019719014275470827,0.00010433944111548515,0.00029698695286632947,0.0004438870910210977,0.0001545078235196475,3.93427213381461e-05,0.2868288218135118,0.00012110613974223496,7.268027495206246e-05,0.0002711644929910589,9.524365904956008e-05,0.02923096645806964,0.00044789420725355487,0.0019343029815019177,0.00018536172912882908,0.0034911195050828163,5.0133934433020066e-05,2.503142718648829e-05,0.08662841750665427,0.00013189394934888965,3.0232294902802612e-05,5.668359795471195e-05,0.00015137833245639951,0.00010792926676369584,0.00016545715325003607,6.0974656964322755e-05,0.002685653108056353,0.00024301520851665567,0.0008610850199749347,0.016852190953653742,6.588790008588078e-05,0.00023153985722921825,0.00018835913271898863,0.0005017426033027675,5.19644665028697e-05,0.00037470549612366133,0.0003854118125623678,0.0002293504614700944,6.595894616683335e-05,0.0017040408375187026,5.846053373708514e-05,0.0007541305807313522,0.014566534308167374,0.0003655592989627487,4.190518156335512e-05,0.0006113053964123569,0.34906983727829866,8.137509380744765e-05,6.674738622219641e-05,0.00026048357642760963,7.634265545498377e-05
MosengeilFriedrich,7.654527445587225e-05,0.00027273653346522,0.058592997103619565,0.00040184427907170715,0.00034689270807041107,0.003236836215374782,6.137807299625044e-05,6.476049050786166e-05,0.011819123599962865,0.0018534664441859842,0.006329171152649427,6.429246197760477e-05,0.00011194615810262828,0.006409683628072686,3.7922170521453234e-05,0.00016214175769067727,0.0002575513486315524,0.00023897461802570673,0.002889811605728018,0.00016041026852414117,0.00022474333088522242,0.06773869692013822,6.0477274044070575e-05,4.673020872154128e-05,8.668722649634546e-05,0.00022070589051754135,0.0003225841610871138,0.0005385412430387209,0.07724300510522426,4.257906030462255e-05,6.389711479387939e-05,0.015002298153307513,8.339429198637936e-05,0.0001108706221592599,0.08960193848944717,0.00021930143443624252,2.9155366549957848e-05,0.14028765622361583,0.0008779445535000302,5.302073490639801e-05,8.369710117704185e-05,0.00023574889340962474,0.0024139072590852705,0.0005915057654199575,6.520998107894448e-05,0.00011780177063255848,9.133369871176354e-05,8.531099209986727e-05,2.877577392345705e-05,0.0019008840540119959,0.00010058169087471473,0.0002862910666155692,0.00042790064519268627,0.00014894327568591657,3.7925806324988705e-05,0.0004552733344214854,0.00011674454243147823,7.006271904242244e-05,0.0002613985940372996,9.181349037222159e-05,0.0005738725373729514,0.00043176344646786246,0.01597045111400213,0.0001786859881547852,0.15323698135894626,4.8328377472273696e-05,2.412992866846628e-05,0.08227182399764647,0.0001271438326660392,2.9143488865167154e-05,5.4642157042389085e-05,0.00014592649220161166,0.00010404223014713433,0.00015949826895071968,5.87786749901144e-05,0.07721821817183673,0.00023426309667331542,0.003961218171321061,0.004297097693056876,6.35149692960988e-05,0.00022320102634274612,0.0001815754412523775,0.0036148173521726363,5.009298353894874e-05,0.009306501123203005,0.0003715313344232428,0.0002210904809431127,6.358345667609468e-05,0.007477929238239596,5.635509707404078e-05,0.0038581156606053903,0.00023975022691066262,0.0003523938024926963,4.039598039814152e-05,0.0005892894360430629,0.09905437052061054,0.03159658012371314,6.434350132530835e-05,0.009521142266782166,7.359320013061129e-05
MüfflingWilhelminevon,0.00011354512975486084,0.0004045697830641669,0.021674357091509444,0.0005960846196292546,0.0005145709885928588,0.00015677964213307342,9.10465252362542e-05,9.606390923508508e-05,0.0002204378137451315,0.0027493805384772928,9.921011002571614e-05,9.536964873925744e-05,0.00016605781529529764,0.004863293188894813,5.625269231906238e-05,0.0002405165707032981,0.0003820445025090058,0.00035448829734734236,0.001536482264562663,0.000237948127863671,0.0003333780020818062,0.0005152103845495517,8.971030514121398e-05,6.931829104379258e-05,0.00012858941914554008,0.00032738897540857706,0.0004785123665421691,0.0007988570914907018,0.33802886607239224,6.316059301499465e-05,9.478320173004072e-05,0.00025252079583126607,0.0001237047717408997,0.00016446239521072814,0.000221071821936707,0.00032530564434575613,4.324825930141439e-05,0.022994366672339072,0.0013023185161116992,7.86494825113687e-05,0.0001241539504666819,0.00034970334722873484,0.0008305390019043692,0.0008774231899067274,9.673067103821384e-05,0.0001747438679514731,0.0001354818667114071,0.00012654795134452892,4.2685182163911026e-05,0.0028197185011880235,0.00014920008090005152,0.00042467620029584363,0.0006347359079442807,0.0002209383098315353,5.6258085568836876e-05,0.0006753397933221463,0.00017317560506228114,0.0001039290874740592,0.0003877513992691212,0.0001361935763071891,0.000851266550181716,0.0006404658798481633,0.12560852994748764,0.00026505782172231966,0.04593964799494347,7.168897008912919e-05,3.579366461369257e-05,0.0010316448540669358,0.00018860162276795162,4.323064027437015e-05,8.105465498122045e-05,0.0002164632971726521,0.00015433334854461652,0.00023659529307881163,0.04103471575295717,0.003840347012669731,0.0003474993577021071,0.0012313076749173402,0.06504529893313213,9.42163377343313e-05,0.00033109019044820964,0.0002693439560293544,0.000717466340661329,7.430653761672804e-05,0.0005358097545631489,0.0005511192411936988,0.0003279594661421253,9.43179300077078e-05,0.10480550427064624,8.359558255041106e-05,0.02155213083121249,0.0003556388139808952,0.0005227311589549394,5.992227304019962e-05,0.0008741355485929049,0.17157186866585428,0.0001163622351195303,9.54453590871372e-05,0.00037247823316514033,0.00010916610486154771
MüllerFriedrichTheodorAdamHeinrichvon,0.0001219137395634736,0.00043438776523679456,0.03362903912021175,0.0006400178081804705,0.0005524963829418966,0.00016833476258410686,0.02165772841065181,0.00010314410170845713,0.0002366847285558276,0.002952017965477326,0.00010652218674505438,0.012520285041186428,0.00017829676437992393,0.021921171347513563,6.039868108774426e-05,0.00025824334891973996,0.00041020230529566887,0.0003806151268170354,0.014067611892689805,0.00025548560429335213,0.0003579489407404772,0.03828313300981855,9.632221831758045e-05,7.442725284248675e-05,0.00013806683730225425,0.00035151850519775417,0.0005137801344581757,0.0008577352072316612,0.272794750785955,6.781571436951011e-05,0.00010176900229587949,0.04201973021025724,0.00013282217702634107,0.00017658375714566863,0.0002373654650146763,0.0003492816265120229,4.643578313248165e-05,0.0027063800537455956,0.03062232174135571,8.44461805485981e-05,0.00013330446154449424,0.00455033730076351,0.0008917521675661466,0.0009420918580319966,0.000103860005816304,0.010967608749093272,0.00014546727851284734,0.00013587490732377774,4.5831205554879374e-05,0.0030275400427857493,0.00016019656540944134,0.033854854396144336,0.0006815178100528901,0.0002372221126749184,6.040447183587965e-05,0.0007251143211309911,0.0001859391561742091,0.00011158896670193381,0.004591189606074742,0.00014623144319778197,0.0009140073970764695,0.0006876700977283202,0.0029698136273787396,0.0002845933622734984,0.19020819629620966,7.697265790165337e-05,3.843176290482178e-05,0.005282539901101249,0.00020250211672681812,4.641686553135627e-05,8.702862129905387e-05,0.00023241727842957308,0.0001657081699677365,0.0002540330616084317,9.36168578082762e-05,0.041377050982558325,0.00037311108177720325,0.005496918458721619,0.07861181577277662,0.00010116035875749054,0.00035549251066487,0.00028919539727728974,0.0007703457188325524,7.978314784990963e-05,0.0005753005083917654,0.0005917383491864952,0.016522109659443177,0.00010126943868002728,0.0026162828415554015,8.975682269869771e-05,0.0011578471919326838,0.0003818504399082196,0.0005612579818450294,6.433872069410808e-05,0.0009385619078899095,0.08429114474299755,0.00012493847387389848,0.00010247996259648752,0.0003999309737828162,0.00011721196766415979
MüllnerAdolph,0.003945746525632065,7.753951321079056e-05,0.004154089525183183,0.00011424508990371354,9.86222541527706e-05,3.004825778210025e-05,1.744990244423025e-05,1.841153015135748e-05,4.224893080642513e-05,0.016222882258099352,1.9014528417617627e-05,1.827846875344428e-05,3.1826504849974274e-05,0.0009320947887213992,1.0781344929373205e-05,4.609720891711903e-05,7.322233639161458e-05,6.794093668353708e-05,0.00029448093218644084,0.20409280201521696,6.389495478585762e-05,9.874480025805656e-05,1.7193803595405787e-05,1.328548687801306e-05,2.4645342736884706e-05,6.274710283969539e-05,9.17112881886642e-05,0.01584904653205951,0.03339445909583893,1.2105307518012987e-05,1.81660708000574e-05,4.8397928871648466e-05,2.3709155216666244e-05,3.15207279434854e-05,4.237044429706222e-05,6.23478133147967e-05,0.4944303433695225,0.035798957952740976,0.00024960129997816493,1.5073895390859845e-05,2.3795244443296078e-05,6.702385706349069e-05,0.00015918042475264766,0.0001681662098190758,1.8539321172354106e-05,3.3491266586706156e-05,2.5966343591274923e-05,2.4254076690451385e-05,8.181007047129443e-06,0.0005404249381098784,2.8595565285125787e-05,0.007929362210818792,0.00012165296416020918,4.234485547635407e-05,1.0782378595207001e-05,0.00012943507157026028,3.319069460603699e-05,1.9918963769723958e-05,7.431611554974165e-05,2.61027492693916e-05,0.00016315304967610554,0.007970720284033431,0.0005301206005841118,5.080076498397668e-05,0.08336046192478895,1.3739849281853953e-05,6.8601844387765976e-06,0.00019772420763831467,3.614723252298025e-05,8.28554910175731e-06,1.5534868776187344e-05,4.148717821594707e-05,2.957940315686605e-05,4.5345660059801535e-05,1.6710888666075773e-05,0.03605189879423632,6.660144223625854e-05,0.00023599142032478004,0.0006945750331614136,1.805742611099751e-05,6.345647468226837e-05,5.162224197419181e-05,0.000137509011124499,1.4241530129961667e-05,0.019722615654020344,0.00010562706230702824,0.007910825560778306,1.8076897202891545e-05,0.00046701429964392146,1.6021860872647664e-05,0.00020667918118274023,6.816144375905552e-05,0.00010018622571980304,1.1484653764377212e-05,0.00016753610317800455,0.021111370124802072,2.2301890662597737e-05,1.829297933669929e-05,7.138887304556683e-05,2.09226862322043e-05
MützschefahlAntonievon,8.63632569442033e-05,0.00030771873881394265,0.001702081478228955,0.00045338632556651034,0.0027594077349291303,0.0021991427355351843,6.925065363729434e-05,7.306691263857674e-05,0.00016766661493796233,0.011418070529850928,7.54599359929553e-05,7.253885302283786e-05,0.0001263047900064326,0.08560408303645049,4.278620959827138e-05,0.00018293866447493615,0.0002905858455183376,0.000269626394136126,0.001168659658860938,0.00018098508804779992,0.000253569749010777,0.00039187279029261827,6.823431485067168e-05,5.2723999640256195e-05,9.780605359250743e-05,0.0002490144514780474,0.00036396000913364575,0.0006076165521415231,0.24480293305010928,4.804040943965471e-05,7.209279713430713e-05,0.00019206916598901258,9.409075501651784e-05,0.00012509130181019654,0.0001681488462099859,0.0002474298546198053,3.289494264088138e-05,0.003977798616175223,0.04255825029179568,5.9821372183223716e-05,9.443240364374077e-05,0.00026598692604576694,0.006823183212460504,0.000667374501771382,0.014347318647030023,0.03207234582754177,0.0012870591366110956,9.625329823767471e-05,0.005554770032039771,0.015811883792339762,0.0001134826738116035,0.00032301182695744615,0.0004827847784211754,0.004454493275761689,4.279031174353332e-05,0.0028803698351788525,0.0038549069268766284,7.904922478733184e-05,0.00029492655297370766,0.00010358983119893958,0.006356977406299442,0.0004871430369998255,0.04413684146210223,0.0002016049196640735,0.07281073477482684,5.452715547764586e-05,2.7224923347050317e-05,0.0047291790357102525,0.0001434517750111163,0.0037560698353447195,6.165076397182254e-05,0.00016464356853589205,0.000117387074762204,0.00017995611200646627,6.631784714466631e-05,0.01806583246249427,0.0025355228085679553,0.006005605521128932,0.013796663424966344,7.166163622921533e-05,0.00025182962273342095,0.00020486498479636912,0.0005457101512070714,5.651809650209032e-05,0.00040754082193090915,0.0015547914560870067,0.0002494483709064904,7.173890805609249e-05,0.07023578472954088,6.358341208282814e-05,0.2264288851778186,0.00027050148551042454,0.0018249676054124695,4.5577319559405604e-05,0.000664873897719592,0.02909664655902544,0.002455207412190567,7.259643886770317e-05,0.00028330967102168254,8.303253855194153e-05
MützschefahlAntonievonANDSchwendlerAugusteSophieHenriette,3.802640394514898e-05,0.00013549091914389844,0.00040208059177114985,0.00019962947402895668,0.000172330458496385,5.250569544461617e-05,3.049159355324783e-05,3.2171921640409147e-05,7.382489560190963e-05,0.000920770932058343,3.322558816415507e-05,3.193941294439992e-05,5.5612967075741965e-05,0.02219878784666613,1.8839096011824065e-05,8.054929606237968e-05,0.00012794717491446616,0.00011871856783166916,0.000514569804737185,7.968912138874505e-05,0.00011164870392027336,0.0001725445929905953,3.0044091795987738e-05,2.3214781133365312e-05,0.013756441396164632,0.0001096429715035139,0.0001602543815147892,0.013980914866008729,0.2434833620957561,2.1152560471670268e-05,3.1743011117980374e-05,8.456952585779345e-05,4.142888057213677e-05,5.5078658922419825e-05,7.403722572693951e-05,0.00010894526136202792,1.4483895360996106e-05,0.0008441534278361018,0.11699984952649176,2.633980866031995e-05,4.1579311081195474e-05,0.0001171160821375633,0.0002781485357126412,0.00029385010807833454,3.2395220990330274e-05,5.852193681936431e-05,4.5373044197787344e-05,4.238106492675975e-05,1.429532013342617e-05,0.04208445712595327,4.996729104280567e-05,0.0001422245830640694,0.0002125738381389875,7.399251235830989e-05,1.8840902217822908e-05,0.00022617212941272784,5.799672364425633e-05,3.48059795296514e-05,0.00012985842167548468,4.561139661888433e-05,0.00028509021718580216,0.00021449281279410306,0.0009263216192110584,8.87681912856568e-05,0.12509225788191794,2.400872446846825e-05,1.1987342409278373e-05,0.007202187454123286,6.316291599268447e-05,1.4477994727116422e-05,2.714530388582009e-05,7.249382510158883e-05,5.168642870579677e-05,7.923605535138016e-05,2.920025637667885e-05,0.0012861369493223345,0.00011637796332778816,0.0004123664584139903,0.001213685845584433,3.155316766692839e-05,0.0069675708335607215,9.020362294947491e-05,0.00024028036205460938,2.488535106067061e-05,0.00017944334740519486,0.0001845705133528935,0.00010983402955353951,3.158719104453571e-05,0.041956180915943365,2.7996263661461822e-05,0.28834205633074644,0.00011910387727072258,0.00017506330961135257,2.0068043119573726e-05,0.0002927490729489892,0.06431631866841711,3.896985600499729e-05,3.1964768433248444e-05,0.00012474341951691377,3.6559863109461045e-05
OertelAuguste,0.00014654981759606067,0.00052216795243385,0.001549576906298424,0.0007693512920112258,0.0006641437169636049,0.0002023515055818057,0.00011751143967984221,0.00012398724988346374,0.0002845134922595871,0.0035485556913440156,0.00012804797140435157,0.0001230911854794039,0.00021432660823468208,0.006276929105523243,7.260392247949322e-05,0.00031042863433681915,0.0004930951444341952,0.00045752904971221083,0.001983098668321359,0.0003071136103418145,0.0004302825273184938,0.0006649689690992736,0.00011578681431176955,8.946735919427283e-05,0.00016596710014112734,0.0004225526425719215,0.0006176037685245776,0.001031064575786176,0.013485827091918123,8.151977460935732e-05,0.00012233427320658326,0.0003259221830842099,0.00015966260969123668,0.00021226744001771376,0.00028533179054354165,0.00041986374003679934,5.5819430790672756e-05,0.0032532797750456713,0.21308059563872936,0.00010151089122844759,0.00016024235327401768,0.00045135323601943396,0.1860467160195725,0.0011324678452787613,0.0001248478224226779,0.0002255374759763502,0.00017486300730816268,0.00016333222945567993,5.509268141822689e-05,0.003639339114883104,0.0001925687582411169,0.0005481187949241802,0.000819237529004824,0.0002851594698574671,7.261088341011533e-05,0.0008716439334773398,0.00022351335886230107,0.00013413863584577375,0.0005004608912613827,0.00017578159282273647,0.0010987081341497843,0.0008266330583345053,0.0035699474640432326,0.00034210340425589413,0.006443206334803402,9.252713447854044e-05,4.619797459878861e-05,0.0013315178336035305,0.00024342332845659638,5.579669035957608e-05,0.00010461518630041436,0.00027938368457882713,0.0001991941365255656,0.00030536754081521495,0.00011253476010861135,0.004956638434668152,0.0004485086026669665,0.2658388752925758,0.05752735093836396,0.00012160263623234805,0.0004273297068996739,0.00034763540903887574,0.0009260155991034892,9.590556246169716e-05,0.0006915560532358097,0.0007113156191285982,0.0004232889604846513,0.00012173375880153828,0.0031449759033109178,0.00010789469703410782,0.001391822573808441,0.00045901399233504636,0.0006746758417733393,7.734015719513201e-05,0.001128224570063856,0.1950184912203728,0.00015018578400195152,0.0001231889029041483,0.0004807482033505487,0.00014089792129060795
OertelLudwigChristianvon,9.267390987473835e-05,0.00033020406682943615,0.0009799080811830107,0.0004865157355185844,0.00041998547647058494,0.0001279613001156677,7.43108708613854e-05,7.840598787361199e-05,0.00017991818872465658,0.0022440050470178483,8.097387193123968e-05,7.783934239301033e-05,0.00013553401226364402,0.0039693502984681946,4.5912642395522915e-05,0.06703787409722521,0.00031181925521682843,0.00028932827494180293,0.0012540548345634204,0.0001942098565047132,0.00027209835407165066,0.0004205073422995531,7.322026714348114e-05,5.657659708287319e-05,0.00010495284356508101,0.00026721019621450155,0.0003905549452153258,0.0006520157250199943,0.4931294184206056,5.1550772079293544e-05,7.736069273717926e-05,0.00020610385953926945,0.00010096606426133782,0.00013423185322389525,0.00018043565713684448,0.000265509811217171,3.529861028290393e-05,0.002057281009389642,0.0010629337343742112,6.419258201289222e-05,0.00010133267750878102,0.00028542286713607564,0.0006778740468755825,0.000716140250127641,7.895018931478766e-05,0.00014262344412887268,0.00011057836062525395,0.00010328662676290256,3.483903478190118e-05,0.01901180586413041,0.00012177497071417207,0.0003466146368156184,0.0005180623638731653,0.01689071866507583,4.591704428880194e-05,0.0005512026740053259,0.00014134345040332373,8.482543378768247e-05,0.00031647714267667105,0.00011115924781151092,0.0006947915751317593,0.0005227390849351048,0.018967924570373242,0.00021633640064458283,0.020784891237432244,5.851151139107627e-05,2.921427678719043e-05,0.0008420137652310353,0.00015393394528115633,3.528422988518979e-05,6.615564936052278e-05,0.00017667424518054488,0.00012596467029954742,0.000193105692114764,7.116376115067295e-05,0.0031344362695982504,0.0002836240024274215,0.01771536768069026,0.002957866140384437,7.689802645670534e-05,0.000270231074958931,0.0002198346821238389,0.0005855857590383343,6.064793254509192e-05,0.017147712231899752,0.0004498156371733991,0.00026767582258649446,7.698094461627055e-05,0.0019887927409436394,6.822951807733868e-05,0.017590540735410554,0.0002902673101521853,0.000426645690733677,4.8907701661939316e-05,0.0007134569243392477,0.2737176395377255,9.497319095563248e-05,7.790113609540111e-05,0.0003040114030885613,8.909981242839005e-05
OsmundEmanuel,0.0018015246936161078,0.0016710683026083886,0.004522837352507711,0.002196135880035537,0.0022323656701031015,0.0005223200601522467,0.00023261265112983507,0.0014959243296389548,0.0014154674731677046,0.037085371789117784,0.0002163751559578875,0.00038262398982642,0.00041153585204571635,0.04770146963475411,0.0008635331643748795,0.00016686312685273115,0.0002650509280884016,0.00801318924202022,0.010342070510821522,0.0016100272255559396,0.0008958072502733686,0.0031101041939639367,0.00020082808221404076,0.0001605194705960512,8.921145223407694e-05,0.0005355109511710941,0.0009037821664958094,0.0031628114519216184,0.23478111368509114,0.007604683718619826,0.000458026952458313,0.0006111548862482762,8.582263150905156e-05,0.0020126339875165436,0.000994760450002931,0.00022568722329463603,3.0004335072921272e-05,0.01873637747125178,0.004710375474667744,5.456463369164532e-05,8.613425813203468e-05,0.041079249711650806,0.003515875450496124,0.002546855962325303,0.0002266865333961081,0.0014385264948202736,0.0006984768278896247,0.00021600784856341126,0.0001838028770527258,0.0253176381995614,0.00010351050637743714,0.0018413349370487225,0.0014308792075094273,0.0002891214805902859,0.0010938321388092472,0.0025719335349737474,0.0013634325394499018,7.210285950844354e-05,0.001132875825430198,0.0023796717795164517,0.004476203116995187,0.0011864424477400445,0.02060623785944198,0.006766033581064591,0.04866366204913082,0.00022130522093085945,2.483256260262651e-05,0.004825992683725996,0.004424815378575503,2.9992111524514172e-05,0.0010768814643654088,0.0018621412082792856,0.013095001612498377,0.0016928796373990036,0.0015919654263636313,0.019653282015220305,0.004285820996820499,0.003789396341066535,0.009026504835132471,6.536444731850614e-05,0.0005013826852437218,0.0005798705086749584,0.0023476984517459693,0.0030767832754092696,0.1001265030284005,0.12712717996357867,0.0026616041308869954,0.0005889107762282324,0.02162583181413211,5.79960883969394e-05,0.03475647430258969,0.002413147458188525,0.00036265507790801525,4.157226181286855e-05,0.0012302057646347343,0.0634023565648908,8.072860153810293e-05,0.0005696442448406225,0.000908867387054645,7.573614387676447e-05
OsmundEmanuelANDBraunHenriette,6.536643930071626e-05,0.00023290550836184762,0.04783707086433082,0.0003431580834088408,0.00029623175705010565,9.025598000728729e-05,5.24142882944036e-05,5.53027303378099e-05,0.00012690315298298277,0.001582782251171392,5.711395679422114e-05,5.490305369243217e-05,9.55973023884359e-05,0.03815916226056106,3.238393584924716e-05,0.00013846222954376014,0.0002199380003117939,0.18878769170464446,0.0244574848326634,0.00013698361074842902,0.00019192133545773275,0.02386955203009819,5.164504394263426e-05,3.990562936275545e-05,7.40272390320772e-05,0.00018847353149334265,0.0002754732821191897,0.000459891531178934,0.2888905854729828,3.6360723515181385e-05,5.456544385470675e-05,0.00014537290422327764,7.121521170188557e-05,9.467884000839104e-05,0.00012726814316847332,0.0001872741851739083,2.489745462963389e-05,0.0014510786736693078,0.0007497276582219057,4.527747368567378e-05,7.147379799244161e-05,0.00020131962215583986,0.000478130390727175,0.0005051210017365242,5.5686576347113415e-05,0.00010059774877427847,7.79951305340756e-05,7.285199284241451e-05,2.4573298519990984e-05,0.0016232748921150718,8.589252619527402e-05,0.0002444805085786491,0.0003654091222424153,0.00012719128200377645,3.238704067227902e-05,0.012175260336147884,9.969492043478697e-05,5.983061010735332e-05,0.0002232233857921832,7.840485239702875e-05,0.0004900629679257657,0.000368707791779881,0.0015923237438502315,0.00015259030530149497,0.09716570828122964,4.127039814018371e-05,2.060594241578176e-05,0.0005939043874347747,0.00010857547614146016,2.4887311587265525e-05,4.666209987437729e-05,0.00012461507601441914,8.884768093090392e-05,0.00013620480153803545,5.019451191768622e-05,0.002210837315870137,0.011986526904942656,0.02428179983117333,0.002086295676813636,5.423910770055112e-05,0.00019060427236042667,0.00015505777650541517,0.0004130359453408267,4.277729737291801e-05,0.0003084586355575005,0.18890088955543136,0.00018880195551281936,5.429759303748653e-05,0.0014027712886864382,4.812487849004842e-05,0.0006208024498466638,0.00020473659237740853,0.012087405550507444,3.449646525482501e-05,0.0005032283498293356,0.016266337829086434,6.698820984447226e-05,5.4946639144928476e-05,0.00021443082474424552,6.284549220678928e-05
OttoGeorgChristian,0.00013655018538851063,0.0004865385155600346,0.018154235562310665,0.0007168556281836474,0.004941795659875145,0.00018854431929079757,0.00010949320263080671,0.00011552714452408613,0.0002651000919063819,0.003306424705693423,0.00011931078810402365,0.002028036801809017,0.0001997023167152902,0.03707347454835555,6.764989023619463e-05,0.00028924694867538505,0.0004594494520099197,0.001454434491724575,0.0018477845639452305,0.0002861581209408265,0.0004009227704173995,0.0006195956944715663,0.00010788625478468138,8.336267273884901e-05,0.0001546425554423456,0.0003937203240923851,0.0005754623954642219,0.023607242275733013,0.04795770403280848,7.595738103488822e-05,0.00011398695651584818,0.0003036833156971003,0.00014876824352688805,0.0014837174470582399,0.00026586255469350793,0.0003912148952512889,0.010339481017657661,0.004145322681368917,0.001566177564761025,9.458443035667109e-05,0.00014930842907611024,0.00042055574728886325,0.0009988121456840826,0.0010551954056031436,0.00011632899703879793,0.0002101482257829519,0.0001629314621962651,0.00015218747165940765,5.1333505456449324e-05,0.012303222698131888,0.0001794290847248835,0.0005107186367718531,0.003681538354397691,0.0002657019920806318,6.765637619695884e-05,0.01692959710696524,0.00020826222161245684,0.00012498586414477175,0.026267697063114305,0.00016378736924799528,0.003185223697313023,0.0026835734291676475,0.010495124394757692,0.01574062537057401,0.020268249356127973,8.621366831951603e-05,4.304571714600251e-05,0.0049156816017731425,0.0002268136608689306,5.198947728250355e-05,9.74769079764392e-05,0.0002603203098411055,0.0001856023891195987,0.3923640412379845,0.0001048561001818368,0.013574947005639514,0.00041790521371595606,0.004060459204224841,0.016896040717075886,0.00011330524181904602,0.0020262658185209266,0.07605113588394811,0.0008628301543081084,8.93615737552863e-05,0.0006443686442256951,0.0019487137363284192,0.0003944064003300593,0.00011342741741383862,0.007386487176232418,0.0001005326456499161,0.0012968534086156747,0.0004276937820696121,0.0006286402315779841,7.206295426501918e-05,0.0010512416646380964,0.18689298509059177,0.00013993805645471204,0.00011478327169081949,0.004760486890822481,0.00013128393872259217
PohlEduard,4.372243502756187e-05,0.0001557863035810269,0.0004623088361159745,0.00022953226711648804,0.00019814409181963532,6.037060093732688e-05,3.505897428380877e-05,3.699100119126686e-05,8.488323550202021e-05,0.08778007401579384,3.820249797628103e-05,3.6723664675059066e-05,6.39433153649349e-05,0.009756453454033791,2.1661031964608265e-05,9.261489381649816e-05,0.01591463610696528,0.0001365015970501077,0.0005916479740555869,9.162587231095184e-05,0.00012837272780531704,0.00019839030183528057,3.4544440578892935e-05,2.669215740848717e-05,4.951548812318926e-05,0.00012606655377421654,0.00018425912147173532,0.0003076131697979233,0.0040234318165072456,2.4321033675001464e-05,3.649784352964364e-05,9.723731975715228e-05,4.763457364237426e-05,6.332897240597349e-05,8.512737086936666e-05,0.0001252643326024962,1.6653459390496568e-05,0.0009706004137308387,0.0005014793397904143,3.02852874137252e-05,4.780753735905832e-05,0.03166970614501892,0.03185485988711141,0.0003378663487830543,3.7247748879865195e-05,6.728802397309388e-05,5.216953934960568e-05,4.872938709460907e-05,1.6436637201705666e-05,0.001085779365705729,5.745196519959248e-05,0.00016352861294248496,0.00024441558660129363,8.507595981936068e-05,2.1663108724865285e-05,0.0002600507859632838,6.668413834253567e-05,4.00196184932698e-05,0.00014931010601680668,5.244359493109341e-05,0.00032779430092520935,0.0002466220072977879,0.0720189326123764,0.00010206490946658217,0.4828317675530445,2.7605026685705065e-05,1.3782944093236347e-05,0.008281013725974423,7.262418225570333e-05,1.664667489197291e-05,3.121143895602569e-05,8.33527819899993e-05,5.9428615026433435e-05,9.110494084421485e-05,3.3574205808655214e-05,0.001478789298204624,0.0001338103899484903,0.00047413543788043426,0.001395485636874333,3.627956314830647e-05,0.0001274917679991045,0.00010371535655456664,0.00027627231156239544,2.861296446694483e-05,0.00020632243083960403,0.00021221760252996785,0.00012628623069109744,0.1340602687404527,0.10342719145832988,3.218986525042975e-05,0.00041524358782190187,0.00013694462255782648,0.000201286300730226,2.307406487059645e-05,0.00033660038797920583,0.002996498905078844,4.480720816171986e-05,3.6752818199945896e-05,0.00014342892014746852,4.203621887901093e-05
ReckeElisavonder,4.514612004842315e-05,0.0001608589997088579,0.0004773624845364072,0.0002370062710298583,0.00020459603749278799,6.233638166753291e-05,3.620056066853677e-05,3.81954980192562e-05,8.764719388700695e-05,0.0010931676604436693,3.944644342657512e-05,3.791945652142022e-05,6.602543042124135e-05,0.04263602973093362,2.2366356055660605e-05,9.563060959152506e-05,0.00015190283380140572,0.00014094634672887958,0.0006109131489653301,9.46093836787478e-05,0.0001325527861563289,0.00020485026457132187,3.566927277488567e-05,2.7561304441422985e-05,5.112780588859232e-05,0.00013017151874533068,0.00019025894629921816,0.0003176296352986415,0.16696388102582213,2.511297244312211e-05,3.768628221321964e-05,0.00010040355044672132,4.918564528161419e-05,6.539108329581957e-05,8.789927876277702e-05,0.0001293431757378782,1.7195727465566627e-05,0.001002204995438131,0.0005178084537540113,3.127143354250825e-05,4.936424102342312e-05,0.0001390438262689818,0.00033022652372517985,0.00034886791490150817,3.846060589726684e-05,6.947904905560496e-05,5.386827803308582e-05,5.0316107926571255e-05,1.697184513700589e-05,0.009261606325226492,5.9322709640567506e-05,0.00016885341327855215,0.00025237421949284993,8.784619367193241e-05,2.2368500439151968e-05,0.3584492836136945,6.885549976893982e-05,4.1322732817838755e-05,0.00015417192492660298,5.4151257381651064e-05,0.0003384679021520563,0.00025465248541235925,0.025521173408624462,0.00010538833559029956,0.06710866887629886,2.8503898465562238e-05,1.4231742771455875e-05,0.00041018723154041765,7.498896272514805e-05,1.7188722050963706e-05,3.222774232735459e-05,8.606690591954419e-05,6.136372291716114e-05,9.407148970007334e-05,0.2523892973903343,0.001526941469316245,0.00013816750884374814,0.0004895741827798058,0.025862341084647363,3.746089421061064e-05,0.00013164314063580752,0.00010709252435107528,0.00028526825955573474,2.954465660367844e-05,0.0002130406786697824,0.0002191278082789054,0.000130398348757317,3.750128781427951e-05,0.0009688409170977321,3.323802802891385e-05,0.00042876470291117056,0.00014140379798344442,0.0002078405626571648,2.382539998049921e-05,0.00034756073202408817,0.03565595830086299,4.626621544359336e-05,3.79495593401115e-05,0.00014809923654323965,4.340499751894641e-05
RichterCaroline,0.00046198735544620894,0.0035313320457013076,0.01802664065260923,0.0016665690233118005,0.0019382652397301491,0.0012720300767844674,0.00030534475085665445,0.0008915524409806983,0.0005591888163483493,0.04881259409204083,0.0009361928086859036,0.0019480190178926477,0.0005500921781594606,0.09260344957365614,0.0003035400395119992,0.00285572136287473,0.001493814274060968,0.0038401068227139614,0.04560997313671672,0.00476500647302968,0.0010394000604837716,0.002140265927120994,0.0005935035386840188,0.0001123698940157282,0.0005660376852279381,0.0005898166334232163,0.0017708504683442128,0.002820896343146642,0.10729790625967998,0.0013261914648894826,0.00071337088636526,0.0009905606355079771,0.0008089199993855585,0.0025869697775956083,0.0020562543568505586,0.0030858550310617463,0.0002256315111891988,0.031413822991038357,0.014733551043790618,9.767335082580334e-05,0.00039664292719793356,0.003451794320370326,0.011324083266597009,0.002668681257451549,0.0008781119907289728,0.0032815844725484,0.0033874758343656604,0.0007816933769761617,0.0014435798286708654,0.09583084056481068,0.0008637232656926825,0.002041611978661381,0.004668982967910062,0.0008888137761139597,6.986588535733571e-05,0.021216353805550127,0.0011287901186730794,0.0001290676288987922,0.0012420787744922249,0.002167444276931344,0.00837355108811579,0.0030777356063847053,0.04239980806167843,0.0012490726450599579,0.038116637178198645,0.0005318736990536104,4.445149604956371e-05,0.003562862172605498,0.0013042404731647642,5.3687339816028665e-05,0.0005193959484321029,0.004845641677638829,0.0033232144480095276,0.000592045975685035,0.00019276253379776998,0.033357950786192664,0.0021666420168937914,0.047081769459667945,0.024669853071194653,0.0015387584368732022,0.0025129608711265084,0.010030342331947318,0.005725660958281318,0.00018737061018879835,0.00306267112060692,0.0009579297715348766,0.0013889209669877094,0.0003013610265314048,0.035483526811294894,0.0012888197728647061,0.005673190510493186,0.0018719570924471023,0.003497030630448968,0.0005814963109530812,0.07768800102250566,0.05985263589658986,0.0003814282317611556,0.00135920655488563,0.004419689317577354,0.001531357718723813
RichterCarolineANDJeanPaul,0.00019255334381696644,0.001564807817826974,0.012623265327467922,0.0017993498978170989,0.0014584426441638493,0.00026587176746661195,0.00015439951422844753,0.0001629081492379317,0.00210990625965045,0.03077528817628603,0.00016824357387361198,0.0001617308008105685,0.0018044223154985027,0.06694865924622369,9.539505594055425e-05,0.053177318911123435,0.0006478828867765615,0.0013740581974074335,0.025148896901593193,0.0008319656879494751,0.000565352729742451,0.0010268482681109292,0.005571401881765143,0.00011755210247217615,0.0002180659151952327,0.003452039175408349,0.0015368085986419181,0.006190660120351709,0.10128451076046179,0.00010710968765244733,0.0021214551861997314,0.0004282325778798997,0.00020978237900868746,0.00027890041781926324,0.0024811810834993713,0.0023757286227343356,7.334173610730368e-05,0.05812116685272513,0.005272484896436347,0.0062884548516329184,0.0002105441101882417,0.0005930377551045593,0.004164479852761691,0.004495289503276943,0.00016403886453148116,0.0008039415023545456,0.0021307720405543316,0.00021460393094079557,7.238685247744446e-05,0.1728638506614665,0.0022203309055885303,0.0007201790387927033,0.0051031013064869605,0.0008922632482044661,9.540420198037443e-05,0.005585834503130091,0.009223803779687468,0.00017624616182288869,0.0011751500460177448,0.0031720396307176866,0.014188031775409294,0.0012481434416713867,0.04663124627164337,0.0055806726247979105,0.07757501377321963,0.0001215723733396445,0.0014378835047505355,0.010331874887909492,0.005712232063266087,0.0009644305931182725,0.001910397665722895,0.0018965173614975373,0.00026172326711761107,0.0017274257111501985,0.00014786060269470953,0.03225192407078008,0.0008958573558745085,0.013248027750039266,0.03480600695629189,0.004808030608427538,0.0019359539976507348,0.0004567618134068133,0.0020228466938268437,0.0007402491005194637,0.006582799003806165,0.007723962781420749,0.0016633372446199618,0.0001599472636482786,0.02467284627679586,0.0001417639751098158,0.012488619058120664,0.005950210368556714,0.0012440794418423682,0.004692772560157486,0.0032133509612691873,0.03455462270075294,0.0001973306782479802,0.011310555834031616,0.011054248114476879,0.0001851272579277205
RichterCarolineANDOttoAmöneANDOttoGeorgChristian,0.0001858353623006612,0.0006621452842050302,0.001964971301352517,0.000975590952159814,0.0008421804290594826,0.0002565957840734286,0.00014901267927584772,0.00015722445705299503,0.00036078289813516615,0.0044998154440740465,0.00016237373439373032,0.00015608818506095354,0.0002717810471913864,0.007959582711154682,9.206682382652398e-05,0.0003936451008727352,0.0006252789414395607,0.000580178659455605,0.0025147070501394114,0.0003894414198634208,0.0005456281738697017,0.000843226906169704,0.0001468257343490919,0.00011345083455360098,0.00021045782717880082,0.0005358261423422312,0.0007831645372522369,0.0013074616000187506,0.2181531346570605,0.00010337274448852936,0.00015512836765035025,0.000413291998371649,0.00020246329476589944,0.00026916987866238096,0.0003618205572777238,0.0005324164268952771,7.078292088355484e-05,0.10465146897800356,0.0021314593923577453,0.00012872287088679836,0.00020319844995418188,0.0005723472981211138,0.0013593142802069019,0.0014360479990586134,0.00015831572289169888,0.0002859972072839233,0.0002217384562406244,0.00020711662787553615,6.986135212867236e-05,0.4402279655219395,0.00024419057998533014,0.0006950527575496271,0.0010388501706125788,0.000361602042661644,9.207565077073537e-05,0.0011053051367242986,0.00028343048599147454,0.00017009712055476414,0.0006346192207568523,0.00022290328656730191,0.0013932383371175008,0.0010482282162146183,0.004526941699807574,0.00043381091233710666,0.008170433803653478,0.00011733084244332605,5.8582245191094664e-05,0.0016884572296059616,0.0003086777123179471,7.075408443516449e-05,0.00013265933296399584,0.00035427794518111774,0.00025259202049249696,0.00038722728225205807,0.0001427019034158384,0.006285362304843279,0.0005687401051655724,0.0020152384198764183,0.005931293139332999,0.00015420060107643118,0.0005418837921888407,0.00044082587919245955,0.0011742521906768074,0.00012161492411981862,0.000876941178176851,0.000901997682148159,0.0005367598446717541,0.00015436687361467772,0.003988048200984892,0.0001368179806877663,0.0017649278348121473,0.0005820616699897496,0.000855535895902898,9.807269888498167e-05,0.0014306672309359481,0.1467709278651417,0.00019044602061082155,0.0001562120975524758,0.0006096221613273617,0.00017866836465550134
RichterCarolineANDRichterEmmaANDJeanPaul,0.0002794882147490893,0.0009958373965853853,0.0029552304483346217,0.0014672459007202662,0.0012666023392987964,0.000385908778151693,0.00022410851836909577,0.00023645867111956063,0.0005426016171704763,0.0067675245959372575,0.00024420295785483565,0.00023474976799911328,0.00040874674626922874,0.011970862458831513,0.00013846445536702114,0.0005920249253188261,0.0009403920378749217,0.0008725631965805356,0.003782008845675504,0.0005857027738933772,0.0008206007852527322,0.00126817619486477,0.00022081944934710483,0.00017062506736408915,0.0003165193194124718,0.0008058589607764267,0.001177845032622435,0.0019663647645867255,0.07611470576908129,0.00015546806298399557,0.0002333062448114188,0.0006215729953919795,0.00030449589413875805,0.0004048196636002154,0.0005441622109007607,0.0008007308986505017,0.0001064544010760668,0.006204397735335527,0.003205621217647689,0.00019359353858240783,0.00030560153522123486,0.0008607851734350223,0.0020443489159146897,0.002159753055511253,0.00023809988696405938,0.0004301272260426215,0.0003334848895747043,0.0003114943025543805,0.000105068402184995,0.5108966950984025,0.0003672518965912753,0.001045328789736407,0.001562384984115929,0.0005438335745250534,0.00013847773070304326,0.0016623303314913446,0.0004262669900632907,0.0002558185910865389,0.0009544394073278043,0.00033523674317489265,0.0020953692060554324,0.0015764891524006985,0.006808321291969332,0.0006524325398930827,0.012287973231995562,0.00017646042864778917,8.810512123070891e-05,0.0025393654412192803,0.0004642377084776672,0.00010641103232546657,0.00019951380448208852,0.25251083622457976,0.00037988729374927033,0.0005823728082692492,0.00021461738892548623,0.00945290857393302,0.0008553601138181742,0.003030829984627914,0.008920404115464752,0.0002319109246729997,0.0008149693998244313,0.0006629827416343131,0.001766023669416014,0.00018290349914190226,0.0013188809777338007,0.0013565648581110147,0.0008072632080303121,0.00023216099126044038,0.005997849161900974,0.00020576822782594336,0.002654373869460622,0.0008753951616383503,0.0012866883742654231,0.00014749702740989568,0.0021516606168173213,0.0191546085882488,0.00028642244214247383,0.00023493612693861718,0.0009168449289280367,0.00026870936538394067
RichterEmma,0.00017987021278641332,0.0006408910106828206,0.022361126864151554,0.0019910778684455893,0.000815147187833922,0.0002483592880816309,0.012129418160814543,0.00015217769209929265,0.0003492020886330541,0.02313018085806194,0.004280789057114834,0.0001510778934255554,0.0006513628973531182,0.049268396758625835,8.911156083121416e-05,0.002574647198462661,0.0006052080446650108,0.001192354844473478,0.02282859574889847,0.007122131263916425,0.0010343687676285535,0.0008161600739615206,0.00014211275912689186,0.00010980916387128207,0.002265311426070663,0.001766912625981127,0.0007580256535590027,0.001265493247861795,0.09112251142552846,0.00010005457151575263,0.02408860816898933,0.002159257237447755,0.004135725367591073,0.0055382243971400895,0.0003502064398418926,0.0005153263340789613,6.851085220459984e-05,0.07951912630364491,0.007252047145193813,0.00012459098144855095,0.000852288981868803,0.0005539754599246538,0.004201419206389801,0.003735594196621334,0.0001532339292771051,0.00027681695180947915,0.00021462084940757257,0.0002004683687020989,6.761886498545134e-05,0.04704843959277005,0.0024644045438037593,0.003172497278017576,0.0015625170719079297,0.0003499949393502498,0.0015123138703043244,0.0010698258268782024,0.0035388658528018395,0.00016463715457471233,0.0006142485093402305,0.002309353322534903,0.02797282243457681,0.0029814200878561336,0.029793301182511313,0.0004198859686613361,0.09065100228773985,0.021428981618816165,5.6701807328682684e-05,0.01231548159131466,0.0022656084960506065,6.84829413805039e-05,0.00012840108660122694,0.02975605442066537,0.00024448404174351186,0.001797991397452847,0.00013812129949145708,0.053606258238104394,0.0033650860282453316,0.15086247490146712,0.015022831812699955,0.00014925089920473026,0.0015853345431038667,0.0012428090695370307,0.001961203384878236,0.00011771119343822251,0.0008487921478832393,0.004551637620960126,0.011163570623466056,0.00014941183454268036,0.01434750593693785,0.0001324262454392317,0.002363888245278731,0.0010696327809925092,0.001528143259194197,9.492465265270303e-05,0.0055105721035611805,0.047525353973910424,0.004118010999485685,0.009944797526892847,0.0005900538332411646,0.00017293326937846843
RichterEmmaANDJeanPaul,5.392573941221728e-05,0.0001921414396432232,0.000570195731519524,0.0002830971608835714,0.0002443840708963355,7.445901154071176e-05,4.324052651908587e-05,4.562342169597389e-05,0.00010469204734965704,0.07909423038078582,4.711763993624871e-05,4.5293698081557093e-05,7.886547396889096e-05,0.002309713166524658,2.6715967772308012e-05,0.00011422800734886597,0.00018144355755856504,0.00016835634948591903,0.06879463212500406,0.00011300818242494421,0.0001583304832610796,0.0002446877378155269,4.260591844035916e-05,3.292118391513633e-05,6.107069077274906e-05,0.0001554861279601465,0.00022725882862071177,0.0003793994461614959,0.004962361669541546,2.999672189728509e-05,4.501517808984657e-05,0.00011992914765751647,5.875083589538104e-05,7.810776460769464e-05,0.00010499315546937936,0.00015449669610828628,2.0539800924576712e-05,0.17622116948927474,0.0006185072762096032,3.7352826210780216e-05,5.896416336233922e-05,0.00016608384362191967,0.00039444606637970464,0.00041671267094677857,4.594008541658585e-05,8.299072190395411e-05,6.434410577656084e-05,6.010114094799277e-05,2.0272379934776984e-05,0.001339162722691448,7.085926715014808e-05,0.0002016905362754571,0.00030145373246107983,0.00010492974685813016,2.6718529176593272e-05,0.00032073764667860333,8.224591024998889e-05,4.935881354467098e-05,0.0001841539215187175,6.468211645374419e-05,0.0004042901554170023,0.0003041750554486461,0.0013136287701969547,0.000125883329863876,0.0023708979750998714,3.404708531403234e-05,1.6999406621257188e-05,0.0004899568276197848,8.957215500183496e-05,2.0531433158710086e-05,3.8495109496119565e-05,0.0001028044389120271,7.32971986927128e-05,0.00011236568356802613,4.140926442610928e-05,0.0018238875828916765,0.0001650371077105091,0.4867627392058992,0.011444702866757412,4.4745958615785526e-05,0.00015724393790027093,0.000127918934228642,0.00034074471540144265,3.529024091825705e-05,0.00025447095143118196,0.000261741852335133,0.00015575706987285402,4.479420761133668e-05,0.1372870805029383,3.970186665300788e-05,0.0005121470818210903,0.00016890276182702368,0.00024825956270699165,2.845875369493955e-05,0.010138710417723778,0.003695778128606367,5.5263661083713876e-05,4.53296550310043e-05,0.00017690027024278048,5.184601872506638e-05
RichterEmmaANDJeanPaulANDRichterOdilieMinna,5.239727539415603e-05,0.0001866954081177544,0.0005540341791999976,0.00027507309243792296,0.00023745728114762143,7.234855517607263e-05,4.201492276053135e-05,4.43302774720241e-05,0.0001017246698209428,0.0012687470572181054,4.578214378833301e-05,4.400989950007849e-05,7.663012141660895e-05,0.1439635849557816,2.5958733918998896e-05,0.00011099034383250776,0.00017630074538649016,0.00016358447940669168,0.04794881444809385,0.00010980509346472322,0.00015384278500669128,0.00023775234097186108,4.139830192916512e-05,3.198807023705365e-05,5.9339711199325854e-05,0.00015107904973581145,0.00022081743447165342,0.00036864579849247886,0.0615094443447792,2.9146498783433777e-05,4.373927384213661e-05,0.00011652989177508833,5.708560998145012e-05,7.589388846922465e-05,0.0001020172433719868,0.00015011766220935827,1.9957623526667106e-05,0.05785090959843291,0.0006009763878638933,3.6294102650225066e-05,5.7292890922929675e-05,0.00016137638514801878,0.000383265939299415,0.00040490142217476736,4.463796571806572e-05,8.06384438703889e-05,6.252034496167403e-05,0.2740491177628169,1.9697782281995368e-05,0.09578076433407964,6.885084146390422e-05,0.00019597384641935719,0.0002929093677810727,0.00010195563200601948,2.5961222723180232e-05,0.00031164670128723017,7.991474305932964e-05,4.7959793868732504e-05,0.00017893428714941178,6.284877510897636e-05,0.009840786875009734,0.00029555355795018605,0.001276395450260665,0.00012231530942933232,0.07788734448663824,3.308205923577017e-05,1.6517577690728012e-05,0.0004760695561686566,8.703333369993379e-05,1.994949293564829e-05,3.740400920936456e-05,9.989056350694721e-05,7.121967259761179e-05,0.00010918080551033791,4.023556571785657e-05,0.04901197088587393,0.00016035931778069203,0.15173550112207554,0.0016723598577663905,4.3477685089203335e-05,0.00015278703654372932,0.0001242932168935001,0.00033108669230315135,3.4289979002144174e-05,0.0002472582604761044,0.00025432307592751063,0.00015134231210681826,4.352456652161281e-05,0.0011244515429420527,3.8576562201174264e-05,0.0004976308527428989,0.00016411540430874582,0.0002412229265315165,2.7652122548186512e-05,0.0004033842857930532,0.013038981348884343,5.369727519093833e-05,4.404483729051131e-05,0.000171886232404847,5.0376502034804e-05
RichterEmmaANDRichterCaroline,0.0004006273605648913,0.0014274652264102876,0.004236121996915641,0.0021031972780424088,0.0018155883693848926,0.0005531740053817018,0.0003212443296577744,0.00033894743425355806,0.0007777825405640215,0.009700786556822643,0.0003500483429519669,0.0003364978377751499,0.0005859106805070107,0.017159417741003838,0.0001984793861005748,0.0008486274937640497,0.0013479880730151493,0.0012507600389732119,0.005421252637919986,0.0008395651193775555,0.0011762754539343255,0.0018178443843724016,0.0003165296727546956,0.00024457943761832464,0.0004537089322991839,0.0011551440504683325,0.0016883608026106653,0.0028186502470288885,0.036866585039099294,0.00022285290197774737,0.00033442864539392765,0.0008909826439939841,0.00043647416933545203,0.0005802814744032064,0.0007800195456114048,0.0011477933219370185,0.00015259514882195915,0.008893582474787913,0.004595040147041446,0.0002775031800690273,0.0004380590306828346,0.001233877043281621,0.002930435227803349,0.0030958592185299,0.000341300005622226,0.000616558145148463,0.0004780279240701807,0.00044650591215588916,0.00015060841361033507,0.6600970170003677,0.0005264306336705472,0.0014984077748342822,0.002239572688009464,0.0007795484677024369,0.0001984984153925109,0.002382837550736147,0.0006110247592311165,0.0003666985637388608,0.001368124022403357,0.00048053908714218923,0.003003569346151384,0.002259790054662877,0.009759265847857405,0.0009352177036826756,0.08985264706470146,0.00025294403142107246,0.00012629270326334463,0.003640007773274797,0.0006654532034170764,0.00015253298266550936,0.0002859894788682833,0.0007637590409441652,0.0005445426167380304,0.0008347918399748302,0.0003076394406602665,0.013550101978489082,0.001226100589032356,0.004344488794107078,0.01278679302867629,0.0003324285488077452,0.0011682032456571743,0.0009503407008394996,0.0025314749031848656,0.0002621797350742923,0.0018905262444897327,0.001944543525844225,0.0011571569434678085,0.0003327870022651897,0.008597509132740854,0.00029495476965291794,0.0038048645386679625,0.0012548194684104882,0.0018443803353721448,0.0002114269642297556,0.003084259257660733,0.02745682957777997,0.0004105671042519815,0.00033676497064913586,0.0013142348927073734,0.0003851766125791029
RichterMax,0.0023616208962826063,0.0083626418116403,0.019828261709750307,0.000483828318490502,0.001592992023754827,0.00012725446711570344,7.390039225782768e-05,7.797288865084877e-05,0.00017892435611300425,0.025171619807844565,8.052658822308616e-05,0.0023468682720276723,0.0002837166546783046,0.040085511419023986,0.016250762540709947,0.00019522182613075352,0.00753372528012199,0.002258005220784543,0.24843909289479452,0.00019313707953721,0.0013225782928327544,0.003520430561230427,0.011184687542895472,0.0006614531187973398,0.004669626083001498,0.0002657341797592091,0.003644825185160479,0.0011256719163957772,0.10166996098608716,5.126601577526769e-05,7.693336751871627e-05,0.0033089434465013723,0.00010040834762332367,0.005007538374652059,0.00017943896613167908,0.08919538418732416,3.510362771725102e-05,0.0397801494055648,0.0055550324051460405,6.38379948425633e-05,0.001250852543259173,0.0008245314499911991,0.0023745997580198654,0.002144503744993262,0.0007853514923454789,0.00014183562033536856,0.0006428740794251972,0.00010271609179502542,3.464659082073097e-05,0.01579872749527041,0.019414952777737315,0.0014947796133692201,0.0006928362001108776,0.0028827566099685785,4.566340758665207e-05,0.0026066527417759654,0.00014056269704286573,8.435687481099794e-05,0.0005846705814978881,0.002270077995460544,0.010546220441132024,0.0005198515772646666,0.013732349685600258,0.00021514140100851426,0.058049887483100526,5.818830533509207e-05,2.905290288051232e-05,0.020288998521568624,0.013226410822371281,0.001289950336162757,6.579021859309689e-05,0.0009230796984689962,0.0005402918643125491,0.000192039014333714,7.077066656084461e-05,0.027047039088915727,0.0024641738381526454,0.03648666702209925,0.022001138761257557,7.647325691558162e-05,0.00026873837176488616,0.001048666354717226,0.0012383643227276463,0.0023604721402952005,0.0032187526659199278,0.004786763358542602,0.012111113555968507,7.655571705157702e-05,0.014714867647744373,0.0017641910078241326,0.0008752869885516942,0.0002886639307441849,0.0004242889840322718,4.8637545157935235e-05,0.0067069124856813,0.0384649625734579,9.444857776853084e-05,7.747082557435165e-05,0.0005158018290533112,0.001428989392881763
RichterOdilieMinna,0.00015207753533904068,0.0005418636238637523,0.0016080254523257382,0.0007983704805519923,0.0006891945772674192,0.00020998400916366841,0.00012194385782117222,0.00012866392933845433,0.00029524506671719185,0.013053089594484223,0.00013287781735772826,0.01025081800628432,0.00022241080113621873,0.056797094428560076,7.53424723943491e-05,0.00032213770295321567,0.000511694217592915,0.0004747866040886615,0.0826785874795019,0.00031869763945112633,0.0004465123691549987,0.000690050957117524,0.014191134827372798,9.284198167383733e-05,0.00017222721904983697,0.0004384909206128126,0.0006408991868704027,0.004587700498447099,0.07145861541959765,8.459462186542098e-05,0.00012694860397595003,0.0003382156534127173,0.00016568492930212417,0.0002202739630805879,0.005693534518192861,0.004622985240235361,5.792488587104084e-05,0.07018496198340402,0.005906202557223094,0.00010533978411793474,0.00016628654025356844,0.00046837784466120634,0.009603236681873926,0.001175183439909907,0.0001295569618436525,0.00023404453199396826,0.011573039870921757,0.004850340947157264,5.7170724213362114e-05,0.027171100126420777,0.0001998322660307141,0.0005687933070980161,0.0031905623700663253,0.00029591540996688867,7.534969588455907e-05,0.005066453824030309,0.0002319440671350448,0.00013919821578621137,0.0005193377932846812,0.00018241190492734627,0.005411993294920835,0.005655717070477427,0.010725874413815254,0.0003550072146369586,0.02219780256511216,9.601716873005953e-05,4.794051763342645e-05,0.0013817414017705803,0.00025260502157527107,5.7901287692820935e-05,0.00010856117020529984,0.00028992176763944377,0.0002067075471925437,0.00031688570986641813,0.0011636006239393488,0.017352969365587646,0.0047372688643585684,0.33871421172128174,0.007194271132804715,0.001550137020319412,0.00044344817119856947,0.003308226681909703,0.0009609440141735752,0.0016988244313029732,0.0021415885303776605,0.0007381457580752991,0.0004392550117268839,0.0029742207386639742,0.011328126726105359,0.00011196438092012121,0.0014443207785999823,0.000476327557314705,0.0007001239636646262,8.025735331441181e-05,0.0794220729160751,0.05523623140509661,0.004399675275448444,0.0001278354694812451,0.0004988815618026987,0.00014621245495733583
RichterOdilieMinnaANDRichterEmma,0.00020660450401220696,0.0007361472882963532,0.002184578414399621,0.001084623950438834,0.0009363033368918881,0.00028527317967795335,0.0001656664819449546,0.00017479601603201974,0.0004011043474314973,0.005002719215868419,0.00018052078164085305,0.0001735327531716451,0.0003021555626428522,0.008849153454021595,0.0001023563020362274,0.0004376392620639418,0.0006951607270331595,0.0006450199934572191,0.4498396624522072,0.0004329657735566802,0.0006066081118353158,0.000937466769306692,0.0001632351219158371,0.00012613021070120777,0.00023397879962918242,0.0005957105956846027,0.0008706917713387872,0.0014535847862466775,0.05626584665680378,0.0001149257834409335,0.00017246566562918294,0.000459481916028662,0.0002250907904605897,0.0002992525673670951,0.00040225797637395336,0.0005919198071069103,7.869368929914423e-05,0.004586442107958806,0.0023696733771679216,0.00014310906474068692,0.00022590810731119726,0.00063631339152623,0.0015112325726493758,0.0015965421269134386,0.00017600924280737428,0.0003179605346810846,0.00024652016281975233,0.00023026418462636025,7.766912511954747e-05,0.005130704801251554,0.00027148155785710097,0.0007727325330231107,0.0011549530809704493,0.00040201504035082157,0.00010236611548835063,0.0012288351190426572,0.00031510695410848086,0.00018910734098747243,0.0007055448850954037,0.00024781517572215257,0.0015489480153150006,0.0011653792261143352,0.11679385444957074,0.0004822940438724671,0.04633722857772627,0.00013044385206470216,6.51294541673167e-05,0.001877160859751629,0.0003431758351238475,7.866163006109929e-05,0.00014748546966681948,0.00039387239457787653,0.000280821951566254,0.00043050418176194817,0.00015865040760717618,0.0069878205388498715,0.0006323030551605918,0.1885087589704118,0.0065941802573628895,0.0001714342109562368,0.0006024452543983387,0.0004900930102794494,0.00130548776312831,0.0001352067268962831,0.0009749489813030276,0.0010028058246464196,0.0005967486494990004,0.00017161906627585945,0.004433756365530685,0.00015210889192453277,0.001962177894531996,0.0006471134510889655,0.0009511514237623034,0.00010903339956088684,0.038844219105925636,0.014159553777521126,0.0002117304540012045,0.00017367051424432216,0.0006777541298739195,0.00019863651570576588
SchillerCharlottevon,5.6681467414693113e-05,0.00020196030446421987,0.0005993340309914933,0.00029756407004738933,0.010477327791973624,7.826403647640924e-05,4.545021582644191e-05,4.795488236961049e-05,0.00011004204921634663,0.03203384985299845,4.952545856234765e-05,4.760830912814676e-05,8.289567916243098e-05,0.002427744765535744,2.8081214522855345e-05,0.00012006531847244736,0.00019071573625992368,0.00017695974207227732,0.000767008409784605,0.00011878315771896426,0.0001664215312675394,0.00025719183805245294,4.478317783071812e-05,3.4603531331758777e-05,6.419154204947499e-05,0.00016343182293784476,0.000238872271934909,0.00039878762125760217,0.20962505242189428,3.1529622649613044e-05,4.731555613103339e-05,0.0001260578000249239,6.175313730859236e-05,8.209924912856244e-05,0.00011035854464621687,0.00016239182886670982,2.1589431494135706e-05,0.0012582797753348284,0.1028546657946674,3.926164063377431e-05,6.197736629458026e-05,0.00017457110598709838,0.000414603158010473,0.0004380076367429152,4.828772832697562e-05,8.723173665478011e-05,6.763223600927425e-05,6.31724460222744e-05,2.1308344683188723e-05,0.001407596985346297,7.448033695556907e-05,0.0002119973816651881,0.0003168587042064585,0.00011029189571063418,2.8083906820728553e-05,0.00033712807032479597,8.644886343033344e-05,5.1881161242386895e-05,0.00019356460598640043,6.798751980127074e-05,0.0004249503023997165,0.0003197190929915893,0.12402621985670367,0.00013231625449192842,0.05359433195162202,3.5786968854346054e-05,1.7868114985060518e-05,0.0005149947365032408,9.414949596129414e-05,2.158063611639081e-05,4.046229719448235e-05,0.00010805797969193352,7.704285234794637e-05,0.00011810782570832649,4.352537207312104e-05,0.03257845780572145,0.0001734708794885635,0.0006146659570865563,0.0018090980889857266,4.7032578929186545e-05,0.00016527946096614804,0.00013445588287214772,0.00035815754578934976,3.709365253898908e-05,0.000267474996147474,0.00027511745663396644,0.00016371661059887268,4.7083293558210336e-05,0.3998141412128747,4.173072238829835e-05,0.0005383189631924737,0.00017753407732748,0.000260946191324254,2.991306077218178e-05,0.00043636645376656956,0.014105095940351304,5.8087759928304286e-05,4.7646103559537753e-05,0.00018594027662316835,5.449546826761978e-05
SchlabrendorffAmanda,0.00014188781005043227,0.0005055568711355996,0.027925247910781825,0.000744876873772907,0.0006430161367956084,0.0001959143481607582,0.00011377319402746545,0.00012004299731460922,0.00027546261748195156,0.003435669891276168,0.00012397454013925838,0.00011917543829582804,0.00020750850172858505,0.006077248946698462,7.029426396204232e-05,0.00030055335329316486,0.00047740892031072874,0.09184559996655801,0.001920012810507993,0.00029734378604407883,0.0004165944830614888,0.0006438151362088471,0.00011210343202675293,8.662124508445658e-05,0.0001606873946738938,0.00040911049954909395,0.0005979567060013996,0.0009982645975180726,0.2574556859062459,7.892648714860947e-05,0.0001184426047341594,0.0003155540249946899,0.0001545834611576852,0.0002055148392756136,0.00027625488425773396,0.00040650713573461877,5.4043716485411186e-05,0.0031497872214001394,0.001627398045500996,9.828165117456429e-05,0.00015514476207706486,0.0004369948954456757,0.0010378548194546217,0.001096442050593548,0.0001208761935272118,0.00021836273204236663,0.00016930030738199206,0.00015813634386088846,5.334008628918608e-05,0.09183548174512875,0.00018644280722528625,0.000530682171666957,0.0007931761417951198,0.00027608804539587403,7.03010034532139e-05,0.0008439154063346228,0.00021640300565505964,0.00012987144982854525,0.0004845403497716388,0.0001701896710751368,0.03891172047130816,0.0008003364063247184,0.0728443154767767,0.00033122049305076267,0.15794868541540263,8.958368353339286e-05,4.472833574351588e-05,0.001289159908570089,0.00023567960408585288,5.4021699467438475e-05,0.00010128719315842245,0.0002704959980091853,0.00019285742056944768,0.0002956532620612522,0.00010895483138964218,0.017414947103754044,0.0004342407548851563,0.020462643850696644,0.0045286224531665385,0.00011773424241935737,0.0004137355970555481,0.0003365765150282808,0.0008965574136126728,9.285463777821132e-05,0.011137581602500448,0.0006886874177558659,0.0004098233938935013,0.00011786119374891732,0.003044928686381123,0.0001044623768855236,0.13261020438598217,0.0004444119496241278,0.0006532132161843392,7.487983071818192e-05,0.013708321820107035,0.016032216095016188,0.00014540810996763027,0.00011927004715736184,0.00046545475714684757,0.00013641571051071661
SchlabrendorffAmandaANDMützschefahlAntonievon,0.00015472713614965731,0.0005513043495687834,0.05743494115940856,0.0008122802474858589,0.0007012022055244741,0.00021364249691898488,0.00012406844870050478,0.00013090560198729276,0.00030038903203962044,0.003746561193973029,0.00013519290730049397,0.00012995953817554525,0.00022628579712209287,0.006627174842271162,7.665514145809268e-05,0.00032775021052688284,0.0005206093108754266,0.0004830586672060619,0.002093753391746364,0.00032425021184091915,0.0004542918188457494,0.0007020735058211786,0.00012224759113472843,9.445953938447378e-05,0.00017522788169331913,0.00044613061503653904,0.0006520653791766469,0.0010885968444975028,0.014238321403397241,8.606848832550479e-05,0.00012916039103083254,0.000344108282244765,0.00016857160761399426,0.00022411172958459457,0.0003012529904673372,0.00044329167469891437,5.89340936032455e-05,0.0034348092064766162,0.0017746601266621755,0.00010717508725305476,0.0001691837002507254,0.00047653824990529767,0.0011317695572033671,0.0011956583048402644,0.0001318141935271926,0.00023812221894693668,0.00018462017069092475,0.00017244598812312252,5.816679241555619e-05,0.08754075958306103,0.00020331388304194417,0.0005787032205129091,0.0008649500816072357,0.00030107105447660696,7.666249080098347e-05,0.0009202807057795783,0.00023598515832532892,0.00014162342411537903,0.0005283860582700598,0.00018559001226636985,0.001160014838980593,0.0008727582733352282,0.0037691466040486493,0.0003611923977514785,0.3694955773431064,9.769004676252568e-05,4.8775770743622665e-05,0.11300361419736105,0.0002570060823133973,5.8910084281117956e-05,0.00011045259857396834,0.000294972986735284,0.00021030895014387976,0.0003224067135561679,0.00011881407588570193,0.03313266318834602,0.00047353488914209113,0.0016778941612940227,0.004938414248781755,0.0001283879295185525,0.0004511742342969405,0.00036703308231374963,0.0009776862505152886,0.0001012569873094087,0.0007301441199952272,0.0007510062479207539,0.05624580758562288,0.0001285263685828119,0.0033204620978802245,0.0001139151023977199,0.08516783409223587,0.00048462646799317177,0.0007123220113086934,8.165565285895486e-05,0.0011911782595378081,0.12220195907525888,0.00015856598547985923,0.00013006270812505888,0.0005075734240662949,0.00014875987024989384
SchlichtegrollAlfred,6.314661513383538e-05,0.03435650080625894,0.0006676947001873043,0.0003315045404782392,0.0002861718177244799,8.719091469595865e-05,5.0634315190613874e-05,5.342466663093422e-05,0.0001225935609529038,0.0015290314529078268,5.517438439415906e-05,0.01524068171924546,9.235084741244728e-05,0.02166660293797804,0.3869363888991353,0.00013376009483014297,0.00021246897349114186,0.0001971439561553096,0.13369663665188106,0.00013233168947416381,0.00018540374595543203,0.0002865274092895481,4.989119414035157e-05,3.8550446467653716e-05,7.151329677105104e-05,0.007775894606534864,0.015435675937460334,0.008038095334460297,0.06276002679765103,3.512592453197612e-05,5.271241816995093e-05,0.000140436085123802,6.879676502379564e-05,9.146357573223867e-05,0.0001229461561839943,0.00018091441146542346,2.405194473079386e-05,0.0014018004883755086,0.000724267137622893,0.0038361292754214176,6.904656980348557e-05,0.00019448286972891123,0.00046189322976796155,0.0004879672479318324,5.379547734786251e-05,9.718148017755061e-05,7.534643989847182e-05,7.037796158039267e-05,2.3738796862898945e-05,0.001568148976223727,8.297564243286553e-05,0.00023617802572842802,0.0003529999408791656,0.0001228719052008021,3.128718673580659e-05,0.0003755812521906238,9.630931161068841e-05,5.779878099662991e-05,0.007809464366473457,7.574224773302122e-05,0.00047342058031627166,0.0003561865886140647,0.0015382489194309943,0.00014740838548203374,0.01796394596810259,3.986886811730894e-05,1.9906170951323134e-05,0.09169959451535241,0.00010488828637790865,2.404214614302354e-05,4.507746931951369e-05,0.00012038318637420318,8.583044102290756e-05,0.00013157932838493328,4.8489921736674944e-05,0.00972957953902971,0.0001932571502401278,0.0006847754018794838,0.0209864355281507,5.239716429118419e-05,0.00018413140991568,0.0001497920621230538,0.0003990093717188487,4.1324593515738305e-05,0.0002979834751996969,0.0003064976427579452,0.015370033455557687,5.2453663484071877e-05,0.02792898775268083,4.649057242346045e-05,0.0005997201896567105,0.00019778380069307962,0.0002907099880396075,3.332497590855144e-05,0.0004861388699010859,0.0992098043349581,6.471331084890748e-05,5.3080668185401865e-05,0.0002071488199114343,6.071127862757989e-05
SchmidtLudwigFriedrich,0.00013754312346813877,0.1414972097173754,0.001454342634078514,0.0007220683142652822,0.0006233266118058217,0.00018991533781991015,0.00011028939320384214,0.0001163672114980144,0.00026702779325235847,0.003330467697567549,0.00012017836821372373,0.00011552621763678207,0.00020115447171817355,0.04894141312698849,6.814181305495219e-05,0.00029135023626110964,0.0004627903838092209,0.0004294101187371139,0.001861220910818508,0.00028823894781241624,0.0004038381197053174,0.0006241011453961775,0.00010867076027868261,8.396885259826463e-05,0.00015576705396713947,0.0003965833000847105,0.0005796469267720684,0.0009676971597595098,0.1405609159117551,7.650971258862267e-05,0.000114815823861458,0.00030589157874299404,0.0001498500264158454,0.00019922185635942372,0.0002677958003625001,0.00039405965277181164,5.238886671510335e-05,0.017403423269367176,0.0015775661786913975,9.527221032836329e-05,0.0001503941399773245,0.0004236138596956789,0.0010060751062653745,0.0010628683625946778,0.00011717489476201326,0.00021167633923920611,0.00016411623432032975,0.0001532941178014324,5.170678208132895e-05,0.01776575608094152,0.000180733820930911,0.0005144323774817887,0.0007688886308424333,0.0002676340702028202,6.814834617901689e-05,0.0008180742298361657,0.00020977662080421628,0.0001258947111270844,0.00046970344478674696,0.00016497836518422008,0.0010311834639559069,0.0007758296439422129,0.003350544769527343,0.00032107833051102933,0.05174985101055388,8.684057947320887e-05,4.3358728304482885e-05,0.0012496850886034943,0.00022846295867263452,5.2367523870920014e-05,9.818572088312866e-05,0.00026221325453251265,0.00018695201511463103,0.00028660018864901007,0.00010561857160914114,0.015102861637593449,0.00042094405250766545,0.0014915470520317268,0.03574250188092993,0.00011412915200930692,0.20021406211930332,0.00032627034800633076,0.00086910430848832,9.001137521241848e-05,0.0006490542340866657,0.0006675994118006342,0.0003972743651931062,0.00011425221601593232,0.017301775563171112,0.014451348028084756,0.001306283605502236,0.0004308037993971523,0.0006332114507421623,7.258696711213953e-05,0.0010588858716140226,0.257435799135952,0.00014095562977142122,0.00011561792952040684,0.00045120226401638205,0.00013223858277254603
SchragJohannLeonhard,0.00019408592855805983,0.0006915426683827469,0.002052210488313427,0.0010189044404607676,0.0008795708661895151,0.0002679879135995723,0.00015562842220193714,0.000164204779765206,0.00037680064184523874,0.004699594565807256,0.0001695826705051969,0.00016301806049961708,0.0002838473595960719,0.0387245094370865,9.615433128842473e-05,0.0004111218337530807,0.00065303956391655,0.0006059369565402182,0.0026263529547630705,0.00040673152115619894,0.0005698525267844717,0.0008806638039336429,0.00015334438308494704,0.00011848773181499118,0.00021980156147151063,0.0005596153126869388,0.000817934835138763,0.001365509209614746,0.04066885927731855,0.00010796220295893542,0.00016201562990149584,0.0004316409981206912,0.00021145209435429377,0.0002811202625446847,0.0003778843701287946,0.000556054215485373,7.392548304939886e-05,0.0043085405110450834,0.0022260901812662117,0.00013443780351289264,0.0002122198883606961,0.0005977579048373494,0.0014196640026420233,0.14003410520174173,0.00016534449473111143,0.00029869467712450903,0.00023158301866608283,0.0002163120223372823,7.296299923949792e-05,0.004819825251483231,0.0002550319534174866,0.0007259111407849605,0.0010849721898991008,0.0003776561540797051,9.616355012407792e-05,0.001154377569184342,0.00029601400064169475,0.00017764895324126465,0.0006627945253073492,0.00023279956417586608,0.0014550941920550458,0.039109196206614134,0.004727925150832439,0.015658842738957093,0.008533178033891368,0.00012254000111813665,6.118313174719754e-05,0.0017634199712132839,0.0003223821326507203,7.389536634398355e-05,0.00013854903341030243,0.0003700068873160531,0.02005442078269085,0.00040441908207605536,0.00014903746568242367,0.006564414674133279,0.000593990562682461,0.002104709325207909,0.006194625835716946,0.00016104667310686335,0.0005659419051115639,0.31978160604915035,0.0012263856779858586,0.00012701428394518754,0.0009158748945848372,0.0009420438367037329,0.0005605904687679923,0.015366992172606281,0.011767992222148095,0.0001428923133707009,0.0018432856557369162,0.000607903567434289,0.0008935192781146733,0.00010242685027024557,0.0014941848232552658,0.2719152747281258,0.00019890128710076607,0.00016314747435648103,0.0006366876669003668,0.00018660073641963478
SchwendlerAugusteSophieHenriette,0.0004849234901535448,0.009192793830355105,0.02125963136213193,0.00218441021103129,0.004555294818960744,0.00025201431517473863,0.000162858131620792,0.004400326471114348,0.0005909358440504323,0.025065316072501658,6.714575798534393e-05,6.454652002435594e-05,0.0020803273412750302,0.02796566669619347,3.80720237433535e-05,0.0001627824769443597,0.002740620524422238,0.008162085674727496,0.0023401864610006896,0.0029698520929389884,0.028205615805495004,0.0027155056423267773,6.071625599691324e-05,4.691486778089111e-05,0.0002802470033697588,0.00022157803175660128,0.001291363306713469,0.0009242264023648613,0.2283881386711911,4.274731568885813e-05,6.414961058698218e-05,0.00017090697952817086,0.0009999158883114067,0.00011130873843045952,0.0003122893691850915,0.0027778058094266246,2.927057687555677e-05,0.029918310137748573,0.02319225939709944,0.00018660765209399334,0.001374033734963776,0.0014443249002951176,0.0015727897852755436,0.0019487055258728143,0.0038453956320527033,0.00458094517574071,9.169461289024616e-05,8.564810695521135e-05,2.8889484251104687e-05,0.030958072617695637,0.000724225488558126,0.000573058282141851,0.0023544428734948793,0.0018717250598615494,3.8075673914127645e-05,0.0008552970630880664,0.0006469004108709084,0.020340558127008742,0.0003353841823136843,0.0003589311014740348,0.00182660544226121,0.0014994829825663982,0.04209242581463268,0.004869575972112168,0.055707153476106164,4.8519351854115485e-05,0.00256210026774109,0.005057484110692866,0.0010078782168995207,0.00035176012635031704,5.4858080951062784e-05,0.00014650313522378915,0.0002685620665261102,0.00029796175259639836,0.00037330230526386307,0.07171893774426108,0.00023518881055852075,0.002550715540858419,0.015268285319127937,0.0003493560464449121,0.002906274976529538,0.00018229295463611798,0.003159196062573594,0.0035842328650783693,0.0010926159034550806,0.001803936231630279,0.0018661129993784381,6.383471301800367e-05,0.039331970500078306,5.6577789835318e-05,0.1840357303048753,0.0006824403655034764,0.00385728663277265,4.055560912538057e-05,0.0016613091359455239,0.03854714019750702,0.0005736174465010534,6.459776105910939e-05,0.0014209715594618792,7.388401096759342e-05
SchwendlerAugusteSophieHenrietteANDSchwendlerFriedrichChristianAugust,8.174586614714161e-05,0.00029126663032524934,0.0008643579940585185,0.000429146134526275,0.00037046107787739284,0.00011287219159532756,6.554818406737139e-05,6.916040769741818e-05,0.00015870235962636367,0.046199135655793436,7.142548863270987e-05,6.866058066224986e-05,0.00011955193473399541,0.01824120128765706,4.049865517489143e-05,0.000173157892701599,0.0002750497430561571,0.000255210883709818,0.0011061775507902798,0.00017130876376909396,0.0002400127032609618,0.00037092140564665664,6.458618358995678e-05,4.990512365830374e-05,9.257687642001225e-05,0.0002357009536171116,0.00034450097463060536,0.0005751304790674929,0.06648208531415603,4.547194048326681e-05,6.823837304470326e-05,0.0001818002341444209,8.906021539036009e-05,0.00011840332539281766,0.00015915880851921014,0.00023420107684944024,3.113622243052608e-05,0.001814687847398829,0.0009375933193158693,5.662303688231123e-05,8.9383597855757e-05,0.00025176599890708865,0.05955759579324073,0.0006316934842680277,6.964043727885656e-05,0.00012580538566854196,9.753903637669185e-05,9.11071387574155e-05,3.073083975658629e-05,0.0020300327426493363,0.00010741534990298587,0.00030574207718296755,0.0004569728061575121,0.00015906268759617324,4.050253799994184e-05,0.0004862052337069708,0.00012467632792295493,0.2506533616753262,0.00027915837562961167,9.805142574537751e-05,0.0006128622303477929,0.0004610980514876546,0.1936102085113908,0.00019082616103873964,0.2541725759063108,5.1611874201777616e-05,2.576934935689156e-05,0.0007427240810241173,0.00013578216030232375,3.112353775942208e-05,5.835462067816202e-05,0.00015584093967435916,0.00011111100299419299,0.00017033480168475738,0.02954260027329475,0.0027648257000017704,0.00025017925508793597,0.00088646965833805,0.017348990645973453,6.783026405388224e-05,0.0002383656124172276,0.00019391192757146523,0.0005165338889955315,5.349637004236684e-05,0.0003857517497352357,0.0003967736865420744,0.0002361116736474952,6.790340456108806e-05,0.031234103762398806,6.018394022193351e-05,0.0007763622206116845,0.0002560391885338956,0.00037633592425430617,4.314053911208755e-05,0.0006293265744114819,0.0056024189469369295,8.377401758401823e-05,6.871508769374557e-05,0.00026816258748198636,7.859322381403043e-05
SchwendlerFriedrichChristianAugust,5.003369469752308e-05,0.00017827379345444018,0.0005290423359909506,0.00026266486230460735,0.00022674585690325968,6.90849952455782e-05,4.0119678023848105e-05,4.2330589753128985e-05,9.713598721957692e-05,0.001211515339904708,4.371696405342171e-05,4.202466366221003e-05,7.317342496820666e-05,0.0021430115687307992,2.478776535358337e-05,0.00010598369735667923,0.00016834802197744086,0.00015620537209842258,0.018720590294924826,0.00010485191226679123,0.00014690311430391606,0.00022702760691893244,3.953087224742884e-05,3.0545125260123196e-05,5.666296522581014e-05,0.0001442640479454504,0.00021085661453071,0.00035201661144683254,0.4196056029065348,2.7831733819402008e-05,4.1766245615757726e-05,0.00011127336267680161,5.4510543915653855e-05,7.247040264045043e-05,9.7415363114972e-05,0.00014334602750215982,1.905735813379213e-05,0.0011107049445733127,0.05470448384020432,3.4656917514540426e-05,5.470847465278832e-05,0.00015409688242656996,0.0003659772545540622,0.0003866367857353268,4.262439853705251e-05,7.700093661634133e-05,5.970012426533746e-05,5.5763391841102806e-05,1.8809238028158167e-05,0.01928604871860824,6.574505936728075e-05,0.00018713369209916964,0.0002796965638262412,9.735653096670632e-05,2.479014189067684e-05,0.0002975886778157657,0.13540285189229906,4.579638284879092e-05,0.00017086276770702307,6.001373930726425e-05,0.00037511085477607046,0.00028222147762468577,0.0012188187227531366,0.00011679780680929917,0.08339570562211365,3.1589765676108195e-05,1.5772488800298913e-05,0.00045459460723762217,8.310736033682795e-05,1.904959430436235e-05,3.571675746814529e-05,9.538461532729928e-05,6.800703525901065e-05,0.00010425578522243468,3.8420585726369474e-05,0.0016922500364330805,0.00015312569379584746,0.00054257608775064,0.0015969216322497767,4.151645682994563e-05,0.00014589498943719622,0.00011868649314761897,0.00031615175324471603,3.27431975741454e-05,0.0002361047253514604,0.00024285085512120463,0.0001445154348543539,4.15612234949776e-05,0.0010737288299535565,3.683641794605284e-05,0.2260194199838836,0.0001567123475901225,0.0002303416383644072,2.640476717361465e-05,0.0003851880856270448,0.021472577397199023,5.127505300193412e-05,4.2058025449187926e-05,0.00016413264258795409,4.810407609514086e-05
SchwendlerFriedrichChristianAugustANDSchwendlerAugusteSophieHenriette,2.2197479387935735e-05,7.9091277978517e-05,0.14432519834173493,0.00011653142751478911,0.03212070446856704,3.064960057917285e-05,1.7799119800542608e-05,1.877999214738705e-05,4.309444039998288e-05,0.008542516657240717,1.9395057957352808e-05,1.864426784922241e-05,3.2463434937113266e-05,0.004953261965138686,1.0997107326083467e-05,4.701973243740025e-05,7.468770336540811e-05,6.930060928742926e-05,0.0003003742518168065,4.651761528702309e-05,6.51736569025788e-05,0.004103234503504118,1.753789575613457e-05,1.3551363585329346e-05,2.513855933012891e-05,6.400283349148387e-05,9.354666656442334e-05,0.00015617238590994714,0.2702110683814219,1.2347565805834328e-05,1.8529620524169288e-05,4.936649570608021e-05,2.4183636293659386e-05,3.215153864954209e-05,4.3218385687593766e-05,6.359555315788387e-05,8.454808642870466e-06,0.0004927649309589157,0.0002545964629247249,1.537556274484931e-05,2.4271448386776685e-05,6.836517654928008e-05,0.00016236603380040363,0.00017153164749998993,1.8910340594859587e-05,3.416151283102422e-05,2.648599680372264e-05,2.4739463045401323e-05,8.344730005587358e-06,0.0005512402288414552,2.916783597506487e-05,8.302197745483047e-05,0.00012408755235732762,4.319228476887547e-05,1.0998161678224877e-05,0.00013202539971979174,3.385492563320377e-05,0.26818872653098913,7.580337185312953e-05,2.662513230972517e-05,0.00016641816114960995,0.00012520773191504605,0.004543243241294921,5.181741873909356e-05,0.0009759339326046356,1.4014818947597033e-05,6.997474345191915e-06,0.0002016811767555397,3.6870631465755266e-05,8.451364215174675e-06,1.5845761391319033e-05,4.231744318411732e-05,3.0171362968948205e-05,4.6253143157597246e-05,1.7045316459024652e-05,0.016760822033133633,0.02808552927174713,0.00024071421463160253,0.04473612449168854,1.841880157590009e-05,6.472640168617387e-05,5.265533559329712e-05,0.00014026091953702442,1.4526539717707102e-05,0.00010474800643980272,0.00010774093105625428,6.411436144804427e-05,1.8438662334341407e-05,0.00047636045499366926,1.634249945014301e-05,0.00021081536231544945,6.952552927575374e-05,0.00010219120935776895,1.1714491176854252e-05,0.00017088893080702337,0.1656243512358187,2.274820876224619e-05,1.865906882650909e-05,7.281754770978163e-05,2.1341402909636465e-05
SchützeStephan,6.172862451590503e-05,0.00021994370241300464,0.0006527012627955968,0.00032406043081055285,0.00027974567830609085,8.523299662314355e-05,4.949729488107795e-05,5.222498750501176e-05,0.00011984065774690527,0.03488627905321365,5.393541443107897e-05,5.1847553919302774e-05,9.027706032328625e-05,0.002643921406547114,3.0581684389888895e-05,0.00013075644120404405,0.0002076978703944329,0.00019271698442266145,0.0008353060760008138,0.00012936011144529345,0.00018124040684791624,0.00028009328487462327,4.877086100676365e-05,3.768477581702103e-05,6.990742789488567e-05,0.00017798448226950713,0.00026014246726627346,0.0004342973542675128,0.16150778626094706,3.433715333138355e-05,5.1528732959667e-05,0.00013728251860717458,6.725189730379286e-05,8.940971279760951e-05,0.0001201853352657233,0.00017685188273664437,2.3511845599605896e-05,0.0013703223175105493,0.0007080033362481423,4.2757662832356565e-05,6.749609258512464e-05,0.00019011565409844105,0.0004515211731674871,0.16743492373409838,5.258747147130554e-05,9.499921867649806e-05,7.365449576743575e-05,6.879758725599618e-05,2.3205729632593688e-05,0.0015329353621433915,8.111238052663072e-05,0.00023087452333270294,0.0003450731406344377,0.00012011275162760276,3.058461642132845e-05,0.0003671473766654181,9.414663511577504e-05,5.6500878820759875e-05,0.011341328018747664,7.404141552786264e-05,0.000462789670966644,0.0003481882305101996,0.09054792755286292,0.00014409825227576812,0.19193292871984136,3.897359161170326e-05,1.945916736153342e-05,0.12299665567720362,0.00010253296447032198,2.3502267044302842e-05,4.40652309209924e-05,0.00011767991829762632,8.390307310547672e-05,0.00012862464502196963,4.740105491553096e-05,0.013218325990259015,0.0001889174587886121,0.0006693984083035553,0.013100715421958871,5.122055827337019e-05,0.00017999664178640904,0.00014642840219796115,0.0003900494053870912,4.039662792691128e-05,0.0002912920987698453,0.0002996150761955506,0.00017829462862591208,5.127578874701988e-05,0.012455230969179366,4.544660204786773e-05,0.0005862531558257718,0.00019334246091315657,0.00028418194160821723,3.257664596115952e-05,0.00047522236463678965,0.16005793206017738,6.326013925064403e-05,5.188871372638854e-05,0.00020249718367523696,5.934797477805438e-05
SpazierJohannKarlGottlieb,0.0001402746553218026,0.001252294677090432,0.004736373733018013,0.15806219898246082,0.0006357055403371223,0.001411500652794128,0.0015411954384965368,0.0001186782012219208,0.0013221038609883319,0.010867272870061655,0.00041931899789373196,0.0012399046490940866,0.0020372044649594172,0.029116055906047652,0.0009317163762703934,0.00029713629397779397,0.004094471942348497,0.0004379379708611618,0.003514766320961759,0.002149366349108723,0.0026179067029682567,0.002369654440299331,0.0003913499385084006,8.563642848140855e-05,0.00015886050319916282,0.003379714740268396,0.053840781022936816,0.0019364461164511268,0.03928094539749168,7.802915399565811e-05,0.00011709600386809334,0.0023387125538054526,0.027419338190043746,0.0017233328125039757,0.0006672890526106483,0.0017396066541886764,5.342928120185738e-05,0.012512292960672643,0.002783627999333793,0.0008014912731492456,0.0006250942001543869,0.0014741400752391616,0.003292648107853344,0.025622060614622046,0.00037235952847968206,0.0006382848835957579,0.001104233577669182,0.00015633845586207634,5.2733650737095046e-05,0.007846055452215178,0.001195442979054676,0.0011807095411573874,0.0007841583421453947,0.002849582293202776,6.950173538284435e-05,0.0020932532067164025,0.0002139426707486425,0.003862136368226237,0.08072495327610771,0.00016825474606247206,0.006856280016183986,0.00885958075443085,0.014294510963835695,0.0014732516951938353,0.02753061542269683,8.856518629498598e-05,4.4219809138709246e-05,0.02751030231641866,0.0002330001091550513,0.0012416227718689598,0.00010013563606176234,0.0012953476816041979,0.00019066478076598358,0.003720120132432429,0.0001077160991729649,0.031881616180853424,0.006740746017097922,0.0018567619180553442,0.02247031323639157,0.00011639569508528462,0.0038250642055210867,0.0077260745942826226,0.0014293123094653126,9.179895231831248e-05,0.0009029198553933054,0.0006808575741343045,0.007122465612830991,0.0003871722098301916,0.006222271916759927,0.0022441524069824453,0.0027620039957519335,0.03181842129742101,0.009469306510032673,0.002160774520786095,0.006936861598650869,0.23364041353844853,0.003676473255861939,0.004579945053534077,0.0017537617259060217,0.0030112796288250233
SpazierJohannKarlGottliebANDLeipzigerAugustWilhelmvon,0.0004006273605648913,0.0014274652264102876,0.004236121996915641,0.3632965601912593,0.0018155883693848926,0.0005531740053817018,0.0003212443296577744,0.00033894743425355806,0.0007777825405640215,0.009700786556822643,0.0003500483429519669,0.0003364978377751499,0.0005859106805070107,0.017159417741003838,0.0001984793861005748,0.0008486274937640497,0.0013479880730151493,0.0012507600389732119,0.0776599252205634,0.0008395651193775555,0.0011762754539343255,0.0018178443843724016,0.0003165296727546956,0.00024457943761832464,0.0004537089322991839,0.0011551440504683325,0.0016883608026106653,0.0028186502470288885,0.10910525762174272,0.00022285290197774737,0.00033442864539392765,0.0008909826439939841,0.00043647416933545203,0.0005802814744032064,0.0007800195456114048,0.0011477933219370185,0.00015259514882195915,0.008893582474787913,0.07683371272968485,0.0002775031800690273,0.0004380590306828346,0.001233877043281621,0.002930435227803349,0.0030958592185299,0.000341300005622226,0.000616558145148463,0.0004780279240701807,0.00044650591215588916,0.00015060841361033507,0.009948963756577051,0.0005264306336705472,0.0014984077748342822,0.002239572688009464,0.0007795484677024369,0.0001984984153925109,0.002382837550736147,0.0006110247592311165,0.0003666985637388608,0.001368124022403357,0.00048053908714218923,0.003003569346151384,0.002259790054662877,0.009759265847857405,0.0009352177036826756,0.017613974482058047,0.00025294403142107246,0.00012629270326334463,0.003640007773274797,0.0006654532034170764,0.00015253298266550936,0.0002859894788682833,0.0007637590409441652,0.0005445426167380304,0.0008347918399748302,0.0003076394406602665,0.013550101978489082,0.001226100589032356,0.004344488794107078,0.08502546561131971,0.0003324285488077452,0.0011682032456571743,0.0009503407008394996,0.0025314749031848656,0.0002621797350742923,0.0018905262444897327,0.001944543525844225,0.0011571569434678085,0.0003327870022651897,0.08083618171538426,0.00029495476965291794,0.0038048645386679625,0.0012548194684104882,0.0018443803353721448,0.0002114269642297556,0.003084259257660733,0.02745682957777997,0.0004105671042519815,0.00033676497064913586,0.0013142348927073734,0.0003851766125791029
SpazierRichardOtto,7.451733697638765e-05,0.0002655108406687604,0.014918627114426859,0.00039119809509446154,0.0014553404830006853,0.00010289125961712646,5.975196484610729e-05,6.304477093112398e-05,0.000144668810407352,0.008585943555774184,6.510955790188172e-05,6.258914202455022e-05,0.0001089803341335536,0.01731464895519436,0.0007205641097281578,0.0012754841963256516,0.0002507279616034893,0.01591921287429573,0.03627523755608331,0.00015616046998403888,0.00021878913675362917,0.00033812199538720987,5.887503103739437e-05,4.549217094110085e-05,0.01402190568790753,0.00021485866153436516,0.0003140378397732647,0.0005242735043864015,0.11885515673654415,4.1451000174891656e-05,6.220426889525845e-05,0.00016572421271726526,8.118490138066987e-05,0.00010793329269445857,0.00014508489696394333,0.00021349141413963527,2.8382944464139133e-05,0.02184342521343533,0.0008546848986407551,5.161604028258439e-05,8.147968815438707e-05,0.00022950312552792474,0.0005450656915937959,0.0005758348213995285,0.006436372843114928,0.005964385477010207,8.891396696379893e-05,0.17972884541949213,2.8013408501745804e-05,0.014827215775782498,9.791694922835276e-05,0.00027870626940687895,0.0004165641419003487,0.00014499727571102842,3.69210262829437e-05,0.002567508468096289,0.00011365159339177548,0.0032055204227487335,0.026391433082604956,8.938104735635045e-05,0.03763511822987815,0.00227391216069634,0.023764566192236446,0.00017395200535814985,0.03548237265339559,4.7047998915982766e-05,2.3490647052822164e-05,0.0006770473326018731,0.0001237753720343196,2.8371381458501762e-05,5.319450558364324e-05,0.0008257070397229581,0.00010128580737036097,0.00015527263229558498,5.722143349017551e-05,0.13039557991842465,0.0002280566924611545,0.012676139080190676,0.004665943225697567,6.183224769558869e-05,0.0029100054846454906,0.012726020494699083,0.0004708584259994403,4.876585473184776e-05,0.00035164093891317644,0.00036168824060411794,0.0002152330628876025,6.18989206183793e-05,0.0440117302423761,5.486206416862838e-05,0.0007077109575782557,0.005567130142131723,0.005918063762285343,3.932575727526091e-05,0.0005736772099179218,0.17044536233345303,7.636614537715551e-05,0.003199952726024186,0.004493043475548893,7.164347286343537e-05
StainleinJohannGottliebEduardvon,0.00010112292876301255,0.0003603085525622362,0.0010692456509248977,0.0005308710523968206,0.0004582752737640956,0.0001396274469644056,8.108574366388808e-05,8.555420977763377e-05,0.00019632121064240427,0.002448589498599345,8.835620612139592e-05,8.493590360444851e-05,0.00014789055825557333,0.0043312333321209725,5.009846754668654e-05,0.00021420328725735136,0.1279773189233813,0.0003157061418430614,0.0013683861819564374,0.34665539511982313,0.00029690538051660225,0.00045884471775451243,7.989571032847174e-05,6.173464790897494e-05,0.00011452132469270386,0.0002915715725501641,0.03689389624150007,0.000711459566157071,0.04577328245830722,5.625062177368735e-05,8.441361577700639e-05,0.00022489421169498623,0.00011017107336445847,0.00014646968223995456,0.00019688585630646998,0.00028971616458057305,3.851676116715167e-05,0.002244841954323497,0.0011598406978426804,7.004497713301931e-05,0.00011057111049847908,0.0003114446805983284,0.0007396753740631802,0.000781430281681939,8.614802570320676e-05,0.00015562632892119805,0.00012065971641158015,0.00011270320000995151,3.801528647258076e-05,0.0025112322628278853,0.00013287711401506168,0.0003782152633281481,0.0005652937659321121,0.00019676695085337452,5.010327075765583e-05,0.0006014554561554801,0.0001542296390167714,9.255891231736668e-05,0.00034533015384018416,0.00012129356269727813,0.0007581352621482731,0.03703813152155408,0.002463350340627412,0.00023605964678514058,0.004445968653441911,6.384596707113634e-05,3.187772302266134e-05,0.0009187796016594288,0.00016796800096074285,3.850106971811713e-05,7.218701602853755e-05,0.00019278151891723765,0.00013744878573240896,0.00021071100996869043,7.765171404847731e-05,0.0034202007450770838,0.00030948181458745875,0.0010965986701925137,0.0032275328343102,8.390876851865015e-05,0.0002948678628058309,0.00023987686426628422,0.0006389732242430144,6.617716432457398e-05,0.00047719045068859046,0.000490825030430423,0.0002920796497696195,8.399924627181936e-05,0.002170109655874794,7.444995798056993e-05,0.0009603913351152961,0.018550598118772226,0.0004655426953435173,5.336658437965708e-05,0.0007785023188613955,0.33514002982547325,0.00010363183377482945,8.500333099769556e-05,0.0003317279210429436,9.722298322334924e-05
SteinAnnaChristianeCharlottevon,8.174586614714161e-05,0.00029126663032524934,0.0008643579940585185,0.000429146134526275,0.00037046107787739284,0.00011287219159532756,6.554818406737139e-05,6.916040769741818e-05,0.00015870235962636367,0.0019793935149059025,7.142548863270987e-05,6.866058066224986e-05,0.00011955193473399541,0.003501287240694545,4.049865517489143e-05,0.000173157892701599,0.0002750497430561571,0.000255210883709818,0.0011061775507902798,0.00017130876376909396,0.0002400127032609618,0.00037092140564665664,6.458618358995678e-05,4.990512365830374e-05,9.257687642001225e-05,0.0002357009536171116,0.00034450097463060536,0.0005751304790674929,0.2286211398307437,4.547194048326681e-05,6.823837304470326e-05,0.0001818002341444209,8.906021539036009e-05,0.00011840332539281766,0.00015915880851921014,0.00023420107684944024,3.113622243052608e-05,0.001814687847398829,0.0009375933193158693,5.662303688231123e-05,8.9383597855757e-05,0.00025176599890708865,0.0005979396053906806,0.0006316934842680277,6.964043727885656e-05,0.00012580538566854196,9.753903637669185e-05,9.11071387574155e-05,3.073083975658629e-05,0.07572960297746191,0.00010741534990298587,0.00030574207718296755,0.0004569728061575121,0.00015906268759617324,4.050253799994184e-05,0.0004862052337069708,0.00012467632792295493,7.482287696346847e-05,0.00027915837562961167,9.805142574537751e-05,0.015352776277310303,0.0004610980514876546,0.001991325900878161,0.00019082616103873964,0.2983923180471983,5.1611874201777616e-05,2.576934935689156e-05,0.0007427240810241173,0.00013578216030232375,3.112353775942208e-05,5.835462067816202e-05,0.00015584093967435916,0.00011111100299419299,0.00017033480168475738,6.277217936971704e-05,0.0027648257000017704,0.00025017925508793597,0.00088646965833805,0.0026090765990109386,6.783026405388224e-05,0.0002383656124172276,0.00019391192757146523,0.0005165338889955315,5.349637004236684e-05,0.0003857517497352357,0.0003967736865420744,0.0002361116736474952,6.790340456108806e-05,0.3407722987486116,6.018394022193351e-05,0.0007763622206116845,0.0002560391885338956,0.00037633592425430617,4.314053911208755e-05,0.0006293265744114819,0.0056024189469369295,8.377401758401823e-05,6.871508769374557e-05,0.00026816258748198636,7.859322381403043e-05
ThieriotPaulEmile,0.00011126707409997249,0.0003964529005162668,0.0011765070150544321,0.0005841253753933272,0.000504247152132975,0.00015363417256424467,8.92198590276711e-05,9.413657926385572e-05,0.00021601517043812668,0.002694219723595664,9.721965783587656e-05,9.345624771462314e-05,0.00016272619776147142,0.004765720949783714,5.512409469345924e-05,0.0002356910873455537,0.00037437954460866566,0.3815443287797486,0.0015056558247234602,0.00023317417516820777,0.00032668944005807615,0.0005048737198901843,8.791044751306277e-05,6.792755834358402e-05,0.0001260095299501537,0.0003208205712120448,0.00046891197412649407,0.0007828296236578933,0.03030203121269022,6.18934021949696e-05,9.288156659028872e-05,0.00024745447173473914,0.00012122288321420163,0.00016116278658607689,0.0002166364585249369,0.0003187790380151377,4.2380569582988147e-05,0.12284801827229293,0.0012761901029732475,7.707153814003473e-05,0.00012166305006832952,0.0003426872498460665,0.0008138758999820023,0.0008598194506374817,9.478996382659239e-05,0.00017123798216488452,0.00013276369435770874,0.0001240090201125392,4.1828789460689204e-05,0.0027631464959360784,0.000146206680049324,0.00041615592274920536,0.0006220012030073544,0.00021650562507279808,5.512937973847698e-05,0.000661790452734222,0.00016970118333012443,0.00010184395845145104,0.00037997194391332597,0.00013346112492564681,0.0008341875915099923,0.00062761621449923,0.0027104612993075787,0.00025973996730663013,0.08514395596032091,7.025067446115073e-05,3.5075536409881085e-05,0.0010109469659345472,0.00018481770888106587,4.236330404643952e-05,7.942845564062661e-05,0.0002121203945817214,0.3010961995222944,0.0002318484823042605,8.544134477424328e-05,0.0037632981401391897,0.0003405274789558108,0.0012066039521085436,0.0035513027503080072,9.232607558551044e-05,0.020387445033006005,0.00026394010891176003,0.0007030718152592773,7.281572573797621e-05,0.0005250598047946101,0.0005400621372331004,0.0003213796161914297,9.242562961335974e-05,0.002387804178923319,8.191840458633813e-05,0.001056732979912771,0.0003485036333435919,0.0005122436050174472,5.8720052625746765e-05,0.0008565977692631332,0.007625642659237005,0.00011402765988674141,9.353043908598236e-05,0.00036500520330277095,0.0001069759055721648
ThieriotPaulEmileANDJeanPaulANDRichterCaroline,6.107872077959064e-05,0.00021762804683023363,0.0006458293619114506,0.0003206485925195317,0.0002768004035170488,8.433562942280395e-05,4.8976167492723806e-05,5.167514187383729e-05,0.00011857892719899682,0.04087429698433772,5.336756073867422e-05,5.130168206041768e-05,8.932658719566186e-05,0.1157102323915458,3.0259708141371398e-05,0.2759478428563592,0.00020551114384653933,0.056469741558170715,0.0008265116383470287,0.00012799815626781042,0.00017933223509606955,0.00027714435034410117,4.825738180582343e-05,3.72880153708306e-05,6.91714144336865e-05,0.00017611059019852584,0.00025740358295164194,0.0060576302549495776,0.1632530448491052,3.397563799843269e-05,5.098621777581732e-05,0.00013583715314709595,6.654384233456695e-05,8.846837145288228e-05,0.0001189199758145457,0.00017498991512816207,2.326430345165323e-05,0.13079771823779962,0.0007005491929368466,4.2307492995449544e-05,6.67854666299587e-05,0.00018811404018108255,0.00044676737701913785,0.00047198753603570095,5.2033809463435565e-05,9.39990287702918e-05,7.287903167162919e-05,6.807325864252502e-05,2.2961410396414395e-05,0.060756587420436624,8.025839682653985e-05,0.005613879367051987,0.00034144007210004516,0.00011884815636610185,3.0262609303207067e-05,0.00036328190171365727,9.315542155151677e-05,5.5906014889502225e-05,0.00020858102411777231,7.32618777855116e-05,0.0004579172355503741,0.00034452236505922123,0.0014878750989313105,0.00014258112803584172,0.029612563726985414,3.856326199550533e-05,1.9254293436786092e-05,0.0005549471661294074,0.0001014534562644088,2.3254825743225165e-05,4.360129448240011e-05,0.00011644093688194464,8.301970787375253e-05,0.00012727043313020213,4.690199758294922e-05,0.002065817207572022,0.02832645524771004,0.0006623507131693915,0.007577350248094471,5.0681287676316875e-05,0.00017810156489236792,0.00014488674520434902,0.0003859428086842444,3.9971316013190646e-05,0.0002882252586315137,0.011552271323513144,0.00017641747120960015,5.073593666137088e-05,0.012081627523919463,4.49681219795796e-05,0.0005800808472835801,0.00019130687387843647,0.0002811899600584474,3.223366595645693e-05,0.0004702190328311695,0.03722602755522241,6.259411111246368e-05,5.134240852053321e-05,0.00020036521204464008,5.872313547775519e-05
ThümmelMoritzAugustvon,0.00012670833803898676,0.00045147127792735187,0.05874011603192355,0.0006651882969079179,0.0005742248470581218,0.00017495499750554833,0.00010160148587453234,0.00010720053172676581,0.0002459930168814448,0.0030681143208811075,0.00011071146939691052,0.042592362386789345,0.0001853087828591031,0.013924278721519447,6.277402799534636e-05,0.00026839949023306053,0.00042633465719189325,0.00039558388024325667,0.001714605589772373,0.0002655332895931924,0.00037202628306244167,0.0005749383677454142,0.00010011035870895174,7.735431253479837e-05,0.0001434967014834252,0.0003653429526732443,0.0005339859739168168,0.0008914680410509843,0.08869897411133548,7.048275683655382e-05,0.00010577135268730747,0.00028179535686947646,0.00013804578028685197,0.00018352840682865377,0.00024670052520373985,0.00036301810248262005,4.8262000061053016e-05,0.05379593993271367,0.001453295400077242,8.776726256913946e-05,0.00013854703199134345,0.00039024421417006464,0.04397707586170014,0.000979142252864335,0.014458028940195768,0.00019500180358627352,0.00015118818572389732,0.00014121856773357015,4.763364578082246e-05,0.0031466065149132654,0.054358227402267686,0.00047390861818883605,0.009205507722458066,0.00024655153513264725,6.278004648083343e-05,0.0007536314680179287,0.00019325173306606068,0.00011597751463384779,0.00043270315054247074,0.0001519824033203951,0.0009499532920044893,0.029414883344761725,0.003086609846913741,0.01464587014092422,0.07732127799056547,7.999982276061759e-05,3.994319937206922e-05,0.25775981167475737,0.00021046607832477313,4.824233847240137e-05,9.045126501829774e-05,0.0002415577373543128,0.00017222510679497355,0.0002640236216083043,9.729860233794995e-05,0.004285555783140384,0.0003877847176634575,0.00137405232122469,0.004044140398268294,0.00010513877254102069,0.00036947324701003573,0.00030056881438249804,0.0008006417168255403,8.292084307952449e-05,0.000597925808463551,0.0006150101132802797,0.0003659795800025767,0.00010525214233631644,0.002719175475056336,9.32867605614767e-05,0.0012033827681621973,0.0003968677754736239,0.000583331020320916,6.6869020669e-05,0.0009754734775690658,0.1786276496656975,0.00012985202847827395,0.0001065102734883944,0.014765743726297452,0.00012182165582143176
TiedgeChristophAugust,8.552788726798689e-05,0.0003047422542265815,0.0009043480307854713,0.0004490008357020632,0.0003876006800006544,0.00011809429067739287,6.858080979219552e-05,7.236015509708595e-05,0.00016604481869278925,0.017492836271088726,7.473003134914973e-05,7.183720326683171e-05,0.00012508307610557286,0.0036632763774983256,4.237234954570611e-05,0.0001811691456040971,0.0002877750830219607,0.0002670183670475411,0.0011573555131469734,0.00017923446562164284,0.0002511170337401352,0.00038808230510797246,6.757430179048243e-05,5.221401388859828e-05,9.686000067356341e-05,0.0002466057984343252,0.0003604395171357337,0.000601739232776945,0.2546202977898075,4.75757268570509e-05,7.139546196272449e-05,0.00019021133011435282,9.318063922961684e-05,0.00012388132567001708,0.0001665223854651653,0.0002450365289758505,3.257675828152096e-05,0.0018986454600596328,0.0009809716319272165,5.924273536382022e-05,9.351898317712757e-05,0.00026341410260034945,0.0006256036368966518,0.0006609191590575236,7.286239353263766e-05,0.00013162584666724346,0.0001020517379121987,9.532226472378678e-05,3.2152620337044245e-05,0.03296768329067025,0.00011238498495835171,0.046585482229780296,0.0004781149248480005,0.00016642181745044998,4.237641201196704e-05,0.07761802449727409,0.000130444552393478,7.828460187184343e-05,0.0002920738039252964,0.00010258783327980276,0.0006412166659735842,0.00048243102710709366,0.0020834557781498914,0.00019965484688518075,0.08086964206175737,5.399972826116429e-05,2.6961583632845985e-05,0.0007770866524150357,0.00014206420271377777,3.2563486746563316e-05,6.10544319139555e-05,0.00016305101344469392,0.000116251619638048,0.00017821544260214852,0.1851280556257337,0.018314606943413747,0.000261753947134587,0.0009274827043652127,0.06441724683116082,7.096847156669439e-05,0.0002493937392588037,0.0002028833782419985,0.0005404316366112592,5.5971411422742015e-05,0.00040359878388709913,0.0004151306571563034,0.0002470355206712162,7.104499596297105e-05,0.017257303213588274,6.296838601452358e-05,0.0008122810805390424,0.0002678849938869916,0.0003937473296396338,4.513646181468493e-05,0.0006584427427085947,0.16008026757036806,8.764987233746252e-05,7.189423209856107e-05,0.015702434226944218,8.222938606209999e-05
TruchsessvonWetzhausenChristianFreiherr,5.2114291451222724e-05,0.0001856871151803969,0.0005510419858966161,0.0002735874948050807,0.00023617483664660697,7.195781960336887e-05,4.178801118134379e-05,4.4090861269254144e-05,0.04416800942986076,0.0031592192636628286,4.553488643634851e-05,4.377221357471415e-05,0.028536081910701606,0.022228119327453014,2.5818537604921584e-05,0.00011039091409328988,0.00017534859129648736,0.00016270100253433585,0.00711042524894948,0.00010921206495190343,0.0001530119204709775,0.011648290818258874,4.117472055737561e-05,3.181531105874878e-05,5.9019232981300395e-05,0.03168246117889634,0.00021962485741864557,0.00036665483921418724,0.14359057894360028,0.03292921427472601,4.3503049494977744e-05,0.0379517885980465,5.67773055729521e-05,7.548400548118752e-05,0.0001014662749951118,0.00014930691608493917,1.9849837635994918e-05,0.02731082445545273,0.03714572035427193,3.6098087720137075e-05,5.6983467044427275e-05,0.00016050483361366928,0.002278520397039776,0.0004027146557812024,4.439688777177182e-05,8.020293678291555e-05,6.218268897483664e-05,5.808225181619124e-05,0.09165149947085709,0.012678124460590972,6.847899612566544e-05,0.00019491544307005364,0.00029132744110276236,0.00010140499637597415,2.5821012967724234e-05,0.00030996357918462074,7.948314449014234e-05,4.7700775599764346e-05,0.006071205955290259,0.03149311225361972,0.013671980067478636,0.0002939573506942257,0.037825564369956814,0.00012165471652095986,0.07203952451020972,3.2903391709787795e-05,1.6428370585445004e-05,0.05040772696684936,8.656328948958572e-05,1.984175095616592e-05,3.720199996502969e-05,9.93510807702899e-05,7.083503382365873e-05,0.00010859114861303681,4.001826397941044e-05,0.05149436765526888,0.005851466388855282,0.0005651385239975264,0.03802299625199304,0.0023932589584099153,0.00015196187382858823,0.00012362194182563067,0.002510185710228257,3.410478781828713e-05,0.00024592288345609694,0.00025294954369203647,0.004079350315502308,4.328950175238395e-05,0.04681633510403593,3.8368220305639036e-05,0.022103482778444223,0.0001632290600502319,0.0013303637099278192,2.7502780686223335e-05,0.00040120571305520843,0.07106011296340618,5.340727029003462e-05,4.3806962675303474e-05,0.00017095791994172803,5.010443175882575e-05
UngernSternbergRosalievon,3.4463415100449367e-05,0.0001227957236117584,0.06927278790114998,0.00018092463961799315,0.00015618348067249544,4.758602942985939e-05,2.7634599559178712e-05,2.9157484669648703e-05,6.690766830189634e-05,0.005852952099506613,3.011242500104798e-05,2.8946761517478217e-05,5.040215667154668e-05,0.0030422147764224226,1.7073914927881023e-05,7.300200750644255e-05,0.00011595881131351544,0.00010759490403603139,0.0004663557670190133,7.222242927235226e-05,0.0001011874705318385,0.00015637755124440477,2.722902771386615e-05,0.004719338337241741,3.902968396007932e-05,9.93696707483271e-05,0.00014523890504546425,0.00024247049265275166,0.32084146631321414,1.9170612951570635e-05,2.8768762102120766e-05,0.005095100891408209,3.754708729134598e-05,4.991791199497782e-05,6.710010356997455e-05,9.8737334483754e-05,1.312678681942945e-05,0.007029456448569567,0.0003952819791624514,2.3871827607901385e-05,3.768342279877236e-05,0.00010614256766080736,0.0027613143114729906,0.004544126495174384,0.13448220861888383,5.303856246825872e-05,4.112169162287729e-05,3.841005410548017e-05,1.2955880668146285e-05,0.0029947506014504598,4.528546783274935e-05,0.0016949980346718221,0.0023315608877147046,6.705957974379722e-05,1.70755518964249e-05,0.00020498030766587263,0.06529248198878261,3.1544737236746885e-05,0.00011769097853551684,4.133771095618874e-05,0.009234486115514083,0.0001943953168448148,0.0008395273590802863,8.04508106632037e-05,0.1311073780616755,2.1759160781615035e-05,1.0864155285314153e-05,0.0003131266388854451,5.724469229198288e-05,1.3121439061722868e-05,2.4601849735628317e-05,6.570131612495401e-05,4.684352614875366e-05,7.181181450751296e-05,2.646425778258228e-05,0.028246269357893563,0.00010547360892962088,0.006638126950686354,0.0010999662013334334,2.859670655705412e-05,0.003232692222691548,8.17517455964635e-05,0.00021776663052122907,2.2553649426366737e-05,0.00016262990782824985,0.00016727666981498164,9.954282708716506e-05,2.8627542020415105e-05,0.14107293098276544,2.5373076487020025e-05,0.015382674236217567,0.006524658336542879,0.0001586602697614323,1.818771244531039e-05,0.0002653191407703388,0.020161836329732983,3.5318467816263005e-05,2.896974125383514e-05,0.00011305524061812659,3.31342858550183e-05
UtheSpazierWilhelmine,9.883829841366616e-05,0.0011230991982754076,0.0025486981014891967,0.006216647598973789,0.004312833461318415,0.0027476577461447867,0.0002424320997076997,0.00261303069922189,0.00041030910786837003,0.025269224532101422,0.019612018113136318,8.301698031476972e-05,0.004737728329574,0.04646955243515315,4.896661267645093e-05,0.0004367847885177677,0.0011792904371751745,0.00030857351779871604,0.0037810978128678314,0.0015407445048278342,0.0011779396698860798,0.001562982643150672,0.0002965139628527734,0.003075470885981917,0.00011193398968133897,0.0002849842112879535,0.0031463143043944336,0.0040670574500310756,0.06894030784544725,0.00263889736901422,8.250649232972e-05,0.00021981326568486014,0.00010768202186142715,0.0032542906972730995,0.0004301782411407448,0.00028317072181706094,3.764656721017852e-05,0.017092551309686736,0.014821654523257934,6.846247865779814e-05,0.0009323032742526214,0.00030440833406306404,0.0007229641807767477,0.1165407546619564,0.0008271070576543129,0.0020187884127939077,0.0011812508210170825,0.0010611191377489528,0.0010485289530807334,0.007886965899224989,0.0001298750739127244,0.0036079886998843956,0.009679350654530367,0.002517499805648622,4.8971307370373825e-05,0.013093910991643493,0.001979382885105447,9.046776540568737e-05,0.00602484582220331,0.00011855322519016368,0.01292993729676296,0.007905860615639334,0.02038792827748656,0.0012285877637292818,0.026695813500111718,6.240352037938824e-05,3.115752222966108e-05,0.015973175692759037,0.0004582678006861847,0.0012862637493887576,0.002218721256508938,0.0001884260822788904,0.00013434345965842836,0.004074031618970958,7.589735957354239e-05,0.04196750308251599,0.004367592476112002,0.00446309839094401,0.01646858832323339,0.0009572299316500718,0.00650307604113768,0.0009693433802890948,0.013970021246830375,0.0006574269077972245,0.0009697549078249303,0.00047973601457163446,0.0058115654785378616,0.010392700680898693,0.029476783578645555,0.0007707729806051174,0.0021773597924439766,0.005937304466810352,0.15217428340315708,5.216089423790448e-05,0.0030039622591537534,0.17740107228620622,0.0015849049763748467,8.308288434757934e-05,0.004818579447993092,0.00559534066185067
VoßErnestine,4.8119891253810247e-05,0.0001714547687571945,0.011470273040971292,0.000252617854561927,0.0002180727616139254,6.644247398846989e-05,3.858508861511328e-05,4.0711432324646206e-05,9.342050732201747e-05,0.10845998090332987,4.204477740280742e-05,4.041720799610682e-05,0.008496074732526534,0.031069089423031215,2.3839626084988002e-05,0.0001019297899607764,0.00016190866093983546,0.00015023047096718138,0.06823597013516446,0.00010084129598132241,0.00014128402725174812,0.014939331864275568,3.801880483171094e-05,2.9376765292607993e-05,5.449559024709395e-05,0.00013874590595271797,0.00020279128740549813,0.0003385518731878683,0.21276675553214186,2.676716186743886e-05,4.0168674515449794e-05,0.047006196257744055,5.242549968106122e-05,6.969838856115804e-05,9.368919700777066e-05,0.006561048065776867,1.8328408615971972e-05,0.08231726842034,0.0262446567167794,3.333128029168942e-05,5.2615859509658254e-05,0.0001482026316414489,0.038891088911919725,0.0003718478156926454,4.0994002836723824e-05,7.405562828849635e-05,5.741657706579908e-05,5.363042580723735e-05,1.808977917688757e-05,0.003021894542940009,6.323029163355917e-05,0.018449086988582945,0.009212307922221169,9.363261520636887e-05,2.3841911718843143e-05,0.0002862058239238672,7.33910058617289e-05,4.404465782157747e-05,0.00016432721691036768,0.0033290488917221465,0.00218767387645018,0.00027142642363091004,0.05933899004784285,0.00011233025656658619,0.09288203490966704,3.0381447907402407e-05,1.5169186494434445e-05,0.00686039129638012,7.992847951717144e-05,1.8320941755286738e-05,3.4350581057347936e-05,9.173612591642937e-05,6.540574628640479e-05,0.0001002679709706209,0.008047011574014124,0.026904621615348307,0.00014726859125966562,0.0037931530893165737,0.0035383540598717734,0.05074555422018574,0.00014031446345578834,0.00011414670010052747,0.0003040588562929035,3.1490760698268006e-05,0.00022707365060900553,0.00023356173894361048,0.00013898767723889217,3.997149455070387e-05,0.0010326583884280656,3.542741419477297e-05,0.0024595225452710774,0.0017863834022388806,0.00022153100338337538,2.5394777112860628e-05,0.02817676544037897,0.014610551518525085,4.93137672403108e-05,4.0449293684983374e-05,0.0001578545210438726,4.6264081126868755e-05
VoßGeorgANDSpazierJohannKarlGottlieb,3.4480113112127414e-05,0.00012285521987528617,0.0003645831013749848,0.00018101230016284576,0.000156259153776179,4.76090855336383e-05,2.764798891321725e-05,2.917161188304579e-05,6.69400860127761e-05,0.0008349010843498593,3.012701489653153e-05,2.8960786632529986e-05,5.042657722877372e-05,0.007694073270535556,1.7082187480964483e-05,7.303737801079652e-05,0.00011601499499641052,0.00010764703528764577,0.00046658172297901057,0.018723986037455263,0.0001012364972913656,0.00015645331837802322,2.7242220562613808e-05,2.1049802145538673e-05,3.904859439355368e-05,9.941781675816864e-05,0.0001453092753475799,0.0499805309474205,0.0031729336219414607,1.9179901384478618e-05,2.878270097394016e-05,7.668268663063238e-05,3.756527938578119e-05,4.994209792881537e-05,6.713261451846134e-05,9.878517411773868e-05,1.31331469331607e-05,0.0007654288246073287,0.0003954734988677661,2.3883393845751332e-05,3.7701680949687707e-05,0.00010619399523492246,0.00025220878069823243,0.0002664460457309263,2.9374086638593293e-05,5.306426040135386e-05,4.1141615663630026e-05,3.842866431953291e-05,1.2962157975431865e-05,0.0008562605289652176,4.530740928192127e-05,0.00012896091143532558,0.00019274949044048082,6.70920710579175e-05,1.7083825242642755e-05,0.00020507962352186656,5.258802789428261e-05,3.1560021107751095e-05,0.00011774800147791123,4.13577396613614e-05,0.00025850309037653383,0.3421428474530357,0.0008399341219505676,8.048979021795899e-05,0.0015159519600437155,2.1769703402529905e-05,1.0869419122089977e-05,0.0003132783531673169,5.727242815442168e-05,1.3127796584389928e-05,2.4613769679516346e-05,6.573314934115503e-05,4.686622249919929e-05,7.184660834653828e-05,2.6477080089489952e-05,0.001166193562617372,0.00010552471238377652,0.0003739097220518432,0.0570556849966892,2.8610562065530327e-05,0.00010054176028172058,8.17913554725797e-05,0.000217872141531352,2.2564576988258278e-05,0.00016270870431699596,0.00016735771772558174,9.959105699369991e-05,2.864141246910909e-05,0.0007399471842398968,2.5385370101168633e-05,0.00032746679978274746,0.3980115402063895,0.00015873714290443326,1.8196524649032033e-05,0.00026544769164372383,0.10805620903608144,3.5335580113066084e-05,2.8983777502893926e-05,0.0001131100174799844,3.3150339884792714e-05
VoßHeinrich,0.00010391353048494471,0.0003702516750519284,0.0037779957109437662,0.0005455210401994323,0.000470921898854258,0.00014348062446523744,8.332339657466258e-05,8.791517507051536e-05,0.0002017389167469656,0.01996226889321756,9.079449567611801e-05,8.727980603836549e-05,0.0001519717656689059,0.04446322619842784,5.148099148573884e-05,0.0002201144695141941,0.0003496371279312892,0.00032441841030510834,0.021698178664189015,0.0067327118325714525,0.007740204909461216,0.016276821716651933,8.210052292186625e-05,6.343828542091253e-05,0.00011768167032148182,0.0002996178202447084,0.0027368267229843316,0.0012621721048208649,0.07337401424741007,5.780292137479247e-05,0.024199930245143112,0.08498333780696646,0.00011321136888199122,0.00015051167897076105,0.002105342936064662,0.0031315089956399015,3.9579674804554325e-05,0.024064506536275395,0.004559315938423525,7.197794758978083e-05,0.00011362244549369204,0.00032003934921202273,0.0007600875535538372,0.004175976952048711,8.852537801893951e-05,0.0037535180670560204,0.00012398945791041577,0.00011581337242942436,3.906436134796086e-05,0.0168704590124703,0.002991079695860435,0.0003886525417774111,0.002705209712857614,0.0002021969576637747,0.07101288777859151,0.0006180533005033872,0.0014640037395569462,9.511318030834173e-05,0.0003548599304569192,0.0013684853048765377,0.002493369115334134,0.0012559483616756035,0.06458216298707087,0.00024257398003137322,0.13101736522374963,6.560786882602604e-05,3.2757424885003494e-05,0.021342179328887483,0.0001726032681394561,3.9563550332216065e-05,7.41790984740775e-05,0.00019810154322060728,0.00014124184060961936,0.0007912520016608133,7.979460102362121e-05,0.030998404304805032,0.0071788916964369105,0.002370705061162888,0.031161929764541095,8.622432599683702e-05,0.0034248198325215074,0.0002464965379511906,0.0006566064138831201,0.06460793844054175,0.003839412830956114,0.0005043699029122763,0.000654880798471825,8.631730058605399e-05,0.0323826572596255,7.650448887163275e-05,0.0009868944214705413,0.00032547133301110396,0.003042158554293677,5.4839295703243475e-05,0.000799985971857979,0.03068682228024586,0.03573951500401877,8.734909416687802e-05,0.0744635121647317,9.990596153215883e-05
VoßHeinrichANDTruchsessvonWetzhausenChristianFreiherr,0.0015262298964828847,0.018243739993023842,8.900548383445604e-05,4.4190439148772084e-05,3.814746633335251e-05,1.1622781409386036e-05,6.749689223087571e-06,7.121650510101253e-06,1.6342048550843888e-05,0.016899759097055527,7.354892553277396e-06,7.070181850813667e-06,1.2310614198616616e-05,0.012503036115375264,4.170265588174766e-06,1.783057729042907e-05,2.832268068038332e-05,2.6279815007846845e-05,0.031987964325155625,1.7640167047866127e-05,2.4714813684839207e-05,3.819486763710328e-05,6.650629205676004e-06,5.138877302643382e-06,9.532913138173603e-06,2.4270820147598943e-05,0.006106723415441515,5.922287629572043e-05,0.17380520705479874,4.6823793976859366e-06,7.026705891157323e-06,0.3506333581814429,9.170792213073706e-06,1.2192338517878958e-05,1.6389050435286178e-05,2.4116373427239693e-05,3.206188363219552e-06,0.03054310942908081,9.65467405858374e-05,0.01214832891510058,9.204091856270247e-06,2.592508509185312e-05,6.157159909135771e-05,0.02131441931564964,0.007596232502144124,1.2954550426302693e-05,1.0043881337512463e-05,9.38156993007193e-06,3.164444917471223e-06,0.00020903843974520966,1.106087437737677e-05,3.148316055995113e-05,0.0030826804019669107,1.6379152581248465e-05,4.170665414085595e-06,5.006598234342694e-05,1.2838288030844113e-05,7.704731617914114e-06,2.874575865572691e-05,1.0096643577215213e-05,6.31082256552557e-05,4.748062197595077e-05,0.0017228649667664427,1.9649930825276735e-05,0.06563601679292537,5.314626423899647e-06,2.653545664383571e-06,0.05016428586461584,1.398188824175761e-05,3.2048821853434258e-06,6.0089468520428e-06,1.6047399725898232e-05,1.1441426641286211e-05,1.753987530862304e-05,6.463835858000602e-06,0.08680000243680773,2.576169341581633e-05,0.01071596837712039,0.000268664288006115,6.984681708544444e-06,2.454520789826283e-05,1.9967681277211373e-05,0.0030888135817745154,0.04098644035501541,3.972199176866546e-05,4.0856953005825096e-05,2.4313113196631955e-05,6.992213201602298e-06,0.0016984552074152796,6.1973172636088485e-06,7.994430033773421e-05,2.6365107990773136e-05,3.87524165366532e-05,4.442308144246386e-06,6.480360756816526e-05,0.05066470293231418,8.626456883693684e-06,7.075794600095799e-06,2.7613490022882746e-05,8.092975317821707e-06
WagnerJohannErnst,0.0026777678913777717,0.00089467204127242,0.014076219179097599,0.006500532847001938,0.00234069202431391,0.00018311672338997248,0.00010634123889091483,0.000890335187737244,0.028568579711029933,0.028542904997214028,0.00011587620706295367,0.00011139059478884584,0.00131004870912841,0.01534937585331677,6.57024634013881e-05,0.001963915056870821,0.09064491684399686,0.0032663697604882365,0.0027007745874639637,0.00038896044069810864,0.003723529331803919,0.04684940203808202,0.001979651013312598,8.096292448580636e-05,0.013128008823815691,0.05155994336277358,0.0025388199237705435,0.002035143038015095,0.07419564110771346,7.377080775867868e-05,0.0001107056317840287,0.0029727454613819974,0.0007572563383567608,0.000567508757266917,0.0004171975091424264,0.00037995305310301,5.051344312211725e-05,0.016252382554328117,0.011209106861482597,0.012828866702404582,0.0010953836673037725,0.003560655930065534,0.002353663178271796,0.011053665875942406,0.0003742342401851407,0.0008341417269148391,0.001109018420311251,0.0013235104832871262,4.985577584444923e-05,0.012535491422051417,0.004182207059479709,0.0034326407763621016,0.0024033410341368143,0.016830917721283006,0.00039380507328686096,0.005336195764169539,0.0003969258524161912,0.00025214496756672665,0.0024605077581235967,0.002558910514451762,0.0061441351604449666,0.09997594804488469,0.017706454152823025,0.007693313743507081,0.1493958639257001,0.00027144118456221575,4.1806566802950386e-05,0.018613800021907805,0.0008168516354011061,5.049286431189824e-05,0.0003534183933206463,0.0002528265096995275,0.0001802594821035821,0.001079591613261605,0.00010183762398661571,0.03676078081033848,0.00248202339293588,0.0058864714923046796,0.02162056260863237,0.00011004354150183539,0.0032338005274413313,0.000395230625662623,0.002841552529303699,8.678913607469295e-05,0.0026294945125359434,0.0029046417832918887,0.007582583600695658,0.0022975753547055874,0.011053728363848053,9.763862806571611e-05,0.0037412084588041255,0.0013586128912110396,0.003421594410984391,0.002623906394761322,0.0018134073806348324,0.05929715612604479,0.004894118278128855,0.0002657102554322965,0.004679564339210743,0.0002969453508312421
WagnerJulianeLouiseAntoinetteKaroline,7.31232256587667e-05,0.013445675829094379,0.0007731845979310117,0.0003838793460095906,0.00033138445125357275,0.0001009663133517766,5.863409222985366e-05,6.186529468790085e-05,0.00014196226674812864,0.0017706049917855665,6.389145248857268e-05,6.141818993746398e-05,0.00010694147011373703,0.0031319677564688717,3.622681415962605e-05,0.00015489301489355226,0.0002460372050212161,0.00022829096955796134,0.0009894967718551456,0.03970863586775402,0.00021469590926997118,0.1058128547130715,5.777356458106455e-05,4.464107839075606e-05,8.281176950353984e-05,0.00021083896754249773,0.0003081626471757639,0.0005144651073656453,0.20450594000822733,4.0675512069501676e-05,6.104051722631869e-05,0.00016262375301315406,7.966604960164566e-05,0.00010591401730165807,0.00014237056892861115,0.00020949729936388479,2.7851940731176946e-05,0.001623272652426426,0.1986156796521408,5.065037901705189e-05,7.995532134229539e-05,0.0002252094548505997,0.0005348683029010331,0.0005650617869062574,6.229469024098264e-05,0.00011253530042449292,8.725051557559263e-05,8.149706132529629e-05,2.7489318250777803e-05,0.0018159027401855113,9.608506509715496e-05,0.00027349207925680464,0.00040877083086291366,0.00014228458694227916,3.623028742018021e-05,0.00043491979101222585,0.00011152533688500664,6.693048070210159e-05,0.0002497124546818766,8.770885757131039e-05,0.0005482168735822212,0.00041246094094910213,0.0017812787370551613,0.00017069761558480756,0.01640006658078827,4.616779908032609e-05,2.305117111013038e-05,0.0006643807587917482,0.00012145971430958811,2.7840594052607593e-05,5.219931352125236e-05,0.0001394026724014457,9.939089678849006e-05,0.00015236770650538042,5.615090344608086e-05,0.00247318895862548,0.0002237900824490436,0.0007929639004573642,0.1737405884837682,6.067545600382872e-05,0.00021322255531186295,0.0001734578921974085,0.0004620493476383736,4.785351630493012e-05,0.0003450622468588286,0.00035492157810467314,0.15843279409925287,6.074088157291598e-05,0.0015692328140800745,5.383567450323055e-05,0.040249867645525884,0.00022903190391244293,0.0003366396126161837,3.8590029382719234e-05,0.0005629445412067303,0.018196602177548732,7.493744553530374e-05,6.146694750958237e-05,0.00023987651390699365,7.030312737599218e-05
WagnerKarlLudwigFriedrichErnstANDWagnerLudwigAnton,0.00018721529787341548,0.0006670620977796593,0.0019795623553080645,0.0009828352819938983,0.0008484341082212363,0.00025850115690386345,0.0001501191850257678,0.00015839194002560274,0.011513473995035415,0.018883313538474535,0.00016357945374335733,0.0001572472305536181,0.0002737991794261599,0.07491875968406687,9.275047350275283e-05,0.0003965681445335853,0.0006299220009924062,0.0005844868232023969,0.0025333802115365895,0.0003923332487495937,0.0005496797801802463,0.0008494883560322147,0.0001479160007618765,0.00011429327293788373,0.00021202059886387293,0.0005398049628717354,0.0007889799891172349,0.0013171702622966927,0.04510298159134734,0.00010414034719668438,0.00015628028594089432,0.011360632332137396,0.00020396670240137673,0.00027116862145321334,0.0003645072852059289,0.0005363699283058582,7.13085252102095e-05,0.00415601842528056,0.35237075742549423,0.00012967871301697574,0.00020470731654420493,0.000576597309458403,0.001369407978772063,0.0014467114900839515,0.00015949130914740358,0.0002881209027698284,0.00022338499315279186,0.00020865458921387372,7.038011327170548e-05,0.011824245890091357,0.00024600383696549556,0.0007002139282396915,0.0010465642369099867,0.0003642871479918238,9.275936599215523e-05,0.0011135126697687692,0.0002855351220800026,0.00017136019053547554,0.000639331637312207,0.00022455847302164537,0.001403583941521914,0.0010560119199511495,0.01173559904770686,0.00043703221049248364,0.04823896039944108,0.00011820209214125393,5.901725240968965e-05,0.0017009950058685746,0.00031096982373565886,7.127947463443011e-05,0.00013364440561297152,0.0003569086648307329,0.00025446766305135257,0.00039010266987960787,0.00014376154798716957,0.017276306173486872,0.0005729633309986634,0.0020302027364022973,0.016038533003682787,0.00015534563016094516,0.011490178994761341,0.00044409926755384235,0.0011829716956689624,0.00012251798561410644,0.0008834529761037785,0.0009086955391799349,0.18450354935030655,0.00015551313736942592,0.0241440549077694,0.00013783393371310062,0.01184123001528078,0.0005863838161841651,0.0008618887471681728,9.88009456741393e-05,0.0014412907666306685,0.10119554731523898,0.00019186019300124728,0.00015737206316740796,0.0006141489601881402,0.00017999508110527512
WangenheimKarlAugustFreiherrvon,0.2944471972104509,0.00011676670044322985,0.009136603120152473,0.026542306226009536,0.00014851518575293405,4.524965104881751e-05,2.6277796275685995e-05,2.772591078874447e-05,6.362263629524648e-05,0.000793524645635499,0.0018509092728232956,2.7525533719720968e-05,4.7927512104303255e-05,0.006401628948189085,1.6235620029248064e-05,6.941775569652615e-05,0.00011026546679433161,0.00010231221054989828,0.0004434586363907175,6.867645318651455e-05,9.621936914965944e-05,0.013145603061249988,2.5892137192642123e-05,2.0006605694185984e-05,3.711340494046424e-05,9.449081968112796e-05,0.00013810796678690284,0.00023056567891094803,0.018866666651242855,1.82293743950445e-05,2.7356273717818715e-05,7.288240831826731e-05,3.570360078764649e-05,4.746704286785885e-05,6.380562337852182e-05,9.388952985593626e-05,1.248228797586307e-05,0.002536327125968306,0.00037587442863563436,2.269976886277604e-05,0.004430877346241948,0.00010093118097101191,0.00023970969385621438,0.0002532413815036015,2.7918351200737813e-05,5.043447567646133e-05,3.9102699232659606e-05,3.652419766606097e-05,1.2319772973028917e-05,0.02278904606711669,0.0012489499088320637,0.00012256980313690136,0.0007861410495747915,6.376708919074324e-05,1.623717662592729e-05,0.00019491618663901203,4.9981844534284656e-05,2.999595405398073e-05,0.0001119125880879729,3.9308112450977157e-05,0.00024569206703864183,0.00018485089758786752,0.08194232650474158,7.650083759289628e-05,0.08251762437967278,2.069082973048767e-05,1.0330747101420533e-05,0.0768223343137381,5.443409298157981e-05,1.2477202782309083e-05,0.07473914371205718,6.24755135850174e-05,4.454360318613214e-05,6.828599878115476e-05,2.5164915927538873e-05,0.22081471092010418,0.0001002950667686941,0.002472404840188336,0.0028682353795045855,2.71926657541252e-05,9.5559062258553e-05,7.773789923625088e-05,0.00020707472674699073,2.1446310579972125e-05,0.00015464510629483312,0.0001590637216095748,9.46554743918316e-05,2.7221987258224827e-05,0.004347827132332395,2.4127309439946385e-05,0.0003112380390035596,0.00010264427200561926,0.00015087036947678532,1.7294732327680205e-05,0.0046473366080856575,0.02372441844507737,0.008233823285140036,2.7547385197219786e-05,0.00010750445558293023,0.00726683465761568
WestphalenEngelChristine,5.2897044334482203e-05,0.0001884761222021584,0.0005593185966159868,0.0002776967591626869,0.0002397221655882561,7.303862084232113e-05,4.241566408282266e-05,4.475310281227126e-05,0.00010269492695853268,0.001280848456910322,4.6218817132792965e-05,4.4429669052437094e-05,7.73610249662564e-05,0.002265652749527473,2.6206330169859565e-05,0.00011204897762799316,0.00017798231443827233,0.00016514475980890524,0.000715797944334441,0.00011085242225788027,0.04784566585554687,0.00024002003971409044,4.179316187809959e-05,3.2293174726651486e-05,5.990569758625648e-05,0.00015252005246017012,0.0002229236068709104,0.0003721619683444866,0.004867698952274435,2.9424500162353552e-05,4.415646214771705e-05,0.00011764136217294138,5.763009659060468e-05,7.66177697766433e-05,0.00010299029109692064,0.00015154949515109516,2.0147980759678175e-05,0.0011742688412441325,0.07691127767478516,3.6640278383317e-05,5.783935459245033e-05,0.00016291560459010616,0.0003869215570945369,0.02902297682501205,4.506372581069301e-05,8.140757908475827e-05,6.311666845970475e-05,5.8954643031907545e-05,1.9885661130729288e-05,0.001313616664053504,6.950754568793373e-05,0.0001978430589083632,0.0002957031581689576,0.16225013749625886,2.620884271243224e-05,0.00031461920969509736,8.067697556387801e-05,4.8417237794580434e-05,0.0001806409751098826,6.344823119711703e-05,0.0003965778588887141,0.00029837256881201543,0.08713121007367179,0.0001234819615523544,0.002325670387988757,3.3397598270265704e-05,1.6675123521826155e-05,0.0004806103414636588,8.786346382843892e-05,2.0139772618503807e-05,3.7760771310177895e-05,0.00010084332680803324,7.189897090151665e-05,0.00011022217980057332,4.061933540608887e-05,0.17347437538945645,0.00016188883636187424,0.0005736268636982418,0.030302524369331143,4.389237834264853e-05,0.20999180944146145,0.00012547873443862658,0.0003342446207283172,3.46170392613045e-05,0.00024961662735482985,0.0002567488275186126,0.0001527858258464005,4.3939706933495535e-05,0.010673247783176154,3.894450819584057e-05,0.0005023772912185273,0.00016568074871044594,0.00024352372796571626,2.791587046026245e-05,0.0004072317938082792,0.14669634406051585,5.420944362181004e-05,4.446494008200058e-05,0.00017352569551775548,5.0856996695067966e-05
WilkenFriedrich,0.00016387095511612097,0.0005838844599057647,0.001732725784490041,0.0008602830976508168,0.000742640741684022,0.00022626800246366825,0.00013140044916660346,0.0001386416536977697,0.00031814094677696066,0.0039679695271004,0.0001431823233826862,0.00013763968090689535,0.0002396584763757503,0.007018817113464096,8.118518546836577e-05,0.00034711907280828323,0.0005513754544838494,0.0005116057024128738,0.002217486709966837,0.0003434122367493561,0.00048113883645908644,0.0007435635327041817,0.00012947198544744316,0.00010004175947385589,0.4138604844572613,0.0004724953347670557,0.0006906001050809818,0.0011529290148022708,0.015079755146299731,9.11548273837318e-05,0.00013679330703130236,0.00036444384791220897,0.00017853358520412578,0.00023735592924198693,0.00031905596204999983,0.000469488623234605,6.241688722478243e-05,0.0036377941149414545,0.03142774340818326,0.0001135087506293936,0.0001791818503210065,0.0005046999518288366,0.0011986530800316625,0.0012663174235783867,0.00013960393973988842,0.0002521943882905056,0.0001955305608161748,0.0001826369277096061,6.160424128808802e-05,0.004069482900287032,0.0002153290045401289,0.0006129025058830033,0.0009160655301190906,0.000318863274294556,8.119296913107005e-05,0.0009746659957899787,0.0002499310350486723,0.0001499928606844705,0.0005596117797656844,0.0001965577165513252,0.0012285675566873992,0.0009243351579816416,0.003991889653930649,0.00038253757338962903,0.00720474711885862,0.00010346317825484462,5.165824390720554e-05,0.001488893693120666,0.0002721942202731198,6.239145903780348e-05,0.00011697995111773277,0.0003124048326145725,0.00022273745502671206,0.0003414597943259087,0.00012583556175819758,0.005542477553217904,0.0005015191032131877,0.001777051690073715,0.0052302568240142535,0.00013597519581333642,0.00047783701384165997,0.029936930652613686,0.0010354640023898247,0.00010724091219864859,0.0007732930195276707,0.0007953880244116497,0.00047331868017687893,0.00013612181612991517,0.003516689502222887,0.00012064707650253003,0.0015563260211679574,0.0005132661546050931,0.0007544176881196054,8.648120916349672e-05,0.0012615726236619267,0.424905729008336,0.0001679366666773988,0.00013774894783050553,0.0005375691935049615,0.00015755104519753842
