receiver_norm,0,1,2,3,4,5,6,7,8,9,10,11,12,13,14,15,16,17,18,19,20,21,22,23,24,25,26,27,28,29,30,31,32,33,34,35,36,37,38,39,40,41,42,43,44,45,46,47,48,49,50,51,52,53,54,55,56,57,58,59,60,61,62,63,64,65,66,67,68,69,70,71,72,73,74,75,76,77,78,79
AbekenBernhardRudolf,0.0003748823885767749,6.389828723582569e-05,0.07609905661561785,9.682756003421708e-05,6.0916232919922076e-05,8.31136259848329e-05,0.00011261752016511028,5.5373637158945965e-05,5.380732243810261e-05,8.669540096871211e-05,0.0008217170625360092,7.945212693834368e-05,9.879802295738538e-05,2.640025677244531e-05,0.027715013498126145,5.720520729256593e-05,0.0002700354492688757,0.0001740164752372882,5.809219048023823e-05,6.107931907687927e-05,0.0005768442510937755,6.830859261602865e-05,8.256913783328556e-05,6.181177870158399e-05,0.0005154141413080237,0.00022838147708183985,8.613759255447054e-05,5.795024031982627e-05,0.25622007800294494,8.96387056069042e-05,0.0001291575237413495,0.014702240046245962,7.569477906406559e-05,0.00911319271317522,0.00010108415642071404,0.00011618602075381241,7.367634690788057e-05,0.3601562471410825,0.0003413352920657958,0.06830019078968957,4.331711962423738e-05,6.461802323955679e-05,5.222216169662685e-05,6.43735223791512e-05,0.0006628518693083413,9.030826170427299e-05,0.007090135795400888,3.410806421327387e-05,0.028112776646925536,4.1867165102652264e-05,4.556844274915074e-05,8.595178300851369e-05,9.134558694624002e-05,0.0001076174046068015,5.1830737457819105e-05,0.00011959643154006721,0.10546880562384538,0.00011808948339099879,0.020702981111392228,9.840711702028397e-05,3.16429157198991e-05,6.826017866608604e-05,8.297810883003474e-05,6.216805149747912e-05,8.065976502879224e-05,0.00017703393179870698,6.1095645384741e-05,0.0004859717682633249,6.82121149230952e-05,4.825997784834314e-05,6.687446998015844e-05,6.506185048081122e-05,0.00026021977660592536,0.008871417082575994,4.235374298887785e-05,5.945255374538734e-05,0.00010256928351129131,0.006958123355524787,0.0015981715657126861,0.00011756458036747645
AbekenBernhardRudolfANDTruchsessvonWetzhausenChristianFreiherrANDVoßHeinrichANDVoßAbrahamSophus,0.000920415203155042,0.00015688375026285615,0.00027810791340245267,0.0002377320489187214,0.00014956217898442925,0.0002040614530765437,0.00027649972594100364,0.00013595393928367218,0.00013210830682421472,0.0002128554648783749,0.002017488417957925,0.00019507170191346347,0.00024256995031660475,6.481818949352729e-05,0.000205793995119682,0.00014045082963648015,0.0006629938894741491,0.00042724708945630067,0.000142628560134773,0.00014996258984090454,0.07391163162014781,0.00016771197865178168,0.00020272462001131336,0.00015176093245399685,0.0012654502479618392,0.0005607246166542195,0.0002114859277633749,0.00014228004260043514,0.22215277790797405,0.00022008189753847823,0.00031710891755868764,0.02634201429054708,0.00018584662169521897,0.04908998799039212,0.000248182889361508,0.00028526114630747805,0.0001808909457293708,0.4617133572101544,0.0008380500171892817,0.013835886613416256,0.0001063526499881669,0.00015865085370723807,0.00012821640341568745,0.00015805055261025632,0.001627440916249364,0.00022172579874632915,0.00044767632440287765,8.374247979818443e-05,0.001627552348204507,0.00010279270631992224,0.00011188012232222777,0.0002110297262020285,0.00022427265064552798,0.0002642233893681614,0.0001272553744869885,0.0002936344229198842,0.07704198354171274,0.00028993454789498724,0.0003950440508421475,0.000241610193927734,7.769002115922063e-05,0.00016759311221011957,0.00020372872992558942,0.0001526356571884859,0.0001980367077185584,0.0004346555807021384,0.00015000267436454505,0.0011931630224397654,0.00016747510560026716,0.00011848840774883095,0.0001641909055966964,0.0001597405430414739,0.0006388943461947973,0.00016613956157909745,0.00010398735748958994,0.00014596853840318516,0.00025182918909293653,0.00012355798657205392,0.05225408606658472,0.00028864580044311
AbekenMinonaLaura,0.00012115385146813824,2.0650539573832826e-05,3.6607223258565576e-05,3.129256583896657e-05,1.9686804342016468e-05,2.6860520004082912e-05,3.639553824492232e-05,1.7895557689639488e-05,1.7389358767460587e-05,2.80180719393356e-05,0.00026556111990556783,2.567720298214115e-05,3.192937668842615e-05,8.531989992574721e-06,2.7088573757038268e-05,1.8487481404073002e-05,8.72695963020766e-05,5.623834790945291e-05,1.877413511907401e-05,1.973951024829153e-05,0.060622461244263376,2.2075854550593358e-05,2.668455325117897e-05,1.997622530155072e-05,0.0001665706638225335,7.380793655709611e-05,2.7837800366634443e-05,1.872825990814261e-05,0.4395707607529045,2.8969284116346088e-05,4.174090841332588e-05,0.00028654375427314915,2.446290969937951e-05,0.0001000055142422272,3.266820540509107e-05,3.7548800183763814e-05,2.3810596234942465e-05,0.00988162225731972,0.00011031215798846154,0.17676763664369494,1.3999152899410346e-05,2.088314262894927e-05,1.6877069220450973e-05,0.18450976132159685,0.00021421933749526874,2.918567011484063e-05,5.89274391889549e-05,1.1022986065706893e-05,0.00021423400523488883,1.353055906812744e-05,1.4726731670229763e-05,2.7777750754227515e-05,2.9520911118736683e-05,3.4779609419952165e-05,1.6750569402015705e-05,3.865097092966599e-05,0.000598470399180779,3.816395799498119e-05,5.1999475991966086e-05,3.1803044373853035e-05,1.02263035767079e-05,2.206020821275764e-05,2.681672380094269e-05,2.0091364936570354e-05,2.6067485402163416e-05,5.7213524378642575e-05,1.9744786556643107e-05,0.00015705552787744647,2.2044675054207768e-05,1.5596577396690333e-05,2.1612377241155193e-05,2.1026577960410408e-05,8.409738393866918e-05,2.1868877977610927e-05,1.3687810480174987e-05,1.921377500078276e-05,3.3148166247279996e-05,1.6263883844529733e-05,0.12456941385710375,3.799432073037553e-05
AhlefeldtJohannGeorgJacobvon,0.001046908552868565,0.00017844440138893897,0.00031632849192780426,0.0002704037421924826,0.00017011662109418994,0.0002321057711827418,0.00031449929006082517,0.00015463819083426697,0.00015026405022990237,0.00024210835060320944,0.0022947533600416186,0.00022188055179422247,0.0002759065199975617,7.372620175070972e-05,0.00023407641777457158,0.00015975309219131662,0.05572640878049402,0.0004859639764823152,0.0001622301098206326,0.00017057206071412285,0.0016109137119933233,0.0001907607613033795,0.00023058521614958968,0.0001726175508974453,0.0014393620219218981,0.0006377854200658681,0.00024055059697826968,0.0001618336952609075,0.5275448960403833,0.08270877663475001,0.0003606894332526152,0.0024760674422184595,0.000211387661902494,0.0008641626075068733,0.055254589994414335,0.0003244647989806012,0.0002057509236824956,0.0029301273124751398,0.0009532238577977043,0.09819581157547932,0.00012096877421318908,0.00018045435918123256,0.0001458372796253329,0.0001797715582555499,0.0018511013384713887,0.0002521977410884258,0.0005092008164658569,9.525127142470113e-05,0.1117958263745259,0.0001169195848242695,0.00012725589120390863,0.0002400316992951714,0.0002550946087488264,0.0003005358073717667,0.0001447441757722455,0.00033398882125990905,0.005171472239211429,0.000329780469643343,0.000449335250187977,0.00027481486357040265,8.836701886857824e-05,0.000190625558957744,0.0002317273216403207,0.0001736124897063689,0.00022525304056452797,0.0004943906222206004,0.00017061765408382494,0.0013571403089354278,0.0001904913346112468,0.00013477235823877815,0.00018675578454505559,0.00018169380533561002,0.0007266980739974092,0.00018897224577644456,0.00011827841779761932,0.00016602910380031686,0.00028643826288356124,0.00014053865307102405,0.031949254621101215,0.0003283146086653485
ArnimLudwigAchimvon,0.04114038254493742,3.3228027314655076e-05,0.010295262922281959,5.03517222262021e-05,3.1677316230695474e-05,4.322027950845696e-05,5.856272833017273e-05,2.879508681099127e-05,2.7980580654739412e-05,4.508285395524994e-05,0.0004273046771675621,4.1316247403804334e-05,5.137639125358788e-05,1.3728512783311148e-05,4.35872324544232e-05,2.974752959250152e-05,0.00014042231290357078,9.049106701474633e-05,3.0208773592342108e-05,3.176212337518145e-05,0.00029996729741605955,3.552144947006444e-05,4.293713784762731e-05,3.214301290241943e-05,0.0002680227578328642,0.00011876164897236761,4.479278556646264e-05,3.0134957469695813e-05,0.15453380334243388,4.661341465012823e-05,6.716376780072104e-05,0.0004610670660584984,3.936237253175338e-05,0.000160915212262422,5.256521349672684e-05,6.0418399900775915e-05,3.831275881408099e-05,0.3383454834065539,0.00017749925543949482,0.15135765900742365,2.2525524491043772e-05,3.360230037620139e-05,2.7156274297019948e-05,3.347515641633232e-05,0.0003446924944585824,4.696159343949005e-05,9.48179853583288e-05,1.773668338160471e-05,0.000344716095781492,2.177152731001722e-05,2.369624485812732e-05,4.4696161933256464e-05,4.750101746735252e-05,5.5962596409034705e-05,2.695272806970528e-05,6.219186250301501e-05,0.03679023534000324,6.140822781693629e-05,8.367045337634762e-05,5.117311455060634e-05,1.6454770751142013e-05,3.549627352058765e-05,4.314980864114531e-05,3.232827987443985e-05,4.1944236559562876e-05,9.206018777495652e-05,3.1770613289810526e-05,0.005370892090557987,3.547127968375678e-05,2.509588177584701e-05,3.4775685097047836e-05,0.16381558636643873,0.09226255423621416,3.5188411042861866e-05,2.202455480095043e-05,3.091618203296905e-05,5.333750091891252e-05,2.6169620154293532e-05,0.0008310721732339717,6.11352707040363e-05
BarthKarl,0.000271321081818212,4.624637739045061e-05,8.198097952739771e-05,7.00789344573901e-05,4.4088115952501156e-05,6.015347640536294e-05,8.150691612610751e-05,4.007666296411651e-05,3.8943042880920795e-05,6.274578560170837e-05,0.0005947176211775926,5.750346692868048e-05,7.150505675144183e-05,1.9107182535227288e-05,6.066419719727126e-05,4.140226161911421e-05,0.00019543812261507064,0.00012594440217589414,4.204421559019153e-05,4.4206149538189696e-05,0.0004174909545406045,4.943833535744986e-05,5.9759403173819886e-05,4.4736267099906896e-05,0.00037303092027076763,0.00016529106545744226,6.234207183170732e-05,4.194147917935756e-05,0.20083148414296406,6.487600196526342e-05,9.347774164453077e-05,0.014888552518187034,5.478408687488071e-05,0.000223959898783106,7.315964555943038e-05,8.408961798060476e-05,5.3323246854436216e-05,0.022129650923066183,0.0002470413749166041,0.01832540381591698,3.13507599071703e-05,4.676728623308045e-05,3.7795782992650846e-05,4.659032876595968e-05,0.0004797389574600714,0.3776067478319418,0.0001319665562074915,2.46857072059422e-05,0.0004797718055035575,3.030135550362598e-05,3.298015473708708e-05,6.2207592196074e-05,6.611135712100199e-05,7.788808311651528e-05,3.751248974879809e-05,8.655790236036471e-05,0.3575113798317172,8.546724882606174e-05,0.00011645155237867722,7.122213862838417e-05,2.2901556292360392e-05,4.940329576723762e-05,6.0055395881536916e-05,4.4994119491350655e-05,5.837749484551415e-05,0.0001281282859846048,4.4217965701461465e-05,0.0003517220064641992,4.936850963926287e-05,3.492815292829849e-05,4.840038927921043e-05,4.708850614339609e-05,0.00018833403075363148,4.89748163936521e-05,3.065351618788951e-05,4.3028778333102087e-05,7.423450610538115e-05,3.6422569367710414e-05,0.0011566764706832,8.508735032847586e-05
BentzelSternauChristianErnstGrafvon,0.00043588613966583,7.429630893097651e-05,0.00013170510913767928,0.0001125840867500039,7.082899175726818e-05,9.66385156734004e-05,0.0001309435108698245,6.438446210317563e-05,6.256326458103501e-05,0.00010080314468358665,0.000955433195051288,0.21752856544183446,0.00011487519858429209,3.069630999315714e-05,9.745900523116042e-05,6.651407944290119e-05,0.0003139776984499039,0.00020233377704778984,6.754539936990754e-05,7.101861655041701e-05,0.000670712792756864,7.942429318817883e-05,9.60054242140422e-05,7.187026764954093e-05,0.2752555190421905,0.0002655454709257333,0.00010015456538574352,6.738034998553443e-05,0.15098216364150918,0.0001042254065334237,0.0001501750312842049,0.001030924311377127,8.801241681252331e-05,0.0003597988592199598,0.00011753334930157263,0.0001350927053729588,8.566552982197408e-05,0.001219974638152134,0.00039688000109879256,0.15532446373438474,5.036601512846198e-05,7.51331659234746e-05,6.072015426855847e-05,7.484887799895572e-05,0.0007707162333765397,0.00010500391795851303,0.00021200856330367228,3.9658391256631225e-05,0.0007707690048264204,4.868011283386722e-05,5.2983690900814035e-05,9.993851947863204e-05,0.00010621004475741528,0.00012512973797729524,6.026503446132164e-05,0.00013905808448276162,0.17381331640049813,0.00013730591411843018,0.0001870832051983498,0.00011442068142080928,3.6792094804136996e-05,7.936800094722676e-05,9.648094612288692e-05,7.228451590019965e-05,9.378534355329638e-05,0.00020584225739321096,7.103759960090345e-05,0.0005650528392626697,7.931211590160029e-05,5.6113213332145314e-05,7.7756799065742e-05,7.564921615353044e-05,0.0003025647438922891,7.867963490199714e-05,4.9245870423277665e-05,6.912713142843449e-05,0.00011926014771662355,5.8514041931468296e-05,0.0133022480557964,0.000136695594830051
BergnerCaroline,0.0006877435390261477,0.00011722512323962149,0.0002078050427013229,0.00017763578882970464,0.00011175437120836746,0.0001524767794323798,0.0002066033887821316,0.00010158615701586644,9.871266158859073e-05,0.00015904775389922627,0.0015074877291840244,0.000145759546537195,0.00018125071763296056,4.843280606702106e-05,0.0001537713523514005,0.00010494627892090606,0.0004953957326396477,0.018375664534875786,0.00010657350115148974,0.0362248959483049,0.019114675511724688,0.00012531608489264043,0.00015147788425961737,0.00011339730201548899,0.0009455572104975221,0.0004189790987316988,0.00015802442193005726,0.00010631308532865611,0.4007282756378472,0.00016444741739365514,0.00023694698704561278,0.001626598026076626,0.000138866473394392,0.0005676926111190683,0.00018544476239650584,0.01826957120362875,0.00013516354224404122,0.2366583581766976,0.0006261994399125473,0.01033831426562445,7.946777458363023e-05,0.00011854552078683565,9.58045920406808e-05,0.00011809696974215019,0.0012160402951414055,0.018222096950014532,0.00033450827260095794,6.257322698039742e-05,0.0012161235582241188,7.680774870754754e-05,8.359795775733838e-05,0.00015768354351427904,0.00016757879045566844,0.00019743038606342224,9.508650151559571e-05,0.00021940660748169386,0.003397284901365465,0.00021664202348215238,0.000295180906036858,0.000180533577962492,5.8050768735572914e-05,0.0001252272666864874,0.00015222816533238571,0.00011405090517470351,0.00014797502883109791,0.00032477904135531715,0.0001120835138068459,0.0008915434652480773,0.0001251390909553498,8.853573539357051e-05,0.00012268510353143175,0.00011935974766683225,0.01853380950344601,0.00012414115896933314,7.770040413143953e-05,0.00010906916665844168,0.00018816931439548045,9.232377590974618e-05,0.2015525717847997,0.00021567905836551065
BertuchFriedrichJohannJustin,0.0007820723524686171,0.00013330336484185964,0.00023630695074270425,0.00020199977370835578,0.00012708226109014176,0.00017339003105194706,0.00023494048162433804,0.00011551940554489807,0.00011225179021869736,0.00018086226040443898,0.0017142501641672274,0.00016575148290963286,0.00020611051515882753,5.507570253749975e-05,0.00017486216365773547,0.00011934039155747,0.0005633427055919939,0.00036302978828585685,0.00012119079864332043,0.00012742248826088406,0.0012034012645235688,0.006892607373938534,0.00017225413045339247,0.00012895053129314236,0.009759882441534458,0.0310659224882036,0.00017969857133275734,0.020513879658151688,0.17979750680339376,0.00018700252533169166,0.0002694459155974243,0.010534332745380709,0.00015791297680579694,0.08552120971175982,0.00021087980235450095,0.00024238501819162571,0.00015370216287378258,0.05429670659153621,0.0007120870517815459,0.025256492658855077,9.036733300623935e-05,0.00013480486410335154,0.00010894485869056302,0.00013429479116073092,0.0013828286859147252,0.00018839934024787613,0.0003803884105457198,7.115558060408271e-05,0.0013829233691087883,8.734246606604076e-05,9.506399955051851e-05,0.000179310939069558,0.00019056338800520117,0.00022450933773372384,0.00010812827705166613,0.00024949975088583553,0.36156978385804606,0.00024635598494776497,0.10455129275828146,0.00020529501479087616,6.601283573223806e-05,0.0001424030579616867,0.00017310731779765086,0.00012969378067507274,0.00016827083402109325,0.00036932474751405573,0.00012745654788701112,0.0010138248571290138,0.00014230278831527308,0.00010067902775914867,0.08114075200826104,0.00013573076786739679,0.0005428654400695478,0.0001411679830112307,8.835755539468153e-05,0.0001240287620457254,0.0002139780456244826,0.00010498662439891782,0.010084177772501824,0.00024526094246262055
BodeAugustTheodorHeinrich,0.0012301084444009424,0.0021930161000205005,0.006608685955854264,0.0013253738727533365,0.0013406790538788322,9.483072518812464e-05,0.0001284939861496903,6.318003944437691e-05,6.139291057001498e-05,9.891744761368615e-05,0.005400359409288841,9.065303945079966e-05,0.0011376590602269411,3.0122082453008997e-05,9.563586607040627e-05,0.01596022999341334,0.00030810420285768265,0.00019854877399338566,6.628184591552973e-05,6.969009056486495e-05,0.006419805398558566,7.793852449104162e-05,0.007486471161570674,7.052581005801332e-05,0.0022612293185317795,0.0002605779838694338,9.828100111274515e-05,6.611988406519615e-05,0.3300531098557177,0.00010227569013989074,0.001207420563719502,0.005111370293297223,0.003646462769651824,0.00035306819960894987,0.00011533468483441486,0.0005375308514503858,8.406300800498286e-05,0.01737481719644769,0.00038945567463037487,0.02721831732118423,4.9423831752651404e-05,7.372767017947812e-05,5.9584278821938896e-05,0.00047841398900505967,0.00815842716620333,0.00010303963816303675,0.01794790850499491,3.891651249457138e-05,0.0013496999011100945,4.77694671747324e-05,5.1992539374760045e-05,9.806899671778374e-05,0.00010422320227525143,0.00012278896992881964,5.91376728174178e-05,0.0021863223642478286,0.11657108034135534,0.000134737369647463,0.0009668689792953676,0.00011228024478692747,3.610383507190904e-05,0.007903682193144924,0.0024139553676377806,7.093230907907279e-05,9.203092658452837e-05,0.00020199162214917693,0.005369982798446784,0.0005544825491523647,0.03653699334032599,5.5063518679312165e-05,7.63022237285999e-05,7.42340667979349e-05,0.3491821288214005,7.720779632532133e-05,4.832464129046278e-05,6.783398894171555e-05,0.00011702918050016376,5.741943562960587e-05,0.008779613186277546,0.00013413846743637255
BoieHeinrich,0.027491739160685816,2.2204369605966448e-05,3.936169864110022e-05,3.364714492438272e-05,2.116811904151835e-05,2.8881614054039672e-05,3.913408559175719e-05,1.9242091753823306e-05,1.8697804379538682e-05,3.0126264873770367e-05,0.00028554301151672835,2.7609259478398443e-05,3.433187199506938e-05,9.173971391507511e-06,2.9126827492775438e-05,1.987855420008657e-05,9.38361133241389e-05,6.046994842656562e-05,2.018677689877437e-05,2.12247907531298e-05,0.007040818103508013,2.3736931040293965e-05,2.8692406851686854e-05,2.1479317203398604e-05,0.00017910411356579603,7.936154391065659e-05,2.9932428939586e-05,2.013744985162237e-05,0.17166967955117918,3.114905009817199e-05,4.488166300858835e-05,0.00030810446407049125,2.630359786291953e-05,0.0001075303331871735,3.5126293169473834e-05,4.0374123618413815e-05,2.5602201697869096e-05,0.007204971790294019,0.00011861249045091875,0.1045637565586675,1.505250572449089e-05,2.24544746547385e-05,1.814696809720306e-05,2.236951169707132e-05,0.02759180726989512,3.1381717853459947e-05,6.336137779870193e-05,1.1852400073580533e-05,0.00023035383736073087,1.4548653000077532e-05,1.5834830461671142e-05,2.986786095172248e-05,3.174218374496699e-05,3.739656775314157e-05,1.801094992133014e-05,4.155922614435005e-05,0.004063685380513319,0.13342819793756702,5.591212665964702e-05,3.419603392672598e-05,1.0995771975264377e-05,2.372010740878343e-05,2.8834522447624895e-05,2.1603120409757018e-05,0.4001895160158593,6.151850111331316e-05,2.123046407223966e-05,0.00016887302034809394,2.370340547262548e-05,1.6770126895037698e-05,2.3238579825501292e-05,2.260870264006209e-05,9.04252108857848e-05,2.351438071371065e-05,1.4717736643712116e-05,2.065949706146465e-05,3.564236820462005e-05,1.7487644176138e-05,0.1134214179519122,4.085316693099408e-05
BoieSaraHenriette,0.00016824920712028333,2.8677890696831317e-05,5.08373131641516e-05,4.3456723227242985e-05,2.7339528881155773e-05,3.730183678654212e-05,5.054334119980104e-05,2.485198246503093e-05,2.414901209908973e-05,3.8909356423324214e-05,0.0003687909820831127,3.5658536567019206e-05,4.434107745295526e-05,1.1848575460156998e-05,3.761854040471504e-05,2.5674000869087376e-05,0.00012119334388137902,7.809951834678967e-05,2.60720836347821e-05,2.741272281460384e-05,0.0002588907637056017,3.065725917608838e-05,3.7057467612167135e-05,2.7741454584511853e-05,0.00023132060415768788,0.00010249881992551748,3.865900904430365e-05,2.6008375648843946e-05,0.1819628974747419,4.023032717783022e-05,5.796658265436455e-05,0.0003979300606419878,3.3972218884499155e-05,0.0001388800130991782,4.5367106293724386e-05,0.008886771117107986,3.306633581222817e-05,0.0004709022538163579,0.0001531930920261919,0.03786766446150255,1.9440953359215567e-05,2.9000912038066933e-05,2.343758353899114e-05,2.8891178753290217e-05,0.0002974914395758185,4.0530827510567976e-05,8.18339227439067e-05,1.5307880378370405e-05,0.053305269092354085,1.879020606872981e-05,2.0451359135214448e-05,3.857561673318093e-05,4.0996384588747633e-05,4.829926277992894e-05,2.3261910261627843e-05,5.367551369223799e-05,0.000831109939361739,5.29991873590253e-05,7.221289707508252e-05,4.416563679215064e-05,1.4201508641307253e-05,3.06355307382113e-05,3.7241015967691306e-05,2.7901351707594786e-05,3.620053095618645e-05,7.945376887828572e-05,2.742005014828671e-05,0.00021810671075683615,3.0613959475074234e-05,0.7112090695525658,3.001361731999997e-05,2.920010406125836e-05,0.00011678801785589299,3.0369825934183354e-05,1.9008584808447407e-05,2.6682621893529945e-05,4.6033639219987236e-05,2.2586038564842024e-05,0.0007172678871210115,5.2763608094131184e-05
BornträgerJohannFriedrichWilhelm,0.0008019498738807638,0.00013669146631430185,0.00024231304015169625,0.00020713389565303573,0.00013031224404242195,0.00017779699422358804,0.00024091184020686156,0.01250453650045868,0.00011510483489746762,0.00018545914129722404,0.014912022404682318,0.0001699643011229752,0.00021134911765565033,5.647553268495672e-05,0.00017930654324909863,0.00012237360348604638,0.0005776608906773448,0.32247348931877245,0.00012427104139500932,0.039363073215756085,0.004622142511120142,0.000146126008856716,0.0001766322230372949,0.00013222799908598314,0.001102575949719979,0.005760465197012461,0.0055688111304747516,0.00012396738105590428,0.3002123849460628,0.0001917554701067792,0.009593720613009336,0.001896710049379693,0.00016192656783456177,0.0006619633512437393,0.00021623962331410846,0.0002485455906423453,0.00015760872986080498,0.007732368487965972,0.0007301857936363388,0.19773243093067916,9.266415195287536e-05,0.0001382311283923495,0.00011171385283097644,0.00013770809119417545,0.009101660693338664,0.0011807606419055158,0.00039005654259474074,7.296410455021994e-05,0.0014180724046092103,8.95624035615132e-05,9.74801911990598e-05,0.00018386839084436708,0.00019540683735293479,0.007143225556831806,0.0020317978611754037,0.00025584115475327045,0.017652029134369095,0.0002526174853707788,0.0003441984939669025,0.000210512890144009,6.769064923836981e-05,0.0001460224415453842,0.0001775070953952871,0.00013299013924631436,0.00017254768525581105,0.0003787116802621238,0.00013069604388983653,0.0020071525187304357,0.008046502461581414,0.00010323793362472442,0.00014305812809728115,0.0001391805653651028,0.000556663165273406,0.00014475597534487848,9.06032928814228e-05,0.00012718113581971696,0.00021941661300281298,0.00010765501418138644,0.015655576484852433,0.0002514946107670625
BreitenbauchGeorgAugustvon,0.0009432079353163428,0.00016076874617333692,0.00028499484786462996,0.0002436191343325516,0.00015326586692370633,0.00020911473558260846,0.0002833468360000761,0.02490285353512301,0.00013537977522608993,0.00021812651818498214,0.02683098145475485,0.00019990236642087456,0.00024857683926084905,6.642331686130889e-05,0.0002108901814876257,0.00014392888837645246,0.0006794119604659836,0.0004378272368107684,0.00014616054717557842,0.00015367619336759786,0.0014513460531951213,0.00017186511975217695,0.00020774479780779088,0.00015551906929714776,0.0012967872668054829,0.0005746101391443285,0.00021672306649258248,0.0001458033991158141,0.07907286815568483,0.00022553190284798456,0.0003249616546702644,0.0022308027319861783,0.00019044884062517745,0.000778563730872944,0.000254328774506434,0.0002923252200880115,0.00018537044461452708,0.0026398860961074546,0.025622335992349976,0.0141785120467128,0.00010898631733472476,0.0001625796093419945,0.00013139149453947753,0.00016196444266905005,0.0016677421029151875,0.00022721651285747383,0.0004587623717889848,8.581623945145872e-05,0.0016678562943192178,0.00010533821688434364,0.00011465066941176179,0.00021625556776886447,0.00022982643380745966,0.00027076649396267017,0.00013040666713928876,0.00030090584861125626,0.6980381376353089,0.0002971143516094692,0.09945895832115673,0.0002475933159130704,7.961390055388727e-05,0.00017174330975747645,0.0002087737730309604,0.00015641545530637428,0.00020294079624476078,0.000445419188473282,0.00015371727052565815,0.0012227099541962333,0.00017162238088705903,0.0001214225993319128,0.00016825685248866281,0.00016369628323390498,0.000654715627353855,0.00017025376407758705,0.00010656245183755062,0.00014958323510571222,0.00025806536950121026,0.00012661771883709346,0.004021016053861482,0.0002957936902176727
BrentanoClemens,0.00044609640278481065,7.603663695227104e-05,0.00013479018961176984,0.00011522127349241548,7.248810081462027e-05,9.890219093779308e-05,0.023558162588102,6.58926135193951e-05,6.402875598997152e-05,0.00010316437285025686,0.000977813407281851,9.454514029148261e-05,0.00011756605267818457,3.141534501925871e-05,9.97418997675344e-05,6.807211533904015e-05,0.00032133235973168543,0.011919149192438794,6.912759306060878e-05,7.26821674077158e-05,0.024110575507604672,8.128473989132951e-05,9.825426984796446e-05,7.355376771149738e-05,0.0006133240754649205,0.0002717656483562062,0.000102500601132463,6.895867753439558e-05,0.2365033241951893,0.00010666679828128892,0.00015369275401906502,0.02447922467553037,9.007403302744172e-05,0.0003682268423289462,0.00012028646832147114,0.00013825713741562554,8.767217219968264e-05,0.024672703345864508,0.00040617657850542136,0.01841789653752061,5.1545796314233116e-05,7.689309661002689e-05,6.214247238168401e-05,7.660214948199878e-05,0.0007887696074500469,0.00010746354567620604,0.00021697468408114664,4.058735543501992e-05,0.012500899533302159,4.9820403188308194e-05,5.422478892133562e-05,0.00010227949453321967,0.00010869792497237992,0.00012806079595894328,6.167669177897865e-05,0.00014231540216778584,0.5995194789730061,0.0001405221886987968,0.00019146547060298465,0.000117100888835652,3.765391841921391e-05,8.122712905237817e-05,0.01181081684872998,7.397771937607753e-05,9.598218568073194e-05,0.0002106639376847681,7.270159512005918e-05,0.000578288722765233,8.116993494695755e-05,5.742761776127429e-05,7.957818613338216e-05,7.742123487902686e-05,0.00030965206639360936,8.052263861638597e-05,5.039941316939567e-05,7.074637585103941e-05,0.00012205371552478733,5.988468373424135e-05,0.0019017660157470704,0.00013989757319873784
BrockhausFriedrichArnold,0.000967158188943882,0.00016485104033357582,0.0002922315330464723,0.0002498051934583469,0.00015715764544657927,0.00021442464739201202,0.00029054167430949584,0.00014285831573257254,0.00013881738408337406,0.00022366526021398158,0.0021199459090190226,0.00020497835464919616,0.0002548887861002622,6.810996009875918e-05,0.00021624517601753545,0.00014758357919474982,0.0006966638178364232,0.0004489446934966536,0.00014987190502587148,0.050942252121558805,0.001488199121085918,0.0001762291767683126,0.0002130199236957317,0.00015946806189371274,0.001329715725926788,0.0005892008333636755,0.00022222617160343443,0.00014950568814226293,0.5127504397702252,0.00023125868489896382,0.00033321319047394424,0.07846445862221828,0.00019528478174193025,0.0007983332833983439,0.00026078677642323017,0.0002997480405506977,0.00019007743338904232,0.0027069189731457324,0.0008806101138820969,0.2938542431187168,0.00011175373461819229,0.00016670788554982882,0.00013472783163005398,0.00016607709835749672,0.0017100899721967885,0.00023298607109330065,0.00047041142047455676,8.799531431211999e-05,0.0017102070631874165,0.00010801300037225676,0.00011756191783129287,0.00022174680199463969,0.00023566226403524024,0.0002776418879891959,0.0001337179971607655,0.00030854655128392035,0.00477752494364923,0.0003046587793130404,0.0004151062340733493,0.0002538802887963218,8.163548353590892e-05,0.0001761042737331931,0.025606411892264917,0.00016038720923844686,0.00020809393730671202,0.0004567294225532466,0.00015762051124085404,0.0012537574172416914,0.00017598027419616128,0.00012450580287720427,0.0001725292871669434,0.0001678529144013714,0.0006713403871145745,0.00017457690500762374,0.0001092683215117978,0.00015338150300091196,0.0002646182522968429,0.00012983283860691576,0.0041231190480417535,0.0003033045832422984
BöckhPhilippAugust,0.0005207282944680665,8.8757560092551e-05,0.00015734057730436854,0.000134497783119508,8.461535414943663e-05,0.0001154485193888357,0.00015643073931916924,7.691644236940794e-05,7.47407616278253e-05,0.0001204237639864939,0.0011414015103087586,0.000110362534525921,0.0001372348436711905,3.6671129670363404e-05,0.000116428711437082,7.946057466513792e-05,0.00516519097290966,0.00024171661598634925,8.06926337231586e-05,8.484188806767717e-05,0.0008012622950524498,9.488367022387845e-05,0.00011469220115369603,8.585930703096115e-05,0.0007159331431038527,0.00031723201908848505,0.00011964894331462748,8.049545864323176e-05,0.2102798259427882,0.00012451214490554537,0.00017940553919026773,0.004834828538610405,0.00010514341138246246,0.00042983116291975325,0.000140410384628996,0.00016138754519211997,0.00010233971943475588,0.08648290635617166,0.0004741298868532471,0.04850648839926733,6.0169403819776554e-05,8.975730538096806e-05,7.253890292621984e-05,8.94176828222281e-05,0.0009207306982339436,0.00012544218807443683,0.00025327453097357755,4.737761667816517e-05,0.008105943344806075,5.815535256506778e-05,6.32965916708339e-05,0.00011939084559942317,0.00012688307892585527,0.00014948535664406886,7.19951972667952e-05,0.00016612475730524187,0.22887990465243982,0.00016403153936962392,0.38911207012001026,0.00013669185795586508,0.0033603967574032693,9.481642109628467e-05,0.00011526028003953703,8.635418577433496e-05,0.00011203999749120288,0.000245907997221473,8.48645660347059e-05,0.0006750363787643385,9.47496584217072e-05,6.703525351361707e-05,9.289161016186835e-05,9.037380113915583e-05,0.00036145683176342123,9.399406946799717e-05,5.883123086861266e-05,8.258223874196847e-05,0.00014247329214481876,6.990338642280766e-05,0.00221993131456612,0.00016330242574751538
BörneCarlLudwig,0.0003578623562644014,6.0997241610321904e-05,0.00010812984492740194,9.243149275891178e-05,5.8150575518460014e-05,7.934018491914075e-05,0.0001075045730367418,5.285961910310475e-05,5.136441662432031e-05,8.275934376574897e-05,0.010179937938143702,0.09967539162143374,9.431249471073389e-05,2.5201658926790713e-05,8.001380653660132e-05,5.460803413580108e-05,0.00025777557200579306,0.0001661159546429008,5.545474740689495e-05,5.8306257402115255e-05,0.016276899165652923,6.520731475138589e-05,7.882041706978795e-05,5.9005462633282535e-05,0.0004920138280187795,0.0002180127314754177,0.06653736670211349,5.531924192457556e-05,0.28408245821656253,8.556901945370584e-05,0.00012329364404348075,0.0008463884708114641,7.225816100782816e-05,0.00444884096782251,9.64948354470583e-05,0.00011091106015888178,7.03313676737522e-05,0.03245408714932909,0.005567919736469073,0.24648044309984846,4.135047942414041e-05,6.16843008855292e-05,4.985122375293481e-05,0.07897692946263336,0.0006327577369145106,8.620817704007647e-05,0.000174058950509984,3.255952426391443e-05,0.025553478502894952,3.9966354276142416e-05,4.349959024594427e-05,8.20494867985881e-05,8.719840668706573e-05,0.00010273146768473025,4.947757056284891e-05,0.005356248040168862,0.07931033844166041,0.00011272810370416762,0.00015359524090650118,0.0042473855763976096,3.0206295957485016e-05,0.026275568125124975,0.005321292225634036,5.934556029083317e-05,7.699773168465363e-05,0.00016899641568321358,5.8321842479404896e-05,0.0004639081679161748,6.511521724141433e-05,4.6068926981719134e-05,6.383830270578663e-05,6.210797792976865e-05,0.00024840554061856477,6.45959505792902e-05,4.0430841043664106e-05,5.675334883037069e-05,9.791253629452618e-05,4.804000635625341e-05,0.0015256129912957516,0.00011222703179859973
BöttigerCarlAugust,0.0005573704184076788,6.470204432171823e-05,0.0026871230359225974,9.80455244093804e-05,0.0015608077063702785,0.0002658066176964182,0.00011403410163769793,5.607016526890744e-05,5.448414835243292e-05,8.778591600217029e-05,0.0013636380934944983,8.045153103473586e-05,0.00010004077318527646,2.6732337558459535e-05,0.007001312967765789,5.792477416517487e-05,0.00027343214290779914,0.0009567437165904982,5.8822914444108916e-05,6.184761722121525e-05,0.0033623330572079995,0.006313474554649451,8.360774985999933e-05,0.0005449430891810995,0.0007035449094836893,0.0009024564743180208,8.72210910858453e-05,5.8679178735880106e-05,0.24953054525176943,0.05732900433847373,0.0045608808714001055,0.01067137772687815,0.002099743557889234,0.0012780437793460122,0.00386397983032568,0.15374375558628633,7.460309922709901e-05,0.005520377198170096,0.0010357258589057626,0.056856149682044305,4.3861992473644764e-05,6.543083366534303e-05,0.010584090009226714,6.518325730311168e-05,0.0029391850037737434,9.144422181211684e-05,0.00018463080679017134,3.4537099160585035e-05,0.03976734951559945,4.2393799415921046e-05,4.614163430618803e-05,8.703294429822442e-05,9.249459525223875e-05,0.00010897109114927244,0.0007786110257919383,0.005345578808474655,0.3107093092425309,0.00037617154290956796,0.02624752312594987,0.0002584465180502921,3.20409423154212e-05,6.911880265524983e-05,0.0022103614747735864,0.002857174890293477,8.167435963676746e-05,0.0001792607876861187,6.186414889272911e-05,0.0004920846590649795,0.0022395003484523687,0.00037341937372092606,6.771566356197518e-05,6.588024367423494e-05,0.016253327118490073,6.851932885892181e-05,4.288649781712146e-05,6.0200389304279595e-05,0.00010385947127662002,5.095782265590108e-05,0.0025550997875375754,0.00011904338940302391
CalmbergJohannErhartWilhelm,0.00040886976051567893,6.969139707698905e-05,0.00012354197927261077,0.00010560608470515007,6.643898546433056e-05,9.064882583847709e-05,0.00012282758513834058,6.039389006780086e-05,5.868557102076656e-05,9.455532965008467e-05,0.0008962151032121332,8.665537006705494e-05,0.00010775519260685629,2.879374169878218e-05,9.141846115939859e-05,6.23915129615941e-05,0.0002945172481760836,0.0001897930570336229,6.335891130991833e-05,6.661685724484193e-05,0.0006291417734905301,7.45015470321537e-05,9.005497361465834e-05,6.741572270362591e-05,0.000562142322350914,0.010354916726302689,9.394694952956088e-05,6.320409174553935e-05,0.24924036962677548,9.776547848399246e-05,0.0001408671290252107,0.06196180657661411,0.002103723347442754,0.000337498396980141,0.00011024859019004695,0.0001267196110791748,8.035594958264065e-05,0.4007532572929521,0.000372281236396117,0.10581223006286651,4.7244311460536334e-05,7.047638537317778e-05,5.6956697345994536e-05,7.020971771610422e-05,0.0007229469650211846,9.849573749195041e-05,0.0001988681965700984,3.720034995369925e-05,0.0417751919172989,4.566290199435726e-05,4.969974275039064e-05,9.374429422519911e-05,0.058713440289342875,0.00011737415197324072,5.6529786027516906e-05,0.0001304392145706323,0.004040882603334732,0.0001287956443534281,0.00017548772109293872,0.0001073288465800568,3.451170758255913e-05,7.444874380446995e-05,9.050102250517445e-05,6.780429569924974e-05,8.797249434890205e-05,0.00019308408050985936,6.663466371905607e-05,0.0005300306617805113,7.43963225339996e-05,5.2635296259864094e-05,7.293740479302506e-05,7.096045062503174e-05,0.000283811672632145,7.380304293342156e-05,4.6193593725618837e-05,6.484260704859378e-05,0.00011186836102047986,5.4887320642187746e-05,0.05492225536110713,0.00012822315287327
CottavonCottendorfElisabeth,0.00025497446450930807,4.346011460519696e-05,7.704176990180236e-05,6.58568020845056e-05,4.143188461759519e-05,5.6529335398666394e-05,7.659626798548456e-05,3.7662114606494704e-05,3.659679313669646e-05,5.896546253169762e-05,0.0005588869319620549,5.403898432556247e-05,6.719700302213216e-05,1.795600844045494e-05,5.700928616238126e-05,3.8907848277270616e-05,0.00018366331994750746,0.00011835647376734009,3.9511125652247086e-05,4.154280688763543e-05,0.08741757157583735,4.645976272659562e-05,5.615900438525306e-05,4.2040985799941214e-05,0.0003505564643339448,0.000155332569886412,5.858607180528876e-05,3.941457892921894e-05,0.07492951223700221,6.0967337111242175e-05,8.78458723503211e-05,0.054157035936083946,5.1483442130431985e-05,0.00021046670933606848,6.875190576862291e-05,7.902336660209279e-05,5.01106151482804e-05,0.060961870915624175,0.00023215756718531665,0.3117682753969531,2.946193184002731e-05,4.394963960752132e-05,3.551865363605629e-05,4.378334351612407e-05,0.00045083553022463586,6.142273249013335e-05,0.00012401580362519427,2.3198436825067194e-05,0.3686345475053515,2.8475752203508313e-05,3.09931585012516e-05,5.84596943308469e-05,6.212826429464587e-05,7.319546329096543e-05,3.5252428311188756e-05,8.134294119529619e-05,0.0012595115029910642,8.031799761549577e-05,0.00010943555145090028,6.693113021769253e-05,2.152177786165089e-05,4.642683420997937e-05,5.643716405365425e-05,4.228330303894907e-05,5.486035359980916e-05,0.033591652519343006,4.155391114788158e-05,0.0003305313750533959,4.639414388494722e-05,3.28237932324002e-05,4.548435107146316e-05,4.4251506583996574e-05,0.000176987237108471,4.602416996398299e-05,2.880669582679626e-05,4.0436370223981596e-05,6.976200785980359e-05,3.422817371341369e-05,0.001086988750548204,7.996098733328425e-05
CottavonCottendorfJohannFriedrichFreiherr,0.008304207962530407,4.647768333422601e-05,0.049365472515395234,7.042944135086169e-05,4.430862713294614e-05,6.0454340114402056e-05,8.191458122816727e-05,4.027711045586314e-05,3.913782045692434e-05,6.305961500793402e-05,0.0005976921616369443,5.7791076346732826e-05,7.186269654011036e-05,1.9202749045267323e-05,6.096761532811473e-05,4.160933922688858e-05,0.01857684074217926,0.00012657432586835052,4.2254503995816875e-05,4.4427251075576684e-05,0.00041957907786413317,4.9685606202515034e-05,6.0058295885650535e-05,4.496002007400838e-05,0.00037489667222669173,0.00016611778547424448,6.26538820225943e-05,4.215125373841137e-05,0.2097917848501452,6.520048586453742e-05,9.394528004371242e-05,0.012670136791040633,5.5058095037973815e-05,0.00022508005691610964,7.352556094172132e-05,8.451020072775705e-05,5.3589948478105035e-05,0.08895395927601175,0.00024827697739189026,0.023434045233972287,3.1507563910372115e-05,4.7001197555228476e-05,3.7984822432043794e-05,4.682335501740056e-05,0.005669831209920302,6.56875007379276e-05,0.00013262660031370657,2.480917527252881e-05,0.030715228434061197,3.045291080434209e-05,3.314510832367646e-05,6.251872977343328e-05,6.644201977429564e-05,7.827764825849422e-05,3.7700112268318985e-05,0.26867194786731957,0.20789920124771805,8.589472193351602e-05,0.00011703399662073418,7.157836337338533e-05,2.3016100747321826e-05,4.965039135824094e-05,6.035576903089525e-05,4.5219162140322316e-05,5.8669475802778786e-05,0.00012876913259327586,0.06429667785291454,0.0009073358350738454,4.9615431243921424e-05,3.5102849625278705e-05,4.8642468731765275e-05,4.732402407948249e-05,0.0001892760024968602,4.921976890164032e-05,3.080683285596087e-05,4.3243991129075505e-05,7.460579751163412e-05,3.660474053997747e-05,0.00509048135618957,8.551292333509021e-05
DobeneckFranziska,0.0002874401447568531,4.899385378574333e-05,8.685143249742885e-05,7.424229230493262e-05,4.6707371010464625e-05,6.372716727250228e-05,8.634920520356128e-05,4.245759941166513e-05,4.125663147128453e-05,6.647348438748157e-05,0.0006300495264694321,6.091972192958934e-05,0.2694788697944468,2.0242331620589513e-05,0.0074152381487540804,4.3861951284098395e-05,0.00020704901321719825,0.00013342670223101096,4.454204345068256e-05,4.6832416918173394e-05,0.00044229390360544076,5.237544453403169e-05,0.094208091124746,4.739402852482414e-05,0.0003951925187783706,0.0001751109330086438,0.022217759066733612,4.443320351607806e-05,0.27136544150238257,0.00190647273569268,9.90312120598514e-05,0.000679831282368326,5.803878473490123e-05,0.00023726525522656632,7.750602706225535e-05,8.908534420885199e-05,5.649115686857673e-05,0.0008044983647770452,0.0002617179914332566,0.10411607453199362,3.321329439483865e-05,4.954570958746452e-05,4.004121339117017e-05,4.9358239157138406e-05,0.0023459825120158515,6.924363642572087e-05,0.00013980662971394136,2.6152273922656276e-05,0.000508274831797249,3.210154534960463e-05,3.4939490835744586e-05,6.590331715467368e-05,7.003900299079992e-05,8.251537895918188e-05,3.974108982363907e-05,9.170026824890371e-05,0.0014198840242272842,9.05448194806813e-05,0.00012336988651443753,0.04714784413492831,0.008331154607622378,5.233832325758928e-05,6.36232598290502e-05,4.766719981039404e-05,6.184567545023956e-05,0.00013574032959052642,4.6844935074368814e-05,0.00037261765202594035,5.2301470501461426e-05,3.700321871975419e-05,5.12758345480342e-05,4.988601302758485e-05,0.0001995228704665726,5.188438811792598e-05,0.0073834445467391525,4.5585098621507904e-05,0.0028476089046589304,3.858641776493339e-05,0.1513210903591903,9.014235138492102e-05
EhrenbergCarolineAugusteEleonorevon,0.05093173447250216,0.0003185246681137097,0.0005646488604963303,0.00048267281891817596,0.00030365951440834243,0.0004143106376989543,0.0005613837206933583,0.0002760303939479189,0.0002682225183662628,0.0004321653210926972,0.004096152900963944,0.0003960585402009834,0.0004924953208315083,0.00013160185335680063,0.0004178282574547227,0.00028516053333311336,0.0013460916650216634,0.00086744954237518,0.0002895820293965846,0.00030447247773280554,0.0028754937194925266,0.0003405094679930033,0.00041159643493600086,0.00030812369389145947,0.0025692725956073035,0.0011384520201979061,0.00042938471854913306,0.00028887442627152686,0.5491678573337051,0.0004468373126842348,0.0006438334916907782,0.004419799971985472,0.0003773286487373015,0.0015425370906002928,0.0005038913994146935,0.0005791722329501099,0.00036726702642360647,0.005230300432361521,0.00170151212691341,0.02809131719641681,0.00021593021892793744,0.00032211245867328826,0.0002603206978178967,0.0003208936536194566,0.0033042305328274146,0.00045017496292375984,0.14809791075687198,0.00017002427300497216,0.003304456775675828,0.0002087023838364684,0.00022715277249237304,0.00042845848207991705,0.0004553458946140584,0.0005364587936313455,0.00025836949879283125,0.0005961726880611225,0.009231118857373068,0.0005886607471342071,0.0008020669761779804,0.0004905467054731753,0.00015773582773248346,0.0003402681307364878,0.0004136351022719016,0.0003098996675361304,0.0004020784593349964,0.0008824911716793624,0.00030455386225840286,0.002422506187488548,0.00034002853921617115,0.00024056972561073441,0.00033336055279690395,0.0003243248798638384,0.0012971618108341776,0.0003373169536288711,0.00021112791144332693,0.0002963632637033277,0.0005112945651973216,0.0002508626075021848,0.1551556610897359,0.0005860441736923827
EichstädtHeinrichKarlAbraham,0.00040787947936241537,6.952260475303997e-05,0.010831949215453182,0.00010535030713132908,6.62780704701175e-05,9.042927469417112e-05,0.00012253009714972054,6.0247616273840195e-05,5.854343476966041e-05,9.432631696698726e-05,0.0008940444733155574,8.644549105888801e-05,0.00010749420990109135,2.872400335545183e-05,9.119704596099327e-05,6.224040093185746e-05,0.00029380392841427984,0.00018933337890246542,6.320545624471034e-05,6.645551144578844e-05,0.0006276179942796816,7.43211045415624e-05,8.983686077839536e-05,6.725244205517972e-05,0.0005607808155802159,0.000248483579935052,9.371941034102227e-05,6.305101165278364e-05,0.012776744166608034,9.752869083146376e-05,0.00014052594932336115,0.0009646851164134927,8.235742199658215e-05,0.0003366809770238093,0.00010998156848391397,0.00012641269661711648,8.016132774921399e-05,0.21531571762504773,0.0003713795725223892,0.00613133530286442,4.712988590072171e-05,7.030569181027607e-05,5.681874842098053e-05,7.003967002135048e-05,0.0007211959899591829,9.825718115461685e-05,0.00019838653848220638,3.711025083409821e-05,0.0007212453707252679,4.555230660282893e-05,4.957937014443983e-05,9.35172458671104e-05,9.938581160650153e-05,0.00011708987218098415,5.639287108024748e-05,0.00013012329124171485,0.40894567015315,0.00012848370174592207,0.33214496277774536,0.00010706889648290194,3.442812034553078e-05,7.426842920311444e-05,9.028182934003326e-05,6.764007392834505e-05,8.775942527025603e-05,0.00019261643153116508,6.647327479278331e-05,0.0005287469293412351,7.421613489678081e-05,5.250781375341303e-05,7.276075064955555e-05,7.078858465775545e-05,0.0002831242817374764,7.362429221735418e-05,4.60817130005432e-05,6.468555847741134e-05,0.00011159741623496836,5.475438374043072e-05,0.0017388423836859105,0.00012791259683815926
EinsiedelDetlevGrafvon,0.001046908552868565,0.00017844440138893897,0.00031632849192780426,0.0002704037421924826,0.00017011662109418994,0.0002321057711827418,0.00031449929006082517,0.00015463819083426697,0.00015026405022990237,0.00024210835060320944,0.0022947533600416186,0.00022188055179422247,0.0002759065199975617,7.372620175070972e-05,0.00023407641777457158,0.00015975309219131662,0.0007541096355327849,0.027972113548962927,0.0001622301098206326,0.00017057206071412285,0.0016109137119933233,0.0001907607613033795,0.00023058521614958968,0.0001726175508974453,0.0014393620219218981,0.028123934992546482,0.00024055059697826968,0.0001618336952609075,0.1427388020256548,0.0002503279173081681,0.0003606894332526152,0.05744836658717969,0.000211387661902494,0.0008641626075068733,0.0002822908494531121,0.0003244647989806012,0.0002057509236824956,0.0029301273124751398,0.0009532238577977043,0.07070966200299869,0.00012096877421318908,0.00018045435918123256,0.0001458372796253329,0.0001797715582555499,0.0018511013384713887,0.0002521977410884258,0.0005092008164658569,9.525127142470113e-05,0.1942542750919677,0.0001169195848242695,0.00012725589120390863,0.0002400316992951714,0.0002550946087488264,0.0003005358073717667,0.0001447441757722455,0.00033398882125990905,0.4174637158264206,0.02781593004212396,0.000449335250187977,0.00027481486357040265,8.836701886857824e-05,0.000190625558957744,0.0002317273216403207,0.0001736124897063689,0.00022525304056452797,0.0004943906222206004,0.00017061765408382494,0.0013571403089354278,0.0001904913346112468,0.00013477235823877815,0.00018675578454505559,0.00018169380533561002,0.0007266980739974092,0.00018897224577644456,0.00011827841779761932,0.00016602910380031686,0.00028643826288356124,0.00014053865307102405,0.004463105048620611,0.0003283146086653485
EndeHenrietteFreifrauvon,0.0006877435390261477,0.00011722512323962149,0.0002078050427013229,0.00017763578882970464,0.00011175437120836746,0.0001524767794323798,0.0002066033887821316,0.00010158615701586644,9.871266158859073e-05,0.00015904775389922627,0.0015074877291840244,0.000145759546537195,0.00018125071763296056,4.843280606702106e-05,0.0001537713523514005,0.00010494627892090606,0.0004953957326396477,0.0003192433418462355,0.00010657350115148974,0.00011205356224579585,0.0010582543186951386,0.00012531608489264043,0.00015147788425961737,0.00011339730201548899,0.0009455572104975221,0.0004189790987316988,0.00015802442193005726,0.00010631308532865611,0.3826718544448177,0.00016444741739365514,0.00023694698704561278,0.01968301921910617,0.000138866473394392,0.0005676926111190683,0.00018544476239650584,0.0002131500105991985,0.00013516354224404122,0.11026340982549067,0.0186826206329421,0.19090252619592,7.946777458363023e-05,0.00011854552078683565,9.58045920406808e-05,0.00011809696974215019,0.0012160402951414055,0.00016567575698498444,0.00033450827260095794,6.257322698039742e-05,0.03732896594428322,7.680774870754754e-05,8.359795775733838e-05,0.00015768354351427904,0.00016757879045566844,0.00019743038606342224,9.508650151559571e-05,0.00021940660748169386,0.003397284901365465,0.00021664202348215238,0.000295180906036858,0.018236954770992044,5.8050768735572914e-05,0.0001252272666864874,0.00015222816533238571,0.00011405090517470351,0.00014797502883109791,0.00032477904135531715,0.0001120835138068459,0.0008915434652480773,0.0904072450561031,8.853573539357051e-05,0.00012268510353143175,0.00011935974766683225,0.0004773883104164583,0.00012414115896933314,7.770040413143953e-05,0.00010906916665844168,0.00018816931439548045,9.232377590974618e-05,0.11127046581965194,0.00021567905836551065
EnslinTheodorChristianFriedrich,0.00028720896049514816,4.895444868481311e-05,8.678157905257712e-05,7.418258022279349e-05,4.666980489703127e-05,6.367591236470605e-05,8.627975569340089e-05,4.2423451332655294e-05,4.122344931471697e-05,0.011397269009822825,0.0006295427860670516,0.022722568703351,7.569221264379344e-05,2.0226050984163962e-05,6.421653967889879e-05,4.382667370367158e-05,0.00020688248646674083,0.00013331938892001502,4.450621888122761e-05,4.6794750231989915e-05,0.016058039396905557,5.23333196649174e-05,6.325876319799929e-05,0.0013063391311607464,0.0003948746707242569,0.00819980801026222,6.599266642278535e-05,4.4397466485125954e-05,0.3580647641935471,6.867497711810236e-05,9.895156258129586e-05,0.007347058649433633,0.14555513653662092,0.0026797809865818346,7.744369000192845e-05,0.07803021793022676,5.644572178711109e-05,0.02113767043620626,0.00026150749515523806,0.025601771629711886,3.318658138664017e-05,4.9505860636298286e-05,4.0009008779098877e-05,4.931854098593044e-05,0.004579008862651333,0.006763436692079614,0.054338585527440836,2.6131239998728113e-05,0.007021750194818251,3.2075726506285036e-05,3.491138947084984e-05,6.585031199864997e-05,6.998267155800484e-05,0.002600415454981773,3.9709126596936685e-05,9.162651495034755e-05,0.20894202316339885,9.047199549410644e-05,0.0001232706617657352,7.539272754855459e-05,2.424261370466215e-05,5.2296228244620865e-05,6.357208849262017e-05,4.762886171950199e-05,6.179593380113657e-05,0.00013563115546000776,4.680725831999984e-05,0.00037231796063504313,5.225940512867158e-05,0.003357623230101882,5.123459408051591e-05,4.9845890374915914e-05,0.005777903019712011,5.1842658198915526e-05,3.2448508832585636e-05,4.554843513673796e-05,7.858149167222626e-05,3.8555383225515204e-05,0.0031764211824086065,9.006985109804947e-05
FalkElisabethCharlotteKaroline,0.0001919962141285988,3.272554169630672e-05,5.801258639518662e-05,4.9590286224054e-05,3.119828099688314e-05,4.2566687627472275e-05,5.767712267930173e-05,2.835963763838167e-05,2.7557448723406187e-05,0.15630860963347032,0.00042084282937574353,4.069144894893554e-05,5.059945985519034e-05,1.3520905507393115e-05,4.292809138521217e-05,2.9297677253688976e-05,0.00013829879855644796,8.912263008247459e-05,2.9751946163667187e-05,3.128180565866158e-05,0.00029543108912722386,3.4984281935784624e-05,4.228782773188781e-05,3.1656935243914305e-05,0.00026396962582097124,0.00011696569460965909,4.411541370987389e-05,2.9679246313728882e-05,0.3588689079436704,4.590851061649431e-05,6.614809428286924e-05,0.0004540946518494161,3.876712124241326e-05,0.000158481797267013,5.177030432088578e-05,5.950473214836105e-05,0.09581257087110506,0.0358228327205568,0.01529715781258962,0.2297212713375313,2.2184885788802448e-05,3.309415487232984e-05,2.6745607808968834e-05,3.296893362700199e-05,0.005380260856986927,4.625142412686104e-05,0.0857866597650918,1.7468463176051793e-05,0.00033950318082559864,2.144229081158876e-05,2.3337902121216816e-05,4.402025125236793e-05,4.678269079968025e-05,5.5116310844300893e-05,2.654513967747147e-05,6.125137584125398e-05,0.01102997618802225,6.047959154749812e-05,8.240516010136106e-05,5.039925717218675e-05,1.6205936067777546e-05,3.495948670564517e-05,4.2497282444770815e-05,3.18394005452814e-05,4.130994143743005e-05,9.066802206071432e-05,3.1290167185891616e-05,0.0002488906988513561,3.4934870834181785e-05,2.471637324972477e-05,3.4249795267236264e-05,3.332146122932222e-05,0.0001332716965963726,3.4656279829831034e-05,2.1691491934075933e-05,3.0448656931382428e-05,5.253091294796259e-05,2.5773874188376004e-05,0.0008185044149705913,6.0210762185618663e-05
FalkJohannesDaniel,0.0015808107820119996,0.0023016807143121675,0.002107202755042634,0.0008285118790933017,5.042681830138437e-05,0.0004927146886377604,9.322545001073536e-05,0.00012662090656606875,0.00034984115226696687,0.0005741964981924871,0.0024661251394087857,0.0010397292132503352,0.0003252751564277132,2.1854288874429214e-05,0.0002446724092929619,0.01433062347486332,0.0005162361991259182,0.002140911336640328,0.000830390964589313,0.0004193646349481274,0.0045247791015564556,0.0006281368639492903,0.004288806920901763,0.0028557490952276204,0.002516772756297523,0.009601391684356456,0.006014255655060446,0.00014321915274393147,0.34328795041365495,0.0005774771394168204,0.0009093612726851769,0.004899928237553801,0.007066411743033022,0.0034563254900855543,0.0016884679809673177,0.008327190342425796,0.007324079003451888,0.01654427193625007,0.0032820056735519128,0.07493776339790284,3.585816810934776e-05,0.003230397215355194,0.0023906916196687693,0.00193037566501053,0.010888970308852636,7.475771376180933e-05,0.0764092045218974,0.0006013060004085786,0.0032308288904676274,0.0021542215717938874,3.7721826722429576e-05,0.0033024426690547054,7.561641773920197e-05,0.001626909745276164,0.0015961124121739606,0.000974985564576794,0.14832762092059887,0.0010748414545834666,0.00013319419861443547,0.0019394544767840159,2.6194192993367588e-05,0.0008486392818258749,0.0024168542770000613,0.006424327279911324,6.677063108426483e-05,0.0008676070008375991,5.0575337002078156e-05,0.0013629247078019975,0.00040703900997635486,0.002989272724083364,0.005818735453362621,0.0026821786219972635,0.15590520546411873,0.006930843269655031,0.002880966597133545,4.921517601413377e-05,0.0002959158436360925,0.003452356055722166,0.010357019771299525,0.002417089620165399
FalkensteinKonstantinKarlvon,0.004486573815451083,3.986707444834151e-05,7.067238557028261e-05,6.041212858004564e-05,3.8006527216733224e-05,5.185580487595881e-05,0.004083250058451531,3.454842078855328e-05,3.357117416291313e-05,5.409052658942999e-05,0.0005126812740174422,4.957134215569554e-05,6.16415291704828e-05,1.6471505696514295e-05,5.2296075984361966e-05,3.5691164139480634e-05,0.00016847905985276142,0.00010857141988671803,3.6244565901985666e-05,3.810827905144063e-05,0.0003599015513292137,4.2618728374268544e-05,5.151609076759991e-05,3.856527130665924e-05,0.0003215744088322663,0.017532098025492382,5.374250177467391e-05,3.615600112415036e-05,0.27382939276543034,5.5926897331291824e-05,8.058326501861019e-05,0.0017724847554814757,4.722707795219153e-05,0.00019306649432984093,0.11571224170759893,7.249015489497789e-05,4.596774865682919e-05,0.002661126227042638,0.00021296407289308206,0.23313302684135015,2.7026183449545666e-05,4.0316128250644566e-05,3.25821692298111e-05,0.006059643095365198,0.00041356296021533755,5.634464315728912e-05,0.00011376286788036454,2.1280519308145297e-05,0.24620259106535794,2.6121535651312764e-05,2.843081682096835e-05,5.362657248576301e-05,5.699184552276125e-05,6.714407016204284e-05,3.2337953931647614e-05,7.461795998329358e-05,0.08123767585660073,0.002512268310214501,0.00010038802972844983,6.139763724832211e-05,1.974247716706443e-05,4.258852220395953e-05,5.177125374426059e-05,3.8787555106308684e-05,5.0324805194241165e-05,0.00011045405509624638,3.8118465273312076e-05,0.0003032048823725532,4.255853453288142e-05,3.011010487111293e-05,4.172395832071014e-05,4.0593038547222464e-05,0.0001623549183500297,4.2219147994557354e-05,2.6425118699532495e-05,3.7093316407117844e-05,6.399447369795937e-05,3.1398378997837555e-05,0.0052498017955178895,7.335025836765138e-05
FichteJohannGottlieb,6.229916449989348e-05,1.0618823473887706e-05,1.882399441729237e-05,1.6091116239405866e-05,1.0123256069189391e-05,1.3812090445404602e-05,1.8715142743760615e-05,9.202169628238203e-06,8.941874395851094e-06,1.4407321365079013e-05,0.00013655559186348938,1.3203610723859296e-05,1.6418574123617097e-05,4.3872798232802685e-06,1.3929359175189228e-05,9.506545860689872e-06,4.487536194664165e-05,2.8918619137210382e-05,9.653947587741447e-06,1.015035825277957e-05,9.586183823183042e-05,1.1351742247210553e-05,1.3721605648158533e-05,1.027208075572842e-05,8.565318444759084e-05,3.79531704955949e-05,0.013099424293661866,9.630357852230361e-06,0.2358478443924591,1.4896449223349895e-05,2.146381388709422e-05,0.009961177436586215,1.2579202534955967e-05,0.013136534036553524,1.6798491156373236e-05,1.9308167681628547e-05,1.2243772968879433e-05,0.2487914490046311,5.672419979705507e-05,0.3100722109055497,7.198578656567802e-06,1.0738431524463699e-05,0.09978263968634513,1.0697799582855018e-05,0.00011015486164041324,1.5007718215233575e-05,3.0301391025572358e-05,5.668188124981776e-06,0.00011016240401659323,6.9576205374079975e-06,7.572710795006917e-06,1.428374453394711e-05,1.5180104269789353e-05,1.7884207412634065e-05,8.613399128442042e-06,1.987492074621425e-05,0.0003077426379357446,1.9624491242208906e-05,2.673892632776685e-05,1.6353612114140148e-05,5.25852179712768e-06,1.1343696660852085e-05,1.3789569767515784e-05,1.0331287318092081e-05,1.3404299916912132e-05,2.9420069801256744e-05,1.01530714112798e-05,8.076035592997891e-05,1.1335709273014435e-05,8.019998779215551e-06,1.1113415121883881e-05,1.0812188166960072e-05,4.324416180350391e-05,1.1245311725922107e-05,7.0384816199759505e-06,9.880017142934167e-06,0.06707823235669504,8.363137966802333e-06,0.000265589305620305,1.9537261164708985e-05
FischerMaximilianDavidBenjaminvon,7.181350077656155e-05,1.224053153697605e-05,2.1698797223942346e-05,1.8548553545309453e-05,1.1669281015595435e-05,1.5921474643992986e-05,2.157332170907062e-05,1.060752613696232e-05,1.0307478583785284e-05,1.6607609304953726e-05,0.00015741037911269718,1.5220067822465055e-05,1.8926020838986144e-05,5.05730575241774e-06,1.605665266901239e-05,1.095838674610536e-05,5.172873289511195e-05,3.333507430698684e-05,1.1128299683542956e-05,0.015095169795735516,0.00011050187028296252,1.308538175799734e-05,1.5817170997074757e-05,1.184083422707326e-05,9.873414960248068e-05,4.374938349073747e-05,1.6500753991901034e-05,1.110110732064301e-05,0.2341578838141235,1.7171436831562586e-05,0.06790035350095025,0.002055281417805681,1.4500299936030926e-05,5.927790150842476e-05,1.9363958849004065e-05,2.2256913490404564e-05,1.4113643524226874e-05,0.00020099434611866752,6.538712675966322e-05,0.3989060186484214,8.297946498856422e-06,0.20552464725741035,1.0003820835094777e-05,1.233156888728696e-05,0.00012697772603305734,1.7299698837950485e-05,3.492902329291361e-05,6.5338345318543064e-06,0.0001269864202818809,8.020189225282857e-06,8.729216144766037e-06,1.646515980455198e-05,1.7498411712546594e-05,2.061548582914913e-05,9.9288385320202e-06,2.291022115464803e-05,0.0248653787019152,2.2621546025138172e-05,3.0822498536184866e-05,0.022644055048054352,6.06160391063094e-06,1.3076107448673295e-05,1.5895514605330506e-05,1.1909082823124455e-05,1.5451406294446842e-05,3.391310657982675e-05,1.1703649760498367e-05,0.026489165316298236,1.306690022595552e-05,9.24481400645756e-06,1.2810657283967645e-05,1.2463426910414576e-05,4.984841565994023e-05,1.2962697154045539e-05,8.113399422600946e-06,1.1388894609778555e-05,1.964845387657088e-05,9.640357454143351e-06,0.0003061501379435486,2.25209941591771e-05
FouquéFriedrichFreiherrdelaMotte,0.024224691731760627,1.2153994323600387e-05,2.1545392656527004e-05,1.8417420339932573e-05,1.1586782387318004e-05,1.5808914168627972e-05,2.1420804219260625e-05,1.0532533825563972e-05,1.0234607526603195e-05,0.00022542657920479936,0.00015629753074302704,1.5112466101676537e-05,1.8792219042981767e-05,5.02155198260138e-06,1.59431365219464e-05,1.0880913946069174e-05,5.136302488785145e-05,3.309940444007924e-05,1.1049625645465931e-05,1.1617802752834223e-05,0.00010972065225348396,1.2992871684405098e-05,1.5705347919993626e-05,1.175712276446571e-05,9.803612614281273e-05,4.344008730349633e-05,1.6384098169828035e-05,1.1022625525141672e-05,0.2877299162526319,1.7050039465069895e-05,2.456685270153093e-05,0.0001686469813753445,1.4397786777530832e-05,0.00026779520410158045,1.9227060950930606e-05,2.209956319348448e-05,1.4013863920908617e-05,0.11037820396463072,6.492485763978638e-05,0.1300614358272167,8.239282284432219e-06,1.229089419497807e-05,9.933096555224787e-06,1.2244388064719554e-05,0.0001260800282052722,1.717739469411881e-05,3.468208464220456e-05,0.028859697889409824,0.00012608866098813218,7.963488678888696e-06,8.667502971784944e-06,1.6348755623657815e-05,1.7374702722987636e-05,2.0469739977292044e-05,0.0948669756908989,0.0065680330154518326,0.03889228570236821,2.246161787582936e-05,3.0604591893443126e-05,1.8717865429667254e-05,6.01875002724945e-06,1.298366294191387e-05,0.0008515286622994852,1.1824888861591002e-05,0.26123596893060896,3.367335018269115e-05,1.1620908154585355e-05,9.24359379321659e-05,1.2974520811744937e-05,9.179455697475763e-06,1.2720089437341351e-05,1.2375313887652416e-05,4.949600098175634e-05,1.2871054427081017e-05,8.05603990558041e-06,1.1308378236777743e-05,0.0002284459258361726,9.572202761064316e-06,0.013675914134346684,2.2361776884085937e-05
FranzIII,0.00029003167847211297,4.9435577832444135e-05,8.763447696648203e-05,7.491165393418297e-05,4.7128480340294524e-05,6.43017255086331e-05,8.712772163786177e-05,4.284039319447999e-05,4.1628597438412485e-05,6.707280316428874e-05,0.004969163046913503,6.146896849860402e-05,7.64361231714369e-05,2.0424834607131635e-05,6.484766616136507e-05,4.425740657328905e-05,0.00020891574793832613,0.00013462966501702017,4.494363038784004e-05,4.7254653650322323e-05,0.0004462815844640659,5.284765668963187e-05,6.388047655879315e-05,4.7821328695188175e-05,0.02206592079933664,0.0001766897169575121,6.66412488539821e-05,4.483380916246862e-05,0.04387726352454977,6.934992156323637e-05,9.992406829304472e-05,0.0039671888766396645,5.856205704107278e-05,0.00023940441678626942,0.42204119336415724,8.988852941893479e-05,5.700047590528536e-05,0.0051451846997855,0.00026407761659717754,0.06670315854620078,3.351274238005965e-05,4.9992409114946996e-05,4.040222126149011e-05,4.980324846858927e-05,0.0005128222773113923,6.98679306366643e-05,0.00014106711333506885,2.6388060401467728e-05,0.23799340612645223,3.23909699084317e-05,3.525450204815348e-05,6.649749535653294e-05,7.067046815300746e-05,8.325932997124753e-05,4.0099391807679085e-05,9.25270293718722e-05,0.1756423059159942,9.136116318460199e-05,0.00012448217798165898,7.613369470715866e-05,2.4480872502001864e-05,5.281020073120015e-05,6.419688124529736e-05,4.809696286776083e-05,6.240327033041153e-05,0.00013696415182646318,4.7267284669054266e-05,0.0003759771382554752,5.277301571403728e-05,3.733683631157142e-05,5.17381327218739e-05,5.0335780699356086e-05,0.00020132175018191964,5.235217295437244e-05,3.276741597618427e-05,4.59960896474518e-05,7.93537983189879e-05,3.8934309332666615e-05,0.011080127032329346,9.095506647377691e-05
FrauenholzJohannFriedrich,0.00041567208074807133,7.085084501405974e-05,0.00012559733329071173,0.00010736304126204377,6.754432339510254e-05,0.048093175920231136,0.00012487105386155617,6.139865642617117e-05,5.9661916267234744e-05,9.612843603767393e-05,0.0009111253331138668,8.80970457153326e-05,0.00010954790363026504,2.9272779941857128e-05,9.29393798186177e-05,6.34295135474358e-05,0.0002994170985184761,0.00019295062278316412,6.441300639330682e-05,6.772515440842639e-05,0.000639608734435405,7.57410208931753e-05,9.155320808490614e-05,6.853731050202374e-05,0.0015927928971322923,0.07320709018826127,9.550993436549125e-05,6.425561111324318e-05,0.18081193454010028,9.939199175678234e-05,0.00014321071961170614,0.0009831155767706463,8.393087345281335e-05,0.0003431133198623872,0.00011208278358868969,0.00012882783100034873,8.169282248062582e-05,0.052812110708985734,0.03729151077550428,0.029738335776821317,4.8030309758155926e-05,7.16488930722681e-05,0.0010792025556872265,7.13777888953679e-05,0.000734974552390101,0.0001001344000017454,0.00020217674439569947,3.781924799307241e-05,0.0007350248765834621,4.642259056050168e-05,5.05265917822909e-05,9.530390750761736e-05,0.00010128459311531877,0.00011932689254207241,5.747026572144879e-05,0.0001326093171168615,0.2688497463402715,0.0011522366791784531,0.29261216990812594,0.00010911446453255603,3.508587498111451e-05,7.56873391841298e-05,9.200667784066005e-05,6.893234814288465e-05,8.94360828457594e-05,0.00019629639864693208,6.774325712694988e-05,0.0005388487223039175,7.563404578687687e-05,5.351098376542789e-05,7.415085619548642e-05,7.214101166328889e-05,0.0002885334155179477,7.503089586029233e-05,4.6962111350425274e-05,6.592138621115992e-05,0.0001137295023643015,5.5800474824182666e-05,0.0017720632399783845,0.00013035638705021405
FriedrichAugustI,0.00016532798521612325,2.817997166409079e-05,4.995465181135487e-05,4.270220714988822e-05,2.686484711602891e-05,3.665418474376993e-05,4.9665783926578694e-05,2.44204906513028e-05,2.3729725587639755e-05,3.823379386819533e-05,0.00036238785951655134,3.503941627591793e-05,4.357120680139831e-05,1.1642854917637234e-05,3.696538960469835e-05,2.5228236785024943e-05,0.0001190891280170416,7.674351775930461e-05,2.5619407850422712e-05,2.693677022196285e-05,0.0002543957804443678,3.012497341641358e-05,3.6414058421989035e-05,2.7259794396196052e-05,0.000227304306979741,0.0001007191871828626,3.798779313817098e-05,2.5556805992514386e-05,0.09633183689976864,3.953182930687509e-05,5.696013956998092e-05,0.000391021011682012,3.33823772345033e-05,0.00013646871296136938,0.3689970786685304,5.1239538870929326e-05,3.2492222530398934e-05,0.004803343865504557,0.00015053328147699268,0.21951612905692613,1.910341037899757e-05,2.8497384556801264e-05,2.3030649184966307e-05,2.8389556512950152e-05,0.0002923262532164693,3.9827112211434585e-05,8.041308367004442e-05,1.5042097756074961e-05,0.10880778722407172,1.8463961669180194e-05,2.009627301446428e-05,3.7905848723594473e-05,4.028458606855368e-05,4.746066825218984e-05,2.2858026029708144e-05,0.13461189035846985,0.06158532675236016,5.207899052918119e-05,7.095910277608305e-05,4.339881222390067e-05,1.3954935365717036e-05,3.010362223789929e-05,3.6594419924595424e-05,2.7416915310187978e-05,3.557200030346345e-05,7.807425515582645e-05,2.694397033503041e-05,0.0002143198394139496,3.0082425505183233e-05,2.1283274827959248e-05,2.949250677309806e-05,2.869311811435567e-05,0.00011476028933494861,2.984253072570703e-05,1.867854881446008e-05,2.6219345656631675e-05,4.523438151459137e-05,2.219388913535525e-05,0.0007048143445523942,5.184750150233666e-05
FroriepLudwigFriedrichseit1810von,0.00034196368281103436,5.828733035829254e-05,0.000103325983708219,8.832505883408887e-05,5.5567132484819764e-05,7.581535569450108e-05,0.0001027284906365242,5.0511236245063346e-05,4.908246080321288e-05,7.908261231100367e-05,0.0007495614664649186,0.4130657456893905,9.012249391928289e-05,2.408203027978056e-05,7.645905047014756e-05,5.218197482149319e-05,0.009224438004493884,0.00015873595707671214,5.299107134533742e-05,5.571589792312245e-05,0.0005261911215976002,6.231036349106039e-05,7.531867945890358e-05,5.63840397148063e-05,0.0004701552361627749,0.00020832712703636525,7.857378547504264e-05,5.2861585935755015e-05,0.10947120514528766,8.176746314524029e-05,0.0001178161040027096,0.0008087861533936911,6.90479633268083e-05,0.00028227129007679153,9.220788027601569e-05,0.00010598363849251907,6.72067712231897e-05,0.000957100908320685,0.00031136238218962053,0.0051404743479478605,3.951341062381412e-05,5.8943865799773206e-05,4.763649422404001e-05,5.872083474464099e-05,0.0006046463458777212,8.237822501584743e-05,0.00016632607118542765,3.1113009325957404e-05,0.0006046877464126461,3.8190777704214564e-05,4.15670433642472e-05,7.840429200569597e-05,8.332446194461486e-05,9.816743900299342e-05,4.7279441243364206e-05,0.00010909457853105688,0.43263871642680063,0.00010771995663746216,0.00014677149837975302,8.9765913727849e-05,2.8864327384213238e-05,6.226620080663916e-05,7.569173840344936e-05,5.670902792732867e-05,7.357697012290996e-05,0.01811771759257364,5.573079060555625e-05,0.00044329822013893563,6.222235757723264e-05,4.4022232732916346e-05,6.100217224733006e-05,5.934872023566023e-05,0.0002373696814253062,6.172616026272727e-05,3.863462881863957e-05,5.423198008441509e-05,9.356259723475122e-05,4.5905743390658196e-05,0.0014578349131038528,0.00010724114574500124
FörsterErnstJoachim,0.0010241398073582945,0.0001745634939765153,0.0003094488051484604,0.0002645228522387845,0.00016641683084780433,0.00022705780665800416,0.00030765938577411833,0.00015127503403931418,0.00014699602466104763,0.0002368428444559042,0.010012654638328853,0.00021705497098906186,0.12191037756209841,7.212276358937155e-05,0.0002289855945391881,0.0001562786936962271,0.0007377088426161139,0.0004753949634798259,0.00015870183977785934,0.00016686236531530238,0.04641672544733871,0.00018661199089209463,0.0002255703214956533,0.030157926311150423,0.0014080579815790328,0.0006239145104435795,0.00023531896971728814,0.0001583140466609549,0.4046937651123114,0.0002448836474837517,0.0003528449602167705,0.01497340635957993,0.00020679028626287283,0.007418775083715127,0.03838920425725458,0.0003174081593010532,0.004485427987811109,0.0028664012851085307,0.013483682418637701,0.16447226186629388,0.00011833787848958209,0.00017652973809646023,0.00014266552990889301,0.00017586178710248215,0.0018108425640312607,0.00024671280530356326,0.0033910278568610908,9.317969415784597e-05,0.03721446900576279,0.00011437675310822706,0.00012448825978704292,0.012786001157158952,0.00603534951234488,0.00029399958861987867,0.00014159619948222289,0.00032672504788284996,0.01424869318917281,0.00032260822182189505,0.006602641853724912,0.0002688380381123153,8.644516412911033e-05,0.00018647972900175648,0.0002266875878452836,0.00016983666937832055,0.0002203541130106595,0.0004836383418717947,0.0001669069670952149,0.001327624471825097,0.00018634842384049124,0.00013184125454481204,0.00018269411658062244,0.00017774222809121385,0.0007108934428628995,0.00018486237298879875,0.00011570603343146585,0.00016241821113794467,0.00028020864531655426,0.0001374821408117989,0.04144335504126508,0.00032117424119817783
FörsterLuise,0.001018902837088525,0.00017367085820396374,0.00030786642920629454,0.0002631702065327041,0.00016556585328665748,0.00022589673960988867,0.00030608616008272513,0.00015050148451987337,0.00014624435598710957,0.00023563174131733706,0.0022333667086378013,0.00021594505374748183,0.00026852578023787635,7.175396162895816e-05,0.00022781466968870264,0.00015547955780989081,0.000733936545856659,0.0004729640167748406,0.00015789031305982448,0.00016600910950001122,0.0015678203668863053,0.00018565774476157345,0.00022441686074847061,0.00016799988103904706,0.0014008578339676813,0.0006207241044867025,0.0002341156589588664,0.00015750450293489963,0.2726747703651593,0.00024363142745264764,0.00035104067670663187,0.002409830481168733,0.0002057328578010017,0.0008410455049602726,0.00027473932331892597,0.0003157850829576684,0.00020024690723870583,0.0028517438543520183,0.0009277242892221217,0.22932334371214885,0.00011773275412376324,0.00017562704787438404,0.05364367826030576,0.00017496251246827002,0.001801582765122041,0.0002454512318179286,0.0004955792510465729,9.270321693809064e-05,0.2425595462679744,0.00011379188407835739,0.00012385168525810071,0.00023361064224081704,0.0002482706057448724,0.00029249621271957253,0.00014087214297970935,0.0003250543293443674,0.1655383576166608,0.00032095855479955524,0.000437315140817166,0.0002674633265711157,8.600312413490558e-05,0.0001855261591964621,0.00022552841392240518,0.00016896820436811347,0.00021922732550531403,0.00048116524239894416,0.00016605348320735614,0.0013208356234291922,0.0001853955254681603,0.0001311670802519865,0.00018175990462038,0.0001768333377644163,0.0007072582674713193,0.00018391707358300904,0.00011511436708595341,0.0001615876806411441,0.0002787757898271848,0.00013677912167429194,0.004343713100636571,0.0003195319068796738
FüssliJohannHansHeinrich,0.00017441269084249235,2.972844965947087e-05,5.269963963528965e-05,4.504867608583904e-05,2.8341059551736574e-05,3.8668317305395226e-05,5.239489857759194e-05,2.576238669224572e-05,2.5033664368944172e-05,0.009198600353572896,0.0003823009251840137,3.696481796620284e-05,4.596542691518551e-05,1.2282625065679565e-05,3.8996622747010796e-05,2.6614518147884844e-05,0.00012563302722395158,8.096054288462702e-05,2.702718390442063e-05,2.8416934803124225e-05,0.0002683747252364812,3.178032846796491e-05,3.8414996139779105e-05,2.8757709024509307e-05,0.0002397945863103538,0.00010625366560336318,4.007520693931632e-05,2.6961142099851025e-05,0.38553146668065297,4.170408726825627e-05,6.009007610040997e-05,0.018729038713956057,3.521672530260214e-05,0.00014396761330085408,4.702904233461875e-05,5.405513071682752e-05,3.427765695911515e-05,0.0050672856596496365,0.013896203466538021,0.0392548729809441,2.015313501893707e-05,3.0063304261693e-05,2.429617400192992e-05,2.99495511106353e-05,0.00030838946207889783,4.20155958484684e-05,8.483174995147263e-05,1.5868654917213588e-05,0.00030841057770918687,1.9478548862278752e-05,2.1200555052891666e-05,3.998875971244714e-05,4.24982077081964e-05,5.006861269268048e-05,2.411406527441509e-05,5.5641812140745996e-05,0.2985051889602853,5.494070990268952e-05,7.485827664788271e-05,4.578355932568631e-05,1.4721753395143936e-05,3.175780405086477e-05,3.860526843368537e-05,0.2244064313561216,3.752666726971016e-05,8.236440376050166e-05,2.8424530559479964e-05,0.00022609662752650787,3.1735442566296714e-05,2.2452782133841946e-05,3.111310803952639e-05,3.026979329872209e-05,0.00012106632061478357,3.148236566614085e-05,1.970492748401993e-05,2.7660088049367798e-05,4.771999240323638e-05,2.341343432751012e-05,0.0007435436064685214,5.469650064785775e-05
GablerGeorgAndreas,0.000967158188943882,0.00016485104033357582,0.0002922315330464723,0.0002498051934583469,0.00015715764544657927,0.00021442464739201202,0.00029054167430949584,0.00014285831573257254,0.00013881738408337406,0.00022366526021398158,0.0021199459090190226,0.00020497835464919616,0.0002548887861002622,6.810996009875918e-05,0.00021624517601753545,0.00014758357919474982,0.0006966638178364232,0.0004489446934966536,0.00014987190502587148,0.00015757839103775883,0.001488199121085918,0.0001762291767683126,0.0002130199236957317,0.00015946806189371274,0.001329715725926788,0.0005892008333636755,0.00022222617160343443,0.00014950568814226293,0.10647304992605684,0.00023125868489896382,0.00033321319047394424,0.0022874480264367144,0.00019528478174193025,0.026190670148658862,0.00026078677642323017,0.0002997480405506977,0.00019007743338904232,0.18045327702996936,0.0008806101138820969,0.3192465799839773,0.00011175373461819229,0.00016670788554982882,0.00013472783163005398,0.00016607709835749672,0.0017100899721967885,0.00023298607109330065,0.00047041142047455676,8.799531431211999e-05,0.17945656512001104,0.00010801300037225676,0.00011756191783129287,0.00022174680199463969,0.00023566226403524024,0.0002776418879891959,0.0001337179971607655,0.00030854655128392035,0.15713154613521235,0.0003046587793130404,0.0004151062340733493,0.0002538802887963218,8.163548353590892e-05,0.0001761042737331931,0.0002140750270043939,0.00016038720923844686,0.00020809393730671202,0.0004567294225532466,0.00015762051124085404,0.0012537574172416914,0.00017598027419616128,0.00012450580287720427,0.0001725292871669434,0.0001678529144013714,0.0006713403871145745,0.00017457690500762374,0.0001092683215117978,0.00015338150300091196,0.0002646182522968429,0.00012983283860691576,0.0041231190480417535,0.0003033045832422984
GoetheJohannWolfgangvon,0.0006440415383810926,0.0001097761657129702,0.0001946002714532521,0.0001663480937551523,0.00010465304734925646,0.00014278778937287966,0.00019347497547473434,9.513096253200045e-05,9.244006060344982e-05,0.00014894121759742278,0.006147757960488697,0.0001364973965709279,0.00016973331539007133,4.5355190063561496e-05,0.00014400009990289672,9.827756872758034e-05,0.00046391628805187026,0.02472834873195599,9.980139068911703e-05,0.00010493322658043914,0.0009910085674900676,0.00011735299500223037,0.00014185236803157804,0.00010619157970096789,0.0008854726884653517,0.0003923554755291241,0.00014798291227240083,9.955752273887205e-05,0.12962075751067303,0.0001539977646769003,0.00022189041901827202,0.001523237421503729,0.00013004233712049596,0.000531619131036,0.00017366085361947826,0.000199605598515168,0.00012657470516285062,0.08350535536321664,0.0005864081997567441,0.09650124766308589,7.441807140352829e-05,0.00011101265987006053,8.971678153345349e-05,0.00011059261156939495,0.0011387681860672379,0.0001551480506122278,0.00031325226666932305,5.85970715522669e-05,0.0011388461582775716,7.192707430918746e-05,7.828580606630287e-05,0.00014766369464716574,0.0001569301576543172,0.00018488486237691162,8.904432137900759e-05,0.00020546462597609977,0.05226519143684547,0.0002028757148035286,0.5868725325070359,0.00016906174566910128,5.4361988559869214e-05,0.00011726982066342371,0.00014255497321636563,0.00010680365027708314,0.00013857209817676454,0.0003041412700504662,0.00010496127489839631,0.0008348911946232785,0.00011718724797417655,8.29098173794819e-05,0.00011488919681704608,0.00011177514748735864,0.0004470531301262822,0.0001162527286148468,7.276300680411383e-05,0.00010213847153564586,0.0001762122765863935,8.645715051029149e-05,0.0027456314437340466,0.00020197394037754497
GoldschmidtCaroline,0.0010394734138675869,0.0034724073400001793,0.0006567409498446508,0.0007767855166269493,3.469391947455744e-05,0.00025748009615621925,0.00023060616698283553,3.153721785671264e-05,0.0003893816947361657,0.0019404973529551974,0.01720107004785058,4.525075767086252e-05,0.00046119919371184276,0.005822424133860445,0.0019011122277849894,3.258036093503378e-05,0.000957650581796833,0.0006107213129730325,3.308552879938354e-05,0.00014487962991786735,0.005305698254511049,3.890412617530386e-05,0.0015866768530814934,0.0011956397543449152,0.3827104982574127,0.002379131107089776,0.0025386076311855574,0.00031670736090889603,0.37377193975989637,0.00025040505840332643,7.355971493027366e-05,0.0030751072159766056,4.311081699594477e-05,0.0009130161596017358,0.0008898068612413811,0.0004522771735021194,0.0006654441940280049,0.006429399715994505,0.0003142885509901523,0.10531157763611652,0.003375833107622266,0.0003955387659319869,0.00018804227870518453,3.666296641573005e-05,0.0015783732775651604,0.005851392119265293,0.00022076212614870005,0.00012460868662809272,0.004324346841219327,0.00041184386068985024,0.00046890873866970014,0.0007018898281554579,0.0023790217971693868,6.12918657395864e-05,2.9519412896597816e-05,0.00228688826306038,0.011252404183649237,0.0003672051152512958,0.0006271974878399121,0.0013942421373359533,1.8021744242943114e-05,0.0009606164462103502,0.001141800636098171,0.00014117947832689563,4.593854968714671e-05,0.000504507164775755,0.0004463507492977573,0.001043535917483279,0.0037986997624856853,0.005687593979495855,0.0009443182343032115,0.00013774731450071035,0.0002712169100135918,0.0015020619662147754,2.412193397831846e-05,0.000553854683117922,0.00016359973902257933,0.0013221357457304007,0.009708395893427355,0.011206956645439812
GöschenGeorgJoachim,0.00041922564185051204,7.14565455616258e-05,0.185237966418315,0.00010828088286108003,6.812175664458987e-05,0.015022783746038281,0.0001259385706383015,6.19235506572812e-05,6.0171963188266264e-05,9.695023352411369e-05,0.0013126938388905807,0.0016639675355486303,0.00011048442351510758,2.95230315632181e-05,9.373391421316747e-05,6.397176948072643e-05,0.00030197680123602704,0.00019460014859827297,6.496367016076166e-05,0.0002942165945019855,0.001531213995748406,7.638852732473732e-05,9.233589216238542e-05,6.912323275166722e-05,0.0041955712033124185,0.0002553957567328996,9.632644431017426e-05,6.480492931583849e-05,0.2932105761654735,0.00010024168922784028,0.005696253028378471,0.005714439693872678,8.464839454939273e-05,0.0047654912279440536,0.004570239164664404,0.004727677368330423,0.001010471207152982,0.209499518459906,0.0003817104010827906,0.042521746138861984,0.0025334779888317653,7.226141609521528e-05,5.839930048249259e-05,0.000297900455189664,0.009893931156681685,0.0001009904442860333,0.00020390514389130593,3.81425629685451e-05,0.0013821297335644487,4.681945510765493e-05,0.00026456559585007796,9.611865613836539e-05,0.00010215047034653286,0.00012034701254399682,5.796157632486277e-05,0.001610033763516901,0.13887069864942578,0.00013205778926648123,0.0367184611299758,0.00011004727896690228,3.538582247904029e-05,7.633438669328154e-05,9.279323860979076e-05,6.952164755077276e-05,9.020066771896856e-05,0.00019797452734281553,6.832239105157078e-05,0.0009571491325033439,7.628063769327763e-05,0.0034926731043504935,7.478476838370639e-05,0.0007095003404451259,0.0019152827381995878,7.56723314662887e-05,4.7363588235480996e-05,6.64849450468589e-05,0.00011470177054039452,0.009337077476148217,0.004486284068632489,0.0012386888793633802
HaugFriedrich,0.0001919962141285988,0.10084834395323518,5.801258639518662e-05,4.9590286224054e-05,3.119828099688314e-05,4.2566687627472275e-05,5.767712267930173e-05,2.835963763838167e-05,2.7557448723406187e-05,4.440109558506159e-05,0.01050240467052963,4.069144894893554e-05,5.059945985519034e-05,1.3520905507393115e-05,4.292809138521217e-05,2.9297677253688976e-05,0.00013829879855644796,8.912263008247459e-05,2.9751946163667187e-05,3.128180565866158e-05,0.005336212009704167,3.4984281935784624e-05,4.228782773188781e-05,3.1656935243914305e-05,0.005304750546397914,0.00011696569460965909,4.411541370987389e-05,2.9679246313728882e-05,0.03121814810616905,4.590851061649431e-05,6.614809428286924e-05,0.0004540946518494161,0.025242671724127128,0.005199262717843957,5.177030432088578e-05,5.950473214836105e-05,3.773338014314693e-05,0.43404452544613537,0.00017481505085878673,0.3154145469873393,2.2184885788802448e-05,3.309415487232984e-05,2.6745607808968834e-05,3.296893362700199e-05,0.0003394799364099837,4.625142412686104e-05,0.020256507797591538,1.7468463176051793e-05,0.00033950318082559864,2.144229081158876e-05,2.3337902121216816e-05,4.402025125236793e-05,4.678269079968025e-05,5.5116310844300893e-05,2.654513967747147e-05,6.125137584125398e-05,0.021111538029176136,6.047959154749812e-05,8.240516010136106e-05,5.039925717218675e-05,1.6205936067777546e-05,3.495948670564517e-05,4.2497282444770815e-05,3.18394005452814e-05,4.130994143743005e-05,0.005131448942637657,3.1290167185891616e-05,0.0002488906988513561,3.4934870834181785e-05,2.471637324972477e-05,3.4249795267236264e-05,3.332146122932222e-05,0.0001332716965963726,3.4656279829831034e-05,2.1691491934075933e-05,3.0448656931382428e-05,5.253091294796259e-05,2.5773874188376004e-05,0.0008185044149705913,0.015182553523916446
HeimAntonChristoph,0.0008972227739339941,0.00015293062643196813,0.00027110020853698534,0.00023174172661719655,0.0001457935425708282,0.0001989195553862415,0.00026953254384585323,0.00013252820043956043,0.0001287794694201492,0.00020749197752333885,0.001966652167994449,0.026244062760178197,0.00023645772359046348,6.318491435105677e-05,0.00020060844119839812,0.03678511120906668,0.0006462879085180454,0.01754506010567754,0.00013903463559453646,0.00014618386395853298,0.17472198146007198,0.00016348600739329945,0.0001976164075601722,0.12722111388099533,0.0012335636980569601,0.000546595595382434,0.00020615694971728594,0.00013869489993192314,0.1674223151863684,0.0002145363200491033,0.0003091184735714166,0.0021220421715609063,0.00018116369750528554,0.0007406056333314641,0.00024192922897469413,0.00027807319577974565,0.00017633289362291272,0.08935753586491191,0.009501568486677431,0.18169921802435177,0.06861798759326727,0.00015465320277442953,0.00012498563337733686,0.00015406802793856914,0.0015864330014168308,0.03447329619610153,0.0004363958702860156,8.163235435821247e-05,0.001586541625532942,0.00010020255726806744,0.022947165922149727,0.00020571224342718857,0.00592814770835882,0.0002575655438268658,0.00012404882025399602,0.0002862354843244669,0.004432061095569681,0.0002826288379743544,0.00038508981371422244,0.00023552215094175912,7.573240430245795e-05,0.0001633701361233006,0.0001985952161234523,0.00014878957591579775,0.00019304662029802456,0.00042370322055379153,0.00014622293844075498,0.001163097950880485,0.00016325510301924996,0.00011550276170473084,0.0001600536575984691,0.00015571543434539655,0.0006227956204750803,0.00016195321175617943,0.00010136710586815415,0.00014229045379114143,0.005955009882930742,0.0001204445983441708,0.0038249754299074235,0.0002813725641104394
HeimJohanna,0.0003369223212943623,5.742803588069671e-05,0.00010180271189860185,8.702293648909694e-05,5.474794022148345e-05,7.469765625510688e-05,0.00010121402730198651,4.976657996907479e-05,4.83588680900837e-05,0.0021720354849659204,0.002832629879269338,7.140691549013334e-05,8.879387308768932e-05,2.37270036298807e-05,7.53318614321979e-05,5.141268786807597e-05,0.00024269203668073343,0.00015639580990453166,5.2209856376509183e-05,5.489451250187677e-05,0.045254740679891534,6.139175989546376e-05,0.007367858103438109,5.5552804287593366e-05,0.043405638573726764,0.00020525588756296076,7.741542019175605e-05,0.07893888198821032,0.24063405449285802,8.056201542451227e-05,0.00011607921320810518,0.004741202699000431,6.803003141585531e-05,0.00027810993701334096,9.084851586826282e-05,0.00010442118650317047,6.621598288181019e-05,0.09406941209758096,0.0003067721569399483,0.28014756626949233,3.8930888567454596e-05,0.07544634950582385,4.693421851219795e-05,0.0014064221821148116,0.0005957324144501295,8.116377320624942e-05,0.005998793868580749,3.065432925035879e-05,0.016778577597497225,3.762775441639894e-05,4.095424585588091e-05,7.724842546100836e-05,8.209606034245665e-05,9.672021646429643e-05,4.658242934533242e-05,0.00010748626385458887,0.005820177901627341,0.0015648618674160984,0.00014460773590768697,8.844254974002296e-05,2.843879825175326e-05,6.134824827450013e-05,7.45758613782039e-05,5.58730013975796e-05,7.24922698335639e-05,0.00015910772302730542,5.4909185630598084e-05,0.044232058322266204,6.130505139902128e-05,4.3373239868664305e-05,6.01028545154789e-05,5.847377833598157e-05,0.012554685227788331,6.081616921817412e-05,3.806506210519172e-05,5.343247115667441e-05,9.218326106307998e-05,4.522898308026063e-05,0.03075400529388172,0.00010566015509500454
HempelFriedrichFerdinand,0.00028556024556850186,4.867342705466187e-05,8.628341184882677e-05,7.375673721601683e-05,4.6401898200023105e-05,6.331038258804965e-05,8.578446919247188e-05,4.2179920708362047e-05,4.0986807268118404e-05,6.603873840079062e-05,0.0006259289134825688,6.052129833462875e-05,7.52577036347376e-05,2.010994390969383e-05,6.384790644641313e-05,4.357508792098595e-05,0.0002056948833957525,0.5099466240884708,4.425073218864128e-05,4.6526126289815006e-05,0.0004394012389391885,5.2032901721327665e-05,6.289562805435364e-05,4.708406487715106e-05,0.0003926079038286308,0.0001739656827475404,6.561383738488605e-05,4.414260408259817e-05,0.1513931672915181,6.82807503514078e-05,9.838353393079176e-05,0.0006753850896591585,5.76592028765344e-05,0.00023571350691005443,7.699912668656177e-05,8.850271346180071e-05,5.6121696715277356e-05,0.0007992368317220379,0.0002600063187645398,0.3041832347207193,3.299607475341332e-05,4.922167364141198e-05,3.977933819409797e-05,4.903542929420698e-05,0.0005049160705944063,6.879077325302343e-05,0.00013889227458811966,2.598123435348849e-05,0.008002216378057023,3.189159670412718e-05,3.471098162552594e-05,6.547230014230218e-05,6.958093800830865e-05,8.197571671380179e-05,3.9481177477133504e-05,9.110053552890202e-05,0.016405129253000174,8.995264355899461e-05,0.00012256303001315913,7.495993772523021e-05,2.410344966532685e-05,5.1996023223281826e-05,6.32071547139694e-05,4.735544958388918e-05,6.14411959883318e-05,0.00013485256864245284,4.653856257549895e-05,0.0003701806798966594,5.195941148938973e-05,3.67612124373802e-05,5.094048334011429e-05,4.955975144891786e-05,0.0001982179626828498,5.154505688361458e-05,3.226223908401141e-05,4.528696563117013e-05,7.813039683850391e-05,3.833405713695277e-05,0.0012173798467783926,8.955280766148626e-05
HerderCarolinevon,0.0003268932585089164,5.571859325522832e-05,9.877238198327483e-05,8.443255158829809e-05,5.311827517659798e-05,7.247415416824574e-05,9.82012205794168e-05,0.0165598368307625,4.6919384584077545e-05,7.559742197544017e-05,0.0007165281067605016,6.928136786831254e-05,8.615077326355712e-05,2.3020729233454844e-05,7.308948115550515e-05,4.988230225095038e-05,0.00023546789770398607,0.00015174042408477525,0.08652846614177846,5.326048448514361e-05,0.014262628112737008,5.956433032019767e-05,7.19993665775175e-05,5.389918110238121e-05,0.01008117383336301,0.00019914609888661828,0.07575305602321042,5.053196273487576e-05,0.1827499812466976,7.81639507676189e-05,0.00011262391908310678,0.0007731427470497017,6.600500246038467e-05,0.00026983152432507527,8.814425612641167e-05,0.00010131291326218183,6.424495214935397e-05,0.07199975018052991,0.0002976405647944419,0.3965090552318665,3.777204481903142e-05,5.634619501699436e-05,4.553714211062164e-05,5.613299299576937e-05,0.0005779994314738378,7.874779621113074e-05,0.00015899603998251248,2.974185128951459e-05,0.039035714262553964,3.6507700660186996e-05,3.9735173455330867e-05,7.49489954141982e-05,0.028974867697386848,9.384117562243173e-05,4.519582454334671e-05,0.00010428675340176598,0.001614772758262549,0.00010297271143590266,0.00014030324204955443,8.5809907649585e-05,2.7592269318574406e-05,5.952211389623041e-05,7.235598472186546e-05,5.4209847003786684e-05,7.033441480387264e-05,0.00015437161252634504,5.327472084336944e-05,0.0004237619576476959,5.948020284881615e-05,4.208216201968146e-05,5.831379138898565e-05,0.04408753757334977,0.0002269087407016251,5.9005873073008714e-05,3.693199114593245e-05,5.184196327357212e-05,8.94392703728311e-05,4.3882665895661e-05,0.023735660967763972,0.00010251500185820867
HerderCarolinevonANDHerderJohannGottfriedseit1801von,9.986991857327487e-05,1.7022716824444065e-05,3.0176179805460865e-05,2.579518491913825e-05,1.6228287609348024e-05,2.214174715154686e-05,3.0001682958521625e-05,1.475172161371737e-05,1.4334450148326267e-05,2.309594395269788e-05,0.09985655222056866,2.116631159423176e-05,2.6320122813488473e-05,7.033116450701701e-06,2.232973712843976e-05,1.5239658005715701e-05,7.193834427049182e-05,4.6358569359139444e-05,1.5475953285056508e-05,1.6271734305464047e-05,0.15223218257884513,1.819763688637688e-05,0.14161233298185166,1.6466863992284453e-05,0.00013730804618314294,6.084158716123974e-05,2.294734193081765e-05,1.5438137288910014e-05,0.2417343425609745,2.388005012441895e-05,3.440799507318741e-05,0.0002362046361725924,2.016534158953181e-05,8.243685564446375e-05,2.692915639251859e-05,3.0952343416526517e-05,1.9627624531525518e-05,0.000279519710966541,9.093286018106633e-05,0.226996987645132,1.1539825133224224e-05,1.7214456896203022e-05,1.3912158040186025e-05,1.714932105156517e-05,0.00017658594863655426,2.4058422101769823e-05,4.857524942226229e-05,9.086502058962633e-06,0.026397030685548648,1.1153552412984124e-05,1.2139585122005827e-05,2.28978416480882e-05,2.433476900577499e-05,2.866963549808725e-05,1.3807881317543106e-05,3.186088822391998e-05,0.0004933329754722504,0.09966910348684206,4.2864369314221506e-05,2.6215984168148692e-05,8.429778278901808e-06,1.81847392486486e-05,2.2105644929550366e-05,1.6561776253303172e-05,2.1488030409076497e-05,4.716242985050945e-05,1.6276083688327672e-05,0.00012946449981186318,1.8171934907220216e-05,1.2856619048870084e-05,1.7815581833291566e-05,1.7332693953465058e-05,6.932341633719413e-05,1.802702131584533e-05,1.1283178384642571e-05,1.5838358595789554e-05,2.732479920244094e-05,1.3406695169451927e-05,0.008291888028895524,3.131959629518993e-05
HerderSusanneSophievon,0.0003190480810087512,5.438139145381871e-05,9.640192358866776e-05,8.24062376868629e-05,5.184347893526874e-05,7.073483226782568e-05,9.584446960298944e-05,4.712638740141421e-05,4.579335677322696e-05,7.378314413851728e-05,0.0006993320036440457,6.761867029277863e-05,8.408322341223259e-05,2.2468250091353563e-05,7.133539189812671e-05,4.868516677908219e-05,0.18451226591093292,0.0001480987749228273,4.9440044288767906e-05,5.198227533382409e-05,0.0004909301075761476,5.813483389628263e-05,7.027143920062212e-05,5.260564374162159e-05,0.0004386492876696475,0.00019436675133641972,7.330841470454747e-05,4.931923592951087e-05,0.21102951711953274,7.628807828654283e-05,0.00010992103484498742,0.000754587937717637,6.442093504167271e-05,0.00026335578293742404,8.602886427622193e-05,0.01685183139823241,6.270312453443066e-05,0.0008929638540013812,0.1845729464835973,0.004796001910804535,3.686554586735169e-05,5.4993931273827585e-05,0.008420919244061468,5.478584593107903e-05,0.0005641279060848147,7.685791190503907e-05,0.00015518026182552067,2.9028070578299956e-05,0.29374079002885994,3.563154495997925e-05,3.8781560982015134e-05,7.31502792976117e-05,7.774073979430853e-05,9.158906224774712e-05,4.411116079889936e-05,0.00010178395449093892,0.08534076907032552,0.00010050144848428104,0.00013693607613506556,8.37505383011485e-05,2.6930076860326824e-05,5.809363063282211e-05,7.061949879391598e-05,5.2908853909155735e-05,6.864644494171171e-05,0.00015066681694022595,5.199617003080629e-05,0.00041359200862296547,5.8052725417120876e-05,4.107222369259261e-05,5.6914306902089365e-05,5.537165568536696e-05,0.00022146311188914013,5.758977917764517e-05,3.604565281244715e-05,5.059779750003069e-05,8.729279921352757e-05,4.282951691148725e-05,0.001360142771974894,0.00010005472357141896
HärtelGottfriedChristoph,0.0004214180044760517,7.183023133892693e-05,0.00012733349198635322,0.0001088471434542947,6.84780029672014e-05,9.343084517859144e-05,0.0001265971730419201,6.224738313447052e-05,6.048663564631772e-05,9.745723988846054e-05,0.0009237200127018756,8.931482994666638e-05,0.00011106220764050034,2.967742381533828e-05,9.422410066588394e-05,0.011128461125818952,0.00030355600485985017,0.00019561782034856984,6.530340110338641e-05,6.866133364614711e-05,0.0006484501822353192,7.678800516103456e-05,9.281876758498383e-05,6.948471634644999e-05,0.00057939451285875,0.011320886174917992,9.683018853589614e-05,6.514383011483456e-05,0.31193301573298826,0.00010076590843355008,0.00014519035189886179,0.045253324643203995,8.509106779739076e-05,0.00034785624838054835,0.00011363212778462727,0.01119476345814664,8.282207976981482e-05,0.0011794806733602787,0.00038370657577625566,0.017399004244453408,0.2102676356822213,7.263931098546203e-05,5.8704702707342956e-05,7.236445927776782e-05,0.000745134262208571,0.00010151857914584776,0.0002049714766057108,3.8342031515186016e-05,0.0007451852820439781,4.706429991980208e-05,5.1225031624806565e-05,9.66213137248734e-05,0.00010268467162387,0.0001209763735993754,5.8264689448122775e-05,0.00013444240395878206,0.2786855722029881,0.00013274839244695763,0.0001808734525628981,0.00011062277702180276,3.557087450575934e-05,7.673358139828843e-05,9.327850574977983e-05,6.988521467678028e-05,9.067237687261882e-05,0.00019900984558489493,6.867968660240538e-05,0.0005462973429899783,7.667955131505153e-05,5.425067749412865e-05,7.517585927795693e-05,7.313823223660862e-05,0.0002925218743905189,7.606806391853525e-05,0.05536838534158341,6.683263157681061e-05,0.00011530160950469544,5.6571816675547397e-05,0.03498902328544703,0.00013215833115985372
IndustrieComptoir,0.0016630763353418288,8.614950856065454e-05,0.00015271728286905237,0.00013054570119053497,8.212901716832442e-05,0.00011205618089357659,0.00015183417955691756,7.465633015879303e-05,7.254457960507367e-05,0.0008192213986601656,0.0024557353211350362,0.3523365159173403,0.0053053011153951606,3.559358544975349e-05,0.00011300757098545646,7.712570568874097e-05,0.0010380059313564135,0.00023461401661396141,7.83215619319219e-05,8.234889461547812e-05,0.0017941645183024244,9.209560911425233e-05,0.00011132208630822748,8.333641774698162e-05,0.0013688325410339372,0.000307910475633622,0.0001161331795917838,7.813018064317995e-05,0.15601150256661223,0.00012085348090078892,0.00017413388806750152,0.0015350922395497262,0.00010205387810959072,0.01187411933874527,0.00013628456685816075,0.00015664533468037967,9.933256982668472e-05,0.0021169450076079883,0.0004601980575371179,0.018266865268316074,5.840138647407853e-05,8.711987734043116e-05,7.040742030432774e-05,8.679023424860835e-05,0.002051325071241937,0.001466168197215965,0.0002458323139071416,4.598547311736599e-05,0.0015960733100699553,5.644651608750857e-05,0.0007408261417332309,0.00011588266581805804,0.00012315474741224382,0.00014509287995830684,6.987969088823926e-05,0.014519545127930009,0.4102659399332366,0.0008386010944255402,0.00021693037540752147,0.00013267530534707517,4.266188902113679e-05,9.203033603455864e-05,0.00011187347276801589,8.381675497678279e-05,0.00010874781497980991,0.00023868223833186067,8.237090621328052e-05,0.0006552011144793987,9.196553511394922e-05,6.506549008800065e-05,9.016208373132692e-05,8.771825799152414e-05,0.0003508357867187845,9.123214838082924e-05,5.7102534387656586e-05,8.015564280992791e-05,0.00013828685791380602,6.78493457996241e-05,0.0042652087399938044,0.000158503948398779
JungFranzWilhelm,0.00018721222948956672,3.191011682196898e-05,5.6567082256239366e-05,0.0013011439437963662,3.042091099648655e-05,4.1506050152569216e-05,0.012221686412556627,0.00043557689691757446,2.68707976246747e-05,0.0041225337358407575,0.004132702658852843,0.004054330564858836,4.933866916830516e-05,1.3184004050524557e-05,0.007558594264391514,2.8567664744967905e-05,0.005282173673874912,8.690195455905452e-05,2.9010614601092955e-05,3.050235446775431e-05,0.004231991887837804,0.0019869593702831873,4.123413863074813e-05,0.005885875207789055,0.0005828667398084869,0.006149382802663093,0.02000489297352041,2.893972621898458e-05,0.23844946300416575,4.476460467758323e-05,6.449987705948935e-05,0.02730959194187512,3.7801157859411475e-05,0.00015453289396632726,0.002654276065515709,5.8022048097326565e-05,3.679317456772521e-05,0.01713721068674559,0.06281151522467818,0.29340729681205896,2.163210325965725e-05,3.22695452347412e-05,2.6079185413608575e-05,3.214744413694776e-05,0.007753069316553233,4.5098973785272234e-05,0.0016969184671678473,1.703320011692837e-05,0.14988777210111393,2.0908011579397276e-05,0.015111085268261305,4.2923395219276545e-05,4.56170028449774e-05,0.0010397234929780167,2.5883712362175944e-05,0.014078814096305006,0.0212265959187117,0.021854582765519777,8.035186430127911e-05,0.0028216263420364424,1.580213149506105e-05,3.408839844930991e-05,4.143837434421725e-05,0.00036634225301837266,4.028061840534355e-05,8.840883988486502e-05,3.051050765015834e-05,0.0002426890698999367,3.40643959334353e-05,2.4100513450114e-05,0.0266548704182685,3.249118778151139e-05,0.00012995095533994475,0.011743806888341214,2.1151003338083094e-05,2.9689965372280517e-05,5.122199609375287e-05,2.5131664555414452e-05,0.003676473187506274,5.8710485929090625e-05
KeßlerGeorgWilhelm,0.0005825549614973034,9.929584689675721e-05,0.015470760549201918,0.00015046685901079376,9.466183209606374e-05,0.0001291558543715897,0.00017500394022983484,8.604881969932563e-05,8.361481789049779e-05,0.00013472181546073922,0.016571660164274648,0.00012346600469860858,0.00015352889389777828,4.102513491225557e-05,0.0001302524257447842,8.889501973747992e-05,0.0004196262495791269,0.00027041590675042814,9.027336257909722e-05,9.491526264596935e-05,0.0008963970853943026,0.00010614931710299846,0.0001283097376058365,9.60534809284769e-05,0.0008009367054685466,0.00035489734018503066,0.0001338549994427474,9.005277667601632e-05,0.033543157904564955,0.00013929561453059248,0.0002007065644131205,0.0013778141075588234,0.0001176272090844908,0.0004808655093744166,0.00015708147047189597,0.0001805492733433661,0.00011449063157948897,0.001630476892202307,0.0005304238715560184,0.008757096108072486,6.731338607469347e-05,0.00010041429308873116,8.115152998246015e-05,0.0001000343467544678,0.0010300501089670544,0.000140336082790528,0.00028334610622662886,5.300281538950459e-05,0.0010301206371787957,6.506020420690385e-05,7.081186852229796e-05,0.00013356625749010018,0.00014194805226364326,0.00016723392431201292,8.054326952713854e-05,0.0001858489400783634,0.2475934989693696,0.00018350719197893458,0.6579237997874932,0.00015292143886634367,4.9172055318072276e-05,0.00010607408340943443,0.00012894526514867262,9.660711719206124e-05,0.00012534263476371996,0.00027510493548189407,9.49406331940068e-05,0.0007551842214413299,0.00010599939392601072,7.499442596926524e-05,0.00010392073746741315,0.00010110398609464168,0.00040437301553966203,0.00010515409303010688,6.581633031581956e-05,9.238732256681475e-05,0.00015938930936065896,7.820309558494162e-05,0.0024835063030419434,0.0001826915098610876
KindJohannFriedrich,0.0003013435063688236,5.136366634801924e-05,9.105240057567293e-05,7.783336145670419e-05,0.009484713116802644,0.0005513480978592974,9.052588075410727e-05,4.4511256037450316e-05,4.325219777160867e-05,0.01261181668236501,0.000660524763000381,6.386638383029302e-05,7.941728810818434e-05,0.0011155293342365665,6.737685760343454e-05,4.5983535832510405e-05,0.002324130215478922,0.01155280463372563,0.0075099715466773135,4.9097681667906665e-05,0.00046368747785999794,0.0011455286408912553,6.637194563072217e-05,4.96864581970471e-05,0.0008988462921252589,0.0022586580926123928,6.924039368474443e-05,4.6582419300062873e-05,0.3021693882158277,7.205471016255876e-05,0.0021788984268438414,0.014521246154585773,0.010329688476631507,0.021795731732117414,0.0011755628510810036,0.054239927079108505,5.9223610898220924e-05,0.01032050113637381,0.00027437718306542466,0.04588911331538487,3.481980778804227e-05,5.1942215187957065e-05,4.197799041871596e-05,5.174567689000037e-05,0.010983129147821114,7.259292264796715e-05,0.20035601191052477,0.0005727271574794273,0.02096693468879168,3.365428389862033e-05,3.662949964101569e-05,6.909103350725514e-05,7.342676076675948e-05,8.650661391068367e-05,4.166334999762849e-05,9.613577251869761e-05,0.23650034282608315,0.0021917569972712296,0.0013101005236489393,7.910306431604052e-05,2.543567653569499e-05,5.486990643303615e-05,6.670069074630744e-05,4.997284266537716e-05,0.003456606441306563,0.00014230603351897932,4.9110805322170036e-05,0.0014356715900584152,5.4831271124247555e-05,0.0031520721202829075,5.375602558147504e-05,5.2298978965549745e-05,0.0007544836184914821,5.439401463731684e-05,3.404541213196682e-05,4.779003109810501e-05,8.244875854631005e-05,4.04528269262224e-05,0.0018071811937790227,9.450249985658985e-05
KönitzLouiseHenriette,0.000271321081818212,4.624637739045061e-05,8.198097952739771e-05,7.00789344573901e-05,4.4088115952501156e-05,6.015347640536294e-05,8.150691612610751e-05,4.007666296411651e-05,3.8943042880920795e-05,6.274578560170837e-05,0.0005947176211775926,5.750346692868048e-05,7.150505675144183e-05,1.9107182535227288e-05,6.066419719727126e-05,4.140226161911421e-05,0.00019543812261507064,0.00012594440217589414,4.204421559019153e-05,4.4206149538189696e-05,0.0004174909545406045,4.943833535744986e-05,5.9759403173819886e-05,4.4736267099906896e-05,0.00037303092027076763,0.00016529106545744226,6.234207183170732e-05,4.194147917935756e-05,0.3005593977532223,6.487600196526342e-05,9.347774164453077e-05,0.0006417077167215659,5.478408687488071e-05,0.000223959898783106,7.315964555943038e-05,8.408961798060476e-05,5.3323246854436216e-05,0.13610440933478993,0.014493886176382071,0.25339834304009723,3.13507599071703e-05,4.676728623308045e-05,3.7795782992650846e-05,4.659032876595968e-05,0.007603161358192805,6.536059310694322e-05,0.0001319665562074915,2.46857072059422e-05,0.036096883809167216,3.030135550362598e-05,3.298015473708708e-05,6.2207592196074e-05,6.611135712100199e-05,7.788808311651528e-05,3.751248974879809e-05,8.655790236036471e-05,0.0013402597950805482,0.14255391526348074,0.0927209427619042,7.122213862838417e-05,2.2901556292360392e-05,4.940329576723762e-05,6.0055395881536916e-05,4.4994119491350655e-05,5.837749484551415e-05,0.0001281282859846048,4.4217965701461465e-05,0.0003517220064641992,4.936850963926287e-05,3.492815292829849e-05,4.840038927921043e-05,4.708850614339609e-05,0.00018833403075363148,4.89748163936521e-05,3.065351618788951e-05,4.3028778333102087e-05,7.423450610538115e-05,3.6422569367710414e-05,0.008280098871415934,8.508735032847586e-05
LevinRahel,6.79689711944537e-05,1.1585235734853176e-05,2.0537153982469377e-05,1.7555558327987746e-05,1.1044567060959364e-05,1.5069119869504828e-05,2.041839578848493e-05,1.0039653138354183e-05,9.755668605107301e-06,1.5718522370455984e-05,0.00014898342801735256,1.4405262801787766e-05,1.7912817942591215e-05,4.786563324313191e-06,1.5197061150591434e-05,1.0371730454990095e-05,4.895943963256819e-05,3.155048397356582e-05,1.0532547117948687e-05,1.10741357967608e-05,0.000104586162169764,1.2384856972019847e-05,1.497040010934553e-05,1.1206936186028643e-05,9.344842540290384e-05,4.140726401166569e-05,1.561738754738908e-05,1.0506810495855777e-05,0.339399072277349,1.625216543896415e-05,2.341722171599134e-05,0.06797164593424425,1.372402762719367e-05,5.6104464154026964e-05,1.8327310978942104e-05,2.106539154265121e-05,1.335807083311077e-05,0.0001902341311015235,6.188663255734454e-05,0.10809155256685007,7.853716647357332e-06,1.1715729236804365e-05,9.468267147852982e-06,1.1671399408452015e-05,0.0019046771149469235,1.6373560949881327e-05,3.3059101037743876e-05,6.184046262647545e-06,0.00012018821320353985,0.3586915140689008,8.261898309898423e-06,1.558369889179568e-05,1.6561635747841855e-05,1.9511837569941063e-05,9.397299015918756e-06,2.1683724437328484e-05,0.02888770418524876,2.1410503506026745e-05,2.9172418730362146e-05,1.784194378261945e-05,5.737096467080058e-06,1.2376079162047099e-05,1.5044549599277413e-05,1.1271531099365325e-05,1.462421658858646e-05,3.209757133843834e-05,1.1077095878062506e-05,8.81103037243453e-05,1.2367364847204927e-05,8.749893684448815e-06,1.212483984905806e-05,1.179619842366231e-05,4.717978501871687e-05,1.2268740277779476e-05,7.679049282942714e-06,1.077919111724122e-05,1.859657558969849e-05,9.124261747712554e-06,0.09308361120507318,2.1315334675554026e-05
LudwigErnstKarlFriedrich,0.0006949074001017535,0.00011844619541232201,0.007003375798292694,0.0001794861269877826,0.00011291845744763926,0.002014788480143999,0.00020875546712383487,0.00010264432634028764,9.974089922936201e-05,0.049155822603933634,0.0032924707506462206,0.00014727784672117692,0.007843461750755955,4.8937305018268505e-05,0.00015537310728349824,0.00010603944885988611,0.007293962168499093,0.1027391501440979,0.00010768362100470028,0.00011322076500002646,0.0058740876074048634,0.00012662143633800757,0.00015305574934636063,0.00011457850179693339,0.00280349114216552,0.012651785977754073,0.020539888959607906,0.0018767008108387384,0.25986155291345975,0.00016616037925458148,0.00023941513861833666,0.017112795882570583,0.00014031297207741189,0.0005736059651077712,0.00018737644250634513,0.03259397227263166,0.00013657146944971762,0.003704230172197201,0.007386052234280471,0.23998834755570114,8.029554840453857e-05,0.00011978034684315127,9.680253785745488e-05,0.00011932712347922605,0.018092595441811663,0.0007970445161530957,0.011572251542811544,6.322501922518489e-05,0.018127849082293992,7.760781444433376e-05,8.446875351417816e-05,0.00015932604967470781,0.00016932437017531566,0.001043653164789358,9.607696736277424e-05,0.0062132967831335295,0.10165756221369335,0.00021889866897759666,0.0002982556495757269,0.00018241410085891445,5.8655452922272265e-05,0.003572412521923515,0.00015381384570065172,0.00011523891319492515,0.00014951640652358168,0.000750245218385066,0.00011325102855066299,0.008094031729017806,0.00856810510581821,8.945796537116396e-05,0.00012396304943404252,0.00012060305509435869,0.0011120040145598253,0.0001254342718321312,7.850976818814048e-05,0.0008781355546010196,0.00019012937472397153,9.328546390397924e-05,0.025294317612107896,0.003279767707059726
MahlmannErnestine,0.00016572408705571885,2.8247486783211775e-05,5.007433590145595e-05,4.280451543595819e-05,2.692921138774736e-05,3.67420028465969e-05,4.978477593118433e-05,2.4478998599961116e-05,2.3786578563535374e-05,3.832539648505487e-05,0.00036325608819310604,3.512336562803218e-05,4.367559708441588e-05,1.1670749506959137e-05,3.705395330917131e-05,2.5288679976098972e-05,0.0001193744482707284,0.03288921036820545,2.568078823055398e-05,2.700130681099667e-05,0.00025500527578472203,3.0197148477232302e-05,3.6501301217026055e-05,2.732510490423386e-05,0.00022784889508456184,0.00010096049572644372,3.8078806373011635e-05,2.5618036387686688e-05,0.24377859822008324,3.962654182811319e-05,5.709660779124304e-05,0.05945406721265584,3.346235656175015e-05,0.00013679567217629346,4.4686227065023995e-05,5.1362301363802356e-05,3.257006917626482e-05,0.0015336236813345626,0.00015089393735527888,0.3899866197070708,1.9149179375600168e-05,0.12305428101828626,2.3085827275338125e-05,2.845757376692795e-05,0.042948994503821815,3.9922532187623785e-05,8.060574173895891e-05,1.5078136437516396e-05,0.00029304668818703637,1.8508198639550487e-05,0.0021597220791680838,3.799666563151977e-05,4.0381102085658976e-05,4.7574377119920573e-05,2.291279054007253e-05,5.286994010933737e-05,0.004099864762150339,5.2203764226301655e-05,7.112911047991443e-05,4.350278947454993e-05,1.3988369363975546e-05,3.0175746144395444e-05,3.6682094839596156e-05,2.7482602257114756e-05,3.565722564955281e-05,0.009921946204968573,2.700852417448938e-05,0.00021483331862040542,3.01544986273865e-05,2.1334266463168217e-05,2.9563166535701707e-05,2.8761862657839793e-05,0.00011503523831989313,2.991402909486207e-05,1.8723299904462857e-05,2.628216340060895e-05,4.534275652265476e-05,2.2247062470183007e-05,0.08601843873607436,5.1971720585371294e-05
MahlmannSiegfriedAugust,0.0001294823235045961,2.2070118392783235e-05,3.912371143906319e-05,3.3443708839215214e-05,2.104013316700079e-05,2.8706991139980343e-05,3.889747457506352e-05,1.912575095208131e-05,1.8584754427373356e-05,2.9944116599365152e-05,0.09739025433469761,2.744232942607805e-05,3.412429593918574e-05,9.118504075349745e-06,2.8950721978569223e-05,1.9758365243361007e-05,9.326876499235926e-05,6.010433732922503e-05,2.0064724377716023e-05,2.109646223226956e-05,0.022988604490682102,2.3593413712580703e-05,2.8518927915002685e-05,2.134944977441612e-05,0.00017802122110097894,7.888171116876077e-05,2.9751452628617906e-05,2.00156955698764e-05,0.3227606766217783,3.096071789872685e-05,4.461030120838825e-05,0.0003062416146033523,2.6144562052092838e-05,0.0001068801873852186,3.4913913914565183e-05,4.0130015131067925e-05,2.5447406641801532e-05,0.017926612800617494,0.00011789534013211661,0.10824419190802731,1.4961495838111714e-05,2.2318711265942247e-05,1.8037248590372652e-05,2.2234262008071317e-05,0.033751961523430456,3.119197890710101e-05,6.297828465129951e-05,1.1780738544014592e-05,0.004163602220382473,1.4460689488836156e-05,1.5739090513284645e-05,0.002642263713572434,3.1550265363474116e-05,3.717046205057757e-05,1.7902052802410308e-05,4.13079523352825e-05,0.0006396110143888368,0.09931869212533984,5.5574072890550394e-05,3.398927916979364e-05,1.092928975785575e-05,2.3576691799469763e-05,0.0008155884121796741,2.1472504446547065e-05,2.7859441007386468e-05,6.114655029668397e-05,2.110210124957366e-05,0.00016785198672912758,2.3560090845921617e-05,1.6668731993004974e-05,2.3098075609908052e-05,2.2472006763899436e-05,8.987848542232001e-05,2.3372208961299377e-05,1.4628750825389285e-05,2.053458639777657e-05,3.5426868676504314e-05,0.0968095539455323,0.1896653022526309,4.060616207023059e-05
MaxJoseph,0.00013536257009211117,2.3072399900039395e-05,4.090045643755952e-05,3.4962504991870466e-05,2.1995639431542968e-05,3.00106763235622e-05,4.0663945363833806e-05,1.999431840380492e-05,1.9428753328871974e-05,3.1303983990401883e-05,0.0002967056785347886,2.8688581884278886e-05,3.5673999939829725e-05,9.532607336868793e-06,3.026547583463929e-05,2.0655661929522385e-05,9.750442683579687e-05,6.283388615804633e-05,2.097593390700214e-05,2.2054526597291088e-05,0.0037621750796926366,2.4664873404654488e-05,2.9814072487735272e-05,2.231900319131073e-05,0.00018610578932273428,8.246400642237498e-05,3.110257047279867e-05,2.0924678528985323e-05,0.16061128219463305,3.236675272142249e-05,0.07823217441652716,0.000320149120743853,2.733187834074005e-05,0.00011173399167397617,0.06400648528135294,4.195245991074485e-05,2.6603062657359908e-05,0.0003788578884248744,0.00012324938115279078,0.3005614007626525,1.5640949855192695e-05,2.3332282247734465e-05,1.8856383330937725e-05,2.3243997852780928e-05,0.0002393426187892574,3.2608516103545524e-05,6.58383495110038e-05,1.2315743212967645e-05,0.12817933061496686,1.5117400132562173e-05,1.6453857832686717e-05,3.1035478343494186e-05,3.298307360491858e-05,3.885850314154169e-05,1.8715047827921653e-05,0.17418370080257847,0.08240808429982863,4.2639762388788815e-05,5.8097886517183166e-05,3.5532851585245244e-05,1.1425627150197287e-05,2.464739209080185e-05,2.9961743775851184e-05,2.244764620782948e-05,2.9124635965893267e-05,6.39234296728687e-05,2.206042170215496e-05,0.00017547473434020627,2.4630037229710115e-05,1.742571759356528e-05,2.414704026088997e-05,2.349253943207746e-05,9.396018277598898e-05,2.443362296954037e-05,1.5293093724036372e-05,2.1467134009862577e-05,3.703572707511007e-05,1.8171284612062694e-05,0.00413095604787028,4.245023035293392e-05
MayerAuguste,0.0002619897630826829,4.465586446420848e-05,7.916147635759391e-05,6.766876835571464e-05,4.257183030435015e-05,5.8084668269898316e-05,7.870371702183613e-05,3.8698339859002575e-05,3.7603707421921226e-05,6.0587822347113156e-05,0.0005742639961085238,5.5525798349764086e-05,6.904584322008467e-05,1.84500452085613e-05,5.857782426933929e-05,3.997834830964799e-05,0.00018871658294342594,0.00012161290183031334,4.059822409543461e-05,4.268580445977925e-05,0.0004031325377898232,4.7738044094113956e-05,5.770414806897135e-05,4.319769013216985e-05,0.0003602015802433438,0.00015960634827445524,6.019799316669343e-05,4.049902101193669e-05,0.3727637001044933,6.264477596333294e-05,9.026283996377234e-05,0.000619638000650665,5.289994365667348e-05,0.00021625743355070564,7.064352714091843e-05,0.00695963009414607,5.14893450835984e-05,0.0007332668725401432,0.00023854508780628397,0.03145201854994765,3.027253947794887e-05,4.5158858125274984e-05,3.649590428215823e-05,4.498798660811898e-05,0.25496524219622696,6.311270096772213e-05,0.00012742794096185682,2.383671235229152e-05,0.0004632714156058289,2.9259226361179308e-05,3.184589589609872e-05,6.006813857654172e-05,6.383764458381034e-05,7.520934350516964e-05,3.622235410558316e-05,8.35809889167402e-05,0.008172597862387715,8.252784531602003e-05,0.00011244653166590904,6.877265526308937e-05,2.2113922246853887e-05,4.770420959118224e-05,5.798996094738579e-05,4.344667442226609e-05,5.63697665564526e-05,0.000123721677152194,4.269721423964366e-05,0.0003396255260631062,4.767061983337354e-05,3.372689821696856e-05,4.673579522606345e-05,4.546903058823685e-05,0.00018185681616369933,0.0757100479662375,2.9599275477963594e-05,4.154892559649967e-05,7.168142090830819e-05,3.516991844335376e-05,0.2418620333645499,8.216101234929657e-05
MayerJohannSiegfriedWilhelm,0.004148334650879512,0.001953078484049436,0.0006563604214136329,0.0006375882557763445,0.0011019835320606958,0.00030040879178365085,0.0007493982256015625,0.0012418128511889838,0.00019930929655288636,0.0005559309969995279,0.014310930445608645,0.00014397459014943748,0.0002210759860507646,1.587599209068004e-05,0.0030385354099809283,0.005435411317211602,0.001605327701741976,0.002751298009398693,0.0016907906369171904,0.000471959125646716,0.03862142479483319,0.0009098213175606231,0.0013012885200474162,3.717097595813714e-05,0.0014311892458281036,0.004174581828136179,0.00255980578302859,0.0002719930307445568,0.3713953030797589,0.000793695340369967,0.005621900921175271,0.016861276305710406,0.001566025968337366,0.0029817519399251407,6.078771436432794e-05,0.00034267276661276744,0.0011212454305058036,0.005496109579766115,0.00046065280329390625,0.1960703516621064,0.0014462664970610428,0.00016941533763674738,0.0008930460043981406,3.8711499700537075e-05,0.2220740095507678,0.0004273606520472061,0.00010964986589319229,2.0511139809955216e-05,0.004107458445482612,0.0010787043267387981,0.00115501415348141,0.0009492097610704538,0.0017224625798872512,0.00015959768320913983,3.116880206988351e-05,0.0013582657521653072,0.017116007661552385,7.101399507086453e-05,0.00019310502127038468,0.0002831368546434648,0.0013698474657067514,0.007650946354010259,0.003962481501801342,0.0010489548599420331,0.0002815580372975092,0.0030959206575385994,0.002021841335742483,0.0029857390773929075,0.000601973569324911,0.00012530485193577365,0.0008872542207555037,0.00037298195653749476,0.00144809165513847,0.0006568437519894959,0.0025240117850123824,0.0052837008961929294,0.00039764584799405856,0.00394924108500014,0.014435548346874882,0.00018756343068949833
MayerJohannSiegfriedWilhelmANDMayerJulieHenriette,0.00015714282233974386,2.67848197324876e-05,4.7481465187963516e-05,4.058807916214425e-05,0.004151254389057618,0.008286278653793748,4.720689875785975e-05,2.3211465492974555e-05,2.255489926472345e-05,3.634089092267167e-05,0.00034444653124905987,3.330466260468238e-05,4.14140558270872e-05,1.1066433063089521e-05,3.5135283622896505e-05,2.3979221218184564e-05,0.00011319318784483647,7.294405094946559e-05,2.435102593808056e-05,2.5603167496797172e-05,0.00024180099260322427,2.863352710296817e-05,3.4611248094479494e-05,2.591019918509009e-05,0.0002160507810101385,9.573271770650272e-05,0.004161826653204956,0.05365864611348811,0.2854713995882608,3.7574662398592686e-05,5.414012081010719e-05,0.00037166209513488313,3.172966130436021e-05,0.02488402983637332,4.237235495134501e-05,4.87027392430813e-05,3.088357694460041e-05,0.004565536867257909,0.004268800168040013,0.3778026880833977,1.815762660716968e-05,2.70865179461466e-05,2.189043318051143e-05,2.698402832156195e-05,0.1735580761012253,3.785532624960677e-05,7.643194166089928e-05,1.4297384028541513e-05,0.00027787260426146164,1.754983613013185e-05,1.9101333968805748e-05,3.6029181894536905e-05,3.829015120050887e-05,4.511095535054071e-05,2.172635636204057e-05,5.0132311804023905e-05,0.017279125449919018,4.95006307955794e-05,6.744601445637286e-05,4.125019626980395e-05,1.3264045564160311e-05,2.861323299215792e-05,0.03716625893481287,2.6059541257099344e-05,3.381087912399801e-05,7.420890535393388e-05,2.561001114209489e-05,0.000203709156709812,2.859308568074521e-05,2.022956894276467e-05,2.8032373019850172e-05,2.727256100244157e-05,0.00010907866405705605,2.836506776434599e-05,1.7753799358759053e-05,2.492126164241549e-05,4.2994889030453213e-05,2.109509997878436e-05,0.0006699199484207992,4.928060247447284e-05
MayerJohannSiegfriedWilhelmANDRichterCaroline,0.0002099910336600145,3.579273872186068e-05,6.344980830849386e-05,5.4238129178474956e-05,3.4122335717323e-05,4.65562447413092e-05,6.308290330063307e-05,3.1017640889097886e-05,3.014026692518484e-05,4.8562582339770007e-05,0.0004602862673626744,4.450524956803244e-05,5.534188747343178e-05,1.4788150570589505e-05,4.6951521017984024e-05,3.204359814209085e-05,0.00015126083498372876,9.747563668616243e-05,3.2540443344996975e-05,3.4213688716873326e-05,0.0003231203285059399,3.826317908866781e-05,4.6251248739248025e-05,3.462397727241177e-05,0.00028871014375244524,0.00012792828871819567,4.825012496897823e-05,3.246092971133101e-05,0.4090435307376755,5.021127964373444e-05,0.09379721428281204,0.03357601924794881,4.240056450417719e-05,0.00017333548255334968,5.662246918032842e-05,6.50818052231342e-05,4.126993615842043e-05,0.0005877308590288528,0.00019119956815698776,0.047262451566126136,2.426416124694861e-05,3.619590011858463e-05,2.925233632944922e-05,3.605894252875957e-05,0.3532178537600258,5.0586332677070096e-05,0.00010213652901889408,1.9105692554614887e-05,0.0003713230711136761,2.345196665465633e-05,2.552524388115304e-05,4.814604342284983e-05,5.1167392247857784e-05,6.028207971834907e-05,2.9033079349096332e-05,6.699215286290935e-05,0.01757698667262986,6.614803318927971e-05,9.012857272807146e-05,5.512292082069731e-05,1.7724835261706387e-05,3.8236059928894513e-05,4.648033456712693e-05,3.4823544109784404e-05,4.518171018242208e-05,9.916587032120222e-05,3.422283392712647e-05,0.0002722179463661339,3.8209136938165254e-05,2.7032912032109328e-05,3.74598527551878e-05,3.6444510733533284e-05,0.00014576256856372818,3.7904435029132755e-05,2.3724524119072102e-05,3.3302453236382596e-05,5.745436574941183e-05,2.818952710502461e-05,0.039487810706706435,6.585400783135564e-05
MellishofBlythJosephCharles,0.0007135104286777988,0.00012161706099478176,0.0002155906332601576,0.0001842910629387718,0.00011594134264119707,0.00015818945011138977,0.00021434395836704464,0.00010539216775886754,0.00010241101441059704,0.00016500661165871512,0.001563967023811939,0.00015122055044079655,0.0001880414280875352,5.024738184801039e-05,0.00015953252529274752,0.00010887817945483975,0.0005139561500808634,0.07526288481065163,0.00011056636693376809,0.00011625174312227519,0.0010979027060748477,0.00013001115732556775,0.0001571531304915339,0.00011764582723168435,0.000980983306010847,0.0004346765027649737,0.00016394493969733922,0.00011029619441328522,0.041083493502791175,0.00017060857808370148,0.0002458244050394491,0.0016875398880748615,0.00014406922251993654,0.0005889616918689588,0.01892531279344252,0.00022113585487210118,0.00014022755794218948,0.2455249624474037,0.0006496605281708242,0.1231231690207191,8.244510154108611e-05,0.00012298692834573056,9.93939915932076e-05,0.00012252157195920518,0.0012616002667279634,0.00017188293845008502,0.0003470409061461282,6.491758551415358e-05,0.0012616866493320418,7.968541556013844e-05,8.673002549829729e-05,0.00016359128998524842,0.00017385727066900877,0.00020482728139272255,9.864899720313531e-05,0.0002276268604146828,0.2470525294685237,0.00022475869895231294,0.15016960160418238,0.00018729742017664663,6.0225689570628734e-05,0.0001299190114706807,0.00015793152147521052,0.0001183239181825302,0.0001535190376406751,0.000336947161075673,0.00011628281684373052,0.07585662663912306,0.0001298275321616754,9.185280112325256e-05,0.00012728160403665216,0.0001238316609200416,0.0004952740646511065,0.00012879221181516615,8.061151506965127e-05,0.00011315553464623127,0.0001952192358919742,9.578276376073888e-05,0.0030417862073528557,0.00022375965553832504
MesserschmidtJohannGeorgFriedrich,0.00023312601503178043,3.973607063057163e-05,7.044015502794351e-05,6.021361339945855e-05,3.78816371856872e-05,5.1685405906225424e-05,7.003282762502079e-05,3.443489414824047e-05,3.3460858769992626e-05,5.391278428988954e-05,0.0005109965954919976,4.940844996548007e-05,6.143897416070973e-05,1.64173800762996e-05,5.2124230277017355e-05,3.557388242699926e-05,0.00016792543507942637,0.06743510916425602,3.6125465702829467e-05,3.7983054662305985e-05,0.00035871890931452234,4.247868257951724e-05,5.1346808103634166e-05,3.843854523396861e-05,0.0003205177103953467,0.0001420223122811689,5.35659030900097e-05,3.603719195021176e-05,0.197042056384218,5.5743120689343405e-05,8.031846717447743e-05,0.061757639425714224,4.707188905008461e-05,0.00019243207486990715,6.286063919586905e-05,7.225195113477276e-05,4.58166979300914e-05,0.01901436224257488,0.00021226426968497442,0.2422088464298117,2.6937374996439137e-05,4.018364883519665e-05,3.2475103722261496e-05,4.003160245213075e-05,0.000412203985988457,5.615949379615273e-05,0.0001133890413526094,2.1210591195484174e-05,0.25747855670916,2.6035699884738808e-05,2.833739272107135e-05,5.345035474651926e-05,5.68045694447308e-05,6.692343371822164e-05,3.2231690919311405e-05,7.437276422295057e-05,0.09296098711230164,7.34356468027763e-05,0.00010005815312388824,6.119588367114395e-05,1.9677603084455955e-05,4.244857566714689e-05,5.160113261084209e-05,3.866009860564494e-05,5.0159437112931014e-05,0.00011009110137802148,3.799320741209622e-05,0.030905342415444525,4.241868653601565e-05,3.0011162604940917e-05,4.1586852754071e-05,4.045964920029517e-05,0.0001618214175995512,4.208041522705905e-05,2.633828535440839e-05,3.697142720079108e-05,6.378418687640011e-05,3.129520344313684e-05,0.02547635311142705,7.310922829425029e-05
MeusebachErnestinevon,0.0004122946214361148,7.027516082131323e-05,0.00012457681759450194,0.00010649068461298073,6.6995505674148e-05,9.140813760735436e-05,0.00012385643940176485,6.089977407757805e-05,5.917714544908575e-05,0.021744595718343626,0.0009037221687369213,8.738123101141594e-05,0.00010865779432449814,2.903492989663988e-05,9.218421970959395e-05,6.291412988058448e-05,0.000296984245521156,0.0001913828415732883,6.388963155450922e-05,6.717486738169422e-05,0.0006344117231946215,7.512560256666087e-05,9.080931103358295e-05,6.798042446542748e-05,0.0005668510571546683,0.0002511733213020598,9.473388773607476e-05,6.37335151579187e-05,0.3160045245826564,9.858440225621087e-05,0.000142047089911934,0.011799751647470751,8.324891013790009e-05,0.0003403254220677121,0.00011117207762917383,0.00012778106654922602,8.102904399564641e-05,0.0011539458033334336,0.02202464797126749,0.3634103025515724,4.76400492031124e-05,7.106672450164196e-05,5.743379001885781e-05,7.079782312682827e-05,0.0007290026655086111,9.932077821332888e-05,0.00020053399820309635,3.751195535249978e-05,0.2388707844797029,4.604539320221018e-05,5.01160481931968e-05,9.452953490771082e-05,0.00010046162566569015,0.00011835732604230237,5.7003302715965734e-05,0.00013153182696610966,0.002036634606996795,0.00012987448953022005,0.0001769576782676379,0.00010822787704839931,3.4800791809399344e-05,7.507235703747083e-05,9.12590962126713e-05,6.837225230793893e-05,8.870938806681561e-05,0.00019470143201284767,6.719282301024443e-05,0.0005344704161362145,7.501949666492453e-05,5.307619110366133e-05,7.35483584301896e-05,7.155484448271318e-05,0.00028618899568273065,7.442124751092106e-05,4.658053022521672e-05,6.538575533762308e-05,0.00011280541632486098,5.5347079366476306e-05,0.01258228887621546,0.00012929720262646496
MosengeilFriedrich,6.79689711944537e-05,1.1585235734853176e-05,2.0537153982469377e-05,1.7555558327987746e-05,1.1044567060959364e-05,1.5069119869504828e-05,2.041839578848493e-05,1.0039653138354183e-05,0.3604781760389668,1.5718522370455984e-05,0.00014898342801735256,1.4405262801787766e-05,1.7912817942591215e-05,4.786563324313191e-06,1.5197061150591434e-05,1.0371730454990095e-05,4.895943963256819e-05,0.005385041875612601,1.0532547117948687e-05,1.10741357967608e-05,0.000104586162169764,1.2384856972019847e-05,1.497040010934553e-05,1.1206936186028643e-05,9.344842540290384e-05,4.140726401166569e-05,1.561738754738908e-05,1.0506810495855777e-05,0.36259753497445146,1.625216543896415e-05,2.341722171599134e-05,0.00016075497348315193,1.372402762719367e-05,5.6104464154026964e-05,1.8327310978942104e-05,2.106539154265121e-05,1.335807083311077e-05,0.08049260500568703,6.188663255734454e-05,0.10987604969739644,7.853716647357332e-06,1.1715729236804365e-05,9.468267147852982e-06,1.1671399408452015e-05,0.00012017998440057863,1.6373560949881327e-05,3.3059101037743876e-05,6.184046262647545e-06,0.00012018821320353985,7.590829085514177e-06,8.261898309898423e-06,1.558369889179568e-05,1.6561635747841855e-05,1.9511837569941063e-05,9.397299015918756e-06,2.1683724437328484e-05,0.012827230010331656,2.1410503506026745e-05,2.9172418730362146e-05,1.784194378261945e-05,5.737096467080058e-06,1.2376079162047099e-05,1.5044549599277413e-05,1.1271531099365325e-05,1.462421658858646e-05,3.209757133843834e-05,1.1077095878062506e-05,8.81103037243453e-05,1.2367364847204927e-05,8.749893684448815e-06,1.212483984905806e-05,1.179619842366231e-05,4.717978501871687e-05,1.2268740277779476e-05,7.679049282942714e-06,1.077919111724122e-05,1.859657558969849e-05,9.124261747712554e-06,0.066316154246878,2.1315334675554026e-05
MurhardFriedrichWilhelmAugust,0.012914447254496758,8.076634475960149e-05,0.037464981481372235,0.0001223883836994294,7.699707898755912e-05,0.00010505420506401221,0.00014234662387831585,0.09959480982862083,6.801153743899218e-05,0.00010958150752724803,0.013479238657971208,0.00010042613274598149,0.00012487901521199667,3.336947408865503e-05,0.00010594614631179699,7.230640591639241e-05,0.00034132020021869784,0.00021995385542956263,7.342753753087716e-05,0.06228021477717029,0.0007291212905987365,8.634089550644659e-05,0.00010436598133114295,7.812903357474185e-05,0.00065147468002113,0.00028867029012253536,0.00010887644720961902,7.324811495023425e-05,0.2760957478281213,0.00011330179436785488,0.00016325290617401084,0.001120701546978525,9.567690914510918e-05,0.0003911316608590592,0.00012776864890099078,0.00014685714773255093,9.312564534051532e-05,0.0137668174852927,0.000431441984913621,0.03200414748076868,5.4752100078240034e-05,8.167607878734944e-05,6.600792130961281e-05,8.136703387175323e-05,0.0008378334524604886,0.00011414810185018846,0.00023047116286328725,4.311201117433685e-05,0.000837890819470719,5.291938230375753e-05,5.759773409345144e-05,0.00010864158711402697,0.00011545926325599172,0.00013602656313036835,6.551316775069292e-05,0.00015116784877400365,0.4377617590618449,0.00014926309202687344,0.00020337519948425504,0.00012438491677758972,3.999610554192594e-05,8.627970109981398e-05,0.00010488291369269776,7.85793563096148e-05,0.00010195256668619062,0.0002237678690358621,7.722385328174725e-05,0.000614260022872453,8.621894934879273e-05,6.0999788532745715e-05,8.452818896536579e-05,8.223706884720132e-05,0.0003289133574590885,8.55313892370878e-05,5.353440844939198e-05,7.514701348593419e-05,0.00012964582420252433,6.360969140883311e-05,0.002020061589209121,0.00014859962356164372
MüchlerKarl,0.0002425630228549532,4.134459814455041e-05,7.329159266768348e-05,6.265107770662618e-05,3.941509670296668e-05,0.005034752304796393,7.286777653488885e-05,3.582882852069895e-05,3.481536391151214e-05,5.6095189231025574e-05,0.0005316818839554722,5.1408518163752634e-05,6.392604142226476e-05,1.7081960321429773e-05,5.423423403972061e-05,3.7013923371028855e-05,0.00017472310476180055,0.00011259521264887656,3.758783489576097e-05,3.952061958807077e-05,0.0003732399534505003,4.419823181028983e-05,0.005603092696888932,3.999454854846309e-05,0.0003334923590635958,0.11011650496611491,5.573426618087633e-05,3.749598779636804e-05,0.20749903543118725,0.08330300994759265,8.356978171767613e-05,0.005554666030408501,4.89773725936377e-05,0.002975055457993633,6.540525586501337e-05,7.517673079956218e-05,4.767137097779598e-05,0.0006788945761464808,0.0002208567880846222,0.17363672236052716,2.80278076473918e-05,4.181029444302245e-05,3.378970521726646e-05,4.165209317884523e-05,0.0004288901213388415,5.84328461812457e-05,0.0001179790622053262,2.2069201998824234e-05,0.001816336326552591,2.70896324690562e-05,2.94844984902864e-05,5.561404040736453e-05,5.9104034676737646e-05,0.0014570493522963266,3.3536438994373566e-05,7.73833950086537e-05,0.36970204270735707,7.64083428070514e-05,0.00010410853580500442,0.001451089949383774,2.0474158090228192e-05,4.416690616148833e-05,5.368996123027657e-05,4.022507046404679e-05,0.01947602564901742,0.00011454762067649815,3.953118332407884e-05,0.0003144420349529908,4.4135807109772825e-05,3.122602305818861e-05,4.32703004582142e-05,4.209746738190806e-05,0.0001683719949070031,4.378384248139606e-05,2.7404466685156164e-05,3.846804115732512e-05,6.636618902002722e-05,0.0050135367011006965,0.0010340771874929292,7.606871078385966e-05
MüllerFriedrichTheodorAdamHeinrichvon,0.0012197860619513948,0.0006896763530708524,6.735452357711559e-05,0.06448061714763038,0.00014217110770486807,0.010336859755770594,0.0036004678214198536,0.0022568283130819226,3.199510563314276e-05,0.003957637589977073,0.0027206983521551958,0.002250568008323208,0.0006871635127556311,1.569821663488569e-05,0.004392629085386599,3.401556827506053e-05,0.0019130822754023506,0.0006981014687788091,0.0003547215472408794,0.00024821695847165046,0.009769074657842316,4.061790361182336e-05,0.00015420013872442353,0.0017041473534921783,0.001556531121071806,0.006996068279036124,0.005918466442653716,3.4458582521584234e-05,0.2604379057960391,0.0005882731397584609,0.0012205314245055162,0.014323337666641593,0.003906303295336216,0.0010178079572476881,6.0107028485543784e-05,0.0011530943891805163,0.02915764305343022,0.19438059494990356,0.0028339433438768365,0.18364597239197655,2.575738310887466e-05,0.0006339247801784645,3.1052531591712415e-05,0.0018733739447951436,0.0013783512735312741,0.0011527636299200937,0.0005277614432630855,2.0281461109704613e-05,0.0033693421736543,2.489520588132844e-05,0.001416657647174003,0.02598024632583805,0.0002688046241809873,0.0008701395136128442,3.0819781488184546e-05,0.002317340154814648,0.027056023092401283,7.021879781519746e-05,0.0005935521115850046,5.851519758744665e-05,1.881562555288722e-05,4.058911553294595e-05,0.005195182352546092,3.696659273385401e-05,0.00026476368969013324,0.0035265880665606773,3.6328914713392116e-05,0.07055918257458416,4.056053569539901e-05,0.007409845518950498,0.0007459513202289347,0.00019877659290245178,0.001507995327655654,4.023708236333947e-05,2.5184536592523885e-05,0.0022874798759427097,0.006681644405067039,2.992431685201713e-05,0.006853027033704177,0.007803767760022321
MüllerWilhelmChristian,0.000245128747638353,4.178192308744829e-05,7.406683884292086e-05,6.331377320277655e-05,3.983201222974659e-05,5.4346482177228555e-05,7.363853976980532e-05,3.6207810082743176e-05,3.51836254914491e-05,5.668853942738098e-05,0.0005373057806669052,5.195229481848814e-05,6.46022229228549e-05,1.726264577146208e-05,5.480789987199228e-05,3.7405440344251505e-05,0.00017657124878162495,0.00011378619519924717,3.798542245222898e-05,3.9938651289436325e-05,0.0003771879212299734,4.4665741232803584e-05,5.3990451318591965e-05,4.041759326156035e-05,0.00033701989430228547,0.006585088014130382,5.63237986922286e-05,3.789260383468615e-05,0.3037232723307186,5.861311257848921e-05,8.445374604815271e-05,0.0005797596261068196,4.949543366168617e-05,0.0002023396381218101,6.609708384424257e-05,7.597191713537377e-05,4.817561773617149e-05,0.0006860756238545491,0.0002231929138803072,0.016556337079521772,2.832427344773877e-05,4.225254531618152e-05,3.414711783143706e-05,4.209267066873472e-05,0.00043342673207498174,5.905092308285762e-05,0.00011922699274420093,2.2302640293960008e-05,0.0004334564090897871,2.737617466572321e-05,2.9796372524556982e-05,5.6202301223455604e-05,5.972921111453174e-05,7.036905552033581e-05,3.389117267002656e-05,7.820192246622106e-05,0.5418141731824003,7.721655659203456e-05,0.00010520975002691856,0.06442188198727318,2.069072471366921e-05,4.463408423509103e-05,5.425786998457448e-05,0.05796243238707975,5.274194731146303e-05,0.00011575925493876122,3.994932676398955e-05,0.00031776806425673997,4.46026562313086e-05,3.1556318172029245e-05,4.372799463172877e-05,4.254275584388735e-05,0.00017015295968505868,4.424696867616717e-05,2.7694339059446307e-05,3.887493914781236e-05,6.706818132678661e-05,3.290646917315437e-05,0.0010450152003716913,7.687333209094209e-05
MünsterGeorgLudwigFriedrichWilhelmGrafvon,0.0003614336385115033,6.160596270733546e-05,0.00010920892516261335,9.335391151401308e-05,5.873088835207473e-05,8.013195915558533e-05,0.00010857741338009642,5.338713091312594e-05,5.1877007082668624e-05,8.358523944882006e-05,0.010281528482660854,7.660181486739086e-05,9.525368489781097e-05,2.545315852027203e-05,8.081230317030726e-05,5.5152994228541967e-05,0.00026034803962616675,0.00016777370642760721,5.600815726256984e-05,5.888812386085304e-05,0.0005561502030511315,6.585805021287363e-05,7.960700429044137e-05,5.9594306800587416e-05,0.0004969238729524631,0.00022018838639952797,8.30474421798764e-05,5.587129950523488e-05,0.16315048022937115,8.642295425497103e-05,0.00012452405119428946,0.0008548349924057259,7.297926028831471e-05,0.0002983426151605908,0.047543908697391835,0.00011201789549157043,0.03802819395304355,0.0010115941578163624,0.00032909003016145003,0.024411731421656428,4.176313593995308e-05,6.22998784807167e-05,5.034871332474555e-05,6.206414898717852e-05,0.0006390723336665912,8.706849030529951e-05,0.00017579596930792155,3.288445156890285e-05,0.20940350002109812,4.036519793491024e-05,0.05697967476552595,8.286829847424565e-05,8.80686019348358e-05,0.00010375667489174404,4.99713312680131e-05,0.00011530595920663213,0.4382927420056406,0.00011385307219683215,0.00015512804240821443,9.487680254892629e-05,3.0507739254370837e-05,6.581137309328715e-05,8.00013036224583e-05,5.9937798457829347e-05,7.776612944267137e-05,0.00017068291298752178,5.890386446919775e-05,0.00046853773281833096,6.57650336171234e-05,4.652867117719771e-05,6.447537613121795e-05,6.272778360393713e-05,0.00025088450014521967,6.524058494079885e-05,4.083432004146055e-05,5.7319718060309304e-05,9.888965304490883e-05,4.851942091005461e-05,0.0015408378242416814,0.00011334699985137571
MützschefahlAntonievon,0.00022285476552160268,3.798534754655629e-05,6.733664722024998e-05,5.756067461418009e-05,3.621261819038041e-05,4.940820960093412e-05,0.0030486222476783817,3.291773447129527e-05,3.198661391059948e-05,5.153745239415771e-05,0.000488482705180639,4.723157357767154e-05,5.87320474662866e-05,1.569405021950903e-05,4.9827699902111645e-05,3.400654030774404e-05,0.000160526844053149,0.00010344684617789007,3.4533821493346685e-05,3.630956733596842e-05,0.0003429141891888599,4.060712333899926e-05,4.908453000690719e-05,3.67449895454174e-05,0.18941799173035234,0.001129656641935859,5.120585435928143e-05,3.4449436975219655e-05,0.28144568903224826,5.328714639150219e-05,7.67797329130454e-05,0.0005270789198725228,4.4997958702658936e-05,0.00018395375101368466,6.009107566405124e-05,6.906861778777906e-05,4.379806978124126e-05,0.0016176260195175428,0.00020291216337572004,0.2720012233430314,2.575054692107427e-05,0.049732996231159045,3.104429003484536e-05,3.826785859444922e-05,0.00039404277824594023,5.368517460416154e-05,0.00010839325769760314,2.0276078269513653e-05,0.00039406975861539726,2.4888598521333263e-05,2.7088881562561904e-05,5.109539693567961e-05,5.4301829001947046e-05,6.397486838670344e-05,3.0811601704806335e-05,7.109599042320364e-05,0.03927204086553989,7.020016126011912e-05,9.564971223785961e-05,5.849966724889505e-05,1.881063175560131e-05,4.057834290067728e-05,4.932764928474708e-05,3.695678154421565e-05,4.794947314212856e-05,0.00010524062095888086,3.6319272767915143e-05,0.03399744850583563,4.054977064841709e-05,2.868890717513038e-05,3.975458645413937e-05,3.867704612198216e-05,0.0001546917621810898,4.022640316311121e-05,2.517785244215486e-05,3.534251095360635e-05,6.0973932953765194e-05,2.991637473115284e-05,0.010350148362955856,0.11211067333219982
OsmundEmanuel,0.004176077812234249,0.0011792189448399026,0.0003594197148918131,0.0012020172118060177,0.000587113575963388,0.0009786640968930988,0.001979264184057674,0.0014615169742034442,0.00018649792016505715,0.0006303115975484196,0.16509073311324643,0.0003160660116555334,0.0006526074300964225,0.0007960552630443552,0.0027665362624031955,0.00013352180465494448,0.0026489408503072172,0.0006066633734276185,0.0020735637044828415,0.00028201544481990047,0.01409106531966513,0.001114347607749589,0.003022382173158559,0.0004339309538523296,0.02687234776466524,0.003951900961113951,0.0020134683688510045,0.0018543265828668612,0.2764938358817937,0.0002092243399863099,0.002059220756215981,0.0064508458405588805,0.00025059712874732,0.002365118948266704,0.00043162181437643665,0.0009394393967560281,0.003961549807694509,0.0177995044169664,0.003738372877727722,0.23940023970392363,0.0022118086592533798,0.0016501644064470691,0.00012189095368634528,0.00015025325991916674,0.008664689620675554,0.00021842779100330077,0.001414850328306027,7.96111141377665e-05,0.0031724719076173247,0.00012962258240595823,0.0032358203296921958,0.0019105410332949605,0.016903823745449555,0.0013391352880428161,0.0003161788127785524,0.001107481695320867,0.012617901063960591,0.006050297513777551,0.0004747026459489575,0.0014250842896279031,0.001023989242856038,0.0024091875784022923,0.0001936779423099905,0.000909555622537778,0.001352459768758448,0.0015811922662135275,0.0007673339363058009,0.0639096863536191,0.0004648622025208208,0.00046622522492700293,0.001771786620484905,0.0006336514625436403,0.0011374916081281115,0.0005866426641080371,0.001980355661676919,0.0009342942557558212,0.0002953502779939678,0.0006177123748689204,0.056868623800039854,0.0033410181589253155
OsmundEmanuelANDOttoGeorgChristian,0.2935541694033176,0.0002370961414520109,0.0004203004649271385,0.00035928100522629214,0.00022603115673197206,0.0003083951209891116,0.00041787003448929985,0.00020546522100186817,0.00019965337231739772,0.00032168538376396364,0.14913058066349294,0.00029480904015021734,0.00036659245559793086,9.795879177461992e-05,0.0003110134867066777,0.000212261306315976,0.0010019730707431901,0.000645692343451548,0.0002155524789033376,0.00022663629186487597,0.0021403945562476355,0.0002534606863170709,0.0003063747845234132,0.00022935410103159043,0.0019124566469665687,0.0008474149987052524,0.0003196156221411201,0.0002150257693972133,0.04357311917444797,0.00033260658686691465,0.0004792421181111295,0.0032899100893917788,0.00028086730991578343,0.0011481986446882633,0.0003750752091496668,0.00043111104229953966,0.0002733778685439369,0.11345439668150835,0.001266532863259924,0.31307313444129004,0.00016072922086029918,0.0002397667393151264,0.00019377159501720136,0.0002388595129544272,0.0024595279054545,0.0003350909909728638,0.0006765667505876245,0.00012655879785194925,0.002459696310955736,0.00015534912951168503,0.00016908280980875795,0.03683932107462872,0.00033894001139172825,0.00039931698468197255,0.00019231920590464824,0.0004437654540712213,0.006871250114878771,0.0004381738864882948,0.0005970243572155411,0.0003651419896564047,0.00011741180469815307,0.0002532810451839452,0.00030789228130602875,0.00023067605986437265,0.0002992900105158096,0.0006568886890604852,0.0002266968710253766,0.0018032100091290688,0.0002531027035021906,0.00017906981594314748,0.00024813933956361413,0.00024141357103667704,0.0009655517797381207,0.0002510843151501268,0.00015715458853618418,0.00022060013972638188,0.0003805858091668814,0.000186731397055016,0.005930054278455659,0.0004362262211141928
OttoAmöne,0.00016181607663420672,2.7581370742438518e-05,4.8893511616767656e-05,0.017035450867414027,2.6294182161663665e-05,3.5875573997400986e-05,4.861077988372805e-05,2.390174888728257e-05,2.322565710323396e-05,3.742162895473912e-05,0.15329759168306864,3.4295106553859204e-05,4.2645664190507236e-05,1.1395536582209585e-05,3.6180168222989e-05,2.469233682134892e-05,0.00011655942846164405,0.004323527262488589,2.5075198603718936e-05,2.636457747196979e-05,0.19142761900219368,2.948505663201191e-05,3.564054845567923e-05,2.668073994418581e-05,0.0002224758930524486,9.857970319067118e-05,3.718085378936313e-05,2.5013926538838362e-05,0.2047443116409039,3.869209143418411e-05,5.5750188316286765e-05,0.004631128851986722,3.267326645122381e-05,0.00013356983505158527,4.363246207424473e-05,5.015110501589248e-05,3.1802020475369465e-05,0.0004528969645383974,0.00014733564302278897,0.2573372915065554,1.869761440461264e-05,2.7892041128364894e-05,2.254143053021732e-05,2.778650357533466e-05,0.00028611663857652575,3.898110191870981e-05,7.870494334358952e-05,1.4722572467415994e-05,0.0002861362291718692,1.807174890884561e-05,1.9669386582794684e-05,3.71006500437509e-05,3.942885808427948e-05,4.6452505430145696e-05,2.2372474248051432e-05,5.162319148876693e-05,0.0007993318479240367,5.097272498352727e-05,6.945178457052545e-05,4.247693163063717e-05,0.012758900311299216,2.9464158996719373e-05,0.08925250973220705,2.6834523284774623e-05,3.481637739438148e-05,7.641579638763874e-05,2.6371624639733884e-05,0.00020976724245143967,2.9443412526476625e-05,2.0831174021057805e-05,2.886602488920359e-05,2.808361690005113e-05,0.000112322543272467,2.9208613608621778e-05,1.8281777779033155e-05,2.5662392489245104e-05,4.427350963055364e-05,2.1722444995885047e-05,0.06016763773146795,5.074615326272098e-05
OttoGeorgChristian,0.0007354653318901359,0.00012535924989040488,0.00022222441364579883,0.00018996174732837108,0.021269711381303073,0.0001630569810216867,0.026018123700684088,0.00010863511243000871,0.00010556222821055292,0.00017008390841957117,0.031308585364495975,0.051750242291368966,0.00019382751219736646,5.179350697920251e-05,0.00016444138297897992,0.00011222838962106834,0.0005297707157506615,0.00034139529787095667,0.00011396852307193271,0.00011982883977837408,0.08031320378193299,0.0001340116347690387,0.00016198877357505705,0.00012126582022182653,0.0010111684198798865,0.0004480516128731284,0.00016898956853321698,0.00011369003727206463,0.1537696765067707,0.0001758582488221703,0.000253388486520182,0.0017394659334702995,0.0001485022703201814,0.0006070841977512047,0.00019831257726733525,0.0002279402631825602,0.00014454239671480315,0.0020584482287828174,0.0006696507531816867,0.24167740244812294,8.498195896028332e-05,0.004826816266888286,0.00010245237080899638,0.00012629159289467,0.019147967306947258,0.0001771718215915924,0.00035771944593885306,6.69151166636043e-05,0.0013005090787697085,8.213735671718593e-05,8.939873115260314e-05,0.00016862503692663947,0.00017920690453122502,0.00021112987061563932,0.00010168445274595399,0.12611873767119738,0.17716882934771322,0.00023167458312624585,0.0003156631952274506,0.00019306061096773127,6.20788498501073e-05,0.00013391665356200512,0.0001627911158536567,0.00012196477620925293,0.00015824285873309836,0.0003473151136826121,0.00011986086964639653,0.0038144091426584865,0.0001338223594106452,0.038790455619596195,0.00013119809240881808,0.00012764199363677638,0.0005105137776475175,0.00013275518198526532,8.30919525517406e-05,0.00011663736015465718,0.00020122618303237844,9.873002454804656e-05,0.005534822716662338,0.00023064479888412504
PaulusSophie,0.0003756939127367082,6.403661062857591e-05,0.0001135177361163265,9.70371668514738e-05,6.104810093040486e-05,8.329354565447232e-05,0.00011286130819365105,5.549350687208047e-05,5.392380148185183e-05,8.688307426195038e-05,0.01068718362926208,7.96241204022494e-05,9.901189532116316e-05,2.6457406552888774e-05,0.08885719057404322,5.732904188497814e-05,0.00027062000671355095,0.00017439317624588362,5.82179451636128e-05,6.121154012703677e-05,0.0005780929708537473,6.845646318804834e-05,8.274787882581651e-05,6.194558533884756e-05,0.0005165298806459819,0.00022887586436697442,8.632405833565019e-05,5.80756877175342e-05,0.4260434235735277,8.983275039930253e-05,0.00012943711663273934,0.0008885622942119707,7.585863883412448e-05,0.0003101136487665826,0.00010130297767671739,0.00011643753367029328,7.383583729033994e-05,0.0010515063534672312,0.00034207419537144585,0.06482964124806817,4.341089007114275e-05,6.475790467603912e-05,5.233520927419286e-05,6.451287453402043e-05,0.0006642867734884044,9.050375591378453e-05,0.00018273195551092374,3.4181899418663804e-05,0.0006643322576428253,4.195779677014062e-05,4.566708673283286e-05,8.613784655971326e-05,9.154332669867708e-05,0.00010785036866840843,5.1942937702364804e-05,0.00011985532712063867,0.0018558360563919567,0.1973921003203052,0.00016124858070086135,0.12832656102544127,3.171141451146657e-05,6.840794443432928e-05,8.315773513981368e-05,6.230262937391052e-05,8.083437271923066e-05,0.00017741716482634558,6.122790177716496e-05,0.0004870237724198512,6.835977664567013e-05,4.8364448314748545e-05,6.701923604473052e-05,6.520269268936523e-05,0.00026078308563841926,6.781463597738757e-05,4.244542797261256e-05,5.9581253266101793e-05,0.00010279131968629672,5.043374258269965e-05,0.07064744551821259,0.0001178190775117218
ReichardtJohannFriedrich,0.00021842044478644087,3.722952249671371e-05,6.599679572411455e-05,5.641534351760626e-05,3.5492066564121665e-05,4.8425094665932175e-05,6.561516250095001e-05,3.2262743799774434e-05,0.011500426410571028,5.051197020061371e-05,0.0348859917516481,4.629176892247566e-05,5.7563408620764515e-05,1.5381773063828044e-05,4.883623803077045e-05,3.332988478967693e-05,0.00015733271216429798,0.00010138848097344824,3.3846674236908594e-05,3.5587086634486494e-05,0.00033609094941679425,3.979913070489092e-05,4.8107855585447703e-05,3.6013844897587314e-05,0.00030029947904758564,0.12629290241710467,5.018697023887421e-05,3.3763968785493825e-05,0.2247544262533644,5.222684912745946e-05,7.525198473633658e-05,0.0005165912061456614,4.4102598081367606e-05,0.0001802934750912849,5.889539514004895e-05,6.769430387850066e-05,4.292658431609335e-05,0.0006113234141779601,0.0001988746566552893,0.5136572384135922,2.523816755199676e-05,3.764886750425216e-05,3.0426576795966712e-05,3.750641219477976e-05,0.00038620219176340717,5.261695745223827e-05,0.06318615590017955,1.9872628811801466e-05,0.00038622863528272586,2.4393370033694893e-05,2.654987227135801e-05,5.007871067558147e-05,5.322134178087749e-05,6.270190891126919e-05,3.0198518453015045e-05,6.968133624794924e-05,0.018282557974627446,6.880333211913639e-05,9.374649288647676e-05,5.733565225969485e-05,1.843634146730469e-05,3.97709229341272e-05,4.8346137323231766e-05,3.6221422700428775e-05,4.699538386117211e-05,0.00010314656357308969,3.5596598949637957e-05,0.00028314525571795484,3.974291920697956e-05,2.8118060885808006e-05,3.896355743297948e-05,3.7907457788557504e-05,0.00015161373561525514,3.942598602493756e-05,2.4676868436316903e-05,3.4639272551737545e-05,5.976068550730197e-05,2.9321104531385168e-05,0.0009311542896246736,6.849750406382882e-05
ReitzensteinAnnaMargarethaFannyvon,0.018833612602094194,4.165171916281619e-05,7.383602627160246e-05,6.311647013137378e-05,3.970788476181143e-05,5.4177123642567206e-05,0.012934684857925776,3.60949766220803e-05,3.5073983670698425e-05,5.6511882400377743e-05,0.0005356313885805495,5.179039722787572e-05,0.1080577567399476,1.7208850635602157e-05,5.463710343332091e-05,3.7288874739427146e-05,0.00017602100437280632,0.00011343160622657379,3.786704946418491e-05,3.9814191504961745e-05,0.04539047778638633,4.452655054038522e-05,5.382220227367304e-05,4.029164096262417e-05,0.0015414746964460802,0.029080990274159765,5.614827829733036e-05,3.777452009489564e-05,0.29150261853831183,5.843045805402777e-05,8.419056502696474e-05,0.003649886806594406,4.934119232385614e-05,0.0002017090923487743,6.589110721398445e-05,7.573516781792021e-05,4.802548930652271e-05,0.000683937624159482,0.00022249738358419167,0.3561123166082884,2.8236007248082775e-05,0.006472758772818679,3.4040706052658416e-05,4.196149836946442e-05,0.0004320760555769537,5.8866904220862094e-05,0.00011885544875507226,2.2233139153721588e-05,0.00043210564011004663,2.729086300174282e-05,2.970351886067996e-05,5.602715944797213e-05,5.954307852111295e-05,0.0012756548147659181,3.378555848652463e-05,7.795822384091924e-05,0.002059234114112815,7.697592863688233e-05,0.0001048818876081784,6.414609497472068e-05,2.062624674419989e-05,0.024154595962404896,5.408878758979375e-05,4.052387526939374e-05,5.2577588947241285e-05,0.0009675299838842299,3.9824833711810136e-05,0.00031677781186930493,4.4463662129046285e-05,3.1457980035119234e-05,4.359172621475271e-05,4.241018095584434e-05,0.0001696227164242975,4.410908299381949e-05,2.760803590800722e-05,3.8753794181931176e-05,6.685917849059816e-05,3.280392359565277e-05,0.09193880472536196,7.663377371741202e-05
RichterCaroline,0.020535660211026017,0.0022929482828812674,0.0004444900917767003,0.0005781901076982833,0.000778272284798476,0.0017615418778013548,0.009613733804892447,0.0010812750613149536,0.0007682464599903862,0.003549053502482152,0.00669993148245483,0.0003251733028301228,0.0011339007612831758,0.0014773808611617696,0.0006227907604770592,0.0002744591014142278,0.0028423524472633533,0.005087430930693655,0.0016639349804524898,0.0010942891561059552,0.013450623496748908,0.0022580710149405167,0.0014921782307346367,0.0007258737783987296,0.0037393796085407826,0.006948532417853999,0.0013172660226467064,0.001595321082426876,0.3014634232390601,0.0012225532373967606,0.003701820126335546,0.13543269301123917,0.0008207380167900242,0.04010632374497303,0.0039133803126519704,9.397043281452623e-05,0.00038990711138432304,0.007333547356101446,0.03745660968413382,0.13704418730686407,0.002222478728550887,0.0005710953832584343,0.0031897262458567134,0.004399885643683803,0.012251492729518582,0.000598086408102242,0.0014862487592028335,0.00012593949055451635,0.02263567354319126,0.0007671018964175723,0.00012374584961941776,0.0023059232905013453,0.0007898683004397861,0.004862464670714343,0.00030437983861541216,0.005714463151147477,0.03039163900183428,0.0028951109267552383,0.0029210852208248106,0.002661662785602083,0.00047847203893098514,0.0010110871975037847,0.003928450588722857,0.0015417674073157125,0.0014270480575521247,0.021859411583281602,0.003157904614882562,0.012345676767096464,0.002537053067073926,0.001276583251500418,0.0020796793367858597,0.0004940672411450017,0.0015255962362766922,0.004002116453432085,0.002518944651804691,0.0013134119140439707,0.009323348636436107,0.0012255319717722455,0.06125196373450045,0.0023523586847167717
RichterCarolineANDJeanPaul,0.0001854524383386357,3.161016237261712e-05,5.603535283311392e-05,4.790010855110807e-05,3.0134955051616716e-05,4.1115894125007664e-05,5.5711322672585214e-05,2.7393060713766544e-05,2.661821267332142e-05,4.2887780254048076e-05,0.0004064993115582308,3.930456890185184e-05,4.887488668124314e-05,1.3060074680497772e-05,4.1464980217156956e-05,2.829912927718341e-05,0.00013358518306208985,8.608507795303045e-05,2.873791541366663e-05,3.0215632955910413e-05,0.0002853619592883497,3.3791918335285226e-05,0.08768242899218145,3.0577977060422195e-05,0.00025497279192727843,0.00011297917183306811,4.2611835227823606e-05,2.8667693380908837e-05,0.3076858228032252,4.4343818303737236e-05,6.389357952649749e-05,0.04425940904437368,3.744582774408027e-05,0.00015308028790490084,5.000582544513501e-05,5.747664202487626e-05,3.644731947484223e-05,0.10276756417152412,0.000168856857866686,0.01252571602039744,2.142876192882559e-05,3.196621216561693e-05,2.58340416009448e-05,3.1845258815660294e-05,0.00032790949686178564,4.467504434861214e-05,9.020131964618008e-05,1.687308838213661e-05,0.00032793194904175735,2.0711476695638325e-05,2.2542480192808082e-05,4.251991617690444e-05,4.51882039456883e-05,5.323779057153426e-05,0.1363569908893941,5.916375514440284e-05,0.06908176493638771,5.841827544940938e-05,7.959655841050619e-05,4.868150747377563e-05,1.56535917802856e-05,3.3767968196948386e-05,4.104885446787827e-05,3.075422342655136e-05,3.990198141129128e-05,0.2337984643415621,3.0223709498565613e-05,0.00024040779757706534,3.3744191304235e-05,2.387396911367807e-05,3.3082465056595683e-05,3.218577127695377e-05,0.00012872941900182318,3.3475095471848154e-05,2.095218433673284e-05,2.9410880301417134e-05,5.0740510371882145e-05,2.489542741955336e-05,0.0007906074619031992,5.815860855501858e-05
RichterCarolineANDRichterEmmaANDRichterOdilieMinna,0.20627520384853326,5.348535399716682e-05,9.481351747916076e-05,8.104843727655359e-05,5.098925844242621e-05,6.956934058937563e-05,9.426524861431463e-05,4.634989001546162e-05,4.503882361698215e-05,7.256742569052944e-05,0.0089262656788511,6.650452334413396e-05,8.269779145399795e-05,2.209804268898557e-05,7.016000485088752e-05,4.788298552091326e-05,0.0002260301836045476,0.00014565856429070694,4.862542497953446e-05,5.112576790479569e-05,0.0004828410948968763,5.7176951294997206e-05,6.911358280943243e-05,5.173886512556124e-05,0.0004314217015123597,0.0001911641872815248,7.210051833214908e-05,4.850660716910445e-05,0.19931394561442994,7.503108625648818e-05,0.008346566383315384,0.0007421546579052423,6.335947689860742e-05,0.00025901649260980867,8.461137416271173e-05,9.725222252992879e-05,6.16699706056705e-05,0.009116707074053048,0.0002857109277512782,0.1282938262214994,3.6258115474822715e-05,5.4087801051842824e-05,4.371198236555176e-05,5.388314431318656e-05,0.0005548328196465826,7.559153077601909e-05,0.0001526233701496835,2.8549777584370605e-05,0.008793327317216566,3.504444709306222e-05,3.8142560575105265e-05,7.194498850855809e-05,7.645981238694929e-05,9.007995723591059e-05,4.338434503939873e-05,0.00010010686912640792,0.05098079061046885,9.884549485966372e-05,0.00013467979231989046,8.23705879665508e-05,2.6486352326395787e-05,5.7136426934124694e-05,0.17307704257125767,5.203707932553948e-05,6.751536343957693e-05,0.0001481842929031645,5.113943366006434e-05,0.0004067772890729375,5.709619571010446e-05,4.039548023545248e-05,5.597653481792048e-05,5.445930173110938e-05,0.00021781408345837865,5.6640877395547485e-05,3.545173172646593e-05,4.9764101991841716e-05,8.585448335399803e-05,4.212381868683649e-05,0.1990606880050352,9.840613059433276e-05
RichterCarolineANDRichterOdilieMinnaANDRichterEmma,0.25679898803961587,5.00928655814992e-05,0.007799436113487498,7.590766762616971e-05,4.775509328015437e-05,0.003920474902320569,8.828615826481388e-05,4.340999239501675e-05,4.2182084791171944e-05,6.796459271642251e-05,0.0237760919481595,6.228625033716419e-05,7.745240596914455e-05,2.0696400029290674e-05,6.570987063821261e-05,4.4845846163176475e-05,0.00021169345920873868,0.00013641968009027368,4.554119390276671e-05,4.788294417087558e-05,0.01587348819926314,5.3550310908140176e-05,6.472982143321149e-05,4.845715363894465e-05,0.0004040573294877149,0.0001790389559354362,6.75273005271701e-05,4.542991251147455e-05,0.18275851956390599,7.027198732720787e-05,0.015522525567461757,0.01419923129362543,5.934068903730482e-05,0.0002425875006526426,7.924461326035472e-05,9.10836733164714e-05,5.775834536176946e-05,0.006610790158455872,0.0002675887514882735,0.1452422686259022,3.395832258705776e-05,5.065710040607292e-05,4.0939402907465755e-05,5.0465424709200844e-05,0.0005196406824984776,7.079688376865681e-05,0.005931188307104093,2.6738911945713803e-05,0.000519676262639449,3.2821635203231813e-05,3.5723240420623355e-05,6.738163570559164e-05,7.161009169891596e-05,8.436633306464962e-05,4.0632547080367106e-05,9.375725435414551e-05,0.013028225506140642,0.01165853058022262,0.0001261372736465738,7.714595646307308e-05,2.4806366372757923e-05,5.351235694111454e-05,0.05211184655252724,4.873645260057807e-05,6.323297450071925e-05,0.000138785205873012,4.789574312966677e-05,0.023512885458233525,5.347467751775068e-05,3.7833261076327876e-05,5.242603488238541e-05,0.046356969736484135,0.0002039984928400394,5.304823929825034e-05,3.320308643931381e-05,4.660764649689691e-05,8.040887407137094e-05,3.9451973850092085e-05,0.1323811157028584,0.036738760549190896
RichterCarolineANDUtheSpazierWilhelmine,0.0002248680158417948,3.832850383011937e-05,6.794496055947582e-05,5.808067267805925e-05,3.653975979310154e-05,4.9854559014043545e-05,6.75520618738412e-05,3.321511038474826e-05,3.227557816293061e-05,5.200303719909368e-05,0.0004928956149082434,0.10041253760780028,5.926262760932412e-05,1.583582888668533e-05,0.00595409427120939,3.431375239720935e-05,0.00016197702942133272,0.0001043813758735107,3.484579699459393e-05,3.6637584768730436e-05,0.0003460120457662908,4.097396451411607e-05,4.952795532707747e-05,3.707694054406275e-05,0.11248167625690167,0.06507897222512837,5.166844353678118e-05,3.4760650154163666e-05,0.2254851541957928,5.376853777787765e-05,7.747335425656779e-05,0.4197028071945614,4.540446629765736e-05,0.000185615572995647,6.063393314810904e-05,6.969257759654069e-05,4.419373768542317e-05,0.0006293691202681928,0.00020474525398489287,0.05651461405659933,2.5983175093564263e-05,3.876022751738928e-05,3.132474141629331e-05,3.861356705793225e-05,0.0003976025259929372,5.4170161742347385e-05,0.00010937247283915784,2.0459250574457625e-05,0.0003976297501006752,2.511343992791001e-05,2.733360013230768e-05,5.155698825054487e-05,5.479238694164071e-05,6.455281171208996e-05,3.108995100037849e-05,7.173826533776014e-05,0.00701460944108733,7.083434333293093e-05,9.65138033123244e-05,5.902814808951929e-05,1.8980565345831447e-05,4.094492407584959e-05,4.977327092305671e-05,3.729064585312114e-05,4.838264445857088e-05,0.0001061913554578573,3.664737787869441e-05,0.0002915034437850694,4.0916093704379447e-05,2.8948080235312018e-05,4.0113725886139297e-05,3.902645114954313e-05,0.0001560892339336603,4.0589804945697113e-05,2.540530694317161e-05,3.566179208419921e-05,6.152476609280634e-05,3.0186636625106566e-05,0.0009586411096049317,7.051948751413152e-05
RichterEmma,0.02046580278872983,0.001809504852556146,0.0012196439495452665,0.0010104800123858588,0.011550991579250392,0.0050790858666505635,0.011852786198573075,6.104126034475393e-05,0.00684070767121533,0.009710802978484053,0.006878250053150638,8.758424070043856e-05,0.04867626326339289,2.9102385710902105e-05,9.239838801049135e-05,0.004122542084720473,0.022348317927769076,0.005161877463161159,6.403806405063597e-05,6.733093234872944e-05,0.01299936151787529,0.020616710072094237,0.0061802429680961985,6.81383609544265e-05,0.0012037239487412976,0.00025175686329681214,0.0038355530024290936,6.388158495440441e-05,0.24488384045303674,0.003817496727247054,0.014175659864021976,0.030259346472288267,0.003935451412098819,0.006688283243889796,0.0009094336625617554,0.0019922821008037917,8.121729587574646e-05,0.004465273643558414,0.00798272774301275,0.1443950351329224,4.775072962569061e-05,0.005847829309471375,5.75672238892229e-05,7.096230517737959e-05,0.0019131572555423147,9.955152662537561e-05,0.0002009998916694903,3.759910553684254e-05,0.024741130755459525,4.6152368817530635e-05,0.019796862263630293,9.474915199553329e-05,0.0008407476309071352,0.00011863230138512238,5.713573645057538e-05,0.00013183741015577067,0.010067683053895302,0.0023418906646625786,0.0019327595807946758,0.0005247953843414457,0.026468741049171397,0.0005271177308466419,9.147111520723319e-05,0.00023308540507578578,8.89154834156266e-05,0.00019515377488679993,0.01346293062437027,0.002010188427056929,7.51937867786286e-05,5.319950112030613e-05,0.005189947936896315,0.00018109412315787002,0.0002868538883415175,7.459414773376062e-05,4.66887491052448e-05,6.553766372462975e-05,0.002304004877968164,5.547566525660907e-05,0.21291644361287818,0.0007696007564650042
RichterEmmaANDRichterOdilieMinna,0.019061684153954896,4.0733324537572635e-05,7.22079875966054e-05,6.172479103389378e-05,3.883235048188203e-05,5.298255160173516e-05,7.179043752099392e-05,3.529910473025204e-05,3.4300624041456375e-05,5.526583037414504e-05,0.0005238210480166657,5.064845102711071e-05,6.298090460455092e-05,1.682940613131708e-05,5.343238912282894e-05,3.6466678133130954e-05,0.0001721398501828906,0.00638516630571278,3.703210446309633e-05,3.893631322714946e-05,0.0003677216574008876,4.354476766277878e-05,5.263545602932978e-05,3.940323521981029e-05,0.00032856172516284763,0.00014558663818345745,5.4910243516499955e-05,3.6941615309124464e-05,0.14551908751259382,5.714210262222501e-05,8.23342151818422e-05,0.0005652094317095997,4.825324957517384e-05,0.00019726153171984243,6.443824908632539e-05,7.406525424739009e-05,4.696655699495615e-05,0.0006688572229022237,0.13197654317398425,0.14162553955228244,2.7613420766271307e-05,4.119213558696988e-05,3.3290129555298226e-05,4.103627330446673e-05,0.0004225490460053403,5.756892542123959e-05,0.00011623475968121008,2.1742912197632385e-05,0.0004225779782177912,2.668911636552153e-05,2.9048574656196272e-05,5.479179526279785e-05,5.823019049671988e-05,6.860300733197679e-05,3.3040607835062064e-05,7.623929326114741e-05,0.0011804867814132725,7.527865705832156e-05,0.00010256930690801034,6.273171328677975e-05,2.0171450771078773e-05,4.3513905158939225e-05,5.289616330424559e-05,3.963034890386798e-05,5.1418285656333706e-05,0.00011285405149445315,3.894672077992436e-05,0.0003097930572021578,4.348326590198213e-05,3.0764351047745674e-05,0.0063168663518245296,4.147506271755024e-05,0.00016588264052312419,4.31365050172036e-05,2.699929580553193e-05,3.7899297008708756e-05,6.538497499052314e-05,3.2080617385904706e-05,0.5406030669855714,7.494404644303264e-05
RichterMax,0.16608007220696966,7.028837454290616e-05,0.0003612445924418711,0.0036189178533833086,0.001336768569861067,9.142532492741959e-05,0.005147225879364776,6.091122496079668e-05,0.0002552330577603876,0.0019079341425109085,0.01181649753320705,8.739766115893233e-05,0.005901672298096272,2.9040389286211403e-05,0.00145506250917087,0.00029957031039535317,0.007027852025360536,0.0005621263205572978,0.0038755840360127736,0.00012360259867710854,0.009633671455359047,7.513972830874696e-05,0.0032936847013417033,0.0005667773496025568,0.006338171966266853,0.004514435963653003,0.0018103503317285577,0.0028539042029391472,0.2879153760966393,9.860293891738101e-05,0.005310050149476415,0.013046297538676963,8.32645632919964e-05,0.0013743375302142202,0.0028153610956875874,0.0002637161966598481,0.0007473221582929369,0.00882530258226135,0.010998095863958373,0.13258419131732435,4.764900688231921e-05,0.0008716383482589718,0.0028391702853372276,0.0002420769956544571,0.016249952460184316,0.000687473809327282,0.003147886216180176,0.029431157349496768,0.004476464974533004,4.605405104090169e-05,5.0125471430375123e-05,9.454730913891831e-05,0.00010048051529805539,0.00011837958057344152,5.701402095215565e-05,0.0005273811285817871,0.017666138979771262,0.000986228212268012,0.00037772360272135086,0.011065430926224692,0.003116556035365166,7.508647276788859e-05,9.127625550873102e-05,6.838510822880945e-05,8.872606794549387e-05,0.0006678745164174777,6.720545716498591e-05,0.004555446735357384,7.50336024560944e-05,5.308617093158717e-05,0.0005563664150361811,0.00047303360161273834,0.00028624280732353975,0.00022585544273368601,4.658928868483253e-05,0.00046686335250407815,0.00011282662693965108,0.0036821860148107052,0.19231468044409186,0.0006372257010177719
RichterOdilieMinna,0.0031992356332231834,0.00020423952162375533,0.0005687037448046012,6.472448155140663e-05,0.0013713620807194065,5.555738830788277e-05,0.005473682487103782,0.0005152218890852059,0.0011288223279665496,5.795162945971451e-05,0.00448793173847786,0.00019445828462217967,0.0003543170172102329,1.7647278644806256e-05,5.602908695355622e-05,0.003088241426897163,0.21613827561519264,0.00019530596505955527,0.00019928469715269737,4.082853331599928e-05,0.009258557336707909,4.566094860818878e-05,5.5193424646014876e-05,0.00012154460320273173,0.0021967047592733697,0.0007150459499757838,0.0012593937170480543,0.00039872649767003546,0.2724090191575639,5.991908445586965e-05,0.010738233992810072,0.01278868855087561,5.059825249483297e-05,0.0028753623787342543,0.00017533172575355407,0.00032241980347736673,0.00046007120124807544,0.003036848165673016,0.0013001094458891737,0.07260695900379244,0.0008312199379361628,4.319398373334088e-05,3.490795740503479e-05,0.000154318283377068,0.006409437433534838,0.00020171507901138716,0.00012188351604929005,0.0016605134935045803,0.004261570435875514,0.0007129620623075035,3.0460272168393735e-05,5.745455727356061e-05,0.0007234632249229845,0.0007499115323682429,3.464630947220935e-05,7.994435700015251e-05,0.007480254346347336,0.0026273301308707914,0.00015943269920695838,0.005262436945156201,2.1151739381035463e-05,4.562858625382621e-05,0.0002548003876827951,0.00021843111607681585,0.0005461467609375463,0.00011833851280182206,0.0004307137843486322,0.0021133608020406287,0.00115493238358885,3.225943155866527e-05,0.004802386448114606,0.0038230781116690912,0.0020720791356797262,0.00040522244553648347,0.000584528849392049,3.974112036611796e-05,6.85625424829621e-05,0.0003014950368753464,0.3227807738605279,0.00026310355989107647
RichterOdilieMinnaANDRichterCaroline,0.0002675099096525384,4.559676732295198e-05,8.082941539092995e-05,6.909455505489668e-05,4.3468822386261606e-05,5.930851716589538e-05,8.036201102707117e-05,3.951371716809368e-05,3.8396020732550296e-05,6.186441291221428e-05,0.00760972544452048,5.669573163911251e-05,7.050064500367133e-05,1.8838789228836525e-05,5.981206400414882e-05,0.007064182352723347,0.000192692857381604,0.00012417529600552738,4.1453632126823634e-05,4.3585197986830174e-05,0.000411626574615893,0.014095467203175132,5.891997937200144e-05,4.410786913383382e-05,0.00036779105814599487,0.0001629692675946133,6.146636999783867e-05,4.135233882592696e-05,0.15587028990907364,6.396470671591056e-05,9.216468567159176e-05,0.0006326938259760399,5.401454996451526e-05,0.0002208139960513707,7.213199226047491e-05,8.290843438321462e-05,5.257422995964461e-05,0.007772078525069252,0.007266932910293722,0.053184800224978436,3.0910384457056984e-05,4.611035910319736e-05,3.726487608650063e-05,4.593588730865566e-05,0.014519723511497053,6.444249093990259e-05,0.00013011285850568602,2.433895390699916e-05,0.014519755898133159,2.98757207468142e-05,3.251689162862795e-05,6.133377936043851e-05,6.518270917958143e-05,7.679401076348583e-05,3.698556218446112e-05,8.534204745523074e-05,0.0013214335365695894,8.426671402935604e-05,0.11951196396234527,7.022170095320888e-05,2.257986446765164e-05,4.8709341340773996e-05,5.921181435205009e-05,4.4362099544079e-05,5.755748232762933e-05,0.00012632850340262618,4.359684817172584e-05,0.00034678146475579835,4.86750438439141e-05,3.443752682823039e-05,4.772052240269439e-05,4.6427066926309703e-05,0.0001856885547329428,4.828688069839518e-05,3.0222934727383656e-05,4.242436498929882e-05,7.319175453773508e-05,3.591095161340134e-05,0.5911028081626294,8.389215186085331e-05
RichterOdilieMinnaANDWeldenLuisevon,0.00018913603419096848,3.223802719904082e-05,5.714836916834893e-05,4.8851536543998437e-05,3.073351820038306e-05,4.193256894697618e-05,5.6817902876993115e-05,2.7937162294376008e-05,2.7146923639207558e-05,4.373964961136059e-05,0.0004145735067073817,4.00852658195177e-05,4.984567645071234e-05,1.3319483709331316e-05,4.2288588849716836e-05,2.886122787326505e-05,0.00013623855246865492,8.779496453600707e-05,2.9308729510104527e-05,3.081579858990852e-05,0.0002910300332110485,0.03975996778550357,4.1657863245172994e-05,3.118533984562766e-05,0.05488260617000741,0.00011522324914201329,4.345822355742262e-05,2.9237112674501722e-05,0.2194492365147172,4.522460858421864e-05,6.516268187232237e-05,0.0004473299746452347,3.818960494647754e-05,0.000156120883750671,5.099907877117555e-05,5.8618286330367945e-05,3.717126355478484e-05,0.0005293610965711208,0.00017221081981427658,0.007808823132175299,2.185439611982777e-05,3.2601149120897334e-05,2.6347176771033355e-05,3.247779330450659e-05,0.0003344226819856986,4.556241368998924e-05,9.199296611845184e-05,1.7208234357769406e-05,0.00033444558012776066,2.112286362770136e-05,2.2990235893856866e-05,4.336447874116032e-05,4.6085766049049576e-05,5.429523962043042e-05,2.6149695026170985e-05,6.0338910159946e-05,0.0009342857574074427,0.12916746878984287,8.117756513679965e-05,4.964845619994047e-05,1.5964515196944488e-05,3.443869298604421e-05,4.1864197697740724e-05,3.13650869496769e-05,4.0694544585672964e-05,8.931733471065555e-05,3.082403555493019e-05,0.00024518295811934036,3.4414443818799575e-05,2.4348171849396663e-05,3.373957386659094e-05,3.282506928048516e-05,0.00013128633956947008,3.41400030025401e-05,2.1368352385055678e-05,2.999506133274945e-05,5.17483565626657e-05,2.5389919128620385e-05,0.5420663121854024,5.93137985927981e-05
RitterAuguste,0.00046802246117161133,7.977390927938212e-05,0.0001414152543936109,0.00012088450761451377,7.605095924810635e-05,0.00010376332678095892,0.00014059750621740438,6.913129753985803e-05,6.717582965724688e-05,0.00010823499894908142,0.001025873857277904,9.919212299136172e-05,0.00012334453490587256,3.295943881789449e-05,0.0001046443080906258,7.141792392686867e-05,0.00033712614788389354,0.00021725112063589243,7.252527937263459e-05,7.625456439704895e-05,0.0007201620410458772,8.527996142122141e-05,0.00010308355975927127,7.716900467674463e-05,0.02521894049462247,0.00028512318595612124,0.00010753860222613398,7.234806148920207e-05,0.1006748595692262,0.0001119095718890753,0.00016124689764634686,0.0011069306628154652,9.450125659383976e-05,0.00038632553847195536,0.00012619866154045772,0.0001450526059476353,9.198134204402048e-05,0.0013099189920391678,0.0004261405399273584,0.007035418019069426,5.4079320755418105e-05,8.067246473603853e-05,6.519683343287191e-05,8.03672172826171e-05,0.0008275383766190424,0.00011274548016892988,0.00022763919417789308,4.258226218494806e-05,0.0008275950387186258,5.2269122932160806e-05,5.688998837257324e-05,0.00010730662802927171,0.00011404053037020503,0.07386076799413129,0.2581071532722697,0.00014931033823495054,0.05146285843383884,0.00014742898663488578,0.0002008761788294808,0.00012285650782232945,0.2335064787938293,8.521951895527044e-05,0.00010359414019270544,7.761379396497012e-05,0.00010069980051508348,0.0002210182686518745,7.627494699975347e-05,0.0006067121581944924,8.515951370569578e-05,6.025023926682357e-05,8.348952893862314e-05,8.122656149842715e-05,0.00032487175712627575,8.448040215077116e-05,5.287659179920346e-05,7.422362686198896e-05,0.00012805277060843348,6.282807234673697e-05,0.23546221375659696,0.00014677367069465715
RochlitzFriedrich,0.0003074177602568865,5.2399016184420765e-05,0.006222371367775936,7.940226733473811e-05,4.995361867657885e-05,6.815632189094744e-05,9.235063281120968e-05,4.540848018309735e-05,4.412404277549572e-05,7.109351306567448e-05,0.0006738391202870658,6.515375396470324e-05,8.101812157854335e-05,2.1649210671121524e-05,6.87349892061186e-05,4.691043707781432e-05,0.00022143929812055955,0.00014270010193954293,4.7637796893181825e-05,5.0087355503456795e-05,0.00047303413841750125,5.60156336712495e-05,6.770982097990019e-05,5.068800014339353e-05,0.00042265912124380724,0.030700947908746844,7.063608903460807e-05,4.752139238416335e-05,0.3501580720249122,0.09520981446300758,0.00010591406232666968,0.000727080799221783,6.207258636864264e-05,0.009580844577972763,8.28928376237888e-05,0.001104210153610087,6.041739553655107e-05,0.0008604124717488346,0.00027990787025730684,0.034202129885773036,3.552167906904891e-05,5.2989226973151764e-05,4.2824150917034026e-05,5.2788727005222804e-05,0.0005435636435695854,7.405619573439821e-05,0.00014952344604501886,2.7969904766532758e-05,0.0005436008617315124,3.433266143289834e-05,3.736784931807799e-05,7.048371816792302e-05,7.490684172967717e-05,8.825034863462692e-05,4.250316821293484e-05,9.807360451992519e-05,0.30706158783807763,0.006226321451906023,0.00013194431914684886,8.069756390147813e-05,2.594838961504489e-05,5.59759323982368e-05,6.804519269023304e-05,5.098015733266656e-05,6.614406294767796e-05,0.00014517453062984622,5.0100743694390946e-05,0.000398515259985317,5.593651830819137e-05,3.9575010062512557e-05,5.4839598781142536e-05,0.127178938288639,0.021894367627660238,5.549044793657529e-05,3.4731673732574196e-05,4.875334630508021e-05,8.411069809895112e-05,4.126824433541322e-05,0.0013105612272234484,9.640740958602993e-05
SchellingFriedrichWilhelmJosephab1812von,0.000451383035160836,7.693773757573848e-05,0.0001363875711999732,0.00011658674631633718,7.334714818252302e-05,0.00010007426836636588,0.0001355988961161977,6.667349859669668e-05,6.478755272605839e-05,0.00010438696086073588,0.0009894013510186258,9.56655828607134e-05,0.00011895931318539787,3.178764432283085e-05,0.00010092392847986116,0.04747237585851803,0.00032514042912165907,0.0002095272734971684,6.994681547367812e-05,7.354351463441085e-05,0.0006945583916659862,8.224803512281696e-05,9.941866884517306e-05,7.442544416379516e-05,0.0006205925019622147,0.0002749863088823224,0.00010371532286777892,6.977589815080366e-05,0.2867095923807538,0.00010793089309514659,0.00015551414752119924,0.012918450631800742,9.114148906669556e-05,0.0003725906523355399,0.00012171196813240058,0.00013989560536630888,8.871116408828323e-05,0.013114222193528471,0.0004109901260635393,0.0067852904561953534,5.2156659064844203e-05,7.780434702920481e-05,6.287891500791554e-05,7.750995192334693e-05,0.0007981172168858975,0.00010873708264325568,0.00021954602377920426,4.106835108071567e-05,0.0007981718644992289,5.041081852193957e-05,5.486740007646965e-05,0.00010349159596203051,0.00010998609041325428,0.00012957842834913932,6.240761449785603e-05,0.00014400196410374982,0.4051594465594283,0.00014218749948742332,0.0001937345038197106,0.00011848863674465845,3.81001502716937e-05,8.218974154505734e-05,9.991109680506266e-05,7.485442002624341e-05,9.71196584941727e-05,0.00021316048952081264,7.356317258213031e-05,0.0005851419497031237,8.213186963948513e-05,5.8108185238257994e-05,8.052125721087091e-05,7.833874419842114e-05,0.21362905834504448,8.147690228149274e-05,5.099669027750662e-05,7.158478225540799e-05,0.00012350015876010477,6.0594369591112526e-05,0.001924303605666448,0.00014155548174761402
SchillerCharlottevon,0.0002310460652993215,3.938154550618446e-05,6.981168813811672e-05,5.967638768887658e-05,3.754365731193208e-05,5.122426884191268e-05,6.940799490928057e-05,3.412766610738403e-05,3.3162321070384105e-05,5.3431774561118664e-05,0.0005064374851244306,4.8967627896467744e-05,6.089081578443115e-05,1.6270904251657203e-05,5.165917802274822e-05,3.525649233552245e-05,0.00016642720476086289,0.00010724916167300356,3.5803154386722986e-05,3.7644169942074025e-05,0.0003555184200883201,0.0020632656596443898,5.0888692008082955e-05,3.80955966279771e-05,0.007502807655704595,0.0001407551895604715,5.308798823445057e-05,3.571566821230891e-05,0.17676719847800634,5.524578070372053e-05,7.96018660079869e-05,0.0005464523509458358,0.005314173156685151,0.0012012981822545966,0.0035739806253365395,7.160731940453913e-05,4.540792146390055e-05,0.16335434762181933,0.00021037044839316503,0.33659485924481186,2.6697039803005874e-05,3.982513041916918e-05,3.2185360926763165e-05,3.967444059355886e-05,0.00040852630303978086,0.002076824410697015,0.002507427252448911,2.1021350353031103e-05,0.040474501550943835,2.5803409434433382e-05,2.808456657294395e-05,5.297347081299644e-05,5.6297759215924266e-05,6.632634300726658e-05,0.0036501252748367156,7.370921060356293e-05,0.008164672719583788,7.278045414270546e-05,0.19571994738316423,6.0649894147615095e-05,1.9502039558157237e-05,4.2069849579498095e-05,5.1140747432663384e-05,3.8315173301016524e-05,4.9711914738437075e-05,0.00010910886884242863,3.765423210905561e-05,0.00029951224257311284,4.2040227119121244e-05,2.974340308602829e-05,4.121581495613221e-05,4.009866830968944e-05,0.00016037764730992296,4.1704973865950765e-05,2.610329523728714e-05,3.664156821828144e-05,6.321510451804301e-05,0.009981014163922325,0.004284574081135243,0.03120810522991432
SchlabrendorffAmanda,0.0003241759693064672,5.5255434325250066e-05,9.795133988443319e-05,8.373070884668687e-05,5.267673130307646e-05,7.187171520246129e-05,9.738492624050952e-05,4.78838244927306e-05,4.6529368779844005e-05,7.496902095119188e-05,0.02093325956833061,6.870546883112166e-05,8.543464786213552e-05,2.2829370196979426e-05,7.248192730486171e-05,4.9467657293394245e-05,0.00023351057873426183,0.0001504790869197894,5.023466754349918e-05,5.281775850153403e-05,0.0033877759314790592,5.906920383038118e-05,7.140087426759139e-05,5.345114597465048e-05,0.2322909276132343,0.00019749070364634067,7.448666144622667e-05,5.011191749642585e-05,0.37942905557757217,7.751421555921955e-05,0.00011168773654860615,0.006975083475846082,6.54563381003078e-05,0.00026758855886633995,8.741155996582784e-05,0.0001004707530826427,0.05784281828193899,0.0009073159820027137,0.005331099321698562,0.20299387322421744,3.7458065968536446e-05,5.58778191685074e-05,4.51586161503984e-05,5.566638938190376e-05,0.0005731948306652138,0.009390644385572867,0.00015767439075472673,2.949462315229791e-05,0.0005732340776941051,3.620423162793263e-05,3.940487616415967e-05,7.432598441390292e-05,7.899022491450297e-05,9.306112401039449e-05,4.482013577390678e-05,0.00010341987327621766,0.0016013500140907959,0.00010211675423994212,0.00013913697607506205,8.509661568210004e-05,2.7362909509098894e-05,5.90273383290164e-05,7.175452803562443e-05,5.3759229476212946e-05,6.974976234949377e-05,0.0032572721296179577,5.2831876520511564e-05,0.06495495504673868,5.898577566577231e-05,4.17323554651095e-05,5.7829059961919996e-05,5.6261614541462886e-05,0.00022502256943623304,5.851538874025212e-05,3.662499521330432e-05,5.1411028699761676e-05,8.869580944993661e-05,4.3517892713256206e-05,0.0013820036155868696,0.002990618217547237
SchragJohannLeonhard,0.0004486659152914479,7.64746075083926e-05,0.0029986583183312927,0.005850423077349555,7.29056318246504e-05,9.947186694271497e-05,0.0005857536207219367,6.627215456360919e-05,6.439756122640384e-05,0.00010375859899649636,0.0009834456064286802,9.508971971176975e-05,0.00011824323241069696,3.159629721125889e-05,0.00010031641249009509,6.846421030018532e-05,0.0003231832321260008,0.00020826601493481445,0.0007066966709044415,7.310081624011562e-05,0.001592319403282269,8.175293948775234e-05,9.882021383143711e-05,7.39774369562282e-05,0.0057151030666200186,0.0010773712734643737,0.006900752668349047,6.93558790882742e-05,0.25631796196786083,0.00010728119837623641,0.00015457802332669943,0.013897774638218112,9.059285889768507e-05,0.007716673592289421,0.0037391604726156494,0.18502798166958243,8.817716336649058e-05,0.004325875848565847,0.00040851615307239286,0.02237471695356169,5.1842699780540354e-05,7.733600036845247e-05,6.25004126362597e-05,7.704337738677576e-05,0.0007933129154851397,0.00010808253503119483,0.00021822445691251178,4.082113834999205e-05,0.04517052443174647,5.010736840093694e-05,5.4537123368404335e-05,0.00010286862378585437,0.00010932402434444048,0.00012879842534750652,6.203194914017854e-05,0.1346686256554048,0.28038795838198155,0.00014133159563206848,0.0001925683105233076,0.00011777538922732335,3.7870804755212313e-05,8.169499681072678e-05,9.930967759974254e-05,0.0034732346627754174,9.653504247352696e-05,0.00021187736065612426,7.312035585596132e-05,0.005679865910506596,8.163747326761454e-05,5.7758400482548896e-05,8.003655599076893e-05,7.786718071059841e-05,0.00031143566037091435,8.098644851420314e-05,5.068971347591575e-05,7.11538745361077e-05,0.00012275674416739612,6.022961914024455e-05,0.003561694334378642,0.00014070338235061249
SchubaertHenrietteLuiseEleonorevon,0.0005916033806448546,0.00010083813990207923,0.00017875582801000608,0.00015280395559073842,9.613214818757688e-05,0.00013116194200787123,0.00017772215414668582,8.738535588775727e-05,8.491354842962972e-05,0.00013681435528131616,0.14108746605683475,0.00012538371587579112,0.00015591355092597767,4.166234966589327e-05,0.00013227554565795922,9.027576396227744e-05,0.0004261440108934375,0.00027461608807264026,9.167551564011498e-05,9.63895150971256e-05,0.0009103201949502553,0.00010779806027206456,0.0001303026831016329,9.754541252886751e-05,0.0008133770956475454,0.0003604097125800602,0.00013593407561581818,9.145150353033936e-05,0.5310977998372306,0.0001414591959761079,0.0002038239992313,0.0013992147313223876,0.00011945423032934898,0.0004883344573192373,0.00015952130718960267,0.00018335361904458133,0.00011626893455769453,0.0016558019504476675,0.0005386625749109255,0.13315152383769638,6.835891786431084e-05,0.00010197395813722133,8.241199999177746e-05,0.0001015881103620413,0.0010460491575460232,0.0001425158251024816,0.00028774712330212576,5.382607108440391e-05,0.1408368318905251,6.60707388970149e-05,7.191173979515466e-05,0.00013564084883618339,0.00014415283217103384,0.00016983145200103242,8.179429185183486e-05,0.0001887356017997484,0.002922376029162692,0.0001863574809634242,0.00025391735727607747,0.00015529666072000857,4.993581049358553e-05,0.00010772165802610911,0.00013094808184970714,9.810764803767215e-05,0.00012728949432437928,0.00027937794821086,9.641527970815764e-05,0.0007669139702561975,0.00010764580844312984,7.615926198431829e-05,0.00010553486566625456,0.0001026743636626589,0.00041065385902807337,0.00010678737807907713,6.683860938442545e-05,9.382231029115915e-05,0.0001618649921271864,7.941776962302692e-05,0.033586683339792006,0.00018552912942521128
SchubaertMarievon,0.0005825549614973034,9.929584689675721e-05,0.00017602180432146826,0.00015046685901079376,9.466183209606374e-05,0.0001291558543715897,0.00017500394022983484,8.604881969932563e-05,8.361481789049779e-05,0.00013472181546073922,0.001276921419394197,0.00012346600469860858,0.00015352889389777828,4.102513491225557e-05,0.0001302524257447842,8.889501973747992e-05,0.0004196262495791269,0.00027041590675042814,9.027336257909722e-05,9.491526264596935e-05,0.0008963970853943026,0.061285104296624815,0.0001283097376058365,9.60534809284769e-05,0.0008009367054685466,0.00035489734018503066,0.0001338549994427474,9.005277667601632e-05,0.3547326715470545,0.00013929561453059248,0.0002007065644131205,0.0013778141075588234,0.0001176272090844908,0.0004808655093744166,0.00015708147047189597,0.0001805492733433661,0.00011449063157948897,0.06280943187172412,0.0005304238715560184,0.008757096108072486,6.731338607469347e-05,0.00010041429308873116,8.115152998246015e-05,0.0001000343467544678,0.0010300501089670544,0.000140336082790528,0.00028334610622662886,5.300281538950459e-05,0.0010301206371787957,6.506020420690385e-05,7.081186852229796e-05,0.00013356625749010018,0.00014194805226364326,0.00016723392431201292,0.01537528201440759,0.0001858489400783634,0.0028776790512823475,0.00018350719197893458,0.00025003375763374945,0.00015292143886634367,4.9172055318072276e-05,0.00010607408340943443,0.00012894526514867262,9.660711719206124e-05,0.00012534263476371996,0.00027510493548189407,9.49406331940068e-05,0.016049922966321784,0.00010599939392601072,7.499442596926524e-05,0.00010392073746741315,0.3059958788837037,0.00040437301553966203,0.00010515409303010688,6.581633031581956e-05,9.238732256681475e-05,0.00015938930936065896,7.820309558494162e-05,0.1554308937518465,0.0001826915098610876
SchwendlerAugusteSophieHenriette,0.00455133164127517,3.951412154176247e-05,7.004670575185934e-05,5.987728531226125e-05,3.7670046187318744e-05,5.139671282299961e-05,6.964165350962793e-05,3.424255521642969e-05,3.32739603928527e-05,5.361165000161142e-05,0.026869626298398844,0.00036389824928002515,0.004993488222052085,1.632567945037599e-05,5.1833086104197153e-05,3.537518158253273e-05,0.00016698747375833172,0.00222484974724215,3.5923683944635676e-05,0.005260560536702338,0.01779743871964516,4.224141440622474e-05,5.1060006286267455e-05,3.822384357991866e-05,0.2256215013523643,0.00014122903498169873,5.3266706335187125e-05,0.0059718093475738514,0.2948792160156089,5.543176290665263e-05,0.00030719601742444435,0.007520015358505684,4.6808965144489526e-05,0.000912346734605531,0.0005640227209553124,7.184838192260438e-05,4.5560784997673646e-05,0.013344480830246152,0.005161893208198422,0.19362189412540406,0.0007477764189818584,3.9959199761534654e-05,3.2293711360969645e-05,3.98080026460396e-05,0.0016439640025330373,5.584581032724804e-05,0.00011275569754156349,2.1092117694852752e-05,0.008434140773403128,2.5890275342899974e-05,2.81791118846962e-05,5.315180339646732e-05,5.648728285276579e-05,0.0022699100472904753,3.205165816023895e-05,7.39573490349475e-05,0.007401304847901617,7.302546596115456e-05,9.949927008484187e-05,6.085406903260161e-05,1.9567692214930186e-05,4.221147565848824e-05,5.131291024303492e-05,3.8444159447025834e-05,4.987926745383466e-05,0.001157732135473033,0.0032822337653137623,0.0897396039383778,4.21817534755558e-05,2.984353278929564e-05,4.135456596957687e-05,0.009924684253058274,0.0025353069284984524,4.184537160880126e-05,2.619117069655621e-05,0.0003439878402265272,0.00042392266751140257,3.1120401511841766e-05,0.022973027329320377,0.03663664210433852
SchützFriedrichKarlJulius,0.0003514291976113773,5.990071685490414e-05,0.1477322297914664,9.076988614663487e-05,5.710522422200088e-05,7.791391588522202e-05,0.00010557200325910357,5.190938136483463e-05,5.044105758562849e-05,8.127160978326808e-05,0.0007703092403111577,7.448148557861934e-05,9.261707402505445e-05,2.4748618065248796e-05,7.857542805707767e-05,5.362636578992507e-05,0.0002531416362968298,0.00016312974982892814,5.445785801105037e-05,5.725810747026062e-05,0.000540756030386594,6.403510707491428e-05,7.74034917094328e-05,5.7944743348702247e-05,0.0004831690781876797,0.0002140935975810321,8.074869867991642e-05,5.432478846045406e-05,0.16786112172667392,8.403077697501751e-05,0.00012107724000109756,0.0008311732596569338,7.095920288719342e-05,0.00029008452641806167,9.476018363257759e-05,0.00010891725322756534,6.906704680118987e-05,0.0009835933496777902,0.0003199808565628612,0.005282762077514078,4.060713721488729e-05,6.057542512072452e-05,4.89550668204267e-05,6.03462205920353e-05,0.009848010620898885,8.46584446628687e-05,0.0001709299574096807,3.1974213790236134e-05,0.0006214254326084571,0.1384386639157804,4.271761426972021e-05,8.057451365113433e-05,0.01853888634289396,0.0001008847022490676,4.8588130654948025e-05,0.00011211430372302563,0.4261608500976049,0.0001107016324559661,0.00015083411631263376,9.225062373556872e-05,2.966328859498073e-05,6.398972197254627e-05,7.778687688199196e-05,5.8278727196990037e-05,7.561357206244293e-05,0.0001659584298910469,5.7273412380404786e-05,0.000455568663097083,6.394466516767048e-05,4.524076299335871e-05,6.269070525034853e-05,6.099148588011166e-05,0.07405696192478199,6.343473316945328e-05,3.970403083198338e-05,5.573311495909298e-05,9.61523989985059e-05,4.717640900612104e-05,0.0014981876132298087,0.00011020956813392484
SedlnitzkyvonCholtitzJosefGraf,0.000168995714103209,2.8805131983891053e-05,5.106287386615888e-05,4.3649536898697696e-05,2.746083197416285e-05,3.746734176640927e-05,5.076759757397267e-05,2.496224853265304e-05,2.4256159148821976e-05,3.9081993826901336e-05,0.0003704272753416493,3.581675036786738e-05,4.453781492658517e-05,1.190114655080354e-05,3.778545057077315e-05,2.578791416030849e-05,0.004558643406094241,7.844603906333205e-05,2.618776318433785e-05,2.7534350662677305e-05,0.0002600394393292736,3.0793282747575124e-05,3.722188834742948e-05,2.786454098663111e-05,0.0002323469534003019,0.00010295359820427241,3.8830535678506014e-05,2.6123772531650864e-05,0.0674105301123774,4.0408825612846105e-05,5.8223775300133665e-05,0.0003996956414376994,3.4122950641616e-05,0.0001394962115427954,0.4215522405033281,5.237626558197096e-05,3.3213048245564914e-05,0.00047299160583629365,0.00015387279634629467,0.06022024165901248,1.952721116503697e-05,2.9129586542501006e-05,2.3541574042567496e-05,2.901936638075919e-05,0.00029881138301451296,4.071065923921776e-05,8.219701268539364e-05,1.5375800101689368e-05,0.2709504844590044,1.887357656586916e-05,2.054210002288974e-05,3.874677336300919e-05,4.1178281953341606e-05,4.851356237487207e-05,2.3365121318272408e-05,5.3913667241185965e-05,0.15168981699228978,5.323434010732096e-05,0.017820182651249534,4.436159585094804e-05,1.4264519490215665e-05,3.0771457902523936e-05,3.74062510909169e-05,2.8025147559232252e-05,3.636114953862703e-05,7.980629828572002e-05,2.754171050709741e-05,0.00021907443111278727,3.074979092958332e-05,2.175543495134216e-05,3.014678510899419e-05,2.932966236323776e-05,0.00011730619605324488,3.050457418957273e-05,1.9092924232911357e-05,2.680101034781873e-05,4.623788644180406e-05,2.268625083801624e-05,0.0007204503418590085,5.2997715597879856e-05
SpazierRichardOtto,0.00015151678059875746,2.582586715930564e-05,4.578152941556703e-05,3.913494102861251e-05,2.4620605767241573e-05,3.3592159612833034e-05,4.551679303798133e-05,2.238044647607916e-05,2.174738669216236e-05,3.503981101210755e-05,0.08784833886732787,3.211228601888891e-05,3.9931346001225766e-05,1.0670231611379767e-05,3.3877366975475955e-05,2.3120714940384728e-05,0.0001091406349497794,7.033250134581221e-05,2.3479208273591306e-05,2.468652054535689e-05,0.00023314401128430323,2.7608386938916137e-05,3.337209301512e-05,2.498255985697983e-05,0.00020831571112888225,9.230528616508365e-05,3.4814360743724324e-05,2.3421836063088825e-05,0.34685510982337897,3.6229410888466977e-05,5.2201791238291463e-05,0.0003583558147102475,3.059367305960445e-05,0.00012506836040693554,4.085533601232683e-05,4.695907930492926e-05,2.9777880289708758e-05,0.00042407090467858684,0.00013795799998738608,0.10968390924521497,1.7507545593680427e-05,2.6116763945842785e-05,2.1106709883652425e-05,0.1790364766212772,0.0002679058401029682,3.650002638654021e-05,7.369551827403166e-05,1.3785507773973672e-05,0.00026792418379290424,1.6921515287057482e-05,1.8417466257783708e-05,3.4739261819192866e-05,3.691928369466122e-05,4.349588878880359e-05,2.0948507358488128e-05,4.833747017790242e-05,0.0007484558441080346,4.772840467086983e-05,6.503130605961043e-05,3.977335295884411e-05,1.2789164988088091e-05,2.7588819399722804e-05,3.353738743991535e-05,2.5126555170427035e-05,3.260037892794197e-05,7.155207131685963e-05,2.469311917383785e-05,0.0041744261356297645,2.756939340420151e-05,1.9505308059705733e-05,2.702875542942911e-05,2.629614627156953e-05,0.00010517341972009709,2.734953900616256e-05,1.7118176205462694e-05,2.4029028346928767e-05,4.145558206922631e-05,2.0339851274173897e-05,0.2671726183329735,4.751625382389994e-05
StudnitzAugustvon,0.0006620392604542074,0.00011284385747353665,0.0002000383703835976,0.0001709966864007809,0.00010757757371603547,0.0001467779899972482,0.006054919587179552,9.778939451528927e-05,9.502329541054748e-05,0.00015310337559469708,0.0014511456738452032,0.0001403118123512555,0.0001744765079559074,4.662263953178859e-05,0.00014802417850979483,0.0001010239325295589,0.04657899268585789,0.0003073116851669557,0.00010259033765152591,0.00010786558254769111,0.0010187022731081793,0.00012063242103708963,0.00014581642833374887,0.00010915910030960316,0.0009102171970111705,0.0004033198378902667,0.00015211829045521744,0.00010233965481849853,0.1431554027225853,0.00015830122773535874,0.0002280911403292238,0.019133918124393443,0.00013367636645207626,0.0005464752122030429,0.00017851380112699424,0.00020518357116479542,0.00013011183162014983,0.2680593732186057,0.0006027953598569246,0.359448720859385,7.649768224618387e-05,0.00011411490542391222,9.222391438608325e-05,0.00011368311888569187,0.001170591029932342,0.00015948365837771967,0.00032200609215775246,6.023456501386422e-05,0.001170671181073828,7.393707431043432e-05,8.047350064170673e-05,0.00015179015230272215,0.00016131556634930926,0.00019005146448296517,9.153266235216418e-05,0.00021120632897784962,0.020651878077760023,0.05876892466213668,0.00028414857813068375,0.0001737861712386018,5.58811327503227e-05,0.00012054692239380222,0.0001465386678000064,0.00010978827518018012,0.0001424444914331728,0.00031264048900316277,0.00010789441467507846,0.0008582222047936648,0.00012046204221315373,8.52267298166509e-05,0.00011809977208322256,0.00011489870073551657,0.00045954601685553527,0.00011950140773748626,7.47963669146378e-05,0.00010499272815439142,0.00018113652353457117,8.887319306870942e-05,0.06044999837290971,0.0002076180962716885
ThieriotPaulEmile,0.0004102465695570924,6.992607265065663e-05,0.00012395798879564842,0.00010596169772986227,6.666270901819343e-05,9.095407248437851e-05,0.0019935407004635403,6.0597257648192734e-05,5.888318608694314e-05,9.487373087548193e-05,0.13269318549122514,8.694716933546959e-05,0.0001081180424377004,2.889070040723988e-05,9.17262994395336e-05,6.260160724453803e-05,0.00216580850329839,0.00019043215735885076,6.35722631651291e-05,6.684117975587717e-05,0.04744580259490456,7.475242008137061e-05,0.04310724698320532,6.764273527710338e-05,0.0005640352542982358,0.0002499256310196566,0.005854954303407762,6.341692226853971e-05,0.288846321326626,9.809468941547614e-05,0.004649158604642518,0.0009702835757514881,8.2835375548871e-05,0.006099325874690627,0.00011061983617210564,0.00152508910120406,8.062653647509564e-05,0.018341106691846274,0.0003735348389407814,0.17051348329746635,4.740339976066443e-05,7.071370427997479e-05,5.714849068325703e-05,7.044613865861829e-05,0.002871605137972158,9.882740746370027e-05,0.00019953785609870225,3.732561668434571e-05,0.07792857921967124,4.581666512969825e-05,4.986709935580053e-05,9.40599644075755e-05,9.996258781625718e-05,0.0001177693922410981,5.6720141803433646e-05,0.002346528834632607,0.005827399660895715,0.02532850136232253,0.0001760786502943379,0.00010769026075309209,3.462792070376026e-05,7.469943904655046e-05,9.080577144499612e-05,6.803261673538522e-05,8.826872884044897e-05,0.011466520274502665,0.006270680124496378,0.0034846954157043476,7.464684125512865e-05,0.0056892055437258076,0.0021700971814104463,7.119939955067521e-05,0.00028476736687680076,7.405156387237873e-05,4.634914388764745e-05,6.506095503192404e-05,0.00011224506134360193,0.012905844379289464,0.1134155817635739,0.0001286549255628712
ThüngenJohannHansCarlMoritzFreiherrvon,0.000245128747638353,4.178192308744829e-05,7.406683884292086e-05,6.331377320277655e-05,3.983201222974659e-05,5.4346482177228555e-05,0.1867104911145206,3.6207810082743176e-05,3.51836254914491e-05,5.668853942738098e-05,0.0005373057806669052,5.195229481848814e-05,6.46022229228549e-05,1.726264577146208e-05,5.480789987199228e-05,3.7405440344251505e-05,0.00017657124878162495,0.00011378619519924717,0.019345246033633343,3.9938651289436325e-05,0.0003771879212299734,4.4665741232803584e-05,5.3990451318591965e-05,4.041759326156035e-05,0.00033701989430228547,0.00014933447707000908,5.63237986922286e-05,3.789260383468615e-05,0.3230305329418997,5.861311257848921e-05,8.445374604815271e-05,0.0005797596261068196,4.949543366168617e-05,0.0002023396381218101,6.609708384424257e-05,7.597191713537377e-05,4.817561773617149e-05,0.0006860756238545491,0.0002231929138803072,0.13883565428366884,2.832427344773877e-05,4.225254531618152e-05,3.414711783143706e-05,4.209267066873472e-05,0.00043342673207498174,5.905092308285762e-05,0.00011922699274420093,2.2302640293960008e-05,0.0004334564090897871,2.737617466572321e-05,2.9796372524556982e-05,5.6202301223455604e-05,5.972921111453174e-05,7.036905552033581e-05,3.389117267002656e-05,7.820192246622106e-05,0.07843991851405348,7.721655659203456e-05,0.00010520975002691856,6.434661666946476e-05,2.069072471366921e-05,4.463408423509103e-05,5.425786998457448e-05,4.06505535364e-05,5.274194731146303e-05,0.00011575925493876122,3.994932676398955e-05,0.00031776806425673997,4.46026562313086e-05,3.1556318172029245e-05,4.372799463172877e-05,4.254275584388735e-05,0.00017015295968505868,0.16093808539518548,2.7694339059446307e-05,3.887493914781236e-05,0.08373186416311162,3.290646917315437e-05,0.0010450152003716913,7.687333209094209e-05
TieckLudwig,0.00028144021418059827,4.79711722753847e-05,8.503852440181937e-05,7.269258323409832e-05,4.573241678582344e-05,6.239694744611081e-05,8.454678043448663e-05,4.1571353514732684e-05,4.039545418219281e-05,6.508593884535128e-05,0.000616898080899376,5.9648103789362354e-05,7.417189387666227e-05,1.981979988088487e-05,6.29267159701707e-05,4.294639141035049e-05,0.004992826876238098,0.0001306415973491515,4.361228755783505e-05,4.585485252658517e-05,0.00043306160684961276,5.128217681608469e-05,6.198817694458884e-05,4.6404741238183895e-05,0.0003869434007613613,0.00017145572527110304,6.46671682539349e-05,4.350571951205145e-05,0.49073887187422605,6.729560329749157e-05,9.696406727134559e-05,0.0006656407088796206,5.682730232546195e-05,0.00023231265871044294,7.588819187083407e-05,8.722580617853606e-05,5.531197913169346e-05,0.0007877055318154004,0.00025625497658373123,0.05101260521021481,3.2520011065377774e-05,4.851150882150145e-05,3.920540633735988e-05,4.83279515869748e-05,0.005695623769065127,6.779826764554162e-05,0.00013688835233451204,2.5606380000706474e-05,0.03881846315646222,3.143146830225603e-05,3.421017545232279e-05,6.452767309490802e-05,6.857703199182766e-05,8.079298021196706e-05,0.0988007704011547,8.978614715846666e-05,0.21006814504565813,8.865481684593046e-05,0.00012079470427984323,7.387842410050137e-05,2.3755687780684272e-05,5.124583039689734e-05,6.229520893228963e-05,4.667221043662802e-05,6.055472926227087e-05,0.00013290693081587006,4.5867109382925704e-05,0.0003648397543160226,5.120974689302023e-05,3.6230825762589834e-05,5.020551972548921e-05,4.884470888009061e-05,0.08596223552160091,5.080137054930365e-05,3.179676309520367e-05,4.4633570339777675e-05,0.004867102875871605,3.778097763418267e-05,0.001199815626066427,8.826074973617635e-05
TruchsessvonWetzhausenChristianFreiherr,0.0036581602340142083,0.0007486372977872869,0.003099579684709804,0.0003276656967640911,0.019405181980640916,0.00461928787642311,9.750513833789147e-05,4.794293235670049e-05,0.0026699734303695377,7.506156282183988e-05,0.0016952191067488261,0.0010540265418333618,0.0029686375701896543,2.2857550805408606e-05,0.006926589955978144,4.9528720242922226e-05,0.0012534301309588068,0.00015066483852785734,5.029667729161744e-05,0.00024363188834798042,0.014740825722714634,0.007654385931113368,0.00048481786548226514,5.351712614851448e-05,0.0020053730283919376,0.0005682439149164194,7.457860789158637e-05,0.009255638158301802,0.25625966062029476,0.0003765647548060205,0.003020015443816825,0.004498124864500434,0.0004894479727956862,0.0004318805346845042,0.0009056994836758302,0.00028629625616072237,0.0005278295612842954,0.2367879430846904,0.004875482634376096,0.1090547810509975,3.7504304260721725e-05,0.003725447389536493,0.00014058882577665808,5.57351040555151e-05,0.0007378640473185283,0.06797276765549297,0.000700611832185186,2.95310313588603e-05,0.002300633535072876,0.0010018147069134583,0.00039513638251641316,7.441773251929564e-05,0.0014485909324039312,0.06952443005697502,0.005872896525120154,0.003949556787892054,0.01104509121739477,0.006816453133163667,0.005747759079396305,0.0009009080978634962,0.0006377134850829451,5.9100201762992625e-05,0.002866264780300442,0.004667139457342471,0.02751442529131872,0.00045843577562749977,0.0005531483311916005,0.002392868175826541,0.00055094358010746,0.0021269502706844335,0.0017970366486113178,5.633106396189395e-05,0.0027982228524313316,5.85876202228967e-05,0.015773360737041973,0.011077643302904783,8.880529568866553e-05,0.0006514792813923609,0.04177703169696008,0.00010178834212972061
UnbekannteKorrespondenten,0.0011956766617031319,0.011224257373333033,0.00039938271239745444,0.00020978382678941854,0.0018449385164271193,0.005843964311924206,0.00024399390354794224,0.0063375989603639575,0.00011657740839868701,0.0014773345326933632,0.00291308726527789,0.0001721387095760164,0.005563695969712821,5.7198042499363726e-05,0.0003350268237743279,0.0001239391687023364,0.0005850510938869667,0.00037701912644275983,0.0001258608811501355,0.00013233270867417946,0.003322107474613663,0.0041568747741818,0.013660983744023015,0.0008610539712449539,0.009512676479017353,0.0023588427878198743,0.00018662324848544003,0.0001255533359857828,0.2750648749475985,0.03017846459304309,0.0027374803380343185,0.014555449717868343,0.006830110681990837,0.011886997446155938,0.00046138415913311534,0.001964684460593589,0.00015962506948164376,0.030091999445089876,0.0007395272974196812,0.12513065562571618,9.384963451579569e-05,0.0008671339005323881,0.00011314304439833814,0.0010768657686296833,0.013382343953368292,0.001886394017382776,0.00940097849957452,0.009804615359338246,0.01729264668275365,9.070820445083015e-05,9.872728691472981e-05,0.0004930733863034438,0.00019790674042737422,0.0016787550949482046,0.00011229499581912984,0.0002591142136594983,0.19345570526744552,0.0002558493028286037,0.048956159510135676,0.013414637357874676,0.0009315294297368382,0.007433767028644873,0.0037462066640748747,0.009476607656113868,0.0031379539721353785,0.013507099725662147,0.0001323680807866169,0.005202458145388082,0.009037382905552435,0.00010455869000747619,0.00014488831714848616,0.0009260229384993967,0.02237992882413763,0.0014378040620758293,0.00047522959308052336,0.00012880820535706456,0.00022222368092765797,0.00010903227970892157,0.034862261568225215,0.0004081384166631061
UtheJohannAndreas,0.00032448414768279703,5.530796298760028e-05,9.804445747408518e-05,8.381030757189937e-05,5.272680851749206e-05,7.194004015740018e-05,9.747750536817282e-05,4.7929345323025954e-05,4.657360199476398e-05,7.504029036453305e-05,0.009230444128864413,6.877078378915094e-05,8.55158664395544e-05,2.2851072972342418e-05,7.255083235886018e-05,4.951468379674097e-05,0.0002337325659196912,0.00015062214009173714,5.028242320630214e-05,5.286796978366949e-05,0.0004992947678136977,5.91253580584891e-05,7.146875161688225e-05,5.3501959387546804e-05,0.00044612316673751603,0.00019767844848294952,7.455747230377371e-05,5.015955646671061e-05,0.19758672775928346,7.758790456567067e-05,0.00011179391266455681,0.1370745910080856,0.05969989498491321,0.00026784294233520804,8.749465789773302e-05,0.00010056626575626834,6.377148502906976e-05,0.0009081785233155383,0.00029544703804442786,0.29453040354916005,3.749367553569633e-05,5.593093950195175e-05,4.5201546257254575e-05,5.571930871930116e-05,0.12836168921201208,7.816744723345334e-05,0.0001578242841531657,2.9522662260480365e-05,0.11984253186483038,3.623864923557713e-05,3.944233646938133e-05,7.439664252358575e-05,7.906531709148377e-05,9.314959270891744e-05,4.486274410388026e-05,0.00010351818953542309,0.0271604622344702,0.00010221383168706154,0.00013926924685215262,8.51775129087149e-05,2.738892210047701e-05,5.908345275762202e-05,7.182274158640561e-05,5.381033576915676e-05,6.981607006673832e-05,0.00015323393741894424,5.2882101223963144e-05,0.00042063895191633485,5.904185058276916e-05,4.1772028392054616e-05,5.788403524538061e-05,5.631509973055997e-05,0.0002252364874827644,5.8571016483205614e-05,3.6659812820488694e-05,5.145990267207996e-05,8.878012825555941e-05,4.355926306389126e-05,0.001383317419417686,0.017140152758341153
UtheSpazierWilhelmine,0.0004822876279799261,8.220539113598575e-05,0.0001457255436650171,0.00012456902664666704,7.836896684306404e-05,0.0001069259979942392,0.0001448828708001288,0.05865621682132057,6.92233262947986e-05,0.00011153396522228401,0.013986144203801754,0.00010221546545445732,0.00012710403474039246,3.3964031399773395e-05,0.0011852506694220919,7.359471816740566e-05,0.0003474016391989245,0.012075458080694048,7.473582543377954e-05,7.857877780829464e-05,0.054612954242477973,8.787926589057314e-05,0.00010622551190293492,7.952108991938372e-05,0.0006630822658340196,0.00029381364452599494,0.00011081634256203274,7.455320600901443e-05,0.26499678185743125,0.0011927373760114103,0.00016616164871724676,0.0011406695361822951,9.738162303080907e-05,0.00039810061062301984,0.00013004515419244296,0.11648955372896747,9.47849023351781e-05,0.001349844881236965,0.0004391291598979288,0.25890165789147473,5.572764021753366e-05,8.313133425998539e-05,6.718401093278427e-05,8.281678296710722e-05,0.0008527614673083248,0.00011618192438886572,0.00023457756006086566,4.388015517842331e-05,0.02778824080907252,5.386226817498748e-05,5.86239760359565e-05,0.00011057729786986738,0.00011751644728360962,0.00013845020299357378,6.668044215115886e-05,0.00015386126699976993,0.10640016844750282,0.0001519225724372909,0.0023618324932384435,0.04106844098074274,4.070873220493645e-05,8.781698115864003e-05,0.00010675165465582222,7.997943623513994e-05,0.00010376909648074217,0.00022775483095726322,7.8599781665857e-05,0.000625204540204559,8.775514696929092e-05,6.208664624445143e-05,8.603426162960476e-05,8.37023197048608e-05,0.010029780402784587,8.705533632315562e-05,5.448825248827074e-05,7.64859379819592e-05,0.009826962439921268,6.474305080744474e-05,0.008520554865830988,0.00015124728268816408
UtheSpazierWilhelmineANDMahlmannErnestineANDRichterCaroline,0.0001793400215067029,3.056830770477121e-05,5.418845647031176e-05,4.632134564897478e-05,2.9141722457118846e-05,3.976073543547478e-05,5.387510617695016e-05,2.6490199544159044e-05,2.5740890095964505e-05,4.147422111048806e-05,0.00039310130365713983,3.800911055857111e-05,4.726399559409694e-05,1.262962134691794e-05,4.009831582985832e-05,2.7366404554486348e-05,0.00012918228424468759,8.324775813037313e-05,2.779072852595149e-05,2.921974125924819e-05,0.0002759565761142421,3.2678154114840004e-05,3.950025769689825e-05,2.957014268873661e-05,0.000246569020054431,0.00010925543653060052,4.1207371090175055e-05,0.032987207671595124,0.42467409815446855,4.288226889613657e-05,6.178768006004202e-05,0.10401111358791522,3.6211632551830335e-05,0.0566500088701089,4.835765919893335e-05,5.558224151279285e-05,3.5246034600765464e-05,0.000501943645217924,0.0001632914228179057,0.07332334673841695,2.0722480974664914e-05,3.0912622280012585e-05,2.4982564898168176e-05,3.0795655490161464e-05,0.14628053467865576,4.320257790120329e-05,8.722833061779589e-05,1.6316960081222406e-05,0.0003171234809352814,2.0028837093254463e-05,2.1799491658397825e-05,4.111848164382213e-05,4.3698824022313655e-05,5.14831004197113e-05,2.479531141935705e-05,5.721374825301511e-05,0.0008858958502729248,5.649283918473523e-05,7.697309684941363e-05,4.707699006568838e-05,1.5137657459145486e-05,3.2654993360724856e-05,3.969590537090894e-05,2.974058006543136e-05,3.858683265945611e-05,8.469127946162275e-05,2.9227551603218102e-05,0.00023248408041485322,3.263200014214663e-05,2.308709539035163e-05,3.1992084050741656e-05,3.112494483614549e-05,0.0001244865636664035,3.237177356977071e-05,2.026161113449889e-05,0.15540887009433155,4.906812928896738e-05,2.407488695666888e-05,0.0007645494472398138,5.624173077741632e-05
ViewegEduard,0.01827834020798632,2.9220974959704568e-05,5.1800038946116465e-05,4.427967993456321e-05,2.7857268070787476e-05,3.800823603846743e-05,5.1500499921438744e-05,2.5322614029975532e-05,2.4606331243429737e-05,3.964619789382916e-05,0.00873493973474898,3.6333816009686796e-05,4.518078151690179e-05,1.2072956497727115e-05,3.833093719505218e-05,2.6160199313191772e-05,0.0001234884289182376,7.957851900972227e-05,2.656582072556227e-05,2.7931848105947617e-05,0.003607459404134659,3.1237827502307704e-05,3.775923915090609e-05,2.8266805196010135e-05,0.0029748798511543694,0.00010443987956107772,3.939110959005806e-05,2.6500906276954033e-05,0.2660987439540439,4.099218438035228e-05,5.906431815886611e-05,0.0033245521831689454,3.461556387964187e-05,0.0001415100374039339,4.6226240661055734e-05,5.3132391336013195e-05,3.36925257506844e-05,0.00047981991118881817,0.00015609416861999835,0.16294488751974145,1.9809114181650435e-05,2.9550113480507245e-05,2.3881430086645687e-05,0.009616563540772248,0.014898556987988962,4.1298375403644074e-05,8.33836432614032e-05,1.5597771605703857e-05,0.12510712695471338,1.9146043439056357e-05,2.083865440103856e-05,3.9306138046616835e-05,4.177274891554618e-05,4.9213924524108655e-05,2.3702430016759472e-05,0.22603686277453716,0.13989431995571597,5.4002853385374217e-05,7.358042052346137e-05,4.500201846872363e-05,1.4470448080880638e-05,3.121568758463273e-05,3.79462634323418e-05,2.8429730352505384e-05,3.68860743553784e-05,0.005919131150876369,2.793931420017094e-05,0.00022223708155332485,3.119370781817636e-05,2.2069505541796066e-05,3.058199675245916e-05,2.9753077679770776e-05,0.00011899967753687166,3.0944951026381196e-05,1.9368557701087654e-05,0.008386352736762063,4.6905395978092254e-05,2.301375907730528e-05,0.0007308510653916089,5.376281286519548e-05
VoßErnestine,0.0008484599089455249,1.614940463579406e-05,2.86280587914779e-05,2.447182099135347e-05,1.5395731824256747e-05,2.100581462885544e-05,0.03470469535755736,1.399491772502601e-05,1.359905343338161e-05,2.1911058509893288e-05,0.02621485220757162,2.0080421598255145e-05,2.4969828128049195e-05,6.672298234435963e-06,2.118416020292723e-05,1.4457821638201324e-05,6.82477093659326e-05,4.398024725654902e-05,0.018857521790705687,1.543694958537573e-05,0.00240693014842326,0.03989493181802868,2.0868202810775224e-05,0.004537903619715219,0.0001302637657919385,5.7720246414478086e-05,2.177008018041801e-05,1.4646118388313775e-05,0.19676038204638563,2.2654937878571006e-05,3.264277029771122e-05,0.00022408668873138515,1.913080410764521e-05,7.820761823361098e-05,2.5547616609522357e-05,2.936440307470531e-05,1.8620673413533993e-05,0.00026517958106409933,0.003854835713649098,0.41774109206807736,1.0947800367279522e-05,0.0017501429500867863,1.3198426071768787e-05,1.626951371787928e-05,0.0001675266038281403,2.2824158882928526e-05,4.608320553616179e-05,8.62033951381058e-06,0.060019967933139476,1.0581344499907719e-05,1.1516791019187978e-05,2.1723119398327324e-05,2.3086328430754146e-05,2.719880435034241e-05,0.01584108492799587,3.0226337034816625e-05,0.0004680236370754424,0.14022057356193024,4.0665309283618686e-05,2.487103208161549e-05,7.997307469776282e-06,1.725181211386465e-05,2.0971564550135013e-05,1.571211158362279e-05,2.038563535311331e-05,4.4742867493949714e-05,1.544107583293686e-05,0.0001228226149206793,1.7239664670365807e-05,1.2197039133630859e-05,1.690159348916523e-05,1.6443479085602995e-05,6.576693442713874e-05,1.710218554476709e-05,1.0704320302725177e-05,1.502580724146928e-05,2.5922961855206262e-05,1.2718894836417844e-05,0.033567313708374555,2.9712814870681314e-05
VoßHeinrich,0.004550323073360629,2.3697772668245656e-05,4.200905509977378e-05,3.591015667201293e-05,2.259182682337763e-05,3.082410968157954e-05,4.176613344086715e-05,2.053626039088722e-05,0.0037158164480173526,3.215247219313664e-05,0.0010399630810594943,2.9466180137889816e-05,3.66409365477256e-05,9.7909867453529e-06,3.108581548226111e-05,2.121552950012461e-05,0.00010014726475412557,6.453698603036378e-05,2.1544482385269068e-05,2.2652310113933545e-05,0.011977376630838034,2.5333409847562605e-05,3.0622176938244776e-05,2.2923955292948435e-05,0.0001911501493872359,8.469917676430596e-05,3.194559940256644e-05,2.1491837740519063e-05,0.1757679491220441,3.324404705729299e-05,4.790027664935565e-05,0.0032696877170521276,2.807270341712043e-05,0.00011476251909109023,3.748878824214249e-05,4.308957291594202e-05,2.7324133330929903e-05,0.2158626473866311,0.04561275244633214,0.2515507794398603,1.6064894661571525e-05,2.3964699074811507e-05,1.9367481816275905e-05,2.387402174905317e-05,0.00024582995243077073,0.018512797774533532,6.762288475944829e-05,1.264955896074332e-05,0.04141790104568036,1.552715422879583e-05,1.689983634662891e-05,3.187668875456387e-05,3.3877073194628514e-05,3.9911755069527564e-05,0.046026081062019907,4.435438208398317e-05,0.011357479116028376,4.379550458969824e-05,5.967261806984328e-05,3.6495962395321356e-05,1.1735316480755368e-05,2.5315454706206824e-05,3.077385082698455e-05,2.3056085152608737e-05,0.09981816327356718,6.56560614034626e-05,2.265836500443148e-05,0.014052137406739643,2.529762944508866e-05,1.7898038171254725e-05,2.480154094037564e-05,2.412929999796935e-05,9.650695467047603e-05,2.509589141582122e-05,1.5707609959801777e-05,2.2048996368324018e-05,3.8039573023682316e-05,0.0036947400869475565,0.04920268229346497,4.3600835326054315e-05
VoßJohannHeinrich,0.00028556024556850186,4.867342705466187e-05,8.628341184882677e-05,7.375673721601683e-05,4.6401898200023105e-05,6.331038258804965e-05,8.578446919247188e-05,4.2179920708362047e-05,4.0986807268118404e-05,6.603873840079062e-05,0.0006259289134825688,6.052129833462875e-05,7.52577036347376e-05,2.010994390969383e-05,6.384790644641313e-05,4.357508792098595e-05,0.0002056948833957525,0.0001325540727329962,4.425073218864128e-05,4.6526126289815006e-05,0.0004394012389391885,5.2032901721327665e-05,6.289562805435364e-05,4.708406487715106e-05,0.0003926079038286308,0.0001739656827475404,6.561383738488605e-05,4.414260408259817e-05,0.26385215332440143,6.82807503514078e-05,9.838353393079176e-05,0.0006753850896591585,5.76592028765344e-05,0.00023571350691005443,7.699912668656177e-05,8.850271346180071e-05,5.6121696715277356e-05,0.0007992368317220379,0.05274086646744342,0.4541285494312304,3.299607475341332e-05,4.922167364141198e-05,3.977933819409797e-05,4.903542929420698e-05,0.030493979012696626,6.879077325302343e-05,0.00013889227458811966,2.598123435348849e-05,0.17294206255961922,3.189159670412718e-05,3.471098162552594e-05,6.547230014230218e-05,6.958093800830865e-05,8.197571671380179e-05,3.9481177477133504e-05,9.110053552890202e-05,0.016405129253000174,8.995264355899461e-05,0.00012256303001315913,7.495993772523021e-05,2.410344966532685e-05,5.1996023223281826e-05,6.32071547139694e-05,4.735544958388918e-05,6.14411959883318e-05,0.00013485256864245284,4.653856257549895e-05,0.0003701806798966594,5.195941148938973e-05,3.67612124373802e-05,5.094048334011429e-05,4.955975144891786e-05,0.0001982179626828498,5.154505688361458e-05,3.226223908401141e-05,4.528696563117013e-05,7.813039683850391e-05,3.833405713695277e-05,0.0012173798467783926,8.955280766148626e-05
WagnerJohannErnst,0.0028553481575888206,0.002391094767094352,0.0001285817450921782,0.0028433298788379815,0.010776462370435178,0.019818323996759916,0.00012783820799645648,0.006318847508251172,0.012530180569411943,0.0007455162843002421,0.0018025250441452033,9.019038524745957e-05,0.005805631314207883,2.9968352273142218e-05,0.01547815986623998,0.0005570524424319644,0.004117209193448344,0.0014872798372025334,0.0004339937044904583,6.933442225494043e-05,0.002720980221071636,0.011990032794533787,0.0014715414001723113,0.02690289946568954,0.0015720617780608588,0.002865710959184898,0.002233535976101522,0.006939066410319017,0.26362701555735407,0.001074063830244752,0.0005812006064211847,0.02276648491120676,8.592521746217372e-05,0.007853011764466258,0.00011474606610687066,0.005440205642775515,0.001899258700000531,0.08849321891927393,0.005284242556952952,0.16373392669183384,4.917159372903888e-05,0.005642218882439395,5.9280186237542784e-05,0.0029659752707404973,0.004951861117187774,0.00411274268844664,0.00020698081663312506,0.003131624573752703,0.01588049340661441,4.7525672317840665e-05,0.0006160545373545028,0.000614094596939394,0.00010369129178542855,0.0021269398299245375,0.0006955064306621737,0.00013576034588967732,0.15885878480157722,0.0009729461126747974,0.004247340360094514,0.003458014619832013,0.00684484703093452,0.003905938701846585,0.011107621581156548,0.019418748882894833,0.004292293297326182,0.003426103276683927,0.012143906322143152,0.005186741606126278,0.0005500115812017489,5.478249811428737e-05,0.0045117555938921725,7.385520798367822e-05,0.0009997538187239046,0.00026520713418609946,4.807801306317571e-05,0.0008659234040281488,0.00011643191379405142,0.001314932704318664,0.008410396024429787,0.0015296667553763937
WagnerJohannFriedrich,0.0006307941176539242,0.00010751815754680352,0.00019059749909163936,0.00016292644615354532,0.00010250041764139511,0.0001398507584396271,0.0001894953495538116,9.317419451357464e-05,9.053864229130638e-05,0.03326835315512166,0.0013826584155937833,0.00013368975400010314,0.00016624203647964346,4.442226998135222e-05,0.0001410381327090367,0.049779969386881326,0.00045437390004774005,0.000292808017392556,9.774855568884894e-05,0.00010277483380927628,0.017531862081515,0.0001149391375012132,0.00013893457796918072,0.00010400730360983646,0.0008672592215576068,0.00038428503635837166,0.00014493902180497557,9.750970390782011e-05,0.5662803476056846,0.00015083015349323905,0.00021732631008913124,0.0014919056427480453,0.0001273674699737125,0.0005206841495546065,0.00017008878838045777,0.0001954998705683721,0.00012397116443949222,0.23362281924662656,0.0005743462508340611,0.009482237862165677,7.288735103405478e-05,0.00010872921800536742,0.016649109148683474,0.00010831780976319656,0.0011153446328140307,0.0001519567789643981,0.00030680891740843713,5.739177653017232e-05,0.0011154210011981925,7.044759176301e-05,7.667552947990023e-05,0.00014462637023166888,0.00015370222948612284,0.0001810819282305394,8.721275071411222e-05,0.0002012383825078639,0.0031159686862494143,0.0001987027231730772,0.01683197586997089,0.0001655842804121587,5.3243805816830104e-05,0.00011485767399221211,0.00013962273112574764,0.0001046067843824168,0.00013572178064878566,0.00029788532672267773,0.00010280230519570574,0.000817718148697725,0.00011477679975731896,8.120442856869253e-05,0.00011252601767945877,0.00010947602186057312,0.0004378576038298464,0.00011386150271579475,7.126632979329416e-05,0.00010003756464652849,0.00017258773061207657,8.467879588651841e-05,0.03581163153454694,0.00019781949752773904
WagnerJulianeLouiseAntoinetteKaroline,0.0005737791591606836,9.780002112441551e-05,0.00017337015312328765,0.00014820017603637216,9.323581466903477e-05,0.00012721020748246336,0.0001723676224759884,8.475255156517428e-05,8.235521637181282e-05,0.00013269232107642351,0.0012576854490280748,0.00012160607160363967,0.00015121608340802845,4.04071185899883e-05,0.00012829025973856993,8.755587549618646e-05,0.00041330485972760375,0.00026634227129426427,8.891345452128929e-05,9.348542745656768e-05,0.0008828934605752409,0.00010455024836849003,0.0001263768369020158,9.460649923904792e-05,0.000788871127667493,0.0003495510482244388,0.0001318385630641803,8.869619159786117e-05,0.153552522153651,0.00013719721891082722,0.00019768305375169806,0.0013570582560706401,0.00011585523355503936,0.00047362159087800286,0.00015471514278315077,0.0001778294188410385,0.0001127659065002382,0.21250658659696176,0.1662301040522279,0.2345901817394602,6.629935476461455e-05,9.890161866973184e-05,7.992903625481271e-05,9.85273959738346e-05,0.0010145330904013296,0.00013822201320969432,0.0002790776859307916,5.220436329161649e-05,0.19685094061227595,6.408011558036049e-05,6.974513490519653e-05,0.00013155417081665998,0.0001398096994367578,0.00016471465667078063,7.932993883796451e-05,0.0001830492496278589,0.017898662430406918,0.00018074277840323327,0.0002462671656733336,0.00015061777928189308,4.843131106821194e-05,0.00010447614802039108,0.00012700279064587326,9.515179534121111e-05,0.0001234544314872251,0.0002709606629322064,9.35104158142034e-05,0.0007438078743271118,0.00010440258368426927,7.386468491107741e-05,0.00010235524080020468,9.958092191005308e-05,0.00039828140549566206,0.0001035700166831354,6.482485115325476e-05,9.099556911033054e-05,0.0001569882156167754,7.702501805694102e-05,0.0024460939353552484,0.00017993938399299989
WagnerLorenzHeinrich,0.04310394912741058,6.72341606478051e-05,0.00011918603485572976,0.00010188253876741679,6.409642523095448e-05,8.74526551996967e-05,0.00011849682941569087,5.826447276524931e-05,5.661638703209742e-05,9.122142029635181e-05,0.0008646156161539975,8.360000396673192e-05,0.00010395587166032979,2.777850834140525e-05,8.819515408732694e-05,6.019166183288496e-05,0.0002841329175184301,0.0001831011777872648,6.112495085692044e-05,6.426802546236327e-05,0.0006069589769075531,7.187471039124475e-05,8.687974150457911e-05,6.50387238676848e-05,0.0005423218473597072,0.00024030435843191693,9.063449094102492e-05,6.0975590047703485e-05,0.2266197130761912,9.431838307016286e-05,0.000135900320270711,0.07342642069922298,7.964650002293189e-05,0.0003255986017308847,0.00010636135498679967,0.00012225162711421305,7.752269361565231e-05,0.006032030110238602,0.0003591550392707587,0.022856417362594895,4.5578532783947375e-05,6.799147118291025e-05,5.494847140312857e-05,6.773420591277294e-05,0.0006974567080694469,9.502289400716292e-05,0.0001918563386118152,0.5149138891444043,0.0006975044633912112,4.405288194957559e-05,4.794738846378596e-05,9.043898102357359e-05,9.611437384143511e-05,0.00011323567786926197,5.453661247401022e-05,0.00012584008177547515,0.08544052849613751,0.00012425446190481335,0.0001693002311123939,0.00010354455809137201,3.329486549498375e-05,7.182376894306443e-05,8.731006323752709e-05,6.541359623797622e-05,8.48706880005303e-05,0.00018627616365894333,6.428520410130721e-05,0.0005113424060511454,7.177319598473685e-05,5.077943782029591e-05,7.036571796187193e-05,6.845846886515238e-05,0.00027380480793622107,7.120083472284015e-05,4.4564862116577924e-05,6.255633323452393e-05,0.00010792401460898586,5.2952058480155184e-05,0.016965837235264007,0.00012370215579873936
WagnerLudwigAnton,0.000967158188943882,0.00016485104033357582,0.0002922315330464723,0.0002498051934583469,0.00015715764544657927,0.00021442464739201202,0.00029054167430949584,0.00014285831573257254,0.00013881738408337406,0.00022366526021398158,0.0021199459090190226,0.00020497835464919616,0.0002548887861002622,6.810996009875918e-05,0.00021624517601753545,0.00014758357919474982,0.0006966638178364232,0.0004489446934966536,0.00014987190502587148,0.00015757839103775883,0.001488199121085918,0.0001762291767683126,0.0002130199236957317,0.00015946806189371274,0.2806454212437925,0.0005892008333636755,0.00022222617160343443,0.00014950568814226293,0.23343473425235944,0.00023125868489896382,0.00033321319047394424,0.0022874480264367144,0.00019528478174193025,0.0007983332833983439,0.00026078677642323017,0.0002997480405506977,0.00019007743338904232,0.12966860329944835,0.0008806101138820969,0.2938542431187168,0.00011175373461819229,0.00016670788554982882,0.00013472783163005398,0.00016607709835749672,0.0017100899721967885,0.00023298607109330065,0.00047041142047455676,8.799531431211999e-05,0.0017102070631874165,0.00010801300037225676,0.00011756191783129287,0.00022174680199463969,0.00023566226403524024,0.0002776418879891959,0.0001337179971607655,0.00030854655128392035,0.00477752494364923,0.0003046587793130404,0.0004151062340733493,0.0002538802887963218,8.163548353590892e-05,0.0001761042737331931,0.0002140750270043939,0.00016038720923844686,0.00020809393730671202,0.02584906628781377,0.00015762051124085404,0.0012537574172416914,0.00017598027419616128,0.00012450580287720427,0.0001725292871669434,0.0001678529144013714,0.0006713403871145745,0.00017457690500762374,0.0001092683215117978,0.00015338150300091196,0.0002646182522968429,0.00012983283860691576,0.0041231190480417535,0.0003033045832422984
WagnerLudwigAntonANDWagnerKarlLudwigFriedrichErnst,0.00024356124747840297,4.151474442418021e-05,7.359321107444487e-05,6.290890698215355e-05,3.957730246541748e-05,5.399895819105291e-05,7.316765080235566e-05,3.597627563954571e-05,0.1407161470000426,5.632603892315269e-05,0.0005338699254061425,5.162008070152993e-05,6.418911758233363e-05,1.7152258065945598e-05,5.445742530446982e-05,3.7166247535217465e-05,0.00657004161726505,0.00011305857805563058,3.774252088991413e-05,3.968325961103255e-05,0.013163974897343366,4.4380121707549047e-05,5.364520400715658e-05,4.015913894107503e-05,0.00033486478706449814,0.00014837954290195044,5.596363055891234e-05,3.765029581025394e-05,0.42327847360122506,5.823830519980714e-05,8.391369816835789e-05,0.0005760522955084692,4.917893018778131e-05,0.0002010457571789348,6.56744194668643e-05,7.548610715425684e-05,4.7867553956485623e-05,0.0006816884450332533,0.0002217656845913001,0.1699208532367321,2.814315106373631e-05,4.1982357212258585e-05,3.392876068981948e-05,4.1823504899147775e-05,0.00043065514172338216,5.8673316081355966e-05,0.00011846458387948215,2.216002384213664e-05,0.0004306846289655645,2.7201114993690584e-05,2.960583665657678e-05,5.5842910017788865e-05,5.934726673274163e-05,0.17911870425872398,3.367445219520271e-05,7.770185249419541e-05,0.007597732472754213,7.672278764010661e-05,0.00010453697581506318,6.393514582855617e-05,0.012809757357611279,4.434866714365733e-05,5.39109126378791e-05,4.039060952826445e-05,5.240468368309105e-05,0.00011501902086837837,3.9693866820201833e-05,0.0003157360647611757,4.431744010937125e-05,3.135452815654293e-05,4.3448371620393314e-05,4.227071195987749e-05,0.00016906489965908496,4.396402703368173e-05,2.751724485354991e-05,3.862634948250659e-05,6.663930716996028e-05,3.2696045482790616e-05,0.03940592957210907,7.638175792222724e-05
WaltherJohannAdam,0.000992356437905591,0.0001691460539139894,0.000299845306065556,0.0002563135945954607,0.00016125221603644648,0.00022001124709232646,0.0002981114199071596,0.0001465803329240008,0.00014243411921970752,0.00022949261397615326,0.08033689808365074,0.00021031884152224016,0.00026152963468441747,6.988449062640192e-05,0.00022187920760031982,0.00015142870795829808,0.0007148146317623497,0.0004606414565350972,0.00015377665361651448,0.00016168392369389118,0.001526972521741987,0.0001808206352507911,0.0002185699248562976,0.00016362282785751736,0.001364360015034024,0.0006045518167470211,0.0002280160314855966,0.00015340089535248577,0.13530099524067354,0.0002372838770373924,0.0003418946957611573,0.0023470449832903428,0.0002003727131734364,0.0008191329840672249,0.00026758129069540923,0.00030755764795300773,0.00019502969305379252,0.10699307052316047,0.0009035534473940953,0.35361810694237433,0.00011466535596359488,0.0001710512772017692,0.00013823801794941138,0.00017040405553894825,0.0017546444963262805,0.00023905626839001195,0.0004826674756091285,9.028793599784638e-05,0.2883477354129949,0.00011082716097762098,0.00012062486503868169,0.0002275241724258669,0.0002418021866124604,0.0002848755437610508,0.00013720187334734612,0.00031658539426163303,0.0049019981315176035,0.00031259633064358657,0.0004259213730561042,0.0002604948620860812,8.376240678565525e-05,0.0001806924780036812,0.00021965251772784186,0.00016456592258117032,0.0002135155972788026,0.0004686290081941453,0.00016172714129281685,0.001286422695681554,0.00018056524779431373,0.00012774966541586832,0.00017702434907193134,0.0001722261385278742,0.0006888314267458841,0.00017912531535624554,0.00011211518813667637,0.00015737769032881798,0.0002715125914829375,0.00013321549123605284,0.004230542405936051,0.00031120685247512414
WangenheimKarlAugustFreiherrvon,0.00016045273734344642,2.7348991072826362e-05,4.848157204415604e-05,4.144298993815029e-05,2.607264736484344e-05,3.557331367428243e-05,4.820122239383909e-05,2.370037091511988e-05,2.302997536665259e-05,3.710634274746333e-05,0.00035170164303068285,3.400616204835509e-05,4.228636423230274e-05,1.1299526450923665e-05,3.587534162039981e-05,2.4484297956055385e-05,0.004328197415904667,7.448047879945347e-05,2.4863934036000202e-05,2.6142449577761336e-05,0.00024689407112511345,2.9236637951786547e-05,3.5340268279169236e-05,2.645594830525185e-05,0.004433221508855282,9.774914552652055e-05,3.6867596170655436e-05,2.480317820297505e-05,0.16510571140750085,3.83661012755353e-05,5.5280479596486974e-05,0.0003794904510640826,3.239798633791881e-05,0.00013244447712687274,4.326484810698178e-05,0.042175928856004435,3.1534080818559934e-05,0.2279305627437632,0.00014609430486133747,0.2383186829355035,1.8540082514756487e-05,2.7657043986172638e-05,2.235151356676715e-05,2.755239561236173e-05,0.0002837060372121544,0.286496814622172,7.804183530223009e-05,1.4598531260118232e-05,0.0002837254627520292,1.7919490086034827e-05,1.9503667279056425e-05,3.678806816085348e-05,3.909666048973747e-05,4.606113192063752e-05,2.2183980781837687e-05,5.1188253707954356e-05,0.021855697428263626,5.054326753917052e-05,6.886663661311662e-05,4.211905328475504e-05,1.3543427484180115e-05,2.9215916384087977e-05,3.5515311220427726e-05,2.660843598427941e-05,0.004247143069665656,7.577197495890944e-05,2.614943737144529e-05,0.00020799990307764576,2.9195344707837372e-05,2.0655666379256725e-05,2.8622821700014442e-05,2.7847005685993268e-05,0.00011137619888155922,2.8962524027230627e-05,1.8127749412572096e-05,2.544618067208068e-05,4.3900494683740704e-05,2.153942818216501e-05,0.0006840305393822093,5.031860473950219e-05
WeldenFranziskaFannyvon,0.031172032451258214,9.929584689675721e-05,0.00017602180432146826,0.00015046685901079376,9.466183209606374e-05,0.0001291558543715897,0.00017500394022983484,8.604881969932563e-05,8.361481789049779e-05,0.00013472181546073922,0.001276921419394197,0.00012346600469860858,0.00015352889389777828,4.102513491225557e-05,0.0001302524257447842,8.889501973747992e-05,0.0004196262495791269,0.00027041590675042814,9.027336257909722e-05,9.491526264596935e-05,0.0008963970853943026,0.00010614931710299846,0.0001283097376058365,9.60534809284769e-05,0.0008009367054685466,0.00035489734018503066,0.0001338549994427474,9.005277667601632e-05,0.20178528409824995,0.00013929561453059248,0.0002007065644131205,0.0013778141075588234,0.0001176272090844908,0.0004808655093744166,0.00015708147047189597,0.0001805492733433661,0.00011449063157948897,0.001630476892202307,0.0005304238715560184,0.2534729160261597,6.731338607469347e-05,0.00010041429308873116,8.115152998246015e-05,0.0001000343467544678,0.09279848257824977,0.000140336082790528,0.00028334610622662886,5.300281538950459e-05,0.0010301206371787957,6.506020420690385e-05,7.081186852229796e-05,0.00013356625749010018,0.015436686797144097,0.00016723392431201292,8.054326952713854e-05,0.0001858489400783634,0.0028776790512823475,0.00018350719197893458,0.00025003375763374945,0.2907529575915949,4.9172055318072276e-05,0.00010607408340943443,0.00012894526514867262,9.660711719206124e-05,0.00012534263476371996,0.00027510493548189407,9.49406331940068e-05,0.0007551842214413299,0.00010599939392601072,7.499442596926524e-05,0.00010392073746741315,0.00010110398609464168,0.00040437301553966203,0.00010515409303010688,6.581633031581956e-05,9.238732256681475e-05,0.00015938930936065896,7.820309558494162e-05,0.09425193877232466,0.0001826915098610876
WeldenJosephinevon,0.0004722324056542831,8.04914896459123e-05,0.00014268730951786632,0.0001219718850549003,7.673505102328946e-05,0.00010469669618376836,0.0001418622055527645,6.975314573904336e-05,6.778008807836294e-05,0.00010920859183074991,0.027357833595315455,0.00010008437361084396,0.00012445404072509064,3.325591477602692e-05,0.00010558560207550482,7.206034073320552e-05,0.0003401586569705199,0.00021920533273585388,0.04686914534055391,7.694048763641284e-05,0.0007266400254651313,8.60470696966853e-05,0.00010401081453797636,7.786315346750746e-05,0.0040749733930182785,0.0002876879192396326,0.00010850593089660591,7.299884504676036e-05,0.12939824453670729,0.00011291621820163295,0.00016269734189510105,0.0011168876991187108,9.535131204375735e-05,0.00038980060474363336,0.002852799328908743,0.00014635737968985636,0.00301755671063852,0.02792063704567187,0.011331835701859621,0.47230033729932186,5.456577377194848e-05,8.139812776718623e-05,0.01336525084120969,8.109013455915045e-05,0.0008349822300916411,0.00011375964562371414,0.00022968684882927452,4.296529713437428e-05,0.1138426902268306,5.273929290039584e-05,5.740172383943271e-05,0.0001082718700509795,0.00011506634502967913,0.002861029140715496,6.529022056614653e-05,0.00015065341102911623,0.016279441648612992,0.0001487551363399997,0.00020268309544336786,0.00012396162375196272,3.985999520823966e-05,8.598608354010586e-05,0.00010452598773235053,7.831194371373235e-05,0.016454398542022804,0.00022300636691184123,7.696105358421917e-05,0.0006121696409327497,8.592553853274107e-05,6.079220078240135e-05,8.424053195851265e-05,0.08648801198363362,0.00032779403580936677,8.52403182497511e-05,5.335222605690614e-05,7.489128146046546e-05,0.00012920462783717467,6.339322192496642e-05,0.014841866976710444,0.0001480939257174516
WilmansFriedrich,0.0005247732512849133,8.944701849447975e-05,0.00015856278060596564,0.00013554254625310297,8.527263637744825e-05,0.00011634531005770793,0.00015764587510513572,7.751392034630095e-05,7.532133916980734e-05,0.00012135920177664719,0.04302755147945371,0.00011121981785601373,0.0001383008679727578,3.695598673981289e-05,0.00011733311612376258,8.007781516575376e-05,0.00037800490231882126,0.0002435942425412455,8.131944471521582e-05,8.550092998481376e-05,0.0008074864073522538,9.562071553667746e-05,0.00011558311683049769,8.652625214025157e-05,0.002489753969039012,0.0003196962405102244,0.005425356984072844,8.112073800220485e-05,0.3682357596229692,0.00012547934076309017,0.00018079914054905125,0.0012411532587954994,0.00010596015317109996,0.00043317004139249195,0.0001415010761633235,0.00016264118486949888,0.00010313468247048771,0.0014687552530095243,0.0004778128726603788,0.029734591880578205,6.063679274934301e-05,9.045452968800018e-05,7.310237668594268e-05,9.011226898073111e-05,0.0009278828271923015,0.00012641660839912878,0.29127834547877574,4.7745640493241436e-05,0.008656999145950714,5.860709657877551e-05,6.378827223185206e-05,0.00012031825979970163,0.00012786869192306702,0.0001506465415053483,7.255444758420311e-05,0.00016741519509525147,0.13932091918644154,0.00016530571728620664,0.0002252337317447326,0.00013775366440755947,4.4294840911325476e-05,9.555294402568339e-05,0.0001161556084870412,8.702497504413633e-05,0.0018811698517201135,0.00024781818193823435,8.552378411165232e-05,0.008409332768837834,9.548566274641608e-05,6.755597556492394e-05,9.361318138383536e-05,9.10758143135227e-05,0.02934821253391541,9.472420446560875e-05,5.9288225026359666e-05,8.322372796600039e-05,0.00014358000810475805,7.044638779691282e-05,0.05908569849691329,0.00016457093999429692
