sender_norm,0,1,2,3,4,5,6,7,8,9,10,11,12,13,14,15,16,17,18,19,20,21,22,23,24,25,26,27,28,29,30,31,32,33,34,35,36,37,38,39,40,41,42,43,44,45,46,47,48,49,50,51,52,53,54,55,56,57,58,59,60,61,62,63,64,65,66,67,68,69,70,71,72,73,74,75,76,77,78,79,80,81,82,83,84,85,86,87,88,89,90,91,92,93,94,95,96,97,98,99
AdelheidLouiseTheresaCarolineAmelia,7.944502478691033e-05,0.04300323925703219,0.0001270072310515932,0.0001836662581928422,0.00018609055712370915,0.049227470522509004,0.00014020955803501864,0.01182694044220075,0.0001280376051988084,0.0006701870443365511,0.00035431585021242787,0.001746518259652096,0.0002252191989295714,0.09289435258067857,0.0003085943393852654,0.0002235400386376104,0.00011882893882988469,0.00013510256096750553,0.00034628847955857925,0.00011540139259745188,0.12023076764371717,0.00015512580502857854,0.0027807412878974153,9.569009857751648e-05,0.00013180310503165468,0.12346177812750332,0.00021822132313546107,0.00017284953802522985,0.00011797364692984889,0.00011593831908993784,0.00034094440133299004,0.00014580682222569463,0.00011436201893336592,8.623409762478605e-05,8.839910384244237e-05,0.0001465528226204933,0.000120562535802107,7.51977598048224e-05,0.0006843243645534739,0.00013195080366679068,3.500488476665947e-05,0.00012109184048507148,0.00026042786249793807,0.00013485170226165458,8.18733598343168e-05,0.41818130775778856,0.046846547909020146,0.0004354566146209538,0.025025656798327415,0.04308044621687302,0.00017576600123145997,5.6660393598529084e-05,0.0022975300440812446,0.00013982109326796352,8.936110619736798e-05,0.0013024693475763988,0.00011472836809847687,0.00034301583731800693,0.0002215882421254808,8.769680932935036e-05,0.001778835337244284,0.00012392526357576575,7.138357363934505e-05,0.00012436111712516932,0.00013876635424818338,0.0001714703390226584,0.0001613717869941471,0.00014214656341891052,0.00012774002990867056,0.00013056600534794798,9.414093798760994e-05,0.00010536483197443943,0.0007356855487977244,0.0002251605963462521,0.00012547865513601707,0.00019043833626456418,9.612879392052688e-05,0.00011207406179759541,7.998647194143991e-05,0.0001656594305176986,0.00018762119425191304,0.00012664405288620735,7.025849624452692e-05,6.448815542226307e-05,0.0004049285321305745,0.00014545689375807498,0.0003365639234555806,0.00011938141495770013,0.0001354781494660356,0.00046945681690015634,0.00014422061924354197,0.0001376509563143921,9.9526382261987e-05,0.00023024289304737416,0.00023944330067543498,0.0008384711418186951,8.137948870704931e-05,0.0005686117054065953,3.8768338988133454e-05,0.00017374255429529231
AdersbachGerson,0.00013485452789590454,0.016144360942602225,0.00021558933650997692,0.00031176560905402285,0.2235117812087381,0.17014455187825886,0.00023799972126663883,0.0031558587010378733,0.0002173383525062781,0.0011376138116687734,0.0006014359846270148,0.11456259019130526,0.00038229994673933765,0.0016244035331513778,0.0005238256777031709,0.00037944964404207837,0.0002017070356420318,0.00022933081241611602,0.0005878098666583468,0.00019588892267327268,0.04146693781379479,0.00026331941185381644,0.004720189270327237,0.0001624298450733155,0.0002237301272412299,0.1899186023413449,0.000370421352214128,0.000293404689720207,0.00020025521426363967,0.00019680033240413009,0.000578738522693339,0.00024750083756645564,0.00019412463038242492,0.00014637868834343817,0.0001500536936965971,0.00024876714129435507,0.00020464974227316288,0.0001276449774483522,0.001161611307404724,0.000223980839350208,5.941929305101282e-05,0.00020554821430870845,0.00044206514558084036,0.00022890499050421095,0.0001389765226623413,0.008317503611544555,0.003380610878819169,0.07513780244327325,0.00018031513259320888,0.000366559588664991,0.00029835526113555804,9.617859204676993e-05,0.07829859235945627,0.00023734031895786083,0.00015168665150303254,0.002210885948332436,0.0001947464924038493,0.0005822546965830863,0.00037613655303483045,0.00014886157883149467,0.003019496818737909,0.000210357828683552,0.0001211705597484123,0.00021109767142127192,0.00023554994463363663,0.0002910635584679335,0.00027392169879969275,0.0002412877049670304,0.0002168332311928584,0.00022163020349831567,0.00015980021130396194,0.0001788522907615161,0.0012487947184743392,0.00038220047136340037,0.000212994644343904,0.00032326092161369304,0.0001631745116340029,0.00019024092111028402,0.00013577361125701517,0.00028119979009244973,0.00031847894367170384,0.00021497285712481,0.00011926078904431211,0.00010946588257317624,0.0006873488450474675,0.00024690684897592073,0.0005713028490598928,0.0002026448402130561,0.00022996835781040917,0.0007968828454694576,0.03744412506859778,0.00023365660440017406,0.00016894177236557396,0.0003908274523995955,0.00040644475040485024,0.0014232688615502865,0.00013813819757039602,0.0009651940230916217,6.580759544824922e-05,0.0002949205466014357
AretinJohannChristophANDBaboJosephMariusFranzvon,7.124666959600432e-05,0.008529427731222287,0.00011390067850450425,0.00016471275889835062,0.0001668868815119782,0.2274638097361183,0.00012574058705773947,0.0016673108843485054,0.00011482472285622808,0.0006010268741616178,0.09858391604733176,0.4928971054224144,0.0002019776303909691,0.0008582087944896735,0.0002767488460901303,0.0002004717515918754,0.00010656634781051164,0.00012116060821485012,0.0003105531271994497,0.00010349250832714346,0.04156114543715085,0.00013911754708781121,0.0024937817856082725,8.581532770929032e-05,0.00011820164070821684,0.0610317887077314,0.0001957019026671229,0.00015501227368909575,0.00010579931803648316,0.00010397402651547678,0.00030576053286575784,0.00013076023974844321,0.0001025603931666215,7.733514185264632e-05,7.927672954899846e-05,0.00013142925638969,0.0001081210456789288,6.743770250615635e-05,0.0006137052890172951,0.00011833409753462658,3.139254428966218e-05,0.00010859572859285498,0.00023355292446256964,0.00012093563695479973,7.342441181781145e-05,0.004394323579054882,0.0017860524972643644,0.0003905195275413327,9.526452597086448e-05,0.0001936616464300047,0.00015762777152549917,5.081330583912274e-05,0.002060435683374853,0.00012539221003875933,8.013945775779192e-05,0.001168060599321363,0.00010288893681039832,0.0003076182063400833,0.000198721371356092,7.864690854677005e-05,0.021248500632957527,0.0001111367556654734,6.401712252347896e-05,0.00011152763116598328,0.00012444631515542526,0.00015377540157650077,0.0001447189729114807,0.00012747770254057793,0.00011455785594501179,0.0001170922039290254,8.442603325068491e-05,9.44916738443546e-05,0.02031299902645743,0.0002019250753203095,0.00011252984447806177,0.00017078599016926365,8.620875174359077e-05,0.00010050854251216844,7.173224193519029e-05,0.00014856415166606332,0.00016825956404354042,0.00011357497862810376,6.300814785661288e-05,5.783327923365153e-05,0.000363141800459926,0.00013044642226293538,0.00030183209982867964,0.00010706181098449548,0.00012149743773602663,0.00042101106787983836,0.00012933772549931618,0.00012344602107445483,8.925572485029601e-05,0.00020648290275915703,0.00021473387132746208,0.0007519448394304456,7.298150588226906e-05,0.0005099336353936051,3.476762762781004e-05,0.00015581313485450726
AretinJohannChristophANDBaboJosephMariusFranzvonANDSchererJoseph,1.3737903152056184e-05,0.005434228195737882,2.1962521183391875e-05,3.176019233578919e-05,3.2179410329782066e-05,0.3129193930020868,2.424551234572783e-05,0.00032149370045548767,2.214069697580672e-05,0.00011589101688310252,0.0038508390348106045,0.3906276760904399,3.894566778948145e-05,0.00016548126908662173,5.3363179873361184e-05,3.865530169632945e-05,2.054830315284306e-05,2.3362393090626402e-05,0.015218159523262475,1.9955600232595307e-05,0.019382598859787933,2.682488036958221e-05,0.0004808552153709304,1.654705641284193e-05,2.2791839978927152e-05,0.01555782210461059,3.773557137139276e-05,2.9889728395673023e-05,2.0400403176463845e-05,2.004844738285211e-05,5.8957262312040014e-05,0.003814782946459014,1.977586821319812e-05,1.4911892654723685e-05,1.5286272873265232e-05,2.5342411173273745e-05,2.08480826213871e-05,1.3003451685251966e-05,0.00011833569024673513,2.2817380527887038e-05,6.0531634052997176e-06,2.093961178248938e-05,4.5034069316360245e-05,2.3319013752334617e-05,1.4157819085011002e-05,0.0008473208935963863,0.0003443896587873912,7.530063480539788e-05,1.83690667793358e-05,0.022774759382944192,3.0394053105510936e-05,9.797907444825016e-06,0.00039729668810837854,2.4178337700592985e-05,1.545262558345024e-05,0.00022522741736842564,1.983921855343189e-05,5.9315462048577e-05,3.831779042324372e-05,1.5164829723981095e-05,0.00030760224006555524,2.142957691388891e-05,1.2343889676356053e-05,2.1504946188003266e-05,2.399594865177212e-05,2.9651232626107092e-05,2.7904956756525543e-05,2.4580465886749343e-05,2.2089239247304224e-05,2.2577916505559407e-05,1.6279170309109163e-05,0.18570712731813946,0.00012721724043587526,3.8935534032002456e-05,2.169819465136453e-05,3.293124304584962e-05,1.6622917099545724e-05,1.9380226904864734e-05,1.3831532030526993e-05,2.8646390617677753e-05,3.244409329368835e-05,2.1899719183186137e-05,1.2149337477146146e-05,1.1151510570008237e-05,7.002161523437102e-05,2.515289943715397e-05,5.8199775219538136e-05,2.0643839198783122e-05,0.015181705485945069,8.118006510723051e-05,2.493911865483859e-05,2.380307025779429e-05,1.72104395996737e-05,3.981438201596751e-05,4.140534770944873e-05,0.00014499127381475857,1.407241721454528e-05,0.003887895800950976,6.703952674363239e-06,3.004415179807277e-05
BassewitzAdelheidHenriettevon,1.1191285324939355e-05,0.19268458495046625,1.789129230988758e-05,2.5872752957322298e-05,2.6214259818463683e-05,0.04058450187268502,1.9751081624837915e-05,0.05102942111230477,1.8036439360994372e-05,9.440810742227746e-05,4.991187032179119e-05,0.00024602905243480475,3.1726244942784596e-05,0.00013480573256219707,0.0017564909173176497,3.1489704492529224e-05,0.0027648812416492096,1.903166764656215e-05,4.878106829061017e-05,1.6256397614797138e-05,0.00035416063376445526,2.1852307932337313e-05,0.01580889611400423,1.3479701199980056e-05,1.8566878908762472e-05,0.20584131800753946,3.0740466098981155e-05,2.4349020011169073e-05,1.66187467013432e-05,1.6332033535259702e-05,4.802825709341083e-05,0.013724697625495578,1.6109982817077414e-05,0.003438187167151418,1.2452631190225475e-05,2.0644646502664304e-05,1.6983439067186285e-05,1.059298034117653e-05,9.639960764147915e-05,1.8587684963922567e-05,4.931078494104207e-06,1.7058001316323605e-05,3.668602940959377e-05,1.8996329607950497e-05,1.1533360746943046e-05,0.3266391815795796,0.02913604069824887,6.134203159891517e-05,1.496396249158614e-05,3.041998670232936e-05,2.4759857215489335e-05,7.981653137944311e-06,0.034584044310976975,1.9696359254765513e-05,1.2588146823408458e-05,0.025878773013774524,1.616158979997291e-05,4.832005675239326e-05,3.121475824231341e-05,1.235370015836749e-05,0.0002505815041103182,1.745714080100856e-05,1.0055682432656949e-05,1.7518538748134216e-05,1.9547779965560597e-05,2.415473459683319e-05,2.2732168773196663e-05,2.0023944274012255e-05,1.7994520436725465e-05,1.8392610783440734e-05,1.3261473586327754e-05,1.4842564414864771e-05,0.00010363477018370158,3.171798969668875e-05,1.767596442424683e-05,2.6826724060568688e-05,1.354149946573074e-05,1.5787682192383573e-05,1.1267558063364074e-05,2.333616181331967e-05,2.64298780636165e-05,1.784013202032227e-05,9.897194696366082e-06,9.084336613215984e-06,5.7041592616241315e-05,0.004142703282022545,4.7411186635982375e-05,1.6817056585609305e-05,1.908457615861926e-05,6.613158218226275e-05,2.0316112985338865e-05,1.939065575845779e-05,1.4020111948362035e-05,0.035758280072827615,0.003459769486627626,0.00011811400160034663,1.146378996244364e-05,8.009936243803708e-05,5.4612298800825335e-06,0.009642971857713553
BayreutherPostamtANDOsmundEmanuel,2.096912235393775e-05,0.002510357532769509,3.352293205142916e-05,4.847780274052087e-05,4.911768448315009e-05,0.07273080313508225,3.700762112559955e-05,0.0004907183189642975,3.379489422428066e-05,0.00017689256401405914,9.351992066176594e-05,0.0004609848782634576,5.9445496448358494e-05,0.2952511211520869,8.145195344401733e-05,5.900229037335949e-05,3.136431216675743e-05,3.5659654444776913e-05,9.140113578036589e-05,3.0459628248356734e-05,0.0006635911288764543,0.05788379479249845,0.0007339629442745756,2.5256929436604737e-05,3.4788779328231126e-05,0.4980583627617895,5.7598441656218284e-05,4.562278281609711e-05,3.113856208928829e-05,3.060134734714496e-05,8.99905926974986e-05,3.8484991394869545e-05,3.0185290697425922e-05,2.2761064635900105e-05,2.3332507346086678e-05,3.868189451871622e-05,3.18218865349504e-05,1.984807771561232e-05,0.00018062403993946279,3.4827763654310506e-05,9.239366639086437e-06,3.19615938947173e-05,6.87386494968217e-05,3.559344152696804e-05,2.1610069409615576e-05,0.0012933251380660069,0.0005256660214162897,0.00011493662512297159,2.803799128296333e-05,5.699795909454757e-05,0.0173992475993614,1.4955231358749438e-05,0.0006064217203709084,3.690508776680933e-05,2.35864231216726e-05,0.04661806043987106,3.028198675218932e-05,9.053733800640463e-05,5.848712331308592e-05,2.314714017409541e-05,0.00046951481145902186,3.2709461940936716e-05,1.8841342094355788e-05,3.28245033350373e-05,3.6626694606047354e-05,4.5258750043586544e-05,4.259328705642727e-05,3.7518884140546165e-05,3.3716350694523504e-05,3.446225296989411e-05,2.484803614161515e-05,2.7810527586846996e-05,0.00019418057113256874,5.943002858560464e-05,3.31194719796755e-05,5.026525933779988e-05,2.537272090810797e-05,2.9581395698976105e-05,2.1112034659169903e-05,4.372498941156625e-05,4.952168860180796e-05,3.3427072966399216e-05,1.8544383466513826e-05,1.7021330474202235e-05,0.00010687888835860042,3.839262950219818e-05,8.883438717265304e-05,3.151013551507742e-05,3.575878917601444e-05,0.00012391081077605106,3.8066320943193616e-05,3.6332290824190255e-05,2.626949758898237e-05,6.0771475726576525e-05,6.319987793019316e-05,0.0002213103213222106,2.1479714562065e-05,0.00015008225442100478,1.023271181400712e-05,4.585849005492324e-05
BergnerCaroline,3.4564376146255856e-05,0.1185519991730075,5.5257402450769924e-05,7.99082088599048e-05,8.096295559026591e-05,0.07221302815064523,6.100137694237541e-05,0.0008088737464663222,5.570569030380097e-05,0.0002915802109814773,0.00015415321921254685,0.0007598627382248053,9.798676667343365e-05,0.00041634860622916,0.00013426102958274974,9.72562095605512e-05,5.169924925812711e-05,0.009593284503865096,0.00015066072790186693,5.020801682973709e-05,0.11550788852493166,6.749103155773668e-05,0.0012098251350303112,4.163216727009612e-05,5.734395718017567e-05,0.4491269841447704,9.494218066164522e-05,7.52021472085307e-05,5.1327134943518014e-05,5.04416189879459e-05,0.00014833566436969823,6.343659482285835e-05,4.9755813530935936e-05,3.751811765344372e-05,3.846005315496534e-05,6.376115936695961e-05,5.245349029454976e-05,3.2716506316427366e-05,0.00029773097567679284,5.7408216851499624e-05,1.5229676210391351e-05,5.268377641009986e-05,0.00011330510151501972,5.867031917274582e-05,3.562087888148471e-05,0.10701140323311717,0.0008664796639963543,0.00018945536568847207,4.621632039396246e-05,9.395237742713091e-05,7.64710212701505e-05,2.465140091764621e-05,0.0009995930250377657,6.0832366455386757e-05,3.8878594295060886e-05,0.1149807296113496,4.9915202119179526e-05,0.0001492368900001396,9.640703582075884e-05,3.815450385491699e-05,0.000773923022413025,5.3916521969068815e-05,3.1057057336846646e-05,5.4106150030318396e-05,6.0373478106952127e-05,7.460209511926159e-05,7.020848895220165e-05,6.184411546333052e-05,5.55762233637661e-05,5.680572865154542e-05,4.095816950265747e-05,4.584138144232312e-05,0.0003200768342915656,9.796127027843058e-05,5.459236051698244e-05,8.28545564051494e-05,4.182303171868925e-05,4.876038541873637e-05,3.4799945121942856e-05,7.207392639056356e-05,8.16288943017783e-05,5.5099393478525596e-05,3.0567566668646225e-05,2.805704783870327e-05,0.00017617342476074704,6.328435043484877e-05,0.00014642983722116065,5.193961664104201e-05,5.894286936536107e-05,0.00020424793179036816,6.274648091495166e-05,5.9888198709787536e-05,4.3301230281020257e-05,0.00010017243976746576,0.00010417528765892456,0.0003647960588008662,3.540600894524343e-05,0.0002473875352113404,1.6867053096724384e-05,7.55906743736484e-05
BornträgerJohannFriedrichWilhelm,9.089736807610361e-05,0.2866941167620312,0.00014531587170107526,0.00021014254220317336,0.00021291631429068395,0.3403487635869176,0.00016042137111393746,0.0021271755158702803,0.0001464947787297625,0.0007667973999919073,0.0004053920096109417,0.0019982864065439805,0.0002576855187321872,0.0010949132236105523,0.00035307954561713737,0.0002557643002351629,0.00013595864334971529,0.00015457817837210818,0.0003962074588229808,0.00013203700153107442,0.0028765480059394573,0.0001774878595054306,0.003181597149077557,0.00010948423938401575,0.00015080309161927055,0.32860343424905075,0.0002496788689323509,0.0001977665451273481,0.00013498005742997276,0.0001326513282953773,0.0003900930086506536,0.000166825505101229,0.00013084779766630835,9.866511507215648e-05,0.00010114221628247396,0.00016767904467344025,0.00013794214580946495,8.60378415112985e-05,0.0007829726759492646,0.00015097208165028016,4.0050990022736986e-05,0.00013854775204750032,0.0002979696631506156,0.0001542911573008455,9.367575810377691e-05,0.005606331496977841,0.0022786675106030193,0.0004982295654956672,0.00012153964151406218,0.00024707588519702004,0.00020110342909520092,6.482823394009418e-05,0.0026287289184302536,0.0001599769074736992,0.00010224289542985034,0.0014902259268223055,0.00013126695764510856,0.00039246305107535154,0.0002535311438298555,0.00010033868298349677,0.0020352621303847147,0.00014178962530867655,8.167382394413047e-05,0.00014228830902881734,0.00015877012327088303,0.0001961885286345193,0.00018463422673539628,0.0001626376041860181,0.0001461543066769113,0.00014938765867556723,0.00010771176060730915,0.00012055362736617134,0.0008417377966298416,0.00025761846833349355,0.00014356694496836837,0.0002178908445641646,0.00010998617455457986,0.0001282300216322483,9.151686717539956e-05,0.00018953995258273217,0.00021466759936871724,0.00014490033983529982,8.038656178586202e-05,7.378440142336311e-05,0.0004633007281238037,0.000166425132934352,0.0003850810659765828,0.00013659076129640858,0.0001550079095741263,0.000537131043713141,0.000165010644111521,0.00015749393590973494,0.00011387353992293535,0.00026343340004448445,0.00027396008615052016,0.0009593403766127623,9.311069332145978e-05,0.0006505795374519182,4.435696241716251e-05,0.0001987882935479136
BrockhausFriedrichArnold,6.916877829919304e-05,0.18844517038019565,0.00011057879370753844,0.00015990895248705622,0.0001620196673585019,0.15763473222609414,0.00012207339428950555,0.011263137004129271,0.0045994877133428156,0.006507640631239116,0.004996852118780239,0.01955930799168058,0.0001960870033241918,0.0008331793496745152,0.0002686775352210887,0.00019462504310358648,0.00047875956991984064,0.00011762698938391295,0.24630263183352757,0.00010047417520985478,0.002544601356395161,0.00013506021862647196,0.02218790237830886,8.33125451428734e-05,0.0008653567253969344,0.19716604404051533,0.00018999430562957327,0.006549948751282619,0.0001027137073910572,0.00010094165004067448,0.0015625739962446955,0.00012694665006512295,9.95692449548261e-05,7.507968178546737e-05,7.696464356233269e-05,0.00012759615500337857,0.005992423710401525,6.547089878172867e-05,0.003751092620514799,0.00011488291318064227,3.0476988588123666e-05,0.00010542856133305886,0.0029616222603557622,0.00011740857935438659,7.12830072138512e-05,0.009211403883839947,0.006475232541096045,0.0003791301232068668,0.0003761317375567739,0.001394458442687303,0.0015977509043141242,4.933134848498915e-05,0.002000343592075695,0.0001217351775991394,7.780221051872333e-05,0.0011339944041259856,9.988820670541552e-05,0.00029864659830114963,0.0001929257122695319,7.635319113208808e-05,0.003816078426784652,0.0002918364578171638,6.215007915860707e-05,0.00010827495570104093,0.0001208168695034674,0.0001492905804555793,0.0005083802359280308,0.00012375984723381672,0.00011121680473238284,0.00011367723909139575,8.196376910962901e-05,9.173584781324809e-05,0.0006405243218086857,0.0001960359810090216,0.0004999452037858826,0.00016580505948713786,8.369449506362633e-05,9.757723601145115e-05,6.964018904256984e-05,0.012529171013891343,0.00016335231594740001,0.0003939081704425221,6.117053098551075e-05,0.013020556043777174,0.006878375958614496,0.00012664198498808029,0.0065470224883736,0.00254963500495275,0.00011795399535636038,0.01018546242709216,0.007721657560732937,0.00011984574874915053,0.0009375893369297408,0.006932478617759623,0.010499130973311233,0.0019528623687356066,7.085301851912846e-05,0.0004950615484743991,3.375363846497269e-05,0.0005191508394131317
CarlAugust,0.00018233322854557482,0.02182836200903819,0.00029149262082030735,0.00042153000670601767,0.000427093983206877,0.1797517244710749,0.00032179310734742523,0.004266952802934803,0.00029385741893542597,0.0015381374460019474,0.0008131856345615566,0.004008411021965394,0.0005168976129269567,0.0021963129105235205,0.000708250798107562,0.0005130437942882187,0.1008651407559078,0.00031007210573668785,0.0007947621220511878,0.00026485621405980965,0.10636255522648162,0.0003560271890839963,0.006382042653171333,0.0002196170831374404,0.00030249956793660304,0.1058952753343172,0.2519818819447348,0.0003967046949168301,0.00027075976105125774,0.0002660885069709039,0.0007824969986015397,0.00033463931456613884,0.00026247076127222034,0.00019791474007107567,0.00020288361728579542,0.050632560463081684,0.0002767014857557393,0.00017258538670463113,0.00157058382316714,0.00030283854912602757,8.033924932983902e-05,0.0002779162859523289,0.0005977045522968461,0.00030949636322959867,0.0001879064682842696,0.011245875912324144,0.10516325228398224,0.0009994107327466859,0.00024379930577282202,0.000495615492475099,0.00040339823115465793,0.00013004052202379094,0.0052730309008200155,0.00032090154698422615,0.00020509149620222242,0.0029892802206587265,0.00026331156440909163,0.0007872511240094765,0.0005085642518565166,0.0002012717904117354,0.0040825815205000286,0.0002844192379162509,0.00016383149834358254,0.0002854195596487817,0.00031848082937144516,0.0003935393134770206,0.00037036225991158054,0.00032623870285579696,0.00029317445781191007,0.0002996603167692963,0.00021606162510025238,0.00024182143615149223,0.0016884621996960288,0.0005167631149109209,0.0002879844063976728,0.00043707251376787215,0.00022062392703299633,0.000257219701027002,0.0001835758967685,0.0003802027740104632,0.0004306069282914272,0.00029065909540308113,0.0001612493480539821,0.00014800591494091133,0.0009293461332742012,0.0003338361983554984,0.0007724434216015598,0.0002739907108841748,0.0003109341139458269,0.0010774441485508566,0.00033099884102307854,0.0003159208942851799,0.00022842168722287423,0.0005284274270365405,0.0005495431612346129,0.0019243640585443747,0.00018677299117400795,0.001305013225355202,8.897670347533623e-05,0.00039875424477978176
CarolineFriederikeWilhelmine,7.124666959600432e-05,0.008529427731222287,0.00011390067850450425,0.00016471275889835062,0.0001668868815119782,0.6008752326952206,0.00012574058705773947,0.0016673108843485054,0.00011482472285622808,0.0006010268741616178,0.00031775211072590016,0.0015662857393849484,0.0002019776303909691,0.0008582087944896735,0.0002767488460901303,0.0002004717515918754,0.00010656634781051164,0.00012116060821485012,0.0003105531271994497,0.00010349250832714346,0.0022546798625084985,0.00013911754708781121,0.0024937817856082725,8.581532770929032e-05,0.00011820164070821684,0.0610317887077314,0.0001957019026671229,0.00015501227368909575,0.00010579931803648316,0.00010397402651547678,0.00030576053286575784,0.00013076023974844321,0.0001025603931666215,7.733514185264632e-05,7.927672954899846e-05,0.00013142925638969,0.0001081210456789288,6.743770250615635e-05,0.0006137052890172951,0.00011833409753462658,3.139254428966218e-05,0.00010859572859285498,0.00023355292446256964,0.00012093563695479973,7.342441181781145e-05,0.12231372030298192,0.0017860524972643644,0.0003905195275413327,9.526452597086448e-05,0.0001936616464300047,0.00015762777152549917,5.081330583912274e-05,0.002060435683374853,0.00012539221003875933,8.013945775779192e-05,0.001168060599321363,0.00010288893681039832,0.0003076182063400833,0.000198721371356092,7.864690854677005e-05,0.0015952678456363446,0.0001111367556654734,6.401712252347896e-05,0.00011152763116598328,0.00012444631515542526,0.00015377540157650077,0.0001447189729114807,0.00012747770254057793,0.00011455785594501179,0.0001170922039290254,8.442603325068491e-05,0.1180138883977714,0.0006597662391362577,0.0002019250753203095,0.00011252984447806177,0.00017078599016926365,8.620875174359077e-05,0.00010050854251216844,7.173224193519029e-05,0.00014856415166606332,0.00016825956404354042,0.00011357497862810376,6.300814785661288e-05,5.783327923365153e-05,0.000363141800459926,0.00013044642226293538,0.00030183209982867964,0.00010706181098449548,0.00012149743773602663,0.00042101106787983836,0.00012933772549931618,0.00012344602107445483,8.925572485029601e-05,0.00020648290275915703,0.059174432233290976,0.0007519448394304456,7.298150588226906e-05,0.0005099336353936051,3.476762762781004e-05,0.00015581313485450726
CottaJohannHeinrich,0.12964328303685957,0.04121813354187642,4.876455401161836e-05,7.051884442798696e-05,7.144965643904911e-05,0.18037936392236623,5.383360072598039e-05,0.0007138295639806623,4.9160167201025185e-05,0.0002573189892484209,0.00013603992679627575,0.053067922374581314,8.647313778687988e-05,0.0003674268640154113,0.0001184851067615153,8.582842250513158e-05,4.562449049345303e-05,5.18727640690915e-05,0.0027252134105606933,4.43084806726351e-05,0.05854715730248339,5.956070875081885e-05,0.0010676684122884802,3.674030952272976e-05,5.06059346463841e-05,0.29610612636211553,8.378629634247526e-05,6.636575384822446e-05,4.529610030881816e-05,4.451463413906619e-05,0.00013090594555996283,5.598267593755349e-05,4.390941210968072e-05,3.3109668453119935e-05,3.394092476634122e-05,5.6269103538908485e-05,4.629010679329955e-05,2.887225545500912e-05,0.0002627470275545046,5.066264368578995e-05,1.3440160688022728e-05,4.6493333858304524e-05,9.999153955062713e-05,5.177644661685302e-05,3.1435358795684284e-05,0.0018813516506565482,0.10300969249207634,0.0001671940048419283,4.0785816055641244e-05,8.291279684467765e-05,6.748553282746487e-05,2.1754815069014667e-05,0.01902792817513541,5.3684449288240776e-05,3.431028653738099e-05,0.0005000844150563811,4.405007223982644e-05,0.00013170127548831886,8.507902827263494e-05,3.367127808219434e-05,0.0006829856155637849,4.7581229501724995e-05,2.740779484330402e-05,4.774857591007566e-05,5.327948118152459e-05,6.583620900501513e-05,6.195885980405953e-05,0.02338487772304419,0.07573409970561527,5.013094897947066e-05,3.614550775724224e-05,4.0454933134125616e-05,0.0002824672058659427,8.645063726611553e-05,4.817765575252876e-05,7.311899060994122e-05,3.69087470405919e-05,4.303094866787695e-05,3.071088629278651e-05,6.360510484424829e-05,7.203734610279879e-05,4.862511139000413e-05,2.697582024679799e-05,2.476029208857505e-05,0.0001554727168873196,5.584832055071326e-05,0.00012922405667630657,4.583661425799713e-05,5.2016971650589535e-05,0.00018024841667912996,5.5373651708333376e-05,5.2851223023808215e-05,3.821325449906152e-05,8.84019901925033e-05,9.193449594822069e-05,0.00032193183761160477,3.124573648000187e-05,0.00021831903577737685,0.005836812357545452,6.670862834264613e-05
CottavonCottendorfJohannFriedrichFreiherr,2.803853953008414e-05,0.028051492714835896,4.482467313715745e-05,6.482134852994767e-05,6.56769565631527e-05,0.2815406649791505,4.9484171551397493e-05,0.0006561564548185827,4.5188323174840216e-05,0.022850447810262426,0.0001250487239315882,0.10858421332843113,7.948663152989697e-05,0.0003377409968186649,0.00010891222712589038,7.889400534153867e-05,4.193830774974635e-05,4.768175863074494e-05,0.00012221562330629073,4.0728623558860525e-05,0.000887310674465191,5.4748563904363795e-05,0.0009814072653734642,3.3771914840479825e-05,4.65172813594084e-05,0.06791135826158133,7.701687061527629e-05,6.1003802537370596e-05,4.163644950483752e-05,4.091812107270355e-05,0.00012032953731183162,5.145961449060659e-05,4.036179732090328e-05,3.043460759914166e-05,3.119870343244848e-05,5.172290047503574e-05,4.255014628041918e-05,2.6539551929357308e-05,0.00024151865769313338,4.656940865159452e-05,1.2354277035076653e-05,4.273695382836275e-05,0.40663496337585303,4.759322304580008e-05,2.889557203025165e-05,0.06493932828294426,0.0007028862377892943,0.00015368574099429227,3.749056892616649e-05,7.62139445910801e-05,6.203311015122373e-05,1.9997157656677334e-05,0.0008108674789304355,4.934707064726492e-05,3.153822300751266e-05,0.00045968062048815463,4.0491092963711974e-05,0.00012106060939476846,7.82051576282072e-05,3.0950842568663636e-05,0.000627804510787341,4.373695408699409e-05,2.519341087316549e-05,4.389077991821585e-05,4.897482151298181e-05,6.0517041713049935e-05,5.69529588644701e-05,5.016779903054943e-05,4.5083299901726705e-05,4.608067166009366e-05,3.322516945831085e-05,3.718641934243253e-05,0.008739865054265146,7.946594891505265e-05,4.428519270589603e-05,6.721141863470366e-05,3.3926743626167195e-05,3.955430840933824e-05,2.822963252157668e-05,5.846619726735894e-05,6.621716445836669e-05,4.469649663555841e-05,2.4796337210042785e-05,2.275981032014545e-05,0.00014291146217721017,5.133611420599628e-05,0.00011878353487233538,4.2133293197743006e-05,4.781431511230343e-05,0.00016568543535140637,5.0899795733710005e-05,4.858116402288391e-05,3.512585477597804e-05,8.125964433323957e-05,8.450674500020009e-05,0.0002959216932435495,2.8721270050212008e-05,0.00020068017880382383,1.368251326184471e-05,6.131897484748457e-05
DalbergKarlTheodorReichsfreiherrvon,6.76527017509726e-05,0.05544647172649421,0.00010815507132884696,0.000156403986537427,0.00015846843768417982,0.38117546514454304,0.00011939772739477672,0.0015832050343488019,0.00010903250317634695,0.0005707086674021269,0.0003017234194886062,0.011510888792170687,0.017468253249660816,0.0008149172998947834,0.0002627885240198149,0.00019035915217994733,0.010124803502875496,0.00011504878105888883,0.0002948875815724374,9.827193101119978e-05,0.11134125264652098,0.00013209989989463878,0.0023679854276757104,8.148645830182333e-05,0.00011223907574420971,0.06072386183232769,0.0001858299135708548,0.00014719283271897197,0.00010046237598423696,9.872915949033714e-05,0.00029033674492408355,0.0001241641686656918,9.738683547887629e-05,7.343404704098138e-05,7.527769326458021e-05,0.00012479943742356293,0.00010266698636998573,6.403587424212287e-05,0.0005827475321486461,0.00011236485091689907,2.980897841366356e-05,0.01737958190562313,0.00022177157797449915,0.00011483515825174527,6.972058991834708e-05,0.030087352540256036,0.0016959568439362156,0.0003708201558682567,9.045900109436301e-05,0.00018389257604352897,0.00014967639435153478,4.825007883748036e-05,0.001956499041356424,0.00011906692391026863,0.010099709691177627,0.0011091389366132873,9.769880606319477e-05,0.2615579290271113,0.0001886970681455113,7.467964296044858e-05,0.01015302822615968,0.00010553057184624741,6.078784203660911e-05,0.00010590173001837956,0.00011816874375963374,0.00014601835339787567,0.00013741876732770907,0.0001210472158036224,0.00010877909810276113,0.00011118560340704934,8.01672454293443e-05,8.972513472967742e-05,0.0006264849831542066,0.00019173916442900932,0.00010685338767027216,0.00016217085965817147,8.186003644947735e-05,9.543848840314103e-05,6.811377987332895e-05,0.00014106997983964872,0.00015977187660186023,0.0001078458010608696,5.982976409978991e-05,5.4915936610942583e-05,0.000344823471176039,0.00012386618139314018,0.00028660647780966067,0.00010166118372302522,0.00011536861954770933,0.0003997735805847484,0.00012281341174219773,0.0001172189085251325,8.475330800869596e-05,0.00019606707676654328,0.00020390183337865437,0.0007140137250432807,6.93000259350635e-05,0.00048421053704954524,3.301380900792337e-05,0.0001479532952342691
DegenGeorgChristoph,6.855212774666168e-05,0.027116795143731744,0.0001095929663456173,0.019068432846958184,0.0001605752365061107,0.21886115142211826,0.00012098509075301126,0.058334101878978285,0.00011048206343327268,0.0005782960984749619,0.057035583281890165,0.039326947986827315,0.00019433885680610456,0.0008257514245474857,0.00026628223267822473,0.00019288993019112287,0.000102536019297821,0.0001165783262474551,0.00029880803928968345,9.957843211330498e-05,0.0021694080977951624,0.00013385613550560545,0.002399467210308787,8.25698006813055e-05,0.00011373126659311409,0.05872357262204305,0.01909824998443903,0.00014914972515194354,0.00010179799851238848,0.0001000417393323812,0.0002941967003897161,0.0001258149006858575,9.868156945402518e-05,7.441033459739615e-05,7.627849164314166e-05,0.00012645861518529238,0.0001040319186498543,6.488721540750679e-05,0.0005904950169611151,0.00011385871391572507,3.020528143477385e-05,0.00010448864910391121,0.0002247199764445188,0.00011636186337774131,7.064750797755732e-05,0.0042281307050516794,0.058448352696084685,0.00037575011844596847,9.166163121884536e-05,0.00018633738251876201,0.00015166630512429772,4.889155174362124e-05,0.0019825102139007854,0.00012064988931770845,7.710859155820035e-05,0.0011238846654105354,9.899768761037204e-05,0.3217651257522969,0.00019120574915909629,7.567249040761564e-05,0.0015349349768110085,0.00010693357478924646,6.159600141435019e-05,0.00010730966741779925,0.00011973976808334172,0.0001479596314177425,0.00013924571597027848,0.00012265650870370973,0.00011022528940168928,0.0001126637886008763,8.123304919882795e-05,9.091800828171436e-05,0.09518456148643804,0.00019428828936291008,0.00010827397712362249,0.00016432688126772545,8.294834545835827e-05,9.670731958411932e-05,6.90193357890147e-05,0.00014294547045266465,0.00016189600432294833,0.0001092795844056518,6.0625186067494606e-05,5.56460304532744e-05,0.00034940781423806633,0.00012551295174596103,0.000290416840293391,0.00010301274410459864,0.00011690241691015515,0.0004050884718080315,0.00012444618578198112,0.00011877730502349988,8.588008234986365e-05,0.0001986737402282884,0.00020661265799855647,0.0007235063615376317,7.02213526997707e-05,0.0004906479967981899,3.34527194619026e-05,0.00014992029782895342
DieskauJohannaSidonieDorotheavon,2.9028859920281264e-05,0.06753560724458432,4.640787927184284e-05,6.711083665041144e-05,6.799666473414336e-05,0.03662540991197228,0.3283605934517513,0.008686877283929188,4.678437341814357e-05,0.0002448833754236365,0.00012946544117696074,0.0006381700307054037,8.229409701388493e-05,0.0003496699988765699,0.00011275900377946111,8.168053928601235e-05,0.04808869198228328,4.9365876940895117e-05,0.00012653227552103993,4.2167157343108646e-05,0.11302428609573913,5.66822815685926e-05,0.01703116134598764,3.496473787773692e-05,4.816027036664005e-05,0.3451687081947916,7.973710421651809e-05,0.008070703857502389,4.310704767475332e-05,4.236334790355808e-05,0.00012457957302481994,5.327716655843278e-05,4.178737481323331e-05,3.150955704295058e-05,3.2300640718579794e-05,5.354975179607567e-05,4.405301619353134e-05,2.74769281216564e-05,0.0002500490895678005,4.821423879325054e-05,1.279062973600293e-05,4.4246421778564985e-05,9.515918662079034e-05,4.927421428169823e-05,2.991616278310681e-05,0.017805521211612794,0.0007277121590012323,0.00015911391683868313,3.88147347161798e-05,7.890581886880121e-05,6.422411777429149e-05,2.0703456676001988e-05,0.0008395072943983896,5.109000772877908e-05,3.265215211503313e-05,0.00047591652646176795,4.1921237174337015e-05,0.00012533646655218898,8.096736149173921e-05,3.204402541638797e-05,0.0006499785476134513,4.5281742016871526e-05,2.608324140301673e-05,4.54410009719204e-05,5.070461076603942e-05,6.265450184354423e-05,5.896453569374917e-05,5.193972421438283e-05,4.667564072611762e-05,4.7708239625607894e-05,3.4398681464776656e-05,3.849984257810849e-05,0.00026881623863428015,8.227268388969356e-05,4.5849344407642184e-05,6.958532396085679e-05,3.512503521157356e-05,4.095136541710014e-05,2.922670231060379e-05,6.0531221632448587e-05,6.855595275630198e-05,4.627517557998336e-05,2.567214310981018e-05,2.3563686150157035e-05,0.00014795909081118808,5.3149304247408316e-05,0.00012297896582470533,4.3621439872255375e-05,4.9503115313477195e-05,0.00017153744004698378,5.269757501953468e-05,5.029704930498827e-05,3.636649893187033e-05,8.412973257720923e-05,8.749152074406836e-05,0.0003063736387311633,2.973570446226704e-05,0.00020776819680720792,1.4165779227171067e-05,6.348475923266242e-05
DoerfferWilhelmine,1.5239425589056233e-05,0.2960876937002112,2.436297618478093e-05,3.5231511129333515e-05,3.569654872308681e-05,0.09489512430726424,2.6895493232965564e-05,0.0003566322510221246,2.456062619732093e-05,0.00012855764876794625,6.796611932362495e-05,0.0003350233086248777,0.016858246770926708,0.00018356800588237613,5.919565743581428e-05,4.288024069638037e-05,2.279418725063965e-05,2.59158509960521e-05,6.64262806983212e-05,2.213670321180509e-05,0.029908596269864317,2.975678047827829e-05,0.0005334116271345318,1.8355613089591322e-05,2.528293769086229e-05,0.2316500741128916,4.185998588065376e-05,3.315660961656904e-05,2.2630122133881505e-05,2.223969835027953e-05,6.540116071529637e-05,2.79691802431325e-05,2.1937326880114746e-05,1.6541729548416778e-05,1.6957028697008064e-05,2.811228067687815e-05,2.3126731952217348e-05,1.442470020096374e-05,0.0001312695195245144,2.5311269765347737e-05,6.714760780625862e-06,2.322826504823704e-05,4.995619351242503e-05,2.5867730392006264e-05,1.5705237404956702e-05,0.3246295364281352,0.0003820306869717152,8.353082768339389e-05,2.037676516027808e-05,4.142358185946265e-05,3.371605590201959e-05,1.086879706322014e-05,0.00044072033760843006,2.682097654765537e-05,1.714156339057394e-05,0.0002498442760595316,2.200760127245456e-05,6.579851089097862e-05,4.250584018745788e-05,1.682231208004464e-05,0.00034122248472864104,2.377178228507807e-05,1.3693049522931895e-05,2.385538925419511e-05,2.6618652779100612e-05,3.2892046786756045e-05,3.095490682602854e-05,2.7267056455364928e-05,2.4503544252877445e-05,2.504563285488723e-05,1.805844762707555e-05,2.021145466169512e-05,0.00014112180351027038,4.319110180668724e-05,2.406975934728699e-05,3.653055509255336e-05,1.8439765181607205e-05,2.149844285163031e-05,1.5343287896909893e-05,3.177737776873165e-05,3.599016094967589e-05,2.4293310064821718e-05,1.3477233198545962e-05,1.2370346016872224e-05,7.767482294632494e-05,2.790205572705253e-05,6.45608819585543e-05,2.2900165175149797e-05,2.5987897710000612e-05,9.005286671650572e-05,2.7664909177946333e-05,2.640469320315749e-05,1.9091502591857943e-05,4.416600593197384e-05,4.593086065777815e-05,0.00016083849943517598,1.561050129889136e-05,0.00010907310806249388,7.436679877760088e-06,3.332791115538704e-05
DoeringHeinrich,3.3917601069379654e-05,0.00406050877575232,5.422341559196334e-05,7.841295149695647e-05,7.94479616090512e-05,0.2299153556438203,5.985990775761385e-05,0.000793737949501835,5.46633149987693e-05,0.3464615872947777,0.00015126867531726497,0.19722360963720628,9.615321995238496e-05,0.0004085578131692269,0.00013174871206362486,9.543633316095855e-05,5.0731843227945096e-05,5.7679568716081554e-05,0.00014784153615778246,4.92685150199128e-05,0.0010733600959786592,6.622812674095359e-05,0.0011871866606251902,4.085313836262498e-05,5.627092631867085e-05,0.04776690475562086,9.316560480399351e-05,7.37949505521744e-05,5.036669198605051e-05,4.9497745970807034e-05,0.000145559979649678,6.224955738524605e-05,4.882477343389098e-05,3.681607161254664e-05,3.7740381440634105e-05,6.256804861683983e-05,5.147197076490081e-05,3.2104308925726894e-05,0.00029215977792489454,5.6333983550995616e-05,1.494469565815759e-05,5.169794772354734e-05,0.00011118491524483352,5.757246917734195e-05,3.495433432765031e-05,0.1330772666223272,0.01020635953397568,0.0001859102414197952,4.535151195508721e-05,9.219432295289392e-05,7.504008120482081e-05,2.41901192889499e-05,0.0009808884532301314,5.969405982649637e-05,3.8151090760565575e-05,0.0005560654786713618,4.89811795130339e-05,0.00014644434137741372,9.460304931914994e-05,3.744054963628688e-05,0.0101155348295962,5.2907625916847744e-05,3.0475911866099768e-05,5.3093705622316966e-05,5.924375828274123e-05,7.320612674992904e-05,6.889473456394715e-05,6.068687679760476e-05,5.453627066835249e-05,5.574276922302433e-05,4.019175256758256e-05,4.498358893129926e-05,0.0003140874966501384,9.612820065069812e-05,5.357081804733629e-05,8.130416643538023e-05,4.1040431319926335e-05,4.784797195887033e-05,3.4148762034295256e-05,7.072526558775384e-05,0.009436195038807152,5.406836331318683e-05,2.9995580638915038e-05,2.7532039107285383e-05,0.00017287683465707986,6.210016182272497e-05,0.00014368981469551338,5.096771281139429e-05,5.7839919359731796e-05,0.00020042600625563435,6.157235701797296e-05,5.8767559524500356e-05,4.249096955404125e-05,9.829799432232504e-05,0.00010222594017470849,0.0003579699266590129,3.474348507787949e-05,0.0002427583733416892,1.6551433641677726e-05,7.417620752424638e-05
DönhoffStanislausOttovon,3.499483563350678e-05,0.07617419575003248,0.04520871516390646,8.09033735481788e-05,8.197125593401391e-05,0.02860885742957637,6.176107881950765e-05,0.03468352453279086,5.639944050440253e-05,0.00029521150661315613,0.00015607301997560793,0.01582024915133337,9.920707897304363e-05,0.00042153374849230056,0.00013593309603948027,9.846742361291125e-05,0.08841007590471754,5.951149146727526e-05,0.00015253703370895187,5.083329984045781e-05,0.17912145357164536,6.833155460711699e-05,0.0012248921133864313,4.215064795380352e-05,5.8058110107463246e-05,0.27032298598963633,9.612457614979648e-05,7.613870332025036e-05,5.196635528113834e-05,5.106981124444087e-05,0.00015018301418892886,6.422662453335697e-05,5.0375464870501615e-05,3.798536258850009e-05,3.8939028811597376e-05,6.455523115496145e-05,5.3106738090522474e-05,3.312395271366653e-05,0.00030143887199716166,5.812317005896734e-05,1.5419344283229776e-05,5.3339892154355545e-05,0.0001147161860285862,5.940099041070142e-05,3.606449589322736e-05,0.22221170825338887,0.0008772706700396569,0.0001918148140183396,4.679189142395094e-05,9.5122446056235e-05,7.742337974658343e-05,2.4958405718025813e-05,0.012793072844763772,6.158996350160114e-05,3.936278239943961e-05,0.0005737263076998471,5.053683845999847e-05,0.00015109546354639876,9.760767439242536e-05,3.862967424700521e-05,0.0007835613421092908,5.4587990139156786e-05,3.144383720870583e-05,5.47799797994605e-05,6.112536022741935e-05,7.553117827346055e-05,7.108285480295925e-05,6.261431267791894e-05,5.626836120277353e-05,5.751317856254022e-05,4.146825632060689e-05,4.6412283039593054e-05,0.004086793822052538,9.918126504981228e-05,5.527224547762863e-05,8.388641445795059e-05,4.234388939923084e-05,4.936763984788307e-05,3.5233338349413983e-05,7.297152411565958e-05,0.005973161008202805,5.578559295061334e-05,3.094825049811899e-05,2.8406466048229704e-05,0.00017836746181695945,6.407248411687803e-05,0.00014825345215874097,5.258646473263514e-05,5.967693490199191e-05,0.0002067916044902172,6.352791605172833e-05,6.063403723439777e-05,4.384049722179278e-05,0.00010141997210759879,0.00010547267085832409,0.0062598546935313405,3.5846949999457195e-05,0.0002504684619756118,1.7077112812448096e-05,7.653206914363201e-05
EhrenbergCarolineAugusteEleonorevon,0.18679204597840618,0.0732634390154456,3.745116404150922e-05,5.4158453085841326e-05,5.487331645380712e-05,0.0669579908280151,4.134419052112011e-05,0.0005482209084071468,3.775499486194346e-05,0.016474736766651874,0.00010447862628720768,0.0005150032899870966,6.641134598849969e-05,0.00028218373030172613,9.099652933858502e-05,0.001860586100195369,3.503959612495348e-05,3.9838268509032114e-05,0.022169822296848496,0.000824726792249717,0.00870468334246176,0.005790607026903118,0.03435333560790642,2.821654758790054e-05,3.886534386152849e-05,0.33041955948801766,6.43478524996851e-05,5.096888066516718e-05,3.478739255365758e-05,3.4187226750658583e-05,0.00010053573011263434,0.05802759683697295,3.372241639888853e-05,2.5428216247037622e-05,0.0009835440240327157,4.321465601022918e-05,3.5550789259793084e-05,2.217388423231108e-05,0.00020178964474930355,3.890889638816329e-05,1.0322039704320015e-05,3.570686758970793e-05,7.679347481741307e-05,3.9764296732257845e-05,2.414234689156344e-05,0.10829601197158605,0.007283054045396825,0.0001284049496402672,0.0008220213867947054,0.001639942057668346,5.182887061261497e-05,1.670769197741968e-05,0.042569078534451195,4.1229642258041924e-05,2.635029060486217e-05,0.0030197284273629273,0.0004291793889923057,0.00010114654327842047,0.0009626756179485581,2.585953228738827e-05,0.0057958602333672985,3.654237114403299e-05,2.1049178886123977e-05,3.667089313952596e-05,4.091862686369229e-05,5.056219037152393e-05,4.758438725377971e-05,0.0026775790979839545,3.7667247566664465e-05,3.850055500024406e-05,2.77597399959323e-05,3.1069377497709704e-05,0.0020116046316232153,6.639406559475378e-05,3.7000426340276395e-05,5.61553646369871e-05,0.007909671170266374,3.3047756717686e-05,2.3585952209001124e-05,4.884870299094283e-05,5.532466195360079e-05,3.73440721465396e-05,2.071742251505868e-05,1.9015897500138597e-05,0.00011940300372149124,4.2891494791262195e-05,9.924403991351154e-05,3.520250711766246e-05,3.9949019891879275e-05,0.0001384307343334682,4.252694925113224e-05,4.0589724716593215e-05,2.9347768923782646e-05,6.789270410443061e-05,7.060566755127003e-05,0.0002472435625619411,2.3996717005378876e-05,0.0048964641169354384,1.1431785505752983e-05,5.12322081823875e-05
EndeHenrietteFreifrauvon,0.00037568966248326986,0.07705788620009243,0.00012588790082705865,0.0007640767194875279,0.00041586685140207355,0.07373163754956767,0.003176386078032116,0.0017657186313588876,0.004169487104561903,0.005851986632142432,5.883892555708097e-05,0.0011373405923650816,0.0004618226983453837,0.0015324819783163975,0.0005421020538506822,3.712183828225481e-05,1.9733147929020517e-05,2.2435602366002274e-05,0.001000675606967408,0.0005608216545955175,0.0045699875972686375,0.006769107753454962,0.0008481064924649335,1.5890631433441716e-05,0.003636212329567611,0.2613093455093173,0.0012455129386636085,0.002439026652013951,0.011110469280699038,0.0044369553378146845,0.000634064423036008,0.0072043422522264375,1.8991355635215048e-05,1.4320334942918307e-05,0.0024281765028554927,2.4337072742236697e-05,0.0018818115490516823,1.24876022017149e-05,0.00011364129016163973,0.005630817661764267,5.813033223562604e-06,2.0108933268436474e-05,4.324755893736877e-05,0.00012056510425634096,0.00039856018022323196,0.15143654241740567,0.0035950733260601696,0.2676963868520535,0.00346643983159945,0.0012934204407622667,0.0020062032559653724,0.0006617752342398989,0.015731193983028885,2.321917829295805e-05,0.0006436194399380414,0.001479290179862174,9.973450102095699e-05,0.000781955895311117,3.679771614769347e-05,0.0001838169210366216,0.0021564506910359276,2.0579461386795053e-05,0.009829174203563272,2.0651840746995202e-05,0.0025764169474532645,0.0024687979664621746,0.004014262152775008,2.360535397495125e-05,2.1212954785819888e-05,0.005760744375240796,1.5633372424083747e-05,1.7497251396350133e-05,0.0001221705075095488,0.011626424012345817,2.083742300584153e-05,0.0005028492674300952,1.596348271179731e-05,1.8611409495326915e-05,1.3282832436974769e-05,0.00023869024922905401,0.00033639378166891193,2.1030953019886125e-05,1.1667370872078393e-05,0.0036353799463457338,0.0006446898509037603,2.4155078973927914e-05,0.003486649116968174,1.9824894041245264e-05,0.0038059842671445254,7.795963597251349e-05,2.3949778917254996e-05,2.2858797783355383e-05,1.652769807889682e-05,0.004413749492483227,0.00027937122972732515,0.000320487813816067,0.004129705502548713,0.0023351027568978243,6.438005554442041e-06,2.885229439255616e-05
FernowCarlLudwig,1.4624640634052015e-05,0.021921686421263104,2.3380131317695832e-05,3.381021064410183e-05,3.425648781184824e-05,0.06686184541277104,2.5810482219891753e-05,0.0003422450852384524,2.356980778468741e-05,0.004157545475986348,6.522424776383386e-05,0.05276577075028373,4.1459485437491444e-05,0.0001761625529945945,5.68076015750175e-05,4.115037714653468e-05,2.187463005989452e-05,2.487036045604477e-05,0.004097920595454578,2.1243670071646284e-05,0.2021715162969367,2.85563401571847e-05,0.0005118928736047319,1.761511570657559e-05,2.426297997527665e-05,0.3029883882288069,4.0171281185996794e-05,3.1819014270071664e-05,2.171718361552887e-05,2.134251020695459e-05,6.276276405050011e-05,2.6840854827138667e-05,2.1052336928223827e-05,1.587440738481645e-05,1.627295264285668e-05,2.697818234029703e-05,2.2193759329361486e-05,1.3842782686279514e-05,0.0001259738786105775,2.429016908456069e-05,6.443875642583283e-06,2.229119640355259e-05,4.794087370911346e-05,2.482418112092802e-05,1.5071660790476526e-05,0.0009020127331962064,0.0003666189040716563,0.0525244239137877,1.9554730984581245e-05,3.9752482462653936e-05,3.2355891518558315e-05,1.0430330870750247e-05,0.0004229409120426388,0.10491426470185193,1.6450042885670936e-05,0.0002397651230679895,2.1119776329252442e-05,6.31440844284416e-05,4.0791080605848164e-05,1.6143670728718115e-05,0.016464153241922734,2.281278720897777e-05,1.3140648070158535e-05,2.289302132742888e-05,2.554480999182233e-05,3.1565124365328704e-05,2.970613200252956e-05,2.616705593513225e-05,2.351502862524335e-05,2.403524842945316e-05,1.7329938416083355e-05,1.93960893992614e-05,0.0001354287043108177,4.1448697578546576e-05,2.309874335781881e-05,3.5056848912644435e-05,1.7695872956718907e-05,2.063115824539872e-05,1.4724312955617333e-05,3.0495423035757268e-05,3.4538255210136065e-05,2.331327565028117e-05,1.2933538151962352e-05,1.1871304725917614e-05,7.454128538278914e-05,2.6776438230878688e-05,6.19563836014492e-05,2.19763326504578e-05,2.4939500680143368e-05,8.641997732124763e-05,2.6548858586356228e-05,2.5339481917604786e-05,0.15735110991342222,4.2384272374437186e-05,0.008112426062879699,0.00015434999440194108,1.4980746503833725e-05,0.00010467290902346153,7.1366712667194795e-06,3.198340520663507e-05
FeuchterslebenCarolineHenrietteSusanneFriederikevon,5.420257607242323e-05,0.2457154920827164,8.665261444988649e-05,0.00012530909718181762,0.01507862122126071,0.008580192687595297,9.566010276739316e-05,0.10593005265238772,8.735560287801383e-05,0.0004572453007704215,0.00024173737595672203,0.0011915886373575213,0.00015365922278573783,0.0006529024827843736,0.00021054318002812158,0.000152513590145973,8.107285023584473e-05,9.217577636940921e-05,0.00023626058027702006,7.873435470508623e-05,0.0017153006233070493,0.00010583693907088812,0.001897203023087502,6.528602466217733e-05,8.992467239102601e-05,0.45012613464122575,0.00014888481562691305,0.00011792922538604822,8.048931433287075e-05,7.910068096821385e-05,0.0002326145016542689,9.947892136435776e-05,7.802522621974179e-05,5.883452423963951e-05,6.0311632649191185e-05,9.998789147617518e-05,8.225562312839324e-05,5.130481496140536e-05,0.0004668907024374648,9.002544203051227e-05,2.3882614859274165e-05,8.261674929609001e-05,0.000177680868830805,9.20046242031938e-05,5.585934457982092e-05,0.003343084798646128,0.0013587813563953935,0.00029709689616864515,7.247472401473072e-05,0.00014733264280919811,0.00011991902675148448,3.865741501818662e-05,0.0015675248050713675,9.539506677370772e-05,6.0967973382478956e-05,0.0008886295156099076,7.827517350774702e-05,0.00023402777034992598,0.01510284005657311,5.9832481539688514e-05,0.0012136374549055974,8.454989528012928e-05,4.870252845771062e-05,8.484726299108851e-05,9.46754550408204e-05,0.00011698824589669187,0.00011009835523311823,9.69816541415e-05,8.715257761187248e-05,8.908064232249576e-05,6.422908629570273e-05,7.188675862045448e-05,0.0005019326513025549,0.00015361924028225283,8.560972029045083e-05,0.1197431943245984,6.558533123003247e-05,7.646423267691546e-05,5.457198662596394e-05,0.00011302366521797994,0.00012800741244043,8.640483062465676e-05,4.793492729900293e-05,4.399802453861638e-05,0.00027626864772932144,9.924017734688233e-05,0.0002296258540199998,8.144978547409828e-05,9.243202733311786e-05,0.015271952160398656,9.8396710262567e-05,9.391445784156839e-05,6.7903387534184e-05,0.00015708671447971296,0.00016336383247035947,0.0005720596849313019,5.55223934942433e-05,0.00038794398139642037,2.645028872282536e-05,0.0001185384993140481
FichteJohannGottlieb,3.682708623822563e-05,0.2443681387749801,5.8874753496029154e-05,8.513929157505226e-05,8.626308587222499e-05,0.28398008485378723,6.499474950166915e-05,0.008219014652391478,5.935238790647726e-05,0.0003106681147589025,0.00016424465101926968,0.0008096061236982705,0.0001044013377015146,0.04213434243059327,0.00014305024612493947,0.00010362295565624846,5.5083670621574644e-05,6.262737883335943e-05,0.0001605235284929892,5.349481668105569e-05,0.0782281554556861,7.190924057088224e-05,0.001289024699662069,4.43575607397776e-05,6.109790170606641e-05,0.10511895060749624,0.00010115744198815386,8.012515396862727e-05,5.468719634711932e-05,5.3743711288306504e-05,0.0001580462578243038,6.758938562395682e-05,5.301301050548079e-05,3.9974190434475305e-05,4.0977788468433756e-05,6.793519734654975e-05,5.588728702637281e-05,3.485824811159042e-05,0.00031722153093823523,6.116636804978035e-05,1.622666634592479e-05,5.6132648510721446e-05,0.0001207224665959013,6.251109219088229e-05,3.795275149474752e-05,0.002271406289194439,0.0009232025821799509,0.00020185780472302026,4.9241809241978446e-05,0.00010010284262486455,8.147709315291896e-05,2.626517150622931e-05,0.0010650300291961798,6.481467497195224e-05,4.1423728837654454e-05,0.007960954403324278,5.318283325187719e-05,0.00015900648097058378,0.0078089903394376395,4.065223679710325e-05,0.01623713114041732,5.744609408884617e-05,3.30901655510847e-05,5.764813589441141e-05,6.432574611901965e-05,7.948582028167069e-05,7.480459263484552e-05,6.589265675901884e-05,5.921444558848233e-05,6.052443877545058e-05,4.363944062093601e-05,4.884232541945364e-05,0.0003410302309359228,0.00010437417221952908,5.816617549236451e-05,8.827851777364984e-05,4.456091987111005e-05,5.19524180395034e-05,3.7078076417998204e-05,7.679214840972417e-05,0.18961084360587038,5.870640068032572e-05,3.2568631038951566e-05,2.9893764492488134e-05,0.0026401027398956153,6.74271747631911e-05,0.00015601566828155148,5.5339773329808325e-05,6.280148451288502e-05,0.00021761874613894662,6.68540943433291e-05,6.380869856307958e-05,4.6135886701173374e-05,0.00010673009292573434,0.00011099498183544555,0.0003886769389378836,3.7723815389016104e-05,0.0002635824252964856,1.7971231893479043e-05,8.053911553863042e-05
FischerFriederikeChristianevon,8.810822879172127e-06,0.3130961337525022,0.008490542202047133,2.0369442569348385e-05,2.0638308600208445e-05,0.20673728940930775,1.5549892332805936e-05,0.0030316759252979643,1.4199966131371161e-05,7.432686136612729e-05,3.9295276298023715e-05,0.00019369700094259398,2.497785702855541e-05,0.00010613163709227487,3.422454802086855e-05,2.479163033962315e-05,1.3178682186308509e-05,1.498350259692252e-05,3.8405003543924495e-05,1.2798551361941079e-05,0.0002788282600498234,1.7204173524545132e-05,0.00030839714665809926,1.0612477145276597e-05,1.4617577582406006e-05,0.11248312118278198,2.420176004428571e-05,1.916981797629138e-05,1.308382633521627e-05,1.2858099008091582e-05,3.781232040455356e-05,1.6170654973691964e-05,1.2683279986746714e-05,9.563762644107252e-06,9.80387190667267e-06,1.6253389888357726e-05,1.3370946156356848e-05,8.339781431599278e-06,7.589475595425975e-05,1.4633958048233406e-05,3.882204586279945e-06,1.342964850836977e-05,2.8882661632057165e-05,1.49556811992846e-05,9.080136534135073e-06,0.12732164040726468,0.0017094918535940063,4.82941645909247e-05,1.1781025972962155e-05,2.394944879331345e-05,1.949326731515986e-05,6.283901271348994e-06,0.0002548067715036035,1.5506809782746924e-05,9.910562443699132e-06,0.02341553457161708,1.2723909813653852e-05,3.804205229296924e-05,2.4575167025391884e-05,9.72598417763658e-06,0.00019728111520778518,1.3743888312068298e-05,7.916770439754934e-06,1.3792226498573416e-05,1.5389834318116372e-05,1.9016858389968862e-05,1.7896881984926848e-05,1.5764715242097618e-05,1.4166963647179673e-05,1.4480377471684718e-05,1.0440668028145962e-05,1.168545009219352e-05,8.159095025282555e-05,0.0028504568607969623,1.3916166663495418e-05,2.1120497535646276e-05,1.0661130499914594e-05,1.2429534895314211e-05,0.18925125924181613,0.0009602009026231338,2.080806337925298e-05,1.4045414696185362e-05,7.791994122072467e-06,7.152036477477458e-06,4.4908458206101396e-05,1.6131846278536464e-05,3.732650502709588e-05,1.3239954359364146e-05,1.502515710889327e-05,5.2064945214904524e-05,1.599473768291576e-05,1.526613149769698e-05,1.1037938854789416e-05,2.5535008079736037e-05,2.655537609201193e-05,0.007627618358924917,9.02536392830906e-06,6.306168368377132e-05,4.299589169496078e-06,1.926885763553805e-05
FriedrichWilhelmIII,0.00012551628761704232,0.015026416117293348,0.0002006604716264436,0.0002901768480872456,0.0002940070313201485,0.5738432026763839,0.0002215190096571208,0.002937325684043606,0.000202288373916888,0.00105883773137197,0.000559788486212008,0.0027593482259574767,0.0003558269108172224,0.0015119188376867257,0.0004875524422475106,0.00035317398237108983,0.00018773947523340927,0.00021345039473120558,0.0005471059328803227,0.00018232424778669786,0.003972102102620125,0.00024508539349087576,0.004393331416491972,0.0001511821031886394,0.00020823753890625207,0.17676735284486414,0.0003447708705775997,0.00027308736308459525,0.00018638818779395829,0.0001831725453388837,0.0005386627501711449,0.00023036220435571715,0.0001806821270357394,0.00013624243719352608,0.00013966296030163656,0.00023154082064247799,0.00019047840893959324,0.00011880597524056013,0.0010811734780753165,0.00020847089001185126,5.530469901870272e-05,0.00019131466469005987,0.0004114535627682067,0.0002130540596106705,0.00012935284756599255,0.007741543364181839,0.14164005156620094,0.0006879838961861924,0.00016782889234349298,0.00034117652167507987,0.00027769512342704046,8.951853534545778e-05,0.0036298993246611923,0.000220905268827389,0.00014118284105682526,0.002057789240814946,0.0001812609271217066,0.0005419354403814262,0.00035009031220995017,0.00013855339553866286,0.002810406421444019,0.00019579122881155467,0.0001127798900444752,0.00019647983983046472,0.00021923887213958214,0.0002709083476062539,0.0002549535063266884,0.0002245793111112704,0.00020181823062213983,0.0002062830280967009,0.00014873456306023941,0.00016646734758152005,0.0011623197196586588,0.0003557343237896175,0.0001982454535082096,0.03492426041400093,0.0001518752039963645,0.00017706735208061655,0.0001263717274253834,0.0002617276133163323,0.00029642530597657004,0.0002000866814465667,0.00011100236479027337,0.00010188572394034862,0.0006397521586729003,0.00022980934755562242,0.0005317419729086823,0.00018861233986837452,0.0002140437921671508,0.000741701283521153,0.00022785614044220078,0.0002174766395990208,0.0001572431005589858,0.0003637639142668589,0.0003782997648520297,0.0013247120921339964,0.0001285725737776448,0.0008983574559849641,6.125063211851758e-05,0.00027449825177524006
FörsterErnstJoachim,5.1021894876741276e-05,0.18574915452086319,8.156772068083078e-05,0.00011795578820769172,0.00011951274316531507,0.0641071525835158,9.004663728112724e-05,0.010589507980501567,8.222945678782972e-05,0.012967743502403628,0.00022755189656231667,0.001121664588604428,0.00014464228971959229,0.0006145892733378049,0.0001981882186569177,0.00014356388436787354,0.015027973493925274,8.676677591519042e-05,0.006232767570844742,7.411411523288831e-05,0.018403518215047016,9.962628293045826e-05,0.019195007769545712,6.145495156509136e-05,8.46477697928944e-05,0.1916533460426517,0.0001401480512938977,0.005051318953671486,7.576609143272988e-05,7.445894497055451e-05,0.01818564334679016,9.364136238694747e-05,7.344659937561608e-05,5.538203399903036e-05,5.677246366962382e-05,0.05174627460328492,7.74287508156455e-05,4.829417834558022e-05,0.0022842127089603816,8.474262613230092e-05,2.2481150399630965e-05,7.776868560658322e-05,0.00016725431276514032,8.660566719185408e-05,5.258144194525316e-05,0.1124851347392267,0.0012790462105315623,0.00027966284451625767,6.822180822106284e-05,0.00013868696209713756,0.0019576018051095647,3.638894510528562e-05,0.014674812436346118,8.979715396154658e-05,5.739028943222939e-05,0.00858762301597703,7.36818794153745e-05,0.00022029470114257328,0.00526590429739908,5.632142980166791e-05,0.00327837070989137,7.958839194392145e-05,4.584459756821516e-05,7.986830971144649e-05,8.911977002801566e-05,0.0001101232158408835,0.0001036376333718992,9.129063821558093e-05,8.203834532160444e-05,8.385326856159095e-05,6.046003578556446e-05,6.766834543918618e-05,0.0004724785577671542,0.00014460465344402128,0.04619293124428288,0.00012230501279915306,0.016724341868310087,7.197720706594174e-05,5.1369627914446515e-05,0.00010639128217135972,0.00012049576264147649,8.133447714889725e-05,4.512204029391663e-05,4.141616036466745e-05,0.004466595052896213,9.341662819450235e-05,0.00021615109527517673,0.010323858027328386,8.700798972235221e-05,0.00030149875873656813,0.043137686022807056,8.840342918381204e-05,6.391872400888398e-05,0.11363578283070172,0.0070965295754427575,0.0005384904412806394,5.226426360959667e-05,0.00036517889870077755,2.4898149653851246e-05,0.00011158249827031954
GentzAnnaHenrietteNanette,1.1090197461636386e-05,0.25218256788799165,1.7729685089731648e-05,2.56390513548448e-05,2.597747347657568e-05,0.14553824044687,1.957267542917708e-05,0.04920682671556549,1.787352106665571e-05,9.355534443923318e-05,4.946102985282012e-05,0.00024380673833066294,3.1439670325234124e-05,0.00013358806872198242,4.3078495708263815e-05,3.1205266481097426e-05,1.6588029260672655e-05,1.885975972342164e-05,4.834044205153601e-05,1.6109557957673822e-05,0.00035096159623714896,2.165492192590641e-05,0.052394680395604784,1.3357942693007507e-05,1.8399169296989003e-05,0.3429536012726672,3.0462795755972527e-05,0.08874110033958445,1.6468634042606103e-05,1.6184510679257392e-05,4.759443079493204e-05,2.0354030401197566e-05,1.5964465685350214e-05,1.203792400027647e-05,1.2340149929765198e-05,2.0458168976356507e-05,1.6830032240625256e-05,1.0497296805495998e-05,9.552885597383956e-05,1.8419787416661897e-05,4.886537391426986e-06,1.690392098906721e-05,3.635465439605343e-05,1.8824740883786058e-05,1.142918300857258e-05,0.00068401676146244,0.012514839071230202,6.078794556456317e-05,1.4828797052505676e-05,3.0145211163313262e-05,2.453620810022437e-05,7.909557016907866e-06,0.0217351670465838,1.951844735152105e-05,1.247444148676704e-05,0.0001818193435157809,1.6015606516281837e-05,4.788359470626059e-05,3.0932803746237576e-05,1.224211251524736e-05,0.01860355350156648,1.7299455154390257e-05,9.964852164134957e-06,1.7360298510411674e-05,1.9371210138980308e-05,2.3936551391048704e-05,2.2526835220990288e-05,1.984307338360195e-05,1.783198078472888e-05,1.8226475288662686e-05,1.3141686270557761e-05,1.4708495531883856e-05,0.00010269866524333176,0.00920904920596105,1.7516302202832057e-05,2.658440549429481e-05,1.3419182751683745e-05,1.5645076315310825e-05,1.1165781248977136e-05,2.3125372554811192e-05,2.6191144100248146e-05,1.7678986917269783e-05,9.8077960048396e-06,9.00228024961774e-06,5.652635128787268e-05,2.030518183184084e-05,4.6982934168590694e-05,1.6665152647149628e-05,1.8912190327152843e-05,6.553423342869716e-05,2.0132603013724352e-05,1.9215505192481447e-05,1.3893472056787652e-05,3.2140957283136516e-05,3.3425296202992356e-05,0.00011704710966601853,1.13602406382141e-05,7.937584649096824e-05,5.411900062858268e-06,0.0030834596487001533
GentzLudwig,4.97403700308437e-05,0.04711706700072329,7.951897159128317e-05,0.00011499307438315093,0.00011651092306165708,0.10391921225663184,8.778492192845232e-05,0.00116402157201463,8.016408676986313e-05,0.000419602758820839,0.00022183644028849145,0.0010934915651890367,0.00014100928689813748,0.01431992119674494,0.0001932102944346482,0.0001399579680208728,7.439855930090676e-05,8.458744134907199e-05,0.0002168105196878228,7.2252579507253e-05,0.0015740891651243446,9.712395413243464e-05,0.0017410165204310144,5.9911378016434354e-05,8.252165863215694e-05,0.3581866006506263,0.0001366279309559302,0.00010822074766917182,7.386306276470109e-05,7.258874810292339e-05,0.0002134646030728105,9.12893577663336e-05,7.160182974928367e-05,5.3990994862644736e-05,5.5346500895579397e-05,9.175642711120406e-05,7.548396087405721e-05,4.708116597879957e-05,0.0004284541065385897,8.261413245017666e-05,2.191648785875344e-05,0.054958889987444914,0.00016305336025426527,8.443037921852379e-05,5.1260745713787236e-05,0.3186455457622534,0.0012469202085120931,0.00027263850948150875,6.650827048439979e-05,0.00013520354016310516,0.00011004673940935095,3.547495832801905e-05,0.0014384789337797649,8.754170492009847e-05,5.594880863269561e-05,0.0008154734355744822,7.183120022379716e-05,0.00021476152497152358,0.0001387359521552017,5.490679571522954e-05,0.042276031194869695,7.758935796120546e-05,4.469311170169112e-05,7.7862244990755e-05,8.688133494387215e-05,0.00010735723395112492,0.00010103455086277318,8.899767709852048e-05,7.997777547997189e-05,8.174711301148833e-05,5.894145169082952e-05,6.59687091130444e-05,0.0004606112405615661,0.00014097259593873646,7.856193328882273e-05,0.00011923305882608754,6.018604428723825e-05,7.016934439411911e-05,5.0079369003915795e-05,0.00010371903583831242,0.00011746925188519288,7.929158647331172e-05,4.398870301050254e-05,4.0375904242129855e-05,0.00025352493851244564,9.107026825745102e-05,0.0002107219946952728,7.474446349194273e-05,8.48225965516328e-05,0.00029392596765811835,9.029623927354029e-05,8.618298654373976e-05,6.231326750568393e-05,0.02758569192665585,0.0001499149683563953,0.01424573375085367,5.0951533995574234e-05,0.00035600664367157635,2.4272778967886553e-05,0.00010877986335748092
GiechAugusteCarolineWilhelmineLouisevon,0.00012551628761704232,0.015026416117293348,0.0002006604716264436,0.0002901768480872456,0.0002940070313201485,0.4007262813433737,0.0002215190096571208,0.002937325684043606,0.000202288373916888,0.00105883773137197,0.000559788486212008,0.0027593482259574767,0.0003558269108172224,0.0015119188376867257,0.0004875524422475106,0.00035317398237108983,0.00018773947523340927,0.00021345039473120558,0.0005471059328803227,0.00018232424778669786,0.003972102102620125,0.00024508539349087576,0.07364009994969607,0.0001511821031886394,0.00020823753890625207,0.2113907371114662,0.0003447708705775997,0.00027308736308459525,0.00018638818779395829,0.0001831725453388837,0.0005386627501711449,0.00023036220435571715,0.0001806821270357394,0.00013624243719352608,0.00013966296030163656,0.00023154082064247799,0.00019047840893959324,0.00011880597524056013,0.0010811734780753165,0.00020847089001185126,5.530469901870272e-05,0.00019131466469005987,0.0004114535627682067,0.0002130540596106705,0.00012935284756599255,0.2501052332303962,0.0031465144997927467,0.0006879838961861924,0.00016782889234349298,0.00034117652167507987,0.00027769512342704046,8.951853534545778e-05,0.0036298993246611923,0.000220905268827389,0.00014118284105682526,0.002057789240814946,0.0001812609271217066,0.0005419354403814262,0.00035009031220995017,0.00013855339553866286,0.002810406421444019,0.00019579122881155467,0.0001127798900444752,0.00019647983983046472,0.00021923887213958214,0.0002709083476062539,0.0002549535063266884,0.0002245793111112704,0.00020181823062213983,0.0002062830280967009,0.00014873456306023941,0.00016646734758152005,0.0011623197196586588,0.0003557343237896175,0.0001982454535082096,0.0003008761473988794,0.0001518752039963645,0.00017706735208061655,0.0001263717274253834,0.0002617276133163323,0.00029642530597657004,0.0002000866814465667,0.00011100236479027337,0.00010188572394034862,0.0006397521586729003,0.00022980934755562242,0.0005317419729086823,0.00018861233986837452,0.0002140437921671508,0.000741701283521153,0.00022785614044220078,0.0002174766395990208,0.0001572431005589858,0.0003637639142668589,0.0003782997648520297,0.0013247120921339964,0.0001285725737776448,0.0008983574559849641,6.125063211851758e-05,0.00027449825177524006
GiechSchönburgKarolineWilhelminevon,5.5873375281668505e-05,0.20705206100894866,8.932368896686991e-05,0.0001291717612035953,0.0001308767611620269,0.024257222182371672,9.860883390973822e-05,0.0013075458443272856,9.004834707557212e-05,0.0004713399276740865,0.00024918895198613154,0.0012283194626670495,0.00015839578194079752,0.0006730282596569124,0.00021703319220453445,0.00015721483507342017,8.357192802661832e-05,0.015507561397902794,0.0002435433335944128,8.116134816395659e-05,0.001768174916979181,0.00010909937209385556,0.001955684474347621,6.729847215608581e-05,9.269660838391706e-05,0.21740060389729574,0.0001534742032583366,0.00012156440420593759,8.297040457773965e-05,8.153896646659801e-05,0.00023978486427510888,0.00010254536792826384,0.10796824042615676,6.064810366148408e-05,6.217074406861738e-05,0.00010307002708886776,8.479115999836164e-05,5.288629042769048e-05,0.0004812826497020038,9.280048425646768e-05,2.461879857807505e-05,8.516341791216989e-05,0.0001831578973532844,9.484067489495812e-05,5.758121382508007e-05,0.2500468444047036,0.0014006659120808873,0.15443169788492225,7.470876380302943e-05,0.00015187418457600842,0.00012361554137474016,3.984903326078733e-05,0.0016158438960549061,9.833562815806788e-05,6.284731656315407e-05,0.0009160215991523801,8.068801266553047e-05,0.0002412416971035111,0.00015584214421847769,6.167682308371625e-05,0.0012510479369693525,8.715615329242479e-05,5.0203788211982486e-05,8.746268738941818e-05,9.759383432976379e-05,0.00012059441894046036,0.0001134921467868058,9.99711222220283e-05,8.983906353761592e-05,9.182656101375163e-05,6.620895357083036e-05,7.410267432338671e-05,0.0005174047697452308,0.00015835456697310048,8.824864750257953e-05,0.000133934537230829,6.760700487541071e-05,7.882124942315708e-05,5.625417294824823e-05,0.00011650762971110444,0.00013195325226909852,8.90682671832763e-05,4.9412525679555746e-05,4.535426754280958e-05,0.00028478465327025094,0.0001022992646052994,0.0002367040913127487,8.396048232698378e-05,9.528125276422578e-05,0.00033016714362611363,0.00010142979757338716,9.6809379324428e-05,6.999651547049459e-05,0.00016192892636988132,0.00016839953707868013,0.0005896934753981464,5.723387619243896e-05,0.00039990238899096964,2.726562121594076e-05,0.00012219245905674373
GleimJohannWilhelmLudwig,0.00011370566302448572,0.07634338553021908,0.0001817790535576104,0.00026287226568383446,0.0002663420426527907,0.08073034923349083,0.00020067487928292118,0.002660934056957248,0.00018325377618356008,0.0009592049650825162,0.06323801476320555,0.15932695445463685,0.00032234489710109395,0.09546600328870798,0.00044167553675665994,0.00031994159953986927,0.00017007387576993126,0.00019336549157509124,0.000495625261261633,0.00016516820146306058,0.0035983417909665064,0.00022202375240353443,0.003979934963681125,0.00013695641901829484,0.0001886431464589272,0.41105779137772536,0.0003123291898989557,0.0002473908388517878,0.00016884973954700357,0.0001659366773114511,0.0004879765512319589,0.0002086859616336549,0.00016368059828184093,0.00012342252107094929,0.00012652118543779968,0.00020975367442919657,0.00017255508581011307,0.00010762676655331792,0.0009794389995354774,0.00018885454007710526,5.0100728675768967e-05,0.00017331265294637965,0.0003727372841131853,0.0001930064501429719,0.000117181216683781,0.007013092386406626,0.0028504389685798373,0.000623247122355126,0.00015203680606620205,0.00030907305611057174,0.00025156502576204916,8.109516786771254e-05,0.003288339045543065,0.00020011888922541742,0.00012789805096073624,0.06459505911376026,0.00016420493539205192,0.000490941293237149,0.0003171480914870258,0.00012551602666966064,0.0025459574337759125,0.0001773679887212809,0.00010216771398196192,0.00017799180395640032,0.00019860929438441166,0.0002454168607776324,0.00023096331183521527,0.000203447217538818,0.00018282787165705788,0.0001868725479835595,0.00013473918348366954,0.0001508033776973676,0.0010529496759293688,0.0003222610221748899,0.00017959127983068369,0.0002725647999773804,0.00013758430156948724,0.00016040596045785907,0.00011448060906879299,0.00023710000007926495,0.00026853276648954624,0.00018125925493961035,0.00010055744736709476,9.229864914992972e-05,0.0005795538153199108,0.00020818512664079589,0.00048170699385248895,0.00017086460702826935,0.0001939030524779204,0.0006719098995836925,0.00020641570918850991,0.0001970128814946422,0.00014244709865572644,0.0003295350574922463,0.00034270313758599894,0.0012000615188064074,0.00011647436381130439,0.0008138252979360036,5.548717117059851e-05,0.0002486689680656871
GoldschmidtCaroline,0.00011945582082904669,0.05186236541583539,0.00019097172009432384,0.00027616586047866026,0.0002798111059738749,0.14302605536397273,0.0002108231181005387,0.01151729122384006,0.00019252102025310352,0.0010077124867787324,0.0005327594878772167,0.005196824689539501,0.00033864605551769034,0.09862685879409777,0.0004640113111342129,0.000336121221879363,0.00017867460503967584,0.00020314409064340543,0.008232818332497765,0.0001735208480898482,0.011970156865978174,0.00023325161545558105,0.030528898949837117,0.00014388238031833308,0.0012898888021536166,0.3605215607779395,0.0009112150295439244,0.001276164128289321,0.00017738856357589307,0.002745037862740954,0.0005126537933311933,0.00021923932528390399,0.00017195801599904697,0.00784179309539305,0.00013291943124663688,0.003335648723911461,0.00018128129123379594,0.00011306951122596415,0.004881734603387222,0.00019840501785161414,5.2634350030644915e-05,0.00018207716895605447,0.0003915868132068485,0.00020276689228894692,0.0001231071351450022,0.050570034101162384,0.030723127385253846,0.0006547650715007966,0.00015972539081851855,0.0003247030502419195,0.00026428680722625586,8.519619502874581e-05,0.007890488173368218,0.00021023901132058355,0.0001343659256149796,0.003926943394276411,0.000172508869124787,0.0005157684639672553,0.0003331864445906266,0.00013186344104775203,0.12691730606022414,0.00018633758528750766,0.00010733439136900659,0.0001869929472015471,0.00020865307543968718,0.00025782772616318023,0.00024264325331561915,0.00021373565502407437,0.0001920735775008708,0.001375571358762265,0.00014155301796543978,0.0001584295872999091,0.0049188127512844095,0.0003385579389904201,0.00018867330944891936,0.00028634855155271763,0.00014454201523485233,0.0001685177779425013,0.00012026995632026683,0.004565651691010367,0.00028211261591778184,0.00019042563497483747,0.00010564269268737499,9.696624251021484e-05,0.000608862169940799,0.00021871316279049323,0.0005060671809930013,0.00017950532401186651,0.00020370883629621626,0.0025710350924978177,0.0030945618740976203,0.00020697593107363735,0.00014965072663946117,0.0003461998262672848,0.0003600338234007707,0.001260749288656815,0.00012236453633469597,0.0008549808900499001,5.829318787964247e-05,0.00026124429430222744
GriesbachJohannJakob,1.3482439933821608e-05,0.0574005841768146,2.1554117056506284e-05,0.00375027018039924,3.1581018010899936e-05,0.4261117182285328,2.37946548500074e-05,0.004034615948221499,2.172897958045228e-05,0.00011373596513978001,0.04097023659440768,0.0002963977617508628,3.82214535102225e-05,0.003881504646476344,5.237086470598872e-05,3.7936486920604745e-05,2.0166197121479807e-05,2.2927957641596514e-05,5.8767854097166955e-05,0.003738685100623017,0.015303069101201872,2.632605822823196e-05,0.0004719134708074487,1.623935557693227e-05,2.23680142519542e-05,0.14543703704662372,3.703385944361478e-05,2.9333913863891792e-05,2.002104741954381e-05,0.2306039118948207,5.786092236832165e-05,2.4744554210564386e-05,1.940812599801368e-05,1.4634598511259432e-05,1.5002016941352375e-05,2.4871156292198292e-05,2.046040204003996e-05,1.2761645961415934e-05,0.00011613517857273077,2.2393079861561226e-05,5.9406017874966274e-06,2.0550229170359327e-05,4.419663814870536e-05,2.288538496391677e-05,1.3894547318817307e-05,0.0008315645354418936,0.0003379855598803926,7.390038163069019e-05,1.8027484744328328e-05,3.6647769366386887e-05,2.9828860402113237e-05,9.615710428285063e-06,0.00038990875638293806,2.3728729351182582e-05,1.5165276239228718e-05,0.0002210392002701716,1.9470298306810394e-05,0.05956382181820701,3.76052518393846e-05,1.4882832088505866e-05,0.0003018822217109674,2.1031083153725227e-05,1.2114348839785045e-05,2.11050508982824e-05,2.354973191845239e-05,2.9099853043106195e-05,2.738605005156368e-05,2.412337976147743e-05,2.167847873429061e-05,2.2158068793160994e-05,1.5976450950024786e-05,1.7881233243275992e-05,0.00012485157186935858,3.821150819506035e-05,2.129470580927816e-05,3.231887001949745e-05,1.631380559601464e-05,1.901984183878629e-05,1.3574327736209035e-05,2.811369657718283e-05,3.1840779061976944e-05,2.1492482891079008e-05,1.1923414436564425e-05,1.0944142622595912e-05,6.871952808353254e-05,0.003743785753435021,5.711752112926332e-05,2.025995662659823e-05,2.299169793728965e-05,7.967048096915325e-05,2.4475363200968953e-05,2.336044019521377e-05,1.689040281977353e-05,3.907401355876977e-05,4.063539444504577e-05,0.00014229508815857242,1.3810733539083548e-05,9.649783840303384e-05,6.5792893028043274e-06,2.9485465685460686e-05
GöschenGeorgJoachim,3.155569665716523e-05,0.021186884201658755,5.044748449736671e-05,7.295254479730292e-05,7.391548038545232e-05,0.14426830474528385,5.569147084610433e-05,0.0007384647843615415,5.085675083116316e-05,0.0002661994143921624,0.0001407348480300448,0.12255766645029575,8.945744232384302e-05,0.00038010726032513913,0.0001225741874947994,8.879047704874866e-05,4.719905315488686e-05,5.36629630732925e-05,0.00013754636298662128,4.5837626061382066e-05,0.05322602064516959,6.161622908810419e-05,0.0011045150882425497,3.800826712441111e-05,5.235241365972434e-05,0.19241823203609887,8.667787435976013e-05,6.865612546393198e-05,4.685932978236287e-05,4.605089416180155e-05,0.00013542368618148242,5.791471353983796e-05,4.542478510443964e-05,3.425232773796646e-05,3.5112271826957365e-05,5.821102614377424e-05,4.788764077038523e-05,2.9868675905936888e-05,0.0002718147816163152,5.2411079804514786e-05,1.3903998748550067e-05,4.8097881475321057e-05,0.00010344238235309732,5.356332157595677e-05,3.252023539755149e-05,0.028059982448559048,0.04431389438365152,0.0001729640952997596,4.219338954046814e-05,8.577422921695612e-05,6.981454952502868e-05,2.250560305905225e-05,0.0009125827743928984,5.553717199121609e-05,3.549438077055622e-05,0.0005173430022536616,4.5570299605264005e-05,0.12200019294184684,8.801522021122518e-05,3.483331927230004e-05,0.000706556369712096,4.9223321863705027e-05,2.835367478466353e-05,4.9396443622164034e-05,5.511822788930498e-05,6.810830531444188e-05,0.017473232354684974,5.6460852622764795e-05,5.073855342845048e-05,5.186103559724112e-05,3.739293794829911e-05,4.185108740335382e-05,0.01770135074097938,8.943416527978e-05,4.984033158831108e-05,7.564242552857697e-05,3.8182517648041464e-05,4.451600470523122e-05,3.1770760372105844e-05,6.580020274191595e-05,7.452345201160953e-05,5.030322952293424e-05,2.7906792162599524e-05,2.561480314145925e-05,0.2003658932177617,5.777572136750834e-05,0.00013368375304553438,4.741849759645422e-05,5.381214745279676e-05,0.026300171849162404,5.728467106360037e-05,5.4675189965342435e-05,3.953204541716997e-05,9.145286202576859e-05,9.510727931636768e-05,0.0003330421392401292,3.2324068960174374e-05,0.00022585351996114262,1.539884905685443e-05,6.901083301929603e-05
HaugFriedrich,2.7911352796472572e-05,0.21122211645372785,4.46213421556916e-05,6.452730983442378e-05,6.537903671002151e-05,0.004418328472897615,4.925970443397351e-05,0.0006531800374435987,4.498334262598443e-05,0.00023545624265680555,0.00012448148544464462,0.0006136027704866777,7.912606906125533e-05,0.0003362089564587885,0.0001084181860434852,7.853613110810519e-05,4.174806972503884e-05,4.746546751021091e-05,0.00012166123615970093,4.0543872830692665e-05,0.25495964411229666,5.450021676754346e-05,0.0009769554648689633,3.3618720715238034e-05,4.630627247050941e-05,0.08550387452928597,7.666751132728515e-05,6.0727080763959814e-05,4.1447580751312706e-05,4.073251075733118e-05,0.00011978370571488765,5.122618648794804e-05,4.017871056781367e-05,3.0296551965925426e-05,3.105718175375223e-05,5.148827817035838e-05,4.235713287063391e-05,2.641916481298173e-05,0.00024042309531031807,4.635816330601354e-05,1.229823630797181e-05,0.3850067224915939,9.149589880181964e-05,4.7377333535051944e-05,2.8764497677451568e-05,0.0017215052494711615,0.0006996978475884058,0.0001529886009960137,3.73205064663211e-05,7.586822748774126e-05,6.175171929463382e-05,1.9906447755002914e-05,0.04700289079855692,4.912322543870152e-05,3.1395161220577056e-05,0.0004575954449546111,4.0307419707517905e-05,0.00012051146155269111,7.785040810426582e-05,3.081044522148333e-05,0.0006249567017925831,4.35385571511453e-05,2.507913004074004e-05,4.369168520689994e-05,4.8752664878512235e-05,6.024252795476166e-05,5.669461228405305e-05,4.9940230883345096e-05,4.487879575311444e-05,4.5871643293805684e-05,3.307445544652863e-05,3.701773654760296e-05,0.0002584677763627948,7.910548026564227e-05,4.408430888305718e-05,6.690653824717937e-05,3.377284717591666e-05,3.937488453879568e-05,2.810157896345103e-05,5.820098642607578e-05,6.591679414673035e-05,4.4493747080616096e-05,2.468385755924313e-05,2.2656568639916988e-05,0.00014226319581331953,5.110324641788753e-05,0.0001182447161585062,4.194217069179473e-05,4.759742269704469e-05,0.00016493386306260207,5.066890714716576e-05,4.83607930738019e-05,3.496651898997973e-05,8.089103923074865e-05,8.412341059531112e-05,0.000294579351088814,2.859098635555157e-05,0.00019976986546830727,1.3620447469598155e-05,6.104082340843073e-05
HeimJohanna,2.1816829698104145e-05,0.170623602354324,3.4878145456087984e-05,5.043758859700772e-05,5.1103338492031146e-05,0.019770014716100258,3.850370816676305e-05,0.011176073098767067,3.516110209629822e-05,0.002492781921615375,9.730059980668734e-05,0.010725275989767507,0.04955605349545228,0.010017266806449937,8.474476741904888e-05,6.138754398712089e-05,3.2632260215307725e-05,3.710124796753093e-05,9.509615995726548e-05,3.1691003130475316e-05,0.06520811992964876,4.259993975919088e-05,0.014981414333333758,2.627797763371641e-05,3.6195166454661694e-05,0.3344964098207964,0.002388697828569421,0.001058169404847384,3.239738386181298e-05,3.183845143045869e-05,9.362859361369957e-05,4.004080328317612e-05,3.140557508406361e-05,2.3681213859469073e-05,0.004983876447502286,4.024566650288931e-05,3.310833269447894e-05,0.007006963122987725,0.0001879260301041075,3.623572677896203e-05,9.612881506480432e-06,3.325368792795793e-05,7.15175096237737e-05,3.7032358295981115e-05,2.248368797300941e-05,0.06049686347163312,0.03253497648599302,0.00011958310577132103,2.917146796000595e-05,5.930218469404531e-05,4.8268056128989205e-05,1.5559818391174227e-05,0.02335012416826555,3.839702974744997e-05,2.45399386654027e-05,0.10547881096091431,3.1506180217823784e-05,9.419744189887354e-05,0.005447907392060711,2.4082897064194572e-05,0.0004884956322654763,3.403178963033838e-05,1.960303081922211e-05,3.415148174052599e-05,0.004080916400208736,4.708840100141668e-05,0.010151337727965429,3.903563973451105e-05,3.507938332983407e-05,3.5855439792213045e-05,2.5852554231109902e-05,0.0025307765679929146,0.00020203060383613543,6.183257414023892e-05,3.445837492268836e-05,5.2297305733345844e-05,2.639845014427928e-05,3.0777266749821735e-05,2.196551944164164e-05,4.5492635859621904e-05,5.15236750662243e-05,3.4778411127783034e-05,1.9294067205883567e-05,1.7709442575744474e-05,0.00011119962325005911,3.994470752632975e-05,0.029709163909370062,3.278397868509418e-05,3.7204390364817306e-05,0.00012892008596380092,0.002368376093398714,0.01504885163233679,2.7331480329979634e-05,6.322825123771634e-05,6.575482514102785e-05,0.0002302571137324057,2.234806334068906e-05,0.00015614954837610173,1.0646384108395877e-05,4.7712386377133386e-05
HeineJohannGeorg,3.772294819206181e-05,0.01483161435655857,0.03136792560007524,8.721040444032929e-05,8.836153634841867e-05,0.19522285534874248,6.657582281550687e-05,0.0008827904864463555,6.079620417396e-05,0.0003182254800764342,0.00016824009429212186,0.018881498125754695,0.00010694102237195995,0.00045439549772753715,0.00014653011070508144,0.00010614370527287518,5.642364534746788e-05,6.415086308629106e-05,0.0001644284511073431,5.479614067617142e-05,0.0011937845253031044,7.365851696869403e-05,0.03742477650541602,4.543661029516971e-05,6.25841796386625e-05,0.16686775985336152,0.3424117046432462,8.207429207098556e-05,5.601752637248258e-05,5.505108993590569e-05,0.00016189091793167916,6.923357649672848e-05,5.430261400174877e-05,4.09466093794332e-05,4.1974621109597546e-05,6.958780049401124e-05,5.724681066139995e-05,3.570621577480842e-05,0.00032493831577065174,6.265431150628065e-05,1.6621398987081162e-05,5.7498140850884325e-05,0.0001236591818194986,6.403174763520113e-05,3.887599657277521e-05,0.1218578729813582,0.0009456605649730581,0.0002067682319603656,5.043967385588209e-05,0.00010253796137410146,8.345911875746171e-05,2.690410252866218e-05,0.0010909381305506537,6.639136776219965e-05,4.2431409499969836e-05,0.0006184526199363512,5.447656788511345e-05,0.00016287449962928147,0.00010521693208719117,4.1641150013024806e-05,0.0008446458849885219,5.884353752919288e-05,0.002612780463395305,5.90504942380312e-05,6.589054514296035e-05,8.14194058441879e-05,7.662430185865625e-05,6.749557271728219e-05,6.0654906247712065e-05,6.19967665514106e-05,4.4701021064365446e-05,5.003047212204986e-05,0.03948384950190707,0.00010691319605784639,5.9581135755218005e-05,9.042599598853984e-05,4.564491637526557e-05,5.321622138333335e-05,3.79800440015709e-05,7.866020725284292e-05,8.908833006826399e-05,6.013450255284304e-05,3.336090108843596e-05,3.0620965284115296e-05,0.01584608188144148,6.906741966701698e-05,0.00015981093192287348,5.6685978053673624e-05,6.432920409014358e-05,0.00022291257671371137,6.848039839554046e-05,6.536091980036906e-05,4.7258196115899135e-05,0.00010932642729123511,0.0001136950646128308,0.0003981319601599138,3.864149132845768e-05,0.00026999437613602523,1.8408403132408725e-05,8.249832374043986e-05
HenckelvonDonnersmarckLuiseAntoinetteBenedictineFriederikeSophieKaroline,1.3532769665398328e-05,0.2293321203009356,0.01495357028831241,3.1285951185691304e-05,3.169890944354937e-05,0.09546681687465344,0.16054219236331024,0.0003166931771890895,2.1810093511987534e-05,0.00011416053966962788,6.035462639209328e-05,0.0002975042098316318,3.8364133581862654e-05,0.00016301031341539729,5.256636430220654e-05,3.807810321654598e-05,2.0241477211213503e-05,2.3013547338963474e-05,5.898723355196657e-05,1.9657624492866068e-05,0.004161243429635878,2.642433298047293e-05,0.004206659043729993,1.6299976830294252e-05,2.2451513689647306e-05,0.20570769400871847,3.7172106245691867e-05,2.9443416892876983e-05,2.0095785667773105e-05,0.011218700867817965,5.807691626155413e-05,2.4836925233726085e-05,1.9480576220427564e-05,1.4689229232287685e-05,1.5058019229474841e-05,2.496399991889592e-05,2.053678039200604e-05,1.2809284980678611e-05,0.0038495526368486025,2.247667286877212e-05,5.962777958489153e-06,2.0626942845559146e-05,4.436162348856492e-05,2.297081573816221e-05,1.3946415440638627e-05,0.16135297763588352,0.00033924725454316035,7.41762505675552e-05,1.8094781055132527e-05,3.678457490041111e-05,2.994021105857059e-05,9.651605720765544e-06,0.03398821962719128,2.381730831647104e-05,1.5221887971686172e-05,0.00022186433605213217,1.954298061745375e-05,5.842976738265377e-05,3.7745631640091385e-05,1.4938389461488248e-05,0.0003030091431926187,0.07094780421474507,1.2159571509296342e-05,2.1183835714075203e-05,2.36376426892014e-05,2.9208482326809334e-05,2.7488281736244453e-05,2.4213431950404505e-05,2.175940414697883e-05,2.2240784507830765e-05,1.6036090784640053e-05,1.7947983599577393e-05,0.00012531764078047258,3.835415114099885e-05,2.1374198603805482e-05,3.2439515841835866e-05,1.637470477010126e-05,1.9090842602674467e-05,1.3625000483475204e-05,2.821864455464865e-05,3.195964017845505e-05,2.157271398427392e-05,1.1967924351017289e-05,1.0984996931106559e-05,6.897605697737521e-05,2.477731795983619e-05,5.7330739917618686e-05,2.033558671905759e-05,2.307752557615597e-05,7.996788959410895e-05,2.45667293384184e-05,2.3447644343002312e-05,1.6953454422029098e-05,3.921987622336839e-05,4.078708571939759e-05,0.00014282627343563351,1.3862288785412217e-05,9.685806328283286e-05,6.603849684026206e-06,2.9595534454959967e-05
HenningsJohannWilhelmChristoph,5.114383550118093e-05,0.006122779510655305,8.17626648086012e-05,0.00011823769860135832,0.00011979837462932248,0.16328302408493742,9.026184573634587e-05,0.0011968653985088276,8.242598244279149e-05,0.2261580251653795,0.014336007173584015,0.26917466260571304,0.00014498797996044673,0.0006160581211715786,0.0001986618818793048,0.00014390699725595998,7.649777587201213e-05,8.697414561130369e-05,0.00022292800690794286,7.42912454926155e-05,0.10037388343532076,9.986438641878405e-05,0.0017901407341872938,6.160182684651436e-05,8.485007513515786e-05,0.04381116731084511,0.00014048300045503852,0.00011127428511639185,7.594716986039274e-05,7.463689936183618e-05,0.00021948768250237968,9.386516211509223e-05,7.362213429474185e-05,5.5514395210327894e-05,5.6908147961388684e-05,9.434541020586612e-05,7.761380294369469e-05,4.8409599818626005e-05,0.0004405432917171122,8.494515817804704e-05,2.2534879598134385e-05,7.795455016742771e-05,0.0001676540449857503,8.68126518435002e-05,5.2707109835092046e-05,0.15834145481309195,0.0012821030882499654,0.0002803312293729015,6.838485606385614e-05,0.0001390184193039038,0.00011315179871607612,3.647591346856493e-05,0.0014790668005792186,9.001176615996509e-05,5.752745030692927e-05,0.0008384826895888044,7.385797664593609e-05,0.00022082119811966456,0.00014265050120707736,5.645603613755453e-05,0.0011451498959907055,7.977860554212741e-05,4.59541646250279e-05,8.005919230376657e-05,8.93327633014601e-05,0.00011038640664822971,0.0001038853238537864,9.150881979147879e-05,8.223441422654576e-05,8.405367507245081e-05,6.060453325150818e-05,6.783007052441845e-05,0.0004736077657377257,0.00014495025373543427,8.077862288291759e-05,0.00012259731769431346,6.188424305216396e-05,7.214923018653039e-05,5.149239960923074e-05,0.0001066455537818958,0.0001207837434891955,8.152886383241753e-05,4.5229880462979824e-05,4.151514360448952e-05,0.00026067835327093955,9.363989081543409e-05,0.0002166676891726563,7.685344003443275e-05,8.721593591140721e-05,0.0003022193306988,9.284402196681618e-05,8.861471042656721e-05,6.407148762414876e-05,0.00014822205265736254,0.00015414494254927793,0.0005397774154477726,5.238917345380825e-05,0.0003660516640703769,2.495765539983575e-05,0.00011184917671392676
HerderLuisevon,0.00010392655361015436,0.012441760904744432,0.0001661453796781426,0.0002402642743161413,0.00024343563757622675,0.188458859040364,0.000183416094196792,0.002432083843211061,0.00016749327067995545,0.0008767097748272003,0.00046350070757478565,0.002284719830218409,0.00029462203850236116,0.0012518575646410148,0.00040368979985763855,0.0002924254334591806,0.00015544689066264244,0.00017673534098477646,0.00045299964764254397,0.00015096312256978003,0.003288871029809739,0.00020292888492215813,0.23298088524884514,0.0001251776582164999,0.00017241913509118796,0.17502995977808006,0.00028546771932599354,0.00022611430770211343,0.00015432803470231236,0.000151665506640472,0.0004460087550888786,0.00019073819370576373,0.08615331826255754,0.00011280772576840117,0.00011563989348877236,0.0001917140792345453,0.00015771470742216023,9.837046481741452e-05,0.0008952036071517391,0.00017261234807291692,4.579187989527712e-05,0.00015840712097049458,0.0003406804930335835,0.00017640717844958785,0.00010710319674375044,0.20708527493104187,0.0026052906284605467,0.0005696455545918258,0.00013896107595760845,0.0002824916251393088,0.00022992949903180703,7.4120682178454e-05,0.003005529672092081,0.0001829079213496276,0.0001168983434619511,0.0017038342028283192,0.0001500827009592225,0.029116623452857933,0.000289872177476216,0.00011472118210866089,0.030994900571328664,0.00016211368280397774,9.338091104650423e-05,0.00016268384761152565,0.00018152815727279686,0.00022431009907527646,0.00021109960903400546,0.0001859500010639891,0.00016710399552488414,0.00017080081466212775,0.0001231511131744473,0.00013783372701043812,0.0009623920922980184,0.00029454537713138965,0.00016414576261888168,0.0002491232146545793,0.0001257515405358293,0.0001466104519818167,0.00010463485141587872,0.00021670851929247426,0.0002454379510249122,0.00016567028567224043,9.190913334234008e-05,8.436062245166601e-05,0.0005297100342737007,0.0001902804323827943,0.00044027840293421865,0.00015616961609535198,0.00017722666965302902,0.0006141231522060675,0.0001886631914044436,0.00018006904182190815,0.000130196119008315,0.0003011938183898395,0.0003132293946786958,0.0010968517701960034,0.00010645713584412653,0.000743833299112223,5.0715068325974434e-05,0.00022728251305561813
HolzschuherJohannHeinrichChristoph,7.267496765310177e-05,0.3094088027682915,0.00011618407110001146,0.00016801479273161862,0.0001702325004717166,0.011504346678932504,0.00012826133697084046,0.0017007358417562822,0.00011712663997729868,0.0808019781088965,0.00032412215896761987,0.0015976854229225552,0.00020602672150919792,0.0008754134997861339,0.00028229689263624787,0.0002044906540181252,0.00010870270742413014,0.0001235895422589436,0.00031677885579447986,0.0001055672459872472,0.0022998799383191753,0.00014190646793618762,0.0025437751916075483,8.75356869419587e-05,0.00012057125566322583,0.062255306743405625,0.0001996251828560035,0.0001581198397071544,0.00010792030083119642,0.00010605841727932212,0.000311890183241075,0.00013338161977135966,0.00010461644450383728,7.888549688650022e-05,8.086600802938127e-05,0.00013406404834012924,0.00011028857267142163,6.87896413407831e-05,0.0006260083773848527,0.000120706367881514,3.2021877706515456e-05,0.00011077277166080149,0.0002382350126237547,0.00012336006094929434,7.489636756448096e-05,0.16486022220192828,0.0018218578945718028,0.00039834836060270544,9.71743154126172e-05,0.00019754402514186208,0.00016078777101868392,5.1831971643661436e-05,0.002101741702309156,0.00012790597595917452,8.174603154518922e-05,0.001191476973645144,0.00010495157453615324,0.0003137850979145911,0.00020270518351490712,8.022356086344719e-05,0.001627248539995709,0.00011336473927634542,6.530048821958417e-05,0.00011376345074618704,0.0001269411185077408,0.00015685817174030658,0.00014762018680690458,0.000130033276799619,0.00011685442312491384,0.00011943957775465703,8.611854098394688e-05,9.638596974518852e-05,0.0006729927217612034,0.00020597311285518155,0.0001147857556546104,0.00017420977543980916,8.793699803662273e-05,0.00010252345993646128,7.3170274370506e-05,0.00015154245072736952,0.00017163270147963654,0.00011585184184471792,6.427128640996857e-05,0.02010621825438086,0.0003704217860506752,0.0001330615111159295,0.00030788299602073284,0.00010920810326012859,0.0001239331242775126,0.00042945117172860857,0.000131930588058192,0.3208815300249453,9.104505450052926e-05,0.0002106223120888429,0.00021903868968527665,0.0007670192472489858,7.444458259373876e-05,0.0005201563900123301,3.5464622101688914e-05,0.00015893675591700584
IndustrieComptoir,0.00018233322854557482,0.02182836200903819,0.00029149262082030735,0.00042153000670601767,0.000427093983206877,0.07915930644537722,0.00032179310734742523,0.004266952802934803,0.00029385741893542597,0.0015381374460019474,0.0008131856345615566,0.5572667101633026,0.0005168976129269567,0.0021963129105235205,0.000708250798107562,0.0005130437942882187,0.0002727227302101283,0.00031007210573668785,0.0007947621220511878,0.00026485621405980965,0.0057701372007839475,0.0003560271890839963,0.006382042653171333,0.0002196170831374404,0.00030249956793660304,0.1058952753343172,0.000500836880490615,0.0003967046949168301,0.00027075976105125774,0.0002660885069709039,0.0007824969986015397,0.00033463931456613884,0.00026247076127222034,0.00019791474007107567,0.00020288361728579542,0.0003363514502328436,0.0002767014857557393,0.00017258538670463113,0.00157058382316714,0.00030283854912602757,8.033924932983902e-05,0.0002779162859523289,0.0005977045522968461,0.00030949636322959867,0.0001879064682842696,0.011245875912324144,0.004570834258284568,0.0009994107327466859,0.00024379930577282202,0.000495615492475099,0.00040339823115465793,0.00013004052202379094,0.0052730309008200155,0.00032090154698422615,0.00020509149620222242,0.0029892802206587265,0.00026331156440909163,0.0007872511240094765,0.0005085642518565166,0.0002012717904117354,0.0040825815205000286,0.0002844192379162509,0.00016383149834358254,0.0002854195596487817,0.00031848082937144516,0.0003935393134770206,0.00037036225991158054,0.00032623870285579696,0.00029317445781191007,0.0002996603167692963,0.00021606162510025238,0.00024182143615149223,0.0016884621996960288,0.0005167631149109209,0.0002879844063976728,0.00043707251376787215,0.00022062392703299633,0.000257219701027002,0.0001835758967685,0.0003802027740104632,0.0004306069282914272,0.00029065909540308113,0.0001612493480539821,0.00014800591494091133,0.0009293461332742012,0.0003338361983554984,0.0007724434216015598,0.0002739907108841748,0.0003109341139458269,0.0010774441485508566,0.00033099884102307854,0.0003159208942851799,0.1511170487257694,0.0005284274270365405,0.0005495431612346129,0.0019243640585443747,0.00018677299117400795,0.001305013225355202,8.897670347533623e-05,0.00039875424477978176
JeanPaulANDRichterCaroline,3.95474772571497e-05,0.10810355237083298,6.322379022448261e-05,9.14284713016287e-05,9.263527949496932e-05,0.05425837805581125,6.979586604067015e-05,0.08333811675240797,6.373670715367541e-05,0.00033361695040094036,0.00017637728813991595,0.00770473135164917,0.029938089536180823,0.0004763730427600178,0.00015361726742811366,0.005332405183041224,5.9152662718287513e-05,6.725361936227169e-05,0.0001723812889037235,5.74464412520781e-05,0.01620008899272173,7.722112571328128e-05,0.017026077890182092,4.763422262601223e-05,6.561116083281662e-05,0.3016213116763295,0.0001086298712458416,0.021681624169430813,5.8726901167383405e-05,5.7713721529317685e-05,0.0010840782238792533,7.258216611266016e-05,0.0014022930078218107,4.292705583205954e-05,4.400478894856375e-05,7.295352270454563e-05,6.001564170301208e-05,3.743320243962978e-05,0.0003406544628349212,0.0007383666664520054,1.7425318802678538e-05,0.0007329611095827469,0.0001296401504926242,0.01976214649132251,4.0756294616293764e-05,0.06651631086219162,0.021592433316524027,0.0018198517391182659,5.287926713780313e-05,0.00010749736936759638,0.0007239141753149393,2.8205361295175515e-05,0.04510304080461797,0.0007063072844184156,4.448367061994329e-05,0.005566151962903489,5.711141182590434e-05,0.0010867995152902498,0.04158713697012494,4.365518900371102e-05,0.11856601411650879,0.005153037008454417,3.5534512861039534e-05,6.190656324134851e-05,6.907744384758269e-05,0.00476264313983408,8.033035540254669e-05,7.07601010770605e-05,6.358857513344403e-05,6.499533659791401e-05,4.686305547789529e-05,5.2450273725625426e-05,0.0003662218947949202,0.00011208421908223526,6.246287006089506e-05,9.479958993672786e-05,4.785260375367951e-05,5.579010670517242e-05,0.0010996680054459393,0.00035759918686804264,0.00044668089157041106,6.304300130441599e-05,0.0019609156473417906,3.210199589915275e-05,0.0008886076209133673,7.24079728494327e-05,0.00016754043622162348,0.001119278681094428,6.744058610617423e-05,0.0022848547265984743,0.001981047838770474,6.852220235149655e-05,4.95439122783285e-05,0.00011461416999786298,0.00011919410325867044,0.0004173882316833848,4.051044716107599e-05,0.000989620405791574,1.9298754183072422e-05,0.000723193278375945
JeanPaulANDRichterEmma,1.1297566963059233e-05,0.0013525092681028607,1.806120271781356e-05,2.611846187163684e-05,2.646321196245001e-05,0.008021205823496365,1.993865411975493e-05,0.00026438507892334015,1.8207728204543425e-05,9.53046843584652e-05,5.0385874440657267e-05,0.0002483655464083416,3.202754342513116e-05,0.00013608595852987319,4.388399680127597e-05,3.1788756592462625e-05,1.6898199694451902e-05,1.9212407995405027e-05,4.924433338453197e-05,1.6410781719773752e-05,0.00035752403405505285,2.205983539824627e-05,0.4990207685660642,1.3607715514985301e-05,1.87432052419674e-05,0.3057365856056935,3.1032402815694785e-05,2.458025830581193e-05,1.677657197088413e-05,1.6487135941065404e-05,4.848437287383465e-05,0.11221143391389768,1.6262976446867777e-05,1.2263014518884338e-05,1.2570891604768789e-05,2.0840705023647532e-05,1.7144727754996545e-05,1.069357998371473e-05,9.731509749959383e-05,1.876420888851767e-05,4.977908065939285e-06,1.721999810849812e-05,3.703443007927171e-05,1.9176734357751567e-05,1.1642891014255685e-05,0.01939525669704192,0.0002832139074261366,6.192458591815904e-05,1.5106072571008926e-05,3.070887988344625e-05,2.4994997157691706e-05,8.057453472380871e-06,0.043956439174478563,1.988341206110663e-05,1.2707694205718864e-05,0.00018521908339817013,1.631507353206352e-05,4.877894370206698e-05,3.151119922681015e-05,1.2471021042568985e-05,0.0002529612319044116,1.7622928149588255e-05,1.0151179452912023e-05,1.7684909182052922e-05,1.973342174092637e-05,2.4384127797592833e-05,2.2948052120380106e-05,2.0214108096778934e-05,1.816541118373688e-05,1.85672821233814e-05,1.338741543265862e-05,1.4983521598432974e-05,0.00010461897108837835,3.201920978043742e-05,0.003134252143642784,0.003143489806409171,1.3670100667829492e-05,1.5937614990699716e-05,1.1374564050059496e-05,2.355778117454023e-05,2.6680877895570565e-05,1.800955656811478e-05,9.991186586893353e-06,9.170608935692957e-06,5.758330643446653e-05,2.068485725667748e-05,4.7861442208472356e-05,1.6976765168705677e-05,1.92658189701524e-05,6.67596220080482e-05,2.050905148217967e-05,1.957480535328896e-05,1.4153258447734667e-05,3.27419433620691e-05,3.405029742884994e-05,0.00011923570917999384,1.1572659528440281e-05,8.086005177845638e-05,5.513094204952433e-06,2.4707250664832426e-05
JungFranzWilhelm,1.7780797194782754e-05,0.28170184633240936,2.8425818025188396e-05,4.1106821946509217e-05,4.1649410582423096e-05,0.0763865663698144,3.138066509360008e-05,0.0004161052981614355,2.865642873738241e-05,0.00014999630184371848,7.930035005240783e-05,0.0003908927847294916,5.040689346223169e-05,0.00021418034852896015,6.90673000453445e-05,5.0031076239076754e-05,2.6595413216530968e-05,3.0237654824859344e-05,7.750372339156565e-05,2.582828519815479e-05,0.01527707120607789,0.2256551842642261,0.0006223649249765167,2.141664932346938e-05,2.949919502821576e-05,0.2065184190502497,4.884068071797111e-05,3.868590373131697e-05,2.6403988116498998e-05,2.594845611001499e-05,7.630765137349872e-05,3.26334033196498e-05,2.559566028073195e-05,1.9300277207466527e-05,1.9784832868250125e-05,3.280036760423176e-05,2.6983414054383986e-05,1.6830205795490366e-05,0.00015316041217446665,2.9532251843093012e-05,7.834534113774533e-06,2.7101879109273e-05,5.8287035838518174e-05,3.018150948680645e-05,1.8324289164414973e-05,0.1874788002837205,0.00044573925227901437,9.746067513314669e-05,2.3774854680927468e-05,4.833150067372068e-05,3.933864493109777e-05,1.2681309751671288e-05,0.0005142161623374535,3.1293721785836605e-05,2.000014111215483e-05,0.0002915090452019435,2.567765383822391e-05,7.67712648376565e-05,4.9594239595866605e-05,1.9627650510490245e-05,0.00039812575374342313,2.7736034885267547e-05,1.597654289018691e-05,2.7833584399404634e-05,3.105765790827551e-05,3.837722162288102e-05,3.611703848288523e-05,3.1814191296009405e-05,2.8589827639348748e-05,2.922231653714953e-05,2.106992767104166e-05,2.3581976515520576e-05,0.00016465569212661485,5.039377746595769e-05,2.808370348214949e-05,4.26224983164707e-05,2.1514834866809383e-05,2.508358665584972e-05,1.7901979887748183e-05,3.707666710834391e-05,4.199198645081005e-05,2.8344534177375146e-05,1.5724736398347388e-05,1.4433261442166687e-05,9.0628105756235e-05,3.25550849210828e-05,7.532724525035424e-05,2.671906433263288e-05,3.0321716261544257e-05,0.00010507034865177964,3.2278391113271034e-05,3.080801780173117e-05,2.2275257931852152e-05,5.153125948158737e-05,5.3590426592210965e-05,0.00018766040247762081,1.821375458559325e-05,0.0001272624616020015,8.676842571017329e-06,3.888577202051709e-05
KalbCharlottevon,0.0014172594940612267,0.12951338530666642,6.833331943835422e-05,0.0047824940319277035,0.00010012174408581605,0.13159134907426503,7.543652781175414e-05,0.0031358654154585754,6.888768854914979e-05,0.020337412822421776,0.00019063149376748965,0.0009396739788244373,0.00012117400983140009,0.0009612148613791027,0.0001660320864842342,0.00012027057625782531,6.393317741321869e-05,7.268882550303009e-05,0.0027338035762691157,0.0018425674730540183,0.013216409059541263,8.346187142560134e-05,0.011304197079710693,5.148385662017011e-05,0.003501105793499282,0.3156751333188064,0.00011740896371497363,9.299771830984915e-05,0.0008324961411445154,6.237794594782e-05,0.0032075639878390025,0.0035478381004930945,0.0007019441007950555,0.003997047611617081,4.756110459943838e-05,7.884937542375476e-05,0.0007770572626129004,4.045842507742085e-05,0.0008429792266983375,0.007159471488718446,1.8833573119086715e-05,6.51506796009378e-05,0.00014011722144773234,0.000324271705391818,4.405007813119717e-05,0.0505212648016408,0.017910039920721103,0.0044078379350775505,0.000330026271107441,0.0005135303521547065,0.0008429715365451268,3.048482155869031e-05,0.006107632579258293,7.522752327872137e-05,0.0012106321445078721,0.016291193704567365,6.172695964633398e-05,0.00018455178173551625,0.00011922045703675642,0.0003200567347126241,0.00512658670464126,6.667513772475727e-05,0.0003945019715504302,6.690963870216726e-05,7.466004520864634e-05,0.0021446123707103697,0.0003074413382351994,0.0011447657338400214,6.872758500866957e-05,7.024803609494387e-05,5.0650366396228513e-05,5.668912440074469e-05,0.0019808050658880086,0.00012114248005933336,6.751090432497848e-05,0.00010246096665148846,0.004473339397206531,6.029887119149876e-05,0.0003159083650226217,0.0033140905520750185,0.00010094526818723727,0.0029413388934647192,3.780096792430185e-05,3.46963687655677e-05,0.1875744038964239,7.825973610623494e-05,0.006474026694018964,6.423042448656635e-05,7.289090225594349e-05,0.0011206877167829262,7.759458703861402e-05,7.405993100507255e-05,5.354788082018263e-05,0.007121132303689285,0.00012882696061440631,0.005241612378780643,0.0008297310082768115,0.004692654130845457,2.0858413101647527e-05,9.347818517414157e-05
KeßlerGeorgWilhelm,1.97147305307655e-05,0.07849587972968945,3.151756000274277e-05,4.557781683092235e-05,4.617942027023477e-05,0.019435606107867903,3.4793791831676275e-05,0.0004613631062663252,0.03809962027817663,0.00016631069119487832,8.792547460905324e-05,0.06569257467543366,5.588941320316569e-05,0.00023747573351057936,7.657942408122329e-05,5.547272011555238e-05,2.9488070707657238e-05,3.35264617341971e-05,8.593343735139383e-05,2.863750579770347e-05,0.13114222716590132,3.84953425681401e-05,0.0006900566185700777,2.374603712413912e-05,3.2707683153059916e-05,0.1474064942373551,5.415285089559896e-05,4.289358677494145e-05,2.92758252035545e-05,2.877074713210524e-05,8.460727422871352e-05,3.6182784478159306e-05,2.8379579366650172e-05,2.1399477208250485e-05,0.23930554660727704,3.636790867943872e-05,2.9918272564198737e-05,1.866074779441149e-05,0.00016981894686288708,3.274433540157112e-05,8.686659388504527e-06,3.0049622503622966e-05,6.462664144949755e-05,3.3464209732886586e-05,2.031733555513853e-05,0.0012159572611224842,0.0004942202056184596,0.00010806101248150141,2.6360733341029512e-05,5.358828974268361e-05,4.3617323552265634e-05,1.4060595922252897e-05,0.08214410293654716,3.469739211094196e-05,2.2175462004544536e-05,0.00032321510731382435,2.8470490976152533e-05,8.512131273982074e-05,5.498837081374609e-05,2.176245735933017e-05,0.0004414280117155,3.0752752408390644e-05,1.7714236006565094e-05,3.0860911922474965e-05,3.443565268029765e-05,4.2551330771410336e-05,4.004531818563771e-05,3.527447063167033e-05,3.169940816805309e-05,3.240068989615818e-05,2.336160419506888e-05,0.08160010478749345,0.00018256451412568733,5.5874870641921006e-05,3.113823527659118e-05,4.725834616142994e-05,2.385490184531894e-05,2.7811809912003466e-05,1.9849093692924895e-05,4.110932108456724e-05,4.655925649791377e-05,3.142743529468906e-05,1.743504171183627e-05,1.600309912403119e-05,0.0001004852968022236,3.609594775726118e-05,8.352023396180258e-05,2.962517077167984e-05,3.361966613634609e-05,0.0001164983542498992,3.578915927073927e-05,3.4158860398361194e-05,2.4698032535831274e-05,5.7136071204306994e-05,0.10882469641854983,0.00020807133817525632,2.01947786522095e-05,0.00014110419851712418,9.620581758599333e-06,4.311519379402277e-05
LangermannJohannGottfried,4.690918452996102e-05,0.049355158965047476,7.499280985837409e-05,0.00010844775265165561,0.000109879206492961,0.12722380018183527,8.278826834493784e-05,0.00109776631506019,7.560120555258226e-05,0.0003957192765273363,0.0002092096722744468,0.0739301484604563,0.0001329831413686962,0.0005650492147103708,0.008262078932347587,0.00013199166279338883,7.016384769243517e-05,7.977278602270922e-05,0.00020446982340031292,6.814001549987911e-05,0.02572409124043219,9.15957296629015e-05,0.009721785159439653,5.650126617623595e-05,7.782458614790969e-05,0.25214029440828273,0.00012885116900385456,0.00010206090182352072,6.96588312276109e-05,6.845704962483035e-05,0.00020131435391309064,8.609323425674435e-05,6.75263059424214e-05,5.091786690363349e-05,5.219621852407739e-05,8.653371835594247e-05,7.118746900149361e-05,4.440134042862429e-05,0.00040406681200351685,7.791179642380805e-05,2.0669017391253945e-05,7.150000274558081e-05,0.00015377248218408166,7.962466375381605e-05,4.8343021540458525e-05,0.24546933010848107,0.009255812448400198,0.00025712012482639526,6.27226683473941e-05,0.00012750785349369703,0.00010378295944868782,3.345574963294049e-05,0.0013566017644278474,8.255889507090268e-05,5.276424334509674e-05,0.0007690572837500827,6.77426208172003e-05,0.00020253745596540655,0.00013083920317747208,5.1781541041159165e-05,0.0010503327968871888,7.317302842553162e-05,4.214921245525016e-05,7.343038292484546e-05,8.193611287097858e-05,0.00010124653867505805,9.528373808607892e-05,8.393199437727565e-05,7.542549896511409e-05,7.709412709776014e-05,0.004915513056400859,6.221381841486537e-05,0.00043439358546545735,0.0001329485388318824,7.409024547647426e-05,0.008192312426910925,5.676029864369259e-05,6.617535660649543e-05,4.722888792930135e-05,9.781542413922633e-05,0.00011078298794041997,7.47783673350942e-05,4.148489819182624e-05,3.8077737288316264e-05,0.00023909448434446257,8.588661516254827e-05,0.009918580870905119,7.04900632697807e-05,7.999455636304376e-05,0.0002771959164451789,8.515664334257002e-05,8.127751395127413e-05,5.876644187158995e-05,0.07303484707234456,0.00014138191794859335,0.0004950844640066219,0.08892657770287157,0.00033574300576225114,2.2891190132954345e-05,0.00010258819305557676
LentzTherese,9.180429433824264e-06,0.1859643041185556,1.467657572493674e-05,2.1223923426753713e-05,2.1504068159806734e-05,0.20404530614905653,1.6202197141239465e-05,0.00021483993574440731,1.4795642679403907e-05,7.744481022565794e-05,4.094367984509186e-05,0.0002018224260188465,2.602565696796193e-05,0.00011058376934634563,3.566023881297632e-05,2.583161822721289e-05,1.373151673814718e-05,1.5612047835819692e-05,4.0016060903257865e-05,1.3335439747770255e-05,0.00029052486931662434,1.7925874027352445e-05,0.00032133414566534296,1.1057661569907635e-05,1.5230772576980802e-05,0.21805345860848646,2.5217003372764324e-05,1.9973975598421605e-05,1.363268176446996e-05,1.339748536722395e-05,3.9398515208351836e-05,1.6849000248958285e-05,1.3215332836052244e-05,9.96495438395658e-06,1.0215136026649696e-05,1.6935205823195608e-05,1.3931846018839914e-05,8.689628196624129e-06,7.90784766633355e-05,1.5247840189471014e-05,4.045059779406297e-06,1.3993010884783151e-05,3.009426481616421e-05,1.5583059354123043e-05,9.461040568432038e-06,0.1322510638319374,0.00023014028598412783,5.032006387740907e-05,1.227523003084046e-05,2.4954107878589056e-05,2.031099336300732e-05,6.547505605533013e-06,0.0002654956996785313,1.6157307314707944e-05,1.0326302141308928e-05,0.00015050946194826263,1.3257667049773775e-05,3.9637884154842046e-05,2.560607446035208e-05,1.0133980973372333e-05,0.00020555689084075682,1.4320432782001475e-05,8.248872252075631e-06,1.4370798714475077e-05,1.6035424828445722e-05,1.9814599487050642e-05,1.8647641020737392e-05,1.642603168956334e-05,1.4761255768962533e-05,1.5087817037860031e-05,1.0878645205881757e-05,1.217564482285198e-05,8.501362148652244e-05,2.6018885028721594e-05,1.4499938064305005e-05,2.200648451254289e-05,1.1108355891550264e-05,1.2950943353024268e-05,9.242997447461827e-06,1.914310828141152e-05,2.1680944008004375e-05,1.463460794245856e-05,8.118861673585378e-06,7.452058348015303e-06,4.679232997834343e-05,1.6808563561922375e-05,3.889232028742568e-05,1.379535922694854e-05,1.5655449719275076e-05,0.002586649736683112,1.6665703376883122e-05,1.590653277951919e-05,1.150097103765439e-05,2.6606180033683263e-05,2.7669351619548865e-05,9.689121717075556e-05,0.25324947508323914,6.570706788415282e-05,4.479953292251705e-06,2.0077169887460536e-05
LevezowMarieUlrikeWilhelmine,1.5701461954666246e-05,0.19678430549598164,2.510162482387026e-05,3.629967733166307e-05,3.677881416284721e-05,0.01547915805353478,2.771092396373877e-05,0.09132291347980244,2.5305267286251826e-05,0.00013245532249987258,7.002674940271764e-05,0.0003451807093095099,4.451217295152415e-05,0.0001891335105521242,6.099038035773202e-05,4.418030482622958e-05,2.348527257880863e-05,2.6701580453893688e-05,0.030386929784396544,2.2807854617007323e-05,0.0004968901744021269,3.065896111652439e-05,0.004880796656154054,1.891212755340082e-05,2.6049478173268614e-05,0.3859345894681019,4.312911742552464e-05,0.017359013044624998,2.3316233255521023e-05,2.2913972412512243e-05,6.738402512360269e-05,2.8817163542313317e-05,2.260243349608627e-05,1.704324980302157e-05,1.7471140194513367e-05,2.8964602565065385e-05,2.3827899533449068e-05,1.4862035323401254e-05,0.00013524941308165966,2.607866923345854e-05,6.9183421852457975e-06,2.393251095958035e-05,5.147078984384889e-05,2.665200090581652e-05,1.6181396481243646e-05,0.10058632275367936,0.004724826074537449,8.606335621038423e-05,2.099455790204024e-05,4.2679482293573455e-05,3.473827579086239e-05,1.1198322573502447e-05,0.03943499746010613,2.763414804508301e-05,1.7661269701259422e-05,0.00025741917713466853,2.2674838501856517e-05,6.779342235643771e-05,4.379455305938637e-05,1.733233917320508e-05,0.00035156783506925084,2.4492506818091793e-05,1.4108202101926519e-05,0.10830489850291143,2.742569012546376e-05,3.388928396384104e-05,3.189341284543951e-05,2.809375242181704e-05,2.5246454703471715e-05,2.580497861310169e-05,1.8605952482912412e-05,2.082423543883197e-05,0.00014540040343657208,4.4500590775863645e-05,2.479951809475017e-05,3.763810634571873e-05,1.8998831009739876e-05,2.2150243166766528e-05,1.5808473210816166e-05,3.2740819864831714e-05,3.708132826866259e-05,2.502984653238043e-05,1.3885842552562988e-05,1.2745396223428461e-05,8.002980625483583e-05,2.8748003912293402e-05,6.65182703841475e-05,2.3594463593916536e-05,2.6775811515386828e-05,9.278313361582619e-05,2.8503667438014116e-05,2.720524361835131e-05,1.967032811385864e-05,4.550505252169398e-05,4.732341497707609e-05,0.00016571487980101881,1.6083788119535682e-05,0.00011238003995047612,7.662148778989073e-06,3.433836308178161e-05
LindenauBernhardAugustvon,7.416170406374262e-05,0.008878406511108869,0.00011856088796583226,0.00017145192821233483,0.00017371500435027097,0.19585574110689,0.0001308852225522176,0.0017355283704972714,0.00011952273929366132,0.0006256176945347345,0.08216010666421658,0.0016303698143673134,0.00021024147988232562,0.0008933221300412043,0.12303210267852654,0.00020867398853869487,0.08194028030404261,0.00012611785535469725,0.00032325930806353166,0.000107726870868396,0.002346929360628146,0.00014480949658001482,0.002595814061661128,8.932643411680822e-05,0.00012303782264853024,0.20673025382415589,0.00020370898278625638,0.00016135455078483162,0.00011012806295169605,0.00010822809021783332,0.0003182706262810956,0.00013611025271098335,0.0001067566185172344,8.049928419566665e-05,8.252031132531575e-05,0.00013680664195195704,0.00011254478333051528,7.019689431603646e-05,0.0006388148426380169,0.00012317569890319763,3.2676960096790634e-05,0.00011303888774250148,0.0002431086669093388,0.0001258836794682269,7.642854790495755e-05,0.2091475004799024,0.0018591282581418625,0.0004064975078394,9.916224327235357e-05,0.00020158525012437407,0.00016407706087018145,5.289231583047647e-05,0.0021447377436627697,0.00013052259180006156,8.341833778003682e-05,0.001215851421358886,0.0001070986044180486,0.0003202043058654353,0.0002068519920610873,8.186472140026734e-05,0.0016605377141322806,0.00011568388011682652,6.663636240850839e-05,0.00011609074816215344,0.000129537995933181,0.00016006707244936553,0.000150640102931519,0.00013269341155379918,0.0001192449536089935,0.0001218829936219614,8.788029712429017e-05,9.835777015078503e-05,0.0006867603616494613,0.00021018677453792968,0.0001171339667080948,0.0001777736437785229,0.061461751326374485,0.00010462081705617804,7.46671434383049e-05,0.00015464260593252307,0.00017514384974411798,0.00011822186218421785,6.558610586913279e-05,6.0199509168389184e-05,0.00037799962989981033,0.00013578359548444593,0.0003141814626755259,0.00011144221039078279,0.0001264684661469079,0.00043823659969947405,0.00013462953675094728,0.00012849677514306844,9.290759399529492e-05,0.00021493108401386874,0.00022351963829537577,0.0007827104195930954,7.596752061615904e-05,0.000530797405333454,3.619013387927757e-05,0.00016218817892607913
Ludwig,3.603490967928238e-05,0.14926427268993356,5.760831608820877e-05,8.330788545743271e-05,8.440750614788738e-05,0.042843476975367334,6.359666667001228e-05,0.0008432870963017244,5.8075676246133786e-05,0.0003039854248352115,0.00016071163291331303,0.04525014715071106,0.000102155591407212,0.013378239999514955,0.00013997313459354673,0.00010139395290788305,5.389878207609779e-05,6.12802198119012e-05,0.00015707055435302018,5.2344105502724354e-05,0.0011403646747545249,7.0362422167081e-05,0.006886719286315718,4.3403398371279396e-05,5.9783642814687554e-05,0.032179156760983,9.898147417502565e-05,7.840160548192184e-05,5.3510836242486696e-05,5.258764621169942e-05,0.4805056492842895,0.00438086146913985,5.1872663317278235e-05,3.911431744805219e-05,4.009632738155762e-05,6.64738634110602e-05,5.468511212611499e-05,3.410842264722429e-05,0.00031039787241755326,5.9850636399133605e-05,1.5877619325862364e-05,5.492519571214956e-05,0.0001181256413255975,0.011312011265948888,3.713636108343308e-05,0.18414924738298477,0.0009033438445098575,0.0001975157011933813,4.8182583248667035e-05,9.794955998669886e-05,7.972446350231191e-05,2.5700189170964837e-05,0.001042120483264628,6.342046567023963e-05,4.053267525940122e-05,0.0005907779049202648,5.2038833056808966e-05,0.00015558613959113993,0.00010050865126419198,3.9777778555933775e-05,0.00512157538042915,5.6210388150948854e-05,3.237837278769437e-05,5.6408083894996764e-05,6.294205402124166e-05,7.77760243127961e-05,7.319549316921596e-05,6.447525930994218e-05,5.794070116453912e-05,5.922251547554693e-05,4.270072552190062e-05,4.7791692604484754e-05,0.0003336944305119941,0.00010212901027387418,5.691498009638985e-05,8.637958468982766e-05,4.360238310448959e-05,5.083488494212259e-05,3.6280500883538556e-05,7.514029521972267e-05,8.510177707063586e-05,0.013001621521053245,3.186805685018643e-05,2.9250728566802045e-05,0.00018366868310542477,6.597676875122355e-05,0.00015265966138920537,5.414937583472758e-05,6.145058035565346e-05,0.00021293761366045707,6.541601569476108e-05,6.243612852233932e-05,4.514347128893272e-05,0.0001044342534666288,0.00010860740161251973,0.0003803162242716005,3.691234955455478e-05,0.000257912581711289,1.758465803995027e-05,7.880666244703881e-05
LudwigErnstKarlFriedrich,0.011327454247440616,0.2568601731918245,3.276484719350333e-05,4.738152965358672e-05,4.800694116255003e-05,0.2633043830954222,3.617073379247091e-05,0.0004796212548249513,3.303065923590529e-05,0.00017289232996373782,9.140506878486732e-05,0.0004505602037329549,5.810120082826631e-05,0.000246873683113862,7.961000559590967e-05,5.766801737938731e-05,3.065504216327442e-05,3.485324992049543e-05,8.933419793238715e-05,2.977081669339776e-05,0.0006485847330789928,4.001877102151664e-05,0.0007173651659692767,2.468577128927392e-05,3.400206870297928e-05,0.1419330522362438,5.62959151829159e-05,4.459107291744439e-05,3.043439717968974e-05,2.9909330968016497e-05,8.795555275603153e-05,3.76146949306731e-05,2.950268298952311e-05,2.2246347772104432e-05,2.2804867923336435e-05,3.780714530329749e-05,3.1102268981934146e-05,1.939923490102625e-05,0.00017653942259616393,3.404017144068053e-05,9.030428353641384e-06,3.123881701083411e-05,6.718419926979897e-05,3.4788534336222695e-05,2.112138105822009e-05,0.16521498811576685,0.0005137786527771013,0.00011233745763388834,2.7403942429311082e-05,5.570901188503848e-05,4.53434511128149e-05,1.4617034973586819e-05,0.000592708148925987,3.6070519114714084e-05,2.305304166823229e-05,0.03425688409489837,2.959719236757144e-05,8.848993401100615e-05,5.716450026509984e-05,2.262369262949078e-05,0.000458897241713245,3.196977282990419e-05,1.841526551719902e-05,3.208221268727856e-05,3.579842151423902e-05,4.423527235243303e-05,4.163008592839858e-05,3.6670435147194786e-05,3.2953891883139616e-05,3.3682926385142934e-05,2.4286124673988944e-05,2.7181622578711874e-05,0.00018978938749585243,5.808608275450226e-05,3.2370510934986076e-05,4.912856485280549e-05,2.4798944261861568e-05,2.891244442343426e-05,2.0634608825100007e-05,4.273619605855575e-05,4.840180916493905e-05,3.2671155858022986e-05,0.11874119787297945,1.663641149174425e-05,0.00010446193787311488,3.752442170232787e-05,8.68254935688539e-05,3.079756787425995e-05,3.495014282698653e-05,0.00012110870178276468,3.72054922585276e-05,3.5510675355551604e-05,2.5675441307838025e-05,5.939719451897074e-05,6.17706810327339e-05,0.00021630562772203025,2.0993974044586122e-05,0.0001466883065304865,1.0001310101596741e-05,4.482144989194926e-05
MahlmannErnestine,2.03235427365124e-05,0.08884431339588972,3.249085635062267e-05,4.698530911972946e-05,0.00039575963865694263,0.1133307679499192,0.00014916240175239293,0.24436379256905275,0.0007767215439955745,0.00023070025010314785,0.0010112388689844465,0.00423464342935981,5.7615338742803206e-05,0.000954719951267885,0.0005803734456570194,5.7185777721875075e-05,0.00015330042596014317,0.000782224338030058,0.0010145993131979573,2.9521862956153195e-05,0.0034450254299275072,0.00020967750511752844,0.042647200776604145,0.0002504095563216633,0.0023130840295732262,0.30766848605387775,0.00048315898194057895,0.0024603095272259326,3.0179894355776632e-05,0.0008899713410335612,8.722003838316313e-05,3.730014800457611e-05,0.003754275189543194,0.00013502542415551777,0.0009803923150668783,0.0012417967621567376,3.084218118590283e-05,1.9237011873084715e-05,0.000979062769970738,3.3755515900865184e-05,8.954912827456414e-06,0.00018528471945977845,6.662238204912094e-05,3.44976207302757e-05,0.00022962082452541438,0.04889561589661443,0.01175024568176291,0.0010343470700932202,0.00015365168607521553,0.0038160274557128143,0.004143373670260405,0.00026744861187909214,0.025423883001208854,0.0021858762662409176,0.00017716739636639697,0.000875691356323991,2.9349690536239836e-05,8.774995095956876e-05,0.0018368993681543817,2.243450558472848e-05,0.00850489770960066,0.00026560464160290423,1.8261270777314227e-05,3.1813930267288916e-05,0.0035370987511839816,0.0003993875910145114,0.002772855276734254,0.0004229383988583225,0.00022596562739120123,0.0009176209174819275,2.4083035804676267e-05,2.6954320566978947e-05,0.0020690147740575386,0.0033445301492067703,0.0007209548793225728,0.0003479903475255563,2.4591567020004475e-05,0.0009653333456987127,0.0007181848725741355,4.237882139080761e-05,0.0002938005201643264,0.000205011409953566,0.0005759487784709647,0.00020645639850712545,0.00020766202224917142,0.0036174195328946483,0.0002093084182061689,0.005189678491355596,3.465787779564329e-05,0.0003580890577198059,0.0012659116845198824,0.008567430224283057,8.70652290329673e-05,0.0012906729973774943,0.0019126214633784651,0.0006191674396818548,0.00046482990888588506,0.00023176837954045384,9.917675730636182e-06,0.023284529533133855
MahlmannSiegfriedAugust,3.85688479170239e-05,0.08399973699073032,0.01163022929465989,8.916601132328844e-05,9.034295622349842e-05,0.18925428666476907,6.806871965702717e-05,0.014077945439923403,0.002884037928239598,0.0010519043666358558,0.0005279147330041553,0.07120103831532089,0.00010933906880648127,0.0016782049639780272,0.00014981590320764567,0.0001085238726616923,5.768888967136793e-05,6.558938260932756e-05,0.0005999388880243966,5.602488982088198e-05,0.02372057871985832,7.531023620674779e-05,0.002595350622844613,4.645548124757269e-05,0.005794236790647987,0.2570249234326562,0.00010594175087538106,8.39147267246035e-05,5.7273663880884205e-05,5.6285556065078634e-05,0.00016552116131178396,7.078607083037784e-05,5.55202962999332e-05,4.186479651146339e-05,4.291586038578615e-05,7.11482379497186e-05,5.853051365160329e-05,3.650689227415222e-05,0.07372781027650452,6.405927234340856e-05,1.699411738544367e-05,0.011860604724189828,0.0005654595343439914,0.005679170390428842,3.974775226485704e-05,0.007753276779102918,0.007557630217411855,0.0006432280964989339,5.1570733549961004e-05,0.006365395217330816,0.0005171538986474871,2.7507400362476146e-05,0.0019364245252216179,6.788012838196797e-05,4.338289180307709e-05,0.0009515279404371226,5.5698150926721886e-05,0.00016652679885410026,0.0031200165870793025,4.25749115303851e-05,0.002845434603613092,0.035572379339473034,3.4655187066203815e-05,6.037464304476041e-05,6.736807531187121e-05,8.324515532324554e-05,7.834252588339696e-05,6.90090940387605e-05,6.201503240358175e-05,6.338698259463632e-05,4.570339715733023e-05,0.001133496339547535,0.010712375658350239,0.0004910246725039294,6.091718367203682e-05,0.07974412604185395,4.6668458385056835e-05,0.0022602338691451946,3.883170884524654e-05,8.04240844382068e-05,9.108604757216619e-05,0.00360878009710153,3.410898623044333e-05,3.130761008133604e-05,0.00019658407829688387,7.061618809844265e-05,0.00016339453367826177,5.795710492850521e-05,6.577172273343281e-05,0.06361160839776703,0.007101363079539636,6.682657364589847e-05,0.0007698805701080526,0.00011177796406683115,0.00011624456375048781,0.00040705967476703346,3.950798847286024e-05,0.0002760487324220706,0.00045064448519808434,8.434826688397595e-05
MannLukreziavon,1.8136622694671075e-05,0.3123539351662558,2.899466939882168e-05,4.1929442850831125e-05,4.2482889654154075e-05,0.032888680526295434,3.200864823301941e-05,0.00042443230814318786,2.92298950431274e-05,0.00015299799566544434,8.088729164954814e-05,0.0003987152472999504,5.141562540307394e-05,0.010224359241180965,7.044946004049827e-05,5.103228740625342e-05,2.712763492171331e-05,3.084276428793015e-05,7.905471128130445e-05,2.634515530196477e-05,0.000573953536291089,3.541390041172213e-05,0.005637765939099136,2.184523471634998e-05,3.0089526592218848e-05,0.3857543446842587,4.981806994529198e-05,3.946007773954795e-05,2.6932379063635785e-05,0.020038253253956376,7.7834703726542e-05,3.3286455987765185e-05,2.6107875144587172e-05,1.9686510215475017e-05,2.0180762700216128e-05,3.3456761525800176e-05,2.7523400349116137e-05,1.716700826417612e-05,0.00015622542549350224,0.08508021171729215,7.991317130131294e-06,2.764423610127555e-05,5.945346349848466e-05,3.0785495381414035e-05,1.8690990909032988e-05,0.09117165821055022,0.00045465929059476326,9.941103726082904e-05,2.425063197364049e-05,4.929870029920346e-05,4.012588145622073e-05,1.2935085402571295e-05,0.0005245065458905633,3.1919965034428315e-05,2.040037964651917e-05,0.0453238600882356,2.6191509539565923e-05,7.830759492391003e-05,5.05867088818308e-05,2.002043484282478e-05,0.00040609296093848264,2.8291082466647413e-05,1.6296262039902873e-05,2.839058412073927e-05,3.1679177097179775e-05,3.9145218350963225e-05,3.683980491072735e-05,3.2450850068809915e-05,2.9161961138204304e-05,2.980710726817349e-05,2.149157454457773e-05,2.405389397175543e-05,0.005170897127249586,5.14022469322956e-05,2.864570853292321e-05,4.347545061123042e-05,2.194538512772476e-05,2.558555401215186e-05,1.8260230469697215e-05,3.781863741842035e-05,4.2832321077344514e-05,2.891175891607951e-05,1.603941645055538e-05,1.4722096774543383e-05,9.24417359709762e-05,3.320657029820357e-05,7.683467792633583e-05,2.725376051743032e-05,3.092850794405676e-05,0.00010717299393381623,3.292433935325435e-05,3.142454124636535e-05,2.2721025616051833e-05,5.256249199405822e-05,5.466286671525545e-05,0.0001914158222031455,1.8578244335927027e-05,0.00012980921068869806,8.850481683564566e-06,3.966394575008437e-05
MayerJohannSiegfriedWilhelm,3.358335150714482e-05,0.03329729714284224,0.0001590664704643662,7.764021127108419e-05,0.0006699837755992839,0.13284464097233725,0.0003122075884444684,0.007492335723144354,5.41246215613629e-05,0.0019696341552457837,0.0006751919527180593,0.010427761159251652,0.00016259382639266488,0.0008807794577946771,0.033575536688930006,0.0026659084976254554,0.00567868934719569,0.0002927074643996466,0.00347838636109501,4.878298600081499e-05,0.003967458562836303,0.0002805455105678255,0.011493511869379757,4.045054079725781e-05,0.0024746309011587342,0.18592593156011863,9.224748083180047e-05,0.00013660254594115333,0.00358743509780845,0.0027935439197158914,0.0010806576195916315,0.00015470273083063917,4.834361737827515e-05,0.0008140945606491451,3.7368459324170033e-05,0.0005420040027906493,5.096472723490172e-05,3.17879289086872e-05,0.0005611043112394849,5.57788260885811e-05,1.479741938200663e-05,0.0009946228939290266,0.00037004048585763665,0.00024981460708422556,3.460986801579858e-05,0.02627512216294359,0.34738946041265767,0.0010034671903132292,0.0010829938403026777,0.0007747469378227473,0.0008533811859045688,2.3951731651622583e-05,0.009445198368828902,0.0010425090236676352,0.00036848397636148126,0.0028865273525324154,0.0011521201265843575,0.0005820523431970165,0.001094085786075544,3.707158228803129e-05,0.003677110754201147,5.238623436072272e-05,0.003613325110383253,0.0007700576140800128,0.0005185849270498161,0.00011540425998675723,0.004211228018458422,0.0018936170372880186,0.00043329438571848,0.0001611323829522505,0.0018183070149945463,0.0002191421339604174,0.11538643089161224,0.0010149573801541704,0.0010633183388842357,0.0004832488693367671,0.0006121626536593125,0.0008337784453626878,0.0002542623279466136,0.00111131075571973,0.0011510229636717685,0.0010347576288608472,0.0004855925956944564,2.7260717677440794e-05,0.00200028978886633,0.0003990130395758104,0.0012391415336282757,9.528959491364854e-05,0.0012345562014534049,0.0006691626460824399,0.00017675367226930135,0.0004006894041079862,0.0001819382470120059,0.00029059607282522817,0.00010121852884032351,0.004619252615599488,0.00046223607103733594,0.0016889231233366093,1.6388323360447247e-05,0.0008417838726639077
MayerJohannSiegfriedWilhelmANDMayerJulieHenriette,1.977884255823414e-05,0.04017218831142334,0.015145058329306224,4.572603525267885e-05,0.001476103931838499,0.13905136751519323,0.0010598772773279083,0.014426849453885476,3.187657932706475e-05,0.0001668515312325129,8.821140702058339e-05,0.001477123872599392,5.607116479185193e-05,0.001048350910726431,0.01284918762017249,5.565311662415586e-05,2.9583965500449682e-05,3.3635489318027116e-05,8.621289168567196e-05,2.8730634565325766e-05,0.0022501187726611813,0.003633970716143494,0.00873560337475265,2.3823258904167936e-05,3.281404808041575e-05,0.2270758418057694,5.4328955207991466e-05,4.303307611816387e-05,2.937102977694131e-05,2.8864309198680206e-05,0.0006913759694806819,3.6300450386335704e-05,0.0008224937920747252,2.1469068008309807e-05,0.010554853441214776,3.648617660892397e-05,3.001556636740122e-05,1.872143228478855e-05,0.010893678721252941,3.2850819521525585e-05,8.714908283129664e-06,0.0004558926488175578,6.483680638202607e-05,3.357303487408053e-05,2.038340724570351e-05,0.08005173776011122,0.3212403939314289,0.0005341577307426491,2.6446458076521902e-05,0.026135755121922472,4.3759166477347857e-05,1.4106320783193108e-05,0.0005719991294178936,3.481022754395158e-05,2.2247576296289307e-05,0.003484119808581683,0.010246450405315586,8.539812605624044e-05,5.516719222520617e-05,2.1833228565755196e-05,0.0016261689232401472,3.0852759928354776e-05,1.7771842453869387e-05,3.096127117566351e-05,3.454763694034597e-05,0.0005638427510560059,4.017554499931399e-05,0.0016153159878496185,3.180249419928433e-05,3.250605648574375e-05,2.3437575804598537e-05,2.6231906005278247e-05,0.027995050361746453,5.605657493840183e-05,3.123949638144181e-05,4.741202964102384e-05,2.3932477651895766e-05,2.7902253528174052e-05,1.9913642667514357e-05,4.12430080207634e-05,4.671066654771666e-05,3.152963687394665e-05,1.749174022320582e-05,0.0024420293553045072,0.000971268834135477,0.002647583612941407,0.0022284533457032967,2.9721511411959614e-05,3.372899681958603e-05,0.000116877205265695,0.021291982796495617,0.0008443728539914661,2.477835019160078e-05,5.732187690734638e-05,5.9612434616090077e-05,0.00020874798325177464,2.026045178944326e-05,0.0001415630673937316,9.651867755687096e-06,0.0009137121643560894
MayerJulieHenriette,1.0511380850914683e-05,0.0012583895335966518,1.6804342121916958e-05,2.4300904864787514e-05,2.4621664149930395e-05,0.14664096959995596,1.8551143603989847e-05,0.003145527443630115,1.694067105012065e-05,8.867252900059552e-05,4.6879573051780436e-05,0.00023108204245037475,2.979877948602137e-05,0.00012661587607726223,0.0203376147150755,2.9576609584433728e-05,1.5722271287613243e-05,1.7875436203493455e-05,4.581747066839796e-05,1.5268772230499785e-05,0.000332644302759717,2.052471405017156e-05,0.1337467901866106,1.2660768531543978e-05,1.7438884789033406e-05,0.29895839305639216,2.8872889692210004e-05,2.286974330942885e-05,1.560910751273756e-05,1.5339813039746232e-05,4.511039503116429e-05,1.9291718306926765e-05,1.5131252575129016e-05,1.140964390029912e-05,1.1696096135154907e-05,1.939042170950854e-05,1.5951643712958927e-05,9.94942470676058e-06,9.054303955062676e-05,1.7458426813335605e-05,4.631500542817683e-06,1.6021676079664527e-05,3.4457242026771995e-05,1.7842245057741534e-05,1.0832674155125715e-05,0.05284004846955862,0.12494375335719572,5.761531741739724e-05,1.4054856454901133e-05,2.857188038941157e-05,2.3255620909449626e-05,7.496743538998778e-06,0.040897555599696565,1.8499745783614925e-05,1.1823378783240456e-05,0.000172329877116152,1.517972427753234e-05,4.538446697720753e-05,2.9318367151537403e-05,1.1603175463074833e-05,0.00023535791890042548,1.6396566631942004e-05,9.444769273281148e-06,1.6454234467848564e-05,1.836019313617141e-05,2.268726132236779e-05,2.135112068046885e-05,1.8807429020917734e-05,1.6901298827444024e-05,1.727520398006058e-05,1.2455798906279054e-05,1.3940833678970002e-05,9.733864405818897e-05,2.97910257711252e-05,1.6602096057405646e-05,2.5196919334603962e-05,1.2718812365506813e-05,1.4828532689407308e-05,1.0583019789503605e-05,2.1918419314334132e-05,2.4824182933734118e-05,1.675628997487129e-05,9.295910146917872e-06,8.532435653894752e-06,5.357614312592684e-05,1.9245419228997176e-05,4.453081347269715e-05,1.5795369470993297e-05,1.7925130363220417e-05,6.21138882986253e-05,1.908184759825765e-05,1.821261470046885e-05,1.316834769043756e-05,3.0463465063153003e-05,3.1680772110656655e-05,0.00011093821831886128,1.0767330006465638e-05,7.523308360527574e-05,5.129443626642031e-06,0.1739954269897585
MayerJulieHenrietteANDMayerJohannSiegfriedWilhelm,2.1723035733756966e-05,0.008592863989125966,3.472819885171549e-05,5.0220749512132037e-05,5.088363724419313e-05,0.17122173519541348,3.833817470103952e-05,0.0005083613609641027,3.500993901705788e-05,0.00018325247114558878,9.688228930440476e-05,0.02444656014735181,6.158277021623261e-05,0.0002616669721607479,8.438043640469427e-05,6.112362933078615e-05,3.249196902297797e-05,3.69417438976337e-05,9.468732668680364e-05,3.155475854962294e-05,0.0006874495537711588,4.24167959529525e-05,0.006752601794467092,2.61650044964e-05,3.603955777095439e-05,0.2882597931801704,5.9669307336164365e-05,4.726308162350919e-05,3.225810243967579e-05,3.1701572946294826e-05,9.322606964056508e-05,3.986866160505224e-05,3.1270557603040994e-05,2.357940461590946e-05,2.4171392692646812e-05,4.007264408573085e-05,3.296599479207462e-05,2.056168561492823e-05,0.000187118106697664,3.6079943720074456e-05,9.571554224846526e-06,3.311072512066251e-05,7.121004466022612e-05,3.68731503935604e-05,2.238702708060135e-05,0.08523132907525498,0.14435857304612842,0.00011906899928956148,2.904605525505948e-05,5.9047235323588136e-05,4.8060544203639974e-05,1.5492924297411504e-05,0.08451972907424549,3.823195490894202e-05,2.4434437629545748e-05,0.0003561404663843343,3.137073021959041e-05,9.379247235795874e-05,6.058994021064632e-05,2.397936092169024e-05,0.0004863955131120304,3.3885481642082146e-05,1.9518754322627627e-05,3.400465917716095e-05,3.794355253915328e-05,4.688596059803047e-05,4.4124664882371e-05,3.8867819411751416e-05,3.492857157235652e-05,3.5701291646581454e-05,2.574141005556332e-05,2.881041344251888e-05,0.0002011620426604074,6.156674622964624e-05,3.431023297751651e-05,5.2072471433528526e-05,2.6284959076790758e-05,3.064495046463356e-05,2.1871086236822907e-05,0.17981280641893374,5.1302166725687704e-05,3.4628893296892404e-05,1.9211118992203467e-05,1.763330691128072e-05,0.00011072155867134348,3.977297897889976e-05,9.202829447821688e-05,3.264303523132484e-05,3.704444286961642e-05,0.00012836583834332404,3.943493848450798e-05,3.7638563910373855e-05,2.721397801974029e-05,6.295642309291309e-05,6.547213485970488e-05,0.0002292672023742959,2.225198551979525e-05,0.0001554782370363754,1.0600613637373868e-05,4.750726336298783e-05
MayerThereseApollonia,4.427320802546162e-05,0.249553537034348,7.0778724988346e-05,0.00010235372797781072,0.00010370474386798211,0.19019835309936692,7.813613183068944e-05,0.06209940120069099,7.135293299049681e-05,0.0003734825498445835,0.00019745351436730534,0.0009733015558525533,0.00012551039504716264,0.0005332972994130359,0.00017197378211825852,0.00012457463081128395,6.622111758881537e-05,7.529009906574425e-05,0.0001929800126998493,6.43110109739278e-05,0.0014010747611037278,8.64486738416758e-05,0.0015496544665230794,5.332628004916101e-05,7.345137474775728e-05,0.18447757789862007,0.00012161061137159586,9.632577464255278e-05,6.574447960784243e-05,6.461022994150912e-05,0.0001900018590946303,8.125538118018547e-05,6.373178771143035e-05,4.805662976719426e-05,4.926314673799026e-05,8.167111307471991e-05,6.718721835584735e-05,4.190628767273213e-05,0.00038136101071189647,7.353368440045099e-05,1.950755946440305e-05,6.748218983330103e-05,0.00014513151657921384,7.51503002589728e-05,4.5626473166956815e-05,0.2591966170705909,0.0011098662464387684,0.0002426717259751332,5.919808181450226e-05,0.00012034278103898694,9.79510643642737e-05,3.157576449023312e-05,0.03791836311296618,7.791964777157403e-05,4.979925243491518e-05,0.000725841505200691,6.393594716434029e-05,0.0001911562311465248,0.00012348693157226097,4.887177130376186e-05,0.0009913112512721417,6.9061202870995e-05,3.97807139441701e-05,6.930409580120855e-05,7.733186168729062e-05,9.55571731534962e-05,8.992944132367499e-05,7.921558825401495e-05,7.118709991587891e-05,7.276196251845927e-05,5.246296218569827e-05,5.87178257805864e-05,0.0004099836261693018,0.00012547773693711626,6.992687857411764e-05,0.00010612767885816103,5.357075665714238e-05,6.24567525220399e-05,4.457494627240133e-05,9.231886387299612e-05,0.00010455773895697895,7.057633267354009e-05,3.915372961533225e-05,3.5938027936251234e-05,0.00022565900365123368,8.106037267106221e-05,0.0001875607017177188,6.65290020737341e-05,7.549940742422227e-05,0.00026161939491289816,8.037142029292013e-05,7.671027153880284e-05,5.546416830664232e-05,0.00012831000465557218,0.00013343721761734963,0.0004672640909189037,4.535124813916015e-05,0.00031687653678379255,2.1604861241179293e-05,9.682343570063211e-05
MerzdorfErnestineAmalie,2.8017925794871334e-05,0.17286440904888523,4.4791718355683943e-05,6.477369233468472e-05,0.000913424801374899,0.09908490454333072,4.944779113976831e-05,0.07903921538913969,4.5155101040440626e-05,0.005826625973679139,0.00012495678899749295,0.001463741799764273,0.0009272243235666445,0.0003374926920354768,0.00904994091555003,7.883600302889171e-05,4.190747500361496e-05,0.009373404133823872,0.00012212577124766258,4.069868016395853e-05,0.005085198708027006,0.06448721419648991,0.014892994005685133,3.374708596844089e-05,4.648308218438597e-05,0.24983583544840293,7.696024835875401e-05,6.0958952974820064e-05,4.160583868274484e-05,0.007028726408625393,0.00012024107189023703,5.142178174735246e-05,4.0332123614047275e-05,3.0412232291694526e-05,3.117576636716911e-05,5.1684874165794976e-05,4.2518863714943556e-05,2.652004023918702e-05,0.0002413410948905738,0.08647725318371623,1.2345194258305291e-05,4.2705533923304046e-05,9.184525457642514e-05,4.755823284608809e-05,2.8874328210828922e-05,0.021340303481025214,0.04829513480623705,0.0001535727523285509,3.746300612604303e-05,7.615791264007072e-05,6.198750384902273e-05,1.9982455888330903e-05,0.0008102713349163932,0.041976341012620155,3.151503632985202e-05,0.000459342666559312,4.046132419961727e-05,0.00012097160649416846,7.814766175150884e-05,3.092808772893174e-05,0.013205452019844556,4.370479898884439e-05,0.04758118913052594,4.3858511728407064e-05,4.893881557188492e-05,0.0025634206679962116,5.691108745343035e-05,5.013091602085074e-05,0.011225591547403399,4.604679347742261e-05,3.320074254959546e-05,3.715908015092382e-05,0.0002594546753539438,7.940752611355075e-05,4.4252634546605747e-05,6.716200527686716e-05,3.390180092510417e-05,3.9525228362597534e-05,2.8208878296153127e-05,5.8423213334188103e-05,6.616848206914228e-05,4.466363608853894e-05,2.4778107118958806e-05,2.2743077469173318e-05,0.00014280639468476695,5.129837225927466e-05,0.00011869620606075897,4.210231709969447e-05,4.777916236727372e-05,0.0010133597546395222,5.086237456523172e-05,4.8545447495979105e-05,3.510003049691034e-05,8.119990281959993e-05,8.444461624120172e-05,0.0002957041337154684,2.8700154376367605e-05,0.00020053264016102533,1.3672453975228773e-05,6.127389357248911e-05
MeyerJohannFriedrichvongenImo,2.9989426703984447e-05,0.08631539585443915,4.794351888886739e-05,6.933153841720309e-05,7.024667860742632e-05,0.25292275205750137,5.2927219485014836e-05,0.0007018110157633137,4.833247124993055e-05,0.10779568910618627,0.00013374946069317958,0.15783708311429598,8.501721381225279e-05,0.0003612406009291741,0.00011649020624113066,8.438335342093092e-05,4.485632373971182e-05,5.099939688511701e-05,0.00013071923640292334,4.356247120724967e-05,0.0009490486623593764,5.855790179786872e-05,0.0010496923785954057,3.612172323294812e-05,4.9753896714192154e-05,0.11668741047256838,8.237560996388143e-05,6.524837225904277e-05,4.4533462568537987e-05,4.376515372557005e-05,0.0001287019188594203,5.504011131983206e-05,4.317012164979452e-05,3.25522102490282e-05,3.336947093278057e-05,0.2316857579232721,4.551073324455064e-05,2.8386141385434057e-05,0.0002583232295234744,4.980965095940224e-05,1.3213872471018746e-05,4.571053863244518e-05,9.830801003594218e-05,5.090470110281532e-05,3.090609047383342e-05,0.010122191439244685,0.0007517921996901588,0.016709410163894392,4.0099116706688655e-05,8.151681733220682e-05,6.63492978335857e-05,2.1388535347552275e-05,0.0008672866430841518,5.278057926821173e-05,3.373261386324707e-05,0.0004916646339792522,4.3308413524768816e-05,0.00012948385804077594,8.364657652900342e-05,3.310436421424817e-05,0.0006714863782575657,4.6780117681953554e-05,2.6946337486426638e-05,4.6944646525749234e-05,5.23824294959589e-05,6.472774321387895e-05,6.0915675854245984e-05,5.365841292527442e-05,4.822014058634977e-05,4.928690824777082e-05,3.553693597800905e-05,3.9773804768145977e-05,0.0002777113847220435,8.499509212644759e-05,4.736650207120509e-05,7.188790666694942e-05,3.628732481555039e-05,4.230644865064715e-05,3.0193815711331354e-05,6.253420352828539e-05,7.082447350509035e-05,4.780642402357482e-05,2.6521635925080192e-05,2.4343409993243068e-05,0.00015285506634624024,5.490801803696802e-05,0.00012704834746731162,4.5064876035909884e-05,5.1141176483999876e-05,0.0001772136246275394,5.444134106079442e-05,5.196138180076427e-05,3.756986864771393e-05,0.008359429169486902,9.038662061754684e-05,0.0003165115615285319,3.0719660775911745e-05,0.00021464325938668846,1.4634525744542435e-05,6.55854738717408e-05
MiltitzCarlBorromäusvon,2.4514025043945253e-05,0.03674543418763412,3.919009970872188e-05,5.667314303373318e-05,5.742119899903353e-05,0.3487495948803055,4.326388752838872e-05,0.00733581435429159,3.9508038027920794e-05,0.3045030251139128,0.00010932978684154556,0.02082533118366419,6.949496331262355e-05,0.0002952861095170936,9.522168800879467e-05,6.897683171709142e-05,3.6666557663421915e-05,4.168804241602117e-05,0.00010685281404465501,3.560893379828365e-05,0.0007757735053304456,4.786653260707774e-05,0.0076201803251707435,2.952670075034483e-05,4.066994284767452e-05,0.08862074873238668,6.733565751680605e-05,5.333547211232031e-05,3.640264375423001e-05,3.577461100108977e-05,0.00010520381377295412,4.499101235358502e-05,3.528821853512196e-05,2.660890136904239e-05,2.7276948446657103e-05,4.522120263183012e-05,3.720148656182876e-05,2.3203463930540826e-05,0.0002111591588754817,4.07155176089688e-05,1.0801313538915194e-05,3.73648119341711e-05,8.035915603952908e-05,4.1610635975350816e-05,2.52633264171512e-05,0.16380328796100954,0.0006145316812141214,0.0001343670592966886,3.277791072469041e-05,6.663366130033186e-05,5.423539318691288e-05,1.7483464967122647e-05,0.0007089394105029475,4.314402055051536e-05,2.7573789562689665e-05,0.0004018976177690057,3.540126139252489e-05,0.00010584298826814541,6.837457388272904e-05,2.706024431284457e-05,0.0005488879149225961,3.823910966133117e-05,2.2026536169065867e-05,3.8373599201163656e-05,4.281856406264759e-05,5.2909898340012904e-05,4.9793829612002396e-05,4.386158132505307e-05,3.941621644268667e-05,4.028821607863411e-05,2.904868262900969e-05,3.2511993503689644e-05,0.00022700746857426206,6.947688055415021e-05,3.87184333158104e-05,5.8762775353630175e-05,2.9662067170760248e-05,3.458223299762367e-05,2.4681097168873306e-05,5.111685016612488e-05,5.789350141186084e-05,3.907803531368188e-05,2.167937565766915e-05,1.9898845287032496e-05,0.00012494713425141265,4.48830363633726e-05,0.0001038521477035018,3.6837032953344426e-05,4.180393621659433e-05,0.0001448583620863493,4.45015642133954e-05,4.2474390302789566e-05,0.013554987258158258,7.104510397589672e-05,7.388403597464347e-05,0.0002587235969061648,2.5110934631576324e-05,0.00017545417883631063,1.1962587152768425e-05,5.361102647544976e-05
MosengeilFriedrich,2.0553316001147468e-05,0.08460000978285595,3.285819044346559e-05,0.006996508140146516,4.814370737062647e-05,0.09600905829125933,3.627378001837788e-05,0.00048098764015896316,3.312475975355052e-05,0.022026375082057553,9.166547122572154e-05,0.0020705838124578197,5.826672441151366e-05,0.01081680190291121,7.9836805269595e-05,5.783230687322445e-05,3.074237482337661e-05,3.4952542787637855e-05,8.958870070233853e-05,2.985563029767862e-05,0.1282471053700788,4.013277985923784e-05,0.005311527080115047,2.4756098188903797e-05,3.409893665354325e-05,0.26936245320187535,5.6456295716716024e-05,0.009228954555672478,3.052110124782157e-05,2.999453918340245e-05,8.820612792575499e-05,3.772185483440872e-05,2.9586732711976698e-05,2.2309725037030325e-05,2.286983634740241e-05,3.791485347582653e-05,3.119087573937844e-05,0.078528345226401,0.00017704236293811836,3.413714794152548e-05,9.056154996775171e-06,3.132781277777746e-05,0.008161075674038494,3.4887642836170484e-05,2.118155342343889e-05,0.015505264140212357,0.001905040673778637,0.029961425949891308,0.03217230958094139,5.5867720399405276e-05,4.547262934662076e-05,1.4658677211110124e-05,0.0948162717706014,3.617327984062587e-05,2.311871711051713e-05,0.01562474495729897,2.9681511336282983e-05,8.874203157095361e-05,5.732735529707054e-05,2.2688144906155228e-05,0.00046020458673723543,3.2060851005208185e-05,1.8467728473065766e-05,3.2173611190696725e-05,3.590040706564182e-05,4.436129351346443e-05,4.174868521542762e-05,3.677490496431174e-05,3.304777369949942e-05,3.377888513625386e-05,2.4355313026758322e-05,2.7259059869225094e-05,0.0001903300754512268,5.825156326811067e-05,3.2462730766678434e-05,4.9268526436702394e-05,2.4869593578165856e-05,2.8994812624662182e-05,2.069339443267692e-05,4.285794652507162e-05,4.8539700306162036e-05,3.2764232192235714e-05,0.0032556566882846628,1.668380669878361e-05,0.00010475953781981527,0.0008470013319057278,8.707284933100442e-05,3.0885306573584234e-05,3.504971173078301e-05,0.00012145372642934249,3.7311486391304914e-05,0.0023843284867745714,2.5748587662580194e-05,5.956641023794838e-05,6.194665853953945e-05,0.00021692185737075893,2.1053783441998287e-05,0.00014710620450456073,1.0029802674238696e-05,0.07755259844656559
MüfflingWilhelminevon,3.128338828887377e-05,0.12455747649345435,5.001215035351514e-05,7.232300431679027e-05,7.327763029854347e-05,0.07398773267971738,5.521088397399005e-05,0.0007320922379825175,5.0417884943146243e-05,0.0002639022593345252,0.00013952038342021004,0.0006877335492921487,0.04323594526160013,0.00037682714298343015,0.00012151643943257173,8.80242638927645e-05,4.679175119324277e-05,5.31998811115493e-05,0.00013635941325528626,4.544207246943514e-05,0.018248901426736457,6.10845147993802e-05,0.009724435685947537,3.768027660926954e-05,5.190064102118359e-05,0.3288289994685045,8.592989180718608e-05,6.806366072764633e-05,4.645495944724085e-05,4.565350018302797e-05,0.00013425505398765883,5.741494130170802e-05,4.503279410369678e-05,3.3956748921315864e-05,3.4809272164104606e-05,5.770869689026421e-05,4.74743966749946e-05,2.961092560216963e-05,0.00026946916901699294,5.1958800909296037e-05,1.3784014859330987e-05,4.768282311786766e-05,0.00010254973128420204,5.310109946572782e-05,3.2239603588538635e-05,0.3902548223970957,0.0007842299730367648,0.00017147150994898137,4.1829283712500564e-05,8.503404462672862e-05,6.921208822396127e-05,2.2311392038677445e-05,0.0009047076851839461,5.5057916633657166e-05,3.5188083716932105e-05,0.0005128786156701155,4.517705289412714e-05,0.00013507073170201088,8.725569709687522e-05,3.4532726817116137e-05,0.0007004591754643325,4.8798551572488925e-05,2.8108998110287995e-05,4.897017938505049e-05,5.464258778974643e-05,6.752056796581766e-05,6.354402034548933e-05,5.5973626407571776e-05,5.030070751924178e-05,5.141350328208358e-05,3.7070257386720914e-05,4.1489935455233446e-05,0.0002896938699847244,8.866239744713049e-05,4.941023684131912e-05,7.498967285152212e-05,3.785302344637765e-05,4.413185598128333e-05,3.149659612181847e-05,6.523238305355456e-05,7.388035546276117e-05,4.986914022045418e-05,2.7665971840341773e-05,2.5393761428346758e-05,0.00015945034360378998,5.727714855565201e-05,0.0001325301355211169,4.700930194954427e-05,5.334777811161781e-05,0.00018485990692731293,5.6790335746750365e-05,5.4203373040264114e-05,3.919090553045701e-05,9.066367394653261e-05,9.428655561868948e-05,0.00033016816809970173,3.2045129960008543e-05,0.00022390452786118413,1.526596542871605e-05,6.841530735120238e-05
MüllerFriedrichTheodorAdamHeinrichvon,3.106964156376937e-05,0.04838810680420331,4.967043758075598e-05,7.182885051287118e-05,7.277695392183224e-05,0.06292848679727069,5.483365035944082e-05,0.020347291475333217,5.0073399950223635e-05,0.00026209912205414095,0.00013856709713401882,0.0006830345444225933,8.807952169175973e-05,0.002157907101805058,0.00012068616680560389,8.742282973981839e-05,4.6472042103961924e-05,5.283638786527647e-05,0.00013542772459831172,4.513158518837062e-05,0.14650129261768852,6.066714904371485e-05,0.0164255332569946,3.74228225364598e-05,5.154602495636806e-05,0.16340818912533736,8.534276765066071e-05,0.012688246537441864,4.613755151958882e-05,4.534156830200645e-05,0.000133337743565476,5.702264825589157e-05,4.472510325598291e-05,3.372473620549043e-05,3.457143450215955e-05,5.731439673145683e-05,4.7150023345549466e-05,2.940860613740038e-05,0.002051282661404016,5.160378746151477e-05,1.368983426713407e-05,4.735702569493309e-05,0.00010184905049413144,5.273828115444283e-05,3.201932343147634e-05,0.33368620626180295,0.0025818213511976406,0.0001702999145526689,4.154348115414439e-05,8.445304143124648e-05,6.873919005005185e-05,0.03569525226947404,0.0008985261838996487,5.4681728183005865e-05,0.036093941738212065,0.02204829558244464,4.486837638451065e-05,0.0037014571802985816,8.665951424964215e-05,3.429677867755006e-05,0.007907472037628527,4.846513082879772e-05,2.7916940707919708e-05,4.8635585978010504e-05,5.426923711291322e-05,6.705922726491234e-05,6.310984978431497e-05,5.559118128281877e-05,4.995702315220997e-05,5.106221563219056e-05,3.681697132825369e-05,0.008959479782061857,0.0002877145090721446,8.805660318599643e-05,4.907263669986575e-05,7.447729878127592e-05,3.7594389064377516e-05,4.38303208789577e-05,3.1281392633922344e-05,6.478667659363725e-05,7.337556090905454e-05,4.9528404578027476e-05,2.7476941457088604e-05,2.5220256138789563e-05,0.00015836088396957885,5.688579699187518e-05,0.05208915038284372,4.6688106424034886e-05,5.298327434502902e-05,0.00018359683403559326,5.640231037777959e-05,5.383302333997002e-05,3.89231299419032e-05,9.004420577342247e-05,9.364233376206801e-05,0.01527957037197007,3.182617856250495e-05,0.0002223746788843265,1.5161659268340656e-05,6.794785325836901e-05
MüllnerAdolph,7.585945227468068e-06,0.0469446141810793,1.2127504533279636e-05,1.753768947170713e-05,1.7769177836823686e-05,0.08490347847473703,1.3388151498146467e-05,0.00017752589864970258,1.2225891586031376e-05,6.399396594226313e-05,3.3832460121255e-05,0.029462691158400955,2.1505443693126813e-05,9.137725237749464e-05,2.9466662794333034e-05,2.1345106176244893e-05,1.134658619365403e-05,1.2900501074033596e-05,3.306595278786295e-05,1.101930102943398e-05,0.0002400656485341727,1.4812455071542474e-05,0.000265523878409368,9.137134119689547e-06,1.2585446832727185e-05,0.2345879993405906,2.083723945220508e-05,1.6504836288610434e-05,1.1264917171275704e-05,1.1070570381720044e-05,0.03769874089970147,1.3922615924182276e-05,1.0920054642290449e-05,8.234211557946979e-06,8.440940911085464e-06,1.3993849058664786e-05,1.1512121690849188e-05,7.180387804494354e-06,6.534389234881168e-05,1.2599550091670324e-05,0.4938488822553626,1.156266326150614e-05,2.4867403665804505e-05,1.2876547397796186e-05,7.817818988134348e-06,0.002560448740750831,0.0001901688386903896,4.158032597149494e-05,1.0143231679929867e-05,2.062000442700964e-05,1.6783319808500186e-05,5.4103154169579076e-06,0.05044096393321802,1.3351058269796604e-05,8.532799365315101e-06,0.00012436853229855845,1.0955036124241203e-05,3.275345889850147e-05,2.1158735519606646e-05,8.37388110810652e-06,0.0001698551605114884,1.1833217552727047e-05,6.8161836593476225e-06,1.187483578070094e-05,1.325034469516073e-05,1.6373141092852758e-05,1.540886343329508e-05,1.3573109798391542e-05,1.2197477096161328e-05,1.2467320235540155e-05,8.98920984859637e-06,1.0060942726160092e-05,0.012625643282100257,2.149984792437425e-05,1.1981545825321652e-05,1.8184333027625365e-05,9.179023701227827e-06,1.07015851086563e-05,7.637646242967112e-06,1.5818276470949883e-05,1.7915333363224846e-05,0.0021046586722530984,6.708753703643724e-06,6.157762756898764e-06,3.866529935664011e-05,1.388920240085574e-05,3.2137386774362965e-05,1.1399340329691285e-05,1.2936364789672913e-05,4.482689393348722e-05,1.37711545963706e-05,1.3143838999489205e-05,9.50344828455362e-06,2.1985139791396314e-05,0.0021154295029970484,8.006286326563307e-05,7.770660851662893e-06,5.4294869495998244e-05,3.7018617202615736e-06,1.6590107487531973e-05
MützschefahlAntonievon,2.6928889000806154e-05,0.11287644123576818,4.305069620736798e-05,6.2255985108376e-05,0.0036177398758461712,0.06313862665703818,0.021251791793108894,0.021937194018194963,0.04476917760109482,0.00022716831639394113,0.00012009980772476013,0.0005920043008130773,7.634087628636738e-05,0.0023105903978668913,0.00010460192735633865,7.577170381473601e-05,4.027856133743422e-05,4.5794709961724896e-05,0.00011737882961586495,3.911675149111743e-05,0.016727630786135213,5.258184003315421e-05,0.006637328844641643,3.2435360804301865e-05,4.467631793028055e-05,0.20271655405013705,0.0010003494280488314,5.858952194686655e-05,3.9988649405237956e-05,3.929874946967591e-05,0.00011556738717834898,4.942305376337348e-05,3.8764442732883595e-05,2.9230130511648587e-05,0.011636987359556933,4.96759199671411e-05,4.0866185805578387e-05,2.548922518842226e-05,0.00023196033864972742,0.01746329522188793,1.1865345361723604e-05,4.1045600276067755e-05,8.82752950324421e-05,4.5709678252528935e-05,2.7752003665617124e-05,0.2176221719018144,0.0017265152459815972,0.00014760348896922457,3.6006845795465736e-05,7.319770888939121e-05,5.9578093782121925e-05,1.9205752078866178e-05,0.003560650259572262,4.739411575090513e-05,3.0290069343331122e-05,0.19052726252575025,3.888862138383464e-05,0.00011626952642322193,7.511011787189976e-05,2.9725935015933695e-05,0.023315703172749752,4.2006024621157744e-05,2.4196358880506232e-05,4.2153762656157134e-05,4.703659871236606e-05,5.812202512186223e-05,5.469899407147159e-05,4.8182363067052456e-05,4.3299087584110354e-05,4.425698745420826e-05,3.191025336451048e-05,3.571473320624813e-05,0.0007616807053835765,7.632101220468825e-05,0.002486116434200393,6.455146602977214e-05,3.2584062100937916e-05,3.7988910924403144e-05,2.711241931454498e-05,0.0005684631929226531,6.359656036057925e-05,0.0010675492888566102,2.3814999766280545e-05,2.1859070267657417e-05,0.0006495664601938008,4.930444111408515e-05,0.02476271471312217,4.046583006019492e-05,4.592202040078668e-05,0.00015912828458276255,4.8885390339468597e-05,4.665852057303187e-05,3.373571734383096e-05,7.804372050644496e-05,0.0010742702172717455,0.0008724664060707071,2.7584599843885533e-05,0.0001927380794520965,1.314101544001385e-05,5.889222102811079e-05
MützschefahlAntonievonANDSchwendlerAugusteSophieHenriette,1.1812963197102372e-05,0.15782601249204228,1.888515675088e-05,2.7309988943939834e-05,2.7670466571405115e-05,0.06704155970737101,2.0848257690046843e-05,0.00027644635498922596,1.9038366746256627e-05,9.965249442815849e-05,5.268448351468159e-05,0.0002596960096579496,3.348864344081949e-05,0.022952348615343857,4.5885989509979887e-05,3.3238963126864316e-05,1.7669097403056506e-05,2.008888013848766e-05,5.149086523137487e-05,1.7159443367341904e-05,0.016666730319801634,2.3066207489249922e-05,0.0004134783088393915,1.422850097731415e-05,1.959827230438841e-05,0.26754705470419543,3.244810440850818e-05,2.570161236408367e-05,1.754192100950634e-05,0.0032758184809593078,5.069623523949496e-05,2.1680534803261466e-05,1.700489520180457e-05,1.2822454575466035e-05,1.314437704750592e-05,2.17914602543192e-05,1.792687210054574e-05,1.1181422266045694e-05,0.00010175462283552071,1.962023413957952e-05,5.205000773509602e-06,1.800557629576356e-05,3.872394480887699e-05,2.0051579065603124e-05,1.2174040969086065e-05,0.07241733761911204,0.0002961341566969185,0.06197775439383825,1.5795213245256557e-05,3.210982232489079e-05,2.613527164751025e-05,8.425035376451163e-06,0.00034162791097071363,2.0790495482672594e-05,1.328742059799562e-05,0.2739143216050894,1.7059368961695168e-05,5.10042444209609e-05,3.294874356399223e-05,1.3039950379392525e-05,0.052401768552151035,1.842688804916748e-05,1.061427736401396e-05,1.8491696663076795e-05,2.063366258776659e-05,2.549653436074039e-05,2.3994944754886513e-05,2.1136277907472383e-05,1.899411921835675e-05,1.941432355399187e-05,1.3998150781262823e-05,1.5667071483978006e-05,0.00010939169993209549,3.3479929614348115e-05,1.865786736324231e-05,2.831695331010033e-05,1.4293732147618674e-05,1.666469072060642e-05,1.1893472899588965e-05,2.463248971483665e-05,2.7898062448076928e-05,1.8831154498212804e-05,1.0446985606040108e-05,9.58897311311215e-06,6.021026313913738e-05,2.1628502695263552e-05,5.004488640940326e-05,1.7751247042793753e-05,2.0144727727714195e-05,6.980520322757961e-05,2.144467664220528e-05,2.0467810103267507e-05,1.4798931638011248e-05,3.423563438060808e-05,3.56036757022659e-05,0.0001246752552057685,1.2100605515246496e-05,8.454889613825692e-05,5.764602162413403e-06,2.5834398128339592e-05
OertelAuguste,3.820724814763448e-05,0.004574051864206735,6.108119175930701e-05,8.833004108115824e-05,8.949595160965416e-05,0.1114419849546352,6.743054572495719e-05,0.0008941240490085707,6.157672638634187e-05,0.00032231096631887834,0.00017040001747141247,0.0008399475828711299,0.00010831396735282259,0.0004602291806687917,0.00014841131377922134,0.00010750641402740429,5.714803117213616e-05,6.497445354333748e-05,0.0001665394391234633,5.549963204593152e-05,0.0012091107344218625,7.460416989894386e-05,0.001337333240263202,4.601994085128869e-05,6.338765648422181e-05,0.3067533024658675,0.00010494850075892266,8.312798956571106e-05,5.673669830452134e-05,5.5757854430410276e-05,0.00016396932823945108,7.012242054600025e-05,5.499976930929868e-05,4.147229578661288e-05,4.251350547873693e-05,7.048119219065334e-05,5.79817645605182e-05,3.616462423814922e-05,0.000329109983666023,6.345868872845418e-05,1.6834790123691543e-05,5.8236321411900305e-05,0.00012524676018045862,6.485380884783703e-05,3.937509975307753e-05,0.002356531363191845,0.0009578012748473633,0.21099708382027246,5.108723543254175e-05,0.00010385437837006778,8.453059512512475e-05,2.7249506487891835e-05,0.0011049439629015137,6.724372257534775e-05,4.297615827281482e-05,0.0006263925236478536,0.031673325110653815,0.00016496553749124202,0.00010656774261440336,4.217575316754564e-05,0.0008554897342680607,5.9598990747378067e-05,3.4330279574068016e-05,5.980860443637566e-05,6.67364702260934e-05,8.2464695688246e-05,7.760803053746991e-05,6.836210368675739e-05,6.143361442957182e-05,6.279270198926734e-05,4.527490787738184e-05,5.067278022858026e-05,0.00035381095791632984,0.00010828578379508588,6.034605850866528e-05,9.158691548022152e-05,4.623092123522798e-05,5.389942921535313e-05,3.8467644640019373e-05,7.967007357304492e-05,9.023207615286036e-05,6.090652961622229e-05,3.3789199609345117e-05,3.1014087583337106e-05,0.00019474101683104183,6.99541305387641e-05,0.2320282897693384,5.741373179426709e-05,6.515508414925932e-05,0.00022577440369630526,6.935957288984831e-05,6.620004537439212e-05,4.786491280630325e-05,0.00011072999690648601,0.00011515472027019034,0.02148200941558255,3.9137583851193515e-05,0.06350975896353349,1.8644736432070198e-05,8.355746509701922e-05
OertelLudwigChristianvon,3.211478733210618e-05,0.030421056085882126,5.134129199156131e-05,7.424508756549189e-05,7.522508404485698e-05,0.18225955642891006,5.6678189103732546e-05,0.0007515485954779432,5.1757809535599735e-05,0.00027091582461369383,0.0001432283293823243,0.07157634305103325,9.104241198401917e-05,0.05353959087028934,0.00012474590583654122,9.036362969629896e-05,4.8035306297120923e-05,5.461374107607084e-05,0.00013998335209046986,4.66497580060758e-05,0.0010163080561804065,6.270791974169533e-05,0.0011240844260035582,3.868168175222911e-05,5.327997189447994e-05,0.16925104352069587,8.821359679380252e-05,6.9872546065939e-05,4.768956384754403e-05,4.68668047017677e-05,0.00013782306658283394,5.894082228444232e-05,4.622960250520908e-05,3.485919619792708e-05,3.573437641769807e-05,5.924238483153556e-05,4.873609402085609e-05,3.039787665067948e-05,0.00027663068257276853,5.3339677461560556e-05,1.4150344000539295e-05,4.895005968293357e-05,0.00010527513134912244,5.451233417223488e-05,3.309641536769097e-05,0.17029780159157054,0.0008050719625053046,0.00017602860101586888,4.2940954422096896e-05,8.729394124316989e-05,7.105149460149821e-05,2.2904347949426314e-05,0.05408150056347804,5.6521156446074584e-05,3.612325540822375e-05,0.00938530057451155,4.637769517128087e-05,0.00013866042205360537,8.957463718140309e-05,3.5450481497997934e-05,0.0007190748408432496,5.00954401548208e-05,2.8856033371280714e-05,5.027162921240602e-05,5.6094789667261595e-05,6.931501986747614e-05,6.523279002831714e-05,5.7461202465886874e-05,5.1637517960593e-05,0.2480989420185928,3.805545043036128e-05,4.259258751845398e-05,0.0002973928827678523,9.101872252699574e-05,5.072338180044013e-05,7.698262648190753e-05,3.885901957397632e-05,4.530472071384042e-05,3.233366145626854e-05,6.696602329602742e-05,7.584382745876794e-05,5.119448116764483e-05,2.8401233069264844e-05,2.606863554238601e-05,0.00016368795565179238,5.879936750676179e-05,0.0001360523060371191,4.82586387637977e-05,5.476556864220266e-05,0.00018977281304643885,5.829961697833258e-05,5.564390218210496e-05,4.0232457713377756e-05,9.307318570015208e-05,9.679235043244812e-05,0.0003389428409877252,3.2896773335175965e-05,0.00022985509844900635,1.5671679443267588e-05,7.023353818185927e-05
OsmundEmanuel,2.229160614029768e-05,0.07613263021576377,0.0008986121851930835,9.195819160534112e-05,0.0019323883122284067,0.05938692767167464,0.000615769503120267,0.006475634494917579,0.0018869130119825424,0.0007755204486434446,0.00037428694107152636,0.005503043070964482,0.00012973086239398751,0.2661527525851245,8.658897758736823e-05,0.0035641656057518525,0.0007674847500375379,0.0010723422457780253,0.000242278199160836,0.003198523998717711,0.006052295064452424,0.005125955552672586,0.005308248975621026,0.0007587763386969457,0.0009553894779683593,0.39734797870478117,6.123106890328299e-05,0.0006051224792566337,0.0010170732888357145,3.253131775908107e-05,0.00015423676947744122,0.00031553169713490734,0.00010658578640083721,0.00043419101800488025,2.4804045455287942e-05,0.0008431395638483022,0.0008366257972902024,2.1099859288834903e-05,0.0004404314457284163,0.0001509080860070767,9.822076414449643e-06,9.061082674546091e-05,0.00044991605890358385,0.006851499023597341,0.0053148325603314265,0.03445059966640872,0.004066935105644763,0.00145726815755923,0.0028461080150811243,0.0005102449134659835,4.931846245647277e-05,0.00014904710163735546,0.009828496306557792,0.0015759713857261617,0.0011293715246225016,0.02185269585032181,0.0019317823153253179,0.0008001185386621353,0.00028919525207122014,0.0013909247514970228,0.018585676866880892,0.00012463417320479877,2.002963071285237e-05,0.0002560504041015175,0.00045847016996171364,0.008953571043117722,0.0019900441239254587,0.0013546113375178376,3.584277860963172e-05,0.0010814777859331085,2.6415155850561898e-05,0.0003019800165471431,0.0013056493691687395,0.00012052287578174859,0.0013366813389588989,0.0006146430951841653,0.0012674497607163538,3.144703964579808e-05,0.0002747478769692807,0.0009034913054885416,0.00013142601865390896,3.553525666991183e-05,0.0008685965960096886,0.0006785651870462538,0.0025603633615702555,0.0010874842759889746,0.0013017889314230718,0.0001883658199074334,3.801402991079234e-05,0.001493819430507314,4.0467093441156245e-05,0.00024480073135816325,2.7926266243905442e-05,0.0001933010228671379,6.718577740904815e-05,0.004733950968068118,2.283440045518421e-05,0.0007965618158569466,1.0878070033397592e-05,0.0014879416898321246
OsmundEmanuelANDBraunHenriette,2.0153122522340948e-05,0.14695169441431993,3.221840883644299e-05,4.659132040688998e-05,4.7206301565440664e-05,0.0031902113705325826,3.556749348951769e-05,0.00047162233302470763,3.2479787777268764e-05,0.00017000890431625144,8.98806534467212e-05,0.0004430459499343464,5.713221340902615e-05,0.38382709418327415,7.828230336655153e-05,5.670625441172823e-05,3.014379024818426e-05,3.427198206008724e-05,8.784431970835085e-05,2.927431151923322e-05,0.000637767909369576,3.935135477020851e-05,0.0007054012510946091,2.42740723661441e-05,3.343499648533765e-05,0.334137717945051,5.5357035559272776e-05,4.384740173592893e-05,2.9926825088943377e-05,2.9410515710969386e-05,8.648866699708101e-05,3.6987372850461514e-05,2.901064963662947e-05,2.1875332529598065e-05,2.242453791638078e-05,3.717661361661922e-05,3.0583558405841276e-05,1.9075702610918508e-05,0.00017359517226988867,3.3472463761586385e-05,8.879822663220422e-06,3.0717829144078744e-05,0.011184450331033838,3.420834577514213e-05,2.0769127537972093e-05,0.001242996226962887,0.0005052100682432516,0.00011046394070816409,2.6946910989804835e-05,5.47799203880407e-05,4.458723208382931e-05,1.4373258204878312e-05,0.045056369617875625,3.5468950150056554e-05,2.2668572723816466e-05,0.0003304023683510198,2.9103582826973877e-05,8.701413606597743e-05,5.6211134744346534e-05,2.2246384187974586e-05,0.04492479035275974,3.143659438907114e-05,1.8108143455111593e-05,3.154715902173993e-05,3.5201390479054666e-05,4.349753506326988e-05,4.093579684398296e-05,0.0055952521618427425,3.2404300718162736e-05,3.312117668900727e-05,2.388109088921828e-05,2.672829889627789e-05,0.0001866241598212583,5.7117347468145276e-05,3.1830649152385585e-05,4.830921928698144e-05,2.4385357887438646e-05,2.843025482138806e-05,2.029047348766415e-05,0.016719603362157377,4.759458412516894e-05,3.2126280045696285e-05,1.7822740780171247e-05,1.6358956409801093e-05,0.00010271976555747404,3.689860516109508e-05,8.537745446229201e-05,3.0283938975236683e-05,3.436725902738836e-05,0.00011908890173190388,3.6584994688577016e-05,3.4918443229920384e-05,2.5247237083896576e-05,5.840659306140083e-05,6.0740495564183376e-05,0.00021269817333235226,2.064384536498813e-05,0.00014424190057757316,9.834512453248446e-06,4.407393658003381e-05
OttoGeorgChristian,4.3831039002951294e-05,0.026842707420573812,7.007183788803409e-05,0.00010133149241213385,0.00010266901532535157,0.24171853787596262,7.735576423197278e-05,0.0010257317123216528,7.064031111282515e-05,0.00036975247422199776,0.00019548149039766636,0.21763936928904398,0.00012425688731262097,0.002550579539028213,0.00017025623142500622,0.00012333046881823995,6.555974859976566e-05,7.453815559940543e-05,0.0001910526668537916,6.366871875867567e-05,0.0013870818320793651,8.558528654008462e-05,0.002429740166304045,5.279369544156064e-05,7.271779514007271e-05,0.11948722038640423,0.00012039605187714637,9.536374194793186e-05,0.0005128691390631903,6.396494934198775e-05,0.0012000111500993563,8.044386075795893e-05,6.309528036235839e-05,4.757667464406244e-05,4.8771141789390346e-05,8.085544062074253e-05,6.651620064580231e-05,4.148775775173268e-05,0.00037755225067731644,7.279928274303706e-05,1.9312731962972015e-05,6.680822615986929e-05,0.0475492319926333,7.439975300276862e-05,4.517078870358509e-05,0.021963603158333764,0.005354767678282237,0.00024024809496552558,5.860685386564094e-05,0.00011914088372385268,0.0006928375412667587,3.126040841954511e-05,0.008575314998943073,7.714144226024783e-05,4.9301893247430335e-05,0.001185177102639895,6.329740081719801e-05,0.00018924709992151385,0.00012225363273846732,4.838367513207028e-05,0.007362911397951602,6.837146914875618e-05,3.938341272783762e-05,0.005095498438194635,7.65595265614622e-05,0.0003646371198514067,8.903129061496377e-05,7.842443981937444e-05,7.047613425992179e-05,7.203526826526177e-05,5.1938999777229805e-05,5.81313942842647e-05,0.008244592104099335,0.00012422455536833575,0.0008365508710813026,0.000105067751780028,5.3035730392666476e-05,6.183297930922105e-05,4.412976370486787e-05,9.139684932698648e-05,0.002800324731633871,6.987146692239158e-05,3.87626902684277e-05,3.5579104709491104e-05,0.00022340528350048842,0.0005468355812389601,0.0001856874800597766,0.00029194352616717105,0.26350242253544204,0.0008548712700107668,7.956872823752967e-05,7.594414440920096e-05,5.4910232005699504e-05,0.0017577295149602786,0.0010223916072589312,0.0004625973925803291,4.489831242580993e-05,0.0003137118013879395,2.138908739504216e-05,9.585643272458351e-05
PohlEduard,1.3284809758848559e-05,0.5182968651658598,2.1238169502044642e-05,3.0712701088029475e-05,3.1118092743221634e-05,0.01676130596780543,2.3445864733046924e-05,0.0003108904322549508,2.141046883183785e-05,0.00011206878480731535,5.924875317544534e-05,0.0002920530628830045,3.766119048794858e-05,0.0001600234878740981,5.160319481788705e-05,3.738040103520251e-05,1.987059416791787e-05,0.15759973602295893,5.790641497004884e-05,1.9297439338403228e-05,0.0004204125359174973,0.003690524909642264,0.0004649960031780285,1.600131359789347e-05,2.2040136316498026e-05,0.05901972245868072,3.649100457775266e-05,2.8903927410547962e-05,1.9727572119517275e-05,1.938722427240374e-05,5.7012777353926464e-05,2.438184014676972e-05,0.1282795898046021,1.4420079605287146e-05,1.4782112291480319e-05,2.450658645217409e-05,2.016048653104901e-05,1.2574581428832933e-05,0.00011443282975645469,2.2064834505902414e-05,5.853522432686153e-06,2.0248996944841588e-05,4.3548788844467934e-05,2.2549923233180746e-05,1.3690876334094378e-05,0.048458976900686485,0.0003330312529696708,7.28171247851981e-05,1.7763231761794498e-05,3.611057393975777e-05,2.9391618854629827e-05,9.474760085189895e-06,0.000384193341656396,2.3380905592532017e-05,1.4942978479224994e-05,0.00021779913274235624,1.918489607397718e-05,5.735916321084315e-05,3.705402131008852e-05,1.4664674490609399e-05,0.00029745712976983235,2.0722802407514232e-05,1.1936772607838679e-05,0.06231873639680495,2.320453196484927e-05,2.867329753261791e-05,2.6984616046288863e-05,2.3769771083329903e-05,2.136070824419855e-05,2.1833268309409388e-05,1.5742262716129446e-05,1.7619124064822504e-05,0.00012302145520536335,3.765139095458745e-05,2.0982560792816417e-05,3.184512906695208e-05,1.6074672303358254e-05,1.8741042549561973e-05,1.3375350638679475e-05,2.7701596482470006e-05,3.1374046128755344e-05,2.1177438791107613e-05,1.1748636985825475e-05,1.0783719670070246e-05,6.771221394559638e-05,2.4323325052413572e-05,5.6280273142236425e-05,1.996297931442666e-05,2.26546778349508e-05,7.850264405154738e-05,2.411659503024621e-05,2.3018014943858026e-05,1.664281756955013e-05,3.850125342229424e-05,4.003974705824544e-05,0.00014020927851961836,1.3608291125156055e-05,9.508334037584278e-05,6.482847849885282e-06,2.9053257734141606e-05
ReckeElisavonder,1.5908166922992285e-05,0.20376314288447867,2.5432080075688915e-05,3.677755153692821e-05,3.726299605868279e-05,0.015682936458654487,2.8075729844665526e-05,0.004760513993722024,2.563840342911476e-05,0.00013419905651145707,7.094863024789349e-05,0.0003497249083013353,4.5098162162378084e-05,0.00019162339566097241,0.00445002519267593,4.4761925094208926e-05,2.3794449045213305e-05,2.705309863467921e-05,6.93412199329408e-05,2.3108113082098362e-05,0.000503431582333303,3.106257700941372e-05,0.0005568189662748675,1.9161099957256626e-05,2.6392411625979064e-05,0.1759919381563403,4.3696899131273616e-05,3.461159853424218e-05,2.3623184370677068e-05,2.3215627886087077e-05,0.34673859062450874,2.9196532730638472e-05,2.289998765463464e-05,1.7267619000035066e-05,1.77011424383142e-05,2.934591274325608e-05,2.414158657944251e-05,1.5057689495583048e-05,0.00013702993044544892,2.642198697759289e-05,7.009420054707814e-06,2.424757518316321e-05,5.2148387128427035e-05,2.700286638693977e-05,1.6394419641557237e-05,0.2423339316427457,0.000398795079416627,8.719635410388377e-05,2.1270944867705613e-05,4.324134468964436e-05,3.51955946200124e-05,1.1345745082281807e-05,0.0004600601680201918,2.7997943194405303e-05,1.78937749421559e-05,0.0002608080222632155,2.297334585027138e-05,6.86859021307008e-05,4.437109502274815e-05,1.756051414380066e-05,0.00035619611862795764,2.481494321673265e-05,1.4293932289155953e-05,2.490221905353285e-05,2.7786740989712678e-05,3.433542607395558e-05,3.2313279919668655e-05,2.846359812289111e-05,2.557881659658033e-05,2.614469330350924e-05,1.885089418514117e-05,2.1098380161102156e-05,0.00014731455549920965,4.508642751089973e-05,2.5125996203417817e-05,3.813360056163993e-05,1.9248944838212575e-05,2.2441844377241064e-05,1.6016586949763492e-05,3.317184279458618e-05,3.756949267063941e-05,2.5359356844835364e-05,1.4068645443994055e-05,1.2913185485999878e-05,8.10833742993152e-05,2.912646263513619e-05,6.739396317075276e-05,2.3905077526805826e-05,2.712830692550673e-05,9.400459533388934e-05,2.887890954553009e-05,2.7563392371420904e-05,1.9929281997355427e-05,4.610411268993367e-05,4.79464133336724e-05,0.00016789646576284342,1.6295526295471802e-05,0.00011385948897665671,7.763018635900687e-06,3.479041718181898e-05
RichterCaroline,0.0002823965142419495,0.12739785500227807,0.002317598599369891,0.0005243993418482601,0.0004171311833180494,0.09405307223275447,0.0010227019531377584,0.03757888495693359,0.0008025293396084378,0.005843549791281805,0.002142131953948803,0.004049138168934841,0.006048450090424001,0.002296163171717634,0.0013707399995045446,0.0005553942251186421,0.0003625584877750714,0.0017664374680289308,0.002109335385224901,0.00042468001828899535,0.00747240097240895,0.00029062429592028585,0.10780485281067112,0.00042564227674695164,0.0010361788835564426,0.2456728836721606,0.0004500344928785015,0.0024257848460709705,0.0003084367930996684,0.0014081760947419197,0.014831901651731844,0.0016426883184101262,0.00034200032728537097,0.0016153648938837793,0.0004754906271825608,0.00045517915786199436,0.0004213695798762303,0.0002515726563683982,0.0005663575319783896,0.0012772835729669637,2.137095388363335e-05,0.0020010274069783254,0.011985845235393746,0.00031028015423318267,0.0004517562781884836,0.06757943703831712,0.008938548233887506,0.0027003851875310376,0.00027920645586305883,0.000740767994096253,0.003816274792281654,7.903873302056623e-05,0.02473466040216331,0.002794256852478485,0.000884333497459939,0.006202354297934164,0.0018111881802365185,0.0005405822988192213,0.0014266649690844243,0.0004167457561051951,0.07305805940987622,0.0004387831280238645,8.653077958554706e-05,0.00041591212930606905,0.000837429538243052,0.0006632879789407248,0.002205591963366918,0.0005486995576056838,0.002416743764149511,0.0002558598243832919,0.001025727780512566,0.0006850852723888067,0.0019100046615634213,0.0001867634950042129,0.0036340439655709734,0.0004384164653378861,0.00043838011473762954,0.000294224074189423,0.0008233027112723673,0.0007858007618748135,0.0009373181362548834,0.0009544009736496309,0.00027910051883556756,7.753678165619542e-05,0.0015716053628091133,0.0003540285273036566,0.0025236959507667737,0.0020462288036054025,0.0002554373233976851,0.0007257064926979288,0.0027114386683349543,0.000588173671062024,0.00013522177826978102,0.0030716155693988685,0.0002230284449975272,0.02543516192353874,0.0012861277207819142,0.04607841565755947,2.3668593402986668e-05,0.0013193456682483921
RichterCarolineANDJeanPaul,0.006075738641789722,0.11262212203723959,0.006896524783919425,0.00014491724327936545,0.00042149569274128,0.04037169164787731,0.0003970366990019066,0.019950316013793427,0.001487498921921403,0.008803248219705476,0.0004184767862098446,0.0025720410584559143,0.0041654030512841686,0.00755201028865314,0.000243488604795197,0.0003847478064744345,9.375898657966095e-05,0.00010659927897500073,0.0007870042339458978,0.004618821143526896,0.023530505299118577,0.002976433868658406,0.02877592121432702,0.0005053540639410896,0.00010399592622392974,0.3188337881949855,0.0004032610599315898,0.0024471726966326583,0.00016540366662643895,0.00023859060249240187,0.0014137112891179477,0.000757262726637621,9.023447574287147e-05,6.804084662816248e-05,6.974909035149255e-05,0.006708404735275664,9.512683768439751e-05,0.0007825281679145925,0.0005399489345281266,0.00010411246411853623,0.0013196590355481319,0.007191966484976,0.00020548405721160175,0.00010640134522025314,0.00021770373767881373,0.059414759854186046,0.011282838071471799,0.0003435860934912483,8.381544076092476e-05,0.00017038699440945657,0.0024259115485460205,4.47064590100232e-05,0.04491411062349744,0.0024403757204093674,7.050813412292769e-05,0.011843932087549067,9.052353434083033e-05,0.00039909152620053336,0.0536882813936333,0.0009906638501113525,0.12831539937081118,0.0008815376306955677,5.632341405018406e-05,9.81240127732083e-05,0.0010347631378805377,0.0009329668861984665,0.00500636909053879,0.003943070462135291,0.00010079005895220908,0.00010301982382173289,7.427954022221052e-05,8.313547158072591e-05,0.00222375977825696,0.002475976968166412,9.900577804346234e-05,0.0008637695193135231,0.005423989761897163,0.012922602732125523,6.311131466088484e-05,0.00013070940863099724,0.0010589900075666874,0.00037775085149644713,5.5435700018563806e-05,0.003934305094598175,0.0003194986775410319,0.004335054217053794,0.0008383730466753787,9.41949039779269e-05,0.0001068956276366981,0.002248996630624508,0.0008216556077487845,0.00025324907948496385,7.8528789625756e-05,0.00018166736597888378,0.000833705012557372,0.012888482880644309,6.421043951648076e-05,0.000780131060574442,3.058918316276339e-05,0.0018983883692807804
RichterCarolineANDOttoAmöneANDOttoGeorgChristian,5.674800644465311e-05,0.0694089305702876,9.072194496213286e-05,0.0001311937913236074,0.00013292548102628683,0.08725217741181553,0.0001001524377934887,0.0013280139176576411,9.145794673069426e-05,0.00047871819302899756,0.0002530897083263352,0.0012475473413254134,0.00016087527930912977,0.0632988010143587,0.0002204305884124273,0.0001596758461246679,8.488014705284153e-05,9.650448245232792e-05,0.00024735571450079267,8.243183243264782e-05,0.001795853589982226,0.00011080719286205332,0.2211396289315008,6.835194960705838e-05,9.414766341660192e-05,0.205149942173107,0.00015587665917239733,0.0001234673502100437,0.1253147438047806,8.281536190019629e-05,0.0002435384108194118,0.01575795991822869,8.168940226101457e-05,6.15974775121034e-05,6.314395304184e-05,0.00010468346564000484,8.611846464939305e-05,5.371416233393434e-05,0.000488816556531708,9.425316534225492e-05,2.5004176556818546e-05,8.649654981760364e-05,0.00018602501615475904,9.63252927359862e-05,5.848257916698054e-05,0.003500080834628693,0.001422591669196158,0.0003110489906593653,7.587824054648343e-05,0.00015425159410270006,0.00012555059548898542,4.047282242922388e-05,0.0016411380083021713,9.987495533107527e-05,6.383111647320045e-05,0.016584170151266536,8.195108743058274e-05,0.00024501804863112783,0.00015828166742882052,6.264230031201976e-05,0.14215491552480444,8.852047909753557e-05,5.098966874002866e-05,8.883181162083482e-05,9.912154960362474e-05,0.03143010083030768,0.0001152687312124532,0.00010153605110726458,9.124538710814012e-05,9.326399649080052e-05,6.724537590561364e-05,7.526266345769265e-05,0.0005255041253544944,0.0001608334191701871,8.963007500374438e-05,0.00013603112293862748,6.866531203874201e-05,8.005510223235894e-05,5.7134765045296765e-05,0.0001183314179314706,0.00013401882331988822,9.046252485464152e-05,5.018601993479357e-05,4.606423459898451e-05,0.000289242617931134,0.00010390063778748406,0.00024040941202452623,8.527478370813719e-05,9.677276732721208e-05,0.0003353355171377056,0.0001030175602844402,9.832481488921164e-05,7.109222757706059e-05,0.00016446373090742294,0.00017103563132247142,0.0005989244246220272,5.812980437726681e-05,0.00040616238473671184,2.7692432051573604e-05,0.00012410523651172978
RichterCarolineANDRichterEmmaANDJeanPaul,8.867397167009043e-05,0.035076284331320554,0.00014176137068839102,0.00020500234746514943,0.00020770827165980018,0.038497481524092415,0.00015649738181114703,0.0020751437079417445,0.0001429114410443991,0.0007480411409343861,0.00039547591240952684,0.0019494072925659496,0.0002513823983189416,0.0010681310826333374,0.0003444430382090831,0.00024950817381516344,0.00013263302495846447,0.0001507971165711454,0.0003865160204609254,0.00012880730851709017,0.002806186161218329,0.00017314641511283885,0.22324840574692545,0.00010680619853955808,0.00014711437038323607,0.1248815076987195,0.0002435715952940554,0.00019292907364745177,0.00013167837575397544,0.00012940660853255777,0.0003805511328867858,0.00016274486738504282,0.00012764719319091326,9.625171557673168e-05,9.866822561653543e-05,0.00016357752894001978,0.0001345680099271837,8.393331162615165e-05,0.0007638207613167682,0.00014727922683111178,3.907132219341912e-05,0.0001351588027249445,0.0002906811718315341,0.00015051711618300915,9.138440084771074e-05,0.005469197743106522,0.00222293013051373,0.00048604261389586834,0.00011856671932885384,0.000241032281880589,0.04911721369162985,6.324250197225649e-05,0.002564428856136621,0.00015606378998030463,9.974198158547168e-05,0.0014537742336657967,0.00012805610030089962,0.0003828632028539672,0.00024732964156488614,9.788434715561209e-05,0.3199721693846108,0.00013832137809763166,7.967604017474019e-05,0.14690189593149874,0.00015488652434019458,0.0001913896562502079,0.0001801179785222819,0.00015865940468163823,0.00014257929711319412,0.00014573355965782794,0.00010507707550598548,0.00011760482359450017,0.0008211484569003862,0.0002513169880075093,0.00014005522360370016,0.0002125611223625104,0.024567810534074426,0.00012509344930595795,8.927831750257507e-05,0.00018490370779052296,0.00020941671940347687,0.00014135600294591752,7.842026511138845e-05,7.197959698934268e-05,0.0004519681538632231,0.00016235428852743038,0.0003756617849100593,0.00013324968097484446,0.00015121633632678898,0.0005239925419344094,0.00016097439882921201,0.00015364155317872566,0.0001110881345282195,0.0002569896834960322,0.00026725888144206103,0.0009358744172494693,9.083315784079546e-05,0.0006346660271268973,4.3271968286887926e-05,0.0001939258295757788
RichterEmma,5.603120921370432e-05,0.09516186781299638,0.001181228538412356,0.0001295366521176663,0.004475951133695549,0.03903587498238899,0.0003478624567802079,0.007307073274612058,9.030272019372752e-05,0.0022282632785266213,0.00042093635983296535,0.004037102569959744,0.00032395600494576203,0.0013641517005669945,0.002602611732526103,0.00015765894347870106,8.380800622919264e-05,0.012696818502811307,0.0002442313071018041,0.02537147309714669,0.010315371357316956,0.00043963311871220964,0.17535842090662965,6.748858027872655e-05,9.29584624443504e-05,0.35307904713441157,0.0020202468704784166,0.00012190780547379892,8.320478356649935e-05,8.176930185669538e-05,0.0004894372883253794,0.011450650811581692,0.00048774637695304614,6.081942548736541e-05,0.019149615973810725,0.0008806842302325333,8.503068234897952e-05,5.3035686291586504e-05,0.0020059493519746594,0.00027633142185062913,0.0022239138242025323,8.540399183574129e-05,0.00018367529103098775,0.008475229095414216,0.0013942255773691757,0.02883005898198095,0.006075235665819739,0.0003071200587168573,0.00047681139403225805,0.00048602962217308244,0.00012396473679845594,3.996160082227202e-05,0.04074397895365247,9.861341160632311e-05,0.006736837704086618,0.0026737179179185536,0.00026418473433827627,0.0017652303195714789,0.0030597895049806886,0.0011614637914876779,0.015519714821340552,8.740235639552914e-05,5.034560640815634e-05,0.003830897508153956,0.011719467100403589,0.00012093508014496065,0.00011381274513427,0.00010025352569650594,9.00928454610647e-05,9.208595732043733e-05,0.0003064075184188536,7.431200329991387e-05,0.0005188663608671437,0.0001588018949506067,0.005064399316514246,0.00013431288227513626,6.779798455685752e-05,7.904390766890862e-05,5.641308257676245e-05,0.0012832986998097917,0.0003813010681364038,0.0006391262420220126,0.0003320620372662108,0.0003792088022991168,0.000285589127340101,0.00010258824473394978,0.0024808461115087407,0.00810014817096526,0.0021388225354509786,0.001078025019416915,0.00010171632158765875,9.708285134790419e-05,0.016353746744289598,0.03352257723178849,0.0027017187884146297,0.0010976892222733922,5.739555333615123e-05,0.0004010320534539948,0.0032640185220581728,0.007895108123512752
RichterEmmaANDJeanPaul,1.6412314207438447e-05,0.1287292246426255,2.6238050629684346e-05,3.794307254419919e-05,3.844390133609481e-05,0.0025980465976565537,2.8965480563811853e-05,0.004911379911468596,2.6450912596820432e-05,0.00013845197202604748,7.319707027544647e-05,0.004888107856348046,4.652737246031723e-05,0.00019769615156216955,6.375159771442806e-05,4.618047967011121e-05,2.454852127296312e-05,2.7910441047450567e-05,7.153871936191966e-05,2.384043456925707e-05,0.0005193858821823285,3.204698419617525e-05,0.3718130472572495,1.9768336262810512e-05,2.7228816141699328e-05,0.2042058149062166,4.508170186451057e-05,3.570847811162197e-05,2.4371829032761593e-05,2.3951356635486057e-05,7.043470194581644e-05,3.0121802924410497e-05,2.362571341837732e-05,1.781484881412109e-05,1.8262111086372125e-05,3.0275916953717546e-05,2.490665997697249e-05,1.5534884216130006e-05,0.00014137255946463983,2.725932876869346e-05,7.231556275884622e-06,2.501600747597048e-05,5.3801026800006396e-05,2.7858616884601598e-05,1.691397680878912e-05,0.01912147127470493,0.03210253180432842,8.995970234808298e-05,2.1945044476074605e-05,4.461171040221283e-05,3.631098167485288e-05,1.1705304206908775e-05,0.10912983473706857,2.888522876915852e-05,1.8460848325861746e-05,0.00026907331497872853,2.3701396415815615e-05,7.086263381867921e-05,4.57772637643704e-05,1.8117026126729377e-05,0.000367484364898306,2.5601356025760943e-05,1.474692270486627e-05,2.5691397729699305e-05,2.866733333459973e-05,3.54235534427015e-05,3.333732325551676e-05,2.936564081383636e-05,2.6389437392108603e-05,2.69732473534791e-05,1.9448299729024743e-05,2.1767011004361603e-05,0.00015198311558371432,4.651526592484336e-05,2.5922266623276774e-05,3.934209625208427e-05,1.9858965044538986e-05,2.3153051077266145e-05,1.6524170183954267e-05,3.422309493104666e-05,3.8760111162361896e-05,2.61630227197607e-05,1.4514496272110168e-05,1.332241851880815e-05,8.365299549857794e-05,3.004951223061179e-05,6.952975189393323e-05,2.4662655692659465e-05,2.798803277162851e-05,9.698370422132148e-05,2.9794113911666242e-05,2.843690655325236e-05,2.056086283558557e-05,4.756520266509832e-05,4.946588783995054e-05,0.11788301160923348,1.6811949423934784e-05,0.00011746782125364866,8.009037223921518e-06,3.589296371856753e-05
RichterEmmaANDJeanPaulANDRichterOdilieMinna,1.439239492854711e-05,0.037453998883508234,2.3008844581252365e-05,3.3273289674842196e-05,3.371247976549267e-05,0.010218515401803012,2.540060044552369e-05,0.00033681008322604617,2.3195508902783663e-05,0.00012141221736614782,6.418845811149412e-05,0.000316402199008104,4.080109063065559e-05,0.00017336501441381642,5.590547195447064e-05,4.049689111488906e-05,2.1527251343518395e-05,2.447540822748701e-05,6.273420608000563e-05,2.0906311276530653e-05,0.00045546329677821867,2.8102852954839283e-05,0.15930814833304882,1.7335379945732438e-05,2.387767321506205e-05,0.3974295401163794,3.953334362749333e-05,3.1313714372280186e-05,2.1372305217722344e-05,2.100358178715337e-05,6.176606383877616e-05,2.641461028399624e-05,0.07942291028794657,1.5622314835343828e-05,1.6014531019942512e-05,2.6549756976033826e-05,2.184131270026264e-05,1.3622953227794195e-05,0.0001239733581844563,2.390443054936947e-05,6.341544072034256e-06,2.193720243099389e-05,4.717955161473188e-05,2.442996224045943e-05,1.4832316208889701e-05,0.0008876883755017144,0.0003607968351293738,7.888805609518206e-05,1.924419328269076e-05,3.912119561150124e-05,3.184206577466475e-05,1.0264692643299607e-05,0.02423688210632693,2.5330225511935582e-05,1.6188808992054907e-05,0.0002359575477876273,2.078438502108776e-05,6.214132868192438e-05,4.0143300360803746e-05,1.588730215928468e-05,0.15912664135810936,2.2450510145735205e-05,1.2931968817231135e-05,2.252947011120631e-05,2.513914720892113e-05,3.1063856350543656e-05,2.9234385601548906e-05,2.5751511613824898e-05,2.3141599660409728e-05,2.3653558146036085e-05,1.705473139565042e-05,1.9088070995302872e-05,0.00013327803710706798,4.0790474087640735e-05,2.2731925185553948e-05,3.450013078108648e-05,1.7414854735335118e-05,2.0303526406642325e-05,1.4490484409944213e-05,3.001114234710094e-05,3.3989772573953565e-05,0.12706645068478598,1.2728147895344135e-05,1.1682783201845772e-05,7.335753708796542e-05,2.6351216651528612e-05,6.097248906481714e-05,2.1627338852351602e-05,2.4543450474512092e-05,8.504759019017798e-05,2.612725107154444e-05,2.493707983454913e-05,1.8030367580174444e-05,4.171119154556584e-05,4.3377952937381614e-05,0.00015189884881542382,1.4742845680980544e-05,0.00010301065733388484,7.023337797899969e-06,3.147549470869307e-05
RichterEmmaANDRichterCaroline,0.00017360172014421147,0.020783053220342674,0.00027753372650394994,0.0004013439285877313,0.0004066414593729645,0.02748091175122511,0.0003063831941751668,0.004062618494020103,0.00027978528001316544,0.0014644796704042285,0.0007742440918889469,0.0038164576693396,0.0004921446050088837,0.002091136663806288,0.0006743343373325435,0.0004884753366580438,0.00025966268169857966,0.00029522348369525014,0.0007567028379528932,0.0002521728744586657,0.005493818935333661,0.0003389778864560682,0.0060764216783850715,0.00020910013884926215,0.00028801357687553307,0.19659948459119767,0.00047685298318018396,0.00037770744244586436,0.00025779371450434835,0.00025334615576780463,0.0007450250623459759,0.00031861422681955527,0.0002499016553805436,0.00018843706982156166,0.00019316799922231603,0.00032024437234613387,0.0002634509040224045,0.0001643206794651201,0.0014953722670705426,0.00028833632505506147,7.64919921070154e-05,0.0002646075303018913,0.04845672404452436,0.00029467531213931336,0.00017890807057266146,0.010707337430927132,0.004351947782978857,0.0009515513092121039,0.0002321243318605937,0.0004718816351255018,0.0003840804410155906,0.00012381318803960387,0.00502051788397487,0.0003055343285355993,0.00019527014802327383,0.0028461306391539647,0.0002507021944376745,0.0007495515238976222,0.0004842103089513247,0.00019163335893681503,0.6264264243188239,0.00027079907122922066,0.00015598599417736096,0.0002717514899125853,0.00030322953338161483,0.0003746936436597252,0.0003526264845416096,0.0003106159005966724,0.0002791350242875375,0.0002853102907521114,0.00020571494331425238,0.00023024117775191739,0.0016076057260865286,0.0004920165477857105,0.0002741935121981857,0.00041614214163323264,0.00021005876736464286,0.0002449020560292771,0.0001747848799159611,0.0003619957596227142,0.0004099861778003994,0.00027674011665363,0.0001535274969768166,0.00014091826064955424,0.0008848419382068168,0.000317849569950618,0.0007354529274437377,0.0002608699417678493,0.00029604421236373616,0.0010258478887241948,0.0003151480869707959,0.000300792187550698,0.0002174831112049456,0.0005031222835062865,0.0005232268349812637,0.0018322108011348949,0.00017782887300864575,0.0012425192190132304,8.471581893927195e-05,0.0003796588441984023
RichterMax,3.034132958618131e-05,0.06995777890981567,4.850609924914517e-05,7.014509075473124e-05,7.107096941200595e-05,0.048860213249350415,5.354827974292792e-05,0.0017572096492022198,0.00018564354781837615,0.00025595518474750824,0.00026641592279442544,0.0017537774531430396,0.002593191316655549,0.002069044450175198,0.00011785712931467224,0.0021721547067118686,4.5382678236734014e-05,5.1597835625921276e-05,0.0003440781525543397,4.4073643338840015e-05,0.019285776139143607,5.924503378680175e-05,0.0807052285766013,3.654558390361252e-05,0.00025545361869392996,0.3062060417201601,8.334222445955506e-05,6.601401177870587e-05,0.0005236597910663814,4.427870418079668e-05,0.0011068418359442478,0.0010804047473914255,0.0004997466100693319,0.0013148412535454637,3.376103603719349e-05,0.00462240899690199,0.0002228181834688906,2.8719230946184303e-05,0.0005560842073991144,5.039412894582218e-05,8.799090617907331e-05,0.0004352855587162197,0.0005231116316874851,0.00032304050293157933,0.0006823623443563778,0.030288395588707807,0.002817000072545784,0.006040727913303291,0.00018717835158675412,8.2473354556138e-05,0.00013267636333734608,0.028907178400463796,0.04123501540365218,5.339991881584085e-05,3.412844017095481e-05,0.0006955464162049725,0.00016166554897433915,0.0011806302742594053,8.46281048408649e-05,0.0015655008804667744,0.012713363044133582,4.732904642288209e-05,2.726253205458965e-05,0.004845032330037022,0.008563818766189573,0.02288282237090414,0.001940200737890476,5.428805317645015e-05,0.0013978687379107926,4.986525225008073e-05,3.595393461951509e-05,0.001433901384821013,0.0004683961251817865,0.04981346025801545,0.0003214101758845037,0.0009904105605780256,0.0013944055000446218,4.280288232250849e-05,0.0002362722893293606,0.011436546659931318,0.029219552874653446,4.836739568093515e-05,2.6832846946709058e-05,2.462906120704182e-05,0.0008024675053640105,5.555232144408712e-05,0.004836627284952955,4.5593677733902116e-05,5.174127889947108e-05,0.0003476280747895732,0.004085601475265921,0.0021496052247512378,3.801072219224438e-05,8.79334548836001e-05,9.144723816856935e-05,0.1716814124200423,3.108013239392093e-05,0.0007794399652877547,1.4806250660791145e-05,0.003838732944572669
RichterOdilieMinna,4.3334320350151505e-05,0.018456331262973306,6.92777433443796e-05,0.00010018314540640216,0.00010150551073735274,0.027230060948275916,7.647912402745885e-05,0.006229369324689549,6.983977430221115e-05,0.0028264817288625207,0.004244273582331774,0.0015321345959298895,0.0006950278905793456,0.0017524475868336692,0.0041259628443229175,0.00012193281670425655,6.481678765831552e-05,7.369344616349574e-05,0.00018888754767222183,6.294718805973034e-05,0.009635730383584926,8.461538463502571e-05,0.3869787520862826,5.219540678875712e-05,7.189371508041186e-05,0.3297386550344569,0.00011903165427099324,0.007789507444350421,6.435025758562119e-05,6.324006158695598e-05,0.00018597255081212756,0.011861916643037134,6.238024819856445e-05,4.7037508284526634e-05,4.821843903818468e-05,7.99391400618175e-05,6.576240063727597e-05,4.101759451565843e-05,0.0003732736104811453,0.001788511741489473,1.909386892844789e-05,6.605111674953019e-05,0.00014205375921098954,7.35566120250317e-05,4.465888723327684e-05,0.05348643825814778,0.0016585088241999264,0.004659037860078005,5.79426871436288e-05,0.0001177907104082554,9.587384766332366e-05,3.090614741388922e-05,0.020716407858918266,7.62672308761197e-05,4.874317571411577e-05,0.0019409085696106393,6.258007810765579e-05,0.00018710244246739885,0.0001208681839529698,4.783536337684387e-05,0.0046616680874707155,6.759664416586616e-05,3.893709714514034e-05,0.002686142034716617,7.569190978217389e-05,9.353072293308984e-05,8.802233660115827e-05,7.753568876578805e-05,6.967745799624093e-05,7.12189229944051e-05,5.135039702940587e-05,0.0009160595995337812,0.0004012892353434114,0.0052743386736825324,0.00977303407947683,0.006516564079502163,5.243469885998653e-05,6.113225227012426e-05,4.362965973118886e-05,9.036108743540116e-05,0.00010234041663399427,6.907964309826321e-05,3.832340907119821e-05,3.51759017428005e-05,0.0002208735257787231,7.934135143336159e-05,0.014291494597864106,6.5118142936041e-05,7.389831578697173e-05,0.00025607131659509137,7.866700944659529e-05,7.508350149593506e-05,0.002630048908904658,0.00012558897567748636,0.00013060745748393998,0.018571411118574868,4.438949881407622e-05,0.028451666653966267,2.114669390136369e-05,0.0026598449387287807
RichterOdilieMinnaANDRichterEmma,5.114383550118093e-05,0.020230690946245286,8.17626648086012e-05,0.00011823769860135832,0.00011979837462932248,0.022203909729037703,9.026184573634587e-05,0.015304776834098796,8.242598244279149e-05,0.00043144219593998617,0.00022809573799404458,0.0011243453295035402,0.00014498797996044673,0.0006160581211715786,0.0001986618818793048,0.00014390699725595998,7.649777587201213e-05,8.697414561130369e-05,0.00022292800690794286,7.42912454926155e-05,0.0016185033861909376,9.986438641878405e-05,0.2275167237036269,6.160182684651436e-05,8.485007513515786e-05,0.3682931303294144,0.00014048300045503852,0.00011127428511639185,7.594716986039274e-05,7.463689936183618e-05,0.00021948768250237968,9.386516211509223e-05,7.362213429474185e-05,5.5514395210327894e-05,5.6908147961388684e-05,9.434541020586612e-05,7.761380294369469e-05,4.8409599818626005e-05,0.0004405432917171122,8.494515817804704e-05,2.2534879598134385e-05,7.795455016742771e-05,0.0001676540449857503,8.68126518435002e-05,5.2707109835092046e-05,0.003154429021602261,0.0012821030882499654,0.0002803312293729015,6.838485606385614e-05,0.0001390184193039038,0.00011315179871607612,3.647591346856493e-05,0.0014790668005792186,9.001176615996509e-05,5.752745030692927e-05,0.0008384826895888044,7.385797664593609e-05,0.00022082119811966456,0.00014265050120707736,0.014164367471727526,0.0011451498959907055,7.977860554212741e-05,4.59541646250279e-05,8.005919230376657e-05,8.93327633014601e-05,0.00011038640664822971,0.0001038853238537864,9.150881979147879e-05,8.223441422654576e-05,0.01419196511066242,6.060453325150818e-05,6.783007052441845e-05,0.0004736077657377257,0.00014495025373543427,8.077862288291759e-05,0.00012259731769431346,6.188424305216396e-05,7.214923018653039e-05,5.149239960923074e-05,0.0001066455537818958,0.0001207837434891955,8.152886383241753e-05,4.5229880462979824e-05,4.151514360448952e-05,0.00026067835327093955,9.363989081543409e-05,0.0002166676891726563,7.685344003443275e-05,8.721593591140721e-05,0.0003022193306988,9.284402196681618e-05,8.861471042656721e-05,6.407148762414876e-05,0.00014822205265736254,0.00015414494254927793,0.2968059175628372,5.238917345380825e-05,0.0003660516640703769,2.495765539983575e-05,0.00011184917671392676
SchillerCharlottevon,1.7608069334188654e-05,0.4926797420213886,2.8149681321117072e-05,4.070749826417587e-05,4.124481603550267e-05,0.1096445478547882,3.107582414151792e-05,0.0004120631296835012,2.8378051813454167e-05,0.0001485391939294516,7.85300032755527e-05,0.0003870955379756842,4.991722616714098e-05,0.00021209973802666164,6.839636010698541e-05,4.954505974232871e-05,2.633705759972796e-05,2.994391740858572e-05,7.675082957117889e-05,2.557738168712433e-05,0.0005572268791027825,3.4381837475555675e-05,0.0006163190902019353,2.1208601732677307e-05,2.9212631226230158e-05,0.21422653103178046,4.836622807122194e-05,3.83100975560674e-05,2.614749205906389e-05,2.569638522362537e-05,7.556637654626138e-05,3.231639290231253e-05,2.534701655613666e-05,1.911278867394358e-05,1.959263721942132e-05,3.2481735247036814e-05,2.672128928404433e-05,1.6666712257570346e-05,0.00015167256716769895,2.924536691754646e-05,7.758427159659967e-06,2.683860353476737e-05,5.7720818537321314e-05,2.98883174827558e-05,1.814628166398604e-05,0.09337179993985097,0.0004414092109099153,9.651391365089186e-05,2.3543898794080216e-05,4.786199435073514e-05,3.895649783706235e-05,1.2558119802483859e-05,0.0005092209162508766,3.0989725426456234e-05,1.9805853896118413e-05,0.06343157694144556,2.542821360424758e-05,7.602548633373192e-05,4.911246665794127e-05,1.9436981777023094e-05,0.005251404374607435,2.746659893621453e-05,1.582134208322188e-05,2.7563200825861305e-05,3.0755954742394186e-05,3.800441407584872e-05,3.5766187015439555e-05,3.150513894369399e-05,2.831209769795176e-05,2.8938442413747096e-05,2.0865248235714693e-05,2.335289430354297e-05,0.0001630561786107633,4.990423758348808e-05,2.781089017873618e-05,4.220845091090557e-05,2.130583347295345e-05,2.483991736410599e-05,1.7728074823057574e-05,3.671649352796795e-05,4.158406402178234e-05,2.8069187088357622e-05,1.557198171323745e-05,1.4293052522229611e-05,8.974771784980505e-05,3.223883531155867e-05,7.459549437473218e-05,2.6459507532749584e-05,3.002716224790675e-05,0.0001040496645769496,3.196482938826295e-05,3.0508739712805023e-05,2.205886956609994e-05,5.103066976637563e-05,5.306983352587119e-05,0.00018583741448202642,1.8036820850368005e-05,0.014697464589234287,8.5925531863747e-06,3.8508024266292404e-05
SchlabrendorffAmanda,3.7469238523743844e-05,0.09570708329395627,5.9901349987324584e-05,8.662386166345566e-05,8.776725151243809e-05,0.02437259572417776,6.612806009456257e-05,0.0008768531858841027,6.038731288801293e-05,0.0003160852210333325,0.006909136678591967,0.003276828148316305,0.00010622177924235524,0.00045133941286304896,0.00014554460698473846,0.00010542982458354752,5.6044162167269116e-05,6.37194096878698e-05,0.00016332257021012148,5.442760345036196e-05,0.049673627211768635,7.316311884090789e-05,0.01848323607408808,4.5131021578487544e-05,6.216326313507335e-05,0.3532260642116276,0.00010292131986189245,8.152229275977731e-05,5.564077458830081e-05,5.468083802194949e-05,0.0001608021034815726,6.876793877297421e-05,5.3937396041661504e-05,4.0671218637662185e-05,4.169231636646695e-05,0.037150274334829536,5.686179119602789e-05,3.5466069853153686e-05,0.0003227529088427987,6.223292332341601e-05,1.6509610014423917e-05,5.711143103780434e-05,0.00012282749894455036,6.360109536031437e-05,3.861453195591145e-05,0.20394119468292748,0.0009393004250640783,0.00020537759039962998,5.01004365073353e-05,0.00010184833149581695,8.289780564825669e-05,2.6723156148379635e-05,0.011813929836024481,0.00343695889601592,4.2146032578322804e-05,0.1470144169779807,5.411017997982925e-05,0.00016177906999668724,0.00010450928450871018,4.136108806493968e-05,0.0008389651299681158,0.03440191719379679,3.366715731468366e-05,5.865334390845288e-05,6.544739132930831e-05,8.087181103939683e-05,7.610895703166454e-05,6.704162412132814e-05,6.024696527587669e-05,6.157980075651932e-05,4.44003796306691e-05,4.969398690293997e-05,0.0003469767600968153,0.00010619414007705329,5.91804165401264e-05,8.98178264114228e-05,4.533792667406276e-05,5.285831007142952e-05,3.772460520825918e-05,7.813116972930861e-05,8.848915710443458e-05,5.973006161096674e-05,3.313652882816504e-05,3.0415020751194507e-05,0.00019097940740991283,6.860289944855262e-05,0.00015873610663813423,5.630473052717982e-05,6.389655124048364e-05,0.0002214133546589028,6.801982625057564e-05,6.492132803784084e-05,4.6940356131579096e-05,0.00010859114086915517,0.00011293039645949752,0.00039545428165385757,3.838160390135785e-05,0.00026817850047147144,1.828459547482034e-05,8.194347255949799e-05
SchlabrendorffAmandaANDMützschefahlAntonievon,6.26304358488434e-05,0.30119781034367304,0.00010012607155768246,0.00014479318034323538,0.00014670437489664305,0.0271907753935642,0.00011053411781871299,0.0014656742269413218,0.0001009383663753952,0.000528341539317666,0.034832253042509094,0.03592979494556585,0.00017755141531292613,0.000754421100003433,0.000243280155403382,0.00017622765034176942,9.36787199743873e-05,0.00010650801985883406,0.00027299630735039504,9.097661603515235e-05,0.001982009591314806,0.00012229333185308992,0.002192195663743872,7.543722966168797e-05,0.0001039068958251936,0.14003321503329308,0.00017203464428570608,0.00013626582573078954,9.30044511372775e-05,9.139990170135216e-05,0.00026878330660709207,0.00011494671756002395,9.01572264539153e-05,6.798259719546254e-05,6.968937849977917e-05,0.00011553482650699663,9.504540006854982e-05,5.9282107143462647e-05,0.0005394866869124394,0.00010402333395228415,2.7596079120811663e-05,9.546267708595672e-05,0.0002053081433252436,0.0001063102555541962,6.454481227221319e-05,0.22845692931790115,0.0015700557933006284,0.00034329195113380785,8.374368677610883e-05,0.00017024112694519588,0.1383502784676824,4.466818603129929e-05,0.0018112563804036914,0.00011022787186136274,7.044777245759103e-05,0.07013265762458044,9.044603759023631e-05,0.0002704163218767401,0.0001746889527761155,6.913572505744996e-05,0.0014023437310738945,9.769640441614941e-05,5.6275195853634044e-05,9.804000929057209e-05,0.00010939636901152668,0.0001351785350554448,0.00012721734784851353,0.00011206115480762581,0.00010070377308060841,0.00010293162905944164,7.421594987474171e-05,8.306429971416633e-05,0.0005799772445472098,0.0001775052160028371,9.892101968593392e-05,0.00015013194387653375,7.578307486233198e-05,8.835351686982076e-05,6.30572853761519e-05,0.0001305975089519279,0.00014791105172408395,9.983976027702127e-05,5.5388241789611254e-05,5.083919719350077e-05,0.00031922515630140283,0.0001146708516703509,0.0002653299595985885,9.411426418592188e-05,0.00010680411481790604,0.0003700959894408882,0.00011369623542620342,0.0001085170457445805,7.846156151686265e-05,0.00018151184144424369,0.00018876497707203213,0.0006610082028375758,6.415546927638823e-05,0.00044826468408676047,3.056299591415782e-05,0.00013696983455153234
SchlichtegrollAlfred,2.122165677748245e-05,0.012688552420101543,3.3926653970651314e-05,4.906162850886505e-05,4.9709216447504025e-05,0.07379118012083094,3.745330970092321e-05,0.02917928017985535,3.420189142653029e-05,0.022420650674637187,9.464619570826688e-05,0.00417347455228985,6.0161407869186066e-05,0.0002556275624299248,8.243289207189042e-05,5.971286419403517e-05,3.174203748874358e-05,3.6089109246318656e-05,9.2501893968812e-05,3.082645832027151e-05,0.026620148587479554,4.143779425429247e-05,0.0028898102741145276,2.5561102592167652e-05,3.520774604439552e-05,0.21526749740699302,5.829210870699949e-05,4.6172225132494506e-05,3.151356866774685e-05,3.096988416435472e-05,0.0022380824626837053,3.894847217165088e-05,0.011151362699768998,2.3035179700902395e-05,2.3613504385115826e-05,3.9147746630646235e-05,3.220512249669296e-05,2.0087111223061014e-05,0.00018279932353190462,3.5247199864817455e-05,9.350637778084853e-06,3.234651237406684e-05,6.956647981479688e-05,3.602209891597397e-05,2.187032285890185e-05,0.0013089008551935304,0.012826967057332293,0.00011632082489441089,2.837565720175963e-05,5.768439443982385e-05,4.6951281861758304e-05,0.49531958275880683,0.0006137249520939134,3.734954151683991e-05,2.3870478108141528e-05,0.0003479205592999198,3.064667745975326e-05,0.010826668189287767,5.9191492896197445e-05,2.34259048072502e-05,0.00047516925184313435,3.3103387112257036e-05,1.9068251327097854e-05,3.321981396787826e-05,3.706779562365618e-05,4.580380825630971e-05,4.310624468107716e-05,3.7970729936404855e-05,3.412240198474708e-05,3.487728727800236e-05,2.5147284931208024e-05,2.8145454124738054e-05,0.0001965191181526511,6.0145753724539326e-05,3.351833496608569e-05,5.0870611725798725e-05,2.5678288558491118e-05,2.9937649078797968e-05,2.1366290197981617e-05,4.425157630486435e-05,0.004344134284428916,3.382964043965215e-05,1.876771638000739e-05,1.7226321022052186e-05,0.00010816604754462466,3.8854997950245414e-05,8.990423360575278e-05,3.188961701047826e-05,3.618943787264553e-05,0.00012540308807035613,3.8524759606176176e-05,3.676984629096076e-05,2.658586526133737e-05,0.002208511455312404,6.39610039550122e-05,0.06735146859444915,2.1738398127513176e-05,0.00015188971850866508,1.0355945964470459e-05,4.641077103050138e-05
SchmidtLudwigFriedrich,4.878299928548583e-05,0.06847188207526873,7.798844141920704e-05,0.00011277976142900676,0.00011426839552949953,0.4074829010578892,8.609529404499046e-05,0.027983789146401143,7.862113983452256e-05,0.00041152651399762143,0.0002175666747428223,0.0055817342034695586,0.0001382952305689156,0.0005876204353941525,0.00018949150658729175,0.0001372641468032214,7.296658354103017e-05,8.295935652135437e-05,0.0002126374898389044,7.086190819029268e-05,0.042056208983603446,9.525457454594957e-05,0.0017075065509070276,5.875824223172982e-05,8.09333346654505e-05,0.25766520024411693,0.00013399820415625275,0.00010613778411672992,7.244139389875562e-05,7.119160642840836e-05,0.00020935597328126268,8.953227874915295e-05,7.022368364635857e-05,5.295181081632157e-05,5.4281226938379375e-05,8.999035824279082e-05,7.403109400073583e-05,4.617497788776827e-05,0.0004202074966506026,8.102402860672165e-05,2.1494653354829346e-05,7.435611208764711e-05,0.00015991501373728253,8.280531742197578e-05,5.0274111752255046e-05,0.0030088183101438628,0.0012229202879508918,0.0002673909382858438,6.52281619438596e-05,0.00013260122912398924,0.00010792863033884739,3.479215907913983e-05,0.0014107920137154317,8.585675832164568e-05,5.48719418424133e-05,0.0007997777258250097,7.044863934506699e-05,0.00021062793285894614,0.00013606565151529093,5.3849984921371246e-05,0.0010922889535064071,7.609596775487814e-05,4.3832887347998576e-05,7.636360242987714e-05,8.520909872324646e-05,0.00010529089075698272,9.908990261817004e-05,8.728470688124836e-05,7.843841454486332e-05,8.017369700219582e-05,5.78069844260558e-05,6.469898570377565e-05,0.0004517456907793029,0.00013825924581357228,7.704982357627261e-05,0.00011693813737035963,5.9027621902288445e-05,6.881876985070068e-05,4.911547342371403e-05,0.00010172271834837918,0.15286154371480398,7.77654328641711e-05,4.314203666358199e-05,3.959877472912431e-05,0.00024864525307383785,8.931740613464187e-05,0.00020666615287102396,7.330582999001497e-05,8.318998560737423e-05,0.00028826866911847357,8.855827516425206e-05,8.45241916852901e-05,0.009008504540076616,0.00014138001614506213,0.0001470295011814092,0.0005148609018872287,4.9970851542906065e-05,0.00936773338149887,2.3805592083712133e-05,0.00010668613830481443
SchragJohannLeonhard,6.279823062859789e-05,0.023413311589045246,0.00010039432184042443,0.0001451810994032956,0.00014709741428621734,0.11891690338993766,0.00011083025256060609,0.0014696009517160783,0.0001012087928976633,0.0005297570324564798,0.00028007302580228857,0.33242264599196963,0.0001780270977862117,0.0007564422885933182,0.00024393193340143182,0.0001766997862829453,0.003886885261966025,0.00010679336818017471,0.0002737276986403456,9.122035378092296e-05,0.021099256266242202,0.00012262097100178206,0.002198068830417411,7.563933544563816e-05,0.00010418527540955481,0.08210079542366658,0.00017249554663864087,0.00013663089894011137,0.028761158556296948,9.164477348242318e-05,0.0002695034107405308,0.00011525467420913677,9.039876895239995e-05,6.816473108562229e-05,6.987608507076362e-05,0.00011584435877361701,9.530003859620864e-05,5.944093133136272e-05,0.0005409320392971718,0.00010430202548896735,2.7670012472151253e-05,9.57184335509935e-05,0.3101536432070011,0.00010659507404020214,6.471773590610982e-05,0.039095067528973605,0.0015742621693615414,0.0003442116732553496,8.39680465987411e-05,0.0001706972242406046,0.00013893625071683877,4.47878576946938e-05,0.0018161089630387903,0.00011052318613199026,7.063651086094886e-05,0.0010295518277597495,9.068835384991792e-05,0.00027114080106256026,0.00017515696635384882,0.009625289259851453,0.0014061007855204505,9.795814531639443e-05,5.6425964149685683e-05,9.830267075129932e-05,0.0001096894555819049,0.00013554069527690492,0.00012755817905260594,0.00011236138067281635,0.00010097357109806577,0.00010320739578202176,7.441478369722312e-05,8.328683937379186e-05,0.0005815310762057709,0.00017798077470238623,9.918604148382384e-05,0.00015053416615257978,7.598610720887883e-05,8.859022700448257e-05,6.322622373923696e-05,0.00013094739603085486,0.00014830732395197007,0.00010010724349599258,5.5536633824667594e-05,5.097540176848675e-05,0.007905991530408276,0.00011497806924020344,0.00026604081178298913,9.436640808396129e-05,0.00010709025641471684,0.0003710875229372562,0.00011400084187710375,0.00010880777649782427,7.86717698645371e-05,0.00018199813439503002,0.00018927070208134877,0.0006627791265794883,6.432734981164842e-05,0.0004494656413037849,3.064487800708195e-05,0.00013733679388863569
SchwendlerAugusteSophieHenriette,0.0018332617203543427,0.2042772857277798,0.00048087539635754045,5.5434177695358256e-05,0.000157425144576202,0.08315478049045698,0.0016477770765794947,0.006565747132380855,0.004315962949005546,0.0013739355091469479,0.0004708884185676458,0.002402385831766856,0.0004642549929370563,0.0044423242453151,0.00018265236584656433,0.0010574777585037544,0.0015846796188257993,4.0776675288431114e-05,0.00042605629758985056,3.4830465685331094e-05,0.030508952479509608,0.008552939588699413,0.011225069730172213,0.004730751256194545,0.004525553292996289,0.22863558808038262,0.0006265989846515473,0.0033589145750594312,0.0010143876123913614,3.499252092011766e-05,0.00010290389053326443,4.400743703270842e-05,0.0038285923534072926,0.001020979982143504,0.0001855336380746017,0.00027974464824576535,0.020947553637448935,2.269619918393835e-05,0.000408727650070219,3.982541142548996e-05,1.0565179589618077e-05,3.654795752336526e-05,7.860237666177733e-05,0.00833387804287972,0.0030104715431048625,0.048204008853254134,0.004826474830562911,0.0011704972144930667,3.206133329350636e-05,0.0005763358598642602,5.304972095003476e-05,0.00013508310021253516,0.028369956493107182,0.0009439024495901087,2.697098252416911e-05,0.21574195480310412,3.462733332973892e-05,0.0005997392593607302,6.687979659436809e-05,2.6468664192934577e-05,0.01042465721526237,3.7403141707118595e-05,2.1545000941318036e-05,3.753469109100937e-05,0.003909609956448064,5.175320353554094e-05,0.0005005612412016262,0.008431026282899611,3.85545150559592e-05,0.0021815804747269546,0.005257312535749761,3.1801229447272904e-05,0.0006284376633432827,0.0029792424266946206,0.0010691883538421034,5.747812731837783e-05,0.0014159664215520748,0.0016939670307188762,2.414152900186524e-05,7.88947083611778e-05,0.0006862579110837016,0.00015856589021622875,0.0002485908275366587,1.9463824777059305e-05,0.000505668838184534,4.3901821569936125e-05,0.0032452812160263128,3.603171663322077e-05,4.089003546559543e-05,0.0009066697715931507,0.0025838156246729593,0.0002991689277200709,0.00017261839337935923,0.0021601818699933735,7.226881305366765e-05,0.001745871963563202,2.4561969531754645e-05,0.00029000309153869486,1.1701065909262531e-05,0.0005366299212567899
SchwendlerAugusteSophieHenrietteANDSchwendlerFriedrichChristianAugust,2.1986533356491892e-05,0.30587893557642665,3.514944742633678e-05,5.082992072883492e-05,5.1500849203620866e-05,0.03987005098004627,3.880321181728481e-05,0.0005145277187303966,3.543460506356048e-05,0.00018547529999414267,9.805745898279173e-05,0.000483351626820688,6.232976127918942e-05,0.00026484095879676206,8.540396021925125e-05,6.186505107399882e-05,3.2886092418090145e-05,3.738984248827324e-05,9.583587175163204e-05,3.1937513702526334e-05,0.006760723764042501,4.293130621913353e-05,0.0007695744478161987,2.648238262753e-05,3.647671296019469e-05,0.17045763659026414,6.0393088341085596e-05,4.783637671005036e-05,3.2649389063284545e-05,3.2086108938901314e-05,9.435688984582008e-05,4.0352263330120034e-05,3.164986543510392e-05,2.386541975384628e-05,2.44645885696304e-05,4.0558720091990146e-05,3.3365868058650565e-05,2.0811096210452736e-05,0.01231925889683877,3.6517588785670694e-05,9.687655943549047e-06,3.351235394746438e-05,0.006137009349136808,3.7320416953839173e-05,2.265857883276617e-05,0.09233010964401747,0.0005511710656823585,0.00012051329089957207,2.939838016044285e-05,5.976347067519957e-05,4.864351240846258e-05,1.5680851471661654e-05,0.0006358449895034532,3.869570359280394e-05,2.473082420769997e-05,0.15804878433553698,3.175125313257698e-05,9.493016295515035e-05,6.132488837363934e-05,2.4270227478050465e-05,0.0004922954279758994,3.429650816560073e-05,1.975551429603996e-05,3.441713130881469e-05,3.840380293945289e-05,4.745468125515418e-05,4.465989137847312e-05,3.933928105005142e-05,3.535225064224547e-05,0.20017900702563432,2.605365004073929e-05,2.915988004309705e-05,0.00020360211230238415,6.231354292371172e-05,3.472641167997143e-05,5.270410379839845e-05,2.6603792241515344e-05,3.1016669762766104e-05,2.2136379693072105e-05,4.584650334824929e-05,5.192445539376565e-05,3.504893730793701e-05,1.944414738872068e-05,1.7847196650681067e-05,0.00011206459690287698,4.025542008604853e-05,9.314458582517982e-05,3.303899104006755e-05,3.7493787185545286e-05,0.00012992289941243047,3.991327920404279e-05,3.809511483792807e-05,2.7544080064465954e-05,6.372007638816121e-05,6.626630341433759e-05,0.0002320481839800497,2.25218992352382e-05,0.00015736416800607125,1.0729197714075397e-05,4.8083520342546916e-05
SchwendlerFriedrichChristianAugust,1.468387795368911e-05,0.09086922783491626,2.347483287971567e-05,3.3947159394162656e-05,3.439524421406914e-05,0.06713267029027402,2.591502795359595e-05,0.0003436313539349487,2.366527763399608e-05,0.00012387112712944844,6.54884395282372e-05,0.0003228101575574858,4.1627417686379095e-05,0.00017687610197818655,5.7037701591593676e-05,4.1317057347793124e-05,2.196323356716867e-05,2.497109821286829e-05,6.400473515170388e-05,0.10128419340007623,0.040969833073208964,0.004079186555316805,0.0005139663031359211,1.768646598899724e-05,2.436125752862708e-05,0.2232053561572193,4.033399554482389e-05,3.194789765025296e-05,2.1805149383689706e-05,2.1428958355023515e-05,6.301698553931469e-05,2.694957410007765e-05,2.1137609725206008e-05,1.5938706902858226e-05,1.6338866474263902e-05,2.7087457860325805e-05,2.228365547438408e-05,1.389885307892524e-05,0.004176998684926864,2.438855676779381e-05,6.469976654614483e-06,2.2381487218861645e-05,4.8135058915481955e-05,2.4924731827682866e-05,1.5132708771760147e-05,0.2358355100916208,0.0003681038992759096,8.048574218928624e-05,1.96339377069026e-05,3.991350047115974e-05,0.028386088780546617,1.0472579077675254e-05,0.0004246540403595109,2.5843227746546536e-05,1.6516674023682864e-05,0.1946654345650299,2.1205322290509562e-05,6.339985046099421e-05,4.095630547124176e-05,1.6209060901851426e-05,0.0003287833449843437,2.290519073543193e-05,1.3193874456327513e-05,2.298574984334701e-05,2.564827961630193e-05,3.169297936075744e-05,2.982645712234947e-05,2.627304597585722e-05,2.36102765907698e-05,2.4132603552864346e-05,1.7400133583741314e-05,1.9474653541533608e-05,0.0041864918075361435,4.161658613105463e-05,2.319230515381373e-05,3.5198847189147195e-05,1.7767550347557075e-05,2.071472505199912e-05,1.478395399944289e-05,3.061894519038932e-05,3.4678152915302676e-05,2.3407706412447585e-05,1.2985925636394785e-05,1.1919389618405236e-05,7.484321594360569e-05,2.6884896583457432e-05,6.220733883452425e-05,2.206534810555453e-05,2.5040518490450407e-05,8.677002269656366e-05,2.665639512427417e-05,2.5442119857732793e-05,1.8395528911056715e-05,4.2555950486266084e-05,4.425646808440389e-05,0.00015497519129964,1.5041426235476746e-05,0.00010509688816416804,7.165578457504541e-06,3.211295445469637e-05
SchwendlerFriedrichChristianAugustANDSchwendlerAugusteSophieHenriette,6.764897595075591e-06,0.0903817945195732,1.0814911496379778e-05,1.5639537298627757e-05,1.584597104386423e-05,0.20633986230421125,1.1939115186908325e-05,0.0001583117843364446,1.0902649848897386e-05,5.706772370760405e-05,3.0170680283986028e-05,0.00014871940950571345,1.917785061166651e-05,8.14872420400337e-05,2.6277405161125786e-05,1.903486686345444e-05,1.0118514087846564e-05,1.1504244504033667e-05,2.948713413900519e-05,9.826651893492821e-06,0.00021408268577377144,1.3209262482915115e-05,0.0002367855016910269,8.148197064270346e-06,1.122328944630206e-05,0.22039438783325027,1.8581967946173087e-05,1.4718472644865542e-05,1.0045684327478822e-05,9.872372223337178e-06,2.90320755367434e-05,1.2415733064038693e-05,9.738147214698655e-06,7.343000284789972e-06,7.527354753737914e-06,1.2479256441244945e-05,1.0266133224723582e-05,6.403234762946808e-06,5.827154388127504e-05,1.123586627089627e-05,2.9807336760110075e-06,1.0311204542738184e-05,2.2175936446976268e-05,1.1482883399792505e-05,6.971675023445712e-06,0.06199793916356167,0.00016958634434331599,3.707997338927653e-05,9.045401929530467e-06,1.8388244862833444e-05,1.496681513053877e-05,4.8247421587296185e-06,0.009526047692331464,1.1906036660273434e-05,7.609271115835465e-06,0.09528107512914348,9.769342555031979e-06,2.9208462319313856e-05,1.8868667613515275e-05,7.467553016934457e-06,0.00015147127119962894,1.0552476001882184e-05,6.078449430105429e-06,1.0589589775036313e-05,1.1816223591708335e-05,1.4601031180901602e-05,1.374111993391464e-05,1.2104054943655655e-05,1.0877310737102696e-05,0.2873877016919844,8.016283042251293e-06,8.972019334643973e-06,6.264504810896097e-05,1.9172860488294712e-05,1.0684750299213467e-05,1.621619285111749e-05,8.185552821649259e-06,9.543323237150343e-06,6.811002868040921e-06,1.4106221076985767e-05,1.5976307757274452e-05,1.0783986172809264e-05,5.982646912793695e-06,5.491291225562152e-06,0.026159624424814728,1.2385935977872524e-05,2.8659069368797027e-05,1.0165558499229405e-05,1.1536226591486713e-05,3.997515640731441e-05,1.2280664810638958e-05,1.1721245299233811e-05,8.474864043615015e-06,1.9605627887173362e-05,2.038906040045818e-05,7.139744025561866e-05,6.929620941266362e-06,4.841838703876506e-05,3.3011990856488592e-06,1.4794514708341668e-05
SchützeStephan,1.9192851575236856e-05,0.12936102149593187,3.068324216769174e-05,4.4371302574697616e-05,4.495698065433743e-05,0.3206964856285113,3.387274714827774e-05,0.0004491501218868541,3.0932166730652174e-05,0.010750517654410274,8.559795332836792e-05,0.0004219353675180257,5.440993527968812e-05,0.00023118938901429037,7.455225004543687e-05,5.4004272692998993e-05,2.8707476546481592e-05,3.263896520944828e-05,8.365864833208941e-05,2.787942738565882e-05,0.09590486421593264,3.7476312196873935e-05,0.0006717897684707071,2.3117443340777426e-05,3.184186094488703e-05,0.20703607650242745,0.01593563353333861,4.175812817812975e-05,2.8500849504260632e-05,2.800914161892561e-05,8.236759076787688e-05,3.52249710430676e-05,2.762832866022549e-05,2.0833000441201968e-05,2.1356036881890307e-05,3.540519472467438e-05,2.9126290304402715e-05,1.816676936781654e-05,0.00016532358059452874,3.187754295253489e-05,8.45671027904897e-06,2.9254163210798854e-05,6.291587578184841e-05,3.2578361113462814e-05,1.977950472645468e-05,0.1335413872773612,0.00048113744375636816,0.00010520047283378936,2.5662924564920842e-05,5.216972606331527e-05,4.2462706540235526e-05,1.3688390524742412e-05,0.0005550524182473939,3.3778899275030846e-05,2.1588443737607694e-05,0.00031465911095603555,2.771683370090672e-05,8.286802189637953e-05,5.353274485519107e-05,2.118637195462731e-05,0.02690126639119008,2.9938680195662372e-05,1.7245313189148574e-05,3.0043976562611474e-05,3.352408848591538e-05,4.1424932212491e-05,3.898525759815367e-05,3.434070164804897e-05,3.0860276534993065e-05,3.154299426724623e-05,2.27431869370815e-05,2.545472906276166e-05,0.00017773175327207965,5.4395777682197384e-05,3.0313958745000073e-05,4.600734573328559e-05,2.3223426246915718e-05,2.707558892812609e-05,1.9323657939771256e-05,4.0021094719178886e-05,0.05298837406509264,3.059550319797886e-05,1.6973509592796036e-05,1.557947270707166e-05,9.782529789129283e-05,3.514043302248055e-05,8.130932611310166e-05,2.8840947362916784e-05,3.2729702349061354e-05,0.00011341446531000901,3.484176569463562e-05,3.3254623317416755e-05,2.4044237983412828e-05,5.562359234406685e-05,5.784628732730439e-05,0.00020256337282554507,1.966019209148018e-05,0.00013736895538874833,9.365910301035118e-06,4.197386892176412e-05
SpazierJohannKarlGottlieb,0.0005887096248148112,0.021447532206899125,0.0035992889646997623,0.00027053498701910177,9.060479803978907e-05,0.23173591324288534,0.0011791704583730448,0.004569370219794966,0.0004823698358148161,0.0015113852456932243,0.0038905162784902696,0.15211631830677425,0.0010281976525671017,0.0012541367245733554,0.00015025011601011427,0.000236107878837702,0.005965019466145682,0.0001602318768529433,0.0012199635396774242,0.00038134921013762823,0.010670938130521397,0.0005505511337083104,0.007098882671729297,0.00014992426239214383,0.0018772683176228565,0.20300590989482456,0.0014841985069990204,0.0022258216487707665,0.0009245673478902525,0.004747408778092011,0.0010809394624523385,0.00216330251262684,5.5681211282482596e-05,0.002698102036631273,0.00021232105990950906,0.0016065134338305194,5.8700153174634215e-05,0.00010101521554522234,0.1935862999885943,6.424493591832142e-05,1.7043371591288477e-05,5.8957863961483143e-05,0.001940821841261096,0.00019028855828452114,0.00850964642459892,0.012155652457813545,0.006842137468036771,0.0023464513194951103,5.172020147866982e-05,0.006969916511618137,0.0006650139691348333,0.0014026596064453329,0.005188421077641046,0.002787719807026281,0.00022949161281361505,0.001287838377838345,0.0029478320796780424,0.00486552450226706,0.00010788810693077945,0.003930014670316122,0.0029780444410885294,0.0008131723656807242,3.475562851183081e-05,6.054962742487774e-05,6.756332882068955e-05,0.0005070841328809394,0.0006285985791958004,6.920910372716361e-05,0.00014917138128620758,0.0031935223117718903,0.0009308234869572214,0.00337565757708565,0.0027600744087642576,0.0025597885222891775,0.00016442787930101015,0.019587245784951884,0.0003025871528233386,0.0002358138694645698,0.0003301735278162719,0.005515972721120531,0.0007883297349476311,6.166115579452603e-05,0.004583171349530636,0.0014844316785872602,0.004059038084345044,0.005788727889353876,0.00033130655002446826,0.0004398760752140999,0.00019647071748376207,0.0044930607761742665,7.021893147994448e-05,0.0011729203686607328,4.8457954577907375e-05,0.00023729999572663152,0.001038451901873943,0.0008994885073269148,0.0002611716035625735,0.000626967782216064,1.887574296433972e-05,0.0004012362043452725
SpazierJohannKarlGottliebANDLeipzigerAugustWilhelmvon,9.829096171727397e-05,0.01176708552629444,0.00015713586745794532,0.00022723554056668937,0.00023023493132834136,0.1240126816355609,0.0001734700484791917,0.0023002000126260487,0.00015841066680667782,0.0008291687150326182,0.00043836660335199736,0.0021608270607056143,0.0002786456637071753,0.0011839734859598696,0.000381799042545987,0.0002765681732612096,0.0814870364648787,0.000167151570329055,0.00042843498102896184,0.00014277689373677619,0.003110526475232745,0.00019192472535973766,0.08478040726435568,0.00011838968948946102,0.00016306941794823045,0.2468786852250337,0.00026998775286095095,0.0002138528796542792,0.00014595933785824093,0.00014344118985172463,0.0004218231813637919,0.00018039509484632242,0.00014149096000712306,0.00010669053740112944,0.00010936912607081763,0.00018131806134350582,0.0001491623625626316,9.303616116963404e-05,0.29909339581222216,0.00016325215363156351,4.330873830986845e-05,0.00014981722882354071,0.0003222065211956973,0.00016684120295841875,0.00010129534604242898,0.006062350607142215,0.002464014369080047,0.0005387555677909995,0.00013142567825712972,0.00026717304237928015,0.0002174611858272874,7.010136371681643e-05,0.11129590836898907,0.00017298943215803702,0.00011055933448089167,0.0016114409319392376,0.00014194421446653898,0.0004243860030842103,0.00027415337187159197,0.00010850023335808036,0.002200810390623982,0.0001533227961171915,8.83171743308854e-05,0.00015386204278057506,0.00017168448810530378,0.0002121465072700315,0.00019965237823556166,0.00017586654999133722,0.00015804250075059822,0.0001615388536620739,0.00011647303725548115,0.00013035946169977144,0.0009102047649526707,0.0002785731594277817,0.00015524468299167018,0.00023561408998849898,0.00011893245207630688,0.0001386602540208643,9.896085088504176e-05,0.00020495713591624863,0.00023212866596779633,0.00015668653622233624,8.692520624427892e-05,7.978602603283025e-05,0.0005009856181256547,0.00017996215639980742,0.0004164035671776715,0.00014770105640768403,0.00016761625587518564,0.0005808212929835892,0.00017843261302933282,0.00017030449564002525,0.0001231360158173624,0.0002848610777942962,0.00029624400474760295,0.0010373731410191363,0.00010068431888001419,0.0007034976893521228,4.796495858042417e-05,0.00021495773711072838
SpazierRichardOtto,2.16416257295808e-05,0.137751135598786,3.45980502459589e-05,5.003254048473724e-05,5.069294395568045e-05,0.16326994559422614,3.8194497224246145e-05,0.001082805912501639,0.0010689431819040779,0.00018256570781176649,9.651920986773967e-05,0.017764965438719617,6.135198048491098e-05,0.0002606863399159062,8.40642093467321e-05,6.0894560291814365e-05,3.237020098989675e-05,3.680329973348275e-05,9.433247316837829e-05,0.037312193359678704,0.004679240050006023,4.225783329331357e-05,0.01980460557730243,2.6066947615610944e-05,3.5904494670907034e-05,0.2661711891989318,5.9445688564876447e-05,0.0010811504042071707,3.213721085313532e-05,3.158276702903813e-05,9.287669237986428e-05,3.971924842231177e-05,3.1153366973874064e-05,0.007261942169083281,2.4080807140785188e-05,3.9922466451151916e-05,3.284245028353598e-05,2.0484627926845566e-05,0.0067048311978622965,0.015680139148841078,9.53568353536429e-06,3.2986638215711174e-05,0.010500406121802286,3.673496329281078e-05,2.2303128679362172e-05,0.030422707378236907,0.0062653209655746745,0.00011862277216697049,2.893720124825319e-05,5.88259478510083e-05,0.0036206449419483085,1.543486247551829e-05,0.03329156913713561,0.014329146719951235,2.4342866281330705e-05,0.005973727343158016,3.1253164180042005e-05,0.0009679269935935162,6.036287124358123e-05,2.3889495034771724e-05,0.0039819624963224765,3.3758491232647486e-05,0.001172145013666385,3.387722213385121e-05,0.0012287228576659396,4.671024914154385e-05,4.395930175373776e-05,3.872215702002077e-05,3.4797672042823706e-05,3.5567496244425645e-05,2.5644940652032046e-05,2.870244253516417e-05,0.0002004081607935364,0.0012756225492485584,3.418165075520564e-05,0.0009263633439954436,2.6186452650044576e-05,3.0530104382535216e-05,2.1789121393432705e-05,0.024089996404601712,5.110990494153501e-05,0.15609664420737895,1.913912273456468e-05,1.756722371706785e-05,0.0007174498810566039,3.9623924379696604e-05,0.002699049142636843,3.252070105726761e-05,3.6905613827226515e-05,0.00012788477006337972,3.928715073761761e-05,3.74975083193099e-05,0.001524279335673638,0.017641816090396615,6.522676921018525e-05,0.00022840799263347015,2.2168593205005687e-05,0.0001548955613882032,1.0560886409049721e-05,4.7329223490652255e-05
StainleinJohannGottliebEduardvon,3.3294586533442166e-05,0.013170159878320728,5.3227414252338206e-05,7.697262532269562e-05,7.798862387959935e-05,0.4185611270724697,5.876037266441592e-05,0.0007791581954899483,5.365923337881333e-05,0.00028086844457667813,0.00014849010075469824,0.1201270215254743,9.438703213783424e-05,0.00040105323005161205,0.0001293286894170119,9.36833134620056e-05,4.979997674065258e-05,5.662008312147192e-05,0.0001451259129079772,4.836352763714736e-05,0.04697482634994539,6.50116171899649e-05,0.0011653798546271,4.010272859789787e-05,5.523731533375811e-05,0.056073736108254765,9.145429491731948e-05,7.243945000310111e-05,4.9441532769447635e-05,4.858854796553319e-05,0.3124069254957302,6.110612807763222e-05,4.792793690642116e-05,3.6139816598997366e-05,3.7047148267060175e-05,6.141876911167088e-05,5.052650926500618e-05,3.1514601797382465e-05,0.00028679324896280337,5.529921430102e-05,1.4670184421022965e-05,5.074833537201272e-05,0.00010914261814272375,5.651495083770682e-05,3.431227658495798e-05,0.011237766633839094,0.0008346478475503902,0.00018249535418920194,4.451847393695125e-05,9.050085403057612e-05,7.366170950710251e-05,2.3745783738441774e-05,0.0009628710302630539,5.8597571106526e-05,3.7450313483980374e-05,0.0005458514049980306,4.80814700447386e-05,0.000143754382462062,9.286533577185983e-05,3.675282391508444e-05,0.0007454914542915825,5.1935793624206706e-05,2.991611590500891e-05,5.2118455329649546e-05,5.815554091447233e-05,7.186144199490776e-05,6.762924349943776e-05,5.9572151546009985e-05,5.353452265873636e-05,5.471885967740775e-05,3.945349144990544e-05,4.4157309097253534e-05,0.0003083181889809733,9.436247240251228e-05,5.258680392802159e-05,7.981073305788666e-05,4.028658126958945e-05,4.696907778281913e-05,3.352150142443911e-05,6.942615046374851e-05,7.863009803676623e-05,5.307521004714186e-05,2.9444607628951777e-05,2.702631759317383e-05,0.00016970135120534906,6.095947668345206e-05,0.00014105045222885922,5.003151376005122e-05,5.677748836867042e-05,0.00019674448659209049,6.044136684695049e-05,5.7688089200215255e-05,4.171047533146653e-05,9.64924102778922e-05,0.00010034820576334954,0.009535631013723078,3.41053003139167e-05,0.00023829927274070502,1.6247409081441968e-05,7.281370386681521e-05
SteinAnnaChristianeCharlottevon,2.2256501854492416e-05,0.44470169154819134,3.5581040864619065e-05,5.145405174258555e-05,5.213321842162439e-05,0.021941390611852813,3.927966913968555e-05,0.000520845507585649,3.586969989870995e-05,0.00018775271623542705,9.9261488035035e-05,0.0004892866103209569,6.309509666701241e-05,0.00026809289099981076,0.0062258583551938395,6.26246803728233e-05,3.328989454693265e-05,3.784894531514316e-05,9.701262235309598e-05,3.232966841215437e-05,0.012983143152401516,4.345845163443193e-05,0.013057835379070609,2.680755481113476e-05,3.6924603641740096e-05,0.1295748136229301,6.11346436870193e-05,4.842375056116211e-05,3.3050284756258677e-05,3.248008822142238e-05,9.551548030729254e-05,4.084774116400682e-05,3.203848816588612e-05,2.415845874369665e-05,2.4764984640409506e-05,4.105673296953301e-05,3.377556126213223e-05,2.1066631737340216e-05,0.00019171328260782672,3.6965981373770865e-05,9.806608844482543e-06,3.3923845823558065e-05,7.295879408677411e-05,3.777866731766046e-05,2.293679925047028e-05,0.2653671742572448,0.000557938791286526,0.00012199305087836159,2.975935732800617e-05,6.049729506451459e-05,4.924079692664722e-05,1.587339369059786e-05,0.0006436524102547888,3.9170840841984614e-05,2.5034489335685973e-05,0.00036488642967268483,3.2141120783782e-05,9.609579252905408e-05,6.207788511650207e-05,2.456823702562863e-05,0.0004983402307243937,3.4717628523503635e-05,1.999808853160743e-05,3.483973277555224e-05,3.887535599554261e-05,4.803736833973566e-05,4.5208261765055823e-05,3.982232066549709e-05,3.578633426298175e-05,3.657803050543028e-05,2.637355789773909e-05,2.9517928712683507e-05,0.0002061021042545843,6.307867916940543e-05,3.515281074207831e-05,5.33512475527237e-05,2.693045519088109e-05,3.139751760326297e-05,2.2408188125989223e-05,4.6409443919498934e-05,5.256202599231621e-05,3.547929660142447e-05,1.9682898408734646e-05,1.806633901365307e-05,0.00011344061696089905,4.0749708799999046e-05,9.428829063413644e-05,3.3444670582263594e-05,3.79541663297565e-05,0.00013151819820017186,0.09213148940455644,3.856287757101561e-05,2.7882288630738842e-05,6.450248319309353e-05,6.707997486088845e-05,0.006374303195731612,2.279844138993222e-05,0.00015929641295741814,1.086093951004908e-05,4.867392882372853e-05
ThieriotPaulEmile,2.7077445082365188e-05,0.025649382852662415,4.3288189953833475e-05,6.259942687461527e-05,6.342570669943574e-05,0.04910183421546715,4.7787971844669154e-05,0.0006336649721618468,4.363937493313635e-05,0.00022842151458332203,0.052405526559023585,0.0005952701555311182,7.676201885350211e-05,0.0003261640387370502,0.06732844724235769,7.618970648136783e-05,4.0500762306918905e-05,4.604734135204489e-05,0.0001180263624192122,3.933254321296176e-05,0.0008568957749403692,5.287191334870227e-05,0.0009477669585133502,3.261429392348462e-05,4.492277959195584e-05,0.20992655908075755,7.437691546891035e-05,5.891273727894292e-05,4.020925104470041e-05,3.951554520273458e-05,0.00011620492696674192,4.969570129835156e-05,3.8978290905975495e-05,2.939138163686729e-05,3.0129286082347772e-05,4.994996246543866e-05,4.109162846796816e-05,2.5629839211371908e-05,0.00023323997253978053,4.497312008454632e-05,1.1930801801951405e-05,4.1272032697474686e-05,8.876227509047919e-05,4.596184055637729e-05,2.790510054680865e-05,0.001670071823156125,0.0006787929693152881,0.00014841775932196931,3.620548139162845e-05,7.360151183912973e-05,5.990676267591713e-05,1.9311702653809877e-05,0.2024528776723512,4.765557043344695e-05,3.0457167733898297e-05,0.00044392386213056836,3.910315460166782e-05,0.00011691093963747082,7.552447082928142e-05,2.9889921299456688e-05,0.11264506531090394,4.223775532565895e-05,2.432984066889997e-05,4.238630837324858e-05,4.729608111412296e-05,5.8442661457959166e-05,0.2689480738162479,4.844816619978778e-05,4.35379516080359e-05,4.450113583469316e-05,3.208628967262724e-05,3.591175733222999e-05,0.00025074553250995093,7.674204518950274e-05,4.276720162864564e-05,6.490757106076643e-05,3.2763815546646225e-05,3.8198480793752585e-05,2.726198786060841e-05,5.6462115082100746e-05,6.394739755284208e-05,4.3164407037851926e-05,2.3946377746541896e-05,2.197965815471765e-05,0.00013801279715699606,4.9576434309762376e-05,0.00011471191781383128,4.068906411751517e-05,4.6175354112690306e-05,0.00016000613269681282,4.915507179695829e-05,4.6915917266503476e-05,3.3921824018229325e-05,7.847425699491201e-05,8.161005477397241e-05,0.0002857782014246976,2.773677322408176e-05,0.0001938013395758157,1.3213509249967047e-05,5.9217106231877745e-05
ThieriotPaulEmileANDJeanPaulANDRichterCaroline,0.016381217052672144,0.0423171735607439,0.004702760096067107,3.9463605699733037e-05,3.998450473719025e-05,0.005073152683116952,3.0126245114757012e-05,0.0003994717820215049,2.7510908187602974e-05,0.00014400030535275472,7.613037442766313e-05,0.00037526712105130904,4.8391913408691244e-05,0.021544544815026226,6.63063833852544e-05,4.803111921426157e-05,2.5532280310173065e-05,2.9028925876236777e-05,0.007187380958330363,2.4795817693875232e-05,0.026255287976286533,3.333123712398943e-05,0.08979724892628421,2.0560533855199237e-05,2.8319985489705094e-05,0.3872106913649769,4.68883089154559e-05,3.7139461984610314e-05,0.004700819087384599,2.4911184858196505e-05,7.325730677003043e-05,3.132890601279823e-05,2.4572491793637702e-05,1.8528762223509315e-05,1.8993948113131742e-05,3.1489196017733535e-05,2.5904771087886848e-05,1.6157430176014752e-05,0.00014703793260220692,2.8351720881696784e-05,7.521354132154239e-06,2.601850058566755e-05,5.5957052645195406e-05,2.8975024908517096e-05,1.7591788614876663e-05,0.0010528380084258186,0.00042792113970091604,9.356475330759283e-05,2.2824471614893335e-05,4.639948298474739e-05,3.7766110314798424e-05,1.2174383328571409e-05,0.05897029949184061,3.0042777304468168e-05,1.92006495616751e-05,0.014505806959850712,2.465120771643494e-05,7.370238761258299e-05,0.1762756841920976,1.8843049009385372e-05,0.09034687322309659,2.6627306431291485e-05,1.5337891843929103e-05,2.672095647232642e-05,2.9816149914101112e-05,3.6843119225986695e-05,3.4673285314670366e-05,3.054244141265246e-05,0.03275574103005817,2.805417502125309e-05,2.0227672156555344e-05,2.2639303618262257e-05,0.00015807369683691071,4.8379321715127824e-05,2.696107722095219e-05,4.0918693974628065e-05,2.0654794500617808e-05,2.4080887951144565e-05,0.016381333391172336,3.559455346190289e-05,4.031338637658963e-05,2.721148139289637e-05,1.5096151139198415e-05,1.3856301984522445e-05,8.700531107784848e-05,3.1253718337037145e-05,7.231609169094396e-05,2.565098856002335e-05,2.9109627016213095e-05,0.00010087023548847773,3.0988085169256625e-05,2.957648899493969e-05,2.1384820189367958e-05,4.947133368856036e-05,5.144818704465906e-05,0.00018015881009888986,1.7485672577969633e-05,0.00012217523435827882,8.329991902241034e-06,3.733134067976066e-05
ThümmelMoritzAugustvon,3.589444599502572e-05,0.08774751887336824,5.7383759501454664e-05,8.298315223003929e-05,8.407848661105567e-05,0.14410268542453594,6.334876755811166e-05,0.0008399999724130595,5.784929789458989e-05,0.08699737838279308,0.00016008518072395487,0.0007891029742713048,0.00010175739002793324,0.00043237009394181316,0.0001394275208440757,0.00010099872038715395,5.3688685212397095e-05,0.035825476389865905,0.00015645829504811208,5.2140068751322166e-05,0.10601118631285522,7.008815021416714e-05,0.009137705611918612,4.323421239860039e-05,5.9550606828118575e-05,0.2084759156239585,9.859564547004144e-05,7.8095996880273e-05,5.330225158740717e-05,5.2382660141274274e-05,0.00015404376087462397,6.587769492330539e-05,5.167046424236452e-05,3.896185026595469e-05,3.994003233546754e-05,6.62147490176957e-05,5.447195015646978e-05,3.3975468388372154e-05,0.0003091879449018957,5.9617339272304344e-05,1.5815728539189524e-05,5.471109789930884e-05,0.00011766518886620605,6.092800848324206e-05,3.699160395363614e-05,0.09324708560860964,0.0008998226200727837,0.00019674578714794352,4.799476806554748e-05,9.756775367194733e-05,7.94136984145515e-05,2.560001011434513e-05,0.0010380583090057913,6.317325338791118e-05,4.037467933405032e-05,0.0005884750591009997,5.1835986254065925e-05,0.0001549796665187568,0.00010011686963959828,0.05368627528473172,0.0008037043114785278,5.5991280672022136e-05,3.225216224429428e-05,5.618820580021953e-05,0.02986639257298343,7.747285421971016e-05,7.291017793648643e-05,6.422393545352954e-05,5.771484894438871e-05,5.8991666757215735e-05,4.253427856031194e-05,4.7605401108825823e-05,0.00033239369326739396,0.00010173091250756279,5.669312612575731e-05,8.6042878012384e-05,4.343242149149439e-05,0.07492322672687214,3.613907988745073e-05,7.484739916984679e-05,8.477005127333203e-05,5.721967019467956e-05,3.174383551273566e-05,2.9136709546406195e-05,0.00018295274458521836,6.571959202741246e-05,0.05379871715521892,5.3938302159293406e-05,6.12110466647607e-05,0.00021210758516870349,6.516102478023797e-05,6.219275317545971e-05,0.0039856301338866175,0.0001040271698875363,0.00010818405114754523,0.00037883375578425785,3.676846561925014e-05,0.00025690724128541457,1.7516113235018926e-05,7.849947493776508e-05
TiedgeChristophAugust,2.7488075814505517e-05,0.04120340413195776,4.3944657396744055e-05,6.354875013649972e-05,6.438756053384603e-05,0.12567170173909253,4.851267869224605e-05,0.0006432745313598808,4.430116811282635e-05,0.00023188553762850352,0.00012259371784505897,0.0006042974555235472,7.792611849091257e-05,0.007913633920893306,0.00010677401913715633,7.734512697465418e-05,4.1114958278058094e-05,4.674565145608125e-05,0.00011981623777357583,3.9929023086426566e-05,0.0008698906397941763,5.3673718409039254e-05,0.000962139889153184,3.310889122951932e-05,4.5604035663845614e-05,0.2131101052531832,7.550484490096848e-05,5.980615171917747e-05,4.081902623379507e-05,4.0114800310008005e-05,0.16693348614082767,5.0449338953096884e-05,0.022787140165889376,2.9837103326024104e-05,3.058619812723333e-05,5.0707456002778446e-05,4.171478495231569e-05,2.6018516932183115e-05,0.0002367770677271981,4.56551395723812e-05,1.211173297415225e-05,4.189792502047384e-05,9.01083591798744e-05,4.665885403681359e-05,2.8328282713114587e-05,0.3353264364624677,0.008271610485840174,0.00015066852164417592,3.6754539225043456e-05,0.007657241271359522,6.081525155819315e-05,1.9604565535647088e-05,0.008377471796478247,4.8378269407376206e-05,3.0919052119498496e-05,0.0004506559884433258,3.96961557860202e-05,0.03803130184515754,7.666980299251923e-05,3.0343203366116896e-05,0.0006154792039255401,4.28782928778756e-05,2.469880385048296e-05,4.302909873944041e-05,4.801332841556459e-05,5.9328947176191136e-05,5.583483581401324e-05,4.9182884925906876e-05,4.419820669821578e-05,4.517599765911164e-05,3.257287976928736e-05,3.6456360826426834e-05,0.0002545481003401977,7.790584192535633e-05,4.3415768259025424e-05,6.589189743812804e-05,3.326068035515033e-05,3.8777762557127006e-05,2.76754171926872e-05,5.7318365721104126e-05,6.491716285365672e-05,4.381899730700178e-05,2.430952569481621e-05,2.2312980707595573e-05,0.00014010576773708307,5.032826327499894e-05,0.00011645152945938465,4.130611569449578e-05,4.687560553628128e-05,0.01532747981148989,4.9900510779809026e-05,4.7627399365260497e-05,3.443625007983779e-05,7.966432280451733e-05,8.284767510483861e-05,0.00029011204133181626,2.8157402698597167e-05,0.0001967403460336894,1.3413892741132934e-05,6.011513644164314e-05
TruchsessvonWetzhausenChristianFreiherr,1.4125240742866776e-05,0.09278952836219355,2.258175032987398e-05,0.04493992500881299,3.3086702740631374e-05,0.11103032821035336,2.492910999785984e-05,0.0009248599973000625,2.2764949755183222e-05,0.005048465029485138,0.001125365124335109,0.0010825550129667614,4.004373355447628e-05,0.0026793497231229063,5.4867744674944194e-05,0.01676305754864461,2.112765868842759e-05,2.402109136176241e-05,6.156972262726466e-05,2.051824462102338e-05,0.0776095700764327,2.75812028171299e-05,0.010420137546468767,0.1664729613934776,2.3434451612585147e-05,0.2702138158372113,0.01007513657825195,3.0732463655822974e-05,2.0975588700082387e-05,2.0613709579186967e-05,6.061955121391772e-05,2.592429760597992e-05,0.010443394324153229,1.5332330658353252e-05,1.571726645661406e-05,0.04094343110156354,2.1435890382601345e-05,1.337008155534489e-05,0.00012167214273586325,2.346071227251049e-05,6.22383120694605e-06,2.1530000191154542e-05,4.630379641519959e-05,2.397648895120123e-05,1.455699612642868e-05,0.008688506605831585,0.0007436149548237297,0.000946012128603731,1.888697915599147e-05,3.839502104442474e-05,3.125100770582749e-05,1.0074157599063127e-05,0.013342437989800879,2.4860041376262794e-05,1.588830945011776e-05,0.003344109923182766,0.010662506452128158,6.098785032453266e-05,3.939815330420514e-05,1.5592399240618757e-05,0.004176404665555104,2.2033779797112296e-05,0.0031007956339525185,2.2111274093708863e-05,2.4672509902577044e-05,3.048724354297265e-05,2.8691731754289934e-05,2.5273507490856915e-05,2.271204118572152e-05,0.00041272979110557436,1.6738158448575117e-05,1.873375483817437e-05,0.0011443381894682074,4.003331407761463e-05,2.2309971161081803e-05,3.385973323846452e-05,1.709159711499761e-05,1.992664875073205e-05,1.4221509469924066e-05,0.008528399220286068,3.335884839083215e-05,2.2517177639105897e-05,1.2491885758077814e-05,1.1465925309308489e-05,7.199586148209538e-05,0.04258669400353396,0.03753987665979582,2.1225888355181572e-05,2.4087870596537893e-05,8.346892174659146e-05,2.564227240616336e-05,2.447419333862409e-05,1.7695684701312886e-05,4.0936941014890815e-05,4.257276368632235e-05,0.0001490792754600142,1.4469186366317007e-05,0.00010109855525406733,6.892969356825979e-06,3.08912409969562e-05
UngernSternbergRosalievon,9.551246631939212e-06,0.22770650566348763,1.526939403779161e-05,2.208120312971817e-05,2.2372663508267533e-05,0.021605385111344067,1.6856638569119124e-05,0.00022351778067423317,1.5393270361445898e-05,8.057297190299893e-05,4.259748272545971e-05,0.00020997446586322815,2.707688896811251e-05,0.005778179365522996,3.710063219937037e-05,2.6875012587230303e-05,1.4286162095361925e-05,1.6242651869873423e-05,4.163239526873665e-05,1.3874086707429847e-05,0.008963580724053817,1.8649938454675786e-05,0.0017500957399638846,1.1504304192740628e-05,1.584597608710345e-05,0.26296639963852037,2.623557212305516e-05,2.0780767232736003e-05,1.4183334965513913e-05,1.3938638482279316e-05,4.0989905581183694e-05,1.752956743902208e-05,0.0043444095950782085,0.17212347261689864,1.0627747239128385e-05,1.761925504095005e-05,1.4494583104562824e-05,9.040620882070925e-06,8.227262562541527e-05,1.5863733097000155e-05,4.20844840348094e-06,1.4558218550382048e-05,3.130983659729936e-05,1.6212492481343073e-05,9.84319225100059e-06,0.18311683492800154,0.00023943614481482494,0.004299699259729516,1.2771052850357146e-05,2.5962057717068653e-05,2.1131397866314325e-05,6.811973373711724e-06,0.034254992925339685,1.680993554639474e-05,1.0743403591140937e-05,0.050500447726193436,1.3793172603667026e-05,4.1238943151858974e-05,2.664035862478632e-05,1.0543314159514008e-05,0.00021385977371396426,1.4898865718967378e-05,8.582061861360456e-06,1.495126603927599e-05,1.6683129965588756e-05,2.0614953579037516e-05,1.940085916206813e-05,1.70895142740304e-05,1.5357494490076977e-05,0.00143147946651702,0.0021349913873484846,1.2667445182627955e-05,8.844750365385202e-05,2.7069843495749028e-05,1.508562160390453e-05,2.289537353305375e-05,1.1557046166559809e-05,1.347405968017775e-05,9.61634190159197e-06,1.9916339406087457e-05,2.255668375062622e-05,1.5225731086735332e-05,8.446799877280891e-06,7.753062937911596e-06,4.868237235826849e-05,1.7487497427630726e-05,4.0463264363749196e-05,1.4352583318958715e-05,1.6287806848315467e-05,5.64402598310638e-05,1.7338866813885466e-05,1.6549031690876516e-05,0.016251942269845606,2.7680860603230694e-05,2.878697596546623e-05,0.00010080486085509459,9.783816790377625e-06,6.836111702039246e-05,4.660908196321655e-06,2.0888129760025513e-05
UtheSpazierWilhelmine,3.0299632445982784e-05,0.07679572876279736,4.8439438834177874e-05,7.004869255058761e-05,0.001100597829278543,0.22522534345380238,5.347469001702325e-05,0.00657418208963261,4.883241445507046e-05,0.01092044462387498,0.13227986155752336,0.041700623308204676,0.0004481783864084828,0.0018435052298397228,0.00477278426033997,0.0003636256190624422,0.003690634133938901,0.00021372375549399408,0.004101069365362891,4.401307430938669e-05,0.011905537230898657,5.9163615190004335e-05,0.01009946660934414,3.6495360450769515e-05,0.0004011242758621898,0.19730337786751007,0.0014750747797821005,0.016166162554103265,0.00031633885801877164,4.421785334264234e-05,0.000765486400753188,0.0010296816740408504,4.361666635205632e-05,0.0005913306067257089,0.003169429079875707,0.0029030421146116784,4.598148885166395e-05,0.0002513300358415843,0.0035747954454567027,5.032487387069873e-05,1.3350554614195528e-05,0.0007188454198792135,0.0006034273647996941,0.0014384974771302563,0.0011115260298389738,0.019372567222401004,0.009646968554764782,0.0006604193467322888,0.0021971939382271046,0.014103245540667128,0.0008176343598359864,2.1609774871176225e-05,0.012222618450425566,0.0024441165024997554,0.006408421552235363,0.0024526587430405413,4.3756388695645866e-05,0.0007147499395543925,0.0013169378339039646,3.3446790362164474e-05,0.0045679995468529,0.002838967500008155,2.7225066009536552e-05,0.007388238055941688,5.292426480911315e-05,0.003681428976000717,0.0015214483043616575,5.42134468030553e-05,4.871892186141379e-05,0.00038739055268194143,0.00023720030962742176,0.000296441153694864,0.0040814095724178425,8.587426750647574e-05,0.0007745452786266263,0.0015844375927522567,3.666267498915164e-05,0.001237502298752682,3.0506135619909335e-05,0.004537986459387018,7.15570703156979e-05,0.0011824144493791193,0.006489110894075888,2.4595214258601703e-05,0.00109798298435645,0.0008313543839817045,0.0037848271832472626,4.553101976872508e-05,0.00016534920089889628,0.10643688931229989,5.500447341960354e-05,0.00046654065413798894,3.7958485245679634e-05,0.0003089366503625192,0.002621898060849499,0.0013990355319171747,3.103741994013288e-05,0.003039562002472285,1.4785902893635332e-05,0.0015251292339404977
VoßErnestine,0.0037560193935402887,0.10752242950700841,1.9478568987653643e-05,0.02606396716302442,0.0007471739692036597,0.09210906963550586,2.150335477988738e-05,0.0009702855001455006,0.0108953902625993,0.0013112008644821684,5.4339943282271536e-05,0.00026785621674572664,3.454092863351748e-05,0.00014676540498937508,4.732782597609343e-05,3.4283402827171824e-05,1.8224298440041838e-05,2.0720115952651718e-05,5.310881894568208e-05,1.769862997853752e-05,0.024727555870780696,2.379099733138046e-05,0.000426470686469211,1.467559107575829e-05,2.0214092165375487e-05,0.32295178576119576,0.0021893698048327257,2.6509212294698456e-05,1.809312589071934e-05,1.7780976153937073e-05,5.228921997064206e-05,2.2361783829772866e-05,1.753922557729028e-05,1.3225363672325989e-05,1.3557401640716832e-05,2.2476194797042913e-05,1.8490172972858815e-05,1.1532766598779157e-05,0.00010495197190364912,2.0236744088656224e-05,5.368553090928039e-06,1.857135022314013e-05,3.9940734428834155e-05,2.068164279984291e-05,1.2556575516049921e-05,0.06987300179981443,0.0033005075220322584,0.03876550263972594,1.6291532812302122e-05,0.00208857660058506,2.6956498085374646e-05,8.689768105630337e-06,0.10903393059003802,0.017268660667204113,1.3704939927171498e-05,0.012283925032057797,1.759541101985996e-05,5.260690746294923e-05,3.398406394153047e-05,1.3449693662126573e-05,0.00027281255206732007,1.900590049784755e-05,1.094780078430656e-05,1.907274553777384e-05,2.128201663801659e-05,2.629769029947931e-05,2.4748917519110128e-05,2.180042521191867e-05,1.959095529017729e-05,2.002436334966816e-05,1.4438002781189527e-05,1.615936456132123e-05,0.00011282902238578127,3.45319409998797e-05,0.023734167360939685,2.9206732877409372e-05,1.474287194971041e-05,1.7188331139698797e-05,1.2267191394460493e-05,2.540649551271301e-05,2.8774679563695673e-05,1.9422869868078282e-05,1.077525235954394e-05,9.89027926897178e-06,6.210219908637066e-05,2.2308116761049e-05,5.161740435961318e-05,1.8309029398118655e-05,2.0777718393229417e-05,7.199863282586911e-05,2.2118514498094167e-05,2.111095271179641e-05,0.08170486548210153,3.531139163500389e-05,3.672241975689814e-05,0.03787569834752778,0.00343824386354904,0.004332046964942178,5.945738358868246e-06,2.6646170473216983e-05
VoßGeorgANDSpazierJohannKarlGottlieb,1.2815186392904864e-05,0.0015341939043639929,2.048739167164405e-05,2.9626994756963946e-05,3.001805565416312e-05,0.19292079724192845,2.2617043988658e-05,0.00029990033048567146,2.065360015085858e-05,0.00010810710820871927,5.715428593057668e-05,0.3820660708557491,3.632985226305479e-05,0.00015436659324258645,4.977900113474584e-05,3.605898883035069e-05,1.9168160675392828e-05,2.179324011291193e-05,5.585939992040888e-05,1.8615267099530265e-05,0.0004055507837519464,2.502316678889372e-05,0.00044855820752067013,1.5435660729107888e-05,2.1261008636787176e-05,0.04279319072742991,3.520103289524086e-05,2.7882161956173077e-05,1.903019451390317e-05,1.8701878100017106e-05,0.0035900375563278717,2.351993229521012e-05,1.844760691850741e-05,1.3910323993852786e-05,1.4259558679038953e-05,2.3640268768565977e-05,1.944780522694019e-05,1.2130064919892466e-05,0.00011038758321847595,2.1284833735266567e-05,5.6465980613654404e-06,1.9533186762020848e-05,4.200932165064619e-05,2.17527743810126e-05,1.3206898351462464e-05,0.0007904099385367387,0.0003212584642867248,7.024301014895427e-05,1.713529437756093e-05,3.4834050633245805e-05,2.8352613311637258e-05,9.139823506986197e-06,0.00037061195256938575,2.2554381179876195e-05,1.4414738182372889e-05,0.0002100998458368772,1.8506702284748085e-05,5.5331493730905894e-05,3.5744146759735795e-05,1.4146272351643011e-05,0.0002869419006440698,0.31110352815757425,1.1514802897142304e-05,2.0060550050347573e-05,2.238424243084053e-05,2.76596849371493e-05,2.603069902027232e-05,2.292950011923655e-05,2.0605598619997864e-05,2.106145349691746e-05,1.5185767400161935e-05,1.6996280945613346e-05,0.060214356058072724,3.6320399147137744e-05,2.024081883305088e-05,3.07193909515551e-05,1.5506426174841674e-05,1.807853916086594e-05,1.2902526616233086e-05,2.672233390978269e-05,3.02649609846158e-05,2.0428807815754564e-05,1.133331794500451e-05,1.0402510844292482e-05,6.531855995988911e-05,2.346348573296462e-05,5.429074285997679e-05,1.92572799698304e-05,2.1853825865494988e-05,7.572754402345613e-05,2.326406370019373e-05,2.2204318861527842e-05,1.6054487277458965e-05,3.7140218634935995e-05,3.862432590232689e-05,0.000135252824154808,1.312723256286232e-05,9.172210606665508e-05,6.253676572055265e-06,2.802621339279157e-05
VoßHeinrich,0.013429359982817397,0.09297572502325693,5.4809338093671945e-05,0.09779605412370228,8.030645323879137e-05,0.058039692460558706,6.050673655883353e-05,0.005131532868104021,5.525399092587763e-05,0.06435281195983616,0.00015290324074816662,0.005344874109201014,9.719222375852268e-05,0.0006572641609019297,0.00013317235043325653,9.646759049635686e-05,5.1280036811397846e-05,5.830283740601276e-05,0.000149439068916948,4.980089630317916e-05,0.05625938260974339,0.00031123535917279544,0.01962068154687279,4.129458552656248e-05,5.687897362742396e-05,0.3023101887173762,9.417232530737771e-05,7.459235738405609e-05,0.010799740921998587,0.0004130790129472361,0.0001471328585709688,6.292220804723834e-05,0.00031199404028270394,0.0011611448222127582,3.8148193056109146e-05,0.010512120285607739,5.202816195184832e-05,0.05401239186678444,0.0007702656874189067,5.694271223791187e-05,1.5106183704819837e-05,5.225658075196671e-05,0.00695340419128234,5.8194580580721146e-05,3.533204072609878e-05,0.036396071312973656,0.0016966459037652283,0.0024379068115664235,0.05056341299961685,9.319054806630959e-05,0.002124793741460359,2.4451510701786528e-05,0.014379344106154195,6.03390965230756e-05,3.8563340381828006e-05,0.010003922679628276,0.00036614306638079044,0.00014802677645503064,9.562530243104269e-05,3.784512135624857e-05,0.0053300327143231,0.00037011194082560146,3.080522573036845e-05,5.366742080575921e-05,5.988392915144593e-05,7.39971709225885e-05,0.0032169220306424275,6.134264158641314e-05,5.512557379127479e-05,5.634510941939072e-05,4.062605298844984e-05,4.54696685460693e-05,0.00031748143503973546,0.0022596042773057644,5.414968876925967e-05,8.21827156760926e-05,4.148390231723723e-05,4.836500326583911e-05,3.451776365219317e-05,7.14895022942538e-05,8.096699206924882e-05,5.465261036494296e-05,3.0319704183259964e-05,2.782954233637503e-05,0.0001747448915904898,6.277119815959992e-05,0.0001452424851567397,5.1518455133153215e-05,5.846492075220955e-05,0.002575900476557889,6.22376900492144e-05,0.042161357023155294,4.2950114646790034e-05,9.936017393822531e-05,0.0006652960274385366,0.01885082003657601,3.511891310049051e-05,0.0009714743672933907,1.6730283632965128e-05,7.497773410838698e-05
VoßHeinrichANDTruchsessvonWetzhausenChristianFreiherr,0.0006288842493417187,0.11431545169670695,3.631545403125837e-06,0.3421357642178306,5.32092780617513e-06,0.08620552385551884,4.009042412313814e-06,0.00882573685224271,3.6610071153987296e-06,0.003152226106314277,1.0131030229065243e-05,0.004436227199949212,6.4397415784627385e-06,2.7362648260500852e-05,8.823705117781614e-06,6.391728982731828e-06,3.397701713461422e-06,3.863016933522213e-06,9.901501872641753e-06,3.299697137963384e-06,0.0865444340920219,4.435545909420584e-06,0.018251277494129272,2.736087817493436e-06,0.005643282618968427,0.2500845168889973,6.239649792653914e-06,4.942324464919306e-06,3.3732461659922854e-06,3.31504959403584e-06,9.748697480691818e-06,4.16908620567447e-06,3.269978100545678e-06,2.4657103239640152e-06,2.527614818002428e-06,4.1904167573448765e-06,3.4472708290402777e-06,2.150145914397824e-06,1.956703551258157e-05,3.7728980509797713e-06,1.0009022896473671e-06,3.4624053530540465e-06,7.446470559743855e-06,3.8558440759413944e-06,2.341022799119208e-06,0.0013933314713116892,5.694549691313144e-05,1.2451105767710747e-05,3.0373607595039367e-06,6.174599406155888e-06,5.0257155322016735e-06,1.6201029674322447e-06,6.569377665384574e-05,3.997934954672269e-06,2.555121560735896e-06,3.724178956379228e-05,3.2804532019669293e-06,9.807926500700937e-06,6.3359208402129026e-06,2.507533958121121e-06,5.0862625996964784e-05,3.5434220362375526e-06,2.041086059134318e-06,3.5558844916479034e-06,3.967776572294623e-06,4.902888727628494e-06,4.614138631325159e-06,4.064427628883452e-06,3.6524984803545965e-06,3.7333022112200113e-06,2.6917923315404075e-06,3.0127195754111493e-06,2.103561703346788e-05,6.438065942041861e-06,3.587838499246605e-06,5.445244801530809e-06,2.7486315289269592e-06,3.204558044142897e-06,2.287070602879237e-06,4.736736155885557e-06,5.364693646755693e-06,3.6211609707899567e-06,2.008916476288654e-06,1.8439238651274112e-06,1.157820966001474e-05,4.1590806248308814e-06,9.623445523244303e-06,3.4134987836415435e-06,3.873756217215043e-06,1.3423280952304993e-05,4.123731558536929e-06,3.935883756385029e-06,0.07770281567595495,6.5833851578807124e-06,6.846454415842849e-06,2.397458786805948e-05,2.3269014344763053e-06,1.6258438262417032e-05,1.1085115553931613e-06,4.967858673512077e-06
WagnerJohannErnst,3.94158758330165e-05,0.08995125107648196,0.0024445587597761815,0.00240381433000653,0.028576909641580068,0.09948965455295741,0.0003436716236863572,0.0034978366102709066,0.00039998715115036374,0.003880544986495931,0.0012537880616667657,0.023115773456926125,0.0002430675472898683,0.002009391235377285,0.0023122217228563158,0.008847277305901088,0.0001431981651109294,0.004048998381205986,0.0005947273776515348,0.0012692143607062778,0.25282129068940823,0.00039203457233570377,0.011632292611237006,4.7475711085710946e-05,0.0015273088689229711,0.17360220923882713,0.03327258750535851,0.0015002698487289227,5.853147672151282e-05,0.0003658032791234689,0.0013000610828583841,7.234063575245565e-05,5.673960264196856e-05,0.0004086670988066491,0.0015884789326115524,0.002755389200670635,0.00020563511676554338,0.0024176901010213997,0.0019685419603455664,6.546610700099988e-05,1.736733288475269e-05,9.302792890916162e-05,0.0015212772727958633,0.0008926202026510601,0.00160960450372824,0.017297151241633855,0.00900941957179424,0.0006498182176227519,0.0001586632868103929,0.00015298266568412349,0.0035035205774773606,0.00017563513915491645,0.01378391736360523,0.0017941576856746943,4.433564311451758e-05,0.0019226884569587658,0.0032270800080289406,0.07852786269657883,0.0010245802907203716,0.002260872849560893,0.0026429650327377268,0.0020426799615962427,0.00039163202162030737,0.008027694582308795,0.0033461529464467172,0.0021097304361824077,0.0004746451701081543,0.00010347402477337363,0.0025148097879469774,0.0020150259321320106,0.0002807446920004831,5.227573589926584e-05,0.007340262973642062,0.0008493294201050564,0.0001928495634184193,0.0004485277532255305,4.769336551045307e-05,0.0018258880909360585,0.0036112079258607444,0.002818949628773445,0.00019417724183132747,0.0026211824136837033,3.4858069106487464e-05,3.1995170668547614e-05,0.00020090135016653788,0.004296672871083673,0.001646601650823874,0.0025949823105479394,0.00010499538949176938,0.0017787764262903493,0.0010081237612486068,0.004035710992276848,0.0016685827337494857,0.0005660101103975299,0.03411909618055216,0.002293496913166613,4.03756412794263e-05,0.0029307877184700497,1.9234534068146396e-05,8.620067732854063e-05
WagnerJulianeLouiseAntoinetteKaroline,2.281682893627331e-05,0.00273155916720238,3.6476824978616055e-05,5.27494529178114e-05,0.13852080100805275,0.016199813794933845,4.026856948558228e-05,0.0005339582530310993,3.677275125871258e-05,0.00019247955661099122,0.00639573117861488,0.0005016048326682062,6.468357142469199e-05,0.00027484236619776533,8.862914035638889e-05,6.420131198502258e-05,3.4127997029803784e-05,3.880182592574271e-05,9.945500076163502e-05,3.314359635441407e-05,0.08883765358243206,4.4552556518579385e-05,0.019680548606926748,2.7482458668677507e-05,3.78542131347214e-05,0.3845958017416378,0.05041443932225037,4.964286122905644e-05,3.3882354851126875e-05,3.3297803115168e-05,9.792016684318148e-05,4.1876119107378417e-05,3.284508538839793e-05,2.4766669269172695e-05,2.538846499076421e-05,4.2090372466102494e-05,3.462589083329537e-05,2.159700278852829e-05,0.00019653983373812462,3.789663258768348e-05,1.0053498879220253e-05,3.477790858945773e-05,7.47955961344707e-05,3.872977861763337e-05,2.3514253419747808e-05,0.06434699419524427,0.0005719853928943537,0.00012506433362724614,3.0508575419703304e-05,6.202036787356407e-05,5.0480477458064795e-05,1.6273020389472667e-05,0.0006598569278864086,4.0157001339415275e-05,2.566475470465761e-05,0.06331377971757922,3.295030187305135e-05,9.851508893741384e-05,6.364075067542359e-05,2.518676408109637e-05,0.0005108863859576541,3.559167546960992e-05,2.050155806430264e-05,3.571685380399503e-05,3.9854077401115995e-05,4.924675149411509e-05,4.634641966393907e-05,4.0824882742598013e-05,3.66872868195114e-05,3.749891471375717e-05,2.703753549986332e-05,3.026106862586154e-05,0.00021129090667200288,6.466674060208971e-05,3.6037813784707346e-05,5.469441230727624e-05,2.7608453173977948e-05,3.218797782602476e-05,2.2972334043560645e-05,4.757784263949983e-05,5.388532139737649e-05,3.637251921377772e-05,2.0178432751843013e-05,1.8521175046924e-05,0.00011629658463599412,4.177561869206574e-05,0.1574459294563994,3.4286669688457375e-05,3.8909695972285936e-05,0.00013482928494149224,4.142055726195058e-05,3.953373205640183e-05,2.858424986094361e-05,6.612639014897984e-05,6.876877244486952e-05,0.00024081121079882974,2.337241227793117e-05,0.00016330684077730382,1.1134373250034423e-05,4.9899337950235326e-05
WagnerKarlLudwigFriedrichErnstANDWagnerLudwigAnton,6.173648503417323e-05,0.05041813534302426,9.869692960735757e-05,0.00014272648577577437,0.00014461040103749495,0.04228538789245752,0.00010895641740303385,0.0014447540361194426,9.949763019609512e-05,0.0005208002961010768,0.0028557907578732502,0.0013572139814686972,0.00017501714854288637,0.0007436529271843883,0.00023980771440615145,0.00017371227823146426,9.234160381188006e-05,0.0001049877856495192,0.00026909971509376715,8.967806814995411e-05,0.004534172524182612,0.00012054778718048617,0.006074357855012812,7.436048203893019e-05,0.00010242378856410155,0.27018369969024614,0.0001695791207319204,0.002714773843389294,9.167695910029439e-05,9.009531208003938e-05,0.0002649468482996479,0.00011330603423387808,8.887037406426571e-05,6.70122527084315e-05,6.869467239819478e-05,0.00011388574885203707,9.368877670052802e-05,5.843594844668838e-05,0.0005317863642700576,0.00010253856472034422,2.7202188561415097e-05,9.410009774581692e-05,0.00020237769298593936,0.00010479284411880663,6.362353674967437e-05,0.019290476207036427,0.009567387603421953,0.0003383919992936763,8.25483775625874e-05,0.00016781120302625138,0.0001365872203281178,4.403061803817704e-05,0.0017854035487110263,0.00010865454262431826,6.944224147690052e-05,0.0010121449341830703,8.915506287655848e-05,0.0002665565548486892,0.00017219554314976414,6.814892148662566e-05,0.0013823274833206982,9.63019421369958e-05,5.547195607895813e-05,9.664064259309131e-05,0.00010783490816785897,0.00013324907440423066,0.00012540152060401167,0.00011046165834435781,9.926638535105407e-05,0.00010146244219516542,7.315663409715128e-05,8.187868768076616e-05,0.0005716989829763586,0.0001749716086551745,9.750907795284954e-05,0.00014798904686939244,7.470139084411926e-05,8.709240959323442e-05,6.215724195686375e-05,0.00012873343523219142,0.00014579985445401249,9.841470496922295e-05,5.4597661887046425e-05,5.011354773677346e-05,0.0003146687200468702,0.0001130341058952291,0.5587190319945784,9.277093131587543e-05,0.00010527965431946685,0.0003648134521763331,0.00011207340076272628,0.00010696813585541582,7.73416463208775e-05,0.009446116593385023,0.0001860706543717718,0.004757862904191696,6.323975101181172e-05,0.0004418664118394722,3.0126757291099806e-05,0.0001350148059217126
WangenheimKarlAugustFreiherrvon,1.0496843752967101e-05,0.23015500321023605,1.6781101943406086e-05,2.426729704111099e-05,2.458761272048867e-05,0.06565344413824468,1.8525487622588757e-05,0.0005409239321103937,1.691724233054077e-05,8.854989608893298e-05,0.004379132611200599,0.0002307624591023186,2.975756817589469e-05,0.00012644076802834263,4.077368686416405e-05,0.24112291353063978,1.570052759847209e-05,1.785071471631384e-05,4.575410572441355e-05,1.5247655724438188e-05,0.08321161700186927,2.0496328647461355e-05,0.00036741138787199385,1.2643258859423333e-05,1.741476704657212e-05,0.15210015826241477,2.883295887518049e-05,2.2838114762881002e-05,1.55875203275708e-05,1.5318598285203587e-05,4.5048007963249695e-05,1.9265038120699796e-05,0.006513587134206005,1.1393864516669302e-05,1.1679920591947726e-05,1.9363605017807034e-05,1.5929582804847113e-05,9.935664786581138e-06,0.028250483987527577,1.7434282044518287e-05,4.625095240033001e-06,1.5999518317734104e-05,3.4409588125781124e-05,1.7817569473468838e-05,1.081769271287176e-05,0.001515608835853819,0.00026314091738867976,5.753563621047904e-05,1.4035418777984843e-05,2.8532365864188043e-05,2.3223458699385368e-05,7.486375643794519e-06,0.0011893980784361514,1.8474160884706202e-05,1.1807027209847659e-05,0.0001720915472203501,1.5158730923588688e-05,4.532170087148802e-05,2.9277820245189886e-05,1.15871284279039e-05,0.0017114191041665277,1.6373890401434018e-05,9.431707284759816e-06,1.6431478483501297e-05,1.833480123669192e-05,2.2655885145946877e-05,2.132159236853487e-05,1.8781418600241606e-05,1.6877924559117086e-05,1.7251312605950513e-05,1.2438572704385682e-05,1.3921553694014979e-05,9.720402602628348e-05,2.974982518428163e-05,1.6579135582474255e-05,2.5162072335000427e-05,1.2701222419546647e-05,1.4808025028693435e-05,1.0568383615870162e-05,2.18881064360408e-05,2.4789851423545802e-05,1.6733116251831695e-05,9.283054028560604e-06,8.520635410464194e-06,5.350204804257653e-05,1.9218803073770543e-05,4.446922795826098e-05,1.5773524688050426e-05,1.7900340149688125e-05,6.202798562885153e-05,1.9055457660390206e-05,0.001199296772574871,0.002179309072026223,3.042133450183789e-05,3.163695803011293e-05,0.0022769437282422105,1.0752438934287967e-05,7.512903726533428e-05,0.1734953754447559,0.0014993427885404457
WestphalenEngelChristine,1.633834561888733e-05,0.14166974259255555,2.6119798471769228e-05,3.7772067073190416e-05,3.827063868195061e-05,0.16934147887432496,2.8834936163617583e-05,0.004889244834397931,2.6331701092218053e-05,0.00013782798342678928,7.286717871317687e-05,0.0003591819504422274,4.6317678444812595e-05,0.00019680515562410658,6.346427591195626e-05,4.5972349064235795e-05,2.4437883647663752e-05,2.7784651600330232e-05,7.121630181427381e-05,2.373298821688746e-05,0.018544627918418724,3.190255178046896e-05,0.0005718761163488683,1.9679242432843426e-05,2.710609870694498e-05,0.10864067060955857,4.487852333561739e-05,3.554754372468292e-05,2.426198774096221e-05,2.384341036893162e-05,7.011726008953092e-05,2.9986047099925763e-05,2.351923479184222e-05,1.773455914836299e-05,1.817980565619639e-05,3.0139466553374714e-05,2.4794408257883168e-05,1.5464870113045667e-05,0.00014073540808237354,2.7136473816711305e-05,7.198964405902466e-06,2.490326293910663e-05,5.355855118293629e-05,0.07213806447797351,1.6837747279210325e-05,0.0415697713655831,0.0004095790464206982,8.955426335117724e-05,2.1846140449191493e-05,4.441065007582649e-05,3.6147331867187314e-05,1.1652549621552734e-05,0.0004725008272155728,2.875504605543357e-05,1.8377647207673224e-05,0.0002678606296088173,2.3594576693903784e-05,7.054326331807022e-05,4.5570950410532236e-05,1.8035374579336355e-05,0.0003658281511893453,2.5485973384027106e-05,1.4680459862139496e-05,2.5575609279395943e-05,2.853813265287481e-05,0.0045421596167421535,0.004540082788976856,2.9233292933126533e-05,2.6270502949842826e-05,2.685168174060089e-05,1.936064827033996e-05,0.4281767616976148,0.0001512981435315565,4.6305626472231545e-05,2.580543767094656e-05,3.916478552712326e-05,1.9769462760104003e-05,2.304870269061016e-05,1.6449697472182048e-05,3.4068855011197144e-05,3.8585423383507124e-05,2.604510870481122e-05,1.4449080951076902e-05,1.3262375767891474e-05,8.327598017173889e-05,2.9914082212745057e-05,6.921638855315753e-05,2.45515036754332e-05,2.7861893626699074e-05,9.654660878048118e-05,2.9659834947388408e-05,2.8308744381000586e-05,2.046819717100476e-05,4.735083125709234e-05,4.92429502420772e-05,0.00017243661693405464,1.6736179721139453e-05,0.00011693840603355927,7.972941328387279e-06,3.573119787423733e-05
WilkenFriedrich,5.502529547776856e-05,0.006587455720079033,8.79678801180085e-05,0.00012721111427008362,0.00012889023471035285,0.3729969095779817,9.711208952829744e-05,0.0012876991245317293,8.868153892867968e-05,0.00046418564584634834,0.0002454066117128071,0.04674548548226039,0.0001559915551868251,0.04619862282419106,0.0002137389314558915,0.00015482853344358163,8.230342287590827e-05,9.357487592180977e-05,0.0002398466859235919,7.992943224894073e-05,0.07763435348044803,0.000107443395993888,0.0019259999153401575,6.627697533794704e-05,9.128960332893136e-05,0.1230291459651586,0.00015114467919527663,0.00011971922632719922,8.171102971289461e-05,8.030131883313057e-05,0.00023614526491946866,0.00010098887245819368,7.920954018355912e-05,5.972755014917445e-05,6.122707900145035e-05,0.00010150556802547976,8.35041486091025e-05,5.208355040010483e-05,0.0004739774512399087,9.139190251080992e-05,2.4245119598326792e-05,8.387075616767533e-05,0.000180377816270174,9.340112590474272e-05,5.67072114172621e-05,0.07928684514620189,0.0013794057597085177,0.0003016064121263225,7.357478910691928e-05,0.00014956894656195665,0.00012173923009840193,3.924418058913393e-05,0.0015913176424038448,9.684303065837769e-05,6.189338207042254e-05,0.0009021176705949776,7.946328132231933e-05,0.2279166309528753,0.0001534766781187142,6.074065504728889e-05,0.0012320587765023909,8.583324460791649e-05,4.944176482164293e-05,8.613512594542369e-05,9.611249622439643e-05,0.00011876396408336841,0.0001117694945019578,9.845370020658172e-05,8.847543202254379e-05,9.043276206273504e-05,6.520399412319177e-05,7.297789921911165e-05,0.0005095512879491099,0.00015595096580477683,8.690915628174085e-05,0.0001319015980089271,6.658082496149005e-05,7.762485293883962e-05,5.5400313167592456e-05,0.0001147392066068955,0.00012995038618584886,8.771633528036723e-05,4.866251254937947e-05,4.46658531033771e-05,0.0002804620199644664,0.0001007465046399634,0.00023311125378806295,8.268607946464994e-05,9.383501641726688e-05,0.00032515566749801036,9.989023490329608e-05,9.533994815047009e-05,6.893406612293617e-05,0.00015947107141787252,0.0001658434672929806,0.0005807427520087755,5.636514588479202e-05,0.0003938324292306212,2.6851767165107866e-05,0.00012033774818251286
