sender_norm,0,1,2,3,4,5,6,7,8,9,10,11,12,13,14,15,16,17,18,19,20,21,22,23,24,25,26,27,28,29,30,31,32,33,34,35,36,37,38,39,40,41,42,43,44,45,46,47,48,49,50,51,52,53,54,55,56,57,58,59,60,61,62,63,64,65,66,67,68,69,70,71,72,73,74,75,76,77,78,79,80,81,82,83,84,85,86,87,88,89,90,91,92,93,94,95,96,97,98,99
AdelheidLouiseTheresaCarolineAmelia,0.00011511863055432737,0.00014375780630322276,8.49227470623683e-05,0.0011752671463289724,0.00010140585915971385,2.8467914064350733e-05,0.00011219485705932934,7.726443508279482e-05,0.00011787466656988317,0.00024800288217162637,0.0001386597898591657,9.666886797626353e-05,0.00015623066367843693,0.00011021445669791049,0.04292055086013805,0.00010135124358859993,0.00022252361139353096,0.00013047431464129693,0.0002201105849062558,0.00014237827028691378,0.015312448379170653,9.372991245457319e-05,0.00012168421372922745,0.00024363940700596512,0.0001184990101735985,0.000178649257898419,9.534960685254185e-05,0.23580387654710946,0.0002492519391240341,0.0006596746561607679,7.509043319831537e-05,0.0002946612061587994,7.198403153035761e-05,0.0005460399698610545,0.0003640212496827122,0.0001576868090073581,9.058910212571485e-05,0.0002097145005575564,0.0001456675844145099,0.00023965551009279195,0.00012439843407101468,0.00036102060606590567,8.489024741307512e-05,0.00010853790671360517,0.00019489251883236488,0.001450766499498975,0.00011680383102912178,0.00017792830787122368,0.00018050072752665282,0.00011003476414534989,0.000148935659135491,0.3741005403194501,0.00013180235928078406,0.00011177293644113456,0.00013970899534231115,5.407195574521985e-05,1.7282835840734508e-05,0.00018521253039369777,0.00016257621177825286,6.944979665034158e-05,0.005397404341494143,0.0006560491284403545,0.00057124470595364,7.142447285904916e-05,0.00011195447742666445,0.0001582628300374195,0.000915435934769288,0.00023094798453091348,0.0020260092135710593,0.012081742144537784,0.00017992520749010674,0.00010963950459659636,0.0001253311253665217,0.00010922585748335647,0.00036816564160605425,3.8689132535898965e-05,8.390210348382899e-05,0.0016624823967488142,6.52977918602933e-05,0.00015301141810117574,0.00010287360442183016,0.00015267968680664833,0.009607446758189793,0.09461255901430869,0.00012645574430264616,0.12259141992016159,8.134228495901989e-05,0.0003986784994319764,0.004700914675225691,0.02587397096692155,9.991253175122265e-05,0.0001859966320390082,0.0004695213222975137,0.00018164433077361172,9.463527823459138e-05,0.00018306810808833756,7.606715730413612e-05,9.14753663527637e-05,0.025615615713625212,0.010091096614854396
AdersbachGerson,0.00019668910410786957,0.0002456213559363839,0.00014509709642692185,0.002008035024268002,0.00017325977118881869,4.8639637964547366e-05,0.0001916936104455808,0.00013201227675014497,0.00020139800528379923,0.00042373214896338136,0.00023691099965191128,0.00016516625454817362,0.0002669321996372073,0.00018830994291073682,0.1146265395168082,0.00017316645625186183,0.0003801988397280848,0.0002229254807176846,0.00037607599692075365,0.00024326431171317007,0.00044160332263996563,0.0001601448212163955,0.00020790691191533263,0.0004162768133934728,0.00020246474472883016,0.0003052361057143837,0.00016291219465135526,0.4994406601405712,0.0004258662595913987,0.0011271052869387258,0.00012829782600548212,0.0005034515123715557,0.00012299029795265792,0.0009329516166227679,0.0006219585234079933,0.00026942013680964616,0.0001547785032991201,0.00035831348092374015,0.00024888435988235785,0.0004094700166922182,0.00021254436777114693,0.0006168316911837501,0.00014504156825678535,0.0001854454272991699,0.00033298897617074693,0.0024787470254130552,0.00019956839975300878,0.00030400430670606714,0.00030839948509708387,0.00018800292425521768,0.0002544681188789001,0.06004905784348572,0.00022519454793207201,0.03803021551405876,0.00023870364855253863,9.238612795926689e-05,2.9529064770738487e-05,0.00031644996554659386,0.00027777406046213416,0.00011866036121045496,0.0006482498056850197,0.001120910791783488,0.0009760158620663961,0.00012203424858666487,0.00019128290320934136,0.0002704043133917034,0.0015640932576325972,0.000394592534276772,0.0034615937942687877,0.1575547087372059,0.0003074161645012839,0.00018732759267630592,0.0002141379431502069,0.00018662084451809562,0.0006290395382754289,6.610338205513461e-05,0.00014335324775438565,0.0028404800477305203,0.00011156633917011477,0.00026143186901786495,0.00017576752774632902,0.00026086508038590376,0.0019702121155614287,0.002007685559544404,0.00021605944178117504,0.0034699877819517376,0.0001389795993718519,0.0006811731211772785,0.008031877129752051,0.0013395155563447425,0.00017070830555114116,0.0003177896639898691,0.0008022135756614832,0.00031035341989474514,0.00016169170883401408,0.00031278605380581637,0.00012996663485431378,0.00015629275443276982,0.0004316988543280578,0.0757726385677598
AretinJohannChristophANDBaboJosephMariusFranzvon,0.00010307887041443312,0.00012872279852217233,7.604104389991361e-05,0.0010523510338460228,9.080025852683732e-05,2.549057794275612e-05,0.00010046088175559628,6.91836816785726e-05,0.00010554666453200577,0.00022206533235044672,0.0001241579615893736,8.655868878263545e-05,0.0001398911736399658,9.868760291063076e-05,0.0005810947268626326,9.075135496231128e-05,0.00019925082840662074,0.00011682856985494829,0.00019709016993291653,0.00012748754221680782,0.00023143107939534746,8.392710591967624e-05,0.00010895778761507964,0.0002181582141977032,0.00010610571073600904,0.00015996510396165017,8.53774034792915e-05,0.02377692582831566,0.00022318375583340087,0.000590682134339596,6.723704925728752e-05,0.0002638438638433029,6.445553271696103e-05,0.0004889320088623379,0.0003259498401211113,0.00014119502702096665,8.111477937161226e-05,0.00018778136712457023,0.00013043284119298735,0.0002145909758481848,0.00011138813937951685,0.0003232630208543488,7.601194324850841e-05,9.718639604477972e-05,0.00017450955242195277,0.0012990371001058974,0.00010458782305335196,0.00015931955498256045,0.00016162293638170226,9.852670362568754e-05,0.0001333591221003138,0.0513003274971292,0.00011801772004409751,0.00010008308799173148,0.00012509743520467363,4.8416803539772134e-05,1.5475298719613068e-05,0.00016584195214667245,0.00014557306828325546,6.218634251256898e-05,0.00033972831397788706,0.0005874357848974866,0.000511500690517142,6.395449586922112e-05,0.00010024564239002686,0.0001417108045004917,0.0008196944459677798,0.00020679413275944024,0.0018141176643478442,0.003248048703211854,0.00016110760749894564,9.817278256521416e-05,0.00011222328452260354,9.780239701617105e-05,0.000329660788001187,3.4642803340443705e-05,7.512714502303347e-05,0.0014886105464907776,5.846857796262054e-05,0.00013700861504720922,9.211449865414396e-05,0.00013671157809535926,0.0010325291798447779,0.0010521678898476727,0.00011323028442369846,0.0613097593142809,7.283504685670983e-05,0.00035698243787373254,0.8370866628944525,0.0007019999967809735,8.94631117793042e-05,0.00016654404798901792,0.00042041611600894264,0.00016264693510659308,8.4737783404865e-05,0.0001639218057041405,6.811162200932386e-05,8.190835305271859e-05,0.00022624044410175694,4.934276427483346e-05
AretinJohannChristophANDBaboJosephMariusFranzvonANDSchererJoseph,1.9732249865965646e-05,2.4641232618030395e-05,1.4556435012037765e-05,0.0002014501465049954,1.7381771666125657e-05,4.8796271357268175e-06,1.9231091809472242e-05,1.3243739362299761e-05,2.020465638293583e-05,4.250966863422449e-05,2.3767392008473613e-05,1.6569813660765205e-05,2.6779179682594625e-05,1.8891635419329345e-05,0.0001112381839279741,1.737241012238071e-05,3.814231875371398e-05,2.236433638235207e-05,3.7728706800975924e-05,2.44047691607965e-05,0.03800539839391357,1.606605328401554e-05,2.085764309813903e-05,4.1761734248294396e-05,2.0311673847714602e-05,3.062190523155444e-05,1.6343681800037014e-05,0.09945432464282973,4.272376694101506e-05,0.00011307348847818564,1.2871098129624702e-05,5.050727686504502e-05,1.233863615017762e-05,9.359559847281082e-05,6.239614057839685e-05,2.702877458598319e-05,1.5527693386124026e-05,3.594673516868325e-05,2.4968583792197515e-05,4.107886259709037e-05,2.132288207568365e-05,6.188180637097596e-05,1.4550864313382632e-05,1.8604261403118467e-05,3.3406129486510623e-05,0.0002486729291986873,2.002110664512264e-05,3.049832865659875e-05,3.0939261867466774e-05,1.886083468508585e-05,2.55287578201939e-05,0.02120868162071008,2.259197380761791e-05,1.9158771256128853e-05,2.39472341821902e-05,9.268363742414297e-06,2.9624156712053606e-06,3.174690239484281e-05,2.786685715095177e-05,1.1904248113847367e-05,6.503373534268237e-05,0.000112452044160001,9.791589092234539e-05,1.2242723338639127e-05,1.918988882650073e-05,2.712750917688729e-05,0.00015691300803501783,3.958632338537533e-05,0.0003472741105451754,0.008213988776035294,3.084061315084016e-05,1.8793084051323465e-05,2.148275278993846e-05,1.8722181642604032e-05,6.310652235222522e-05,6.631625364371761e-06,1.4381488576184125e-05,0.00028496271969579893,1.119256143405096e-05,2.622737535861559e-05,1.7633354890423982e-05,2.617051397344749e-05,0.00019765567558785503,0.00020141508749510945,2.1675521429947006e-05,0.0003481162124149412,1.3942715299436161e-05,6.833666913078372e-05,0.5284650065597516,0.00013438291753388947,0.2999097830412753,3.1881303659964505e-05,8.047969302936484e-05,3.11352845695078e-05,1.6221240187346387e-05,3.1379331337545114e-05,1.303851641816204e-05,1.5679606131186973e-05,4.330890467517016e-05,9.445619163596567e-06
BassewitzAdelheidHenriettevon,1.606958190285438e-05,2.006736730136923e-05,1.185449334102433e-05,0.007026825505503802,1.4155395624058544e-05,3.973878723692894e-06,0.0013914513262193065,1.078545811188052e-05,1.645430109440426e-05,3.4619093434404e-05,1.9355727557260115e-05,1.349415193631653e-05,2.1808472126787005e-05,1.538500093562044e-05,0.024854808142279947,1.414777175475989e-05,3.106240389925198e-05,1.8213104822834416e-05,3.072556592103501e-05,1.9874795804511888e-05,3.607917578313698e-05,1.3083898737184168e-05,1.6986081482992008e-05,3.400998940651537e-05,1.6541454152316048e-05,2.493791724118876e-05,1.3309994301910928e-05,0.24111957503808784,3.479345116348221e-05,9.208497239211015e-05,1.0481985935644755e-05,4.113219869939369e-05,1.0048358678388144e-05,7.622253648833481e-05,5.081427096542069e-05,2.201173763223023e-05,1.2645468323463243e-05,2.927436095007623e-05,2.0333956085720034e-05,3.345387127489328e-05,1.7364963562067468e-05,5.039540663278087e-05,1.1849956666346948e-05,1.515096881451812e-05,2.7205338341410195e-05,0.07543396868445637,1.6304821558868684e-05,2.483727874806133e-05,2.5196366657137202e-05,1.5359917383316166e-05,2.0790151526376098e-05,0.40810974908844616,1.83984885613494e-05,1.5602551455089652e-05,1.9502187720685815e-05,7.547985215870558e-06,2.412536917082275e-06,2.5854094270100335e-05,2.2694256681532657e-05,9.694601039251974e-06,0.0017686543311701691,9.157887955236986e-05,0.0017954329547847623,9.97024904613535e-06,1.5627893032918107e-05,2.209214526977566e-05,0.09424803484130656,3.223837475174997e-05,0.04981124927426245,0.04548661562973324,2.5116028954026264e-05,1.5304742511438393e-05,1.7495159335688633e-05,1.5247000891918776e-05,5.139279283567733e-05,5.4006739051904565e-06,1.1712020176602697e-05,0.00023206840550453781,9.115016477539893e-06,0.03441610604866337,1.4360280381534645e-05,2.1312785951564317e-05,0.00016096715219998634,0.0001640287482146603,1.765214657586453e-05,0.004410869084845689,1.1354691278206437e-05,5.565212831910638e-05,0.0061593672269090105,0.00010943898006177434,1.394693981648879e-05,2.596354819210067e-05,6.554118397226509e-05,2.5356003945670646e-05,1.3210280101208284e-05,2.555475115157678e-05,1.0618328315148411e-05,0.0013885590615068844,3.526997658796886e-05,7.692338775538708e-06
BayreutherPostamtANDOsmundEmanuel,3.014609799917433e-05,3.764583452821806e-05,2.2238706653942335e-05,0.1046994133065819,2.6555136672482684e-05,7.45488825816935e-06,2.9380449885717987e-05,2.0233225678944805e-05,3.086782072480205e-05,6.49444764415893e-05,3.631081774957928e-05,2.531466152306605e-05,4.091209976219757e-05,2.8861842749015142e-05,0.000169944999517103,2.654083450131236e-05,0.005857808128213188,3.41672886188081e-05,5.764032486564478e-05,3.728457564474467e-05,6.768355116287689e-05,2.454503769462517e-05,3.1865426250902116e-05,6.38018138740485e-05,3.103131748785534e-05,4.678285356725053e-05,2.496918681640293e-05,0.4245203044756519,6.527156679275588e-05,0.0001727489002990628,1.9663920141306574e-05,7.71628845361049e-05,1.885044721641056e-05,0.00014299140255259732,9.53261884186342e-05,0.017439901133736814,2.372255417901473e-05,5.4917903863288675e-05,3.814594782718899e-05,6.275855140484766e-05,3.2576198712499954e-05,9.454041033825514e-05,2.2230195975802632e-05,2.8422804863626722e-05,5.103647379868478e-05,0.00037991199910231366,3.0587401187170755e-05,4.659405849500475e-05,4.726769763277205e-05,2.8814786688035884e-05,3.9001758049504185e-05,0.015003120366961772,3.4515063463387795e-05,2.9269961598611675e-05,3.658557302736419e-05,1.415981469770134e-05,4.525853551676391e-06,4.850157672166283e-05,4.2573807462805156e-05,1.8186807519881727e-05,9.935579430678004e-05,0.00017179948391500734,0.0001495917628994121,1.8703915673598367e-05,2.9317501708447052e-05,4.1444262852685356e-05,0.00023972506681702656,6.0478313031139535e-05,0.000530550719770071,0.024148056962109803,4.711698628971088e-05,2.8711280131065412e-05,3.282044243796767e-05,2.860295842542351e-05,9.641147969135392e-05,1.0131517160290015e-05,2.197143087770424e-05,0.00043535400840822496,1.7099522666933727e-05,4.0069076420204934e-05,2.6939494897528642e-05,3.998220599735451e-05,0.0003019699936316864,0.330881260019397,3.311494622503396e-05,0.0005318372474424697,2.130109159606573e-05,0.00010440187705645308,0.0012310277997811304,0.00020530454605579489,2.6164079254717598e-05,4.870690929838843e-05,0.00012295347613610664,0.06964199802652754,2.4782125691573216e-05,4.794001718383897e-05,1.991969473200876e-05,2.3954640055237602e-05,6.616551551105584e-05,1.4430618044209854e-05
BergnerCaroline,4.9776299758965275e-05,6.215963154516084e-05,3.6719861014471836e-05,0.0005081753447798949,4.384701606111652e-05,1.230927971568299e-05,4.851208539840912e-05,3.340847317996294e-05,5.096798588480109e-05,0.00010723430034408255,5.9955293346612156e-05,4.1798782061392875e-05,6.755278714968729e-05,4.765577741804076e-05,0.00028060789952756804,4.382340076074175e-05,9.62172841253933e-05,5.641596468927605e-05,9.517391235161036e-05,6.156313210848904e-05,0.00011175697536466897,4.0528003123861245e-05,5.2615201113442526e-05,0.0001053475714385102,5.12379466567585e-05,7.724639330791732e-05,4.1228344966732255e-05,0.4998584473266257,0.00010777438176252616,0.00028523761332406166,3.246845357620874e-05,0.00012740895591332516,3.112527237390072e-05,0.00023610295822059282,0.009733413013572322,6.818241179025137e-05,3.9169943914309335e-05,9.067873543395117e-05,6.298540307564893e-05,0.00010362496888491796,5.378880650376137e-05,0.00015610218624186308,3.670580844732881e-05,4.693085171159496e-05,8.426983878688014e-05,0.029355339006246695,5.050496586264804e-05,7.693466075435838e-05,7.804695275486185e-05,4.757807991314828e-05,6.439849030716775e-05,0.2067169400203008,5.69901997001521e-05,4.8329650573875314e-05,6.0408960719011535e-05,2.3380245793120167e-05,7.472948673476477e-06,8.008429554452004e-05,7.029654724160665e-05,3.0029491139882544e-05,0.00016405319853799428,0.0002836699665085397,0.00024700126801674763,3.0883324046148214e-05,4.840814732518968e-05,6.843147829948399e-05,0.0003958265771559927,9.985991017600316e-05,0.0008760288533969853,0.0973286011306277,7.779810287089032e-05,4.74071731043493e-05,5.419209414959405e-05,4.722831567176943e-05,0.0001591916377852173,1.6728846141132725e-05,3.6278543562485116e-05,0.000718843003309696,2.8234200194924956e-05,6.61608132174066e-05,4.448165641242286e-05,6.60173754760409e-05,0.05795468371505266,0.0005080869054079433,5.46783696465278e-05,0.0870622735028402,3.5171700181827305e-05,0.00017238513348901674,0.0020326348297283227,0.0003389924834262608,4.320131421107361e-05,8.042333431131679e-05,0.0002030169571108424,7.854143690353396e-05,4.091947545323739e-05,7.91570658948323e-05,3.289078062821617e-05,3.955315689746251e-05,0.00010925044209287008,2.3827387859463487e-05
BornträgerJohannFriedrichWilhelm,0.00013183709708335968,0.0001646354875386099,9.725592108884057e-05,0.0013459490277408575,0.00011613284517445251,3.260225675192822e-05,0.00012848870935277518,8.848540657625516e-05,0.000134993387129536,0.00028401988363111803,0.00015879709556303366,0.00011070790949264004,0.00017891975500048684,0.00012622069909713646,0.0007432157687798093,0.00011607029788461299,0.0002548403053212482,0.00014942285886672128,0.00025207683944491045,0.00016305560404940972,0.0002959986033964045,0.00010734213487761009,0.00013935618780108402,0.0002790227090098944,0.00013570840300403033,0.00020459416033714,0.00010919705450757904,0.5630324599081825,0.00028545033882246534,0.0007554779905643161,8.59956784052076e-05,0.00033745431001044185,8.243813974872415e-05,0.0006253403482244655,0.0004168873848110733,0.00018058737363156385,0.0001037451904538254,0.00024017095092828617,0.00016682261920490104,0.0002744602380911299,0.00014246458936026485,0.00041345096325257687,9.72187015753838e-05,0.00012430066684882322,0.00022319640011698481,0.07775030882612823,0.00013376703611695122,0.00020376850806634838,0.00020671451548685802,0.00012601491012637634,0.025533515371045968,0.2431533820101463,0.00015094377298135257,0.00012800551398088297,0.00015999867522460337,6.19247262128042e-05,1.979279023420448e-05,0.00021211060479950057,0.00018618685535474065,7.953586260817878e-05,0.0004345099488556045,0.0007513259341356308,0.0006542055216824705,8.179731740295871e-05,0.0001282134198291255,0.00018124704913410048,0.001048383008246601,0.0002644881346415892,0.002320242797322857,0.0041542297708072615,0.00020605541373620143,0.00012556224776189874,0.0001435327336934841,0.00012508852744083635,0.0004216336591345096,4.430788394237502e-05,9.608705132463769e-05,0.0019039216509452392,7.478086981543668e-05,0.00017523298432174541,0.00011781374837564156,0.00017485307630276013,0.0013205970261150387,0.0013457147879495828,0.00014482067896480708,0.002325869133230445,9.315547507372168e-05,0.0004565778430612669,0.056109519970098665,0.0008978526962512447,0.00011442264457892349,0.00021300858008150525,0.0005377090385142518,0.0002080242021254861,0.00010837898526109236,0.0002096547519953268,8.711425035262128e-05,0.00010476016520100856,0.0002893598200417356,6.310902300256186e-05
BrockhausFriedrichArnold,0.0001010220968563174,0.00012615434150219717,7.452376681105875e-05,0.0015151508163711112,8.898848497851253e-05,2.4981954337521033e-05,9.845634596286634e-05,6.780323225613058e-05,0.004949933825865405,0.00021763437475539113,0.00012168058857005482,8.483154895662156e-05,0.00013709986960452528,9.671845005355804e-05,0.0005694999134526069,8.894055720619308e-05,0.00019527509765160064,0.00011449744309401233,0.00019315755165282916,0.00012494373275550457,0.0006393580045762614,0.002902364214301707,0.00010678370969186923,0.004662295091393637,0.00010398854143322686,0.01002541729363122,8.367383430715403e-05,0.2935059809338041,0.003231936543153495,0.0035142831252423083,6.589544176312209e-05,0.0030240842348971207,6.316942592481731e-05,0.00047917615469454086,0.25802147970295414,0.00013837770668221472,0.0013095241527032776,0.00018403449107659063,0.0001278302630138023,0.0002103091570509834,0.00010916556768424707,0.0003168128256694708,0.0010420907664511075,9.524719736332542e-05,0.00017102749415320187,0.0034338305603830964,0.00010250094076513764,0.005477915946743904,0.00015839800987059105,9.656076125582195e-05,0.0036462029578530138,0.21957098362734115,0.00011566286569810136,0.005927010102926298,0.00012260131649593543,0.012365139475647002,1.5166513950411862e-05,0.003385135685690217,0.00014266839115189986,6.09455137719984e-05,0.0011342448624546396,0.001059512205660437,0.001597810518587022,6.267838646389323e-05,9.824540135367126e-05,0.00013888319264925526,0.006528028649501411,0.00020266788746277535,0.01778904904361511,0.011436247012741246,0.0007729069078870058,9.621390212254971e-05,0.0011427806619806143,9.58509070231741e-05,0.0003230829356325847,0.0009598951550600134,7.362810332070546e-05,0.0014589077102252599,0.0006493754663398105,0.00013427482784591197,9.027650155164176e-05,0.000510634475447873,0.0010119267158621085,0.0013336557910993915,0.003657329392685835,0.0033911329727995556,7.138174029759928e-05,0.016629158215203037,0.05765228956945238,0.00212042720977027,8.767801885002954e-05,0.012624215447601608,0.006314812593533387,0.00034366614186915327,8.304697682559477e-05,0.00016065100894224998,6.675256381838801e-05,8.027400321874864e-05,0.0002217261788470642,4.835820854157036e-05
CarlAugust,0.00026755861072636416,0.00033412175553467936,0.000197377367274628,0.15715111874256024,0.00023568740060265147,6.61650985653502e-05,0.00026076317917342307,0.00017957792591663898,0.00027396418699045927,0.0005764080608886309,0.0003222729506048088,0.00022467769023723085,0.0003631111586836811,0.0002561603345527764,0.0015083294684417894,0.00023556046314464918,0.0005171891641828467,0.00030324827695396567,0.0005115808103354077,0.00033091543924865973,0.0006007184385409389,0.0002178469726324124,0.00028281833284454587,0.0005662664760935237,0.00027541528579541884,0.00041521643386853283,0.0002216114647987542,0.11319021317983592,0.0005793111178594713,0.0015332152031679311,0.00017452511282177406,0.000684851292750542,0.00016730521704439512,0.001269105574254919,0.0008460578393869731,0.00036649553026059953,0.00021054710427836887,0.00048741824106283965,0.00033856045998930246,0.0005570071067088036,0.00028912672115977264,0.0008390837463706495,0.00019730183162091058,0.0002522636986871998,0.00045296900535261934,0.15779143407497198,0.00027147535205363887,0.0004135408025067743,0.00041951961780276585,0.0002557426932944545,0.00034615611612146094,0.03021228495482705,0.0003063349170313603,0.00025978255167727056,0.0003247115129824632,0.00012567398768369582,4.0168750485408836e-05,0.00043047078550735476,0.0003778594754913837,0.00016141515076679652,0.0008818221944698967,0.0015247887551173185,0.001327686397707942,0.00016600469131720168,0.0002602044890617268,0.00036783431778621785,0.002127655321614266,0.0005367690841491012,0.21060160062872704,0.008430858769686798,0.00041818199468579537,0.0002548240314303272,0.00029129448137426434,0.00025386263320645585,0.0008556902311204003,8.992124473395395e-05,0.000195005188448266,0.003863939992069583,0.000151765065215872,0.00035562899120052544,0.0002390987327331768,0.00035485798164394184,0.0026801038057846123,0.002731079393154812,0.00029390831962700494,0.0047202671159013035,0.00018905566068797605,0.0009266081860151297,0.1138722373584305,0.0018221595086700714,0.00023221661047205703,0.0004322931937993689,0.0010912610069752603,0.0004221775793725405,0.0002199512229100122,0.00042548672124190966,0.1545963591822897,0.00021260695874487733,0.000587245268313553,0.00012807747509934256
CarolineFriederikeWilhelmine,0.00010307887041443312,0.00012872279852217233,7.604104389991361e-05,0.0010523510338460228,9.080025852683732e-05,2.549057794275612e-05,0.00010046088175559628,6.91836816785726e-05,0.00010554666453200577,0.00022206533235044672,0.0001241579615893736,8.655868878263545e-05,0.0001398911736399658,9.868760291063076e-05,0.0005810947268626326,9.075135496231128e-05,0.00019925082840662074,0.00011682856985494829,0.00019709016993291653,0.00012748754221680782,0.00023143107939534746,8.392710591967624e-05,0.00010895778761507964,0.0002181582141977032,0.00010610571073600904,0.039820793512169626,8.53774034792915e-05,0.12292899684883556,0.00022318375583340087,0.000590682134339596,6.723704925728752e-05,0.0002638438638433029,6.445553271696103e-05,0.0004889320088623379,0.0003259498401211113,0.00014119502702096665,8.111477937161226e-05,0.00018778136712457023,0.00013043284119298735,0.0002145909758481848,0.00011138813937951685,0.0003232630208543488,7.601194324850841e-05,9.718639604477972e-05,0.00017450955242195277,0.1401119365288338,0.00010458782305335196,0.00015931955498256045,0.00016162293638170226,9.852670362568754e-05,0.1786070869590362,0.09096115590533717,0.00011801772004409751,0.00010008308799173148,0.00012509743520467363,4.8416803539772134e-05,1.5475298719613068e-05,0.00016584195214667245,0.00014557306828325546,6.218634251256898e-05,0.00033972831397788706,0.0005874357848974866,0.000511500690517142,6.395449586922112e-05,0.00010024564239002686,0.0001417108045004917,0.0008196944459677798,0.00020679413275944024,0.0018141176643478442,0.003248048703211854,0.00016110760749894564,9.817278256521416e-05,0.00011222328452260354,9.780239701617105e-05,0.000329660788001187,3.4642803340443705e-05,7.512714502303347e-05,0.0014886105464907776,5.846857796262054e-05,0.00013700861504720922,9.211449865414396e-05,0.00013671157809535926,0.0010325291798447779,0.0010521678898476727,0.00011323028442369846,0.0018185167019689448,7.283504685670983e-05,0.07967863925428967,0.30166547938364496,0.0007019999967809735,0.01991987731588329,0.00016654404798901792,0.00042041611600894264,0.00016264693510659308,8.4737783404865e-05,0.0001639218057041405,6.811162200932386e-05,8.190835305271859e-05,0.00022624044410175694,4.934276427483346e-05
CottaJohannHeinrich,4.3929966408710414e-05,5.485884927123188e-05,3.2407034446302435e-05,0.010842009023487583,3.8697089820142866e-05,1.0863528366790256e-05,4.281423674094541e-05,2.9484576227419103e-05,4.498168643874869e-05,9.463940137753292e-05,5.2913415330087244e-05,3.688942530428394e-05,5.961856716290026e-05,4.205850397263498e-05,0.000247649898846581,3.86762481875342e-05,8.491635738360756e-05,0.24437616966617848,8.399553186632257e-05,5.4332409974966445e-05,9.863087850005829e-05,3.5767902083213126e-05,4.643543269977126e-05,9.297427283552618e-05,4.521993973803342e-05,6.817363845129219e-05,3.638598727196597e-05,0.4494954078393887,9.511604907302425e-05,0.0002517358428108123,2.8654963945742546e-05,0.0001124445003052511,2.7469542261448405e-05,0.0002083721585142473,0.00013891271285642654,6.0174241036691864e-05,3.4569349845591055e-05,8.002832313545641e-05,5.558763216130755e-05,9.145399365283671e-05,4.747119561552521e-05,0.00013776764908476704,3.239463238336206e-05,4.141872234790224e-05,7.43721651689933e-05,0.0005536212799178112,4.4573049112988465e-05,6.789851955590102e-05,6.888017047120421e-05,4.198993220662394e-05,5.683474926148972e-05,0.045930870925922344,5.029657830285903e-05,0.00783779320284738,5.3313798494901394e-05,2.0634185692643234e-05,6.595234796268894e-06,7.067822297301946e-05,6.20400667371001e-05,2.6502462887633698e-05,0.000144784797904098,0.00025035231948183695,0.00021799043841000363,2.725601128461245e-05,4.272250641773484e-05,6.03940541492998e-05,0.0003493358952421063,8.81311491784509e-05,0.10867145760507305,0.01177776748175469,6.866054854075505e-05,4.183909876970888e-05,4.782711626089794e-05,4.168124852685778e-05,0.0001404942379067183,1.4764007220204875e-05,3.201755067721486e-05,0.0006344133481485586,2.4918032721314544e-05,5.8390083559599115e-05,3.925719029867388e-05,5.8263492889130465e-05,0.00044004141687066116,0.0004484110067513896,4.8256277655961896e-05,0.012480832234330143,3.1040708429650176e-05,0.0001521381291940971,0.03559905762266795,0.00029917708792805055,0.04686140753907035,7.097744090823669e-05,0.017737902296331078,6.931657639422369e-05,3.611339514643216e-05,6.985989843782524e-05,2.9027687778128956e-05,3.490755364054606e-05,9.641874294627782e-05,2.102880996261712e-05
CottavonCottendorfJohannFriedrichFreiherr,4.0355595333554104e-05,5.039524731380876e-05,2.977022918497425e-05,0.0004119976509248881,3.5548492863364425e-05,9.979615066990963e-06,3.9330647247888415e-05,2.708555740163571e-05,4.132174193930252e-05,8.693904632361033e-05,4.86081040197172e-05,3.388790935592147e-05,5.476768974526851e-05,3.8636404837263783e-05,0.00022749981207057353,3.5529347014632807e-05,7.800711987553102e-05,4.573863168570383e-05,7.716121752262153e-05,4.991164186303026e-05,9.060575605976516e-05,3.2857639110648885e-05,4.2657203826108384e-05,8.540940132014294e-05,4.1540609708136333e-05,6.262667583581093e-05,3.3425433666349426e-05,0.21559412645273957,8.737691147781872e-05,0.003065277162056392,2.6323446699988385e-05,0.37828640533385005,2.5234477103564815e-05,0.0001914179134476375,0.00012761005038257008,5.527815109594498e-05,3.17566073311661e-05,7.351680157526872e-05,5.106473262878228e-05,8.401281997701498e-05,4.360869167157554e-05,0.00012655815496862228,2.9758836218527e-05,3.8048679180718806e-05,6.832085810666673e-05,0.06459370280497877,4.094635347660395e-05,6.237394204795129e-05,6.327572072741175e-05,3.8573412427601936e-05,5.221037778043731e-05,0.022179787790678755,4.620418649466889e-05,3.918274019193439e-05,4.8975909923033444e-05,1.8955280778102612e-05,6.05861211210099e-06,6.492747430438132e-05,5.699216349076642e-05,2.434608434901549e-05,0.028473242949205984,0.02006814936773375,0.00020025359995071292,2.5038320120147187e-05,3.9246380581967006e-05,5.548007906781922e-05,0.0003209121057074155,8.096033945114637e-05,0.0007102308946104155,0.011130868236498257,6.30739683821192e-05,3.843485158541322e-05,4.393565275781646e-05,3.8289844861198205e-05,0.00012906289431023578,1.356273062758641e-05,2.9412435845729434e-05,0.000582794170928663,2.2890571680706842e-05,5.3639161972051324e-05,3.606302064714269e-05,5.352287137845271e-05,0.0004042373532458498,0.005341551106465923,4.432989534454765e-05,0.0007119531271240283,2.8515074575732566e-05,0.0001397593779025425,0.2430594787244382,0.0002748344804356968,3.5024997089418994e-05,6.52023463085578e-05,0.00016459379678054585,6.367661838953808e-05,3.3175021057179424e-05,6.41757329193192e-05,2.6665843778352076e-05,3.2067293102297725e-05,8.85736113865648e-05,1.9317796360284067e-05
DalbergKarlTheodorReichsfreiherrvon,9.783931914375043e-05,0.00012217975337770168,7.21758390661008e-05,0.03134628277680493,8.618483532681754e-05,2.4194878935642207e-05,9.535440417643632e-05,6.566704004491811e-05,0.00010018167403452009,0.00021077763886279637,0.00011784694942174428,8.215886672428098e-05,0.017546013296412723,9.367126199466917e-05,0.00055155738713162,8.613841755528308e-05,0.00018912280772726033,0.00011089011438706781,0.00018707197661978444,0.00012100728577693173,0.2940810292738545,7.966104855313579e-05,0.00010341940800096398,0.00020706912150767124,0.00010071230363639357,0.00015183399658380103,8.10376267521217e-05,0.20208595810625218,0.00021183921231278336,0.0005606574618232464,6.38193559370506e-05,0.0002504325464074025,6.11792252934137e-05,0.0004640793468374989,0.0003093816444072956,0.00013401801217527236,7.69916739900833e-05,0.0001782363449801453,0.0001238028737121274,0.0002036832076929668,0.00010572622375240099,0.0003068313975267714,7.214821761556804e-05,9.224636223530757e-05,0.00016563914335108776,0.0012330063853613674,0.010215079330895313,0.00015122126118677793,0.0001534075605409942,9.351854130199697e-05,0.0001265804102765569,0.07033351267675801,0.00011201881946889735,9.499581386122747e-05,0.0001187386691166237,4.595575285606494e-05,1.4688681435735756e-05,0.00015741212159450405,0.0001381735153794054,5.9025379178174344e-05,0.0003224597514486989,0.0005575761259700141,0.00048550085095565895,6.070365640279903e-05,9.515010553700056e-05,0.0001345075724238812,0.0007780289614831859,0.0001962826820934293,0.06266822016055845,0.011789565171075798,0.0001529184260867524,9.31826102285565e-05,0.00010651891804423107,9.283105156485204e-05,0.00031290396292422127,3.288189207383153e-05,7.130839413271445e-05,0.0014129437173039758,5.5496590486163246e-05,0.0001300443976457294,8.74322719617952e-05,0.00012976245923281617,0.0009800451978752285,0.009705302093331649,0.00010747473162954522,0.09749886131704526,6.913280447886872e-05,0.00033883683947463696,0.17480631622751813,0.0006663169808499222,8.491565642673908e-05,0.00015807852954903982,0.00039904615157303344,0.00015437950889126792,8.043051889053028e-05,0.00015558957716965444,6.464947371246747e-05,7.774490991843288e-05,0.00021474052756593126,4.6834646537262685e-05
DegenGeorgChristoph,9.914663282279655e-05,0.00012381230013181873,7.314024133845425e-05,0.0010122061013467674,8.733642361601596e-05,2.451816712358389e-05,9.66285148103625e-05,6.654447276281203e-05,0.00010152028589324167,0.000213594016704894,0.00011942160192710921,0.0954528890554083,0.00013455462571783993,9.492288274602807e-05,0.0005589272106676636,8.728938561747858e-05,0.0001916498371028246,0.0001123718107508396,0.0001895716031108675,0.00012262416620235662,0.4961446909333481,8.072546702387007e-05,0.00010480128195452116,0.00020983594672093048,0.00010205800568485796,0.00015386277869732545,8.212043884543594e-05,0.061017740115929135,0.00021466977473327576,0.0005681488791339488,6.467210018889724e-05,0.0002537787869215636,6.199669253255113e-05,0.0004702803024818453,0.0003135155535485192,0.00013580873989178365,7.802042469543125e-05,0.0001806179111432681,0.00012545710834627576,0.0002064047908554353,0.0001071389210172126,0.00031093123066806947,7.311225081441983e-05,9.347894369895492e-05,0.00016785238767641063,0.03939733458172723,0.0001005980221583255,0.00015324185602576718,0.00015545736836998858,9.476812142334792e-05,0.000128271757919836,0.011195477189173412,0.00011351559741342832,9.626513306745009e-05,0.00012032523664107495,4.656980643764522e-05,1.4884949299577648e-05,0.00015951543774192958,0.0001400197682797551,5.9814067062409716e-05,0.0003267684082106223,0.0005650263709530071,0.0004919880373874282,6.151476916480526e-05,9.64214863644616e-05,0.0001363048415678608,0.000788424862772591,0.01927283185954189,0.020818839449391485,0.003124142618881621,0.00015496169817767633,9.44277016914482e-05,0.00010794220716618237,9.407144555586767e-05,0.0003170849367345313,3.332125477256291e-05,7.226120574154773e-05,0.0014318232502516634,5.623812724784479e-05,0.00013178203054642237,8.860052830419473e-05,0.00013149632491653456,0.0009931404085173152,0.0010120299438987363,0.00010891079218312168,0.02082307067317226,7.005654619903809e-05,0.0003433643243251716,0.2138618831178363,0.0006752202041273246,8.605028614599087e-05,0.00016019075013531893,0.0004043781438343008,0.00015644230374209318,8.150521890355758e-05,0.000157668540763545,6.55133098681879e-05,7.878372524443948e-05,0.00021760985690703248,4.746044375874064e-05
DieskauJohannaSidonieDorotheavon,4.17754536927925e-05,5.216833757732679e-05,3.081765540717109e-05,0.0004264932445053377,3.679921966675288e-05,1.0330734651715986e-05,4.0714444161491105e-05,2.8038526990449293e-05,4.277559289171378e-05,0.04027401168425401,5.031831600516004e-05,3.508021072029044e-05,5.6694618624851625e-05,3.9995775747931426e-05,0.00023550409269693307,3.677940019660294e-05,8.075169743212311e-05,4.734788507429345e-05,7.987603312137479e-05,5.166771710704021e-05,9.379360000242676e-05,3.4013691776220727e-05,4.415804124242267e-05,8.841441837960189e-05,4.3002161234125503e-05,6.483011276845496e-05,3.4601463433970625e-05,0.258777117130966,9.045115278539427e-05,0.00023938964456103013,2.724960242962196e-05,0.00010692974294147892,2.6122318875204245e-05,0.0001981527000929635,0.00013209984158155845,5.7223039884428846e-05,3.287392164675289e-05,7.610339320892813e-05,5.286137784950006e-05,8.696870016516758e-05,4.5143005931929276e-05,0.00013101093661579518,3.080586159423619e-05,0.34562190607178106,7.072463732715155e-05,0.0005264693336520574,4.238699688140455e-05,6.45684868758354e-05,6.550199344793707e-05,3.993056703347497e-05,5.404733101375788e-05,0.1172324552132332,4.782981981475819e-05,4.0561333190985666e-05,5.0699062673742766e-05,1.9622197314509695e-05,6.271776382920138e-06,6.721186179447644e-05,5.899735754315509e-05,2.5202669194114554e-05,0.016211289455492668,0.00023807397511059667,0.00020729925856403524,2.5919260367219172e-05,4.062721268414702e-05,5.743207242548264e-05,0.00033220297459693015,8.380882214075524e-05,0.0007352194312524087,0.0013163581211883596,6.529314271265442e-05,3.978713111093075e-05,4.548147071245614e-05,3.963702251650863e-05,0.00013360380190531032,1.4039917404203373e-05,3.0447273581511742e-05,0.04882411557743931,2.369594623360245e-05,5.552638509139991e-05,3.73318504315136e-05,5.540600296674949e-05,0.0004184599109947452,0.0004264190205291588,4.588958420426781e-05,0.008773805018710031,2.951833983959541e-05,0.03229188766901955,0.0017059171255167215,0.00028450416889471233,3.625730538492723e-05,6.749640480733525e-05,0.0001703848122842456,6.591699616518808e-05,3.434224038764935e-05,6.643367138095264e-05,2.7604046297281542e-05,3.319553848668902e-05,0.12064373136399208,1.9997467528990845e-05
DoerfferWilhelmine,2.1893070755356874e-05,2.7339621830769212e-05,1.6150467576126115e-05,0.0002235103620250575,1.9285198572125606e-05,5.4139808115083715e-06,2.133703234792967e-05,1.4694022470515906e-05,2.241720912637754e-05,4.716477794055682e-05,2.6370089495435863e-05,1.8384325423727288e-05,2.971168921657929e-05,2.096040308272993e-05,0.00012341955164641636,1.9274811873144006e-05,4.231917236608388e-05,2.4813389357082065e-05,4.1860266979822055e-05,2.707726395290719e-05,4.915398253609026e-05,1.782539972357445e-05,2.314170250424163e-05,4.6334939450635056e-05,2.2535945760282715e-05,3.397522038551615e-05,1.8133430525244284e-05,0.24933502055584705,4.7402321525855356e-05,0.00012545583502253114,1.4280574387872784e-05,5.603818082468403e-05,1.3689804056574738e-05,0.00010384497833110843,6.922895918220658e-05,2.998861652680392e-05,1.7228085610057433e-05,3.988315685326159e-05,2.7702820273246418e-05,4.557728852495812e-05,2.3657888439587114e-05,6.86583017421552e-05,1.6144286846577175e-05,2.0641559579688367e-05,0.004248874764500889,0.14768926933993376,2.2213559394371945e-05,3.3838111301778256e-05,3.4327329817127106e-05,2.092622945029114e-05,2.832433731836509e-05,0.5078893814032148,2.506595469006562e-05,2.1256792182608012e-05,2.6569625658859657e-05,1.0283315109902721e-05,3.286821134793242e-06,3.522341269317233e-05,3.09184750588173e-05,1.3207847458657248e-05,7.215538922392528e-05,0.0001247663381571992,0.00010863837335316491,1.3583388113961973e-05,2.129131734697163e-05,3.009816325357597e-05,0.008597716947199094,4.3921305715639336e-05,0.0425034073574353,0.013325289056712292,3.421787836847318e-05,2.0851059643059047e-05,2.383526612751752e-05,2.077239291922553e-05,7.001713278346252e-05,7.357835234776216e-06,1.59563632684796e-05,0.0003161681525075169,1.241822605500261e-05,2.909945841725104e-05,1.9564331938459288e-05,2.9036370308333447e-05,0.0002193003697113385,0.00022347146380568262,2.404914429669681e-05,0.0214452895373298,1.5469541215310094e-05,7.582001761725842e-05,0.0008940121777338396,0.0001490987972413228,1.9001200035506612e-05,3.537253184719207e-05,8.929278849748951e-05,3.4544818391141307e-05,1.7997580690164936e-05,3.48155900059622e-05,1.4466326162839443e-05,1.7396633874897718e-05,4.8051535979478415e-05,1.0479981253098455e-05
DoeringHeinrich,4.884089758198171e-05,6.099152031653607e-05,3.602981699557539e-05,0.04747892458601959,4.302303769236655e-05,1.20779622594055e-05,4.760044048885532e-05,3.2780657157205925e-05,5.001018939964705e-05,0.00010521914054966457,5.882860630499435e-05,4.101329435087967e-05,6.62833270960652e-05,4.676022435044555e-05,0.0002753346823264521,4.2999866173540166e-05,9.440915741709715e-05,5.5355789134995875e-05,9.338539281044648e-05,6.0406230368603565e-05,0.00010965682492047325,3.976639604309328e-05,5.1626449962748996e-05,0.000103367867279288,5.027507703649776e-05,7.579476984827394e-05,4.045357697831091e-05,0.11462265615010928,0.00010574907269351347,0.00027987739398769223,3.185830251424667e-05,0.00012501467157910117,3.054036253370093e-05,0.0002316660831981174,0.00015444176574901073,6.690111975509755e-05,3.84338576445948e-05,8.897468979492678e-05,6.180177384968305e-05,0.00010167763607886003,5.277800082024118e-05,0.0001531686952923629,3.6016028505954415e-05,4.604892153455698e-05,8.268622989998001e-05,0.3858539618569592,4.95558705051151e-05,7.548889541013634e-05,7.6580285086366e-05,4.668398694635555e-05,6.318830617697976e-05,0.09007957312622727,5.59192330528844e-05,4.742143400135847e-05,5.927374830588513e-05,2.2940881418524272e-05,7.332516128439874e-06,7.857934188670926e-05,6.897552612025695e-05,2.946517335165853e-05,0.00016097029121469694,0.0002783392065785762,0.00024235959065343663,3.0302960927854078e-05,4.7498455632336024e-05,6.714550577670697e-05,0.0003883881567878136,9.79833308034034e-05,0.0008595664144343466,0.0015389925541194735,7.633611161916985e-05,4.651629183874341e-05,5.3173709836410964e-05,4.634079551642314e-05,0.0001562000894928987,1.6414475664126338e-05,3.5596792833916164e-05,0.0007053344196371183,2.7703619728807313e-05,6.491751130436274e-05,4.364575180630514e-05,6.477676906218411e-05,0.0004892336491509051,0.0004985388755279231,5.3650847186060795e-05,0.0008616507693079269,3.45107493864165e-05,0.00016914565144784336,0.3496486494177733,0.0003326220961432872,4.2389469948698293e-05,7.891200939646041e-05,0.00019920183817742152,7.706547682978919e-05,4.0150511777646175e-05,7.766953684747032e-05,3.227269314579375e-05,3.880986924354654e-05,0.00010719739472163226,2.337962073769065e-05
DönhoffStanislausOttovon,5.040977992025888e-05,6.295070869649304e-05,3.718717786186239e-05,0.02420358126877872,4.440503694537553e-05,1.2465934278948199e-05,4.9129476482754196e-05,3.383364751154439e-05,0.07556458178257121,0.00010859902215360075,6.0718316895641154e-05,4.2330736009965725e-05,6.841250052144529e-05,4.826227066304969e-05,0.00028417906770024766,4.438112110389258e-05,9.744179741710314e-05,5.713394482407825e-05,9.638514712879127e-05,6.234661788478564e-05,0.00011317925518704457,4.104378445112207e-05,5.3284810671590444e-05,0.0001066882817136796,5.189002852844544e-05,7.822947276398387e-05,4.175303922375545e-05,0.23372063449570407,0.0001091459769408107,0.015391460731839415,3.288166470897692e-05,0.00012903043132096002,3.1521389454905213e-05,0.0002391077323958476,0.0001594027916631895,6.905013810633809e-05,3.966844184422484e-05,9.183276215403201e-05,6.378698944291036e-05,0.0001049437563866233,5.447335200000742e-05,0.0228119783723902,3.717294645413571e-05,0.023736466728373044,8.534230241566331e-05,0.05985762874975371,5.11477194235942e-05,7.79137729330406e-05,7.904022056422165e-05,4.81835843376107e-05,6.521806038819816e-05,0.2702756284579739,5.7715487860843566e-05,4.8944719893793724e-05,6.117775788483474e-05,2.3677795469328114e-05,7.568053467403232e-06,8.110349168212545e-05,0.05929353770222539,3.041166271516987e-05,0.00016614102843241833,0.00028728010420475556,0.0002501447399875582,3.127636196163756e-05,4.9024215637297634e-05,6.930237437092025e-05,0.006323098732953173,0.00010113078150053679,0.0008871776712487543,0.0015884285464217297,7.878820368179103e-05,4.801050247615958e-05,5.488177210293648e-05,4.782936880698141e-05,0.00016121759682333583,1.694174650140573e-05,3.674024396486027e-05,0.006650226041167841,2.859352392489456e-05,6.700281157468164e-05,4.50477540736632e-05,6.685754836689967e-05,0.000504948962944133,0.0005145530946656335,5.537423620532549e-05,0.19003628985536813,3.561931429561328e-05,0.00017457900010216473,0.0020585032419249403,0.00034330668544846934,4.375111754372485e-05,8.144684523997166e-05,0.000205600660908808,7.954099778609877e-05,4.144023886947541e-05,8.016446160550997e-05,3.330936652387995e-05,4.0056531803439987e-05,0.0001106408224147003,2.4130628107885122e-05
EhrenbergCarolineAugusteEleonorevon,3.3724343444145123e-05,4.211427471992743e-05,0.002003401148538393,0.022108048551606512,2.9707146489524025e-05,8.33975965855063e-06,3.2867815347664075e-05,2.263484487439534e-05,3.453173234970697e-05,7.265317814518933e-05,4.06207957181759e-05,2.8319430906100923e-05,4.5768235193797475e-05,3.2287651202001486e-05,0.00019011692758667576,2.969114669636479e-05,0.0036618650617322307,3.822283653318828e-05,6.448204713108618e-05,4.17101355620557e-05,7.571737227812187e-05,0.0009870243161949782,3.564775046206423e-05,7.137488518437001e-05,3.471463565577882e-05,5.233582870467409e-05,2.793294945635937e-05,0.3614805826397599,0.002051541871584704,0.0001932536424264109,2.199796458970672e-05,8.632187221403539e-05,0.14528260316856276,0.0001599640248424813,0.00010664110219303866,4.6194817276477395e-05,2.653834551083011e-05,6.143648346027461e-05,4.267374986845053e-05,7.020779079574699e-05,3.6442889342267636e-05,0.00010576205476692368,2.4868849160483523e-05,3.179650092337387e-05,5.709434005728038e-05,0.008614249814136337,3.421802790955737e-05,0.05862863539296566,5.287822221055837e-05,3.223500973703853e-05,4.3631142027832443e-05,0.1465219149782948,3.861189113986278e-05,3.274421245414763e-05,4.092816356894597e-05,1.5840539428479692e-05,5.063057897536824e-06,5.425855880216109e-05,4.762718228541132e-05,2.0345523422960112e-05,0.011625939341476054,0.00716913888254357,0.0001673478268588218,2.0924010661148798e-05,3.279739542301824e-05,4.636356434161619e-05,0.0002681796657640225,6.765689541779268e-05,0.02095271097502701,0.09714598522369945,5.270962191295228e-05,3.211921728270204e-05,3.671612401701648e-05,3.199803813694251e-05,0.00010785521406977757,1.1334095853242051e-05,2.457936947260262e-05,0.005344249498753004,1.912918133439398e-05,4.482514767654834e-05,3.0137126806956377e-05,4.472796601226044e-05,0.00033781286637296225,0.0003442380687279625,3.704558446197679e-05,0.006352359794275747,2.38294630615408e-05,0.00011679404605404226,0.001377146863592304,0.0002296735392427759,2.926967180661642e-05,5.448826369922455e-05,0.00013754766062855397,5.321324416555012e-05,2.772368477411166e-05,5.363034394269815e-05,2.2284098806525176e-05,0.04048940423194648,0.053105012080645234,1.6143486266366546e-05
EndeHenrietteFreifrauvon,0.0002005457391765946,0.0052798348014754404,0.00535636634454889,0.022731351419587462,1.6695532818714563e-05,4.686977631076901e-06,0.01036924581835823,0.015402742800360539,1.9406968990943206e-05,0.002649066065874663,0.0019794856958826796,1.5915631219136424e-05,0.005715683215029815,1.8145786586144167e-05,0.3235428440694419,0.0027064285699463777,0.00011407877602993746,2.148138401610688e-05,0.0003387728264950011,2.344125974518975e-05,0.00023652941311211494,1.5431759490503442e-05,0.006912401571230871,0.00019137979693416868,0.0004733102560938457,2.9412940958218233e-05,0.005626307015250945,0.3312348348959679,4.1037016640422886e-05,0.0038523938296761147,1.2362942360750919e-05,4.851323068105976e-05,1.1851502179431472e-05,8.99004092336204e-05,5.993271760771854e-05,0.000567024597506169,0.00017641551959555766,3.452754461755992e-05,2.398281476403584e-05,0.0008408719849782358,0.0011745086282076045,5.943868950720461e-05,1.3976390747220743e-05,0.007132984846936006,0.00046749292795018464,0.016269933189572202,1.923066586543968e-05,0.0011734811282149552,0.004907985246527664,1.811620187641029e-05,0.0029099945379184138,0.13453981688552283,0.00021824410986018237,1.8402375800178812e-05,0.00020866381941259113,8.902445274829295e-06,2.8454583923496988e-06,3.049352281267014e-05,2.6766663206423835e-05,1.1434263945267899e-05,0.0036565712050713388,0.0010805160594814305,9.40501349211473e-05,0.0006467022408880672,1.8432264837232208e-05,2.605650496694473e-05,0.0018795330020336628,0.00013629547834474525,0.0031287773790051026,0.011565821992585804,0.0035966173570022232,0.0017968298982461164,0.0036626127914308657,1.7983022907911862e-05,0.0006485193106637128,6.369806314281627e-06,0.022665075036625144,0.0006822694537800457,1.0750674921811846e-05,0.0020124020489845143,1.6937183443207385e-05,2.5137292292121743e-05,0.002012548619673753,0.001502714915817136,2.0819763735689096e-05,0.0006149565876900664,1.3392251683836339e-05,6.563871187067235e-05,0.009154474336865727,0.0020992993736565,1.6449670331436753e-05,0.006720815869341959,7.730232464337337e-05,0.0024063941910203875,1.5580819556839724e-05,3.0140463598212563e-05,0.0016121261972027554,1.5060569415827562e-05,4.1599052917949935e-05,9.072702585677017e-06
FernowCarlLudwig,2.1008243370422288e-05,2.623466737463377e-05,1.549773246415659e-05,0.00021447699748034085,1.850577059643413e-05,5.1951700956858395e-06,2.0474677736022896e-05,1.4100150846839028e-05,2.1511198235969626e-05,4.525857265795835e-05,2.5304319526961785e-05,1.7641307015289418e-05,2.851086560598266e-05,2.0113270268237524e-05,0.048617469051878984,1.8495803684872974e-05,4.0608806422644185e-05,2.381053477073682e-05,4.016844809437144e-05,2.598291291725943e-05,4.716738182975092e-05,1.710497078059646e-05,2.220641058751716e-05,4.4462272808146084e-05,2.1625136026147107e-05,3.260208247616477e-05,1.7400552251070756e-05,0.2958401406495305,4.548651571385942e-05,0.00012038542897176692,1.3703412625953502e-05,5.3773349291927753e-05,1.3136518788418284e-05,9.964799373986187e-05,6.643101093641531e-05,2.877660065951288e-05,1.653179763345888e-05,3.827124458313053e-05,2.6583186838010225e-05,4.3735242999751005e-05,2.2701734421953386e-05,0.06877285336196101,1.5491801534136692e-05,1.98073131010669e-05,3.5566349660255073e-05,0.0002647534595257953,2.131577918397355e-05,0.2506108314901128,3.29399611006375e-05,2.0080477792702786e-05,2.717958473434113e-05,0.050871254422174786,2.4052892457401308e-05,2.039768054636425e-05,2.5495791263807184e-05,9.867706038026536e-06,3.1539814166036305e-06,3.379982801242829e-05,2.966887815493096e-05,1.2674040883140695e-05,6.923916677759161e-05,0.00011972379871843702,0.00010424765955738056,1.3034403738141253e-05,2.043081034635713e-05,2.8881719960600293e-05,0.0001670598478722113,4.214618816755521e-05,0.0044113171914195535,0.0006619765754292237,3.283493322692068e-05,2.000834603822731e-05,2.2871943237252304e-05,1.993285869805856e-05,6.718732982006371e-05,7.06046196163802e-06,1.531147304994045e-05,0.000303389943241721,1.1916332711279414e-05,2.792337864378897e-05,1.877362254640822e-05,2.786284029534391e-05,0.0002104371556462493,0.00021443967136613624,2.307717733528944e-05,0.210533123582682,1.4844326330991898e-05,7.275568604570133e-05,0.06552326338004877,0.00014307284042904458,1.8233250106238586e-05,3.394292038689895e-05,8.568394324126073e-05,3.314865968587632e-05,1.7270192904541884e-05,3.3408487831755205e-05,1.388165708232025e-05,1.669353387443644e-05,4.610949160398081e-05,1.0056423748993026e-05
FeuchterslebenCarolineHenrietteSusanneFriederikevon,7.825090476200871e-05,9.771813958923018e-05,5.772551115754859e-05,0.0007988777932335223,6.892976566179412e-05,1.9350821161578e-05,7.626349472940928e-05,5.251983907418806e-05,8.012429667724823e-05,0.0001685778385311595,9.425280650354166e-05,6.570983640994539e-05,0.00010619645773702465,7.491733451775788e-05,0.00044113005843597625,6.889264119433668e-05,0.00015125852208809894,8.86887997166215e-05,0.00014961828796669955,9.678041177829159e-05,0.00017568771640515075,6.371210652452045e-05,8.271380378410658e-05,0.00016561180359853916,8.05486889032315e-05,0.00012143530546096497,6.481307994184399e-05,0.4094535570095349,0.0001694268743141126,0.0004484082067740222,5.1042079882685634e-05,0.0453622508870305,4.893052991113527e-05,0.00037116600043016505,0.00024744033179604694,0.00010718626007313985,6.157716755994476e-05,0.0001425516385255913,9.901629493023184e-05,0.00016290378373734688,8.455877185265971e-05,0.0002454006699554498,5.7703419798839794e-05,7.377771400178319e-05,0.045294433974923234,0.0009861461228087868,7.939640537492468e-05,0.00012094524584468413,0.00012269382610919575,7.47951900416713e-05,0.00010123774077713964,0.234645752680327,8.959152670445829e-05,7.597669779695354e-05,9.496599495915524e-05,3.6754949558906955e-05,1.1747859880530076e-05,0.0001258966338183484,0.00011050978979831172,4.72079054212e-05,0.0002579000704524517,0.0004459437853072622,0.0003882987042682436,4.8550174688992046e-05,7.610009872954538e-05,0.0001075778054428789,0.1812700895558843,0.00015698491769303833,0.0013771624389093432,0.002465711437421891,0.00012230262128551487,7.452651574319457e-05,8.51927607855165e-05,7.424534265498677e-05,0.00025025744676803943,2.629860701793728e-05,5.7031737412363644e-05,0.0011300581936223985,4.438561566816003e-05,0.00010400820308303186,6.992745295330989e-05,0.00010378271157214744,0.030891801940266656,0.0007987387619896309,8.595721089094662e-05,0.0013805019077311224,5.529172265864113e-05,0.0002709983009656243,0.03330337818835662,0.0005329136288570232,6.791468912502801e-05,0.0001264296202070456,0.0003191531040451041,0.00012347118063758442,6.432752117187895e-05,0.000124438981092823,5.1705999741837106e-05,6.217959809000606e-05,0.00017174731711303552,3.7457879897601257e-05
FichteJohannGottlieb,5.311609975206941e-05,6.633030590245861e-05,3.918362373200549e-05,0.000542271973521084,4.678898371736398e-05,1.313518546819225e-05,5.176706142643121e-05,3.5650054395046395e-05,5.438774347487649e-05,0.00011442931317717664,6.397806501254953e-05,4.460332102303511e-05,7.208532169221434e-05,5.085329844436972e-05,0.00029943562005812704,4.676378392034299e-05,0.00010267309716120676,6.020126089234046e-05,0.00010155971911818005,6.569378362712404e-05,0.00011925544245361796,4.324727766232705e-05,5.614548056705334e-05,0.00011241599195324528,5.467581758568567e-05,8.24293318768019e-05,4.39946097735249e-05,0.3201250531378324,0.07385131636988862,0.0003043759700043643,3.464696305873396e-05,0.0001359576112400821,3.321365951724186e-05,0.0002519445668185677,0.0001679605544030082,7.275719174636674e-05,4.179809785601203e-05,9.676293296256427e-05,6.721148355524153e-05,0.00011057780933394979,5.739783040590439e-05,0.00016657604796036524,3.916862829116805e-05,5.007973298605177e-05,8.992402377777267e-05,0.0006693882452674071,5.38936565740225e-05,8.209668325705748e-05,8.328360581133051e-05,5.0770387733040414e-05,6.871938355405995e-05,0.22757347059924998,6.081402488376851e-05,5.157238592051549e-05,6.446217173649871e-05,2.4948971172803932e-05,7.97435504656971e-06,8.545764653691e-05,7.501317762855051e-05,3.204435553895505e-05,0.00017506054287654612,0.00030270314006255485,0.0002635741116634966,3.295547737887521e-05,5.165614950465528e-05,7.302296966906009e-05,0.0028802620563995133,0.00010656012953606366,0.01813994622267883,0.0016737055637662842,8.301805904862762e-05,5.058801372877669e-05,5.782817711565489e-05,5.03971556441799e-05,0.010001380888312048,1.7851287955758216e-05,3.871269556105735e-05,0.0007670746289854125,3.012860741428293e-05,7.059995161454027e-05,4.746620601733223e-05,7.044688974743715e-05,0.0005320578571830993,0.0030000546248006364,5.8347079845009906e-05,0.055261626300131386,3.753158720825438e-05,0.00018395151890588727,0.17795483998322886,0.0003617375870055091,4.6099957734254445e-05,8.581943351272377e-05,0.00021663862114055347,8.381126796166852e-05,4.3665016292920487e-05,0.09981186491669361,3.509762664624548e-05,4.2207022969731156e-05,0.00011658073035285011,2.542611476753167e-05
FischerFriederikeChristianevon,1.2648185933712164e-05,1.5794797547453886e-05,9.330537461002363e-06,0.00012912764264978794,1.1141551591117983e-05,3.1277949407235413e-06,1.232694834936353e-05,8.489111938568718e-06,0.0029942203629533307,2.724829639389179e-05,1.5234673963920414e-05,1.0621094172834504e-05,1.716520143817713e-05,1.2109360007026576e-05,7.130262604652232e-05,1.1135550929930488e-05,2.4448866338956727e-05,1.433532854943046e-05,2.4183744980866684e-05,1.564322670307788e-05,2.8397510675691214e-05,1.0298188525761966e-05,1.3369552374222404e-05,2.67688775114167e-05,1.3019591237486122e-05,1.9628352247923442e-05,1.0476145784310414e-05,0.22938749669058106,2.7385531387912964e-05,7.247903894184562e-05,8.250252425362814e-06,3.237468778947605e-05,7.908949321843172e-06,5.9993895278157375e-05,3.999533722420684e-05,1.732518941560542e-05,9.953104912183219e-06,2.3041517982580343e-05,1.6004626560597803e-05,0.004498235216578976,1.3667766167964389e-05,3.966565385146844e-05,9.326966695739945e-06,1.192515597483347e-05,2.1413013718209043e-05,0.022518917267429692,1.2833340402959611e-05,1.9549140829676258e-05,1.983177485637317e-05,1.2089617027069764e-05,1.6363692825694885e-05,0.3925507767956078,1.4481241990613866e-05,1.2280591557222265e-05,1.5349951099946032e-05,5.9409336852929365e-06,1.8988804863542346e-06,2.0349464812016436e-05,1.786239243003756e-05,7.63051069025248e-06,4.1686010574842326e-05,7.20806989989988e-05,6.276316196395868e-05,7.847470114859464e-06,1.2300537626147117e-05,1.7388477356530904e-05,0.00010057975722617132,2.5374459679526382e-05,0.006821049555099256,0.007939634309224022,1.9768541960049095e-05,1.2046189510249622e-05,1.377024178696301e-05,1.2000741735428048e-05,4.045068523674131e-05,4.250809270156733e-06,9.218398446741569e-06,0.00018265841388444146,7.174326245308001e-06,1.6811500074363e-05,1.1302814063483925e-05,1.67750524631205e-05,0.05545600362337417,0.00012910517015533334,1.389380466588349e-05,0.0011657749392212265,0.23413037180813592,4.380315996036181e-05,0.037410186695815,0.002914045379465422,1.0977478385664141e-05,2.0435614754498033e-05,5.158672367509426e-05,1.9957423558345073e-05,1.0397661866163512e-05,2.011385523337577e-05,8.35756596824352e-06,1.0050479548036116e-05,2.7760599153053606e-05,6.0545527373574864e-06
FriedrichWilhelmIII,0.0001828512020510092,0.00022834086507270656,0.00013488890813811142,0.0018667613522026364,0.00016107022080686146,4.521763576830256e-05,0.00017820716228515238,0.00012272466031476885,0.00018722881231195143,0.00039392081801907795,0.00022024331882512744,0.000153546116951316,0.035425246017586516,0.00017506154992958498,0.0010308016462068008,0.00016098347096645078,0.0003534502593725413,0.00020724173970853327,0.00034961747582000453,0.00022614964878008644,0.00041053467979676776,0.00014887796248033383,0.00019327979010765568,0.0003869899965237307,0.00018822050217033918,0.0002837614675830481,0.00015145063960651008,0.3235945439622637,0.0003959047850283984,0.0010478087105514852,0.00011927153673325932,0.0004680315904080336,0.00011433741550280154,0.0008673145639086778,0.0005782011370017322,0.0002504653020605227,0.00014388918749855582,0.00033310462719915283,0.00023137430302812734,0.00038066208647204495,0.0001975909815259108,0.0005734349988916997,0.00013483728660725338,0.00017239856498568268,0.0003095618073951043,0.002304356793086873,0.00018552792719123457,0.0002826163307927945,0.0002867022899803725,0.00017477613132203985,0.00023656522119876958,0.05582435518487185,0.00020935116854327808,0.00017753699541611016,0.00022190984736935918,8.588637701519944e-05,2.745157141907796e-05,0.0002941863854210316,0.00025823149220424344,0.00011031210794086142,0.000602642717482877,0.07139623725586977,0.0009073490593653687,0.00011344862821290642,0.0001778253500227088,0.00025138023769905683,0.001454052747737115,0.00036683129723999284,0.10874933702404874,0.005761700795853403,0.00028578815010587823,0.00017414831214747443,0.00019907244220438445,0.00017349128668151266,0.0005847839728233933,6.145273233737234e-05,0.00013326774652158677,0.0026406403826242904,0.00010371718005537385,0.00024303904235662227,0.00016340154618999292,0.00024251212967819487,0.0018315994434968566,0.0018664364737856329,0.00020085875536090376,0.003225859611848241,0.00012920180261624388,0.0006332497398727014,0.3592377371013505,0.0012452750280937533,0.0001586982614603726,0.00029543183046919463,0.0007457744915595022,0.00028851875728344036,0.00015031602007687593,0.0002907802452128656,0.0001208229378918862,0.00014529690472443277,0.00040132703230290735,8.752893511442257e-05
FörsterErnstJoachim,7.383773140810458e-05,9.220705839291859e-05,5.44699233984576e-05,0.02197747556393892,0.057358758676392445,1.825947878558669e-05,7.196240678877703e-05,0.15911929528715868,7.560546827300443e-05,0.00015907043120689726,0.07320690316841126,6.20039508356413e-05,0.00010020721864784822,7.06921669565029e-05,0.00041625132475977476,6.500725265699499e-05,0.0026396281983370436,8.368695278731724e-05,0.00014118015624516104,9.132221630133413e-05,0.00016577932811231774,6.011888837975561e-05,7.80489330587102e-05,0.00015627167390986724,7.600592574105731e-05,0.00011458662996112934,6.115776939618657e-05,0.19933474892532882,0.00015987158329949257,0.0004231190020571482,4.816342247225428e-05,0.00018899734032601983,4.6170959124663406e-05,0.015975792097040465,0.004417625761894191,0.00010114119837962856,5.810435512523952e-05,0.00013451204978716247,0.006545140208111022,0.0015621807107352068,7.978984911733825e-05,0.00023156062937098085,5.444907794221987e-05,6.961681845003351e-05,0.00012500514807811165,0.03517172167423983,7.491862838739898e-05,0.00011412420859448884,0.00844145149818433,7.057691115152922e-05,9.552816206535405e-05,0.2635190823600416,0.020918617456387713,7.16917845521174e-05,8.961012847102469e-05,3.468205385871295e-05,1.1085307257683907e-05,0.00011879634952894412,0.00010427728857462956,0.0014530098172597372,0.009589269478197816,0.00042079356836545575,0.00036639953900946575,4.5812055073423396e-05,7.180822595230233e-05,0.00010151066147954808,0.000587165711990664,0.00014813132478143134,0.003619282363665397,0.009963615195557687,0.00011540503114248163,7.032338947344099e-05,8.038808251390238e-05,7.005807390898309e-05,0.010095393808604917,2.4815425295127283e-05,5.3815276917234666e-05,0.0010663254773857842,4.188236772541605e-05,0.003375789584330272,6.598370338238148e-05,9.792960228607456e-05,0.0007396240562773392,0.000753691709410957,8.110941936912875e-05,0.02930511980122789,5.217339504478531e-05,0.005863263243795775,0.004423657210158741,0.0075451801627863385,6.408445486388025e-05,0.033764591066788766,0.0003011535936385296,0.00011650768640039797,6.069959503834919e-05,0.00011742090510742619,4.878989875883049e-05,5.8672809941270035e-05,0.00016206115839329936,3.534534052236206e-05
GentzAnnaHenrietteNanette,1.5923957371502977e-05,1.988551434611597e-05,1.174706646161757e-05,0.00016257059216352022,1.402711768463804e-05,3.937866945024135e-06,1.551952201404529e-05,1.0687718961450363e-05,1.6305190190332647e-05,3.4305370943820715e-05,1.918032356905861e-05,1.3371866268675004e-05,2.161084106506104e-05,0.003078712119674221,8.976939330206389e-05,1.4019562903782403e-05,3.078091256750345e-05,1.804805542265008e-05,3.044712705655139e-05,1.969468795589245e-05,3.5752221846393245e-05,1.2965330834585954e-05,1.683215151951125e-05,3.370178669168865e-05,1.6391553456494345e-05,2.4711926762215365e-05,1.3189377493444905e-05,0.4111141861777708,3.447814862167308e-05,9.125048702527392e-05,1.0386996887470508e-05,4.075945364633241e-05,9.957299213852156e-06,7.553179847028114e-05,5.035378578042728e-05,2.1812264553446882e-05,1.2530873531299033e-05,2.9009073083861767e-05,2.0149687270053025e-05,3.315070817110207e-05,1.7207600122499004e-05,4.9938717247983705e-05,1.1742570898845136e-05,1.5013668868167804e-05,2.695880021302737e-05,0.009391079072270679,1.6157065256767466e-05,2.461220026751367e-05,2.4968034077709474e-05,1.5220723919288062e-05,2.060174861141193e-05,0.3418428933600641,1.8231759190883027e-05,1.5461159211204953e-05,1.932545649243603e-05,7.479584443756305e-06,2.390674210258791e-06,0.11950081484228395,2.2488598531022246e-05,9.606747370033042e-06,5.248232899648627e-05,9.074898046120984e-05,7.901828142413196e-05,9.87989742071177e-06,1.5486271140532448e-05,2.189194352707277e-05,0.0031900955893149245,3.194622662722904e-05,0.00028025076563043845,0.08015189909875113,2.488842440476362e-05,1.5166049048898071e-05,1.7336616045976457e-05,1.5108830691049662e-05,5.092706501420825e-05,5.351732332772483e-06,1.1605884406567944e-05,0.01861076461009484,9.03241507503755e-06,2.1165534088302703e-05,1.4230145751195307e-05,2.111964685903833e-05,0.00015950844803183807,0.00016254229948616696,1.7492180648437383e-05,0.0002809303431934482,1.1251793666680218e-05,5.514780187463688e-05,0.0006502610788098258,0.009298846849077629,1.3820550929283105e-05,2.572826331906843e-05,6.494724168690408e-05,2.51262247134632e-05,1.3090566915116146e-05,2.5323170847699108e-05,1.0522103715530535e-05,1.2653467360842148e-05,3.495035571404397e-05,7.6226298536790115e-06
GentzLudwig,7.176849346548219e-05,8.96230361028827e-05,5.294345136202866e-05,0.0007326976711358742,6.321953019612217e-05,1.7747772838029675e-05,6.994572318095132e-05,4.8169024228765796e-05,7.348669104845035e-05,0.00015461262128335881,8.64447759195359e-05,6.026634425950644e-05,9.739899885294776e-05,6.87110807107175e-05,0.0004045862448821281,6.318548117000251e-05,0.0001387280605520702,8.134169901654715e-05,0.00013722370565442992,8.876299093821107e-05,0.00016113350721166638,5.843410903278321e-05,7.586167986733506e-05,0.00015189229671551434,7.387592604566754e-05,0.00011137543972124646,5.944387631594971e-05,0.4031476542298356,0.00015539132178817922,0.0004112614615205618,4.681368461701999e-05,0.0001837008549086145,4.48770583147919e-05,0.000340418104525411,0.0002269420384289685,9.830680461835905e-05,5.6476031313498546e-05,0.0001307424670568762,9.081365049119188e-05,0.00014940861289992815,7.755380827370545e-05,0.00022507134494722682,5.2923190081498326e-05,6.766586790707504e-05,0.00012150198796615339,0.13897338416967142,7.281909925084404e-05,0.00011092597730958852,0.000112529702808599,6.859905484902907e-05,9.285106874511e-05,0.11855912742320747,8.216964287387025e-05,6.968268489614846e-05,8.709888287423543e-05,3.371011958603235e-05,1.0774651202225667e-05,0.00011546718557438444,0.00010135500862429073,4.329713837871697e-05,0.00023653527811988247,0.0004090011960773536,0.00035613151189352814,4.452821223616866e-05,6.97958631277777e-05,9.866591383754344e-05,0.0005707109056648481,0.0001439800737627007,0.0012630764308524472,0.016068341724136258,0.00011217090592417448,6.835263789457704e-05,7.813527670174863e-05,6.809475756712161e-05,0.00022952577976811166,2.411999467173529e-05,5.230715077676051e-05,0.0010364426370694118,0.01384760182413315,9.539202218841542e-05,6.413456771651271e-05,9.518521070074444e-05,0.0007188967379898037,0.111187715542939,7.88363987215273e-05,0.0012661392535385616,5.0711281209984494e-05,0.0002485484334163362,0.07196516059820514,0.0004887663395920313,6.228854397919052e-05,0.0001159560186462926,0.0002927140271644501,0.0001132426602314007,0.11051414392740423,0.00011413028678164863,4.7422604452746286e-05,5.702855567972292e-05,0.00015751953595206683,3.435481822015937e-05
GiechAugusteCarolineWilhelmineLouisevon,0.0001828512020510092,0.00022834086507270656,0.00013488890813811142,0.0018667613522026364,0.00016107022080686146,4.521763576830256e-05,0.00017820716228515238,0.00012272466031476885,0.00018722881231195143,0.00039392081801907795,0.00022024331882512744,0.000153546116951316,0.0002481524016857345,0.00017506154992958498,0.0010308016462068008,0.00016098347096645078,0.0003534502593725413,0.00020724173970853327,0.00034961747582000453,0.00022614964878008644,0.00041053467979676776,0.00014887796248033383,0.00019327979010765568,0.0003869899965237307,0.00018822050217033918,0.0002837614675830481,0.00015145063960651008,0.3235945439622637,0.0003959047850283984,0.0010478087105514852,0.00011927153673325932,0.0004680315904080336,0.00011433741550280154,0.0008673145639086778,0.0005782011370017322,0.0002504653020605227,0.00014388918749855582,0.00033310462719915283,0.00023137430302812734,0.00038066208647204495,0.0001975909815259108,0.0005734349988916997,0.00013483728660725338,0.00017239856498568268,0.0003095618073951043,0.3540752929520947,0.00018552792719123457,0.0002826163307927945,0.0002867022899803725,0.00017477613132203985,0.00023656522119876958,0.12617854241667342,0.00020935116854327808,0.00017753699541611016,0.00022190984736935918,8.588637701519944e-05,2.745157141907796e-05,0.0002941863854210316,0.00025823149220424344,0.00011031210794086142,0.000602642717482877,0.0010420500240682056,0.0009073490593653687,0.00011344862821290642,0.0001778253500227088,0.00025138023769905683,0.001454052747737115,0.00036683129723999284,0.03839514979224715,0.07611588802765497,0.00028578815010587823,0.00017414831214747443,0.00019907244220438445,0.00017349128668151266,0.0005847839728233933,6.145273233737234e-05,0.00013326774652158677,0.0026406403826242904,0.00010371718005537385,0.00024303904235662227,0.00016340154618999292,0.00024251212967819487,0.0018315994434968566,0.0018664364737856329,0.00020085875536090376,0.003225859611848241,0.00012920180261624388,0.0006332497398727014,0.04264389455824344,0.0012452750280937533,0.0001586982614603726,0.00029543183046919463,0.0007457744915595022,0.00028851875728344036,0.00015031602007687593,0.0002907802452128656,0.0001208229378918862,0.00014529690472443277,0.00040132703230290735,8.752893511442257e-05
GiechSchönburgKarolineWilhelminevon,8.068001640747518e-05,0.0001007515648457361,5.951746119083925e-05,0.0008236770381336308,7.106952490160845e-05,1.9951520989597745e-05,7.863091199742177e-05,5.415019150399248e-05,8.261156328119949e-05,0.00017381093317701742,9.71786588063614e-05,6.774964066946865e-05,0.00010949307204430789,7.724296347090382e-05,0.12462522947022855,7.103124799410567e-05,0.015677254678500202,9.144193077458575e-05,0.00015426282884172242,9.978472752414388e-05,0.00018114152015583096,6.568989605151199e-05,8.528145542499024e-05,0.00017075282480425477,8.304912974588985e-05,0.0001252049732438891,6.682504654777799e-05,0.034131543110209925,0.00017468632523935236,0.0004623279639999648,5.262655882294777e-05,0.0002065110645693371,5.044946084730114e-05,0.00038268795863356537,0.000255121523385485,0.00011051360041980471,6.348868302765246e-05,0.00014697681221880285,0.015623390716708594,0.00016796074096193692,8.718369610188529e-05,0.00025301854513538603,5.9494684058887744e-05,7.606796616950809e-05,0.00013658893909156478,0.1407084649494456,8.18610763393177e-05,0.00012469970090227936,0.00012650256164695254,7.711702731253326e-05,0.00010438042361039756,0.4747492777262817,9.237268075647612e-05,7.833521214210996e-05,9.79139864869234e-05,3.7895918807423816e-05,1.2112544012066906e-05,0.00012980479283917104,0.046677842396362634,4.867336161196844e-05,0.00026590595953971535,0.0004597870404799384,0.0004003525061677389,5.0057298409607726e-05,7.846244376066426e-05,0.00011091730037638535,0.016162877008697358,0.00016185813791829372,0.0014199131435590592,0.08014875702674859,0.00012609921280786566,7.684001266490335e-05,8.783736570047475e-05,7.655011123259481e-05,0.0002580260889346421,2.711498419288636e-05,5.880215090382296e-05,0.0011651381396822133,4.576346064309856e-05,0.00010723688827333648,7.209818300203341e-05,0.00010700439691936132,0.0008081624375213302,0.0008235336909982535,8.862554632581548e-05,0.0014233562781803507,5.7008121565676064e-05,0.0002794107932017119,0.034337201682624864,0.000549456654216557,7.002293774852426e-05,0.00013035432451188251,0.00032906044663852965,0.00012730404728211002,6.632441477046221e-05,0.00012830189078111222,5.3311088481646304e-05,6.410981456852773e-05,0.00017707880061914634,3.862066993243193e-05
GleimJohannWilhelmLudwig,0.00016539667869985733,0.00020654401103659288,0.00012201274669919873,0.001688564932121356,0.00014569485603641678,4.090127213192055e-05,0.00016119594748011668,0.00011100966787720891,0.00016935641311604285,0.0003563181113401208,0.0001992194365194702,0.00013888898451935207,0.00022446438738074926,0.00015835060749737519,0.0009324038713914996,0.00014561638712114183,0.0003197107720927822,0.00018745895597782085,0.00031624385657538686,0.00020456196282992443,0.0003713460549772746,0.0001346664405245745,0.00017482977954224148,0.0003500488889170041,0.00017025343871411304,0.00025667429994876735,0.00013699353625740948,0.32452418470064875,0.0003581126937673129,0.0009477874834514348,0.00010788617092933268,0.0004233544527561038,0.00010342304870390422,0.0007845228614821607,0.0005230074870051416,0.00022655650400816362,0.00013015388165970668,0.0003013072836290384,0.00020928788450989242,0.0003443250255028151,0.00017872943529413424,0.0005186963126470737,0.00012196605283195828,0.00015594182450766152,0.00028001180315561736,0.0020843885948843817,0.00016781789028074806,0.0002556384750833003,0.00025933439871600385,0.00015809243424394514,0.00021398329047494298,0.1777722015226716,0.0001893670239549904,0.00016058975308231698,0.00020072688237206862,7.768787595891747e-05,2.4831112330017985e-05,0.00026610408092248147,0.000233581352855286,9.978198704271488e-05,0.0005451159346850691,0.000942578506932142,0.0008207357630528817,0.0001026191028497321,0.0001608505820715949,0.00022738410215430787,0.0013152524699456467,0.00033181448919176033,0.002910868495623941,0.005211703093046295,0.000258507520372233,0.031976699836970275,0.00018006947940155896,0.00015693023769393705,0.0005289619416060222,5.5586606550157e-05,0.00012054633715963183,0.0023885713849720225,9.381659465650332e-05,0.00021983913668210646,0.00014780363886646378,0.00021936252178431423,0.0016567594922256904,0.00168827106579425,0.00018168527552371808,0.002917927034479484,0.06375521910187143,0.0005728012864431449,0.35676496680837544,0.0011264041548773706,0.00014354931806062106,0.0002672306388677329,0.0006745847037341678,0.0002609774705444872,0.00013596722470088428,0.0002630230824313721,0.00010928947917171667,0.0001314272216820691,0.000363017346732312,7.917363952588198e-05
GoldschmidtCaroline,0.00017460159472348414,0.00021803892309722148,0.005374442961237842,0.0017825396027302143,0.00015380329524711765,4.3177574039512366e-05,0.00017016707780490427,0.00011718775245939525,0.00017878170250546738,0.00037614848712738235,0.0002103067098423145,0.000146618652667208,0.000236956632402695,0.00016716338448758748,0.016564557059390864,0.00015372045925638963,0.00033750381867688807,0.0023998824575104274,0.0003338439569259318,0.00021594656682729206,0.0003920127895129414,0.00014216110901473758,0.01067583921995248,0.0003695303600805945,0.00017972865078255497,0.0002709591416700397,0.00014461771593829337,0.4179095925118946,0.01347335143886257,0.004192679681107805,0.00011389042174816133,0.00044691564042009644,0.0001091789108270759,0.0008281843613098773,0.0005521147220201008,0.00023916518279418705,0.00013739741012862327,0.000318076110336529,0.0002209355029313724,0.00036348794321979167,0.00018867636685143745,0.0005475636154080047,0.0001287538993768622,0.0001646205441194926,0.002294519908780006,0.0033013876368268393,0.0001771575553782543,0.0002698656694504858,0.00027376728443646316,0.00016689084297032012,0.0002258922250119875,0.08966778158065408,0.00019990597532240572,0.00016952714652333157,0.00021189805044172658,8.201148378391784e-05,2.6213052436480693e-05,0.00028091372364137104,0.0002465809895748346,0.00010533521107731336,0.0005754535837924163,0.002096031738540626,0.0008664126402179828,0.00010833022251414722,0.0001698024915776339,0.00024003883973363021,0.010631939634706874,0.00035028115087107624,0.016564094678880592,0.03884890527701777,0.0022718188358390114,0.00016629134880321848,0.00019009098920054005,0.00016566396603053714,0.0005584005632908859,5.868019977920302e-05,0.00012725517145565675,0.15300644012713255,9.903782329437016e-05,0.00023207396997968198,0.00015602943937495633,0.00023157082976019475,0.006662874362204421,0.14228767829806668,0.00019179671014907837,0.009464608974547043,0.0001233726687323164,0.0006046797242774538,0.025668299720245345,0.0011890925700004215,0.00015153835041836725,0.00028210297856072914,0.0007121277523461925,0.0002755017990818207,0.00014353428647730868,0.0002776612565778421,0.00011537182910733501,0.00013874161607203985,0.0047483233903628155,8.357993540104378e-05
GriesbachJohannJakob,0.01864636200855292,2.4182240444308405e-05,1.428529233620712e-05,0.0001976977351676955,1.7058001452035932e-05,4.788734334189722e-06,1.8872874314044755e-05,1.2997048264807276e-05,1.9828304302816107e-05,4.171784115087257e-05,2.33246768614363e-05,1.6261167786258183e-05,2.62803639746494e-05,1.8539740977168346e-05,0.00010916615057503916,1.7048814285741157e-05,3.7431841884843626e-05,2.194775594869006e-05,3.702593428083712e-05,2.395018159125661e-05,0.01867047462896491,1.576679095269175e-05,2.0469127836230937e-05,4.0983838536738205e-05,1.993332835356619e-05,3.0051511085140857e-05,1.6039248083091766e-05,0.3024987596288889,4.192795144907821e-05,0.00011096726891232856,1.263134821937132e-05,4.9566477954681156e-05,1.2108804407783742e-05,9.185219351171274e-05,6.123388783561055e-05,2.652530967444364e-05,1.5238459083170749e-05,3.527715542934789e-05,2.450349404903448e-05,4.0313686733945065e-05,2.0925700808591734e-05,6.072913413008836e-05,1.427982540294086e-05,1.8257719875984752e-05,3.278387360238605e-05,0.00024404089921512218,1.9648173545475647e-05,2.99302363707146e-05,3.0362956319849328e-05,1.8509513968118782e-05,2.5053233716917546e-05,0.10277241573469537,0.003747570615422678,1.8801900875454044e-05,2.350116911546662e-05,9.09572195590464e-06,2.9072347624630073e-06,3.1155552929293486e-05,2.7347781277727928e-05,1.1682507716238258e-05,6.382235212931355e-05,0.00011035740023578789,9.6092011885406e-05,1.2014678163927894e-05,1.883243881892628e-05,2.662220513638845e-05,0.00015399018985624906,3.884894904611358e-05,0.00034080543662178285,0.0006101879046885693,3.0266145132602088e-05,1.844302532522933e-05,0.24217204763988945,1.837344361548648e-05,6.193103733004784e-05,6.508098096540376e-06,1.411360462714374e-05,0.0002796547198822182,1.0984077622312868e-05,2.5738838108329448e-05,1.7304898436291705e-05,2.568303588002999e-05,0.00019397394385012632,0.05235325580070791,2.1271771550551394e-05,0.0003416318526622848,1.3683004379042008e-05,6.706376217862469e-05,0.25411792848369164,0.0001318797672903075,1.6806801163280548e-05,3.128745070241113e-05,7.898059800369645e-05,3.055532770754651e-05,1.5919087189991512e-05,3.0794828617091775e-05,1.2795648007898218e-05,1.5387542149939858e-05,4.250218982423249e-05,9.269675640833144e-06
GöschenGeorgJoachim,4.542627371249519e-05,5.6727407423042726e-05,3.3510856877780376e-05,0.0004637651335614864,4.001515907597581e-05,1.1233553162367568e-05,4.427254095509898e-05,3.0488856229539442e-05,4.65138165871913e-05,9.786293280911952e-05,5.471570967035579e-05,3.814592334030972e-05,6.164924701038912e-05,4.349106702299135e-05,0.017734387345352084,3.9993607552382815e-05,8.780871028417105e-05,5.148568829220645e-05,8.685652034620323e-05,5.618303697343489e-05,0.00010199036442602712,3.6986199694238814e-05,4.80170791881077e-05,9.614108799339736e-05,4.676018507938452e-05,7.049571427969584e-05,3.762533760526525e-05,0.2464354360133927,9.835581569635808e-05,0.0002603102673099749,2.9630986359299463e-05,0.0001162744947448511,2.8405187791768684e-05,0.05265037614642072,0.00014364424633637055,6.222384780226988e-05,3.574682333099742e-05,8.275418373145922e-05,5.748101353176481e-05,9.456902627976569e-05,4.908812143008313e-05,0.00014246018032034567,3.349803238571299e-05,4.2829493669373385e-05,7.690537024603123e-05,0.035529082672508816,4.609126058438393e-05,7.021122450501118e-05,7.122631162694995e-05,4.342015962045008e-05,5.8770608934987694e-05,0.02260776344420373,0.008791160837115113,4.410604938553487e-05,5.5129730365603066e-05,2.1337010786391344e-05,6.819876397494336e-06,7.30856079518545e-05,6.415322576213434e-05,2.740516853548477e-05,0.00014971634163817078,0.0002588796195183298,0.00022541545399306718,2.818438369395532e-05,4.4177686187145584e-05,6.245114801292843e-05,0.0003612346944959412,9.113300174031659e-05,0.000799471368244629,0.001431396646377658,7.099920911034359e-05,4.326418861590723e-05,4.945616515919064e-05,4.310096180460887e-05,0.15744999938741633,1.5266887000061554e-05,3.310810682474055e-05,0.0006560222270996934,2.5766770778839168e-05,6.037891978328236e-05,4.0594337248058464e-05,6.024801728286485e-05,0.0004550297548972711,0.000463684423039879,4.989994430569929e-05,0.0008014099991807683,3.209799215952641e-05,0.22737524866021386,0.20285547503348408,0.0003093674180919052,3.942588608624477e-05,7.339501760854323e-05,0.017663577192630803,7.167758205871851e-05,3.734346066524753e-05,7.223941030226989e-05,3.0016405612108142e-05,3.609654675252922e-05,9.970288088414925e-05,2.1745076431938323e-05
HaugFriedrich,4.016159942709063e-05,5.015298916835739e-05,2.9627118854210222e-05,0.0004100171112477658,3.537760547985692e-05,9.931641435203957e-06,3.914157843347534e-05,2.695535272452047e-05,4.1123101609060656e-05,8.652111619622115e-05,4.8374436962575926e-05,3.3725004667257696e-05,5.450441255832018e-05,3.845067335896584e-05,0.0002264061834944588,3.535855166833227e-05,7.763212697043874e-05,4.551875864849729e-05,7.679029100763886e-05,4.967170848758957e-05,9.017019946266034e-05,3.2699687098521844e-05,4.245214371350084e-05,8.499882444492516e-05,4.13409172449533e-05,6.232561922526801e-05,3.3264752173499625e-05,0.047895607601902264,8.695687646145945e-05,0.00023014163011980508,2.619690561289504e-05,0.00010279887166368156,2.51131708703306e-05,0.00019049773642322007,0.00012699660812770557,5.501242003830981e-05,3.160394815777281e-05,7.316339436013513e-05,5.081925615859877e-05,8.360895669532423e-05,4.339905760223301e-05,0.00012594976934599542,2.9615780655604583e-05,3.786577299518512e-05,6.799242863637356e-05,0.0005061309601630778,0.4636204231422552,6.207410036980783e-05,6.297154405257437e-05,3.838798376405649e-05,5.19593940077882e-05,0.2285984916755424,4.598207545982095e-05,3.8994382390781176e-05,4.8740474763129056e-05,1.8864159662271608e-05,6.0294873788667775e-06,6.461535738161126e-05,5.671819289694117e-05,2.4229048764158284e-05,0.00013236497843994936,0.0002288767871372408,0.00019929094834505792,2.4917956845417056e-05,3.905771685111433e-05,5.521337730960038e-05,0.0003193694290518676,8.057114993951608e-05,0.0007068166992538735,0.024444488730066667,6.277076156359994e-05,3.8250089006358864e-05,4.372444693338571e-05,3.810577935303761e-05,0.00012844246799845503,1.349753237687368e-05,2.9271045485705512e-05,0.0005799925846173607,2.278053298183592e-05,5.338130980154805e-05,3.5889659844943436e-05,5.326557823573558e-05,0.0004022941185810865,0.00040994575466547464,4.4116794331919396e-05,0.16296141642131026,2.8377997977197212e-05,0.00013908753185544852,0.0016400147501602564,0.00027351330641462595,3.4856626235189694e-05,6.488890803138399e-05,0.061974425717585865,6.3370514534474e-05,3.301554333844581e-05,6.386722973958073e-05,2.6537656732847297e-05,3.1913140411901464e-05,8.814782363922377e-05,1.9224932573123573e-05
HeimJohanna,3.1389514177113024e-05,3.919858738152833e-05,2.3155971887761382e-05,0.04418602239726357,0.0012821384469162344,0.024395788514485074,3.0592285882005766e-05,2.10677721645886e-05,3.214100532295406e-05,6.762319833380371e-05,3.780850604825218e-05,2.635879863420011e-05,4.259957409864904e-05,3.005228809952885e-05,0.004355354027271937,2.7635546758793543e-05,6.0675739634370275e-05,3.557656418827285e-05,6.0017777245768646e-05,3.882242789167639e-05,7.047524985962254e-05,2.555743064042027e-05,3.3179758424783095e-05,0.00708992545192323,3.231124572892348e-05,4.8712475005396484e-05,2.5999074360666184e-05,0.26513986647794596,6.796377996448183e-05,0.00614433007810384,2.0474984857743997e-05,8.034557103076285e-05,1.962795915281129e-05,0.00014888927441796814,0.026338490382976698,4.299662272775463e-05,2.4701022690893844e-05,5.718306634381815e-05,3.9719328523172625e-05,0.018794659236704224,0.0006930556892531168,9.84398561533244e-05,2.3147110175305914e-05,2.9595141508680947e-05,5.314154149892137e-05,0.0042228296775695,3.184901950600827e-05,0.0030876048040709347,4.9217317113612076e-05,3.00032911483059e-05,4.061043778404669e-05,0.3196388173538251,3.5938683471991636e-05,0.02392924605057655,3.8094593975369735e-05,1.4743855215058446e-05,0.024317423818388285,5.050208919770208e-05,4.4329821158413404e-05,1.893694674837814e-05,0.00010345385708148415,0.00017888558367051426,0.005220910060870806,0.0007904034098564054,3.052674132287498e-05,4.315368696837634e-05,0.0012626424852735557,6.297282203324717e-05,0.00594893017757302,0.03180569537643062,4.906038947940217e-05,2.9895515324796755e-05,3.417416553326154e-05,2.9782725745361675e-05,0.009239732229369163,1.054940515178109e-05,2.2877671964247088e-05,0.0004533107674289137,1.7804815375783708e-05,4.172177913009822e-05,2.805065043686249e-05,4.163132562033687e-05,0.0733986877662713,0.0003204055182433603,0.0006936166581281941,0.08824667551775707,2.2179683641345596e-05,0.00010870807227092876,0.005571994792965876,0.00021377260696295194,2.7243251737573478e-05,5.071589099149734e-05,0.00012802485689542156,4.9529144575079914e-05,2.5804297649265917e-05,4.991736738480617e-05,2.074130921392473e-05,2.4942681259847105e-05,6.88946007946754e-05,1.502582820820242e-05
HeineJohannGeorg,5.441261101111874e-05,6.794936281401909e-05,4.014005708415346e-05,0.0005555082940043023,4.7931056355833166e-05,1.3455802304306029e-05,5.3030643999333724e-05,3.6520236827955504e-05,0.05692454146040143,0.00011722241910159482,6.553970605939106e-05,4.569204380515361e-05,7.384485282538093e-05,5.209457697010245e-05,0.0003067445462514636,4.7905241456786304e-05,0.00010517924552474102,6.167071390037772e-05,0.00010403869102909259,6.72973036619097e-05,0.00012216634940208986,4.430290077234757e-05,5.7515936004099695e-05,0.00011515995470549732,5.60104000085001e-05,8.444135002860575e-05,4.5068474518397e-05,0.3408177859022147,0.00011781280529499227,0.0003118054852349012,3.549266102803497e-05,0.0001392762015460157,3.402437197013911e-05,0.0002580942835534425,0.00017206030477768034,7.453312256049435e-05,4.281834792576709e-05,0.34968609775336723,6.88520491384362e-05,0.00011327690387348983,5.879885445913148e-05,0.00017064200390736866,4.012469561949329e-05,5.130212954697531e-05,9.211897991783378e-05,0.07629000455100453,5.520914722310458e-05,8.410058178632091e-05,8.53164759417171e-05,5.200964249062686e-05,7.039675547911921e-05,0.05577082976068953,6.229843485245864e-05,5.2831216657600636e-05,6.603562934783032e-05,2.555795078874378e-05,8.169001135981265e-06,8.75435828429289e-05,7.684417481822452e-05,3.28265264426765e-05,0.00017933359692069,0.04760812084934115,0.00027000769404173473,3.375988786210903e-05,5.291702482766527e-05,7.480538785840514e-05,0.0004326950310679205,0.0001091611565006589,0.0009576247624919356,0.012054345630508296,8.504444744618263e-05,5.182281691798763e-05,5.923970550480068e-05,5.162730017703775e-05,0.0001740192160721994,1.82870201712485e-05,3.965763402410979e-05,0.0007857981590949803,3.0864016808316486e-05,7.232322633884875e-05,4.8624808979768856e-05,7.216642838353589e-05,0.0005450448612275119,0.000555411617128613,5.977127413459079e-05,0.0009599468981724866,3.844769598906897e-05,0.00018844159284757232,0.04875100001847053,0.0003705672423560171,4.722521193256992e-05,8.791420067962492e-05,0.00022192655479465632,8.585701780125968e-05,4.473083598816531e-05,8.652998829108903e-05,3.5954324866279875e-05,4.323725449551404e-05,0.00011942635023450897,2.6046740984890577e-05
HenckelvonDonnersmarckLuiseAntoinetteBenedictineFriederikeSophieKaroline,1.9437108293551847e-05,2.4272665820503492e-05,1.4338709757828303e-05,0.0039377669523047104,1.7121786947924496e-05,4.806640991956387e-06,1.8943446218399952e-05,1.3045648516776386e-05,1.990244887515307e-05,4.18738379241576e-05,2.3411895524433285e-05,1.632197365814711e-05,2.637863492702142e-05,1.8609067186056256e-05,0.04498153387970686,1.7112565427783545e-05,3.7571811892664335e-05,2.2029825850065365e-05,3.716438646619314e-05,2.4039739222829984e-05,4.363989374946724e-05,1.5825748186475362e-05,2.0545668659205513e-05,4.113709063205741e-05,2.000786564548265e-05,3.0163883600886987e-05,0.17950393730762138,0.2849332525032899,4.208473389409623e-05,0.00011138221214555989,1.2678580998204128e-05,4.975182337071239e-05,1.2154083222886432e-05,9.21956591708095e-05,6.146286154696599e-05,2.66244965596095e-05,1.5295440709765792e-05,3.5409068353551e-05,2.45951206984585e-05,4.0464432910550294e-05,2.100394890856083e-05,6.095622040079028e-05,1.4333222381894685e-05,0.003757655951587783,3.29064633231547e-05,0.007723613368806765,1.972164454947496e-05,3.0042155400287678e-05,3.047649343209253e-05,1.857872714824616e-05,2.5146916024351918e-05,0.40230311251375017,2.2254058429553883e-05,1.887220738670395e-05,2.358904774123682e-05,9.129733861522844e-06,2.9181058725112506e-06,3.127205382178463e-05,2.7450043655601266e-05,1.1726192467350367e-05,6.406100496275301e-05,0.00011077006296880527,9.645133162437278e-05,1.2059605009946905e-05,1.890285952162313e-05,2.672175434565815e-05,0.00015456600998673583,3.8994218085199056e-05,0.007820739740747224,0.049223759079549054,3.037932023587235e-05,1.851198988238234e-05,2.1161428385409437e-05,1.844214798366757e-05,0.003801492577986257,6.532434022735863e-06,1.4166380051770644e-05,0.00028070044115474955,1.102515071284975e-05,2.58350841168054e-05,1.7369607161470548e-05,2.5779073225561816e-05,0.00019469927642983852,0.00019840245761078485,2.13513137232142e-05,0.007821569247029984,1.3734169647260367e-05,6.731453571377442e-05,0.0007937219821077358,0.0001323729092552636,1.686964733840339e-05,3.1404444804196974e-05,7.927593252007615e-05,3.0669584159883186e-05,1.597861390965806e-05,3.090998064235496e-05,1.2843495157852695e-05,1.5445081247313014e-05,4.2661119536010935e-05,9.304338016677071e-06
HenningsJohannWilhelmChristoph,7.380657238631637e-05,9.216814763974809e-05,5.444693746027116e-05,0.000753504791458172,6.501483598639526e-05,1.825177340939932e-05,7.193203914125725e-05,4.95369263286617e-05,7.557356327825042e-05,0.00015900330456395588,8.889963134579027e-05,6.197778558898219e-05,0.0001001649318813179,7.066233534157586e-05,0.00041607566952429816,6.497982003733967e-05,0.00014266765468713965,8.365163746091756e-05,0.00014112057917689782,9.128367894552408e-05,0.00016570937036039098,6.009351861666589e-05,7.801599693839144e-05,0.00015620572832352028,7.597385175596819e-05,0.00011453827518056516,6.113196123235499e-05,0.0880196675402299,0.00015980411857580262,0.0004229404487084377,4.8143097834679577e-05,0.00018891758473043444,4.615147529310585e-05,0.00035008528478240293,0.00023338672971952315,0.00010109851747998691,5.8079835481517944e-05,0.0001344552866145925,9.339257304972546e-05,0.0001536515129503364,7.975617834225196e-05,0.0002314629123561395,5.442610080067455e-05,6.958744062488175e-05,0.00012495239675357442,0.5262924264659135,7.48870132344176e-05,0.0001140760489526046,0.00011572531698673755,7.054712817377006e-05,9.548784982896191e-05,0.008334118608333534,8.450309323609993e-05,7.166153110534577e-05,8.957231360466538e-05,3.466741826724453e-05,1.1080629333216513e-05,0.00011874621827527824,0.00010423328426619879,4.4526688851370334e-05,0.00024325239786270736,0.000420615996333989,0.0003662449208894143,4.57927226969409e-05,7.177792336804968e-05,0.00010146782466898446,0.0005869179320431452,0.00014806881436719792,0.0012989452268215439,0.0023256690800360197,0.00011535633100217041,7.029371348011028e-05,8.035415928838075e-05,7.002850987702084e-05,0.0002360438440459749,2.4804953353984063e-05,5.3792567235422617e-05,0.00106587549526757,4.1864693650338026e-05,9.810096117055336e-05,6.595585870714364e-05,9.788827665819906e-05,0.0007393119399427074,0.0007533736566221285,8.107519174434732e-05,0.015501075822632462,5.2151378225986e-05,0.00025560670228184934,0.34378945957359275,0.0005026463073304501,6.405741165863398e-05,0.00011924893320998662,0.00030102650886483967,0.00011645852094704761,6.067398022098866e-05,0.00011737135428197612,4.876930975251247e-05,5.864805041347212e-05,0.00016199276968377244,3.5330425028420894e-05
HerderLuisevon,0.000150984109190057,0.00018854588713653646,0.00011138062756169772,0.0015414243749631714,0.00013299909179041432,3.733715928349809e-05,0.00014714942722337526,0.0001013363505704963,0.00015459879467320326,0.00032526876024275387,0.00018185957174400789,0.00012678627992294796,0.00020490469240361803,0.00014455202849678617,0.0008511547452707555,0.00013292746061036262,0.0002918513630524051,0.00017112389257447532,0.00028868655251844627,0.00018673655344732343,0.0003389871776913385,0.00012293168593364396,0.00015959521516136803,0.0003195458341821509,0.00015541765398712626,0.00023430785209461143,0.00012505599991010337,0.23815239564717305,0.0003269069638104895,0.2041904950605289,9.848503331346263e-05,0.00038646359421169897,9.441082493933012e-05,0.0007161599997728412,0.0004774329215431202,0.00020681450321599282,0.00011881234879981824,0.0002750515437722962,0.00019105066108576519,0.11650020487179474,0.00016315505719976752,0.0004734974203883653,0.00011133800257064375,0.00014235314544306982,0.00025561173896890917,0.32141393754511643,0.00015319433781480962,0.00023336228839999058,0.0002367361514164957,0.00014431635230913688,0.0001953369121307776,0.04609535209041684,0.00017286569262796856,0.00014659605624962142,0.0001832356596497381,7.091820004324499e-05,2.266734377507933e-05,0.00024291592748865992,0.00021322721085749444,9.108704325434023e-05,0.0004976148520677732,0.0008604427690419287,0.0007492173303542156,9.367693445505088e-05,0.00014683415675385546,0.00020756998494540326,0.001200642141642576,0.000302900369347108,0.002657217123317973,0.004757558344291822,0.00023598132676630216,0.00014379794872337452,0.00016437833065014958,0.00014325542888439776,0.0004828685084647781,5.074282227942272e-05,0.00011004200008876587,0.0021804326763495805,8.564147165954572e-05,0.0002006824833362731,0.0001349241165223058,0.0002002474003809469,0.0015123904424332484,0.0015411561159753375,0.00016585332724654232,0.0026636605852403353,0.00010668466411460212,0.0005228877185223158,0.03521196667044591,0.0010282499579133662,0.00013104051473460286,0.00024394431783574438,0.0006158017885677756,0.00023823604693017157,0.00012411912054026655,0.00024010340539781295,9.97660580992136e-05,0.00011997473071996135,0.000331384228194683,7.2274495044986e-05
HolzschuherJohannHeinrichChristoph,0.0001051643224888816,0.0001313270686905161,7.757947706382708e-05,0.0010736417953547454,9.263729444645812e-05,2.6006293515073525e-05,0.00010249336769006376,7.058337932654335e-05,0.00010768204406822321,0.00022655807277485566,0.00012666987773198203,8.830991089399081e-05,0.00014272139807967456,0.00010068421254929736,0.0005928512119571476,9.258740148381707e-05,0.00020328199455896132,0.00011919220056199122,0.00020107762247374732,0.00013006682115451296,0.00023611330401302524,8.562508685833947e-05,0.00011116217968200481,0.00022257190730985504,0.00010825240068008371,0.00016320145644160012,8.710472628057032e-05,0.02425797144991888,0.00022769912377170533,0.0006026325881760176,6.859736338655229e-05,0.0002691818514538605,6.575957227301975e-05,0.0004988238932810041,0.0003325443319652085,0.0001440516305209741,8.275586240083873e-05,0.00019158048754603225,0.00013307170828716962,0.0002189324979655814,0.00011364170138891818,0.00032980315400406936,7.754978765923125e-05,9.91526338433206e-05,0.00017804016259110033,0.12271501183854976,0.00010670380367742876,0.00016254284696376621,0.00016489282948977117,0.00010052005801188377,0.0001360571925847163,0.3760440643171977,0.00012040540918056267,0.00010210793054802267,0.00012762835841625787,4.939635369369045e-05,1.5788389013363594e-05,0.0001691972027595705,0.00014851824663081176,6.344447268487094e-05,0.02057821708648892,0.0005993205598401523,0.0005218491758258387,6.524839864041505e-05,0.00010227377368440542,0.283387195121352,0.000836278188842382,0.00021097791214519656,0.0018508201954407551,0.003313761975765086,0.00016436707467119222,0.00010015897655659047,0.00011449374286744311,9.9781097509525e-05,0.00033633035831600813,3.534368321815843e-05,7.664708853624588e-05,0.0015187275427262195,5.9651491751954466e-05,0.00013978052066975578,9.397812377472124e-05,0.00013947747418050082,0.001053418913224456,0.0010734549460574355,0.00011552111600336556,0.022086923752581082,7.430861752108733e-05,0.0003642047693041438,0.00429442657993439,0.0007162025908108041,9.127309506003525e-05,0.12155960662242354,0.0004289218132263975,0.00016593754536315682,8.645216565871922e-05,0.00016723820865247136,6.948963015825201e-05,8.35654913595479e-05,0.0002308176537818709,5.034104811033003e-05
IndustrieComptoir,0.00026755861072636416,0.00033412175553467936,0.000197377367274628,0.0027315547743223052,0.00023568740060265147,6.61650985653502e-05,0.00026076317917342307,0.00017957792591663898,0.00027396418699045927,0.0005764080608886309,0.0003222729506048088,0.00022467769023723085,0.0003631111586836811,0.0002561603345527764,0.0015083294684417894,0.00023556046314464918,0.0005171891641828467,0.00030324827695396567,0.0005115808103354077,0.00033091543924865973,0.0006007184385409389,0.0002178469726324124,0.00028281833284454587,0.0005662664760935237,0.00027541528579541884,0.00041521643386853283,0.0002216114647987542,0.06171702519042326,0.0005793111178594713,0.0015332152031679311,0.00017452511282177406,0.000684851292750542,0.00016730521704439512,0.001269105574254919,0.0008460578393869731,0.3092056234667365,0.00021054710427836887,0.00048741824106283965,0.00033856045998930246,0.0005570071067088036,0.00028912672115977264,0.0008390837463706495,0.00019730183162091058,0.0002522636986871998,0.00045296900535261934,0.003371870106734039,0.00027147535205363887,0.0004135408025067743,0.00041951961780276585,0.0002557426932944545,0.00034615611612146094,0.03021228495482705,0.0003063349170313603,0.00025978255167727056,0.0003247115129824632,0.00012567398768369582,4.0168750485408836e-05,0.00043047078550735476,0.0003778594754913837,0.00016141515076679652,0.0008818221944698967,0.0015247887551173185,0.001327686397707942,0.00016600469131720168,0.0002602044890617268,0.00036783431778621785,0.002127655321614266,0.0005367690841491012,0.05618203666048911,0.008430858769686798,0.00041818199468579537,0.0002548240314303272,0.00029129448137426434,0.00025386263320645585,0.0008556902311204003,8.992124473395395e-05,0.000195005188448266,0.003863939992069583,0.000151765065215872,0.00035562899120052544,0.0002390987327331768,0.00035485798164394184,0.0026801038057846123,0.002731079393154812,0.00029390831962700494,0.0047202671159013035,0.00018905566068797605,0.0009266081860151297,0.474184553284319,0.0018221595086700714,0.00023221661047205703,0.0004322931937993689,0.0010912610069752603,0.0004221775793725405,0.0002199512229100122,0.00042548672124190966,0.0001767952140517659,0.00021260695874487733,0.000587245268313553,0.00012807747509934256
JeanPaulANDRichterCaroline,0.0006947043718935378,0.014584005178047909,4.218097093927189e-05,0.06365782217902537,5.036810214283829e-05,1.4139960109488477e-05,5.572697738663278e-05,3.8377101584727496e-05,0.003253168731021,0.02043862091064883,6.887206041744718e-05,4.801524740885328e-05,7.759948085056126e-05,5.474331620064003e-05,0.0003223409165584151,0.01885280264388469,0.00011052706501120332,0.007092971676189896,0.00010932851923099328,7.07190227483513e-05,0.0001283778750758387,4.655547365281605e-05,0.014664487078593559,0.0025338212852975147,0.001153296961271824,0.0004535476625901976,0.0007225196614772922,0.27775074162553287,0.0001238029758154981,0.0003276591780581,3.729727888134976e-05,0.00014635767452019703,3.5754334935064076e-05,0.004624525255680993,0.00018080867947980044,0.005381518627507006,4.4995438988487046e-05,0.00010416480341910772,7.235281897404772e-05,0.0001190364473164809,6.178847145143288e-05,0.0019491835846865045,4.216482842375286e-05,5.391057693333532e-05,9.680275259009295e-05,0.017854098033303886,5.801624620805819e-05,8.837666047328878e-05,8.965437654445613e-05,5.465406324310208e-05,7.397606562587629e-05,0.20195483727526142,6.546598736928778e-05,5.551741019821289e-05,6.939319883471222e-05,2.6857440118413272e-05,8.58435250346809e-06,9.199472028840543e-05,8.07513028211284e-05,3.449558517101395e-05,0.00018845178083050186,0.00032585838516450727,0.00446443253964473,3.547640318097297e-05,5.5607581268977936e-05,7.860885411152111e-05,0.05107717251152821,0.032998524122636215,0.011085491560721401,0.04768725954503724,8.936851680985888e-05,5.445773855841899e-05,0.0006133478414633407,0.003337568448986043,0.001558657069494286,1.921682036455877e-05,4.167401916704407e-05,0.10961605396552893,3.243329209351703e-05,7.600048754384325e-05,5.109712849195197e-05,7.583571722519316e-05,0.010785750783893072,0.0005836514191377393,6.281033362729706e-05,0.022395502231930525,4.040256205408135e-05,0.0015483422483860204,0.03185015586835612,0.002450707225265508,4.962636918907356e-05,9.238418212116955e-05,0.00023321036985126027,9.022240215590518e-05,4.700516715635181e-05,0.0048723683019723405,3.778241593294625e-05,4.543564478609518e-05,0.0001254985611521177,2.7371082762613917e-05
JeanPaulANDRichterEmma,1.6222133144020353e-05,2.0257870191068782e-05,1.1967030038214055e-05,0.00016561472314026554,1.4289775173240338e-05,4.0116034221453625e-06,1.5810124742856896e-05,1.0887846278010637e-05,1.661050453949975e-05,3.494773830540223e-05,1.953947473129244e-05,1.362225418806221e-05,2.2015503617151042e-05,1.553105333463473e-05,0.02193725953318326,1.42820789292694e-05,3.135728451886461e-05,1.8386004887254626e-05,3.1017248881121744e-05,2.0063470580634092e-05,3.6421681461208496e-05,1.3208106386375888e-05,1.7147333208671098e-05,3.4332851950629465e-05,1.669848495603457e-05,2.517465707986259e-05,1.3436348314289298e-05,0.3033415849897479,3.5123751241699805e-05,9.295915050801092e-05,1.058149318941362e-05,4.152267357306561e-05,1.0143749435741742e-05,7.694612983484549e-05,5.129665937798679e-05,2.2220698756192015e-05,1.276551387906831e-05,2.9552267377528552e-05,2.0526989747544176e-05,3.3771454496139704e-05,0.06243412755450128,5.087381869585569e-05,1.1962450296121664e-05,0.05619023276768734,2.746360318958183e-05,0.00020443717235369799,1.645960596961638e-05,2.5073063208609674e-05,2.543555999954372e-05,1.550573165995366e-05,2.0987515928172628e-05,0.023677586209256453,1.857314850474924e-05,1.5750669097740148e-05,1.968732526565915e-05,7.6196395078082305e-06,2.435439535413263e-06,2.6099531531254292e-05,2.290969707351274e-05,9.78663351589557e-06,5.346505952175401e-05,9.244825324390452e-05,8.049789710991623e-05,1.006489829562526e-05,1.5776251247425062e-05,2.230186971695151e-05,0.00012900017614125354,3.254441906026304e-05,0.0002854984554220466,0.5154480960618875,2.5354459637118068e-05,1.545003300374615e-05,1.7661243822963416e-05,1.5391743233330134e-05,5.188067325356645e-05,5.451943410044415e-06,1.1823204352102887e-05,0.012717591018356764,9.201546860551912e-06,2.156185827646064e-05,1.4496604936145825e-05,2.1515111809777108e-05,0.0001624952404230345,0.00016558590068311391,1.7819721369388777e-05,0.000286190758060872,1.1462483270432393e-05,5.6180443324433276e-05,0.0006624372040649137,0.00011047790268846668,1.4079340459662619e-05,2.6210024517727656e-05,6.616337744455949e-05,2.5596712751680986e-05,1.3335687509924467e-05,2.5797346698208154e-05,1.0719129890035427e-05,1.2890403275534713e-05,3.5604800402111384e-05,7.76536344007395e-06
JungFranzWilhelm,2.555218309666364e-05,0.0049476630961517365,1.884978627317174e-05,0.0002608669089085373,2.2508442533119512e-05,6.3188499467867565e-06,2.490321085544065e-05,1.7149917286100313e-05,2.616392366855349e-05,5.504769317733587e-05,3.077747121873767e-05,2.145700137660157e-05,3.467757134012081e-05,2.446363341783561e-05,0.0001440473571121,2.2496319846580315e-05,4.939221422526374e-05,2.8960591010095173e-05,4.885660939463768e-05,3.16028397301042e-05,0.019720385561521628,2.0804659273142107e-05,2.7009505709116434e-05,5.4079159102235796e-05,2.630250542548149e-05,3.96536905097147e-05,2.1164172999271815e-05,0.3303338206040866,5.532493876123831e-05,0.00014642397600876376,1.6667367294520144e-05,6.540415791082709e-05,1.5977858187182575e-05,0.00012120117500357005,8.079958542053141e-05,3.500078307292877e-05,2.0107512684371606e-05,4.654905370632568e-05,3.2332948804943434e-05,5.319487770596265e-05,2.761196470992349e-05,8.013355078534444e-05,1.8842572523448362e-05,2.409149980259545e-05,4.325910846398055e-05,0.08880559071218268,2.5926236808727296e-05,3.949366561183559e-05,4.006464997570848e-05,2.442374815354757e-05,3.305834349772235e-05,0.33224083242395097,2.9255369011060908e-05,2.480955969892101e-05,3.101035698607403e-05,1.200202353818405e-05,3.8361660810725135e-06,4.111050023464897e-05,3.6086054103635464e-05,1.5415349465941656e-05,8.421512621337686e-05,0.005061373288837727,0.00012679571715925434,1.58536563481427e-05,0.1966550118229509,3.5128638961734807e-05,0.005118947802504722,5.1262121153833613e-05,0.00044970095745070686,0.0008051575927992443,3.9936905289389586e-05,2.433601479265003e-05,2.7818988530835023e-05,2.424420005576499e-05,8.171949091922992e-05,8.587591718630072e-06,1.8623240218291745e-05,0.0003690111182886117,1.4493754185467306e-05,3.396301495574405e-05,2.2834229032631048e-05,3.3889382575512984e-05,0.0002559532768448683,0.00026082150941046287,2.8068613364204326e-05,0.0053665454824535965,1.8055052850832694e-05,8.849224461006264e-05,0.005959187522338963,0.0001740185197944611,2.217697771998463e-05,4.1284542513565e-05,0.00010421679564257729,4.031848864122704e-05,2.1005617815378768e-05,4.0634515842554636e-05,1.688416481084466e-05,2.030423137093458e-05,5.608266008655388e-05,1.2231559602631407e-05
KalbCharlottevon,0.014941954883303436,7.71378493067173e-05,0.0007655139812502059,0.0031377420564504288,5.441255736875312e-05,1.527536988524036e-05,0.0002979581031265626,0.0025806313830553625,6.324942276712634e-05,0.0010082267513039935,0.000193280527430328,0.001496986167505903,8.383055989666652e-05,5.913909213564945e-05,0.005552680316591421,5.438325163710122e-05,0.00011940216148440146,7.001016696073468e-05,0.00023698555685323385,0.00027324907352573133,0.00013868635495998977,5.0293782636070935e-05,6.52935571502325e-05,0.00013073251704441729,0.0018634493465916012,0.0004781269856048613,5.116288147394488e-05,0.39020514536150286,0.004035849818724502,0.0003539695375641602,4.029217382609657e-05,0.0016229625261319693,3.8625334647682595e-05,0.0006486174632565247,0.00019532724534791732,8.461190125015158e-05,0.0007459652308865677,0.00011252902334444997,0.006266334020424788,0.0002474730116393068,6.674995889351172e-05,0.00790029730079006,4.5550577606531956e-05,5.823948561430521e-05,0.0001045758149438352,0.03529882770163169,6.267483170525872e-05,9.547312492387394e-05,0.0002937048973684943,0.0010910417319422421,0.0016682400928972614,0.17214445001062112,0.00042634502321443424,5.997534429246673e-05,7.496533027762593e-05,2.9014037437358627e-05,9.273658390858631e-06,0.0004816487193994898,8.723546670262934e-05,3.72655098610538e-05,0.0023712571634661437,0.002096874192482678,0.00030651961920014417,3.832508554416876e-05,0.0008413311409492576,8.492098375883052e-05,0.0030018671816440003,0.0003207739867543183,0.022941400480841624,0.020656780569695738,0.002530492273866807,5.88305831948814e-05,0.00133309522176039,5.860862760507533e-05,0.1922419850696753,2.0759891598978047e-05,4.502035737385283e-05,0.00873439491723662,3.5037618882111306e-05,8.210317070921395e-05,5.5200123037437355e-05,8.192516967215302e-05,0.022669122530308967,0.005894880961573367,0.0035105521948474764,0.0047859238358310685,4.3646804864274494e-05,0.0008492532616836192,0.03257109506858134,0.008809141907002101,5.361126478114354e-05,0.0003736270654309478,0.001436783664396317,9.746707587537987e-05,5.077958560498375e-05,9.823104913550314e-05,0.00044018167089120586,4.9084033809703856e-05,0.0018064997475398979,2.9568924531681663e-05
KeßlerGeorgWilhelm,2.8338261578716724e-05,3.538824514665043e-05,2.0905069914820373e-05,0.0002893104935071729,2.496264721570262e-05,7.007824810557343e-06,0.20174209326852688,1.901985596566595e-05,2.9016703192842132e-05,6.104981021241852e-05,3.4133288213714105e-05,2.379656232912694e-05,3.845863517153905e-05,2.713102204762224e-05,0.0001597535392621113,2.494920273384035e-05,5.477768695428202e-05,3.211830474185461e-05,5.418368253064093e-05,3.504865065791147e-05,6.36246249011263e-05,2.3073092201478312e-05,2.995448314538429e-05,0.0055117182327031715,2.9170395191017304e-05,4.39773247543963e-05,2.347180545324477e-05,0.23005815557014714,6.135728522731059e-05,0.00016238929244655732,1.848469120755211e-05,7.253549053719476e-05,1.7720001577287576e-05,0.00013441632708664542,8.960955619474468e-05,3.881708824754328e-05,2.2299932338129173e-05,5.162452285119343e-05,3.585836706709337e-05,5.899497328180328e-05,3.062263117370488e-05,8.887090057220894e-05,2.0897069614969242e-05,2.671831289901388e-05,4.797585891885788e-05,0.0003571289925399111,2.875310018162005e-05,4.379985156558693e-05,4.443309312461833e-05,2.7086787899477067e-05,3.666285506226848e-05,0.11223476180828576,3.244522381829583e-05,2.751466634929565e-05,3.439156664604107e-05,1.3310662388897175e-05,4.254441878941762e-06,4.559297751093106e-05,4.002069164360636e-05,1.709615980132143e-05,9.33975099697421e-05,0.00016149681177329674,0.00014062086931386668,1.758225740920789e-05,2.7559355518289692e-05,3.89588848841617e-05,0.00022534895397149926,5.685147890658634e-05,0.0004987340344356505,0.0008929478311312689,4.4291419815433705e-05,2.698948854462784e-05,3.085222780612658e-05,2.688766280156759e-05,9.062976345262172e-05,9.523938503929075e-06,2.0653822444554165e-05,0.0004092461906663018,1.6074078516564085e-05,3.7666167238110135e-05,2.532395579771485e-05,3.758450636225627e-05,0.00028386110430253774,0.00028926014388158086,0.25626302941557344,0.11498653718134084,2.0023682852024428e-05,0.011001626104403672,0.06112637225252007,0.0001929926032081551,2.4595041185986e-05,4.578599646383307e-05,0.00011558005844912084,4.471460905126322e-05,2.3295962228467264e-05,4.506509423146612e-05,1.872512720881192e-05,2.251810021741191e-05,6.219762458459112e-05,1.356522588397904e-05
LangermannJohannGottfried,0.004949181502195349,8.452271426751855e-05,4.9930513475040364e-05,0.0006910008698076433,5.962179501216118e-05,1.673777186873676e-05,6.596520974665282e-05,4.5427792322940436e-05,0.12216427830283967,0.0001458138329065718,8.152532443309613e-05,5.683667076338118e-05,9.185615783580081e-05,6.48008290553502e-05,0.0003815618066485082,5.958968366857209e-05,0.00013083324034536347,7.671265651074021e-05,0.0001294144961842727,8.371161307220472e-05,0.00015196362432243858,5.510870548488478e-05,7.154449759903284e-05,0.00014324831821123298,6.96717502544577e-05,0.00010503721897093105,5.6061008322001295e-05,0.4452763696144404,0.00014654821865303717,0.0003878571460292946,4.414958319590826e-05,0.00017324669577490793,4.2323167592242704e-05,0.00032104538555535603,0.0002140270839229351,9.271230164275891e-05,5.32620592343527e-05,0.00012330209582493001,8.564557245355825e-05,0.00014090597737338563,7.314032934067806e-05,0.00021226284899501042,4.991140523569224e-05,6.381509785283202e-05,0.00011458747949589203,0.21242672664970969,6.867506599677887e-05,0.02939359685569198,0.00010612579455779073,6.469517842901798e-05,8.756704407968861e-05,0.074360427687127,7.749348323928054e-05,6.571714060333249e-05,8.214220707439607e-05,3.1791723753068064e-05,1.0161480847987058e-05,0.00010889610928126456,9.558703661521298e-05,4.0833158693535885e-05,0.00022307438573900096,0.005267222762611982,0.00033586456485229315,4.199417385682664e-05,6.582387801984135e-05,9.305097445773821e-05,0.0005382325449618988,0.00013578636881806733,0.017470526333162498,0.010272417580908343,0.0001057874163030363,6.446278471934814e-05,7.36887072124415e-05,6.421958000122515e-05,0.00021646378815039376,2.274735945603139e-05,4.9330423867552226e-05,0.000977460133878165,3.839197846457219e-05,8.99633954107128e-05,6.048475902502106e-05,8.976835327601445e-05,0.0006779853284953474,0.0006908806127279335,7.434992935711858e-05,0.006075582290127245,4.782537300935552e-05,0.00023440388914265566,0.05973005889130763,0.00046095132971722024,5.8743789920809674e-05,0.00010935712354565502,0.0002760560806232237,0.00010679817856923172,5.564101726050174e-05,0.00010763529153198321,4.472385025407659e-05,5.378314021043805e-05,0.00014855531912068772,3.239973348818153e-05
LentzTherese,1.3178639527868049e-05,1.6457217215532916e-05,9.721851848499053e-06,0.00013454314037471374,1.1608818289833184e-05,3.2589718602268465e-06,1.2843929526835416e-05,8.845137692981688e-06,1.349414714813713e-05,2.8391065549288172e-05,1.5873602550383946e-05,1.1066533353391729e-05,1.7885094618512314e-05,1.2617215724227405e-05,7.429299434576743e-05,1.1602565966287875e-05,2.5474229904175132e-05,1.4936539394393033e-05,2.51979895936896e-05,1.6299289625644957e-05,2.9588476849176256e-05,1.0730085332577966e-05,1.3930259431054874e-05,2.7891540268105164e-05,1.3565621237563616e-05,2.045154776796375e-05,1.0915505959225037e-05,0.36812590370590575,2.8534056056092292e-05,7.551874494467969e-05,8.596260625642533e-06,3.373245321035185e-05,8.24064357552949e-06,6.250998553366884e-05,4.167270585961797e-05,1.8051792348476927e-05,1.0370529221198623e-05,2.4007858617729425e-05,1.667584626962845e-05,2.743546863936808e-05,1.4240980044315991e-05,4.132919586139202e-05,9.71813132853843e-06,1.242528633984174e-05,2.2311056342508093e-05,0.03819587596477337,1.3371559209787186e-05,2.036901429375316e-05,2.066350173848787e-05,1.2596644741367065e-05,1.7049971452412154e-05,0.3158677410017464,1.5088572314663565e-05,1.2795628572334916e-05,1.599371430628701e-05,6.190091125144114e-06,1.9785178338867643e-06,2.1202903147383687e-05,1.8611525176377208e-05,7.95052747701562e-06,4.343428453692152e-05,7.510369898126309e-05,6.539539278495187e-05,8.176585985647141e-06,1.2816411161532793e-05,1.8117734528983213e-05,0.0001047979821953144,2.6438641800765795e-05,0.00023193504802154503,0.0004152632140465788,2.0597616911104293e-05,1.2551395913372086e-05,0.2307284313327661,1.2504042099563824e-05,4.214715076012569e-05,4.429084405203234e-06,9.605009824378074e-06,0.00019031894422892048,7.4752110648714965e-06,1.7516559336168182e-05,1.1776843965912078e-05,1.747858314474167e-05,0.0026673285149706343,0.0001345197254039613,1.4476498394465848e-05,0.00023249746523513042,9.311964941609964e-06,4.564022527218866e-05,0.04110326853843287,8.975074007840114e-05,1.1437864001037132e-05,2.1292666141323033e-05,5.375022468050277e-05,2.079442003452736e-05,1.0833730495817605e-05,2.0957412313955774e-05,8.708074802433984e-06,1.0471987662099807e-05,2.8924853827505266e-05,6.3084752585292665e-06
LevezowMarieUlrikeWilhelmine,2.255814517282302e-05,2.8170153247125896e-05,1.6641091433100117e-05,0.00023030022834771992,1.987105024864006e-05,5.578448380933543e-06,2.198521526013185e-05,1.5140401991416214e-05,2.3098205980018745e-05,4.859756402909859e-05,2.7171168161178353e-05,1.894281009946433e-05,3.0614280023436136e-05,2.1597144635611048e-05,0.004466926925080534,1.9860348019331465e-05,4.3604757162457676e-05,2.556717810862045e-05,4.313191100763714e-05,2.7899825381191554e-05,5.064719729187468e-05,1.836690518298364e-05,0.09549852283001888,4.774251645103918e-05,2.322054963180226e-05,3.500733004974185e-05,1.8684293438811985e-05,0.4218202039400288,4.884232378628003e-05,0.0001292669708530278,1.4714394056124328e-05,5.774052586729164e-05,1.4105677122527551e-05,0.00010699961292952114,0.02610988059640204,3.0899619916417485e-05,1.7751445678144827e-05,4.109473962332155e-05,2.8544385043272602e-05,4.6961849373189336e-05,2.437657502989047e-05,7.074402468827073e-05,1.6634722943453464e-05,2.1268615206852733e-05,3.819028867653924e-05,0.004624043977452454,2.288836971399998e-05,3.486605582421024e-05,3.537013596964949e-05,2.1561932866085834e-05,2.9184782723791686e-05,0.2542531988089554,2.5827415948744877e-05,2.1902537534460392e-05,2.737676589536741e-05,1.0595704809948154e-05,3.3866691952122286e-06,3.6293440326109524e-05,3.185772597608084e-05,1.3609079499274427e-05,7.434734776603172e-05,0.00012855652824046926,0.00011193862317557258,1.3996028443774975e-05,2.1938111514855054e-05,3.101249448725068e-05,0.02187817531866041,4.525556061024037e-05,0.10455120225109964,0.06146742783510109,3.525735957132232e-05,2.1484479527396936e-05,2.4559341151622143e-05,2.140342304170168e-05,7.214413471567055e-05,7.581353810003189e-06,1.6441090565268955e-05,0.0003257728056052936,1.2795470734462339e-05,2.9983450689129938e-05,2.015866321397948e-05,2.9918446070292107e-05,0.00022596234359639481,0.00023026014846630767,2.4779716577415875e-05,0.0003979706374088752,1.5939479682472065e-05,7.812330136454784e-05,0.0009211707538403224,0.00015362816622881001,1.957842431738037e-05,3.6447089467521226e-05,9.200535221034212e-05,3.559423147826343e-05,1.854431671578083e-05,3.5873228676238265e-05,1.4905788655476364e-05,1.7925114153863996e-05,4.9511260275673167e-05,1.0798345337554504e-05
LindenauBernhardAugustvon,0.00010733590117289152,0.00013403889201854622,7.918144562808284e-05,0.0010958118391669043,9.455019769352225e-05,2.654330750718487e-05,0.00010460979279755842,7.204088276842701e-05,0.00010990561215685796,0.00023123635786132364,0.00012928553292643256,9.01334563278948e-05,0.00014566850731298592,0.00010276327971403372,0.0006050932254480987,9.449927447183903e-05,0.00020747964292277727,0.00012165344631449461,0.00020522975190758225,0.00013275262114477042,0.1860854625143759,8.73931923245039e-05,0.00011345761043411228,0.00022716788052714663,0.00011048774628253008,0.0001665714663044547,8.8903385392242e-05,0.3964478308961665,0.00023240097086060424,0.0006150765810797054,7.001385681877375e-05,0.00027474029139722947,6.71174670612717e-05,0.000509124300378082,0.00033941116822386764,0.00014702620823737878,8.446472014378209e-05,0.00019553650697525624,0.00013581955735158746,0.0002234533196146665,0.00011598833274174116,0.00033661338662103123,7.915114315551271e-05,0.00010120007484823328,0.00018171658262434282,0.0013526857370117508,0.00010890717170267498,0.00016589925694531792,0.00016829776516749518,0.00010259573548622042,0.00013886669006666356,0.053418968021576495,0.00012289170694607766,0.00010421639661520908,0.00013026380564829066,5.0416358065994315e-05,1.611440955174439e-05,0.0001726910211022469,0.00015158505722719152,6.475456208819764e-05,0.0003537586761297853,0.0006116961613924312,0.0005326250408689607,6.659573800703616e-05,0.00010438566431052331,0.0001475632866933894,0.0008535468199314528,0.00021533447648154616,0.00188903849599396,0.003382189125773254,0.00016776115383474856,0.04140099911250252,0.00011685796835360776,0.00010184151590324129,0.00034327537369402937,3.607350857408241e-05,7.822980384993345e-05,0.0015500883339199414,6.088325842806874e-05,0.00014266690259037669,9.591871432408752e-05,0.00014235759837720206,0.001075171366938338,0.0010956211315463387,0.00011790655611393601,0.0018936192084664184,7.584304484423298e-05,0.0003717253741529912,0.2934745072539222,0.0007309917345320683,9.315782842744644e-05,0.00017342211264064755,0.00043777878529321034,0.00016936405378216609,8.823734979424977e-05,0.00017069157496974222,7.092454835141915e-05,8.529106744334187e-05,0.00023558389660056908,5.138055984225479e-05
Ludwig,5.190774986352198e-05,6.48213431186949e-05,3.829222681863162e-05,0.000529935708587756,4.572457078938121e-05,1.283637023193384e-05,5.058940110880558e-05,3.4839043431213605e-05,5.315046468232634e-05,0.00011182613545009185,6.252261387648636e-05,4.3588630218578404e-05,7.044543678275616e-05,4.969642552270665e-05,0.0002926236929811531,4.5699944268110214e-05,0.5202361236751372,5.883172910764197e-05,9.924931462970702e-05,6.419930122923296e-05,0.00011654247404535505,4.2263435787882626e-05,5.486821462504489e-05,0.00010985861571549995,5.3431985331542646e-05,8.055412879428467e-05,4.299376667576987e-05,0.029300301037456566,0.00011238934346897352,0.00029745165381495954,3.385877164133048e-05,0.00013286468150397644,3.245807463877291e-05,0.0002462130242042498,0.00016413958264226947,7.110202231660601e-05,4.0847223693158246e-05,9.456165162213073e-05,6.568247466637032e-05,0.00010806225031873248,5.609207448072208e-05,0.0001627865726425782,3.8277572512390834e-05,4.894045807590886e-05,8.787832229334888e-05,0.12481864622029464,5.2667617873541735e-05,8.022904767148505e-05,8.138896866233636e-05,4.961540096546739e-05,6.715607111496542e-05,0.19715025432140287,5.9430553195647065e-05,5.0399154318984874e-05,6.299570754961554e-05,2.4381401515454303e-05,7.792944681788835e-06,0.017046545083402035,7.330668627752627e-05,3.131537141503013e-05,0.0001710780519093759,0.0002958168794510856,0.00025757800596410996,3.2205765942913845e-05,5.048101234684263e-05,7.136175399861594e-05,0.00041277610139445306,0.0001041359696062208,0.0009135409183799066,0.0016356300661134393,8.112946288160716e-05,4.943717582771974e-05,5.651263113809315e-05,4.925065961585696e-05,0.0001660083162977807,1.7445185062050767e-05,3.783201189668962e-05,0.0007496242787758045,2.944320506770496e-05,6.899385771715164e-05,4.6386386809624335e-05,6.88442778882802e-05,0.0005199539554390157,0.000529843482190463,5.7019729234613495e-05,0.0009157561555430445,3.667777283875457e-05,0.00017976676516068404,0.09801244025180908,0.00035350833871766784,4.5051219610592474e-05,8.38671082590936e-05,0.0002117102612848384,8.190462690983648e-05,4.2671671190074967e-05,8.254661749257944e-05,3.429918298332164e-05,4.124684607911888e-05,0.00011392860956110924,2.4847690465127118e-05
LudwigErnstKarlFriedrich,2.946261991111676e-05,3.679232098204093e-05,2.173450645180917e-05,0.01730493243162366,2.595307354505859e-05,7.285869608607605e-06,2.87143307178339e-05,1.9774494124278546e-05,3.016797960134821e-05,6.347204287524801e-05,3.548757195863249e-05,2.4740722685008665e-05,3.9984532827178194e-05,2.8207481541124957e-05,0.00016609197404932678,2.5939095635443013e-05,5.6951064759605966e-05,3.339264132946624e-05,5.633349241803356e-05,0.09072520276375397,6.614901677162607e-05,2.398854791491029e-05,3.11429672245398e-05,0.011398450725862177,3.0327769534581653e-05,4.572218378136653e-05,2.440308064683847e-05,0.2788623538343985,6.379171737153869e-05,0.00016883230425755565,1.9218095990457426e-05,7.541343288922211e-05,1.842306627898856e-05,0.00013974947418004315,0.011429260373769784,4.0357208007162255e-05,2.31847119025596e-05,5.367279466429255e-05,3.728109561683707e-05,6.133567754818391e-05,3.183762491721763e-05,9.239697210940248e-05,2.172618872938875e-05,2.7778397606476647e-05,4.987936512299212e-05,0.0003712985617419066,2.9893917788999957e-05,4.55376691070355e-05,4.619603536968858e-05,2.8161492344142168e-05,3.81175027464368e-05,0.41709435483885693,3.373253135638713e-05,2.8606347442262623e-05,3.5756097932314786e-05,1.3838780676081042e-05,4.423242536067902e-06,4.740193971635594e-05,4.160856597361453e-05,1.7774472748333498e-05,9.710318077344317e-05,0.000167904413222982,0.00014620018989721284,1.827985692728462e-05,2.865280971365346e-05,4.050463061450034e-05,0.00023428997434396206,5.9107137174131336e-05,0.0005185219725810997,0.0009283767275560595,0.005714096460428279,2.806033250758845e-05,3.2076331102320836e-05,2.7954466692333067e-05,9.42256202209822e-05,9.901813469350407e-06,2.1473290402986952e-05,0.0004254835792301866,1.671183902511006e-05,3.916062267130964e-05,2.6328717527060848e-05,3.907572179126772e-05,0.0002951236722967063,0.00030073692597356184,3.236415784331253e-05,0.0005197793318525402,2.0818149181494624e-05,0.00010203485777183051,0.05788359489698178,0.00020064984219954167,2.557088225571324e-05,4.760261695370859e-05,0.00012016585145606211,4.648872081627553e-05,2.4220260607536702e-05,4.685311196356287e-05,0.10204432702162647,2.3411535883496703e-05,6.466539831386238e-05,1.4103444317427176e-05
MahlmannErnestine,2.9231966361798097e-05,0.0008786683951244644,2.156435386283633e-05,0.011030084326581074,0.004778716206850025,7.228830835743273e-06,2.8489535288358907e-05,1.9619685853001047e-05,0.0009056167352311052,0.0005230231676136919,3.5209750961937235e-05,0.004159942532801718,3.967150654362771e-05,0.0021954187276073257,0.0031377381632150566,2.573602664522826e-05,0.00043283516529769574,3.313122088325328e-05,0.0009040253182113197,3.6153981224732425e-05,6.563115700394946e-05,0.00016101883353571796,0.0003129123175326046,6.186712711671574e-05,0.0005993979917914316,0.00047715198031462525,0.0008171964288950086,0.41027848927678195,0.0010634153072592758,0.20315667468712423,1.9067643584503082e-05,0.0011254323231327695,1.8278837909637796e-05,0.0003781381166779884,0.0003885437587889188,4.0041264167289035e-05,2.3003206112973043e-05,5.325260730048992e-05,0.00013837138521001098,0.006946722904280237,3.158837820354496e-05,9.167362538641498e-05,2.155610125723866e-05,2.7560929301836794e-05,0.000242971704691099,0.004638761524127697,0.0003298097393358244,0.0038498914435700425,0.012818333075313536,0.003144548533169251,0.00014849158248600634,0.1505931771754612,0.0005008616173582971,2.8382397379759493e-05,0.0019968348194985153,1.373044123136057e-05,4.388614366763228e-06,0.0016916348945385147,0.0032976412157004306,1.7635322012959686e-05,0.00035749232321815325,0.0026412337897650543,0.0004359791987440781,1.8136749698734164e-05,0.000352204356288163,0.0002746632157680795,0.028951060886320403,0.002195821353754139,0.014702985119210725,0.054708011294690946,0.0017154070699607546,2.784065702362054e-05,3.182521563328954e-05,2.7735619998408744e-05,0.0005863616723236468,9.824295297908523e-06,2.1305182791988977e-05,0.01375944483175676,0.0013688584233825416,3.885404652024378e-05,2.612259831006842e-05,0.0016279668236714607,0.000739527397550797,0.0018430599970438218,3.2110789069598916e-05,0.0024590442575071385,0.0006332035309393175,0.00010123605908487402,0.021925214846950623,0.0003945505457251739,2.5370695891795742e-05,0.0025148805622705215,0.0002074422234088595,0.00307897214503314,0.00013303828523456834,0.0002602147506639233,1.9315662224653915e-05,2.322825436057647e-05,0.0028802763541022256,1.3993032904618454e-05
MahlmannSiegfriedAugust,0.008871755260845101,0.014720938691948836,4.104400076790755e-05,0.0014750698954107432,4.9010451324247926e-05,1.375882348530039e-05,5.4224880359987385e-05,0.0016956605225766901,5.696998828426982e-05,0.005071788989127188,0.0010340174671802289,4.6721016791138476e-05,7.550781977506187e-05,5.3267733343827575e-05,0.0003136523539441311,4.898405508036414e-05,0.00010754785487810551,6.305952239623958e-05,0.0001063816153907751,6.881282150114267e-05,0.00012491750393278214,4.530059061721223e-05,5.881117997839476e-05,0.00011775332704323964,0.005527545405364678,0.009489791853817174,4.6083404885634066e-05,0.36768567989102435,0.0034473496180684503,0.0011393683138113525,0.0003563816523002317,0.0005043218389574224,0.0034815818077144054,0.14404520006460544,0.006686540687918063,7.621158916625375e-05,0.006545383133811184,0.00010135708534727715,7.04025794429082e-05,0.002716468081508845,6.0122989424582024e-05,0.00400367638357933,4.1028293367043956e-05,5.245744021008421e-05,9.419347547413104e-05,0.00793637297505085,0.0015040891366887544,8.599450509456158e-05,8.723778087125391e-05,5.318088616188387e-05,7.198207217009254e-05,0.08677390903266587,0.03715465190920165,5.402096196619751e-05,6.752273460845695e-05,2.613350921749109e-05,8.352964924671678e-06,8.95150416427548e-05,0.008463773035055916,0.002205020811976984,0.00018337214305134204,0.011568905708021776,0.000659064999087465,3.452015178832171e-05,0.0009397508565041742,0.0004594667875530612,0.0013134251102999656,0.00011161943745733989,0.0032418770047138875,0.00668371312369194,0.002216603365299379,0.0022244448939911544,6.05737683215588e-05,5.2789933598471865e-05,0.00017793808372329697,1.8698839126658244e-05,4.055071366556544e-05,0.0014389169867356335,3.1559066468825616e-05,7.3951926654363e-05,0.0009353619810676557,7.379159764972867e-05,0.000914318650456787,0.0025692738364470847,0.002249226774004088,0.017469492418777387,3.9313528139515426e-05,0.0006966859526333493,0.17043124470841373,0.0015551369517003161,0.0009339308654576411,8.989400569709236e-05,0.02844550434519497,8.779049559339888e-05,4.5738162823196266e-05,8.847862120426754e-05,3.676400694516629e-05,0.0022553014255678678,0.004456516152551284,2.6633306842191403e-05
MannLukreziavon,2.606469358886535e-05,3.2549059646193864e-05,1.9227864075925968e-05,0.0002660992222250975,2.2959903487265906e-05,6.4455896810836385e-06,2.540270464838359e-05,1.7493900127655074e-05,2.668870408933285e-05,5.615180706921576e-05,3.1394787432517416e-05,2.1887373149341835e-05,0.11536545348315595,2.4954310427959812e-05,0.0001469365733334536,2.2947537651089684e-05,5.038289388373988e-05,2.954146532118189e-05,4.983654620995512e-05,3.223671069462317e-05,5.8520045350976916e-05,2.1221946755930973e-05,2.7551246311582287e-05,5.5163846713642295e-05,2.683006543672421e-05,4.044904065118273e-05,2.158867139457e-05,0.34197381124261395,5.643461348015709e-05,0.00014936086103852788,1.7001671435325107e-05,6.671599561315216e-05,1.6298332564376254e-05,0.0001236321560912336,8.242021545190347e-05,3.5702807964198995e-05,2.051081721548876e-05,4.748270694199257e-05,3.298146386307629e-05,5.426182892702104e-05,2.8165789076734118e-05,8.174082189010692e-05,1.9220505637100792e-05,2.457471277797985e-05,4.412677393456716e-05,0.00032847666877505364,2.6446249847828987e-05,4.028580606907169e-05,4.086824289774029e-05,2.491362516876119e-05,3.372140809119747e-05,0.44922045050029497,2.984215580398113e-05,2.530717509266253e-05,0.030117740266817968,1.224275298848978e-05,3.913109618888456e-06,4.1935070199188304e-05,3.680984671580905e-05,1.5724541377738917e-05,8.590426313068717e-05,0.00014853998375154593,0.00012933891024629994,1.6171639558714024e-05,2.5348278866559705e-05,3.5833228310384474e-05,0.00020726929277305485,5.229030629341511e-05,0.0004587207918098592,0.005835658285375965,4.0737935984475316e-05,2.48241321042874e-05,2.8376965258324653e-05,2.4730475802013825e-05,8.335857186801023e-05,8.759836526124314e-06,1.899677409500828e-05,0.0003764125238415758,1.4784461287218405e-05,3.464422491129948e-05,2.329222441863345e-05,3.4569115656576256e-05,0.0253328436375633,0.0002660529121308904,2.863159691814521e-05,0.02553158974184705,1.8417190363244167e-05,9.026716942449304e-05,0.0010643620412017854,0.00017750887977249826,2.2621790350037358e-05,4.211260331462869e-05,0.00010630711414993944,4.112717290824931e-05,2.1426936005094088e-05,4.144953879523397e-05,1.7222817347298606e-05,2.0711481568474607e-05,5.720753272918511e-05,1.2476892950808524e-05
MayerJohannSiegfriedWilhelm,4.8464363180924295e-05,0.0028469864815296054,0.00013637102505617386,0.003820833081336305,0.00010602866241783756,0.00011941373741172999,0.0013415821022074606,0.00038930785902139756,4.9624640451027625e-05,0.0037286734876579835,5.837507258352844e-05,0.0012591588592450354,0.0020475277453267924,4.639973070801094e-05,0.0031611134478922737,0.00169261172063633,0.0006328751052033804,0.0008779786465687694,0.028516829148159627,0.004104285099380565,0.00032486494083418016,0.0011318519900931116,0.0028479080934615147,0.0002685487294812079,0.0005833868601576908,0.004781439665971677,4.014170385287154e-05,0.27368151527272144,0.005145247742263291,0.003010320396926137,3.161269386555686e-05,0.0001240508824839599,3.0304914421892563e-05,0.0024640383452116978,0.0035207732069068515,0.00034612302640018574,0.0001118519882576326,8.828874761962247e-05,6.132531876689687e-05,0.0007797540383224588,0.0004631708917135221,0.00047796996102753215,0.0005508268925012154,0.0003327004189732625,0.0009200838803330596,0.0030367271954041407,0.00022220690985982,0.0006315363047516575,7.598989643248435e-05,0.0005662889306000964,0.0006099664387417895,0.05430842008582901,0.0005164123630064019,0.0002222337281061223,0.0009991409174532533,2.276402080636716e-05,7.275986770763112e-06,0.0011770600150973964,0.0009289122931091886,2.9238014311810895e-05,0.0005376258607392179,0.11525659127585026,0.0010298412290004908,3.006934304185838e-05,0.00010229408391298739,0.001812389025085184,0.003832603382293152,0.0008698607267143109,0.36364932284813145,0.019708926820398404,0.0007737510798475366,4.615767877153855e-05,0.0003280850129722852,0.003965653833662916,0.0012117839303610227,1.628792977597004e-05,3.532236263846809e-05,0.0025938955155545267,0.00012657030190813998,0.0009013581900285766,4.330926890306812e-05,0.0001405366581712482,0.002802878837502041,0.0022597237801755474,5.323723092158663e-05,0.0022508789806262794,0.0009802876000286815,0.0004595593387811991,0.03319935767733604,0.0023109146005774834,0.001589178550097679,0.0063403870884739325,0.002043295226781693,0.0002481675230513557,0.001287921397300485,0.002188576338280098,3.2023889790700554e-05,0.001770763995591231,0.002690698490392618,2.3199377705165737e-05
MayerJohannSiegfriedWilhelmANDMayerJulieHenriette,2.8435943458206702e-05,3.551022829258811e-05,0.0012227009532816773,0.001070255020000343,2.5048693365368567e-05,7.031980755929301e-06,2.7713729708894157e-05,1.908541733657764e-05,0.018835183274299602,6.126024867518345e-05,3.4250945527894335e-05,2.3878588988640006e-05,3.859120194017233e-05,2.722454257705677e-05,0.009578519592955963,2.503520254042864e-05,5.496650543211789e-05,0.011448605341286954,0.006026363763228184,0.000888311364615898,6.384393874029473e-05,0.001606871236282411,3.0057736134445193e-05,0.0004867533587780529,2.9270945431892492e-05,4.4128914424955944e-05,2.355271267704632e-05,0.32764990304722075,6.156878355527816e-05,0.005449207773847987,1.85484078675854e-05,0.0012659719950585421,1.778108235508429e-05,0.002267734413135412,8.991843999289339e-05,3.8950890602561294e-05,2.237680011977616e-05,5.1802472384402106e-05,3.5981970721496295e-05,0.0008707957634072696,3.072818726646897e-05,8.917723822724634e-05,2.0969101734164443e-05,2.681041082158853e-05,4.814123152141936e-05,0.015727062943665635,0.0030697044165696663,0.002984967523864544,0.013916531257067216,2.7180155953971783e-05,3.678923178371989e-05,0.09606441130985799,3.255706238094869e-05,2.7609509299173618e-05,3.451011424499165e-05,1.3356544191342693e-05,4.269106923858562e-06,4.5750136330375266e-05,0.02148870868679085,1.71550901988977e-05,9.371945083009396e-05,0.026973341853648043,0.0005469043062524971,1.7642863383383028e-05,2.7654352511562593e-05,0.030910213876937126,0.0011000408406633727,0.0004628461630762446,0.3083185602578144,0.008002271825893479,4.444409217046979e-05,0.0012288063448792764,3.0958575317606215e-05,0.0142804478454543,9.094216390129398e-05,9.556767483597665e-06,0.0005431157536095043,0.0010115187725586972,1.612948580385325e-05,3.7796002372801874e-05,2.541124737668383e-05,3.7714060012220655e-05,0.0020784413004959145,0.001491981046164045,3.123637223306353e-05,0.00472067140257279,2.009270441038163e-05,9.84792749293543e-05,0.04522192578280869,0.00019365784797472873,2.4679820199070732e-05,4.594382061887113e-05,0.00011597846246940665,4.4868740137979826e-05,2.337626332134423e-05,4.5220433439261016e-05,1.8789672650823766e-05,2.259572002290599e-05,0.00866902996873518,1.3611985165820393e-05
MayerJulieHenriette,1.5091761458969446e-05,1.884628500309603e-05,1.113315746490596e-05,0.00015407455194309429,1.329405179344991e-05,3.732071570212686e-06,1.4708462144739471e-05,1.0129172123718743e-05,1.5453070813665667e-05,3.251255092984077e-05,1.8177947934481374e-05,1.2673044223870321e-05,2.048144507503283e-05,1.4448836663582575e-05,0.03492549247134119,1.328689183013878e-05,2.917228293950849e-05,1.710485282536189e-05,2.8855941266881093e-05,1.866543131866685e-05,3.3883788504703616e-05,1.2287754584319404e-05,1.5952492816157144e-05,3.1940510365987654e-05,1.553492068184368e-05,2.342046610563597e-05,1.250009242549131e-05,0.4041459425764064,3.267629913882861e-05,8.648167984075937e-05,9.84416597229106e-06,3.862933925766419e-05,9.436924566249155e-06,7.158445972232883e-05,4.772226562940935e-05,2.0672342046685912e-05,1.187600228981458e-05,2.7493040888876207e-05,1.909665208578561e-05,3.141823155150539e-05,1.6308320241727535e-05,4.7328888836529136e-05,1.1128896843039013e-05,1.4229045198766339e-05,2.554991655297447e-05,0.0001901918207128952,1.5312686981221355e-05,2.332595137954969e-05,0.2700368754272661,1.4425279424184054e-05,1.9525088420387935e-05,0.0017041372596114071,1.7278956120454033e-05,1.4653149418261096e-05,1.8315496121050546e-05,7.088696710492053e-06,2.265736089692288e-06,2.4280894538566438e-05,2.1313330390100448e-05,9.104692779734353e-06,4.973956985363172e-05,0.020409581497022686,7.488873690938298e-05,9.3635678389408e-06,1.4676948982549262e-05,2.0747856947611826e-05,0.00012001133693113998,3.027669696196967e-05,0.11930368750105827,0.13983720423716198,2.358773987165192e-05,1.4373461896513302e-05,1.643059371283182e-05,1.4319233805620043e-05,4.8265584934011735e-05,5.072047473763944e-06,1.099935367182943e-05,0.00021794723964882825,8.560375447551218e-06,2.0059410117737712e-05,1.3486469487021573e-05,2.001592098360385e-05,0.00015117243736754093,0.00015404773785864973,1.657802841244997e-05,0.00026624874879715754,1.0663767934154776e-05,5.2265743461983005e-05,0.006423013777606092,0.00010277971084685402,1.3098280345157235e-05,2.438368828214755e-05,6.155305845711893e-05,2.381311258837281e-05,1.2406445749418872e-05,2.3999766195187508e-05,9.97221203351758e-06,1.1992189289606304e-05,3.3123828394969945e-05,7.224266478357503e-06
MayerJulieHenrietteANDMayerJohannSiegfriedWilhelm,3.123291652386388e-05,3.900303141465375e-05,2.3040450161752306e-05,0.00031886255506843923,2.7512494883887268e-05,7.723649762848695e-06,3.043966548305286e-05,2.0962668158787592e-05,3.198065859129574e-05,6.728583617825956e-05,3.761988499197826e-05,2.6227298478278868e-05,4.238705111101627e-05,2.9902361669810968e-05,0.00017607180815610503,0.2343636432928733,6.0373037324857424e-05,3.539907796051169e-05,5.971835741349965e-05,3.862874852897688e-05,7.012365923996873e-05,2.542992839114093e-05,3.3014229507216e-05,6.610197866582386e-05,3.215004969300665e-05,4.846945565738235e-05,2.5869368816051568e-05,0.5059197996831475,6.762471869745085e-05,0.00017897679436913158,2.0372838180323543e-05,7.994473883561044e-05,1.953003816161477e-05,0.0001481464878034234,9.876286096790592e-05,4.2782118923114206e-05,2.457779293447193e-05,5.689778846584574e-05,3.952117465560192e-05,6.502110479571563e-05,3.375062653482316e-05,9.794875424034758e-05,2.303163265907232e-05,2.9447495715831598e-05,5.287642619188547e-05,0.00039360847810890163,3.1690129448494624e-05,4.82738541990533e-05,4.897177918283294e-05,2.98536091571459e-05,4.040783830389803e-05,0.0035267703454864795,3.575939068457152e-05,3.0325193903740986e-05,3.790454566865298e-05,1.4670300297531027e-05,4.689018332741212e-06,5.0250141728623204e-05,4.4108666223577776e-05,1.8842473116076362e-05,0.00010293774105792544,0.000177993149896457,0.0001549848024584456,1.937822390542507e-05,3.037444791605343e-05,4.2938399593421585e-05,0.006256986684888072,6.26586599186875e-05,0.13273929858673092,0.061070350532631275,4.8815634437428163e-05,2.974637101131291e-05,3.400367566540119e-05,2.963414412244229e-05,9.988727885196707e-05,1.0496775726533477e-05,2.276353863548035e-05,0.0004510492669172652,1.771598977980125e-05,4.151363533200413e-05,2.791070988200907e-05,4.1423633081452367e-05,0.0003128565296931125,0.00031880706240355726,3.4308796818979855e-05,0.000551010892159481,2.206903247330121e-05,0.00010816574374329332,0.04934436140964541,0.00021270612697888903,2.710733917566164e-05,5.046287689682561e-05,0.00012738615978038307,4.928205098312015e-05,2.5675563816916143e-05,4.966833700654898e-05,2.0637833883599815e-05,2.481824590449263e-05,6.855089579990844e-05,1.4950866569030413e-05
MayerThereseApollonia,6.383609070131838e-05,7.971721273963786e-05,4.7091736220056e-05,0.0006517143210449327,5.623202423268643e-05,1.5786153253722132e-05,6.221478692869642e-05,4.28450152871108e-05,6.536437994709857e-05,0.00013752365194289744,7.689023817824349e-05,5.3605246990966416e-05,8.663371661806977e-05,6.111660658649024e-05,0.0003598682789297118,5.620173856533141e-05,0.0001233947743445285,7.235119236154858e-05,0.00012205669225508176,7.89522263439625e-05,0.00014332379968840645,5.197552441394856e-05,6.747686683843702e-05,0.00013510399845061022,6.571059371565752e-05,9.906537435349994e-05,5.2873684494547746e-05,0.3463078425700301,0.00013821628451263066,0.0003658056995749836,4.1639478174532175e-05,0.00016339683152881212,3.991690262202946e-05,0.00030279249218609773,0.0002018586687494205,8.744118474763068e-05,5.0233868419057095e-05,0.00011629180971411946,8.077623132024879e-05,0.00013289483036487622,6.898196827238715e-05,0.024761894235096685,4.707371437120277e-05,6.0186918695416e-05,0.00010807265904123092,0.1113321331715032,6.47705755005283e-05,9.866558996494746e-05,0.00010009205945694104,6.1016962679779615e-05,8.258845852711068e-05,0.4984422578953678,7.308762553186582e-05,6.198082164677686e-05,7.747204822987352e-05,2.998421936335113e-05,9.58375434968768e-06,0.00010270486916236457,9.015247793497293e-05,3.85116075200972e-05,0.00021039159022314785,0.00036379525595446783,0.0003167691335999283,3.960661367989773e-05,6.20814905546894e-05,8.776060246953897e-05,0.0005076315717254834,0.00012806629488911928,0.0011234715640418742,0.0020114959621394856,9.977291954816632e-05,6.079778161166498e-05,6.949916836284704e-05,6.056840419020012e-05,0.00020415683523599467,2.1454068397308042e-05,4.652576444172941e-05,0.0009218870703827457,3.620921951310341e-05,8.484856636332558e-05,5.704592480835971e-05,8.466461326291128e-05,0.0006394387725760338,0.0006516009011282896,7.012279701500496e-05,0.0011261958601410658,4.510628258425967e-05,0.00022107695972281935,0.002606771937277753,0.0004347441457852911,5.540393773238514e-05,0.0001031396726647001,0.0002603610342831719,0.00010072621537286589,5.247757183905092e-05,0.00010151573464844853,4.218109553315698e-05,5.0725323566766885e-05,0.00014010927217110924,3.0557660973950675e-05
MerzdorfErnestineAmalie,4.0343057776825035e-05,5.0379590667763785e-05,2.9760980258421225e-05,0.008902921726748066,3.553744876298074e-05,0.0014111051169332224,3.9318428118992275e-05,2.7077142540953953e-05,4.130890422301002e-05,8.691203635841855e-05,4.8593002598053067e-05,3.387738116069928e-05,0.0518501683262773,3.8624401393541785e-05,0.00022742913310335448,3.551830886242465e-05,7.798288485477055e-05,4.5724421743198224e-05,7.713724530429648e-05,4.9896135462093147e-05,9.057760693206206e-05,3.28474309967324e-05,4.264395121247569e-05,8.538286658052639e-05,4.1527703994654195e-05,0.011100974915407477,3.3415049151703525e-05,0.2509965414126293,8.734976547797883e-05,0.00023118145724328757,2.6315268609600228e-05,0.00010326333806623395,2.5226637331022764e-05,0.00019135844429772226,0.00012757040487040145,5.526097744382772e-05,0.00506053200343128,7.349396159328676e-05,5.104886798902425e-05,8.398671912315013e-05,0.0017418055582589297,0.00012651883625620257,2.974959083150702e-05,3.803685832986153e-05,6.829963238499886e-05,0.0005084177637289418,0.009030765397232365,0.040292636661086456,6.32560624140692e-05,3.8561428554175036e-05,5.219415721503968e-05,0.26051709750029,4.6189831914975324e-05,3.9170567014363934e-05,4.896069423252158e-05,1.8949391807661054e-05,6.056729840450008e-06,6.490730282913389e-05,5.697445733435933e-05,2.433852057970089e-05,0.011341991849009277,0.012801874054812357,0.0002001913857559073,2.5030541289075258e-05,3.923418763278884e-05,5.5462842681318244e-05,0.02661015084404983,8.093518693288258e-05,0.08147440232848029,0.06210543356574979,6.30543727485972e-05,3.842291075965802e-05,4.3922002959459464e-05,3.8277949085702233e-05,0.0001290227974328224,1.3558516998640065e-05,2.940329807735041e-05,0.0005826131101632601,2.2883460105753343e-05,0.006046843674081204,3.60518166947924e-05,5.350624305143477e-05,0.0004041117659832549,0.00041179797373003816,4.4316123064072496e-05,0.0007117319396369903,0.04346349288700406,0.00013971595787331512,0.05068692575404999,0.0002747490956740279,3.5014115627150514e-05,6.518208943689094e-05,0.00016454266126768002,6.365683552649828e-05,3.3164714339980623e-05,0.056999756972360226,2.6657559313054607e-05,3.205733053073622e-05,8.85460935995447e-05,1.931179476457607e-05
MeyerJohannFriedrichvongenImo,4.316302455227981e-05,5.3901107867328084e-05,3.184126321560261e-05,0.0004406592090977438,3.8021505012519664e-05,1.0673869796704013e-05,4.206677361060144e-05,2.8969826104062696e-05,4.419638335470461e-05,0.025004222170370426,5.19896378656161e-05,3.624539921825634e-05,5.857772924938477e-05,4.132423464004858e-05,0.00024332635642910743,3.800102723906479e-05,8.343386344843814e-05,0.09139011558298778,8.252911396510922e-05,5.338385929812625e-05,9.690895255196065e-05,3.5143455868774674e-05,4.562474969975286e-05,9.135110151904129e-05,4.443047716008137e-05,6.698344366837297e-05,3.5750750350389605e-05,0.2258536688869229,0.09973839552840692,0.00024734096682071444,2.815469742971484e-05,0.0001104814122161962,2.6989971174566878e-05,0.0002047343380662972,0.00013648753517955965,5.91237020105379e-05,3.396582829723585e-05,7.863116589337015e-05,5.461716745829056e-05,8.985736380300847e-05,4.664242997173604e-05,0.00013536246225712126,3.1829077671406785e-05,4.069562250500808e-05,7.307375474247946e-05,0.10018889604443686,4.379488013567938e-05,6.671312787695887e-05,6.767764085119597e-05,4.125686001944471e-05,5.5842512033196914e-05,0.021481388827758626,4.9418486323984806e-05,4.190857706227072e-05,5.238303102718625e-05,2.027394820614445e-05,6.4800933101319225e-06,6.944430244069244e-05,6.095695359483746e-05,2.6039775347699797e-05,0.0831797071390198,0.0002459815974357796,0.0002141846992941836,2.678016808229738e-05,4.197664474148077e-05,5.93396775632651e-05,0.0003432370897588017,8.659253049316818e-05,0.0007596397299674576,0.0013600809298750685,6.746185314291497e-05,4.1108659875599875e-05,4.699213685318361e-05,4.095356542721408e-05,0.00013804144951540695,1.4506252980184022e-05,3.1458579165006395e-05,0.0006233375793567817,2.448300661416745e-05,5.737069286246765e-05,3.85718270974868e-05,5.724631224795289e-05,0.0004323590485751502,0.08347803255509828,4.74138058264693e-05,0.0007614817735218985,3.0498790907417864e-05,0.008453227061967192,0.2508749292347203,0.0002939539691784868,3.7461591058653795e-05,6.973829654403651e-05,0.00017604414041897808,6.810642787540628e-05,3.548291721576557e-05,6.864026444813626e-05,2.852091414335486e-05,3.4298127634082674e-05,9.473543709027196e-05,2.0661683013299487e-05
MiltitzCarlBorromäusvon,3.5258115696877975e-05,4.402961833859193e-05,2.600983026642799e-05,0.0003599565493480313,3.105821792161776e-05,8.719049235527302e-06,3.436263297907882e-05,2.366427031215837e-05,3.610222438921836e-05,7.595742123287187e-05,4.246821639397513e-05,2.9607389481451745e-05,4.784975975521885e-05,3.3756083155363766e-05,0.00019876338407856303,3.1041490463030795e-05,6.815372279900096e-05,3.996119879937871e-05,6.741466981810375e-05,4.360709906228697e-05,7.916097392576757e-05,2.8707256867705666e-05,3.726899864504557e-05,7.462099192086115e-05,3.629344607860435e-05,5.471604529877786e-05,2.9203330980142346e-05,0.16414168505366072,7.633997785579138e-05,0.0002020427556965951,2.299842491772386e-05,9.024776309535438e-05,2.2047007506984767e-05,0.0001672391370517143,0.00011149110509421975,4.829574265330712e-05,2.7745300897385322e-05,6.423059489473189e-05,4.461453823625655e-05,7.340081845621237e-05,3.810030018482884e-05,0.00011057207887494475,2.599987639198239e-05,3.3242595520620424e-05,5.969097221152781e-05,0.4006407976292774,3.577425277240281e-05,5.449523534518373e-05,5.528310668621084e-05,3.370104757356836e-05,4.561547228197572e-05,0.06502820726991715,4.036794748396767e-05,3.4233408665867506e-05,4.278956323537178e-05,1.6560962047943348e-05,5.293324136228272e-06,5.672622054039062e-05,4.9793251160442185e-05,2.1270831260165175e-05,0.10186106728629056,0.0002009323422455921,0.00017495875200007204,2.1875627911195752e-05,3.4289010378993485e-05,4.8472164280492434e-05,0.0002803763903875063,7.073390917996497e-05,0.007403509620879406,0.007893985566787061,5.510683850149824e-05,3.35799889157895e-05,3.838596148437791e-05,3.3453298581600647e-05,0.00011276043438716544,1.1849566873702652e-05,2.569723126134833e-05,0.0005091790651638296,1.999917032607833e-05,4.6863780922138724e-05,3.1507753605077954e-05,4.676217946713182e-05,0.0003531764864807083,0.0003598939049645893,3.87304056840165e-05,0.0006220234274681021,2.491321934880097e-05,0.00012210580156438392,0.2456274508723086,0.00024011901766286592,3.060084703135987e-05,5.696637234201772e-05,0.00014380328382993071,5.5633365331561695e-05,2.898454900770216e-05,5.606943467192362e-05,2.329757242635155e-05,2.801674268317468e-05,7.738551772425987e-05,1.687768681021807e-05
MosengeilFriedrich,2.9558226302438933e-05,3.691171230053439e-05,2.180503506519436e-05,0.08305047854477729,2.603729143582484e-05,7.309512302401447e-06,2.880750890590562e-05,1.9838662485040325e-05,3.0265874889407017e-05,6.367801006307636e-05,3.560272935814367e-05,2.48210064894277e-05,4.011428289366387e-05,2.829901500035464e-05,0.047673674977267946,2.602326816780255e-05,5.7135871331460333e-05,3.3501000665596474e-05,5.651629496366295e-05,3.655749823834415e-05,6.636367075698529e-05,2.4066390907357085e-05,3.1244026353713836e-05,6.255763027927744e-05,3.0426183342002692e-05,4.587055256214344e-05,2.4482268800669552e-05,0.35646763547269544,6.39987219051659e-05,0.00016938016617198718,1.92804588356923e-05,0.0179080446667334,1.8482849247690495e-05,0.00014020296212360802,0.015419984195995771,4.048816740700664e-05,2.325994644197039e-05,0.001674973010207566,3.740207301216769e-05,6.153471221676984e-05,3.194093821507731e-05,0.08653478445687646,2.1796690351711133e-05,2.7868538685575515e-05,5.0041223983990796e-05,0.00037250342796556055,2.9990923744713e-05,4.568543913650612e-05,0.06712802770405105,2.8252876568131523e-05,3.82411942882886e-05,0.07505292622948344,3.384199363784328e-05,2.8699175223909808e-05,3.587212670033962e-05,1.3883687608483206e-05,4.437595986578818e-06,4.7555759315957876e-05,4.174358603811758e-05,1.783215102685215e-05,0.04921329411190263,0.00016844926412503162,0.00014667461045481627,1.833917518071815e-05,2.8745788265670477e-05,4.06360684016548e-05,0.002666739317287789,5.9298940214853836e-05,0.0013307676032103962,0.0009313893160148216,4.619816944396355e-05,2.8151388467256804e-05,0.041370894616967475,2.8045179116749254e-05,9.453138296532058e-05,9.933944917816489e-06,0.002808182415060073,0.0016037358860485084,1.676606905035452e-05,3.928769914403434e-05,2.641415438496749e-05,3.9202522760090006e-05,0.0002960813505136184,0.00522564737067259,3.246917974390776e-05,0.10077826222411404,2.0885704209637195e-05,0.00010236596154230532,0.034339443513245964,0.0002013009522294689,2.5653859933284628e-05,4.77570877522379e-05,0.004731928221602552,4.663957701466646e-05,2.4298855509163067e-05,4.700515061357307e-05,1.9531245628550065e-05,2.348750646818616e-05,6.48752379477731e-05,1.4149210085049688e-05
MüfflingWilhelminevon,4.5032725916398523e-05,5.623595293327074e-05,3.3220537580339656e-05,0.06976726722031128,3.9668490146790085e-05,1.1136231948715643e-05,4.3888988453505905e-05,3.0224717853352466e-05,4.611084692866747e-05,9.701510316387193e-05,5.4241683403334226e-05,3.781544842273967e-05,6.111515245873135e-05,4.311428477390973e-05,0.0002538665728588086,3.964712533352835e-05,8.704798479237438e-05,5.103964512154805e-05,8.610404409478947e-05,5.569629860438326e-05,0.00010110677702467002,3.666577197287686e-05,4.76010861042576e-05,9.5308175447376e-05,4.635508102221413e-05,6.988497888976215e-05,3.7299372750968346e-05,0.4262326971094613,9.750371598979677e-05,0.0002580550849313904,2.9374280087249126e-05,0.00011526715763772439,2.815910115204309e-05,0.0002136028563208706,0.00014239979302889852,6.168477523113573e-05,3.54371328723785e-05,8.203724782710973e-05,5.6983030220696815e-05,9.374973319605466e-05,4.866284943604719e-05,0.00014122598509774288,3.320782419248964e-05,4.2458442921337186e-05,7.623910518630217e-05,0.13918255842924526,4.5691951714431154e-05,6.960295377516711e-05,7.060924675074439e-05,4.304399167339494e-05,5.826145329153764e-05,0.3342957419390708,5.155915677632353e-05,4.37239392736629e-05,5.4652117255135246e-05,2.1152158873962404e-05,6.760792807612576e-06,7.245243517352191e-05,6.359743814083456e-05,2.7167745502570866e-05,0.00014841928309746217,0.00025663683147102937,0.00022346258073547705,2.7940209977279803e-05,4.379495545414206e-05,6.191010624006042e-05,0.00035810515939930766,9.034347644899359e-05,0.0007925451960253013,0.0014189958274355766,7.038411172316132e-05,4.288937191428952e-05,4.902770464039535e-05,4.272755920867494e-05,0.00014402101858270597,1.5134623240763183e-05,3.2821276728213704e-05,0.0006503388179057207,2.554354190656319e-05,5.9855830635319236e-05,4.024265064353769e-05,5.972606220085811e-05,0.00045108763192386564,0.0004596673208684212,4.946763913290117e-05,0.00079446703174867,3.181991313078065e-05,0.00015595720264591304,0.010502369107278049,0.0003066872320316364,3.908432228824096e-05,7.27591642782188e-05,0.0001836698796460287,7.105660762820985e-05,3.70199378349039e-05,0.008735053554525495,2.9756360283491633e-05,3.578382648603615e-05,9.883911095917621e-05,2.155668926727883e-05
MüllerFriedrichTheodorAdamHeinrichvon,4.4772584099562253e-05,5.5911093119216e-05,3.302863156473513e-05,0.00045709149678977356,3.9439336061889816e-05,1.1071900963795319e-05,4.363545369710239e-05,3.0050117873987875e-05,4.584447709979787e-05,9.6454673283512e-05,5.392834394227214e-05,3.759699885618596e-05,0.01615280083124033,4.2865225270083495e-05,0.07252526860121149,3.9418094667346906e-05,8.654513224558736e-05,5.07448029652627e-05,8.560664443683067e-05,5.53745562266978e-05,0.00010052271065661394,3.6453963774669275e-05,4.732610756874701e-05,9.475760602445768e-05,4.6087300319373754e-05,6.948127236283112e-05,3.708390441329091e-05,0.19492133473513498,9.69404635259561e-05,0.0020445686735618735,2.920459285569356e-05,0.00011460129059993733,2.7996433678886623e-05,0.00021236893068137268,0.00014157718813164187,6.132843905176355e-05,3.5232422188286166e-05,8.156334094575393e-05,0.030452727000842644,9.320816647040691e-05,4.8381737382377065e-05,0.00014041016096984042,3.301599161867098e-05,4.221317203762252e-05,7.579869259893283e-05,0.0908881551554168,4.542800172935023e-05,0.016335747533312295,7.020135632525075e-05,4.2795338233703326e-05,5.7924892712484125e-05,0.2178333965987612,5.126131354242207e-05,4.347135796150771e-05,5.4336406829275315e-05,2.1029968601721346e-05,6.721737545279779e-06,7.203389714952482e-05,6.323005302773253e-05,2.7010804821531384e-05,0.00014756190524229556,0.00025515431025457193,0.00022217169814810344,2.7778806978941004e-05,4.354196390081584e-05,6.15524683846991e-05,0.00035603648323350064,8.982158674268587e-05,0.010823957422687366,0.017599786250032452,6.997752184152588e-05,4.2641611670917564e-05,4.8744484917384526e-05,0.008982502247271682,0.00014318904830610605,1.5047194636190291e-05,3.263167713402493e-05,0.0006465819873295921,2.5395983808207277e-05,5.951005977173389e-05,4.001017978951585e-05,5.938104097424502e-05,0.025250863045183248,0.0004570119477024049,0.07595973294347554,0.16260168791493923,3.1636098141903885e-05,0.00015505628027847015,0.019708349154699444,0.00030491558325582596,3.8858542782271175e-05,7.233885436355889e-05,0.00018260886867640808,7.064613292052859e-05,3.6806083716780646e-05,7.119987638720862e-05,2.958446587849931e-05,3.557711304717588e-05,9.826814428158412e-05,0.03041750530823133
MüllnerAdolph,1.0887554757362538e-05,1.359615711538552e-05,8.03172392109756e-06,0.00011115303707636834,9.590644355326513e-06,2.6924049713850482e-06,1.0611033538584716e-05,7.307425077156548e-06,1.1148211897637206e-05,2.345532557697553e-05,1.3114002898285e-05,9.142634761687196e-06,1.4775800384242255e-05,1.04237335570559e-05,6.137727967424129e-05,9.585478987929038e-06,0.04819589025396845,1.2339846628179594e-05,2.081736061576066e-05,1.3465684976818605e-05,2.444456889507737e-05,8.864677675003854e-06,1.1508506778651635e-05,2.304264194297323e-05,1.120726033436832e-05,1.6896079881816347e-05,9.017863231183266e-06,0.29365502950196765,2.357345741974433e-05,6.238993555092009e-05,7.101814877956781e-06,2.7868121792939647e-05,6.80802126613744e-06,5.164272753197153e-05,3.4427974600459554e-05,1.491351798848204e-05,8.567629801229876e-06,1.9834131949265984e-05,1.3776777868611375e-05,2.2665857615527718e-05,1.1765209125200225e-05,3.414418324950273e-05,8.028650207402644e-06,1.0265170779947766e-05,1.8432315954160888e-05,0.00013720889162235184,1.104693567040944e-05,1.6827894716125837e-05,1.7071186003752663e-05,1.0406738805675753e-05,1.408586200472818e-05,0.059877042046522326,1.246544887573078e-05,1.0571129625449752e-05,1.3213233423304845e-05,5.1139539810277474e-06,0.544586835251895,1.7516813366359633e-05,1.5375942186394948e-05,6.568341373392613e-06,3.588330572686204e-05,0.014723956294155578,5.402651148624113e-05,6.755099982723173e-06,1.058829919575427e-05,1.4967996229545084e-05,8.657902564219935e-05,2.1842327480574053e-05,0.0001916135220290521,0.00034307038841830263,1.701675514506645e-05,1.0369356411881608e-05,1.1853420108102387e-05,1.0330234980589924e-05,3.4819938036647774e-05,3.6590953781427016e-06,7.935194690376272e-06,0.00015723230931948942,6.1756579364301774e-06,1.44713343535828e-05,9.729459044436363e-06,1.4439960260471145e-05,0.00010905938277104544,0.00011113369275970574,1.1959782998185964e-05,0.0022866366281524947,7.693095177694723e-06,3.770574729952437e-05,0.03395753301943153,7.414772177743027e-05,9.449410187995577e-06,1.759097121168447e-05,4.4405836671684455e-05,1.7179344369709665e-05,8.950304297366589e-06,1.7314000709884358e-05,7.194190344323549e-06,8.651449859330135e-06,2.38963156424248e-05,5.2117572278582085e-06
MützschefahlAntonievon,3.8796036311401246e-05,4.844770170155195e-05,0.043668436761322905,0.0042065502672495765,3.417470634601128e-05,9.593948628751169e-06,3.781069777729903e-05,2.6038824598746348e-05,3.972484577360705e-05,8.357925016769497e-05,4.6729623314696765e-05,0.02262160627371389,5.265116924894754e-05,3.7143284657782636e-05,0.00927606460316767,3.415630039668839e-05,7.499250178878234e-05,4.397104295069003e-05,0.005336426642633573,4.798278538762524e-05,8.710425835779724e-05,3.1587841772804944e-05,4.100869817188734e-05,8.210871894129196e-05,3.9935255305095515e-05,6.020644150349836e-05,3.213369366814443e-05,0.20109761210897484,0.0010811599723184729,0.0002223164208164066,2.530616598697181e-05,9.930353409045437e-05,2.4259280080428538e-05,0.0001840204873546386,0.00012267850610112464,5.314190360518056e-05,3.052935983136013e-05,7.06757137353081e-05,4.909131447383255e-05,8.076610907388735e-05,4.1923415367792704e-05,0.0001216672616296204,2.8608793426944542e-05,0.010653568161226513,6.568056969608085e-05,0.003513346425010789,3.9363964356560375e-05,5.996347471958952e-05,6.083040378119863e-05,3.7082726616391244e-05,5.0192685684843624e-05,0.3063860742482831,4.441860619747823e-05,3.766850665197732e-05,4.708321520357023e-05,1.8222745948406993e-05,5.82447448872921e-06,6.241832464371944e-05,5.478967726724806e-05,2.340521963901005e-05,0.0001278643426349747,0.0012292361792328632,0.00019251471502186026,2.407070366646401e-05,3.772968763226444e-05,5.3336027985315934e-05,0.0007725801103281102,7.783159294687634e-05,0.02756409510096693,0.017062516658260682,6.063644824048152e-05,0.0010341092989968035,4.22377409047938e-05,0.007016928567000753,0.00012407520426173016,1.3038593175506889e-05,2.8275779842824183e-05,0.023589152521347054,2.200595587237058e-05,5.1566253908056636e-05,3.4669349986321774e-05,5.1454457413552306e-05,0.2235490533561054,0.0013931666758794188,0.02086512656919398,0.01763615563206404,2.741309747802465e-05,0.00013435831772893252,0.010992758815179523,0.0002642133858881013,3.367144128730044e-05,6.268257410322753e-05,0.00015823300000285435,6.12158085838897e-05,3.1892958359994626e-05,6.169563462191215e-05,2.5635330985662097e-05,0.01711464635800851,0.017727628551798956,1.857125196283981e-05
MützschefahlAntonievonANDSchwendlerAugusteSophieHenriette,1.696328658880224e-05,2.1183407550598426e-05,1.2513777217385127e-05,0.00017318129416223082,0.009805183785006057,4.1948847248584886e-06,1.6532454433506667e-05,1.1385287934022305e-05,0.013071024257225226,3.654442330375785e-05,2.043219018848644e-05,1.4244624903894879e-05,2.3021343367053115e-05,1.6240632868834202e-05,0.032729765625209316,1.4934595580630793e-05,3.278992961145707e-05,1.9226020854142952e-05,3.243435849622649e-05,2.0980126251198493e-05,3.808570766787747e-05,1.381155560359037e-05,1.7930757001559523e-05,3.590144414910832e-05,1.7461401863319695e-05,2.6324831576045946e-05,1.405022540123058e-05,0.3074103510863124,3.672847788247723e-05,9.720624884035364e-05,1.1064938249236767e-05,4.3419752846303824e-05,1.0607194950000487e-05,8.046162860947807e-05,5.364029048163187e-05,2.323591341892477e-05,1.3348742021870844e-05,3.0902445222422165e-05,2.146482258539157e-05,3.5314397684491906e-05,1.833071048694402e-05,5.319813114236901e-05,1.2508988236988632e-05,1.599358512576014e-05,2.8718354579511357e-05,0.003477191169212375,1.721160902345831e-05,2.6218596105135365e-05,2.6597654574052082e-05,1.6214154302747362e-05,2.194638919036833e-05,0.3086763559480581,1.942171465030665e-05,1.6470282391242968e-05,2.0586795687313488e-05,7.967764012709726e-06,2.5467093903210247e-06,2.7291961498993336e-05,2.3956390548051404e-05,1.023376319229066e-05,5.5907760040127126e-05,9.667200980831446e-05,0.0066110030959937284,1.0524741275395876e-05,1.6497033332861443e-05,2.3320792901655385e-05,0.00013489390935597583,3.403130170885172e-05,0.00029854224946795823,0.0005345186727934437,2.651284891513728e-05,1.61559108979207e-05,1.8468147057101105e-05,1.6094957996598556e-05,5.425098666168061e-05,5.701030666525217e-06,1.2363380453243526e-05,0.0002449748160579458,9.621945219539237e-06,2.254697197239824e-05,1.5158922807086675e-05,2.249808976286842e-05,0.28082349868046985,0.00017315115487065202,1.863386509270325e-05,0.006826093609590449,1.1986178821825845e-05,5.874720373316693e-05,0.0006927024972532737,0.00011552539412642334,1.472259443799545e-05,2.740750266604948e-05,6.918623607086259e-05,0.02613407588085844,1.3944965626973984e-05,2.697597050815126e-05,1.1208863266807319e-05,1.3479337339105256e-05,3.723150511686855e-05,8.12014574968134e-06
OertelAuguste,5.5047672212673996e-05,6.874241433629886e-05,4.0608540261282205e-05,0.0005619917499184504,4.849046994903361e-05,1.3612847846147728e-05,5.3649575968810136e-05,3.69464723099526e-05,5.636555939097085e-05,0.00011859054698482872,6.630463396316599e-05,4.622532540479026e-05,7.470671187041693e-05,5.270258390140714e-05,0.1379819519480809,4.846435375878786e-05,0.00010640681495764268,6.239048597053884e-05,0.00010525294880693879,6.808274486259439e-05,0.00012359217895151282,0.09535594657604804,5.8187216774285036e-05,0.000116504011126377,5.666410934661145e-05,8.542688305511603e-05,4.5594478307740383e-05,0.5316138322568755,0.00011918782370155143,0.00031544463363129664,3.5906903453458216e-05,0.00014090172383318897,3.442147768045145e-05,0.00026110655704633743,0.00017406845733389104,7.540301454857155e-05,4.331809000718995e-05,0.00010028172702670363,6.965563610555421e-05,0.000114598982806031,5.948510844454047e-05,0.00017263360317127952,4.059299950968793e-05,5.190088765519746e-05,9.319412020214596e-05,0.12777523276024752,5.58535049688702e-05,8.5082137633913e-05,8.631222274962044e-05,5.261665813348595e-05,7.121837104377252e-05,0.006215893984776715,6.302553318788554e-05,5.344782106798899e-05,6.680634527819656e-05,2.585624308965676e-05,8.264343292524029e-06,8.856532269101893e-05,7.774103959066876e-05,3.320965184206805e-05,0.0001814266376225304,0.00031371097105565383,0.07440403526111747,3.4153906721922625e-05,5.3534630723528635e-05,7.567845751290964e-05,0.0004377451071666549,0.00011043519966679741,0.0009688014055716607,0.0017345700396826599,8.603701935142972e-05,5.242765207969656e-05,5.9931104756896326e-05,5.222985342111539e-05,0.00017605023150040462,1.8500451888400345e-05,4.012048673869545e-05,0.0007949693771972103,3.1224237338720845e-05,7.316732615625536e-05,4.9192319507976675e-05,7.300869817852579e-05,0.0005514061961835194,0.0005618939447063024,6.046887743766782e-05,0.0009711506433935733,3.8896427258495824e-05,0.00019064093491465882,0.012838018581136595,0.0003748922117668683,4.777638746479114e-05,8.894026608762314e-05,0.00022451670700249858,8.685907338862485e-05,4.525289912612814e-05,8.753989826073694e-05,3.637395546893598e-05,4.3741885724959366e-05,0.0001208202006685892,2.6350738060551643e-05
OertelLudwigChristianvon,4.623437203874535e-05,5.773654419004246e-05,3.4106989140918094e-05,0.009366629002891844,4.072699785189186e-05,1.1433389397358036e-05,4.5060115266632616e-05,3.1031229435061595e-05,0.11567732125652368,0.008994217684577456,5.568905988798639e-05,3.8824509856114826e-05,6.274593950246942e-05,4.426473951681172e-05,0.00026064070826059614,4.070506294333857e-05,8.937075942471733e-05,5.240157892409258e-05,8.840163076313741e-05,5.718248981055798e-05,0.00010380469424114567,3.764415562204469e-05,4.887126594286804e-05,9.785136369822508e-05,4.759201265866062e-05,7.174977859229565e-05,3.8294663302896695e-05,0.2597139459416749,0.00010010548969656855,0.0002649409859255997,3.0158098722370195e-05,0.00011834292820658696,2.8910494145017628e-05,0.0002193026010908561,0.00014619956654102908,6.333076199866869e-05,3.6382731710482066e-05,8.422631674828635e-05,5.850355636942233e-05,9.62513362208244e-05,4.996136119915324e-05,0.0001449944369050433,3.409393651104129e-05,4.359139728417159e-05,7.827345738804069e-05,0.0005826622307457816,4.691118851351001e-05,7.146022796423322e-05,7.249337270211093e-05,4.419257072634162e-05,5.9816092678903124e-05,0.192007601165416,5.2934953145540886e-05,4.4890661940628814e-05,5.611044569165041e-05,2.1716579729527482e-05,6.941196731557578e-06,7.438574447268525e-05,6.529446210236423e-05,2.7892685318487763e-05,0.00015237967972871782,0.0002634848880146428,0.00022942542082934355,2.8685762112833044e-05,4.496357310561447e-05,6.356210570452898e-05,0.0003676607807264163,0.16019580341139106,0.0008136933464472062,0.0014568600872369884,7.226223020712733e-05,4.403382511808569e-05,5.0335952141958286e-05,4.3867694627875766e-05,0.0001478640526206106,1.5538473129046787e-05,3.369707447548196e-05,0.01845692004741635,2.6225141731099866e-05,6.145301413507688e-05,4.131647915635166e-05,6.131978298027404e-05,0.000463124382813568,0.00047193301081835946,5.0787625776748935e-05,0.000815666464130478,3.266899065049375e-05,0.00016011873992792064,0.22425334495887989,0.0003148708255326884,4.012724215077401e-05,7.470065828820677e-05,0.00018857089760968232,7.295267088634066e-05,3.8007771989811985e-05,7.352449362044012e-05,3.055037428602379e-05,3.673867644158857e-05,0.00010147651813370066,2.2131904547756188e-05
OsmundEmanuel,0.00011640980875796554,0.00010423603851372499,0.0001746878437501426,0.003670857041643835,2.82524787956416e-05,7.931387250439487e-06,0.0027671157397380955,0.00015526613684242545,3.284081950889854e-05,0.012838211844230868,3.863172015173382e-05,0.0012371370948390194,0.0010894787505865778,0.0006465758212697564,0.0034666976195098214,0.000862374075785213,0.0010292324188537988,3.635118166074926e-05,0.0004136055840755054,0.003243953740596459,0.00033533161381085926,0.0003184642434930378,3.390218964305278e-05,0.0004096150168667676,3.301476660200861e-05,4.9773103965153915e-05,0.001202552246746322,0.3446818213970386,0.004622182320036769,0.0005704997389001604,2.092079184842373e-05,0.0013684406670856084,0.00028446069961700045,0.0009288512200575373,0.00034114661467980225,0.002945603117887301,0.0012038113965955465,0.0008046669791936293,0.001693877400259127,0.0009082738894096748,0.0014972104295724576,0.0008956996492542444,0.0003363395553230198,0.0008619128599457061,0.0013776640556243279,0.006145620509342733,0.0007101407359832776,4.957224155419623e-05,0.0009432556116273232,3.065656034631731e-05,0.00017224724941798176,0.12718417547036412,8.756464261657432e-05,0.000469175416917586,3.8924037143182534e-05,0.00017395627152291872,4.815135507602796e-06,0.0004185737481060606,4.529502549459775e-05,1.9349265648793057e-05,0.0005106883080904735,0.0004869139699359773,0.00028232715735262845,1.9899426144222608e-05,0.001480909008478494,0.0010740411716303223,0.004986124251939101,0.002012540160566398,0.004392513313278529,0.014307253418364418,0.002750433414907729,0.00025537561942789956,0.00042366496176367844,3.043119251742661e-05,0.0012062559016102455,0.0004103247660447319,0.0002645098160759454,0.02537772690843786,1.819248409531804e-05,0.0016187773698079738,0.0029764603735195597,0.00033315857500137,0.021231361219730068,0.3264097745450556,3.5231576006575873e-05,0.0052150479317532765,2.2662607467032193e-05,0.0010674420118025987,0.01739483252805206,0.002968719939395446,2.783642590389598e-05,5.182014083097937e-05,0.0013507493997692956,0.015762247480931968,2.6366141106613947e-05,0.0019663223246815017,0.002529782627001436,0.0018868209072440342,0.0006399026035254572,1.53529893417764e-05
OsmundEmanuelANDBraunHenriette,2.897000971856391e-05,3.6177159384799856e-05,2.1371109054002495e-05,0.04488199122483201,2.5519142394504473e-05,7.164051058809973e-06,2.82342317983688e-05,1.9443867812443986e-05,2.9663575909986628e-05,6.241080068576095e-05,3.48942255519479e-05,2.4327061842811802e-05,3.931599796929544e-05,2.773585705710677e-05,0.0001633149433723282,2.5505398193254544e-05,5.599885225908991e-05,3.2834321820719844e-05,5.539160562619564e-05,3.582999427688346e-05,6.504301601584274e-05,2.358746331201087e-05,3.062226189937085e-05,6.13127167583617e-05,2.9820694181636157e-05,4.4957716336705336e-05,2.399506512437009e-05,0.2463334263901504,6.27251302766886e-05,0.00016600945570707513,1.8896772564539482e-05,7.415253260918242e-05,1.8115035619987932e-05,0.00013741288579813165,9.160723238533638e-05,3.968244208114214e-05,2.2797067306489828e-05,5.277539430430453e-05,3.6657761787537604e-05,6.031015503801605e-05,3.130530502889098e-05,9.085210982765614e-05,2.1362930402542363e-05,2.7313947335760128e-05,4.904539028532401e-05,0.0003650905104366912,2.9394096366376172e-05,4.4776286717590885e-05,4.542364520386855e-05,2.7690636791985774e-05,3.748018432654736e-05,0.1816161709705471,3.3168528941907525e-05,2.812805398552732e-05,3.515826181521069e-05,1.3607398523573664e-05,4.3492866433477764e-06,4.6609387026829436e-05,4.0912877546789444e-05,1.747728646722555e-05,9.547963145153608e-05,0.00016509707885903983,0.00014375574660215631,1.797422070525297e-05,2.8173739415329545e-05,3.9827399806565225e-05,0.000230372684241352,5.8118875495012636e-05,0.0005098523698938086,0.000912854420310382,4.527881355523198e-05,2.7591168331375982e-05,3.154002008556903e-05,2.748707257525978e-05,9.265018324149772e-05,9.736256765483805e-06,2.1114260494850125e-05,0.01156492733804888,1.6432419806286096e-05,3.85058634566573e-05,2.588850567048455e-05,3.842238210546216e-05,0.00029018925270077187,0.4963175296307733,3.182303441046435e-05,0.011657646481089452,2.0470073127571787e-05,0.00010032885161603994,0.0011830017710570196,0.0001972950096116794,2.5143341281090674e-05,4.680670897355176e-05,0.00011815669804734874,4.571143699759517e-05,2.381530180626401e-05,4.6069735584418716e-05,1.914256863335764e-05,2.302009882751461e-05,6.358420341636179e-05,1.3867637032066086e-05
OttoGeorgChristian,6.32844835966446e-05,7.902837699752265e-05,4.6684816936857e-05,0.014210745646007706,5.574612380024816e-05,1.5649745240722637e-05,6.167718949582407e-05,4.247479188256671e-05,6.479956690834098e-05,0.00013633531126227332,0.004363018478775196,5.3142044517833146e-05,8.58851154260824e-05,6.058849852040586e-05,0.0003567586602606561,5.571609983108141e-05,0.0007996453849166118,7.172600633747042e-05,0.00012100200143862963,7.827000084264053e-05,0.003724986064394327,5.152640435943231e-05,6.689379981882015e-05,0.0001339365659747733,6.514278904673625e-05,9.820935131511814e-05,5.241680344658486e-05,0.16471190945913775,0.00013702195879999415,0.0031258734285920685,4.127967180569534e-05,0.050007037983672085,3.957198101356342e-05,0.0011959012459971951,0.0002001144097479858,0.30931066194154805,4.979979799884841e-05,0.0007135828002857836,8.007824460778704e-05,0.004261623678749452,6.838589568436692e-05,0.00019846485762221112,0.0005147410549696233,5.966684405431444e-05,0.0015127903764586483,0.013670253081809917,6.42108935208302e-05,9.781302145999088e-05,0.003689002367370753,6.04897156358267e-05,8.187481237511237e-05,0.04785026757673721,7.245607599516648e-05,6.144524590587118e-05,7.680261293476475e-05,2.9725125984555295e-05,9.500941211686001e-06,0.00010181739728098603,8.937347115704299e-05,3.817882905438743e-05,0.00020857359832145535,0.007996249184428306,0.00031403193427090564,3.9264373275482574e-05,6.15450449346258e-05,8.700226386670768e-05,0.0012746037517076432,0.00012695967514856198,0.0020120692419220948,0.0033508385152801108,0.0009946359637211049,6.027242850941578e-05,0.0017179374740944238,6.0045033136255274e-05,0.0002023927177979329,2.1268683978837246e-05,4.6123735715745615e-05,0.006028400583082235,3.589633596214205e-05,8.411539063916693e-05,5.655299146812419e-05,8.393302707589378e-05,0.0013112302514465752,0.0027925839024750235,6.951686653573964e-05,0.003154316909273931,4.47165195886634e-05,0.0008174625027244008,0.3376730505867668,0.00043098752540180716,5.492519278819549e-05,0.00010224844365003862,0.0002581112568498579,9.985584102167731e-05,5.202411359709985e-05,0.00010063853806806479,4.1816609053433806e-05,5.0287006486900204e-05,0.0008162154529128112,3.0293612491183924e-05
PohlEduard,1.9080369310491958e-05,2.382717742839367e-05,1.4075544236489124e-05,0.0001947949787316319,1.6807542217086785e-05,4.718422302555282e-06,1.8595767662642584e-05,1.2806215195988874e-05,1.9537169263345845e-05,4.11053064053599e-05,2.298220528066069e-05,1.602240830118147e-05,2.589449462918219e-05,1.8267525656144158e-05,0.00010756328574751246,1.679848994412333e-05,3.688223761217566e-05,2.1625501423198546e-05,0.003707182454442293,2.359852584922223e-05,4.28389489236265e-05,1.5535290304112373e-05,2.016858371256241e-05,4.0382081005291525e-05,1.964065126689445e-05,2.96102707383972e-05,1.5803747000778797e-05,0.044778919286292095,4.1312331695940734e-05,0.00010933795862329346,1.2445884651420785e-05,4.8838703239538816e-05,1.1931013246453976e-05,9.050354606435314e-05,6.03348028669879e-05,2.613584384009425e-05,1.501471582611297e-05,3.47591879883871e-05,2.4143714130480803e-05,3.97217689078296e-05,2.061845291498408e-05,5.983746035950543e-05,1.4070157573114224e-05,1.798964541457068e-05,3.2302514521475484e-05,0.08099586131596062,1.935968333000785e-05,2.9490776676427752e-05,2.991714308480848e-05,1.8237742464242968e-05,2.4685382080406368e-05,0.4646627451340866,2.1845618549854903e-05,1.8525836312902732e-05,2.315610613410735e-05,8.962171283582815e-06,2.8645484139788982e-06,3.0698102156233725e-05,2.694623925678041e-05,1.151097578425174e-05,6.288526125545533e-05,0.00010873704452695812,9.468111203003809e-05,1.1838269039473375e-05,0.3597471720540953,2.6231316605286625e-05,0.00015172918259525678,3.827853767148525e-05,0.004006501622906291,0.0006012286373199241,2.982175335692508e-05,1.8172230060843106e-05,2.0773042092124754e-05,1.8103670005473864e-05,6.1021716254369336e-05,6.412540989524246e-06,1.3906377383833402e-05,0.00027554860537703645,1.0822800600169212e-05,2.5360919879208736e-05,1.7050814062139595e-05,2.530593698390368e-05,0.00019112586309967162,0.00019476107794176608,2.0959442369225862e-05,0.011348716233992187,1.3482099553337959e-05,0.018419579901195603,0.00812055473420337,0.00012994340295632164,1.656003025209651e-05,3.082806330064142e-05,7.782094162733528e-05,3.0106689921767736e-05,1.5685350406118854e-05,3.034267428720066e-05,1.260777205890454e-05,1.5161609935931186e-05,4.187813864350227e-05,9.13357084123174e-06
ReckeElisavonder,2.2855709929472265e-05,2.8541746067880127e-05,1.686060426470623e-05,0.0002333381213517562,2.013316950473586e-05,5.6520337587310344e-06,2.2275222491606e-05,1.5340119211056027e-05,2.340289468508829e-05,4.923861506424693e-05,2.7529583357987066e-05,1.9192684928902466e-05,3.1018113349065255e-05,2.188203282294112e-05,0.00012884631414100735,2.0122326102195362e-05,0.31223145657969104,2.590443505389737e-05,0.004440704760770557,2.826785230390647e-05,5.131528506334977e-05,1.8609183243936925e-05,2.4159244065004928e-05,4.837228854359098e-05,2.3526852173412522e-05,3.546911214961685e-05,1.8930758171957738e-05,0.21193124826590296,4.948660345024627e-05,0.00013097213297650804,1.4908491800110244e-05,5.8502181818916575e-05,1.4291745274327304e-05,0.00010841104607435676,7.227295921476121e-05,3.130721716391016e-05,1.7985605205575885e-05,4.16368208140353e-05,2.8920914360024078e-05,4.758132367719226e-05,2.46981267160393e-05,7.16772099448367e-05,1.685415176823821e-05,2.1549169758647975e-05,3.869405722086484e-05,0.19815321122931712,2.319029046643177e-05,3.5325974374124935e-05,3.583670384665471e-05,2.1846356574552515e-05,2.9569759533832287e-05,0.2488130479338827,2.616810569441271e-05,2.2191454163088808e-05,2.7737893134290973e-05,1.0735472875945793e-05,3.431342788151905e-06,3.6772187521673e-05,3.227796161180551e-05,1.3788597026021286e-05,7.532806449943446e-05,0.0001302523189071431,0.00011341520686229431,1.4180650218571656e-05,2.222749740027468e-05,3.142158066452656e-05,0.00018175110391213415,4.5852527239227e-05,0.0004022448727616287,0.0007201908470566057,3.572243981353899e-05,2.1767881547967647e-05,2.488330370781903e-05,2.1685755845222145e-05,7.309578883997337e-05,7.681359536726822e-06,1.665796518308977e-05,0.0003300700784918813,1.2964255938482565e-05,3.0378962737636675e-05,2.042457637606288e-05,3.0313100642111933e-05,0.0002289430155119724,0.00023329751277615987,2.51065861084303e-05,0.00040322027273868,1.6149737545274743e-05,7.915382674600445e-05,0.018521337512904138,0.00015565467716524193,1.983668354139652e-05,3.692786345070501e-05,9.32189958867682e-05,3.606375540174215e-05,1.8788935014336945e-05,3.6346432855016574e-05,1.5102411087859478e-05,1.816156454418821e-05,5.016436388868996e-05,1.0940786437120394e-05
RichterCaroline,0.0013602458690733445,0.001970340786588114,0.00026125055546765677,0.01489497872198875,0.0017997641777468705,0.001351362855498079,0.0015297258312829854,0.0005551454951984093,0.0006256589114666048,0.0007991237316727803,0.000997168914762935,0.0009985037274768324,0.0010264035188711474,0.0022183616045683427,0.004895969452380927,0.0016665143884382876,0.00969981379030404,0.0013289489876652562,0.0007036298894323548,0.0015883379757009905,0.0002106874747211566,0.00047591605391537976,7.465522320388404e-05,0.001002506650813438,0.00033460181449391564,0.0018131451087683972,5.8498518121823895e-05,0.26788513207716064,0.0008416295799657464,0.006379004345381981,0.00019647123720483036,0.015654311881371754,4.416336167460885e-05,0.000591785109975941,0.0016026555254233085,9.674339474262459e-05,0.00022974283709899064,0.0013719838097845983,0.0011631487469995407,0.0047032017525862595,0.00017885893692607316,0.0008814181390022196,0.0009830857368935254,0.0008829944113281303,0.0004120647071548232,0.035215391898826796,0.0005440447723782109,0.0032975507857455457,0.0020863214239064533,0.0006894497732473725,0.001331761309319774,0.21348046224864053,0.0002642619038088051,0.0004824071873743503,0.0018154375097824069,0.00034249419966828076,3.0146846515097242e-05,0.0007987689501806141,0.0018235621340148816,4.260856779608932e-05,0.0026612302424294985,0.001298909947680524,0.05240253734021684,0.0003926559330129298,0.0007130599950411048,0.0013841906424474485,0.03412530442917562,0.002413339137120915,0.009951994650967355,0.12260693897358807,0.001985289268032976,0.000364878136736104,0.000806822806756162,8.22260882162907e-05,0.0019590772256111787,0.0003007082582205378,0.0002401581119313246,0.06857114737871026,0.001354314428088953,0.001180321436268112,0.0035819465026194993,0.002913045499427183,0.004069973680599709,0.0020149505747516457,0.00011384612371960802,0.0076700057869587045,0.0005425692513952684,0.0015204184388112,0.028288144902311376,0.016857093422013202,0.0016171788325010756,0.00042592290510416855,0.0014722494791199082,0.00025742020514659514,0.0007098798574423879,0.0008503498832647524,0.00022272646635481376,0.00033844486169078955,0.0011022560285085204,5.214773650386972e-05
RichterCarolineANDJeanPaul,9.109826137974085e-05,0.0004015936940306968,6.720297637072991e-05,0.028394075299460742,0.0003680787995931753,2.252786941507564e-05,8.878455524216835e-05,6.11426288571835e-05,0.007152399645032699,0.00019625521320233103,0.00022698475273255744,0.002530872650692738,0.0016106988935258428,0.0025766374328983245,0.005600142543157435,8.020354338074596e-05,0.002886614343760855,0.00010324986634484089,0.00017418285380640312,0.00011266997200137472,0.0013278143659056732,0.002026981621824222,9.629388618258467e-05,0.0001928022099894598,9.377329933525043e-05,0.004308370776816674,0.002665942522669072,0.2989158768813946,0.0006604747940995086,0.002961476307211502,5.942224883738386e-05,0.00023317792652559463,5.696402127043476e-05,0.002368649747453709,0.0002880654746472666,0.00012478426883570667,7.168700377920012e-05,0.00016595599074554777,0.00011527294596582277,0.002623543558003833,0.0040405105954679455,0.000285690937917677,6.717725801800277e-05,0.00023071064230751768,0.0003627284163265263,0.006413992486935761,0.004937263487899447,0.0001408022265315111,0.0011808323813308414,8.707518198143138e-05,0.0001178591122857909,0.1821370309260185,0.00010430080446935993,8.84506715382646e-05,0.00038652919729154035,4.278943498608752e-05,0.0001131783096952538,0.01297869538351256,0.00016182068346589956,5.495857358237871e-05,0.006174950701864676,0.0021752760439657792,0.0004520501962555853,5.652121872969308e-05,0.0015334216937007252,0.00012524009874007649,0.01434443451231007,0.06368873610226529,0.0058681277934765404,0.08615442490936216,0.00028146211371200315,0.0016554782839485998,9.917984224341764e-05,0.010402366252623372,0.000291345107986151,3.0616353680887955e-05,0.0068868820967673185,0.11692400232333766,5.167291585875546e-05,0.0001210844334504789,0.0010748446990586768,0.0014184881632417047,0.01237646445596428,0.01840020058320564,0.0013310396920207517,0.02220316159844545,6.436960464818183e-05,0.00041974207284793024,0.010653304548603318,0.016735095099787226,0.0016148765819687277,0.0007166228363521552,0.001022488549782626,0.0006289344846191241,0.005301155348902448,0.0012681515326251785,6.019517210323149e-05,7.238834230119642e-05,0.0001999450617627711,0.0010861162195392206
RichterCarolineANDOttoAmöneANDOttoGeorgChristian,8.195201832676594e-05,0.00010234001499190451,6.0455814059828576e-05,0.0008366631382862407,7.219000771883249e-05,2.0266076862558458e-05,7.987060771675774e-05,5.5003923947168566e-05,8.391401798718986e-05,0.00017655123803117458,0.031630730129258725,6.881778215976759e-05,0.00011121934087754644,7.846077678034178e-05,0.0004619946407441953,7.215112733723564e-05,0.00015841275205627682,9.288360513991407e-05,0.00015669493809379384,0.00010135793450374552,0.0001839973991152224,6.67255635882354e-05,8.662600367635186e-05,0.00017344491549221858,8.435848312899617e-05,0.000127178956063459,6.787861087820855e-05,0.20809576777839706,0.0001774404315332341,0.0004696170311535909,5.345626965853277e-05,0.0002097669200114121,5.124484753513783e-05,0.0003887214206920369,0.00025914377179158044,0.00011225595891328538,6.44896462185441e-05,0.00014929405006230227,0.00010369957052190536,0.0001706088116290282,8.855823509816374e-05,0.00025700763796604323,6.043267782339436e-05,7.726725446012371e-05,0.00013874240162683348,0.0010327888907494377,8.315169886092111e-05,0.00012666571759322275,0.00012849700225783984,7.833285511127989e-05,0.00010602608637896024,0.1511479762491355,9.382902933502428e-05,7.957024585466609e-05,9.94576993452321e-05,3.849338622999941e-05,1.2303510498154719e-05,0.00013185129645898523,0.0001157366850438678,4.944074630207642e-05,0.000270098235470562,0.0004670360474087634,0.0004066644676535456,5.084650226065742e-05,7.969948340814953e-05,0.00011266602360728745,0.0006516914086099046,0.00016440999488675394,0.0014422995079186227,0.2863705088855557,0.00012808729421705332,7.805147304803521e-05,8.92222104579691e-05,7.775700102693996e-05,0.00026209413074928845,2.754247929601941e-05,5.97292261839063e-05,0.17460961414814122,4.6484967806376914e-05,0.00010892758609141246,7.323488365282142e-05,0.00010869142927650107,0.01658691360971927,0.11119858525885938,9.002281754667489e-05,0.001445796927033667,5.790691216185625e-05,0.00028381598647073814,0.003346542985801503,0.0005581193931431419,7.112692006256663e-05,0.0001324094920533656,0.00033424841682402044,0.00012931112412327588,6.73700861354478e-05,0.00013032469963253785,5.415159161845344e-05,6.512057052530251e-05,0.000179870626703014,3.922956378825664e-05
RichterCarolineANDRichterEmmaANDJeanPaul,0.0001285760296639949,0.00016056313281933137,9.485023920855313e-05,0.0013126561942395545,0.00011326023157710452,3.179582093345555e-05,0.00012531046625507074,8.629666848311721e-05,0.0001316542470366721,0.0002769944863078169,0.00015486915687136981,0.00010796948484055473,0.00017449407060193015,0.0001230985565547012,0.0007248318936585791,0.00011319923143092625,0.0002485366818707209,0.00014572679738221735,0.00024584157193313806,0.000159022328668853,0.0002886769054595698,0.0001046869646219035,0.0001359091312913548,0.0002721209197127609,0.00013235157657686279,0.00019953340456180704,0.00010649600173394196,0.1533362005409394,0.0002783895583564633,0.0007367908022419068,8.386852518917404e-05,0.0003291071810137872,8.039898432437781e-05,0.0006098721903180482,0.00040657543242264967,0.0001761204397144267,0.00010117899271442242,0.00023423018250667203,0.00016269616450938977,0.0002676713041707769,0.00013894064472666758,0.0004032240127538454,9.481394034144996e-05,0.0001212260174228751,0.00021767550710095616,0.0016203614964571725,0.00013045823053099264,0.0001987281752810506,0.00020160131149134109,0.00012289785789404846,0.00016634627805092218,0.08872534514812781,0.00014721009079996888,0.00012483922300226592,0.00015604101475983617,6.03929820256732e-05,1.9303204034272646e-05,0.0002068639253904716,0.00018158141499429774,7.756849670009445e-05,0.00042376209207666655,0.0007327414493484364,0.0006380233668904977,7.97740130927495e-05,0.00012504198617820298,0.0001767637977590076,0.0010224506436326641,0.00025794586651092105,0.002262850239698645,0.32561404772771924,0.00020095851300655333,0.0001224563923969279,0.00013998236788738454,0.00012199438982404929,0.0004112043048849864,4.3211902614341705e-05,9.37102821190818e-05,0.39762615042533134,7.293112142487035e-05,0.00017089849434425154,0.00011489955665813037,0.00017052798357149266,0.0012879312891468555,0.0013124277485060108,0.00014123845508192068,0.002268337404909029,9.085122011499572e-05,0.0004452841240599336,0.005250452874736763,0.0008756437866202744,0.00011159233378985967,0.00020773968873061532,0.000524408492117299,0.00020287860226779318,0.00010569816790696557,0.000204468819536463,8.495942860766357e-05,0.00010216886146979642,0.00028220233627967485,6.15479845442327e-05
RichterEmma,8.15977987824801e-05,0.00010189767282373366,6.019450712263618e-05,0.019952440528667733,7.187798231472102e-05,2.0178481210159833e-05,7.952538461127598e-05,5.4766181603876757e-05,8.355131813162196e-05,0.0035851686557591706,0.06285171653140935,0.00034531183257544533,0.007346266013437436,7.812164735848142e-05,0.001069228647246644,0.001652496724374223,0.0008386405472039163,0.00519617532717361,0.00015601765874550283,0.00010091983716212162,0.00018320211089419887,6.643715704000131e-05,0.0010494507041473307,0.001135894360344035,8.399386217077338e-05,0.0049729311274555365,0.013353577226189028,0.3167699944748994,0.008090635168866578,0.0011518560813805038,0.0031644788013780677,0.00020886024871362394,5.1023352971471105e-05,0.0014896726994813247,0.00044175170776588674,0.00011177075726210595,0.00592778161254543,0.004829389800971835,0.0009336258523277272,0.0004637446318378477,8.81754616373058e-05,0.004758875020093667,6.0171470887486776e-05,0.010593466951621833,0.00013814271816227952,0.004848885334791137,8.27922939618292e-05,0.0001261182329347777,0.006633118477808054,0.0005874633459584557,0.00010556781197930094,0.1642978431016369,9.342347402729149e-05,7.92263209971602e-05,9.902781535143813e-05,0.007385157987300719,1.2250331284625222e-05,0.010616291319163591,0.0001152364387208312,4.922704956852625e-05,0.0006041831461632702,0.0004650173869870204,0.0014238448847963792,5.062672945667979e-05,0.00042148943314092795,0.0006216481168976139,0.0018516450501743146,0.005258390042463228,0.005103941446294548,0.20710685667443476,0.012981868372232197,0.01823225152189339,0.00038270980631998665,7.742091352072414e-05,0.001627924282385431,2.7423432997173688e-05,5.947105976273227e-05,0.01673144437240915,4.628404677418387e-05,0.005483047310063162,7.291834200268298e-05,0.0029003288068856336,0.002035817511037728,0.0023940958578135907,8.963371375084688e-05,0.00938497743542545,5.765662229156668e-05,0.0018538938330950328,0.007693863916703418,0.0005557070450261257,0.0012735899237239759,0.0010456834960270753,0.0007421653599555509,0.006193560676107684,6.707889378049876e-05,0.0001297613998303419,5.3917533293874304e-05,0.0031760926858741146,0.0027060829413225974,3.906000264148656e-05
RichterEmmaANDJeanPaul,2.3581526372854158e-05,2.9448130891752288e-05,1.739603737347605e-05,0.0002407481141223835,2.077252770139764e-05,5.831522344003401e-06,2.298260470875383e-05,1.582726709669075e-05,2.414608777939985e-05,5.080225918526797e-05,2.8403825477017167e-05,1.980217666453576e-05,0.004568640314409969,2.257692872801352e-05,0.00013293801699168538,2.0761339950775612e-05,4.558294678621023e-05,2.6727068215442355e-05,4.508864931694681e-05,2.916553923135601e-05,5.294487687260618e-05,1.9200145031518037e-05,2.492645613831907e-05,4.990842120091344e-05,2.427398171877213e-05,3.659548559895572e-05,1.95319320409512e-05,0.12339205383561408,5.105812280458457e-05,0.0001351313443084898,1.5381932727035494e-05,6.03600040291614e-05,1.4745600514735129e-05,0.00011185379714740633,7.456809256970022e-05,3.230142356065797e-05,1.855676436198207e-05,4.295905885828012e-05,2.983934022668582e-05,4.909233809019237e-05,2.548245179482913e-05,7.395342441177886e-05,1.7389379968560568e-05,2.2233495111057433e-05,3.9922843510099654e-05,0.0002971828999706804,2.3926732003329036e-05,3.644780227438913e-05,3.697475070710108e-05,2.2540119528261842e-05,3.050879042645087e-05,0.11154207997656816,2.6999112102166793e-05,2.2896176194643635e-05,2.8618750434447594e-05,1.1076393493370764e-05,3.540310088936074e-06,3.793994203224002e-05,3.330299541600548e-05,1.4226474059092472e-05,7.772021718384173e-05,0.00013438867149225876,0.009190291223524294,1.4630977473259732e-05,2.2933364037457723e-05,3.241941884123335e-05,0.00018752287561510502,4.730864119690074e-05,0.009488293097221727,0.6131890802620723,3.685685805276213e-05,2.245915241261626e-05,2.5673509352383648e-05,2.2374418688257736e-05,7.54170523511807e-05,7.925292325359888e-06,1.718696319192339e-05,0.041170286516013885,1.3375954816592155e-05,3.1343691059614096e-05,2.107318862344443e-05,3.1275737417072224e-05,0.009309487786434706,0.0002407062159621712,2.5903882411669768e-05,0.0004160251212934508,1.6662596043340783e-05,8.166747209704072e-05,0.0009629609287095944,0.06367351817682146,2.046662639335505e-05,3.810056167772095e-05,9.617930122223794e-05,3.72090126158676e-05,1.9385605081865866e-05,0.009110775018060352,1.5582010204933785e-05,1.873831154633297e-05,5.175740651543652e-05,1.128822708648529e-05
RichterEmmaANDJeanPaulANDRichterOdilieMinna,2.067402001239155e-05,2.5817296037479792e-05,1.5251176667239035e-05,0.0002110648501125532,1.8211359460641847e-05,5.112519339775158e-06,2.0148942955305094e-05,1.387582938970066e-05,2.1168973292031047e-05,4.4538547101004e-05,2.490174923605917e-05,1.7360648762872058e-05,2.805728188290896e-05,1.979328517421988e-05,0.0001165472997904634,1.8201551114201656e-05,3.996275470813935e-05,2.3431729330069306e-05,3.9529402107885685e-05,2.556954678028612e-05,4.641698873563568e-05,1.6832845183396012e-05,2.185312540391068e-05,4.3754915707335874e-05,0.1789992523427803,3.2083410957949214e-05,1.7123724203032712e-05,0.3468156100867869,4.476286377595357e-05,0.00011847019876334488,1.3485402937871954e-05,5.2917860850747025e-05,1.2927527901132555e-05,9.806267856136141e-05,6.537414981951655e-05,2.831878931681524e-05,1.6268790735551443e-05,3.7662381497576286e-05,2.616027085139008e-05,4.3039452327397745e-05,2.234056905568056e-05,6.483526774729944e-05,1.5245340093292248e-05,1.9492195526433066e-05,3.500051916187644e-05,0.00026054145623105303,2.097666319163221e-05,3.1953936387079153e-05,3.241591421968995e-05,1.976101439919565e-05,2.674718056233968e-05,0.07392566535154294,2.367023131121604e-05,2.007317072571726e-05,2.509017481974801e-05,9.710719192913499e-06,3.10380424368931e-06,3.326210137722185e-05,2.919687143304069e-05,1.2472407627608915e-05,6.813763027976915e-05,0.00011781909448694426,0.00010258916759164262,1.2827037414813932e-05,2.0105773458653205e-05,2.8422236258858448e-05,0.00016440206719233944,4.147567801165194e-05,0.0003638486214174586,0.21940229883190526,3.2312557250485303e-05,1.9690030199838255e-05,2.250806999289503e-05,1.961574379931377e-05,6.611843631032857e-05,6.9481359920431865e-06,1.506788048254126e-05,0.17529924626069354,1.172675395098275e-05,2.7479141340682026e-05,1.847495011296259e-05,2.741956610608471e-05,0.00020708927874029398,0.00021102811782521032,2.2710038990265773e-05,0.0003647309146696863,1.4608165672217667e-05,7.159820470481683e-05,0.0008442317599174026,0.00014079667272058616,1.7943174540620317e-05,3.3402917273214006e-05,8.432078427863522e-05,3.2621292587205425e-05,1.6995438763292682e-05,3.2876987087357945e-05,1.3660811675911055e-05,1.642795388992573e-05,4.5375928647324015e-05,9.896434564942512e-06
RichterEmmaANDRichterCaroline,0.0002544607069229979,0.00031776535945112817,0.00018771507398305192,0.10050463669475106,0.00022414970090994327,6.292609200227788e-05,0.0002479979348518098,0.0001707869758048906,0.00026055270844739585,0.0005481909262858301,0.00030649659381334015,0.00021367895330441202,0.0003453356327402019,0.000243620415126891,0.001434491612026703,0.00022402897747214948,0.0004918709959421755,0.000288403242629349,0.0004865371900862572,0.0003147160032500912,0.0005713112282868668,0.00020718262255357275,0.0002689734137542208,0.0005385458065519646,0.00026193277103152534,0.00039489017752558577,0.00021076283002756472,0.05869576694431575,0.000550951868746371,0.0014581591054163606,0.00016598151509264293,0.0006513254931969202,0.00015911505776415455,0.001206978540919008,0.0008046404312075452,0.0003485543278201877,0.0002002401075779869,0.00046355746074216346,0.00032198677422929354,0.0005297397147842559,0.0002749729850103262,0.0007980077437591287,0.0001876432360564359,0.00023991453283708447,0.00043079463226139837,0.0032068055992769554,0.0002581857104437858,0.0003932965740168149,0.0003989827059736591,0.0002432232188283146,0.00032921059716545665,0.4203604941323323,0.00029133878117912115,0.000247065312406127,0.00030881578027050244,0.00011952181864380668,3.820235355902704e-05,0.0004093977767806754,0.00035936196928988007,0.00015351333025946998,0.0008386539994957778,0.001450145160651183,0.001262691633865333,0.00015787819719362468,0.00024746659452085497,0.0003498275771440037,0.002023499358726101,0.0005104924122463748,0.0044783345166228535,0.008018139564555106,0.00039771056405672815,0.00024234952858626104,0.00027703462599105034,0.00024143519407459398,0.0008138012846115638,8.551929403535053e-05,0.00018545902137661496,0.3463485898430964,0.00014433564921048666,0.0003382197427977653,0.00022739403673276002,0.00033748647678072315,0.002548903611046332,0.0025973837700769896,0.0002795205079732041,0.00448919398974616,0.00017980074323101016,0.0008812475644642493,0.010391003312692366,0.0017329586046357837,0.00022084881775834238,0.00041113097198986463,0.0010378400699516915,0.00040151055128644086,0.00020918386262477564,0.0004046576994088735,0.0001681404871481574,0.00020219912516401519,0.0005584976155563806,0.00012180764717762086
RichterMax,0.005249080270153451,5.469849640149966e-05,3.231230841682845e-05,0.031941251878477996,0.005555541554293925,1.0831774183606068e-05,4.268909037316687e-05,0.0008535620178919267,4.485020459759329e-05,0.001029923053594586,0.0003833410146853027,3.6781597209292956e-05,0.0002940773688811988,0.00011530332302266862,0.003336921913892232,3.856319719449048e-05,0.0011386961304400926,0.0015374340713258017,0.00027887327105325613,5.41735958916473e-05,9.834257962719094e-05,0.007539970845873696,0.006659007267312698,9.270250826775821e-05,4.508776148051545e-05,0.0022722470636466685,0.0032692129201095633,0.2728934022250406,0.005891389523936752,0.00032571070538797036,2.8571205249345987e-05,0.00029982173181722756,2.7389248562430483e-05,0.0002077630849730787,0.00013850666984887663,5.999835123290678e-05,3.446830335033718e-05,7.979439968563739e-05,5.5425149053165486e-05,0.004126956864421162,4.733243691847466e-05,0.0021092150158292613,3.229994260522052e-05,4.129765508022602e-05,0.0002364541591534424,0.016845251456213642,4.4442761722112915e-05,0.0008932992992969263,0.0035622858538016133,0.0006084504582622102,0.0010833650795202246,0.1110075490313192,5.014956098886651e-05,4.2528553536875926e-05,0.0022412830853368966,2.0573871797358192e-05,6.575956870461322e-06,0.004237287367616228,6.185872310937494e-05,2.6424995969616645e-05,0.00014436159074343125,0.0005840725398120582,0.0003650644873523042,0.0037689319183773717,0.00024793691991854215,6.021752182997019e-05,0.0007920678631410492,8.78735411011525e-05,0.006120589150336129,0.13883560077686283,0.019072581282468068,4.1716802738278076e-05,0.001149013068827855,0.005242781967164537,0.0018489908695807605,1.4720851905101526e-05,0.0009074749412937441,0.006897157232905688,2.4845197105766198e-05,0.0023573616743700807,0.00695861551289539,0.0005012268986032174,0.004266046179942178,0.0036645122536314214,0.0004912489345428675,0.018597729303852204,3.094997618241316e-05,0.0013708303069228161,0.013315061474167325,0.20063878313695638,3.801578083997555e-05,0.0020815346118039668,0.0008365580600117593,0.005334213189956958,0.0002571253140253314,0.023879851188583896,2.894283960689043e-05,0.0002442311086598369,0.0017715416308601698,0.02775702229431391
RichterOdilieMinna,6.260414172641741e-05,7.817877989643538e-05,4.618293031535157e-05,0.015106811020601659,0.006747351382002062,1.5481502152677322e-05,0.0013518305628199866,4.201816527040883e-05,6.410293708638775e-05,0.00013486963412673135,7.540636206579816e-05,5.2570739264156774e-05,8.496180473864623e-05,5.993713992419199e-05,0.0003529233148434683,0.002101347642405939,0.0009833028003405513,7.095491360632663e-05,0.0018442799172574441,7.742855668872488e-05,0.00014055784697787494,5.0972468097087e-05,6.617465587880779e-05,0.0001324966766273643,6.444246940417822e-05,9.715354853455995e-05,5.1853294920300996e-05,0.27016063474018126,0.00013554889983807947,0.0003587461514157315,4.083589337024737e-05,0.00016024349684160778,3.914656116273619e-05,0.0002969490124827161,0.0011922919270487696,8.575368984105822e-05,4.926442367354904e-05,0.00011404753732536976,7.921736087128989e-05,0.00013033014245496526,6.765071091990543e-05,0.0011906601084860186,4.6165256263457336e-05,5.902539373399265e-05,0.00010598700498475659,0.0007889599720673376,6.352059225100617e-05,9.676147943624922e-05,0.0005705931456948367,0.018131269521994845,8.099461457922267e-05,0.03411575926263032,7.167713462675671e-05,6.0784676819416836e-05,0.0026628450715547214,2.940556506447308e-05,9.398801038526402e-06,0.00010072280608657381,8.841265878946125e-05,3.776838632837103e-05,0.0002063313211644437,0.0003567745065989987,0.028783287259736844,3.884226037150754e-05,6.0883402955512605e-05,8.606694323913738e-05,0.01449433357416751,0.0001255947910897057,0.0050791055188462875,0.5083062091075564,0.007321840856231695,5.962446783399034e-05,6.815792975815735e-05,5.939951708208081e-05,0.0008085991210036732,2.104003430970729e-05,0.012523434692463819,0.0009040959146453683,3.551043125130575e-05,0.001804674345948174,5.5945016719881075e-05,8.303070237686328e-05,0.006573739713822061,0.00462126441202387,6.876952323287405e-05,0.0011044618250490663,4.423579321091643e-05,0.00021681047769184615,0.031349596980663016,0.007040412339581415,0.0013451511536694777,0.00010114921847781366,0.004565769107123258,9.878233760073131e-05,5.146482669563511e-05,9.955662023742314e-05,4.1367058256886246e-05,4.974639441112688e-05,0.00013740535543170656,2.9967940038682742e-05
RichterOdilieMinnaANDRichterEmma,7.380657238631637e-05,9.216814763974809e-05,5.444693746027116e-05,0.014952485586661976,6.501483598639526e-05,1.825177340939932e-05,7.193203914125725e-05,4.95369263286617e-05,7.557356327825042e-05,0.00015900330456395588,8.889963134579027e-05,6.197778558898219e-05,0.0001001649318813179,7.066233534157586e-05,0.00041607566952429816,6.497982003733967e-05,0.00014266765468713965,8.365163746091756e-05,0.00014112057917689782,9.128367894552408e-05,0.00016570937036039098,6.009351861666589e-05,7.801599693839144e-05,0.00015620572832352028,7.597385175596819e-05,0.00011453827518056516,6.113196123235499e-05,0.21581049469706406,0.00015980411857580262,0.0004229404487084377,4.8143097834679577e-05,0.00018891758473043444,4.615147529310585e-05,0.00035008528478240293,0.00023338672971952315,0.00010109851747998691,5.8079835481517944e-05,0.0001344552866145925,9.339257304972546e-05,0.0001536515129503364,7.975617834225196e-05,0.0002314629123561395,5.442610080067455e-05,6.958744062488175e-05,0.00012495239675357442,0.0009301370433726801,7.48870132344176e-05,0.0001140760489526046,0.00011572531698673755,7.054712817377006e-05,9.548784982896191e-05,0.10772698417476016,8.450309323609993e-05,7.166153110534577e-05,8.957231360466538e-05,3.466741826724453e-05,1.1080629333216513e-05,0.00011874621827527824,0.00010423328426619879,4.4526688851370334e-05,0.00024325239786270736,0.000420615996333989,0.014565225716093219,4.57927226969409e-05,7.177792336804968e-05,0.00010146782466898446,0.0005869179320431452,0.00014806881436719792,0.0012989452268215439,0.3289022273697235,0.00011535633100217041,7.029371348011028e-05,8.035415928838075e-05,7.002850987702084e-05,0.0002360438440459749,2.4804953353984063e-05,5.3792567235422617e-05,0.00106587549526757,4.1864693650338026e-05,9.810096117055336e-05,6.595585870714364e-05,9.788827665819906e-05,0.0007393119399427074,0.0007533736566221285,8.107519174434732e-05,0.001302095027428657,5.2151378225986e-05,0.00025560670228184934,0.0030139204887014662,0.2986812430066104,6.405741165863398e-05,0.00011924893320998662,0.00030102650886483967,0.00011645852094704761,6.067398022098866e-05,0.00011737135428197612,4.876930975251247e-05,5.864805041347212e-05,0.00016199276968377244,3.5330425028420894e-05
SchillerCharlottevon,2.530341239280697e-05,3.1598387159922426e-05,1.8666268701268586e-05,0.00025832716331041807,2.228930505001293e-05,6.257330946907955e-06,2.4660758409426055e-05,1.6982949282693052e-05,2.5909197186590866e-05,5.4511760363861325e-05,3.0477828203929546e-05,2.124810050441709e-05,3.4339957767234037e-05,2.4225460605703524e-05,0.00014264494220759237,2.227730038741133e-05,4.891134197057713e-05,2.8678636760533338e-05,4.838095167642334e-05,3.129516110030627e-05,5.6810828629656495e-05,2.0602109467072766e-05,2.6746546817476567e-05,5.35526557336999e-05,2.604642974055323e-05,0.08279348768214262,2.095812304284909e-05,0.21515616786586705,5.478630674281569e-05,0.00014499842284035574,1.6505097296782195e-05,6.47673967254099e-05,1.5822301105726543e-05,0.00012002118574395061,8.001293757676981e-05,3.466002277829377e-05,1.991175015150407e-05,4.6095861867077474e-05,3.201816198608186e-05,5.26769835159273e-05,2.734314040361011e-05,7.935338731531958e-05,0.004886554422339574,2.385695000541445e-05,4.283794684267857e-05,0.00031888272858811935,2.567382439625896e-05,3.910916355363694e-05,3.967458893331054e-05,2.418596365599641e-05,3.2736494388033665e-05,0.616212027784823,2.8970544864609864e-05,2.456801902095521e-05,3.070844664420273e-05,1.1885174350308275e-05,3.7988179714221854e-06,4.071025701313698e-05,3.573472783750743e-05,1.526526885160309e-05,8.339522537968979e-05,0.00014420152122148283,0.00012556126060873612,1.569930846978298e-05,2.460792226164649e-05,3.478663388894014e-05,0.00020121550147984545,5.0763043876859585e-05,0.015049008654568319,0.0007973187470803296,3.954808794250719e-05,2.409908444872869e-05,2.7548148683953216e-05,2.4008163600895432e-05,8.092388706816644e-05,8.503984723948035e-06,1.8441928251338867e-05,0.0003654185033139806,1.435264602979215e-05,3.3632358154183414e-05,2.261191976038677e-05,3.3559442643387224e-05,0.024592937855121937,0.00025828220581235,2.77953432222177e-05,0.00044640262226510087,1.7879272637107737e-05,8.763070264731835e-05,0.015636960714822172,0.00017232431192620992,2.196106730888812e-05,4.088260485287092e-05,0.00010320216274379085,3.992595627873686e-05,2.080111151902408e-05,4.023890670541024e-05,1.6719784117886415e-05,0.019491687742252014,5.553665105197917e-05,1.211247569969833e-05
SchlabrendorffAmanda,5.3994650949216884e-05,6.742742278283522e-05,0.0034264160476359627,0.0075522008595035744,4.756288311604116e-05,1.3352444133111165e-05,5.262329925265124e-05,3.623971361538327e-05,5.528732792032781e-05,0.00011632199751487887,6.503627534558072e-05,4.534106911192814e-05,7.327762771553054e-05,5.1694422443227673e-05,0.00030438834670218785,4.753726650920273e-05,0.00010437133127189751,6.119700210966682e-05,0.00010323953772740994,6.678037229835848e-05,0.00012122795196058523,4.3962596515574116e-05,5.707413834495585e-05,0.00011427537554447361,5.558016683608504e-05,8.379272995268586e-05,4.4722289653353816e-05,0.21458420688342592,0.00011690784876967749,0.00030941041105102333,3.5220030942386116e-05,0.00013820637804852294,3.37630202659927e-05,0.0002561117816898861,0.00017073865646308214,7.396061063834533e-05,4.248944697767747e-05,9.836341174377316e-05,6.832317529494263e-05,0.009957766452065612,5.834720230730818e-05,0.00016933124999957315,3.9816485446276465e-05,5.090806205337959e-05,9.141138559671348e-05,0.0006804600643012061,5.478506872067429e-05,8.345457925646235e-05,8.466113375351443e-05,5.1610140371707505e-05,6.985601626938474e-05,0.35011534975770847,6.181990134334252e-05,5.242540377389158e-05,6.552838929415403e-05,2.536163227920625e-05,8.106252516552337e-06,8.687113355912841e-05,7.625391099028106e-05,3.257437575979159e-05,0.0001779560802039359,0.00030770991215846533,0.00026793368159464594,3.3500567742040475e-05,5.2510552824913665e-05,7.42307845824568e-05,0.0038159556856860685,0.009953682319018848,0.004336853269801526,0.03462405230537837,8.439119479282708e-05,5.142474986396324e-05,5.878466704000849e-05,5.123073494745503e-05,0.00017268252075524815,1.814655192426043e-05,3.9353011495185176e-05,0.05870273972589371,3.062694076774369e-05,7.176768931175497e-05,0.04746043176890841,7.161209576993912e-05,0.11665433007329362,0.101108667017403,5.931215252706232e-05,0.01911105197140693,3.815236736768942e-05,0.0001869941148025404,0.004666232779835608,0.00036772080097642097,4.6862460501681377e-05,8.723890456581412e-05,0.00022022186842037653,8.519752354417303e-05,4.438724462889906e-05,8.586532473992956e-05,3.567814859817763e-05,0.002504245051561355,0.0035050933182936023,2.5846667926970934e-05
SchlabrendorffAmandaANDMützschefahlAntonievon,9.051431579861926e-05,0.00011303243806488723,6.677220106837452e-05,0.14022994009532855,7.973237620717697e-05,2.2383464356210888e-05,8.821544066280886e-05,6.075070076329289e-05,9.268130400081698e-05,0.00019499720495073705,0.00010902402111150654,7.600782255457116e-05,0.00012283947056635958,8.665831144004098e-05,0.0005102635623060923,7.968943362674908e-05,0.0872411279313441,0.00010258802821214441,0.00017306633076582157,0.00011194775039935049,0.0002032213364560957,7.369701024793211e-05,9.567663631992315e-05,0.017604799197795194,9.317220659270344e-05,0.00014046653672600195,7.497052722367308e-05,0.0557051595291434,0.0001959793008538614,0.0005186823354704752,5.904134848754892e-05,0.00023168324136094444,5.6598878313807666e-05,0.0004293348003939936,0.00028621895684938264,0.00012398439382957062,7.122748557932786e-05,0.00016489220241425835,0.00011453403913708516,0.0001884339174203522,9.78107461158838e-05,0.0002838596410494734,6.674664757190482e-05,8.534009062729453e-05,0.00015323812411107516,0.05338039263773056,9.183933823178259e-05,0.00013989967540978964,0.00014192229159221722,8.651702459211018e-05,0.00011710362796839749,0.480378017209109,0.00010363222975723202,8.788369717443226e-05,0.0001098489798169895,4.2515152018439424e-05,1.358897385810792e-05,0.034972092764608866,0.00012782878412799902,5.460628567147776e-05,0.00029831793628989255,0.000515831692099876,0.0004491525260854792,5.6158914165183006e-05,8.802643738959572e-05,0.00012443730183560377,0.0007197797341239897,0.00018158745204166209,0.001592990091048209,0.0028521355042967988,0.00014146977750231258,8.620624390052253e-05,9.854409322101905e-05,8.588100562017909e-05,0.0002894775675324344,3.0420100929504632e-05,6.596969972918302e-05,0.001307159891881732,5.134168922037202e-05,0.000120308274621703,8.088642014886917e-05,0.0001200474442851315,0.07055960293088484,0.0009239163785161553,9.942834725572488e-05,0.0015968529184040526,6.395699143665011e-05,0.00031346890964513007,0.03852265350374945,0.0006164313708890403,7.855821779344291e-05,0.00014624355596302323,0.00036917048991966933,0.00014282147241937901,7.440887212234134e-05,0.00014394094568683752,5.980931726668293e-05,7.192432847731787e-05,0.0001986634013499916,4.3328244964195334e-05
SchlichtegrollAlfred,3.051591755875728e-05,3.810765767845592e-05,2.251152168627855e-05,0.00031154258154561325,2.6880903839734366e-05,7.5463416692360794e-06,2.9740876798593497e-05,2.048143832025363e-05,3.124649407304249e-05,6.57411877664059e-05,3.675626347952463e-05,2.5625211066682208e-05,4.1413992070651016e-05,2.9215907609233057e-05,0.00017202981277805837,2.6866426215586895e-05,5.898708269429353e-05,3.458643844143182e-05,5.834743195315622e-05,3.774196702403874e-05,6.851386429603098e-05,2.4846145819146687e-05,3.2256337801125116e-05,6.45845074985481e-05,3.141199654512344e-05,4.735676579638041e-05,2.5275498222669824e-05,0.23424680664697078,6.607229072343663e-05,0.000174868110627006,1.9905148783452287e-05,0.0037975840332680295,1.9081696517321923e-05,0.00014474556050423655,9.649560971550206e-05,4.1799990501981885e-05,2.4013572424192135e-05,5.5591613443231545e-05,3.861390615551764e-05,6.35284467273282e-05,3.297582971818012e-05,9.570019204250895e-05,2.2502906602744767e-05,2.8771483793054554e-05,5.166256763886978e-05,0.00038457259856670024,3.0962634467316554e-05,4.716565466616684e-05,4.78475577235052e-05,2.9168274284431867e-05,3.948021509509674e-05,0.0071652825308324555,3.493847964047834e-05,2.962903308798668e-05,3.703438933866393e-05,1.4333521305947072e-05,4.58137480577912e-06,4.9096573518355235e-05,4.309608489738707e-05,1.8409915570131103e-05,0.007539523743406918,0.00017390704720494845,0.0001514268912757019,1.8933367387617083e-05,2.967715639975029e-05,4.1952683512494794e-05,0.00024266591238296658,6.12202353552197e-05,0.0005370592912451309,0.04398571861797914,4.76949975175326e-05,2.906349795286856e-05,3.3223069722203905e-05,2.8953847402429726e-05,9.759421488179789e-05,1.0255806320838363e-05,2.2240967084042534e-05,0.002591902353919445,1.7309292367209276e-05,4.056062687542543e-05,2.726997720866105e-05,4.047269076302805e-05,0.0003056744335912192,0.00031148836279901117,3.352118635697046e-05,0.03773310707302042,2.1562404364070024e-05,0.00010568263505683204,0.04117502327259726,0.0865192334466721,0.08185492508645333,4.930442502814788e-05,0.00012446181729505507,4.815070676407389e-05,2.508614231120465e-05,4.8528125006012574e-05,2.0164061108480437e-05,2.4248505431626892e-05,6.697720602591277e-05,0.4473677858077471
SchmidtLudwigFriedrich,7.042604803017908e-05,8.794661752552764e-05,5.195313247447487e-05,0.0007189924002491913,6.203699499668106e-05,1.7415796848528536e-05,6.863737306421931e-05,4.7268012049514566e-05,7.211210634992983e-05,0.00015172055823926107,8.482780739706309e-05,5.913904905172154e-05,9.557712918424529e-05,0.018108982336402655,0.0003970183702981415,6.200358286507436e-05,0.00013613312170573436,7.982018466851249e-05,0.00013465690609690866,8.710265969458307e-05,0.00015811946956386874,5.734108618739226e-05,7.444267048125521e-05,0.00014905111794001838,7.249406062102273e-05,0.00010929213765596656,5.833196555171651e-05,0.4050815523713506,0.00015248469298008552,0.0004035687255430413,4.593802436292724e-05,0.00018026469006488747,4.4037623081091495e-05,0.0003340505091022958,0.00022269703774891554,9.646795424340135e-05,5.541963474196809e-05,0.004656150848208053,8.911496121016711e-05,0.00014661389197578132,7.610314725408292e-05,0.00022086133599967577,5.193325018564756e-05,6.640016298404548e-05,0.00011922926659150361,0.0008875344562587735,7.145700200354433e-05,0.00010885108253744986,0.0001104248099987189,6.731589445926168e-05,9.111426910809605e-05,0.08015355095937995,8.063264165411401e-05,6.837925496831402e-05,8.54696791374905e-05,3.307956439423977e-05,1.057310898467351e-05,0.00011330734650410795,9.945914092381814e-05,4.248725589447405e-05,0.0002321108337841113,0.00040135073886144953,0.0003494699937339056,4.369530224499819e-05,6.849031617625934e-05,9.682034624575715e-05,0.0005600356328091352,0.00014128689485557616,0.03742735225083678,0.0022191476590407975,0.00011007272448883271,6.707408678807188e-05,7.667373918745126e-05,6.682103016878879e-05,0.0002252324496387523,2.3668824873080124e-05,5.1328734031427174e-05,0.005544909697589811,3.9947186686236926e-05,9.360769345908573e-05,6.293491653925093e-05,9.34047504257209e-05,0.000705449616589201,0.0007188672717143869,7.736174656583795e-05,0.023881725579259695,4.976271555545452e-05,0.1899946094085787,0.17900809408892,0.0050074778055620986,0.027228247109383614,0.00011378703584602657,0.00028723874698729124,0.00011112443139631528,5.7894961208328594e-05,0.009132773710471985,4.653555421936786e-05,5.596182401855194e-05,0.00015457309843054326,3.371220379879768e-05
SchragJohannLeonhard,9.091499933132589e-05,0.00011353280351751957,6.706778438218094e-05,0.0009281678500527587,8.00853308739378e-05,2.2482550180296594e-05,8.860594766816135e-05,6.1019628448173106e-05,9.309158023143586e-05,0.00019586040728793868,0.00010950664233604336,7.634428958286161e-05,0.00012338324922267559,8.704192543590259e-05,0.000512522367501186,8.004219819778111e-05,0.0001757381397227419,0.00010304215895593637,0.00017383245077890448,0.00011244331421942472,0.00020412094490249614,7.402324790609168e-05,9.610017211423272e-05,0.00019241435046934993,9.358465592249449e-05,0.0001410883458582464,7.530240241304857e-05,0.12536461343831293,0.00019684685067634705,0.0005209784084031947,5.930270931074056e-05,0.2869409974046691,5.684942695144488e-05,0.00043123535483135454,0.00028748597435646035,0.00012453324076590116,7.154279128866155e-05,0.00016562213766920872,0.00011504105179040631,0.0001892680657763064,9.824372906388044e-05,0.00028511621447396444,6.70421177669725e-05,8.571786919958277e-05,0.004149397254143581,0.08904632086613264,9.224588729708206e-05,0.00014051897519317883,0.00014255054497582022,8.69000131475334e-05,0.00011762201552878666,0.010265974468207517,0.00010409098291196811,8.82727356369172e-05,0.00011033525292096144,4.270335563191211e-05,1.3649128740827677e-05,0.0001462716937807009,0.00012839464918872547,5.4848013615370246e-05,0.00029963851285866793,0.0005181151459695651,0.0004511408084835525,5.640751519499953e-05,8.841610772620097e-05,0.0001249881536788735,0.008348323929783623,0.00018239129286106492,0.0016000418473545587,0.0028647611726182846,0.0001420960277227414,8.658785670997336e-05,9.898032250752239e-05,8.626117868364071e-05,0.00029075901006862147,3.055476287107909e-05,6.626173057652317e-05,0.0013129463516110068,5.1568965637703775e-05,0.00012084084832635887,8.124448347053586e-05,0.00012057886336115465,0.0009106850833516551,0.0009280063180489578,9.98684909067938e-05,0.001603921774450897,6.424011254344983e-05,0.0003148565556655646,0.3369538287309295,0.0006191601535924144,7.89059747637176e-05,0.11633277506539776,0.0003708047124707314,0.0001434537062446081,7.47382610094322e-05,0.0001445781351315134,6.007407768960325e-05,7.224271893044754e-05,0.0001995428329931532,4.352004793044497e-05
SchwendlerAugusteSophieHenriette,0.0002470854137080781,4.316373695831315e-05,0.0038412389603302683,0.018217494025972208,0.0010744540735586241,8.547581422004156e-06,3.368686141446686e-05,0.0003929368765975713,0.0002747828991372,0.0006555080592962039,4.1633041363694174e-05,2.90251339853104e-05,0.0023573224919495655,3.3092239929410745e-05,0.003211121473867342,3.043103210290277e-05,0.0004340433122400132,0.006801244104497942,0.00013165798520255276,4.2749526897213014e-05,7.760420337100265e-05,2.81427032754062e-05,0.0008459252498792869,7.315350412695554e-05,3.5579703366960845e-05,0.0014707904465129373,0.0006658563983989238,0.25012249015713306,0.0038476579971378024,0.00045793749000348966,5.14620067711522e-05,0.0003481569632597646,2.1613433608061543e-05,0.00027696900765734585,0.0014030520563536651,0.00028035404649588377,0.0019287306307364223,0.00013462588559567517,0.008836755414296292,0.002889753306492069,0.0007032644881521513,0.0009866388693612173,0.000617069341970978,0.002719315052785809,0.02719280200255545,0.0033837113773462937,0.00012349516589444382,0.0001620826967787762,5.419591550605024e-05,3.303828667099961e-05,0.011846671642874099,0.2929979696679527,0.0035007826160457505,0.004279674051267225,4.194806863528584e-05,0.0006817636492419131,5.189226236171689e-06,0.0041352515294312475,0.001571488183855159,0.0019139229148921405,0.0010691949670999686,0.0004650921787256275,0.0018569181921975445,2.1445424343575705e-05,0.002283161107579812,0.0019685772120663953,0.0035992989538262215,0.00017686470884152627,0.007039441149732022,0.013820019761384068,5.4023113791065e-05,3.291960873877886e-05,0.00023433832105168868,0.001793538605306702,0.0005526651279211887,1.1616534662489633e-05,0.00020199699656788835,0.01844756850840035,0.003665036538197109,0.0003314710617973124,0.0003981180184365347,0.003944823143725484,0.20990109857694766,0.00860152873865482,3.7968738006714856e-05,0.017973495205119483,4.550471883938209e-05,0.0010555552922893628,0.015231238830131862,0.003097434597915397,0.00020400016147354588,0.0016976273757888455,0.0010194390576784898,0.0017553340174081566,0.00020241564937982517,0.004593758888885217,0.0007819970792562648,0.002157823442912272,0.0010110004403884071,1.654577217405745e-05
SchwendlerAugusteSophieHenrietteANDSchwendlerFriedrichChristianAugust,3.1612815256129784e-05,3.947744123090107e-05,2.332070057642612e-05,0.00032274101068256706,2.7847140606769893e-05,7.817595672483171e-06,3.0809915578613884e-05,2.1217645661524148e-05,3.236965241601841e-05,6.810426131137324e-05,3.807747103283108e-05,2.654631183186833e-05,4.2902622142279436e-05,3.026607631943193e-05,0.00017821344154007548,0.048681467415566594,6.110737925943889e-05,3.5829651417534354e-05,6.044473620867415e-05,3.909860578947204e-05,7.097660197513583e-05,2.5739243006381102e-05,3.341579507753167e-05,6.690600405603124e-05,3.254110389094961e-05,4.905900946174093e-05,2.6184028524831194e-05,0.1471712444885615,6.844726579718682e-05,0.00018115376228802242,2.0620641339898786e-05,0.006162621548499888,1.9767590000010428e-05,0.00014994845409956373,9.996415402191814e-05,4.330249532568687e-05,2.4876742677784106e-05,5.75898595278099e-05,4.00018868599153e-05,6.581198307515993e-05,3.416114920323816e-05,9.914014498141082e-05,2.3311775822856283e-05,2.98056776448968e-05,0.2737302179943133,0.0003983960989424678,3.207558944847979e-05,4.886102882290878e-05,4.956744295359061e-05,3.0216730810024394e-05,4.089933536064992e-05,0.3380634103967691,3.619434677255933e-05,3.069405163468476e-05,3.836559415369068e-05,1.4848741157536334e-05,4.746052779678594e-06,5.086135474564325e-05,4.464517796328271e-05,1.907166181973401e-05,0.00010418981488523969,0.00018015815334549486,0.00015686994597136276,1.9613929164958265e-05,3.0743904743684905e-05,4.346067690167758e-05,0.0002513885627837338,6.342080281528193e-05,0.000556363940983583,0.0009961300816037175,4.940939895581264e-05,3.0108188282782727e-05,3.4417276273842514e-05,2.9994596332382374e-05,0.00010110224866038572,1.0624452300968745e-05,2.304042086205363e-05,0.0004565355635479502,1.7931476606112837e-05,4.201858265007889e-05,2.82501992567114e-05,4.19274856653591e-05,0.08546052365928658,0.00032268484303771576,3.472610874075123e-05,0.08570157479062546,2.2337467137497128e-05,0.00010948140790457262,0.0012909217773625855,0.000215293358559479,2.7437056824030055e-05,5.107667749866651e-05,0.00012893560971957826,4.988148871662947e-05,2.598786619626025e-05,5.0272473294882035e-05,2.0888860294249088e-05,2.5120120375580733e-05,0.006151089117493331,1.5132720071296579e-05
SchwendlerFriedrichChristianAugust,2.1093494552554893e-05,2.6341127318338158e-05,1.5560622063712742e-05,0.000215347342385103,1.8580866776148125e-05,5.2162520292977065e-06,2.0557763715654943e-05,1.4157369078118342e-05,2.1598490402495406e-05,4.544223136529023e-05,2.540700413103353e-05,1.7712895212879272e-05,2.8626562332913954e-05,2.0194889661000933e-05,0.008234886383806254,1.857085941898771e-05,4.0773596438233896e-05,2.3907157615428e-05,4.033145114151333e-05,2.6088351244604943e-05,4.735878646021838e-05,1.7174382532625312e-05,2.229652391684831e-05,4.464270014090125e-05,2.1712890550764e-05,3.273438130867881e-05,1.7471163468915483e-05,0.20370695115771767,4.567109941118841e-05,0.00012087395149839726,1.3759020898621273e-05,5.399156085362455e-05,1.3189826613164665e-05,0.00010005236402031215,6.670058712671054e-05,2.889337573588292e-05,1.6598883456208515e-05,3.8426548802758495e-05,2.669106106922667e-05,4.391272005486905e-05,2.2793857769051348e-05,6.615077117180829e-05,1.5554667066054894e-05,1.9887690923570325e-05,3.571067745098065e-05,0.00026582782566866126,2.1402278342492903e-05,3.26022797070694e-05,3.307363104027581e-05,2.016196411402109e-05,2.728987914057112e-05,0.32296282993716297,2.4150498786476346e-05,2.048045407238828e-05,2.5599252857731108e-05,9.907749062559618e-06,3.1667802327373144e-06,3.393698728096547e-05,2.9789274081932506e-05,0.1907381226212516,6.95201384282712e-05,0.00012020963635798577,0.0001046706952227202,1.3087297181323395e-05,2.051371831268459e-05,2.8998921609745814e-05,0.00016773777459206502,4.231721685854637e-05,0.02066116695355524,0.012838624388047764,3.2968176964794605e-05,2.0089539649811166e-05,2.296475728953955e-05,2.001374598298425e-05,6.745997514268777e-05,7.089113225716546e-06,1.53736068111828e-05,0.00030462109573993105,1.1964689036575622e-05,2.8036691356163145e-05,1.8849805665899587e-05,2.79759073438766e-05,0.2274585728166968,0.00021530986480200568,2.3170824224914065e-05,0.000372131281537026,1.4904564416840659e-05,7.305092768646591e-05,0.00897733551496054,0.00014365342818036596,1.830724040129889e-05,3.408066032245635e-05,8.603164758389915e-05,3.328317652169664e-05,1.734027512583047e-05,3.354405904685878e-05,1.3937988668705688e-05,1.6761276020777436e-05,4.6296603329481235e-05,1.0097232587576604e-05
SchwendlerFriedrichChristianAugustANDSchwendlerAugusteSophieHenriette,9.708164327090756e-06,1.2123358314579151e-05,7.1616903330026994e-06,0.05612909771455672,0.005611550270276121,2.4007511768982393e-06,9.46159716929923e-06,6.5158508993000864e-06,9.940585876943796e-06,2.0914535919344902e-05,1.1693433278615836e-05,8.152262158682618e-06,1.3175217153099647e-05,9.294586390509513e-06,0.02806972125306292,8.547135444325741e-06,1.876582248819044e-05,1.1003137206401032e-05,1.8562327558210054e-05,1.2007019523221244e-05,2.179661981289453e-05,7.90441467285698e-06,1.0261851945317174e-05,2.054655609069825e-05,9.99323791312812e-06,1.506581814115815e-05,8.041006459081603e-06,0.3683019267185427,2.1019871172982643e-05,5.5631568353338876e-05,6.3325133505444875e-06,2.484931758164369e-05,6.070544825438984e-06,4.604854775499701e-05,3.0698576706964305e-05,1.3298016547682621e-05,7.639544402545771e-06,1.7685606781308187e-05,0.003747616766057357,2.021058678921301e-05,1.0490747103043773e-05,3.0445526951431946e-05,7.158949578231799e-06,9.15319986886794e-06,0.3119166870897164,0.00012234578807578456,9.850280360391507e-06,1.5005019108873536e-05,1.5221955955784327e-05,9.279432589424382e-06,1.2560016098945599e-05,0.11689153312405295,1.1115133635925692e-05,9.426015833118466e-06,1.178191469291179e-05,4.559986766121592e-06,1.4574931057818875e-06,1.561931089555268e-05,1.3710348811649036e-05,5.85682817036611e-06,3.199625961559825e-05,5.532582098027935e-05,4.8174109174808195e-05,6.0233562209050935e-06,9.441325515931226e-06,1.3346593452991244e-05,7.720038401143149e-05,1.947626525819752e-05,0.00017085705657578633,0.00030590741270637283,1.5173421300173694e-05,9.246099629914064e-06,1.056940266313538e-05,9.211216013513983e-06,3.1048080845729096e-05,3.2627251950660187e-06,7.0756175962776595e-06,0.00014020017629480465,5.506682024650503e-06,1.2903732295063894e-05,8.675518913299961e-06,1.287575678923827e-05,0.054259564678262935,9.909517569664095e-05,1.0664243831629836e-05,0.00017127136631681276,6.8597434257223565e-06,3.362128586421144e-05,0.04522042495067746,6.611569664050779e-05,8.425806247919103e-06,1.5685435619110987e-05,3.959559047904136e-05,1.531839810587777e-05,7.980765822329639e-06,1.543846784671802e-05,6.414882277935993e-06,7.714284683176122e-06,0.007491972461230095,4.647195511621681e-06
SchützeStephan,2.7586294694353443e-05,3.444920418353091e-05,0.07431944841733827,0.0002816335261035131,2.430025358227136e-05,6.82186943096143e-06,2.6885660254348595e-05,1.851515662862962e-05,2.8246733594184636e-05,5.942982955662273e-05,3.3227548024964566e-05,2.3165111215462664e-05,3.743812020499902e-05,2.64110897376578e-05,0.00015551441644749375,2.42871658550078e-05,5.332413954886972e-05,3.126603292974381e-05,5.274589726555973e-05,3.4118620967728885e-05,6.193632052780459e-05,2.2460838651373345e-05,2.9159629187918383e-05,5.838419418698882e-05,2.839634731491509e-05,4.2810369195519234e-05,2.284897189064143e-05,0.3513233545990899,5.972914560141264e-05,0.00015808022888753127,1.799419267724707e-05,7.061073284965961e-05,1.7249794386208747e-05,0.000130849537133559,8.723173147907663e-05,3.7787061588057505e-05,2.1708194888207087e-05,5.0254645891828056e-05,3.490685123444792e-05,5.742951852980356e-05,2.9810047646280907e-05,8.651267637316229e-05,2.0342557677564687e-05,2.6009331988159255e-05,4.67028006878279e-05,0.1542529270116615,2.799012539224212e-05,4.2637605327374304e-05,4.325404357329945e-05,2.636802935998089e-05,3.5689991825176245e-05,0.17294150959304372,3.158427708028432e-05,2.678455388733312e-05,3.3478972937801085e-05,1.295745874238599e-05,4.1415485952261776e-06,4.438314997255132e-05,3.895872689599077e-05,1.6642506496418927e-05,9.091917041513853e-05,0.0001572114305389384,0.00013688943939955527,1.7115705313647972e-05,2.6828057211702208e-05,3.792509559531509e-05,0.00021936923110311616,5.534290261844388e-05,0.0004854999312441487,0.0008692531102462366,4.311612962093384e-05,2.6273311881670325e-05,3.0033551842020727e-05,2.6174188124635025e-05,8.822486713727278e-05,9.271217060739144e-06,2.0105765166210447e-05,0.0003983866825035284,1.5647546539380648e-05,3.666668071896457e-05,2.465197469936607e-05,3.6587186746476295e-05,0.0002763287385785014,0.00028158451252498174,3.030304835393536e-05,0.058864539986247987,1.949234657488935e-05,9.553677385384511e-05,0.1815671639678217,0.00018787146879641718,2.3942402122716753e-05,4.457104709184212e-05,0.00011251309627132138,4.3528089364429153e-05,2.2677794734793555e-05,4.386927428292614e-05,1.822824861492203e-05,2.192057359725449e-05,6.054718622429315e-05,1.3205267295294087e-05
SpazierJohannKarlGottlieb,0.002862281032809727,0.004001894436443546,0.0008739097803979519,0.0017710239305554116,0.0032167026531669542,1.381867926729117e-05,0.004426235694104501,0.00025462745678449976,0.004393183061646446,0.0006386369036547067,0.0003163817600837921,4.69242698525958e-05,0.001984945289693352,5.349946695372362e-05,0.0005284385753182581,0.0008818843767743012,0.0015455213620051208,6.333385377559223e-05,0.00010684441330263584,0.006835855714537503,0.0030732220248997784,0.0002255872039806234,0.0006757018251358337,0.00025633387297086907,0.0004438336083008649,0.0031900043229686993,0.006986367176819914,0.2956514210531299,0.00277663398410484,0.0013855630765292671,0.0015366207585869374,0.003407108976269503,0.0005987800706322846,0.16284464084370784,0.002834089713852823,0.000758143067961604,4.397307595342034e-05,0.0025978532336708745,0.0015957953342298113,0.0013499392261182822,0.0013864192126410797,0.0012453500723724048,0.001369453861370052,5.268564875628468e-05,0.00071251835205445,0.0038172168968276642,0.0006089711392239131,0.008152821353082524,0.001024207194872491,0.003656592611037205,7.229521981848419e-05,0.030265021305380797,0.0009342254114483423,0.0018304761948734155,0.0015314190572846044,0.0006917643902121346,8.389303296774637e-06,0.0014671199897680128,0.00064111792667827,0.00012091252851564412,0.0017653326910674204,0.002213454736410798,0.0007948163947281338,0.005947754500360801,0.0043894788911681545,0.012422034628839852,0.0012121937407056722,0.00011210502176049766,0.0077103474753150835,0.0099448184652674,0.0036288037002715394,0.0029917237545385483,0.0028077430204798727,0.003744099365275352,0.0012313647823135785,0.002498761697989559,4.072712371104134e-05,0.0019711565985854576,0.0006076016303606311,0.0016713932227726677,0.0008916202649154055,0.000608130123517963,0.0014814264049562073,0.0013624857943566487,0.0005514588964546468,0.010239845004731511,0.00034078280676579423,0.0032634766852397143,0.29437643601252644,0.0016465867960556069,0.009054331286576992,0.006462122910849503,0.004216059831240327,0.00297859241129243,0.0024054814737157065,0.002302247343014939,3.692394346787612e-05,0.0002974014479142372,0.0019078174135223796,0.0012345288764970801
SpazierJohannKarlGottliebANDLeipzigerAugustWilhelmvon,0.00014269456225235932,0.055081633790072984,0.00010526544799031191,0.0014567948747083856,0.0001256969841713934,3.528722080943492e-05,0.00013907041751588328,9.577263635543481e-05,0.00014611078906897246,0.0003074103864717438,0.00017187485570913108,0.00011982527704578842,0.0001936547199757504,0.00013661562491371006,0.0008044234220208073,0.0001256292857895178,0.0002758277193336575,0.00016172860225374355,0.0002728366677840773,0.0001764840743414798,0.0003203756156148768,0.00011618231352522392,0.00015083288888604604,0.000302001668737135,0.00014688469018991372,0.00022144354506105167,0.00011818999535732895,0.3897873291104779,0.000308958647028648,0.0008176955010371947,9.307786622354724e-05,0.0003652454135626575,8.922734590329343e-05,0.30264575881616484,0.00045122021191450684,0.00019545967560531002,0.00011228914216941435,0.00025995026791871245,0.00018056132263124576,0.0002970634547977719,0.00015419728335167512,0.0004475007833101727,0.00010522516325788492,0.00013453746810318626,0.00024157777526653013,0.029250008196292806,0.00014478344172304388,0.00022054989606574047,0.02767545838274021,0.00013639288815942298,0.00018461224375038057,0.016112838845174143,0.00016337477149299437,0.00013854742851203013,0.0001731753916554787,6.702454692207118e-05,2.1422828632496206e-05,0.00022957900750659186,0.00020152030353937008,8.608605126569009e-05,0.0004702940850331521,0.0008132015013387355,0.0007080827218194202,8.853374853097937e-05,0.00013877245647958246,0.00019617367878912976,0.0011347227581927882,0.0002862700971772857,0.002511326763163112,0.14175495132823193,0.0002230251402169811,0.00013590294671368252,0.00015535339488191222,0.00013539021307998228,0.00045635736641726486,4.795686679514698e-05,0.00010400031577014866,0.0020607194223386084,8.093946028269506e-05,0.00018966432470942252,0.00012751631842395665,0.00018925312930490764,0.001429355004942974,0.0014565413440617199,0.00015674740909158658,0.0025174164568622266,0.00010082730908926452,0.0004941793841877392,0.005826988720565582,0.0009717954983312724,0.00012384593973290402,0.00023055093568624584,0.0005819921521892544,0.00022515606848824658,0.0001173045538874995,0.0002269209025528228,9.428855834219304e-05,0.00011338770532387249,0.00031319009419761035,6.830637666294063e-05
SpazierRichardOtto,3.1138748944297624e-05,3.888543685504039e-05,2.2970982956466133e-05,0.018258395171137975,2.7429544415618795e-05,7.700362875662567e-06,3.0347889563914622e-05,2.089946548860931e-05,3.188423656134615e-05,6.708296865779738e-05,3.750646063371992e-05,2.614822289100945e-05,4.225925369558676e-05,2.9812205727454144e-05,0.0001755409497589635,0.0065768833161336014,0.005753403777919469,3.529234935936195e-05,5.953830592298304e-05,3.8512282436293286e-05,6.99122356524241e-05,2.5353256883268556e-05,3.2914691249827706e-05,6.590268048850683e-05,0.1721187590872221,4.83233197267637e-05,2.5791372390567165e-05,0.3447528184187999,0.012526995452144172,0.00017843717740728327,2.0311413853880306e-05,7.970370458735335e-05,1.947115488630134e-05,0.0007252601989577839,9.846508987882812e-05,0.026717221464317053,2.4503690624175306e-05,0.0013946607826119182,0.0405698931187664,6.482506546475341e-05,3.364886803246874e-05,9.765343769181787e-05,2.2962192038651658e-05,2.9358711199223014e-05,0.004870050882080214,0.0032558506061851336,0.0065810631281981915,4.81283080089373e-05,4.882412874137714e-05,2.9763600204139627e-05,4.0286008236389754e-05,0.17565843025428246,0.00043319938615672964,3.0233763117646748e-05,3.779026305538988e-05,1.46260691841967e-05,4.6748808919870426e-06,5.009863701032928e-05,4.397567812004935e-05,0.001235759487145895,0.0001026273826604304,0.00017745649863328352,0.00015451752161050063,0.0016095110400319288,3.0282868628581815e-05,4.2808939856381924e-05,0.00024761873564780473,6.24697433844631e-05,0.004561824322694675,0.037880193926378376,4.8668454774060785e-05,2.9656685382470825e-05,3.390115421719381e-05,2.954479685887836e-05,9.958611763086363e-05,1.0465127834711967e-05,2.2694906321427053e-05,0.002525625599404726,1.7662575879888645e-05,4.138847127455136e-05,2.7826558791234158e-05,0.00032447089089769995,0.0016498478054787886,0.00031784585567820286,3.420535542720956e-05,0.010718953339824946,2.2002494102803798e-05,0.00010783962286141835,0.10926577332525715,0.003677427062176105,2.7025610256215278e-05,5.0310730779709286e-05,0.002357613645838941,4.913346506884617e-05,2.5598151715590592e-05,4.951858643575569e-05,2.0575610592258322e-05,2.474341862590273e-05,6.834421411106763e-05,1.4905789545367e-05
StainleinJohannGottliebEduardvon,4.794000330748623e-05,5.986650185524119e-05,3.5365229376399274e-05,0.0004894282585788883,4.222945669268494e-05,1.1855178330653847e-05,4.672242705292509e-05,3.217600188244249e-05,4.908772696494361e-05,0.00010327832197380983,5.774348385187485e-05,4.0256784051352816e-05,6.506069866719322e-05,4.589770911266291e-05,0.0002702559992727352,4.220671258387098e-05,0.25832952388062075,5.433472449530149e-05,9.166285350692067e-05,5.929200786702929e-05,0.00010763415108315512,3.903288539349049e-05,5.067417481043636e-05,0.0001014611963455197,4.934772861961057e-05,7.439669819984864e-05,3.970739093982854e-05,0.12173112998623968,0.0001037984792597446,0.009497459780762229,3.1270660522572494e-05,0.14768662651265144,2.997703059039574e-05,0.00022739288884091602,0.00015159301174581675,6.566709583808136e-05,3.772492631832934e-05,8.733350806855261e-05,0.009283406672234694,9.980214228733166e-05,5.1804484748419154e-05,0.00015034342369719592,3.5351695222221915e-05,4.5199526625556e-05,8.116104189598251e-05,0.05594062638534337,4.86417882049125e-05,7.409646576551679e-05,7.516772422468785e-05,4.5822877944826704e-05,6.202276692466861e-05,0.03308154211150143,5.488777541419213e-05,4.654672242775402e-05,5.8180414990562146e-05,2.251772562604243e-05,7.197264277536252e-06,7.712990744336122e-05,6.770323876194728e-05,2.892167379936285e-05,0.000158001115362108,0.000273205103603639,0.00023788914931434672,2.974400797343019e-05,4.66223233570288e-05,6.590697403984031e-05,0.0003812241470325736,9.61759802818735e-05,0.0008437112909691671,0.0015106050827760132,7.492805465667194e-05,4.56582760555989e-05,5.219289471799719e-05,4.5486016848888724e-05,0.0001533189023471541,1.6111702621926714e-05,3.494019255746449e-05,0.0006923241808471968,2.719261289576152e-05,6.372007601664249e-05,4.2840684539833424e-05,6.358192983404579e-05,0.02814844408201107,0.0004893430818219899,5.266123103556677e-05,0.0008457571988963441,3.3874181713216314e-05,0.07394798457602828,0.2509717602239737,0.00032648671868665497,4.160757541632244e-05,7.745643873797948e-05,0.00019552746271817075,7.564396636879321e-05,3.940991592520859e-05,7.623688420362508e-05,3.167740751598336e-05,3.809400219919624e-05,0.0001052200862787756,2.294837218360528e-05
SteinAnnaChristianeCharlottevon,3.2002069510617344e-05,3.996353403316839e-05,2.360785253816873e-05,0.00032671497853351466,2.819002743506009e-05,7.913855127730125e-06,3.118928358561391e-05,2.1478902331549967e-05,3.2768225741966524e-05,6.894284127489119e-05,3.8546325751386484e-05,2.687318132254125e-05,4.343088981038333e-05,3.063874793625984e-05,0.00018040781555467368,2.817484473791773e-05,6.185980536146753e-05,3.627082833069704e-05,6.118900306817324e-05,3.9580033923118984e-05,7.185054958353604e-05,2.6056174914101035e-05,3.3827249745381656e-05,6.772982966341757e-05,3.294178832960674e-05,4.966308182920354e-05,2.650643715627815e-05,0.14282680084835933,6.929006923635315e-05,0.0001833843409984512,2.087454698881948e-05,8.191348660220642e-05,2.0010991875045198e-05,0.00015179479626299287,0.00010119503054885881,4.383568670389488e-05,2.5183054464528322e-05,5.829897377957506e-05,4.049443725511406e-05,6.662233780632553e-05,3.4581781549892776e-05,0.00010036087533749782,2.359881789251022e-05,3.0172680290411303e-05,5.417857999821552e-05,0.10506532353683244,3.2470541924456955e-05,4.946266341931723e-05,5.01777757536728e-05,3.058879482675972e-05,4.140293619992536e-05,0.6685252904938994,3.664001424492674e-05,3.107199298819789e-05,3.8837996583821334e-05,1.5031576366059396e-05,4.804491777330161e-06,5.1487619713294424e-05,4.519490203321326e-05,1.930649460647988e-05,0.00010547272273099023,0.00018237647294475168,0.00015880151370349462,1.985543898661824e-05,3.112245994745529e-05,4.3995815997953006e-05,0.00025448395516812787,6.420171451576955e-05,0.0005632145498052488,0.0010083956096544687,5.001778573185259e-05,3.047891579594571e-05,3.484106235897674e-05,3.036392516752157e-05,0.00010234713875038437,1.0755273084446743e-05,2.332412168948941e-05,0.00046215696768409266,1.815227008817452e-05,4.2535964981629026e-05,0.07390767234223572,4.2443746303425566e-05,0.0003205610466265511,0.0003266581192863956,3.5153697535346615e-05,0.000564580283705555,2.261251236985937e-05,0.00011082947208262395,0.001306817128345336,0.0002179443042314544,2.777489421727835e-05,5.170559377392896e-05,0.00013052321696783062,5.04956884184215e-05,2.6307859445832875e-05,5.0891487259791446e-05,2.1146068571179002e-05,2.542942891549441e-05,7.023905470779777e-05,1.531905196303087e-05
ThieriotPaulEmile,3.895760258110762e-05,4.864946237568214e-05,2.873893317025136e-05,0.00039772528732183975,3.431702706605384e-05,9.633902671459558e-06,0.022522073559005776,2.614726340224138e-05,3.989028007454403e-05,8.392731633522979e-05,4.692422904356915e-05,3.271396925459057e-05,5.28704352828009e-05,3.729796803570897e-05,0.00021961879617107187,3.4298544465071264e-05,7.530480840363106e-05,4.415416055908742e-05,7.448820967885221e-05,4.818260991565111e-05,8.746700443797539e-05,3.1719389483564445e-05,0.007535881278550503,0.052545363257354524,4.010156585748357e-05,6.045717150302559e-05,3.226751458160521e-05,0.24132200120216146,8.4350013027492e-05,0.00022324225856223907,2.5411553630345152e-05,9.971708410991704e-05,2.436030796268169e-05,0.01517419044044841,0.00012318940129786107,5.3363213304492854e-05,3.065649948925933e-05,7.097004306667061e-05,4.929575547628075e-05,0.3148585780375806,4.209800562180623e-05,0.00012217394549415508,2.8727934877315693e-05,3.673060228716399e-05,6.595409672736849e-05,0.0004909577576914738,3.9527895765194383e-05,6.0213192882839855e-05,0.007555785531742995,3.723715780007872e-05,5.040171335271034e-05,0.049367240180100413,4.4603587685052884e-05,3.782537731928777e-05,4.7279293467472355e-05,1.8298634656806465e-05,5.848730539233715e-06,6.267826604064622e-05,5.5017849127471934e-05,2.350269078266969e-05,0.00012839683427154738,0.00022201533406358457,0.00019331644342834,2.417094622138335e-05,3.788681308804562e-05,5.35581461164924e-05,0.0003097951145134265,7.815572296976833e-05,0.015675030776639755,0.031206373914845924,6.088896900502104e-05,3.7103396962735713e-05,4.241364016893607e-05,3.696341354068817e-05,0.0001245919160143102,1.3092892456100321e-05,2.8393534456609344e-05,0.18793015008546007,2.209759977570865e-05,5.178100180703745e-05,3.48137306520546e-05,5.166873973552318e-05,0.00039023382076330533,0.04536586686673592,4.279422546045452e-05,0.0006872897488842968,2.752725944717716e-05,0.00013491785355432582,0.0015908490641635322,0.00026531370373556883,3.381166615771659e-05,6.294361596823052e-05,0.000158891962051186,6.147074209721493e-05,3.202577673016949e-05,6.19525663729555e-05,2.5742089438169895e-05,3.095642252841439e-05,8.550525702943127e-05,1.8648592026121776e-05
ThieriotPaulEmileANDJeanPaulANDRichterCaroline,2.452856394221055e-05,3.0630772161908486e-05,1.809466479437e-05,0.0073787594072579595,2.160675547074025e-05,6.065717139496786e-06,2.3905589495943527e-05,1.6462892472411084e-05,2.5115798217923138e-05,5.2842485390133726e-05,2.9544527288039163e-05,2.0597434993442572e-05,3.328838959704321e-05,2.3483621508118007e-05,0.0001382768273170336,2.1595118418406868e-05,4.741356463706352e-05,2.7800431208090385e-05,4.68994161086944e-05,3.0336831578844917e-05,5.507115091909988e-05,1.9971225681448765e-05,2.592750628497441e-05,5.1912750740791636e-05,2.5248828396721296e-05,3.8065165685947366e-05,2.0316337306006056e-05,0.319610376233721,5.3108624530054584e-05,0.00014055823898164767,1.599967340893573e-05,6.278407067346151e-05,1.5337786001347673e-05,0.00011634586210108565,7.756275814062969e-05,3.3598653484283754e-05,1.930200674954529e-05,4.468430098382026e-05,3.1037692521302735e-05,0.04221993247171832,2.650583080886942e-05,7.692340481903255e-05,1.8087740027093422e-05,2.3126395546565782e-05,4.15261507804519e-05,0.0003091178089664993,2.4887633081605247e-05,3.7911551377333314e-05,3.845966213664794e-05,2.3445334045487516e-05,3.173402793960566e-05,0.11906572759678692,2.8083400417339248e-05,2.381568999998798e-05,2.976808366338803e-05,1.152122308605023e-05,3.682489463094547e-06,3.946361568744058e-05,3.464044861273185e-05,1.4797811350852522e-05,8.084147254313714e-05,0.01432967266691999,0.00012171628718273014,1.5218559681658866e-05,2.3854371312041985e-05,3.372138747269105e-05,0.0001950538218953969,0.24248442333163106,0.0004316859599813696,0.1040527556457202,3.833703489596181e-05,2.3361115278562607e-05,2.6704561266051075e-05,2.3272978635364556e-05,7.844581227186609e-05,8.24357323142065e-06,1.7877194162919136e-05,0.08331783194099976,1.3913135130412242e-05,3.2602458305059455e-05,2.1919490979661256e-05,3.253177563423314e-05,0.0002456998016004126,0.026387629995646224,2.694418614129949e-05,0.021517167040439274,1.7331768352484363e-05,8.494724979452239e-05,0.005687063423326265,0.007295390160191912,2.1288569121150675e-05,3.963068584152058e-05,0.002476156147261022,3.870333203814415e-05,2.016413383471059e-05,3.90066992058698e-05,1.6207786027789524e-05,1.9490844895535945e-05,5.3835991577639905e-05,1.1741563947437355e-05
ThümmelMoritzAugustvon,5.1710174693832274e-05,6.457461526206728e-05,3.814647607367775e-05,0.000527918627557965,4.5550530499512106e-05,1.278751147705731e-05,5.039684393699882e-05,3.4706436451796344e-05,5.294815939831178e-05,0.000111400494428368,6.228463561546428e-05,4.342271990586748e-05,7.017730207911726e-05,4.9507267261533e-05,0.012277952239869324,4.5525997713552924e-05,9.995545259054847e-05,5.860779936897785e-05,9.887154444642788e-05,6.395494103508708e-05,0.00011609888134202833,4.210256952957987e-05,5.465937111239762e-05,0.00010944046361491895,5.322860850252397e-05,8.024751762913916e-05,4.283012057727978e-05,0.28578686875070447,0.00011196155872265763,0.0002963194710266189,3.372989584590283e-05,0.00013235896199074507,3.23345302813038e-05,0.00024527586972992045,0.00016351482225526346,7.083138846787591e-05,4.069174792752118e-05,9.420172397328246e-05,6.543246910627636e-05,0.00010765093567882014,5.587857262092437e-05,0.00016216696218368477,3.8131877545756186e-05,4.8754177234715356e-05,8.754383323372284e-05,0.08969638351074466,5.24671504372557e-05,7.992367385448443e-05,8.10791798670869e-05,0.02402231125736599,6.690045664157525e-05,0.1356515068340115,5.920434416783801e-05,5.0207321278774664e-05,6.275592856398118e-05,2.4288599196834174e-05,7.763282591408592e-06,8.319567611278202e-05,7.302766087151747e-05,3.1196176500253666e-05,0.10193324339649512,0.0002946909190635078,0.0002565975932440345,3.208318194172158e-05,0.049912503014500675,0.15035474243699234,0.0004112049620464504,0.00010373959947035773,0.0009100637304370279,0.013493903274532544,8.082066183671865e-05,4.924900434217427e-05,5.629752852401189e-05,4.9063198062302495e-05,0.00016537644299661325,1.7378783890588605e-05,3.7688012856279594e-05,0.012733213355767397,2.9331136132858903e-05,6.873124812259489e-05,4.620982746599453e-05,6.858223763568393e-05,0.0005179748677065135,0.0005278267521997005,5.6802696465733903e-05,0.1123792542086447,3.653816714959427e-05,0.00017908252341981542,0.002111605375308929,0.0003521627887719948,4.487974228046944e-05,8.354788698309451e-05,0.00021090443381382719,8.159287537750017e-05,4.250925107557397e-05,8.223242236754923e-05,3.416863086122108e-05,4.1089849240791783e-05,0.00011349496594477583,2.475311332254335e-05
TiedgeChristophAugust,3.955044009013423e-05,4.9389785808835825e-05,2.917626802722215e-05,0.0004037776738392563,3.4839246594339284e-05,9.780506632780383e-06,3.854594127100981e-05,2.654515951176133e-05,4.049731060791763e-05,8.520448068464983e-05,4.7638298729999844e-05,3.321179424273985e-05,5.367499139194424e-05,3.786555004787228e-05,0.0002229608462827648,3.4820482734285293e-05,0.17507775736248274,4.4826076714721294e-05,7.562173437626973e-05,4.8915829019196446e-05,8.879803400852126e-05,3.220207944915284e-05,4.180612800759198e-05,8.370535441557188e-05,4.071181163329899e-05,6.137717880794196e-05,3.2758545643570895e-05,0.2906468347091821,8.563360976590705e-05,0.0002266394487307041,2.579825407279013e-05,0.00010123452932816535,2.473101106900478e-05,0.00018759883618157345,0.0001250640366184473,5.4175268265606705e-05,3.1123014921127864e-05,7.205003004635092e-05,5.004591387787386e-05,8.233663698529141e-05,4.273863222956167e-05,0.0001240331281110503,2.91651023677096e-05,3.728955040825625e-05,6.695775351894207e-05,0.2439785076614887,4.0129411713556797e-05,6.11294874419027e-05,6.201327427100954e-05,3.780381443218201e-05,5.116870167373151e-05,0.17185852577637728,4.52823430001882e-05,3.8400985184819844e-05,4.799876634852143e-05,1.8577094219761955e-05,5.937733625001848e-06,6.363207286262101e-05,5.5855083517366064e-05,2.3860343095334768e-05,0.00013035071372904147,0.00022539385350245253,0.00019625823735771065,2.45387677144762e-05,3.8463355852691146e-05,5.437316746863232e-05,0.0003145094231933404,7.93450580687418e-05,0.008304813173644761,0.0012462472195294,6.181554719054933e-05,3.7668018088638374e-05,4.3059069946966e-05,3.7525904468176825e-05,0.00012648789410949708,1.3292133611494001e-05,2.8825613206955244e-05,0.0005711665446062335,2.243387010905947e-05,5.256897945690117e-05,3.534350876960478e-05,5.245500903676109e-05,0.00039617220585149457,0.00040370740312610737,4.3445446797031374e-05,0.000697748584020771,2.794615565330324e-05,0.00013697096665485193,0.10052883981050696,0.000269351116328034,3.4326195353892035e-05,6.390146075403437e-05,0.00016130990126576322,6.240617341763714e-05,3.251312914519112e-05,6.289532985666534e-05,2.6133819810897328e-05,3.142750204060748e-05,8.680643369913193e-05,1.893237706706731e-05
TruchsessvonWetzhausenChristianFreiherr,0.028751786500021508,2.5345153082448612e-05,1.4972265366500209e-05,0.0013967728181757668,1.7878312767510236e-05,5.019022329661036e-06,1.9780462017027833e-05,1.3622070239941096e-05,2.078183818731033e-05,4.3724032629367006e-05,2.444634966777401e-05,1.7043159743252754e-05,2.7544174392523123e-05,1.9431308453715756e-05,0.0004118078725588205,1.7868683794683205e-05,3.9231921662273666e-05,2.3003213272023217e-05,0.0005462750250085509,2.510193462763751e-05,4.5568121596587625e-05,0.02091215450927178,2.1453478624871896e-05,4.295473217265388e-05,2.0891912795563853e-05,3.149667420460467e-05,1.6810568025305123e-05,0.31342362085782566,4.3944247033590014e-05,0.00011630363299882584,1.3238783850279287e-05,5.1950106707953396e-05,1.2691111151073682e-05,9.626932255819903e-05,6.417859687572149e-05,2.7800899416512108e-05,1.597126945673448e-05,0.005452559735403734,0.022354297213339855,4.225235308295011e-05,2.1932007978032673e-05,0.05059711288308718,1.4966535530968882e-05,1.9135725089616783e-05,3.43604347579666e-05,0.0002557767119729992,0.026324868475609605,3.136956744585572e-05,3.1823096695054406e-05,0.0069822960653493395,2.6258032014361517e-05,0.12603363649820817,2.323735356362679e-05,0.1780854591154318,0.003507236246137278,9.533130972653557e-06,3.0470423231021824e-06,3.265380890491997e-05,2.8662923294705493e-05,1.2244314050918942e-05,0.020955580851729463,0.0009863156652191057,0.00010071303181543314,1.2592458420153382e-05,1.973808199785208e-05,2.7902454535924705e-05,0.0007561794517706419,4.071717684445323e-05,0.0003571946107476089,0.03313815482974005,3.17216299030702e-05,1.932994179128808e-05,2.2096445682468927e-05,1.925701392965207e-05,6.490927196343956e-05,6.8210694915669405e-06,0.002335757800444905,0.0011637544138234323,1.1512296780282039e-05,2.6976606800446892e-05,1.8137082912318317e-05,2.691812106907519e-05,0.004459562136638565,0.0010778200954950075,0.012201539461673107,0.09818115124679566,1.434101366303541e-05,7.02888271505143e-05,0.02641881298984804,0.00013822180364752947,1.761503237430089e-05,3.279204958028667e-05,8.277873803947578e-05,3.202471913285527e-05,1.6684628651029052e-05,3.2275737529177553e-05,1.3410984738828814e-05,1.6127521858490472e-05,0.010699103042953543,9.715450008969591e-06
UngernSternbergRosalievon,1.371210346760557e-05,1.712339614199564e-05,1.0115386960957193e-05,0.053991706115233906,1.2078736745945118e-05,3.390893214048987e-06,1.3363844593379855e-05,9.2031839079374e-06,0.0008591469159172148,2.9540319965818958e-05,1.651615708239377e-05,1.1514500419298122e-05,1.8609073221735662e-05,1.3127953543145002e-05,0.03405567327430235,1.2072231331847935e-05,2.65054124490595e-05,1.5541162135194765e-05,2.6217990085674328e-05,1.695907573180808e-05,0.0008758927350615759,1.1164433171224921e-05,1.4494148523092168e-05,2.902057418130289e-05,1.4114749979955769e-05,2.127941495584434e-05,1.1357359520886165e-05,0.260551460595369,2.9689098648173634e-05,7.857570140190963e-05,8.944232436440493e-06,3.509792400485632e-05,0.009928627304622272,6.50403547030516e-05,4.335959362981493e-05,1.8782518782353367e-05,1.0790322430035157e-05,2.497968327503131e-05,1.735087517763079e-05,2.854604102872231e-05,1.4817446932578564e-05,4.300217853944305e-05,0.18889852492192008,1.2928254964880921e-05,2.3214195394988555e-05,0.0034256033597980184,1.3912832430092088e-05,2.1193540572868503e-05,2.1499948704267362e-05,1.3106549858431202e-05,1.77401447380675e-05,0.3863451176243004,1.5699349262843517e-05,1.3313588443320175e-05,1.6641130894837445e-05,6.440662543534511e-06,2.0586071265845606e-06,2.2061184779790265e-05,1.936490928132362e-05,8.272360371975021e-06,4.519248002438054e-05,0.0009232503878683365,6.804256162221855e-05,8.507569602300593e-06,1.3335212300077422e-05,1.885113026535734e-05,0.00010904014576160923,2.7508863198545186e-05,0.00024132364873553696,0.005614244018283052,2.1431396896008357e-05,1.3059469383246868e-05,1.492854241283006e-05,1.3010198713603654e-05,4.385324379390678e-05,4.608371258844945e-06,9.993815237205026e-06,0.0023665552728343747,7.7778034179443e-06,1.8225619837774456e-05,1.225356400719132e-05,1.8186106391409617e-05,0.029779326217371064,0.009898360468460161,1.5062498933503657e-05,0.00024190883228261995,0.006770541174123912,4.7487716003893085e-05,0.0005599391524090455,9.338379971974999e-05,1.1900862323380829e-05,2.215458132940038e-05,5.5926003641540695e-05,2.16361664995337e-05,1.1272273832565836e-05,2.18057566150549e-05,9.060572788421995e-06,0.002845196769113104,3.0095715694280155e-05,6.563838800269308e-06
UtheSpazierWilhelmine,0.00018431036094000496,0.00019677837077148314,0.00028147966218959445,0.004094310277961363,3.850154962714306e-05,1.0808633891692148e-05,0.000576602114289269,0.00010562190521107527,4.475438956219879e-05,0.00023184842439088156,0.0025379908573441076,0.0006231071183772636,0.004399382253208196,0.008369287637080189,0.0021340270815563556,3.8480813309349587e-05,0.0002857416100252997,0.0032608905144958485,0.0043374794999726405,5.4057862974609884e-05,0.002608972875376667,0.0001307843637941265,0.00013225552840054314,0.10597201870375761,4.499143894417756e-05,0.0036844677321282806,0.00027979233546982256,0.29287028306709467,0.0017790549612836193,0.0034119549504784494,0.00021090835611383335,0.0016149418815604017,0.00026304022424017344,0.0065420201503240995,0.0009145643227692183,5.987017469060177e-05,3.439466752782239e-05,0.00022901615000091394,0.000889629211671425,0.0038167643334797224,4.7231319004758504e-05,0.002415425538626432,3.2230939126379643e-05,4.1209429478610056e-05,0.000599321745469736,0.011159827408612214,0.0005798767079478073,0.0039422396868166835,0.0011930739274300744,0.007273357168914954,0.0038123673205390004,0.10065931168134018,0.002888659331820266,0.0003877111284124914,0.0055870340399118736,0.002530712881161189,6.56190842751777e-06,0.0013554020341510946,0.003928633022711556,0.00020278172705881267,0.0044985933849651626,0.004801332502072816,0.0009737781600004941,0.003380707955991755,4.250662539957076e-05,0.0005290523338331948,0.0028914799670877807,0.00019859346375799422,0.01567786691921415,0.02011237405573994,0.00016078195464991693,4.1627681697097195e-05,0.0018338643305263974,0.0016180073196968422,0.0037550176670351387,0.00625992083280134,3.185576285110438e-05,0.001544570173579137,0.0005288407321683568,0.0027556405031521902,0.0007741091499969033,0.014930707458822912,0.0013627723854196451,0.0007182072286044608,4.801243394858866e-05,0.006666361556349922,0.000589023897610293,0.004873105469240415,0.1633555637739942,0.0017261564576006767,3.793456641922959e-05,0.006943438717036548,0.11287536089847196,0.0003046758012021683,0.0011221657620652063,0.00017744567271896618,0.001381029352762039,0.0008915059662228016,0.0024941119648527626,0.001153743847193598
VoßErnestine,1.749886149390211e-05,2.1852222607704917e-05,1.2908869584100552e-05,0.024188905809004367,1.5414421415207443e-05,4.327328103484422e-06,1.705442685128909e-05,1.1744750970437892e-05,1.7917798830770942e-05,3.769822542461335e-05,0.02540334869052572,1.4694364616252432e-05,2.3748186819501767e-05,0.014408241407495668,0.032165209913312544,1.54061194547886e-05,3.382519263952382e-05,1.9833036142159305e-05,0.025218562422823793,2.1642523191033625e-05,3.928817212917766e-05,1.4247622196166682e-05,1.8496877454055938e-05,3.703494575225872e-05,1.8012703558124018e-05,2.7155974709736656e-05,1.4493827417650156e-05,0.358068052813363,3.788809108322074e-05,0.00010027530195251136,1.1414287016160438e-05,4.4790626933019404e-05,1.094209157507268e-05,8.30020106799637e-05,5.533385342026627e-05,2.3969531403806552e-05,1.37701963906419e-05,3.187811547834285e-05,2.2142522644220104e-05,0.04989100180944254,0.01081252547033606,0.08952803158115928,1.2903929403185932e-05,1.64985440434259e-05,2.9625067435420978e-05,0.0009401013642564678,1.7755024111159523e-05,2.7046385109780787e-05,2.7437411436603728e-05,1.672607716076834e-05,2.2639293554530603e-05,0.2245854318845959,2.003490849845994e-05,1.6990291876579433e-05,2.1236774162228936e-05,8.219326965008257e-06,2.627115603639291e-06,0.002450310482104739,2.4712755862469755e-05,1.0556869609306787e-05,5.767291286715084e-05,9.972419561015543e-05,8.683331221430885e-05,1.0857034624344646e-05,1.7017887414729574e-05,2.4057090751707785e-05,0.00013915285954959974,3.5105758070107484e-05,0.0009939753369499708,0.030192851300965558,2.7349928243327447e-05,1.6665994860757693e-05,1.9051234305889707e-05,1.6603117518427593e-05,5.59638308608751e-05,5.881026974564442e-06,1.2753724404475858e-05,0.0002527093056673297,0.0007295001357466876,2.3258838290943958e-05,0.0007016448644934565,2.320841274341811e-05,0.00017528408134346628,0.0001786179854198098,1.922218448920842e-05,0.024095008496922907,1.2364613540322379e-05,6.060200515384465e-05,0.013727339286549565,0.02308740049671995,1.5187424886840096e-05,2.827282853097259e-05,7.137062478727617e-05,2.7611247371987508e-05,0.04603536525514088,2.782767178486123e-05,1.1562756119408215e-05,1.3904914940380115e-05,3.8407000190615346e-05,8.376519788197763e-06
VoßGeorgANDSpazierJohannKarlGottlieb,1.8404784842971567e-05,2.298352127512291e-05,1.357716713993894e-05,0.000187897813386426,1.6212432433084163e-05,4.5513556820441526e-06,1.7937341633771587e-05,1.2352781620708115e-05,1.884541074028753e-05,3.9649878258858704e-05,2.2168467314465152e-05,1.5455097993691985e-05,2.497764034396948e-05,1.7620721792314595e-05,0.00010375475961555138,1.6203700676716087e-05,3.557633695308932e-05,2.0859800685120085e-05,0.0035759211122884937,2.2762965632295705e-05,4.1322137166645096e-05,1.4985227532418155e-05,1.9454468505127743e-05,3.895226032156277e-05,1.8945228724910294e-05,2.856185083286976e-05,1.5244178900779956e-05,0.05381561009180687,3.984957334170486e-05,0.00010546659610644396,1.2005209409855792e-05,4.710945634784856e-05,1.1508568214079676e-05,8.729905934915251e-05,5.819851006234979e-05,2.521044402960961e-05,1.4483085194059286e-05,3.352845879617681e-05,2.328885026545925e-05,3.8315328096340286e-05,1.988840905121021e-05,5.77187771130276e-05,1.3571971203800427e-05,1.7352680541380284e-05,3.115876951751685e-05,0.00023194373623189308,1.8674209105634488e-05,2.844658773367225e-05,2.8857857656325295e-05,1.7591993142991394e-05,2.3811339212737224e-05,0.005618969055989973,0.4567753146229587,1.78698863647044e-05,2.233621080724624e-05,8.644844945925585e-06,2.763122472821661e-06,2.9611165071231825e-05,2.5992145528104064e-05,1.1103403146673517e-05,6.0658663591185495e-05,0.05675657595087096,9.132870895994246e-05,1.141910782958013e-05,1.7898910535360093e-05,2.530253636142643e-05,0.00014635686105562312,3.6923197789461606e-05,0.00032391163346975465,0.0005799407512107995,2.876584542169009e-05,1.7528800357280612e-05,2.0037524642110315e-05,1.746266782874516e-05,5.8861101697489694e-05,6.185490190906936e-06,1.3413990029735984e-05,0.00026579217169326756,1.0439594391653946e-05,2.446295803823949e-05,1.6447090677570433e-05,2.440992193911237e-05,0.000184358611253002,0.003728595674939175,2.021732498763244e-05,0.00032469708387881496,1.3004734734052715e-05,6.373939620573834e-05,0.4150170424017284,0.00012534245717453526,1.5973684199882922e-05,2.9736524641680744e-05,7.506551176349459e-05,2.904069315049903e-05,1.5129974410531516e-05,2.9268321945383508e-05,1.2161364820426733e-05,1.4624778179237382e-05,4.039534658975213e-05,8.81017570705369e-06
VoßHeinrich,4.972334292713474e-05,6.209350012980204e-05,3.668079488231658e-05,0.0060585020096100995,4.380036737354708e-05,1.2296183915894435e-05,4.846047355983069e-05,3.3372930021783786e-05,5.0913761222254595e-05,0.00010712021414568522,5.989150711898011e-05,4.175431248283713e-05,6.748091797487734e-05,4.760507660253817e-05,0.004696732286790627,4.377677719740806e-05,9.611491889215394e-05,5.635594394106708e-05,0.003005689076455237,6.149763530680197e-05,0.0001116380775080799,0.01569775249591225,0.010201645512817449,0.00010523549252441977,5.118343478388762e-05,7.716421113930029e-05,4.118448227421339e-05,0.28298849090434164,0.0001076597209733901,0.0002849341500213716,0.08629158843230773,0.00012727340596918154,0.0244303924909089,0.001691159978754856,0.00015723218165104584,0.0005187065974661506,0.002294480779777072,9.058226264336136e-05,6.291839312483687e-05,0.008655225828432565,5.373158077998965e-05,0.053029935703429065,3.666675726565076e-05,4.688092214202491e-05,0.00040110933504429035,0.010651045273643253,5.0451233805489396e-05,7.685281023691863e-05,7.796391887383939e-05,4.752746175975036e-05,0.0007919840818020929,0.15467924136513778,5.69295680253164e-05,4.827823282707086e-05,6.034469183624314e-05,2.3355371631106963e-05,7.464998229427888e-06,7.99990941416043e-05,0.0009115769428728872,2.999754286891921e-05,0.09277367207683043,0.00028336817101983305,0.0019453626861629415,3.085046738533173e-05,0.007939856577739041,0.0008197570320861788,0.0010292637599305,9.975366956560403e-05,0.001251382050711774,0.05018055328988657,0.002771613114224539,4.735673677810962e-05,5.413443936950147e-05,4.717806963132888e-05,0.00015902227435660084,1.6711048380027452e-05,3.623994694642892e-05,0.00410531249122919,2.8204161927740913e-05,6.609042495881182e-05,4.443433253319555e-05,6.594713982035924e-05,0.0004980730025976918,0.005812195680904127,0.02314829399780991,0.06942045580616099,3.513428113258615e-05,0.00043525173126873957,0.01190561447737374,0.008528411983184674,4.315535248345198e-05,8.03377722062387e-05,0.00020280096807773776,7.845787694254912e-05,4.0875941365917445e-05,7.907285096830926e-05,0.0458957092404695,3.951107643169209e-05,0.00010913421092829297,2.3802037984564296e-05
VoßHeinrichANDTruchsessvonWetzhausenChristianFreiherr,3.258072671257473e-06,4.068614938703759e-06,2.4034726615466354e-06,3.326225957034932e-05,2.8699755794760762e-06,0.11094285100818388,3.175324409962752e-06,2.1867281011877723e-06,3.3360736479894373e-06,7.01894566418719e-06,3.9243315331939525e-06,2.735909864443932e-06,4.421620143430371e-06,3.119275373724067e-06,1.836699258918029e-05,2.868429856609025e-06,6.297834620684065e-06,3.6926672666875183e-06,6.229541455491299e-06,4.029571487855631e-06,7.3149741748821306e-06,2.652731923383022e-06,3.4438909615724785e-06,6.895451151435472e-06,3.3537437403363e-06,5.056108312759874e-06,2.698572305851089e-06,0.29032907286441245,7.054296313355687e-06,1.8670027247625006e-05,0.0764706536075705,8.339463546803462e-06,2.0372827992017687e-06,1.545395297574343e-05,1.0302482575038373e-05,4.462831781187809e-06,2.5638411135394544e-06,0.0006327265292710747,4.122665233105185e-06,6.782699413550693e-06,3.5207084764852777e-06,0.2751715615835014,2.4025528606536115e-06,3.0718258717663064e-06,5.515822993921044e-06,4.1059406819149305e-05,3.3057669982841195e-06,5.035704077844665e-06,5.108508367975651e-06,3.1141897382200037e-06,4.215157863401296e-06,0.12509934836389616,3.7302534152135046e-06,3.16338326690918e-06,3.954026011791459e-06,1.5303375348250437e-06,4.891365964256564e-07,5.2418612065175175e-06,4.601211029359156e-06,1.9655592096718267e-06,1.0737986659861085e-05,1.85674180285274e-05,1.6167294173897762e-05,2.0214462416769226e-06,3.1685212165253283e-06,4.479134254272103e-06,2.590855004960568e-05,6.53626014537295e-06,5.7339852104447936e-05,0.026427894019819542,5.092220073945375e-06,3.1030031533236548e-06,3.547105385534479e-06,3.0912961659428827e-06,1.0419776622052322e-05,1.094974851445819e-06,2.3745865382986344e-06,4.705136290461479e-05,1.8480497042837963e-06,4.330509469277663e-06,2.9115155170504034e-06,4.321120852859139e-06,3.2635738921108005e-05,3.3256470833496365e-05,3.578934205975811e-06,0.08091354581798857,2.302138883745245e-06,1.1283347598582366e-05,0.013295660227941186,2.2188514440828354e-05,2.827711619286341e-06,5.264052750403789e-06,1.3288332056975619e-05,5.1408744799397784e-06,2.678355469208447e-06,5.181170042323796e-06,2.152842899533025e-06,2.588924049670269e-06,7.15091080351884e-06,1.5596049041067542e-06
WagnerJohannErnst,5.694532153224693e-05,0.00043014788935628407,0.0011725514209508835,0.0109480556179533,0.0016700578302170587,1.4082121303395661e-05,0.00022883452613947888,3.822012195255201e-05,0.001667898418278696,0.01436974952533075,0.0002645809119663952,4.781884341882253e-05,0.00023335388664419513,0.0015033315491169233,0.0015539181164719704,5.0135057427756676e-05,0.0013039643466021679,0.00025053669085111355,0.0032447254577024644,0.003950059043947775,0.06710138523170171,0.004464407750750717,0.0005653423852145322,0.00012052023467507387,0.0009377048897144658,8.837178989652561e-05,4.716624923390584e-05,0.2165681933377255,0.006795615773569511,0.0010354301511916486,3.714471621042962e-05,0.002251396071093359,3.560808359989242e-05,0.0030130143675185053,0.0005680548002011876,7.800237022521182e-05,8.790789168532517e-05,0.03674060881990296,0.0005357959445696675,0.0001185495346278308,0.0024199924775826004,0.005189209956876899,4.1992355282650996e-05,0.0001606021810970466,9.64067857278843e-05,0.007517578163982671,0.005575017020904718,0.00042500228136141936,0.00019963276659244438,0.005777493161861465,0.0013859206781856156,0.1042996690969941,0.004372798120458461,0.0002305907639143758,0.006285995171759106,0.0005308121002031417,8.549238634968042e-06,0.0038402779422749057,0.0015793578971356238,0.005592600398142077,0.004779464839742628,0.0068982453693900376,0.0012633935311154635,0.004865145464982669,0.000347779551501699,0.00022677695544620846,0.0014837931191426274,0.00083466059825566,0.007577129551944096,0.018544914065371003,0.000529951597535827,0.005970275684366493,6.199709984064473e-05,5.403036453851659e-05,0.0014296786610493168,1.913821491318692e-05,0.0005529789283851029,0.0013565724295895518,0.00016581664199069587,0.004277231491814375,5.08881182200798e-05,0.00043073126274336434,0.00555806863129106,0.006422579469231461,0.0023231441941707442,0.24358268192506854,4.023729737623186e-05,0.05381377205464877,0.07699969668844027,0.001562715749315814,0.00011805407794664327,9.20062892024926e-05,0.0016230405895089396,0.000372860773131691,0.00013014457458859223,9.055764672661533e-05,3.762786883295849e-05,4.524979253275527e-05,0.005721024063957755,2.725912270500421e-05
WagnerJulianeLouiseAntoinetteKaroline,3.281006184276628e-05,4.097253843688858e-05,2.4203906609703525e-05,0.006646995801859047,2.8901772842745045e-05,8.113665151229448e-06,3.197675459507577e-05,2.202120439676829e-05,3.3595562084350567e-05,0.04425490669210006,3.951954829967518e-05,2.7551678831643194e-05,4.452743845494997e-05,3.1412318951438364e-05,0.00018496277508876115,2.8886206810929023e-05,6.342164961606202e-05,3.7186598829919604e-05,6.273391082092088e-05,4.057935566715384e-05,7.366464142234421e-05,2.6714044541211873e-05,3.4681324460858634e-05,6.943988104017736e-05,3.3773506802337534e-05,5.09169816526374e-05,2.717567506190031e-05,0.4052262172877048,7.103951374082394e-05,0.00018801445222653204,2.14015902132726e-05,8.39816487581635e-05,2.051623194985869e-05,0.00015562733063705626,0.00010375001558530864,4.494245571205165e-05,2.5818879435181453e-05,0.04424399408688084,4.151684597108672e-05,6.830442708744179e-05,3.545490678059364e-05,0.00010289479951679345,2.4194643856159254e-05,3.093448397023098e-05,5.554648769527091e-05,0.0004134842322113223,3.3290362307853635e-05,5.071150305317942e-05,5.14446706349493e-05,3.136110461945918e-05,4.244828281311525e-05,0.07944924162296113,3.7565105997193136e-05,3.185650262969841e-05,3.981858327448341e-05,1.541109552308946e-05,4.9257961984291606e-06,5.278758570190462e-05,4.633598868334202e-05,1.979394744441385e-05,0.00010813571148517805,0.00018698113739168184,0.0001628109545730452,2.0356751642267456e-05,3.190824378517907e-05,4.510662797094704e-05,0.0002609091985219229,6.582268759134974e-05,0.025825562190113543,0.02628198323813468,5.128064116465505e-05,3.124845134886258e-05,3.572073394461079e-05,0.01896722620306948,0.00010493121236163182,1.1026823590876263e-05,2.391301208837325e-05,0.000473825565741917,1.8610580918274916e-05,4.360991844999173e-05,2.9320096206978748e-05,4.351537142284057e-05,0.06344897343163577,0.0003349056251400414,3.6041262573783255e-05,0.07632321746129646,2.318343596589141e-05,0.0001136277087275748,0.020275907459504045,0.00022344698981858883,2.8476158288539837e-05,5.301106319941975e-05,0.0001338186837951378,5.17706099992002e-05,2.6972083636097585e-05,5.217640202019229e-05,2.1679967207170007e-05,2.607147437970506e-05,0.18312093703390706,1.570582934059433e-05
WagnerKarlLudwigFriedrichErnstANDWagnerLudwigAnton,8.928661588826106e-05,0.0001114993113671329,6.586652968873941e-05,0.0009115433857671362,7.86509182051082e-05,2.207986401474927e-05,8.701892177363232e-05,5.992670260097754e-05,9.14242119307975e-05,0.00019235234099826849,0.00010754526297513306,0.006580719215969803,0.00012117332520943834,0.0052707208641175245,0.0005033425518098521,7.860855808063412e-05,0.00017259048444974754,0.00010119656530455208,0.00017071892840308438,0.00011042933597045656,0.00020046492367930242,7.26974135313602e-05,9.437891676255858e-05,0.00018896800668871037,9.190845611663252e-05,0.0001385613049068661,7.395365703314114e-05,0.2552343478300571,0.00019332111614608926,0.0005116471361084402,5.8240535294563414e-05,0.0002285407827107221,5.583119380755968e-05,0.0004235114751961313,0.00028233679760676514,0.00012230271919227862,7.026138450582105e-05,0.00016265567065310417,0.00011298054532407988,0.00018587807527003304,9.648408034838573e-05,0.0002800094826209868,6.584132278965652e-05,8.418257183384544e-05,0.00015115966359823002,0.0011252221344241209,9.059366624807816e-05,0.0001380021322704053,0.00013999731449739782,8.534354233796037e-05,0.00011551528128211989,0.11769333552071097,0.00010222660371829429,8.669167792100228e-05,0.00010835903227129624,4.1938493532305244e-05,1.3404658461805567e-05,0.00014365181360588499,0.00012609496572114836,5.3865627893397425e-05,0.0002942716713382115,0.0005088351577222655,0.0004430604011973108,5.539719715635312e-05,8.68324820650833e-05,0.0001227494841355984,0.004847199951710333,0.00017912447260435717,0.0015713834117652044,0.04203818937459655,0.000139550938127286,8.503697695114343e-05,9.720748062723948e-05,8.471615007251142e-05,0.0002855512098002391,3.0007494869847384e-05,6.507491315615e-05,0.0012894300988879088,5.0645311120428954e-05,0.00011867646139232359,7.97893091572013e-05,0.00011841916885392247,0.0008943737538407613,0.0009113847469717441,9.807974099453963e-05,0.0015751938452786304,6.308950443240372e-05,0.00030921714296186167,0.003646054169592343,0.0006080703427786782,7.749268560561211e-05,0.00014425996696981112,0.0003641632093212098,0.0001408842991961222,7.339961999654838e-05,0.00014198858837675445,5.899808765290275e-05,7.094877570596805e-05,0.5440171104238019,4.274055801115169e-05
WangenheimKarlAugustFreiherrvon,1.5086342296241027e-05,1.883951766281335e-05,1.1129159761115884e-05,0.0005883707376787892,1.3289278153859557e-05,3.7307314547325904e-06,1.4703180617459584e-05,1.0125534931851392e-05,1.544752191166237e-05,3.2500876294995535e-05,1.8171420581250046e-05,1.2668493576213964e-05,2.0474090580060428e-05,1.444364836284451e-05,8.504743911864658e-05,1.328212076155423e-05,2.9161807730975778e-05,1.7098710800048392e-05,2.8845579650589178e-05,1.865872891948124e-05,3.387162148468668e-05,0.0017846611336993494,1.5946764581270207e-05,0.001804306832552511,1.552934238911908e-05,2.3412056264455608e-05,1.2495603881515966e-05,0.20771773480317327,0.0087196947848805,8.645062592453112e-05,9.840631120678515e-06,3.861546820118761e-05,9.433535947232128e-06,7.155875511275654e-05,4.7705129477084285e-05,2.066491900426419e-05,0.2738099826347367,2.7483168664028173e-05,0.1607898262866587,3.1406949865806904e-05,1.6302464236021553e-05,4.7311893938282334e-05,1.1124900669156717e-05,1.4223935820937135e-05,2.5540742066889832e-05,0.00019012352646978386,1.5307188488365755e-05,0.0006141101726143155,2.3654692095234073e-05,1.4420099582399843e-05,0.002192095597494453,0.19585491790500464,1.7272751577979085e-05,1.464788775272277e-05,1.830891937689768e-05,7.0861512951599216e-06,2.26492250722194e-06,2.4272175734001865e-05,2.130567718103122e-05,9.101423458793929e-06,4.9721709325964936e-05,8.597549907554676e-05,7.486184579710685e-05,9.360205560920718e-06,1.4671678771042849e-05,2.0740406789234308e-05,0.00011996824315670866,3.0265825179496692e-05,0.00026550931282010585,0.0028385459367541214,2.3579269965663305e-05,1.4368300661411648e-05,0.01301386183082643,1.4314092042788061e-05,4.824825368612191e-05,5.070226198580043e-06,0.0011925805982894546,0.00021786897896593327,8.557301580548167e-06,2.0052207167441974e-05,1.3481626753919761e-05,2.000873364942394e-05,0.00015111815423827374,0.0008837402317915275,1.6572075559701298e-05,0.0683179940925616,1.0659938779162474e-05,5.224697583371693e-05,0.03871397390010218,0.00010274280461958737,1.3093577003347477e-05,2.4374932566316823e-05,6.153095593176974e-05,0.01826656802202362,1.2401990832172784e-05,2.3991148338431075e-05,9.96863120301487e-06,1.19878831239273e-05,3.311193426208503e-05,7.221672382516133e-06
WestphalenEngelChristine,2.3475028685023915e-05,2.9315138743521205e-05,1.7317474275888938e-05,0.00023966085975648125,2.0678715870237506e-05,5.805186319933234e-06,0.2709918215673858,1.5755788799492416e-05,2.403704044811207e-05,5.057282861091755e-05,2.82755495676885e-05,1.9712747083284962e-05,0.01809645479159013,2.2474967952878564e-05,0.00013233764909308113,2.0667578645164774e-05,4.537708740457121e-05,2.6606364791820793e-05,4.4885022256352e-05,2.903382330918241e-05,5.27057699174313e-05,1.9113434314852303e-05,2.4813884547211693e-05,4.968302733212328e-05,2.4164356799392082e-05,0.16713394491418454,1.9443722924699372e-05,0.19509318166422165,5.082753671199389e-05,0.00013452107101681634,1.53124656262258e-05,6.008740925455301e-05,1.4679007185038903e-05,0.00011134864872813589,7.423133194958506e-05,3.215554551746246e-05,1.847295924831324e-05,4.276504934560343e-05,2.970458131879002e-05,4.887062977436408e-05,2.5367369244468066e-05,7.361943972467868e-05,1.731084693680631e-05,2.2133085333324035e-05,3.974254599847087e-05,0.01836043696140354,2.381867531542007e-05,3.628319856692155e-05,3.680776722197186e-05,2.2438324988959227e-05,3.037100818167411e-05,0.17878057500738773,2.687718008780575e-05,2.2792773650366848e-05,2.8489503891977478e-05,1.102637084946338e-05,3.5243215209056434e-06,3.776859959922864e-05,3.315259412503101e-05,1.4162225181843613e-05,7.736922109915779e-05,0.00013378175222171577,0.00011648840673188203,1.4564901798302911e-05,2.282979354734009e-05,3.227300791376405e-05,0.00018667599435930664,4.709498832209531e-05,0.0004131444595517344,0.0007397057822975207,3.6690406988431315e-05,2.235772353287572e-05,2.555756395761632e-05,2.227337247864562e-05,7.507645770215837e-05,7.889500523986033e-06,1.7109344304501822e-05,0.00033901395251229976,1.3315547011008855e-05,3.1202138279139424e-05,2.0978018962748047e-05,3.1134491525375486e-05,0.0002351466601984269,0.00023961915081460527,2.5786896617830546e-05,0.00041414628983884016,1.658734527611701e-05,8.12986496208465e-05,0.10483004010992254,0.0001598724354958841,0.04066571560938991,3.792849386245087e-05,9.574494116278532e-05,3.704097116904261e-05,1.92980567999707e-05,3.73313083033825e-05,1.551163952441317e-05,1.8653686538520745e-05,5.152366235338224e-05,1.1237247770498464e-05
WilkenFriedrich,7.944689722607416e-05,9.921167067243825e-05,5.860779202751078e-05,0.0008110878989610207,6.998329316453716e-05,1.964658050587074e-05,7.742911147540187e-05,5.332255607711217e-05,8.134892219826916e-05,0.0001711543943563593,9.569337318629246e-05,6.67141502821017e-05,0.0001078195720454178,7.606237645412423e-05,0.0004478723220195959,6.994560128404539e-05,0.00015357036823343418,9.004432571891749e-05,0.00015190506465559254,9.825961056210152e-05,0.00017837294011583484,6.468588694923012e-05,8.397800751824677e-05,0.000168143026332213,8.177980086559939e-05,0.0001232913314154829,6.580368772355685e-05,0.2170187383952262,0.00017201640686336718,0.0004552617101010176,5.182221070769759e-05,0.00020335473458539332,4.967838765430681e-05,0.00037683892831236535,0.00025122222764803714,0.0001088245025917244,6.251831742376007e-05,0.00014473040803548157,0.00010052966711316584,0.00016539361690042883,8.58511742116355e-05,0.015533223412143091,0.045910801425045264,7.490533789610713e-05,0.0001345013039092618,0.031569362492520944,8.060990575285767e-05,0.0001227937816927324,0.00012456908738394076,7.593836511306821e-05,0.00010278506569838776,0.02425508697420071,9.096085005105138e-05,7.713793111797518e-05,9.641746206562596e-05,3.7316714855081535e-05,1.1927415017032887e-05,0.00012782084703678848,0.00011219882938457869,4.792943444760279e-05,0.00026184183370338385,0.0004527596222390704,0.0003942334896298138,4.92922190555549e-05,7.726321811930816e-05,0.00010922203236909392,0.000631770411761008,0.00015938428648121832,0.0013982110888098008,0.01778746956928777,0.00012417190335755989,7.566558437726346e-05,8.649485307700242e-05,7.538011381932522e-05,0.00025408239960815216,2.670055682164284e-05,5.790341459443839e-05,0.0164314021051154,4.506400861471416e-05,0.00010559787194969383,7.099622918047059e-05,0.000105368934010317,0.0007958104246218508,0.01609501876342771,8.727098709290013e-05,0.0014016015983135633,5.613680532990293e-05,0.00027514025851506325,0.5993230541840616,0.0005410587191412723,6.895270212487663e-05,0.00012836197962783655,0.0003240310630729512,0.00012535832305492694,6.53107076383814e-05,0.000126340915442025,5.249627796579229e-05,6.312995554543028e-05,0.0001743723154771487,3.803038883169795e-05
