sender_norm,0,1,2,3,4,5,6,7,8,9,10,11,12,13,14,15,16,17,18,19,20,21,22,23,24,25,26,27,28,29,30,31,32,33,34,35,36,37,38,39
AdelheidLouiseTheresaCarolineAmelia,0.00025718890252449355,0.011549590499377661,0.0008948106756944755,0.011033413553327086,0.19006263806017243,0.0006275031254874058,0.0005424024637344643,0.00016339620365397534,0.0004210509352716026,0.00030026004237080034,0.0005337099713977073,0.0003450631074239406,0.08838814945011819,0.014947554768946976,0.00017897293787461926,0.0026064112403526066,0.040562591652273855,0.0004927110850978747,0.0006972508361815961,0.006679159471351188,0.03878167399321931,0.00018420746383690902,0.0003283069882516828,0.0006931810085810797,0.00028125608794181547,0.001223263382443848,0.2339377023137459,0.0019886533768005616,0.00020377011662246714,0.03544453107308722,0.0005203091599611624,0.0012016410915548705,0.0002590363462694326,0.22530583414053348,0.0007303826366304275,0.0005104300071775203,0.0003117708430256647,0.03616820017266655,0.0009877224620118928,0.049654298353005256
AdersbachGerson,0.0004580651726843335,0.003495193827343968,0.0015936986497414663,0.0025758591297443713,0.0017628291240664113,0.0011176117037513824,0.0009660435414443028,0.0002910160955937618,0.0007499109311519331,0.0005347768383812258,0.000950561815894676,0.0006145731419110781,0.2012571027741964,0.007083227607589852,0.0003187589701136207,0.0924818027178114,0.0038571532984863367,0.000877540928335153,0.0012418355595626902,0.046046195711863636,0.0007713154995460704,0.00032808189973967066,0.0005847297289689954,0.001234587010872109,0.0005009299282628192,0.0021786879100049784,0.34104747910108324,0.003541882419933257,0.0003629238771283604,0.004511178632372864,0.0009266943591555324,0.002140177623158729,0.00046135555430556016,0.02545447054113778,0.00130084480819266,0.0009090991371945734,0.0005552780996640809,0.2400965458105545,0.0017591787813729025,0.0030608017376833442
AretinJohannChristophANDBaboJosephMariusFranzvon,0.0002622554840584063,0.0020010989783319022,0.0009124383073742283,0.026620120646753842,0.0010092703676533078,0.0006398648398415631,0.000553087708236583,0.0001666150835512751,0.0004293455734637797,0.0003061751186867501,0.0005442239751475041,0.0003518607971801779,0.3163884167026124,0.004055351499522279,0.00018249867702278992,0.002657757137980889,0.0022083311845214415,0.0005024174171394495,0.07614708823064854,0.4538340139529671,0.0004416003044060383,0.0001878363223355609,0.0003347745850562224,0.02585220378739616,0.00028679678929976305,0.0012473614815599686,0.044387286052395634,0.0020278295402249968,0.0002077843563501876,0.0025827794961442783,0.0005305591698018233,0.0012253132348903815,0.00026413932215889937,0.014573416385482056,0.0007447710614151625,0.000520485399238903,0.0003179126803311673,0.011735340892253742,0.0010071804414874409,0.0017523970150774364
AretinJohannChristophANDBaboJosephMariusFranzvonANDSchererJoseph,4.519491617745675e-05,0.0003448526573742233,0.23849106456242025,0.00025414666819465696,0.00017392921192955354,0.00011026895359450647,9.531450868332296e-05,2.8713049650938123e-05,7.398982436354372e-05,5.276365859174488e-05,9.378700707389595e-05,6.063674623158571e-05,0.37085771562465614,0.0006988653516592043,0.02603150366738477,0.00045801563121682,0.00038056532215083414,8.658241460702797e-05,0.00012252547752478462,0.2905437265406017,7.610170217498853e-05,3.237014041295245e-05,5.7692251371907436e-05,0.0001218103007988195,4.942415941807278e-05,0.00021495984270642,0.011982675777172908,0.004682801407476914,3.580781771618597e-05,0.00044509461166157473,9.143212883599504e-05,0.00021116023232393524,4.551956107611109e-05,0.011178145120722708,0.00012834761420873645,8.969609949111121e-05,5.478641177287199e-05,0.04102245053344533,0.00017356905153777927,0.0003019934415877147
BassewitzAdelheidHenriettevon,0.0015605639947095817,0.0021076113153853703,0.027719105030379956,0.0001973698069494532,0.042848112992971164,8.563465434375306e-05,7.402106158598432e-05,2.2298498370221253e-05,0.0018972597674352973,4.0976154376429793e-05,7.283480681463837e-05,4.7090378885488994e-05,0.026099163652152608,0.08386088696929292,2.442423798267857e-05,0.012605622538518504,0.000295546287103148,6.723973435338504e-05,9.515304692853223e-05,0.00016292811093855,5.9100433515413834e-05,2.513858792489743e-05,4.480368991904841e-05,9.459764207769875e-05,3.838270582997595e-05,0.001692403105620712,0.3121795838969996,0.0002713893168254368,2.7808281415327306e-05,0.043373033216823766,7.100601296695362e-05,0.00016398662467318137,3.5350402371337345e-05,0.42279334730422924,9.967450692447746e-05,6.965781596286826e-05,4.254702055264765e-05,0.0168252260769362,0.0019745928010853836,0.00023452751786820904
BayreutherPostamtANDOsmundEmanuel,7.05803773367299e-05,0.0005385524023869619,0.0070128933750096606,0.0003968979092608417,0.00027162323655312406,0.00017220574815688452,0.00014885156467862968,4.484083720598493e-05,0.00011554905206931521,8.240039473575385e-05,0.00014646608310029242,9.469570454987592e-05,0.05807976090109115,0.007858740316341848,4.911556200233301e-05,0.0007152777084589075,0.0005943244574945809,0.00013521475445810006,0.00019134661967524323,0.00032763788742971216,0.00011884714719655412,5.055207350796507e-05,9.009732101828268e-05,0.00019022973646247508,7.718513754027655e-05,0.00033570029759300674,0.15405981378776182,0.007313076741528528,5.59206543516919e-05,0.020997090265748784,0.00014278849702046686,0.0003297664900498013,7.108737151628535e-05,0.003922119040772963,0.00020043898312704908,0.00014007736009195856,0.0677588631847342,0.19941089380799007,0.00027106077823915443,0.4674174164317526
BergnerCaroline,0.0001161826784034896,0.0008865135457045734,0.00040422234375497455,0.022932801770973867,0.00044712023837458186,0.000283468661011704,0.00024502523394577714,7.381270496176628e-05,0.0001902058172960643,0.00013563966251173125,0.00024109848192897858,0.0001558790276144455,0.03990669132445317,0.0017965748200604835,8.084934878570171e-05,0.0011774218714444258,0.0009783201779014537,0.0002225776189558141,0.011454709699789891,0.0005393262085641413,0.0001956348266039064,8.321399687316536e-05,0.00014830960768235662,0.0003131380296928337,0.0001270548040511021,0.0005525977784041574,0.5098124191263037,0.0008983555412575756,9.205124208473578e-05,0.0011442057757725622,0.00023504479084746074,0.0005428301109657788,0.00011701724381583798,0.2403906143300298,0.00032994351680879495,0.00023058197608564755,0.00014083955892064967,0.1277359773855525,0.033865393863964616,0.0007763352578458722
BornträgerJohannFriedrichWilhelm,0.00026902009308877337,0.002052715257274872,0.0009359737100212973,0.02730675913274405,0.0010353034531676948,0.0006563694917436858,0.0005673540337594041,0.00017091274734592544,0.00044042009857363164,0.0003140725892779879,0.0005582616698406881,0.00036093668260763796,0.3761372606885573,0.0041599550980837155,0.0001872060416868725,0.0027263112351455605,0.002265292803938056,0.0005153767548981914,0.0007293257330103279,0.0012488056638637682,0.0004529909276287453,0.00019268136604118312,0.0003434097493096584,0.0007250686854114646,0.00029419441592230263,0.0012795358811634233,0.09712014213146143,0.002080135306371707,0.00021314393896628434,0.002649399622567157,0.00054424439497098,0.001256918922769617,0.00027095252284511717,0.37606484612469865,0.0007639816608262433,0.000533910781913004,0.00032611290918799256,0.06362597380911428,0.02682712558615685,0.0017975982840443844
BrockhausFriedrichArnold,0.00021798600094031034,0.002461051051338497,0.002730568484812567,0.001952393251614205,0.001853738192255495,0.0005318538069095663,0.004027738540684851,0.00013848997625380235,0.0006951493265193214,0.001211297919770208,0.009231857801776114,0.0002924656784217894,0.17524922790255917,0.04459001241697086,0.00015169237327458698,0.010592023644639292,0.012584648075999865,0.00041760790611569204,0.0005909699833064863,0.009721998443996169,0.0010305635483794815,0.00015612900864313324,0.004688594607175195,0.009405206585172958,0.000517235715366826,0.0021096818097307594,0.1741596257849,0.0033147493272611744,0.007749926868459799,0.0042382194615586495,0.0089794524174444,0.002175117668080403,0.00021955184172880643,0.1748877938436078,0.0006190515553062941,0.0004326259606553784,0.00026424810174102074,0.038002253876822524,0.282336925604653,0.005470275635153446
CarlAugust,0.0005556880832234059,0.0042400900007945035,0.32161354746356524,0.0031248265701430285,0.002138523501497286,0.0013557972587311946,0.0011719268695100588,0.00035303748460068835,0.0009097320485599744,0.0006487485493186022,0.0011531456765517555,0.0007455510516720702,0.13758897677554985,0.00859280601760391,0.0003866929242288648,0.005631470300727865,0.11123925683777186,0.00106456256772155,0.001506495719218556,0.002579533809922504,0.0009356983614177283,0.00039800275785705137,0.0007093474065936899,0.0014977023588667608,0.0006076881812130934,0.002643010167216935,0.253891463443994,0.004296728872447423,0.00044027026210186044,0.05875263488022477,0.001124191584257269,0.002596292562914975,0.0005596797114134691,0.03087933068908313,0.001578081026766568,0.001102846466251291,0.0006736190421333503,0.024865787305852552,0.0021340951972833293,0.0037131202111980576
CarolineFriederikeWilhelmine,0.00022300303212090185,0.0017015893541531034,0.12906664443747012,0.0012540232929805285,0.0008582102792799564,0.06468948118332414,0.00047030565026464776,0.0001416773760229048,0.00036508431865160565,0.0002603491022209329,0.00046276857487470184,0.0002991968878644397,0.5897606824767344,0.00344837662387303,0.00015518363126039192,0.0022599638003326264,0.0018778045837384608,0.00042721931178947976,0.000604571383489309,0.0010351920050800018,0.00037550485253581183,0.00015972237748874065,0.0002846680129973105,0.0006010425224606415,0.0002438711771691416,0.0010606656845991594,0.08050731797264654,0.0017243190841866158,0.00017668473801318982,0.002196208254739858,0.0004511490160449994,0.001041917455642496,0.00022460491133400264,0.097919357798141,0.0006332992636085161,0.000442583012598066,0.0002703298728645245,0.009978882277108702,0.0008564331577315911,0.0014901112525633753
CottaJohannHeinrich,0.00010572571685446283,0.000806723355053867,0.006511525699002662,0.0005945323269446863,0.007472142098709128,0.00025795521159492353,0.00022297186518960174,6.716923083790183e-05,0.0001730864416266666,0.0001234314852266262,0.014349927908176057,0.00014184921679873114,0.19850835938751676,0.04034014511574567,7.357254519386311e-05,0.037933559690713776,0.007033952156145759,0.1261480907662929,0.0002866272368639713,0.0004907844336383514,0.00017802681577510694,7.572436435994737e-05,0.00013496107857116104,0.000284954204177432,0.03544194272681241,0.0005028615027367824,0.29558961591867294,0.0008174995179555386,8.376621791205042e-05,0.01947227766121301,0.11325812466452272,0.0004939729691265302,0.00010648516764088764,0.03935829376937336,0.0003002471221651971,0.00020982856524197214,0.00012816336766346056,0.0508086259905745,0.00040603488068275827,0.0007064616066957862
CottavonCottendorfJohannFriedrichFreiherr,8.947695413744768e-05,0.0006827397419411856,0.027260035879123637,0.0005031599059714888,0.0003443452811788982,0.000218310618495658,0.4185677420326433,5.68461332393121e-05,0.00014648515101167202,0.0001044615602648779,0.0001856796392251147,0.00012004870946776829,0.4136063846872956,0.0013836145369344225,6.226533570019212e-05,0.0009067799455077497,0.0007534437223578314,0.00017141597763968848,0.0002425761005974049,0.0004153568078472512,0.00015066624946390885,6.408644631134873e-05,0.0001142191946948479,0.00024116019278029352,9.785001543467092e-05,0.0004255777776357336,0.017344495147251646,0.0006918597390659894,7.089236433082274e-05,0.03519782533372,0.006559839471150284,0.0004180553040327547,0.021649102080274516,0.03389907394605611,0.0002541027744163456,0.0001775804550441304,0.00010846620965748734,0.015772459332442684,0.00034363223516437795,0.0005978870104915084
DalbergKarlTheodorReichsfreiherrvon,0.00022392439830598186,0.00170861969305432,0.020872003888757245,0.0012592044541802946,0.0008617560872606656,0.0005463426237705125,0.0004722487795516567,0.00014226273462640397,0.0003665927122492596,0.0002614247685776678,0.000464680563749257,0.0003004330589269481,0.3733643530662544,0.0034626240427733015,0.00015582479272336136,0.01231576461264358,0.06491876433784086,0.020521911376990137,0.21255402077945856,0.011085932512578715,0.0003770562999317037,0.0001603822913751982,0.0002858441561136402,0.03487454698837493,0.0002448787628240195,0.011111511439935511,0.049323343803794065,0.0017314433339394013,0.00017741473410999993,0.002205282176300772,0.00045301299719298057,0.0010462222738422467,0.00022553289589249893,0.12530290263238375,0.0006359158223206355,0.0004444116021827925,0.00027144677608016926,0.042913922263793425,0.000859971623302263,0.001496267842036898
DegenGeorgChristoph,0.00021833464537865545,0.0016659679677256342,0.1891672945834055,0.0012277713373019866,0.0008402443464774013,0.0005327044481020826,0.0004604601847495927,0.00013871147561513364,0.00035744157596427216,0.00025489890593613523,0.0004530808918906334,0.0002929334448460036,0.13779663705647366,0.0033761876694895147,0.00015193498840607907,0.002212653299918848,0.04370686438509736,0.0004182758236574065,0.2518021358343405,0.0010135211040781943,0.0003676439644637744,0.00015637871968096582,0.000278708720133984,0.0005884601870695227,0.0002387659328167006,0.0010384615128762658,0.016019407714906918,0.0016882218693843743,0.00017298598701122642,0.2952288231947999,0.0004417045790557295,0.0010201057628140351,0.0002199029905558734,0.012132755621503349,0.0006200416596289362,0.000433317897910136,0.0002646707372800823,0.0307041675638836,0.0008385044275203951,0.0014589169878496669
DieskauJohannaSidonieDorotheavon,9.248638456193524e-05,0.0007057027246579237,0.00032177828611606947,0.0005200829756491497,0.00035592684623884246,0.00022565318646327465,0.00019505057316191674,5.875807229148489e-05,0.17750549942085322,0.00010797497665998293,0.00019192471049378533,0.00012408637751509368,0.005164321160587773,0.019165559194110192,6.435954193970321e-05,0.0009372782026582367,0.018514193478116885,0.00017718131088471296,0.00025073480363360786,0.0004293267448729732,0.11543589053726624,6.624190302292162e-05,0.00011806079528226985,0.00024927127376561024,0.008968845434377471,0.00043989148248128966,0.05112433040783253,0.027318242577386468,7.327672844041581e-05,0.0009108367688733727,0.00018710571329835145,0.00043211600114971256,9.3150734349091e-05,0.19136121758869026,0.0002626491607752349,0.00018355312174200684,0.0001121143167540998,0.3677144362006794,0.009222894190412341,0.000617996091954151
DoerfferWilhelmine,4.789288772423524e-05,0.00036543910240209766,0.00016662875732517758,0.00026931829672042807,0.009368366039548671,0.00011685160767274126,0.0001010044369799716,3.0427113920363843e-05,7.840674683553517e-05,5.591345643682792e-05,9.938574909942264e-05,6.425653867416242e-05,0.02563441218034137,0.009924638950947626,3.332776311563191e-05,0.0004853574927693621,0.0004032836829244665,9.175106875706392e-05,0.00012983980134871517,0.0002223213469377556,8.064469604454998e-05,3.430251965349482e-05,6.113626821795786e-05,0.00012908193118240827,5.237460135074123e-05,0.00022779216077168017,0.2928116413856505,0.000370320616335536,0.004629972357975512,0.0004716651355048368,9.689029322537703e-05,0.0002237657275168941,4.823691273847463e-05,0.5674806998391473,0.07360844060602922,9.505062926463333e-05,5.805696060037544e-05,0.01132715250001602,0.00018393049043527714,0.00032002134785748607
DoeringHeinrich,0.00010667594583122374,0.0008139739269204758,0.08219687740324297,0.0005998757936195128,0.00041053429809256436,0.19459638439510527,0.00022497586510191494,6.777292643238785e-05,0.00017464208728423632,0.00012454084799470692,0.00022137042243875054,0.00014312411225598818,0.4662263840940991,0.0016495687723855773,7.423379173271135e-05,0.001081078466296841,0.05203935019446048,0.00020436504261430453,0.020745636062974592,0.0311798445154544,0.00017962686393768268,7.640495076221953e-05,0.0001361740656419393,0.000287515281556855,0.00011665845185184695,0.0005073810613211503,0.028283342026783363,0.0008248469425326523,8.45190819256685e-05,0.0010505803019292509,0.00021581207905430703,0.02095484535245733,0.00010744222231876608,0.07752544763909536,0.00030294564740729286,0.0002117144373720193,0.00012931525907963065,0.015001724120133012,0.00040968419251226834,0.0007128110579894153
DönhoffStanislausOttovon,0.00011365260287697897,0.009286930906279505,0.0003954197143677309,0.000639107952748948,0.0004373834343340482,0.04040100665078066,0.0002396893925251585,7.220530770655112e-05,0.006873348928996051,0.00013268587804694836,0.00023584815221555153,0.00015248449653388352,0.10986031189470918,0.0733250943096435,7.908871663719303e-05,0.034588207341806544,0.17728626238222844,0.00021773061254997634,0.00030811738614049084,0.0005275814626188378,0.0001913745453492024,0.008501124572072544,0.00014507991360145086,0.0003063189162394997,0.00012428796948787306,0.0005405640214417896,0.09922330504916352,0.0008787923206443662,9.004666964774417e-05,0.0011192887479474633,0.00022992629055870243,0.0005310090615832031,0.00011446899420732072,0.3523044225468724,0.0003227584352761617,0.00022556066118255416,0.00013777253786306846,0.07864583425512425,0.00043647773144884713,0.0007594292365418899
EhrenbergCarolineAugusteEleonorevon,7.652558753582251e-05,0.028277495536414475,0.00026624754030483386,0.009389358950233663,0.00029450292772510386,0.00018671118733015887,0.00016138980652248216,4.861792388010423e-05,0.00012528211710494916,8.93412426835492e-05,0.040501393605688364,0.00010267222564176881,0.0743812980795042,0.004224300441752589,5.3252722374221236e-05,0.026349325499114323,0.0036034220458618068,0.00014660432430181017,0.00020746435547917401,0.00035523587122431873,0.0001288580212993526,0.16261962027652557,9.768650560528641e-05,0.00020625339363267931,0.006165601838983582,0.00036397740389929105,0.30802842913031553,0.0005917163087947279,6.0631029347358015e-05,0.0007536495151952616,0.00015481602734591633,0.03220121684098316,7.707528745146088e-05,0.13469638980069237,0.00021732259769172436,0.0001518765227105934,9.276623798651462e-05,0.14283481802624953,0.021205507555669793,0.0005113456889426063
EndeHenrietteFreifrauvon,0.0003702457413433669,0.00206214856707196,0.018091346408426138,0.005030521918932272,0.3160068298552034,0.00040128945302570564,9.080590315587297e-05,2.735485333691971e-05,7.048992769819067e-05,0.004631996191018472,0.006233444458524707,5.7768482280977497e-05,0.10862303756387823,0.020753935480358532,2.996262065675441e-05,0.028981441771183166,0.0023889897818627588,0.007840198164764105,0.00011672972771866568,0.002289572564307345,0.0004890226704633302,3.083895490923171e-05,0.0034253247153307495,0.00046700676117393205,0.00023458601859527393,0.004629406665223745,0.2230303833582758,0.0011289409031999243,3.411402180713394e-05,0.0015201678202403817,0.002281420404059847,0.013548280668163186,0.0005628979662193552,0.13787279159972507,0.0002858707900388855,0.0002851066036341296,0.011904841399297152,0.06826130577720446,0.005181412632795603,0.0007281708348953457
FernowCarlLudwig,4.811382771750407e-05,0.0003671249500646939,0.00016739745093024468,0.000270560718831352,0.08783617015147832,0.00011739066878681152,0.00010147039175294274,0.18455900480600412,7.876845369726838e-05,5.617139700537165e-05,9.984423652376588e-05,6.455296764089944e-05,0.12263009872670555,0.0007440015375940902,3.3481511116813864e-05,0.00048759654926148446,0.17570715957473942,9.21743357905808e-05,0.0001304387797398531,0.05096866722668815,8.1016727038042e-05,3.4460764412194396e-05,6.141830271891199e-05,0.00012967741335860909,5.2616216434311044e-05,0.00022884301405823448,0.15576611525699802,0.0003720289834515803,3.812046394270605e-05,0.0004738410262647262,9.7337268585399e-05,0.0002247980060175359,4.8459439791700424e-05,0.13645678029332362,0.00013663693884826948,9.548911786675827e-05,5.832478960576167e-05,0.08057757104079134,0.00018477900058469,0.0003214976738382587
FeuchterslebenCarolineHenrietteSusanneFriederikevon,0.00016884870489474867,0.0012883733282858536,0.0005874577877737872,0.09808598067639768,0.0006498014524987223,0.016601380346359017,0.0003560960548232175,0.00010727226991866362,0.0002764267992028236,0.00019712560996337582,0.00035038929197706714,0.00022653955214860453,0.009428295243197087,0.002610968655415484,0.00011749864972676968,0.0017111514456372814,0.0014217962374509954,0.00032347285512499685,0.0004577565342844876,0.0007838047210066317,0.00028431679797963913,0.00012093520130732005,0.00021553888690400543,0.00045508462615491104,0.00018464920424868004,0.0008030923412457223,0.5304498383710832,0.001305583343065765,0.00013377840159599719,0.0016628783741870212,0.000341591440929105,0.0007888969549843973,0.00017006158181376407,0.3007923024848599,0.0004795081010966818,0.0003351056161652761,0.0002046826381391556,0.02374501270305461,0.0006484558893060237,0.001128250825791508
FichteJohannGottlieb,0.00012086847081834943,0.000922267743363079,0.003201876067486047,0.000679685277601841,0.0004651531555899161,0.0002949013058764243,0.00025490740741990745,7.678966347040867e-05,0.0001978770552826155,0.00014111017937780244,0.0002508222845937232,0.000162165823333639,0.22972142726795786,0.03895381259407872,8.411010392142612e-05,0.0012249087649307672,0.05061878677695422,0.09526139664329006,0.00032767993299422755,0.0005610779076293702,0.014110279684020698,8.657012121731489e-05,0.0029356420513910273,0.00032576727722354607,0.00013217908286163672,0.0005748847364438232,0.23184021260437104,0.0009345873413754286,9.576378355706359e-05,0.009534405819092795,0.01693263003344734,0.0005647231267877015,0.0001217366952953073,0.2278347586313857,0.022594058007743178,0.00023988163494523425,0.00014651979409831245,0.04063923750771798,0.0004641899491170427,0.006370347691937411
FischerFriederikeChristianevon,2.741381061343749e-05,0.00020917674460724253,9.537802820257471e-05,0.13201219508370884,0.0001054999738744847,6.688566914279504e-05,5.7814774553355426e-05,1.7416430250127732e-05,4.4879893669001405e-05,3.200477102837641e-05,5.688824025759232e-05,3.678033765746661e-05,0.20167204402246452,0.19583587452556478,1.907675710602664e-05,0.012757830132070703,0.00023083892061047015,5.2518161714726626e-05,7.43200899631462e-05,0.0022072584249088496,4.616089213649157e-05,1.9634706154266255e-05,3.4994299950957414e-05,7.388628631930791e-05,2.9979136164240025e-05,0.004895790926496698,0.0971847160904058,0.00021197091519993406,2.1719892775056214e-05,0.0002699803522423203,5.5459845396142805e-05,0.0022080851859903328,2.7610729968999162e-05,0.311113357979133,0.003197854688663939,5.440682475344153e-05,3.323170930628842e-05,0.030952133800640547,0.0016937492006686016,0.0022631817456651143
FriedrichWilhelmIII,0.0003755866570262109,0.002865854562960679,0.0013067397039942122,0.0021120538674478926,0.0014454168033264053,0.0009163762466495547,0.0007920992162459528,0.0002386161817200724,0.036626577770593936,0.0004384857373146466,0.0007794051065625938,0.0005039140402572054,0.3810892240519345,0.11384291642905668,0.00026136371660937527,0.003806281200279805,0.003162640164338461,0.0007195322485348827,0.0010182325446380241,0.0017434933546440151,0.0006324336082775029,0.00026900797376042427,0.0004794441866870586,0.03702398381536241,0.0004107332501575417,0.001786396691167127,0.06356882275595277,0.002904136478848561,0.0002975763578943102,0.2917924599495501,0.000759835187645073,0.0017548205077761428,0.00037828457755619774,0.020871177437247423,0.0010666166780500443,0.0007454081344874978,0.0004552955727905138,0.016806655047117945,0.0014424237357652527,0.002509678449771002
FörsterErnstJoachim,0.0025456246625282573,0.008994839677787452,0.030771193220826044,0.0008742080787590315,0.021421272908533483,0.017110450041547258,0.003250208265614424,9.876651206551999e-05,0.015688091982981486,0.03423069099341196,0.039895976648487874,0.03107574378499884,0.08070257956495748,0.07100547254512928,0.00010818202891316124,0.006105216895847687,0.020304319110794604,0.006341716528642614,0.00042146042309684995,0.0007216558248744982,0.00026177294914499054,0.06586416552342961,0.00019844852812506245,0.00041900037403927085,0.031242142613322022,0.0007394141046098267,0.10256470843670315,0.005982390323372852,0.012073991893738336,0.0035463809660290445,0.00031450621113530644,0.019760682162056644,0.00015657717772566917,0.2725896154866098,0.015053224931338342,0.00030853465585566845,0.0016496268505960428,0.06681143559456829,0.0005970389781409668,0.008198672539661325
GentzAnnaHenrietteNanette,3.675378057719101e-05,0.00028044390769144844,0.00012787361705651624,0.00020667923888992206,0.00014144414088793406,8.967382324542262e-05,7.751244684721864e-05,2.3350261839825275e-05,6.0170612086653845e-05,4.290889538806394e-05,7.627023945460508e-05,4.931151232054184e-05,0.026720256863516503,0.3071559998136059,2.557626718467193e-05,0.0003724712298296804,0.00030948645397856924,7.041126165197716e-05,9.964117420595457e-05,0.00017061301565328204,6.188805068932565e-05,2.632431119728357e-05,4.691696604993136e-05,9.905957232053836e-05,4.019312046805031e-05,0.00017481140712193797,0.34452428170917376,0.00028419006083692483,2.9119927341412126e-05,0.0003619634922845457,7.435518605120961e-05,0.00017172145678928706,3.7017790965523074e-05,0.22757814259148765,0.00010437589997316628,7.294339802250978e-05,4.4553855327563576e-05,0.08974455181513713,0.00014115124829886737,0.0002455895845515917
GentzLudwig,0.00015620441493439116,0.0011918930742608556,0.0005434658210440918,0.0008783915309632332,0.0006011408602414293,0.00038111581652294335,0.00032942968640937146,9.923915123763604e-05,0.0002557264888029733,0.0001823637948073581,0.0003241502763475181,0.0002095750644041352,0.18844703171981494,0.0323695749918909,0.00010869972528123214,0.0015830113153460267,0.0013153245656541527,0.00029924948558802164,0.000423477287935815,0.01570217403557721,0.0002630256424656192,0.00011187892958348804,0.00019939818753976824,0.0004210054665120196,0.00017082168877602684,0.0007429525111298614,0.35593334733373466,0.0012078143115092199,0.00012376036265831415,0.001538353188488173,0.00031601125522512635,0.0007298201509669562,0.00015732646517244497,0.1884049847691564,0.0004435999816214024,0.0003100111235496576,0.00018935491248028431,0.0069897949501863755,0.0005998960599842777,0.1957456036021957
GiechAugusteCarolineWilhelmineLouisevon,0.0003896174413573366,0.0029729142429174875,0.18814047015170607,0.0021909538276981134,0.0014994132141590796,0.0009506092984430033,0.0008216896531373918,0.00024753016234478186,0.0006378532917687302,0.00045486624151372726,0.0008085213298154201,0.000522738748451729,0.13382668725257646,0.0060247955565978645,0.0002711274765063934,0.0039484723820635,0.0032807868589365395,0.0007464118024530571,0.0010562706404156183,0.0018086250061128105,0.0006560594197793158,0.00027905730004126243,0.0004973547749797323,0.0010501052273635232,0.000426077005167935,0.0018531310818455835,0.4768703742906293,0.0030126262556833,0.0003086929128132608,0.0411940654588988,0.0007882203377711716,0.001820375307511016,0.00039241614805847903,0.09636482749423383,0.0011064622590730613,0.0007732543334352174,0.0004723040417263372,0.017434500972638354,0.0014963083346241695,0.002603432464751235
GiechSchönburgKarolineWilhelminevon,0.0001837203273909412,0.05424781832410013,0.000639199081600506,0.0010331230376156603,0.0007070337653261277,0.0004482505991579701,0.00038745979020404515,0.00011672044841392933,0.0003007735361715064,0.00021448776656110864,0.000381250394999677,0.0002464923892290585,0.15118129273563946,0.020456257082765085,0.03535849382199477,0.10755380274050147,0.0015470232382921241,0.0003519632494823784,0.000498074180648952,0.0008528395882199168,0.00030935845933863546,0.00013158676456014214,0.00023452282261902309,0.0004951669398938019,0.00020091248125468641,0.0008738259967749995,0.013479724323583629,0.0014205747054661696,0.00014556115046528734,0.001809339073742916,0.0003716776590057832,0.0008583803289329091,0.0001850400304042709,0.5034383019672314,0.08859835727397299,0.00036462058474658965,0.00022271039220352778,0.008221069917794342,0.0007055696894811762,0.0012276233402129116
GleimJohannWilhelmLudwig,0.0003896174413573366,0.0029729142429174875,0.15078348723272408,0.0021909538276981134,0.0014994132141590796,0.0009506092984430033,0.0008216896531373918,0.00024753016234478186,0.0006378532917687302,0.00045486624151372726,0.0008085213298154201,0.000522738748451729,0.2832546189285047,0.0060247955565978645,0.0002711274765063934,0.0039484723820635,0.04063776977791859,0.0007464118024530571,0.0010562706404156183,0.0018086250061128105,0.0006560594197793158,0.00027905730004126243,0.0004973547749797323,0.0010501052273635232,0.000426077005167935,0.0018531310818455835,0.29008545969571903,0.0030126262556833,0.0003086929128132608,0.0038370825399167436,0.0007882203377711716,0.001820375307511016,0.00039241614805847903,0.17107879333219791,0.0011064622590730613,0.0007732543334352174,0.0004723040417263372,0.017434500972638354,0.0014963083346241695,0.002603432464751235
GoldschmidtCaroline,0.0014444904705903981,0.00530153203538031,0.00326490500453482,0.03771394615378398,0.0321430782238919,0.0028798739931075418,0.0036135875859711697,0.00023535663511012778,0.0023484349579545433,0.0004324959310564535,0.0007687582709014233,0.0004970304697894204,0.08433493838549849,0.026419324820166793,0.000257793433947506,0.006217131908995582,0.005164139645544042,0.0023542538476953095,0.0029803389129069197,0.0029258492870206042,0.0006237944338132399,0.00026533326895793305,0.0004728948795021553,0.000998461078369848,0.00040512254863892824,0.0017619941412782808,0.3162378201432289,0.061725417956012656,0.00029351140303005057,0.03667180698491757,0.0035817642907031723,0.0017308492951117257,0.0003731171316458691,0.08442864519487653,0.0010520464726600047,0.0007352257045270507,0.0004490761406878197,0.11686807470912114,0.0014227199279005667,0.14860506432116927
GriesbachJohannJakob,4.619582783519336e-05,0.004781800782356282,0.17733315743033512,0.0002597751411399798,0.0001777811446371545,0.00011271103094466228,9.742539660969909e-05,2.934894475940453e-05,7.56284440142268e-05,5.393219181309101e-05,9.586406610318808e-05,6.197964121455468e-05,0.36578300361919214,0.09372987017668018,3.214681093958663e-05,0.0004681590991880953,0.013676926013470718,8.849991673923427e-05,0.00012523899464566543,0.00021444350414535055,7.77870926419486e-05,3.3087027479955266e-05,5.896993594006724e-05,0.05327623790246397,5.051873424018644e-05,0.00021972046249970112,0.00781873992801342,0.00035719849541255216,3.660083748968242e-05,0.0004549519235737944,9.345703542691093e-05,0.00021583670384019,0.10634998750898836,0.029142945824512267,0.00013119007159486792,0.0045209933859511895,5.5999742007045044e-05,0.13494648382059934,0.00017741300793376667,0.004737992382627186
GöschenGeorgJoachim,0.00010777832586667816,0.000822385463367851,0.0003749819515824445,0.0006060748583991657,0.000414776724166785,0.00026296327593178215,0.010561214609130369,6.847328601637121e-05,0.00017644682357105431,0.0001258278423902864,0.00022365804531600806,0.00014460314450373375,0.20236256695465105,0.0016666152739902033,7.500091734218753e-05,0.0010922502380464993,0.0009075510427606258,0.00020647693336125168,0.17596872762133786,0.1865107622851923,0.00018148311247706268,7.719451294208909e-05,0.00013758127670663274,0.0002904864397107072,0.00011786399024465359,0.000512624293504468,0.01824170578422346,0.0008333708397867929,8.539249483805277e-05,0.052731006222361744,0.00021804226248980978,0.0005035631937037314,0.0001085525209894379,0.11966224438844322,0.14498087034107454,0.00021390227613133665,0.00013065159182810748,0.05649240609625333,0.000413917833668648,0.02138800491169769
HaugFriedrich,9.167345149527036e-05,0.0006994997675110183,0.00031894993240587203,0.0005155115714330889,0.00035279833490183015,0.0002236697492498604,0.0001933361255559659,5.8241602974130993e-05,0.00015008109647337317,0.00010702590259556764,0.18477518481821925,0.00012299568811381068,0.013908687404950668,0.00141757977081971,6.379383705194049e-05,0.09761639298503066,0.141408089558742,0.00017562392979456176,0.0002485309050402859,0.0004255530660881018,0.14079051498932946,6.565965263416221e-05,0.00011702306929896643,0.0002470802392476804,0.00010025205630024404,0.00043602494219487813,0.11220327553809148,0.0007088436440669122,7.26326436289229e-05,0.0009028307328361924,0.00018546109909894687,0.0004283178054733062,9.233196180764971e-05,0.29515631114751323,0.0002603405378494141,0.0001819397339675749,0.00011112885888624561,0.004102180009425059,0.00035206778489757317,0.0006125640550051582
HeimJohanna,6.858999410443458e-05,0.0032937479059453128,0.00023863805307316522,0.06752023529830826,0.009516650871032047,0.00016734950557828384,0.00014465391556400695,4.357631505599595e-05,0.00011229054163872988,8.007668423426282e-05,0.0009834891118178878,9.202526342135595e-05,0.03382689128580998,0.19945109583118997,4.773049160822319e-05,0.04220799012706946,0.10540160198441025,0.00013140166659731477,0.00018595060002036114,0.00031839842198603017,0.00011549562970809419,4.9126493151714245e-05,0.0009287099620772521,0.0015759880419422868,7.50084985176537e-05,0.0003262334702874811,0.14664825935634856,0.00849621713085624,5.4343678753650336e-05,0.007404724397275184,0.00013876182783905566,0.0028595447674560734,6.908269092894696e-05,0.2095083113712906,0.00019478655668547518,0.00013612714560924097,8.314651244731831e-05,0.12274089710279967,0.0019457236139561861,0.03281712788360393
HeineJohannGeorg,0.00012153959794158686,0.07718317450977322,0.20124434078219644,0.0006834592578795376,0.03644569791321797,0.0002965387574277826,0.0002563227912158251,7.721604121466523e-05,0.00019897577571787367,0.00014189369941494824,0.00025221498557821914,0.00016306625569424116,0.14764482605826104,0.001879410806349353,8.457712871042029e-05,0.0012317101209011905,0.0010234283002784781,0.00023284016766024962,0.15549994153928182,0.0005641933156386706,0.0002046551043197218,8.705080535286757e-05,0.00015514782699351768,0.00032757611334207785,0.0001329130126204272,0.000578076807434301,0.2786412361471432,0.0009397766757782281,9.629551587843608e-05,0.010191453000397607,0.00024588217254429146,0.0005678587750253323,0.0001224126432704311,0.054045929368108314,0.0003451564633163913,0.0002412135875254918,0.00014733335124224558,0.026425767128461657,0.0004667673827775947,0.0008121303141142898
HenckelvonDonnersmarckLuiseAntoinetteBenedictineFriederikeSophieKaroline,0.00417932236963488,0.062371918534488376,0.01669482271641623,0.0002425834977328687,0.04980022056944779,0.00010525193442162592,9.097788715994844e-05,2.7406662713229808e-05,0.095202849286002,5.03630165419477e-05,0.004225703616556375,5.787789427454569e-05,0.13476668563560168,0.0006670683611714772,3.0019369076119813e-05,0.025254279222614768,0.0003632503531090011,8.264308608383253e-05,0.00011695081076800484,0.0002002518604104649,7.263922532674731e-05,3.089736308273655e-05,5.506736810400342e-05,0.0001162681731677791,4.717545797200837e-05,0.0002051795952559606,0.09829734612912544,0.0003335594777153959,3.41786328716309e-05,0.02524194608387937,8.727214791267625e-05,0.000201552859626677,4.344851112763916e-05,0.4284241186418624,0.0001225080517544974,8.561510446748628e-05,5.2293738456241166e-05,0.05156456141326805,0.00016567200317559082,0.00028825333762244745
HenningsJohannWilhelmChristoph,0.00017449877068896838,0.0013314852614029625,0.2348432062067253,0.000981267030135255,0.00067154530278224,0.25139299142493793,0.00036801184736700627,0.00011086184665431909,0.0002856766753197596,0.00020372188600063082,0.00036211412311802567,0.0002341200863044961,0.26071102774355503,0.002698337668396297,0.00012143042463793672,0.0017684105063908203,0.0014693728078047903,0.0003342970004167216,0.0004730741201555401,0.0008100326286845023,0.00029383069159219695,0.00012498197113389046,0.00022275131351384903,0.0004703128038380972,0.00019082799107150865,0.15141030969838834,0.04626542915736447,0.0013492711628376552,0.00013825493442658118,0.018449671444934087,0.000353021875750591,0.0008152952605165592,0.00017575223325770492,0.009696816267295795,0.000495553544393072,0.0003463190203813556,0.00021153178971033032,0.007808426072257837,0.0006701547139521003,0.0011660046919054255
HerderLuisevon,0.00031827800531017685,0.0024285699631351344,0.0011073516555138543,0.0017897874683872167,0.031741741878171574,0.0007765515585845022,0.0006712372599991551,0.00020220708305752007,0.0005210615640753294,0.00037157966934839336,0.0006604800729861827,0.030943897716730093,0.4450084589602871,0.004921648028577089,0.0002214836997712648,0.2473604868429752,0.002680070721866055,0.0006097428770054709,0.06189661233902815,0.0014774635275419815,0.000535934127499194,0.0002279615627959466,0.00040628849971544083,0.0008578296596956446,0.0003480617778324996,0.0015138204856880596,0.05386921427634441,0.0024610106571808683,0.0002521708581661854,0.0031345079746959627,0.0006438962177276726,0.0014870623342016253,0.00032056426534818897,0.017686562072779646,0.0009038676491019328,0.0006316705073207755,0.0003858245867456532,0.0752759684132588,0.0012223324254018422,0.002126740756148075
HolzschuherJohannHeinrichChristoph,0.00028365317370660837,0.002164370663755053,0.05538089129376731,0.0015950800469972568,0.0010916177556429623,0.0006920720579627944,0.0005982146926028892,0.00018020937638881,0.19084339809593845,0.00033115625565394304,0.0005886277585845883,0.0003805694747678453,0.043035832731910736,0.11317424416945553,0.00019738892828354696,0.00287460622543846,0.002388511154814504,0.0005434101613117964,0.0007689966814709695,0.0013167332069164625,0.0004776309189655705,0.00020316207746486404,0.0003620891813509689,0.0007645080759985181,0.00031019682881302797,0.0013491349638471786,0.020811886411123352,0.002193282199173122,0.00022473769170901092,0.002793511082126773,0.0005738480279783747,0.02852229089044657,0.0002856907160591462,0.5053085321532851,0.0008055376840402,0.0005629523283074072,0.00034385149680007064,0.012692839200553665,0.0010893573102917847,0.0018953768562948344
IndustrieComptoir,0.0007061917664299128,0.005388484543547538,0.002456979774346389,0.003971160911991793,0.002717725527446834,0.0017230041276218744,0.001489333910681076,0.0004486548702285219,0.20428764106066266,0.0008244569171874049,0.0014654659814752721,0.0009474776048639977,0.03943284300798431,0.010920098960843968,0.0004914256171251077,0.0071567090951449325,0.005946511683668529,0.0013528908444707488,0.2050460334096203,0.07098868507418096,0.0011891247961664552,0.0005057986289442338,0.0009014684914045244,0.0019033430917919237,0.0007722756760233143,0.003358848381005789,0.32265594038104745,0.005460463601635586,0.0005595139494385643,0.0069548121032804895,0.0014286699043231234,0.003299477686363573,0.0007112644952639032,0.03924275100340775,0.0020054916805077047,0.001401543631429421,0.0008560633845259678,0.031600487380131166,0.002712097852372352,0.004718789191414714
JeanPaulANDRichterCaroline,0.000132402126598236,0.016048388947121534,0.0018786399847867108,0.005907545453746987,0.0075259751409742425,0.019119228512331065,0.005077651549432503,8.411717857773612e-05,0.0002167591163107326,0.00015457536368072608,0.0028475316835620892,0.0001776402044764518,0.04365396764568908,0.02234092188793409,9.213615885264266e-05,0.046767455312828686,0.013909764815728108,0.0005591592027828716,0.00035894819946225964,0.0014485939251318565,0.0009245895899647654,0.002292270765048604,0.009064759888104438,0.024279272571860463,0.0001447920333912944,0.005757101716425232,0.28699775252430865,0.13089735348907286,0.00041041095465869584,0.00730340799053236,0.0010557400608372485,0.006217321782041311,0.0008349967582949413,0.19415070764454845,0.011625354704680497,0.004883598132550099,0.006881701047046864,0.09627368196112623,0.0012101279960734525,0.02049365597942488
JeanPaulANDRichterEmma,3.909593742012133e-05,0.28518924801950224,0.00013602244045687789,0.007716979804789152,0.00015045775410732262,9.538834173706137e-05,8.24519742902309e-05,2.483827136411083e-05,6.400502064623267e-05,4.564329063604842e-05,0.0038296955098318358,5.2453918195611877e-05,0.06965723529084457,0.011850249345050341,2.720613024263363e-05,0.2140644066746227,0.00782633847168877,7.489826178387325e-05,0.00010599086815142364,0.00018148543301633565,6.583190406008824e-05,2.8001843811286494e-05,4.990677801914063e-05,0.00010537220333494574,0.0037913193546704827,0.0001859513695144603,0.2090395734915176,0.00030230024393180534,3.097561228095406e-05,0.0003850298342235659,7.909351514504096e-05,0.00018266451023251823,3.937677202974237e-05,0.0059211081279455895,0.00011102731717488066,7.759176007240013e-05,4.739307664019069e-05,0.17793200540125126,0.00015014619676129889,0.00026123992900532376
JungFranzWilhelm,5.6753796448520216e-05,0.0004330508644932575,0.00019745759809170087,0.0003191462557017366,0.0002184126872045212,0.2069200839092992,0.0001196917857566968,3.6056590279028525e-05,9.2913181091038e-05,6.625829170336599e-05,0.00011777361613169262,7.614497036382478e-05,0.1283263513148321,0.006319225896562899,3.9493903454727984e-05,0.01145839875989853,0.000477897264902713,0.0001087264044330653,0.00015386212873800878,0.00026345415926718797,9.556518475809356e-05,4.0649004697636374e-05,7.244740267161497e-05,0.00015296404112632306,6.206469489264494e-05,0.0002699371564196272,0.2381537966358039,0.0004388355323490397,4.4965889303802094e-05,0.0060005517150274156,0.0001148164631711669,0.000265165772103203,0.016382025654442887,0.3242094445815468,0.00016117331300835998,0.00011263643354833646,0.005510419770945596,0.002539604274222291,0.00021796041355756242,0.04935382268774981
KalbCharlottevon,0.0008944201890268689,0.006301153164085506,0.00308927456476452,0.0010827099679461564,0.0038442562514456003,0.0049649081429756214,0.002668855999530867,0.001573770055442961,0.0005120259083315927,0.0001559807972214514,0.000675102309169101,0.0029300031015089814,0.16524786472042846,0.026496477138056813,0.001356916645889329,0.006213991883393291,0.0046988420401512885,0.00025595636118143274,0.005939733143686368,0.002131721782188513,0.0005282308345162018,0.0008699341247760754,0.0005918650393068819,0.0003600976189956113,0.0001461085147199637,0.0033704063484669053,0.22504320485737453,0.006539852182729886,0.0001058556609454855,0.028951327012199997,0.000915137193904965,0.0035734351434088354,0.00013456567674276492,0.15978764877514764,0.21301750679622236,0.001012810554008202,0.004917049449044632,0.09805786098329479,0.007241952887310899,0.0038011861804586326
KeßlerGeorgWilhelm,6.527918739407695e-05,0.0004981025112578078,0.10037185513078097,0.0003670874819972485,0.00025122200856114897,0.00015927162376362726,0.00013767153918998917,4.147290685216403e-05,0.00010687033008132485,7.621142040143147e-05,0.00013546522767886668,8.758324729880092e-05,0.12256698017484485,0.0010094357089867696,4.542656325878254e-05,0.013179646238502485,0.2008391576563312,0.00012505897003926917,0.00017697485213787756,0.0003030294801185972,0.00010992071005913888,4.6755180465269236e-05,8.33302416958895e-05,0.00017594185640599372,7.138787362230845e-05,0.0003104863343287505,0.06112100623037599,0.0005047561351666971,5.172053497543163e-05,0.0006428912147699191,0.006391109861272793,0.00030499820647806935,0.20035522015024287,0.21017605240855425,0.000185384301336396,0.00012955635240493346,7.913306945249497e-05,0.07802964829179443,0.0002507017956767121,0.0004361969914443597
LangermannJohannGottfried,0.00015082790808507745,0.010280160934608625,0.08584102356023249,0.028236034906296142,0.0005804497808385333,0.00036799792994606244,0.00031809082018019864,9.582337085413446e-05,0.0002469244634621554,0.0001760868903276708,0.0003129931257527582,0.00020236155658050897,0.25661247484239236,0.002332306549922921,0.00010495831491367922,0.00152852456359145,0.001270051507659726,0.0002889494123820665,0.00040890133283190823,0.0007001512181590605,0.00025397238255068323,0.00010802809200343526,0.00019253496461806916,0.0004065145907243465,0.00016494205995694773,0.0007173803192908386,0.33762342200846396,0.010295534167876748,0.0001195005698875051,0.025076254924720036,0.03682230402804609,0.0007046999708357535,0.00015191133770672474,0.08836543452441244,0.00042833140972767773,0.009428633083365594,0.00018283737592839452,0.09731558791653938,0.0005792478262148513,0.0010078354581130502
LentzTherese,3.016343847917716e-05,0.0002301573450041409,0.0001049445232740973,0.11006965879473367,0.00011608170846405315,0.00874991325169608,6.361364423276588e-05,1.916331260124417e-05,4.9381384103287513e-05,3.5214876018782435e-05,6.259417778123216e-05,4.046943592842031e-05,0.33427651203462755,0.0236032785555969,2.0990171613273824e-05,0.00030568319366860856,0.00025399225516720245,5.7785776748057716e-05,8.177445642202796e-05,0.00014002029507131534,5.079086777598495e-05,2.1604083412272005e-05,3.850425716354718e-05,8.12971419141155e-05,3.2986068303312746e-05,0.0001434658704866209,0.08029998844284092,0.00023323177321703822,2.3898415974815178e-05,0.0002970596047473995,6.102251373441825e-05,0.00014092998097270054,3.0380109008882067e-05,0.37186577454675696,8.566019571611563e-05,5.9863874250790454e-05,3.656487722019899e-05,0.02737870246450133,0.00011584133461808201,0.04069104094615271
LevezowMarieUlrikeWilhelmine,4.924982691745711e-05,0.00037579301222771664,0.00017134981513305692,0.00027694883581792285,0.00018953422880100269,0.019008689881249468,0.00010386617461451557,3.128919898929728e-05,8.062822883108258e-05,5.7497640729587586e-05,0.00010220162478804768,6.607710577485167e-05,0.031082838516394387,0.033816491101894774,3.427203167288432e-05,0.028831900337366826,0.00041470983535231757,9.435063264081475e-05,0.00013351852534432545,0.00022862033126475536,8.292958538800335e-05,3.5274405784314544e-05,6.286842934697435e-05,0.00013273918260075496,5.3858520000863236e-05,0.0002342461485253436,0.3813840545655557,0.0003808128330767178,0.05198247125197971,0.009929292496039292,9.963546568349432e-05,0.00023010563517741778,4.960359912063106e-05,0.2435655163367849,0.00013986302707652318,9.774367890766656e-05,5.970187634927739e-05,0.1816448302202172,0.014355537410658247,0.00032908844592173097
LindenauBernhardAugustvon,0.00026902009308877337,0.05364064719055369,0.052523905643300124,0.0015127931661046313,0.0010353034531676948,0.0006563694917436858,0.0005673540337594041,0.00017091274734592544,0.00044042009857363164,0.0003140725892779879,0.0005582616698406881,0.00036093668260763796,0.42772519262183617,0.0041599550980837155,0.0001872060416868725,0.0027263112351455605,0.002265292803938056,0.0005153767548981914,0.0007293257330103279,0.0012488056638637682,0.0004529909276287453,0.00019268136604118312,0.0003434097493096584,0.052313000618690285,0.00029419441592230263,0.0012795358811634233,0.32926583583121616,0.002080135306371707,0.00021314393896628434,0.002649399622567157,0.00054424439497098,0.001256918922769617,0.00027095252284511717,0.014949322591746843,0.0007639816608262433,0.000533910781913004,0.00032611290918799256,0.03783200784247486,0.0010331596195174329,0.0017975982840443844
Ludwig,0.00011349370979990496,0.0008659957962103382,0.09553039910851019,0.006607026891696412,0.005349871157531297,0.47096009441994535,0.00023935429254366887,7.21043604054586e-05,0.00018580363378681487,0.00013250037532273916,0.0002355184225157548,0.00015227131416720624,0.13269743025048622,0.006668093536172998,7.897814592231094e-05,0.0011501712477800911,0.005868776837885962,0.00021742621224478734,0.006276499069523891,0.0005268438724547704,0.0001911069923885624,8.128806584759854e-05,0.0001448770832807171,0.0003058906642335167,0.00012411420753772587,0.0005398082808907759,0.04799739541059275,0.000877563716878139,8.992077906487661e-05,0.001117723915917279,0.00022960483997259816,0.012467891578946433,0.00011430895976676458,0.1800926004483919,0.00032230719984789667,0.00022524531400514773,0.0001375799236868577,0.00999168652235778,0.0004358675097023266,0.010584565931784253
LudwigErnstKarlFriedrich,6.487314340524109e-05,0.0004950042568432832,0.0002257063999071268,0.00036480415600328254,0.00024965937902313515,0.0001582809361033943,0.00013681520651868292,4.121494064273174e-05,0.05608723177984935,7.573737667677794e-05,0.00013462261851672692,8.703846951421057e-05,0.38926950251647,0.0010031569037792843,4.5144004855698404e-05,0.0006574392927094663,0.0005462665009049727,0.00012428108898618703,0.00017587404837860436,0.00030114460220031933,0.00010923699070922352,4.646435791166955e-05,8.281191809108427e-05,0.00017484747799795678,7.094383290861014e-05,0.0003085550739270424,0.06074082660250129,0.0005016164944528017,5.139882735062051e-05,0.0006388923581104934,0.00013124240749853665,0.0003031010828573582,6.533914128392922e-05,0.4265727241578546,0.0064043452115561,0.0001287504971207377,7.864085273761242e-05,0.002902926721803148,0.000249142401922155,0.05019439597011648
MahlmannErnestine,0.001550038007395948,0.016508613930017294,0.0009877744197829676,0.0016274728000649297,0.0010340576768718983,0.0002752228632515464,0.0006598992281491353,4.1193951694673816e-05,0.0009038811462505688,0.00011502651889575097,0.001625820515967796,0.0001633337356388206,0.10708932229102913,0.026733042398577992,0.00022512725971335538,0.03535185553696318,0.0013814597280228163,0.0006775773722064426,0.00036445900500849213,0.0005697592152006659,0.0007791840171440028,0.00027198689689932867,0.0004376580974480762,0.0005296467877111681,0.0007768377473341391,0.003215539929025523,0.4886869352807214,0.014901355848157044,5.137265219906925e-05,0.00871781259712888,0.0011322468696268442,0.0014858213697184102,0.001363078913454608,0.1210103373835604,0.0035649414263606524,0.03179836323493006,7.860080442630585e-05,0.08674255890073891,0.029332231220373296,0.007238552422338241
MahlmannSiegfriedAugust,0.00012320272520884617,0.0012715772392804514,0.0004286464645613135,0.00464981031157177,0.02112546508426411,0.0003005965435454755,0.03599143940164699,7.827265244087354e-05,0.0015200284543513192,0.00014383534875842154,0.00177726814258545,0.0016884775072939801,0.20201721580949683,0.037955903028371776,0.004996350800741232,0.0016479884432654662,0.006586895547902651,0.0002360263130672395,0.0006386441791476228,0.04558733942414737,0.0020617001116133354,0.0019160578505251359,0.014567714389506653,0.00033205860937982073,0.0015225885167278242,0.18223363233897782,0.1403810834532898,0.0020101588917922773,9.761320740354054e-05,0.027955503743539938,0.004939859132159295,0.0018861264861320787,0.010484369435455755,0.09972861837121602,0.002421803256998565,0.002208760846563475,0.00014934943585974972,0.12468269420572926,0.010832080927737088,0.0008232433677432847
MannLukreziavon,5.7064318866922336e-05,0.005906814909258902,0.00019853796653801145,0.04409204965146945,0.011162397014376069,0.00013922855182055727,0.00012034666675324387,3.625387011427153e-05,9.342154577321384e-05,6.662081696628096e-05,0.00011841800206521072,7.656158954749439e-05,0.03054337168073688,0.022767984833085887,3.970999018689975e-05,0.0005783028764378624,0.13179398369139506,0.00010932128950087478,0.0001547039691664207,0.00026489562094540286,9.608805959895196e-05,4.0871411444571774e-05,7.284379100318586e-05,0.0001538009677629789,6.240427533239464e-05,0.00027141408913379457,0.15738591025648854,0.044212393795384976,4.521191543008748e-05,0.0005619884490121946,0.00011544466935378991,0.00026661659869073605,5.7474224262975966e-05,0.3861686635813416,0.00016205515581129275,0.00011325271192853864,6.917479963246617e-05,0.1612239443763274,0.00021915296099877564,0.00038130505605576254
MayerJohannSiegfriedWilhelm,0.000523625446449,0.004887549841967257,0.0021688408964306016,0.002457182799808214,0.010975917994026023,0.0016747017200374375,0.0013769946773414697,6.967700635570137e-05,0.001625967996947985,0.0006657821961200306,0.0009979483700693673,0.00014714518325047401,0.1380033004994221,0.03856625959290981,0.0004662298306994615,0.009699979050715669,0.003814418980569311,0.004233942726899169,0.0004921842201156753,0.00467323364027855,0.004991786673427686,7.855154735242631e-05,0.0006372342412506599,0.0008761651858255875,0.0003312156555463174,0.0015863247844043042,0.2144950792113212,0.003625325677799868,0.0012747085790296752,0.38031151663549895,0.03658272144868917,0.005051023567823074,0.0015487602625131951,0.041782286286972496,0.0039803571670593485,0.0007085314629938539,0.00013294837043475644,0.05847996472868705,0.008853424276795772,0.007151191566161202
MayerJohannSiegfriedWilhelmANDMayerJulieHenriette,6.469112006214886e-05,0.0004936153565226582,0.00022507310496700387,0.00641343789506169,0.02659431432407048,0.0001578368258965351,0.0005853273078054628,4.109929831545503e-05,0.00010590758908557982,0.0006861419487000359,0.00013424488964786094,0.004361113804215136,0.16611135495858562,0.06667985809637755,4.5017338222125924e-05,0.007894545819949706,0.008758583279789072,0.002901242392530674,0.0011208393547461608,0.00030029964010399744,0.00010893048972600427,4.633398658514256e-05,8.257956150425048e-05,0.0010721488491983555,7.074477621180208e-05,0.0012054812836610727,0.22182933136167443,0.0009491050234798048,5.1254610716520664e-05,0.2689927874548971,0.033437681014819774,0.001683764184751495,6.515581042763044e-05,0.05836591855747882,0.0017457017952379685,0.006438374863654559,0.0034638446222723003,0.08704742184911886,0.019236628047560635,0.0004322675123685062
MayerJulieHenriette,3.479206683818841e-05,0.0002654753613787106,0.000121048429892195,0.00019564784304084928,0.053508369537002234,8.488753001716609e-05,7.337526069831231e-05,2.210395387528025e-05,5.695903726194489e-05,4.061865562806418e-05,7.219935547299997e-05,4.667953624376689e-05,0.09868398017559236,0.08727152404312853,2.4211147353714763e-05,0.12378106398639015,0.00029296777700791427,6.665309753405483e-05,9.432287885400708e-05,0.00016150663553119428,5.8584808481021165e-05,2.4919264909949025e-05,4.441279762298086e-05,9.377231966382751e-05,3.804783376836064e-05,0.003501385621488667,0.27609690886022736,0.00026902156556714155,2.756566651035475e-05,0.09041207027952998,7.038651703942167e-05,0.00016255591420360433,3.5041985810674356e-05,0.0019333791198491023,0.01677832829826405,0.15018476074675566,4.217581669455678e-05,0.09496219753089813,0.00013361737453903178,0.00023248136943453837
MayerJulieHenrietteANDMayerJohannSiegfriedWilhelm,7.204299355531308e-05,0.0005497126640349003,0.00025065171595474694,0.0004051227068761497,0.00027725200429449344,0.007083342084545896,0.0001519361714896952,4.577006057127561e-05,0.00011794354079232382,8.410795366793673e-05,0.041594907862861394,9.665805553935887e-05,0.20434225367719003,0.0011140268924921572,5.0133369221281623e-05,0.1250663200159218,0.000606640466893129,0.00013801676969696223,0.0001953118389028605,0.034872266268976014,0.00012130998136635056,5.159964912863666e-05,9.19643810701657e-05,0.00019417181085064968,7.878462224494722e-05,0.00034265691525885226,0.13652964629655698,0.021279758996603074,5.707948148034775e-05,0.11813815548623798,0.034683586299493516,0.00033660014318247016,7.256049402482796e-05,0.0040033959499750785,0.00020459262070480382,0.00014298014166465214,8.733232505120786e-05,0.2657113365056822,0.00027667789032376287,0.00048139289562180244
MayerThereseApollonia,0.00013949107946212392,0.0010643646122416443,0.0004853168462623217,0.0007844066564694286,0.0005368208545135357,0.013714908068252108,0.0002941818423212502,8.862090317266086e-05,0.00022836463351671733,0.00016285149560703609,0.00028946731098895427,0.00018715125289100017,0.11478556574362775,0.0021570010644304514,9.70692283126824e-05,0.014788204880009431,0.0011745893583303038,0.0002672308192485541,0.00037816667375676017,0.0006475250532059268,0.00023488280282704083,9.990826868256291e-05,0.0001780632668698629,0.00037595932872885136,0.00015254435524706018,0.04078717014844184,0.3044751322943886,0.0010785823318309382,0.00011051842925875788,0.0013737546851434765,0.00028219913715017843,0.0006517319034442808,0.0001404930741815599,0.4491122760240927,0.0003961363083862756,0.000276840998939568,0.00016909458771971944,0.04636562191896187,0.0005357092436051132,0.0009320825154791274
MerzdorfErnestineAmalie,0.008619042223783869,0.013769835879839265,0.009938761766474633,0.0023951957455060745,0.00034190623767471173,0.0028828975347326507,0.00018736717483045884,5.644348450388938e-05,0.003355333882093316,0.00010372164511596415,0.019443682275138197,0.0010669982825569878,0.11117180100854726,0.026255345579952453,6.182430203173118e-05,0.0009003571023421767,0.0034142402195236478,0.04801630985242277,0.00024085790175812534,0.0037119277948755667,0.00014959906034548397,6.363251347379989e-05,0.00011341016492124359,0.00023945202300472592,9.715693073865474e-05,0.0020275065059977646,0.2371775402524075,0.0006869592043567584,0.009548389165195528,0.0923750554377641,0.013377787336055422,0.0004150941626162065,8.948135678577697e-05,0.2544782449881223,0.020049381018431837,0.06149738713599508,0.00010769792904338077,0.03413995950845739,0.0003411982422601124,0.017091217170323175
MeyerJohannFriedrichvongenImo,9.768376929026865e-05,0.0007453605465227644,0.21575868421776773,0.0005493096702367722,0.00037592858772552405,0.11263076354224966,0.0002060116770585184,6.206005354029847e-05,0.00015992075092200386,0.009480078553374434,0.00020271015274060826,0.00013105956223353484,0.3800959681311041,0.0015105194909177018,6.797630457978609e-05,0.0009899496898157162,0.03828669265422095,0.00018713822988095306,0.00026482515050400905,0.028551560658041143,0.00016448533920650018,6.996444723067492e-05,0.00012469536508755892,0.00026327937579725583,0.00010682480673276827,0.00046461171869769335,0.053997324258403055,0.010121352820392846,7.73946032080624e-05,0.0009620223475395687,0.000197620346143898,0.000456399284747419,9.83854530207328e-05,0.10845463574982417,0.0002774090494181803,0.00019386811238953256,0.00011841471697501096,0.032469235538187244,0.0003751501412188542,0.0006527251330525332
MiltitzCarlBorromäusvon,8.037045948678071e-05,0.0006132540752941683,0.18522398675292875,0.04668804146935894,0.0003092996262248739,0.10037428827355843,0.00016949850794183933,5.106063223243056e-05,0.04636766719846657,9.383001106963875e-05,0.00016678214033681032,0.00010783078205700308,0.4206125982690331,0.0012427975131472314,5.592829671689402e-05,0.0008144926431213305,0.05461886780238477,0.00015397015934532875,0.0002178879785690601,0.00037308397250946366,0.00013533222957012132,5.756406425062205e-05,0.00010259456469353672,0.00021661617441625717,8.789135456256841e-05,0.00038226470565153015,0.08295700320882349,0.0006214458869903134,6.367731166418774e-05,0.0007915150968279547,0.00016259444264815037,0.0003755078299199326,8.094777795269929e-05,0.05070223993107072,0.0002282415280401277,0.00015950724860218715,9.742708827091524e-05,0.003596396632584386,0.0003086591502903201,0.0005370372093865165
MosengeilFriedrich,6.821106374435401e-05,0.0005204737298815079,0.00023731967996990674,0.00038357443825259147,0.0002625051126402963,0.00016642497118757473,0.0195330932318958,4.3335574566501044e-05,0.00011167018445788482,7.963429482765712e-05,0.00845122299012108,0.1368688548531119,0.1268997301970268,0.00788379139314943,4.746680107131502e-05,0.09177352349283496,0.03028162145200855,0.00013067572863086595,0.00018492330254435277,0.00031663940698292996,0.00011485756578748228,4.885509030378381e-05,8.707284289305479e-05,0.004800329261356023,7.459410866788753e-05,0.0003244311699960107,0.11582150372644956,0.0014507232570782026,5.404345318828769e-05,0.0006717653111493086,0.00013799522813198417,0.0003186965545143549,0.04112351764612421,0.14208734201899534,0.019583008909757182,0.05966924963425567,0.0010059842334252667,0.18495750349263718,0.00026196153549668465,0.003161873060886252
MüfflingWilhelminevon,0.00010050784964154888,0.000766909244831073,0.058170558352890776,0.0005651904522515838,0.10639172850830908,0.000245224382417059,0.00021196756444433825,6.385423674059822e-05,0.00016454412954183156,0.00011733978758704575,0.00020857059161923778,0.00013484855130756708,0.1308907850879962,0.01119100123705092,6.994152917657628e-05,0.0010185695668748936,0.010483141720703694,0.00019254847768179024,0.0002724813610443788,0.00046656281489619394,0.0001692406820633714,7.198714989814881e-05,0.00012830036244789895,0.0002708908973170383,0.00010991315846115897,0.00047804384601302834,0.37357320542428496,0.0007771535732012931,7.963211492370408e-05,0.0009898348329598014,0.0002033336364951312,0.00046959398701738896,0.00010122981935453004,0.29468953396042585,0.00028542906596157607,0.00019947292402729976,0.00012183813806063497,0.00449749938357162,0.0003859958953322933,0.0006715957011769356
MüllerFriedrichTheodorAdamHeinrichvon,0.00010318590709543338,0.0007873437385238297,0.00035900402522779463,0.0005802500969352062,0.032692914408379875,0.0002517584490352224,0.00021761549461065267,6.555564926981995e-05,0.0001689284501116577,0.00012046633634821642,0.00021412800857263051,0.00013844162557253938,0.16766853150811997,0.0218017119649114,0.008066907800447396,0.019058952188076343,0.16990422651880266,0.00019767898129647175,0.0002797416968548848,0.00047899450086494403,0.018381085403227648,7.390526598615773e-05,0.008126821619811842,0.0002781088548132601,0.00011284182278286796,0.0004907814470030465,0.1952292150563418,0.0007978610296531753,0.04256553620581008,0.00301498490149086,0.024194059497251064,0.0004821064393454048,0.00617303886712572,0.23062178825420235,0.0002930343966932535,0.0002047879312923504,0.00012508454652489294,0.04459284971550717,0.00039628085504787885,0.0006894905410322116
MüllnerAdolph,2.4728182106860964e-05,0.00018868448119477394,8.603419946406519e-05,0.00013905513328740725,9.516453597146247e-05,0.04273774746925485,5.215087729984199e-05,0.0023866776709876238,4.0483178323251095e-05,0.004770804309852744,5.131511210408143e-05,3.317710552431749e-05,0.1246710980815172,0.0003823808327500414,0.5097752124831102,0.00025060106079293404,0.0002082244948248425,4.737315381331034e-05,6.70392286837398e-05,0.00011478954422156267,4.163868216142161e-05,1.7711167420096138e-05,3.1566039252683185e-05,6.664792316059612e-05,2.704219230698009e-05,0.00011761424924951956,0.011298198635108092,0.00019120491734383828,1.9592076105604066e-05,0.03106610840937774,5.002665174545057e-05,0.00011553531061172495,2.4905810009576096e-05,0.05353541787548763,7.022478290861099e-05,4.9076791597141334e-05,2.9976123021925403e-05,0.2168645694857303,9.496747593664566e-05,0.00016523426637935894
MützschefahlAntonievon,8.407785459374924e-05,0.0017780112510946823,0.004363303883929427,0.17932345540759087,0.007346255063089078,0.0002051376090647175,0.000177317275471536,5.3415999357442065e-05,0.0018062420604137966,0.0021335485415621865,0.00017447560501230008,0.00011280488966235376,0.06786561283504038,0.06057822295264283,5.85082034999752e-05,0.007414707722161549,0.008317840080455505,0.00016107262235252266,0.0009064023163509597,0.00039029389893022117,0.0008200383674008791,6.021942707301676e-05,0.009733413499890011,0.00022660842468145775,0.003985336164076812,0.0007743011223466198,0.26352939163525724,0.02320062340017523,6.661467142542625e-05,0.008783306148656958,0.0022757177825994514,0.00039282956604242563,0.014311995569005816,0.25927432905454784,0.005672260060772784,0.00016686513104767733,0.00010192128567439273,0.04998766195137528,0.00032289723516397466,0.013062963430510633
MützschefahlAntonievonANDSchwendlerAugusteSophieHenriette,3.636928491990744e-05,0.0037646402983444647,0.00012653588119187204,0.21640659097046813,0.0001399644384718684,8.873571034741842e-05,7.670155885882285e-05,2.310598562843007e-05,5.9541143806654123e-05,4.246000867011406e-05,7.547234668303884e-05,4.879564532553943e-05,0.10315759074414033,0.1086634283621263,0.010486699375660435,0.007342835110646232,0.021229030138873287,6.96746619361416e-05,9.859878895558932e-05,0.00016882816624283934,6.124061561314854e-05,2.604892229368279e-05,4.642614933894751e-05,9.80232714347119e-05,3.977264453251537e-05,0.00017298263669814851,0.20143486964497714,0.00028121703758546756,2.8815292405159216e-05,0.0003581768507828284,7.357732740145364e-05,0.00016992501154308392,3.663053339242576e-05,0.2565815307488719,0.00010328398290682644,7.218030863886779e-05,4.4087760041047134e-05,0.012088834071409616,0.00013967460994660083,0.05603710395888912
OertelAuguste,0.00013411008516257602,0.14246828210877488,0.0004665953108545953,0.013612781672771938,0.25768879672764633,0.00032720889887884685,0.0002828335122153743,8.520227184059523e-05,0.00021955526164928207,0.00015656935216880818,0.00027830084818471483,0.00017993172438177267,0.07178170630246858,0.0020737928013890104,9.332469521260064e-05,0.0013591023173291628,0.0011292785136092175,0.00025692214918459895,0.013222212764078155,0.0006225461898008177,0.0002258219866949431,9.60542170376006e-05,0.00017119431562451982,0.00036145635826971805,0.0001466598190517867,0.0006378656107845929,0.3698815345033768,0.0010369750448162064,0.00010625508109248434,0.014179395069274715,0.00027131305071226563,0.0006265907569939843,0.00013507342703127594,0.02031106983732069,0.0003808549927244429,0.00026616160751956347,0.00016257161136802175,0.08315292883560478,0.0005150437759840317,0.0008961265911157822
OertelLudwigChristianvon,0.00010248306978871006,0.0007819808496543475,0.0003565587162772172,0.11849067886739448,0.00039439833220362953,0.00025004362929631084,0.00021613323513899868,6.510912554123864e-05,0.00016777781607405014,0.00011964579565837688,0.0002126695036558688,0.00013749864855179363,0.3692918648760221,0.050715724923811566,7.131604786387815e-05,0.030517182167237644,0.0008629621596377875,0.00019633251677703183,0.00027783627288440155,0.13804250980525035,0.00017256666710954518,7.340186993566472e-05,0.009957020194426243,0.00027621455273272444,0.00011207321546968991,0.02013983539806444,0.12543365532697706,0.06957581546001253,8.119707684776593e-05,0.0010092874599078154,0.0002073296298114055,0.0004788226344061304,0.00010321922793700056,0.05482592906928497,0.0002910384312368594,0.00020339304509005304,0.00012423254950061954,0.004585886026266276,0.0003935816398477813,0.0006847941664156463
OsmundEmanuel,7.374113606792273e-05,0.0032660069860777075,0.0005468587816115575,0.019501382142765252,0.005247028010907047,0.0028906484228022494,0.00025457057183922357,0.0024122709734517903,0.0012401742875543867,0.00024115915258493895,0.00015302518590551293,0.0003455737283174201,0.07529771654317714,0.03498456307321253,0.00012466047982602238,0.012141212578356049,0.005682847396404817,0.0027225590618565293,0.0016411676152640897,0.004538996863338422,0.0005872342494661788,0.00010160564061628302,0.003083055641358936,0.0008080836816437352,0.001933812435346964,0.0013347680605740513,0.16602799505636798,0.013773965804952897,0.0003743982670803037,0.005842549095811934,0.0006222768645892189,0.0033551934489561685,0.0008411342072037376,0.11996901761261289,0.0005684915210709503,0.000541508475957182,0.00018401507202475196,0.14584609888701475,0.0010876198494163118,0.3598110131366139
OsmundEmanuelANDBraunHenriette,6.782635713044198e-05,0.0005175382869304448,0.00023598121014574327,0.019891226080923804,0.0002610245983736235,0.0001654863435863994,0.0001430434317055408,4.309116433100182e-05,0.00011104037081506092,7.918516182440654e-05,0.00014075103073567244,9.100071319930814e-05,0.010290608499588728,0.02055863849803748,4.7199090947605167e-05,0.046210269459789885,0.15664965398680694,0.0001299387247736841,0.00018388034538095336,0.0003148535783005324,0.00011420977549085407,4.857955030585069e-05,8.6581756891543e-05,0.01318935036334798,7.417340203485567e-05,0.00032260139620264984,0.1220353702200622,0.0005244515327821682,5.373865111163191e-05,0.0006679765920763387,0.00013721694270383663,0.00031689912363404857,6.831356858471808e-05,0.04929198102996882,0.00019261792817538585,0.00013461159333505625,8.222081254032263e-05,0.04205470633180845,0.00026048408697493415,0.514211678408641
OttoGeorgChristian,0.00014471730636525295,0.005796655746295542,0.000503499915518493,0.001717520495844675,0.000556933592925465,0.0016563495189301353,0.07323912066931897,0.006608244004123589,0.00023692063147737788,0.002256056817882747,0.0018194560662949859,0.00019416313434309572,0.32904303884333064,0.002808879596923801,0.00010070606168173998,0.008434944771967367,0.0017660827895949872,0.0002772429928032166,0.001296060168325971,0.33870366145463643,0.0013229773010844837,0.00010365147063961448,0.00018473465431171734,0.003526377271145766,0.0001582596412451812,0.0017676108520284278,0.07972102868343804,0.0028241255666570046,0.00011465915560850643,0.03723854979345089,0.0002927721195107783,0.0039610648076759125,0.0001457568422076031,0.045457780231726926,0.005106961801165186,0.0002872132312151089,0.003965899104930672,0.0292765941789529,0.0005557803339714628,0.006827948380449288
PohlEduard,4.226456685984311e-05,0.00032249309053166184,0.008251800437333166,0.0002376682989729109,0.0001626519845199567,0.00010311933190584389,8.91345037380284e-05,2.6851352084759165e-05,6.919246993361757e-05,0.02031122684963548,8.770604232332736e-05,5.6705179078228104e-05,0.006412376093306832,0.0006535522992287657,0.2755910373649066,0.00042831880011478434,0.0003558902164886541,0.004133345437978203,0.012271711736597557,0.0001961943803874313,7.11674177487913e-05,3.0271324287313374e-05,5.395159946372687e-05,0.00011391236089729184,4.6219594301595836e-05,0.0002010222700397117,0.015258119545732604,0.0003268009341765264,3.3486109367444786e-05,0.00041623555400927654,8.550384975056632e-05,0.00019746901890807262,4.256816242291503e-05,0.6345194121227128,0.00012002580778614793,8.388038112791421e-05,5.123416877893068e-05,0.009995997671410212,0.008267068889301097,0.00028241278185143733
ReckeElisavonder,5.143580689138744e-05,0.0003924727865637675,0.00017895526855008726,0.00028924135838690493,0.0001979468071685921,0.4390491312524578,0.00010847633046453753,3.2677986862715786e-05,8.420695599805553e-05,6.004970434178614e-05,0.00010673789870154289,6.9009973543122e-05,0.04725764569236636,0.005727096745210581,3.579321417426437e-05,0.0005212622470191951,0.0004331169537487232,9.853843605840142e-05,0.00013944481668014228,0.00023876776724692997,8.66104594996698e-05,3.6840079198071705e-05,6.565887829160257e-05,0.00013863088239103954,5.6249059288335976e-05,0.00024464328942301464,0.2454284768447104,0.0003977154148526208,4.0752459635502916e-05,0.0005065569853903453,0.0001040578392492406,0.00024031899717012886,5.180528146348075e-05,0.249444576130588,0.00014607092252344472,0.00010208208450305153,6.23517761412973e-05,0.0023016362464478948,0.00019753691282807626,0.00527542145396985
RichterCaroline,0.002274424614933168,0.1128851922782181,0.004809987691963019,0.007705978115198422,0.005813296157845367,0.01739042864064918,0.014238724133974484,0.000296275527460165,0.0018803233237167055,0.0009273444815354824,0.005847343720189438,0.0004576665928219573,0.09844063432866475,0.040714387335373296,0.00025342089437036707,0.03166561009705487,0.006021728357726108,0.0020810099866446123,0.0016271225777335968,0.0025744352523356866,0.0004460528742004597,0.0013009901487308015,0.0017304600748949584,0.0014880210188882223,0.0013024835362010646,0.0016931507286805615,0.2397194672225195,0.05687592924566371,0.0006040877733645213,0.010266861100275939,0.0018853826842484412,0.024239144991483358,0.0009951470073560804,0.20773959309402382,0.0047614509754797234,0.005410161402212091,0.0036342440956102953,0.060972389248503074,0.009042741138178748,0.007986907531075766
RichterCarolineANDJeanPaul,0.0032191898795914603,0.011137144402173746,0.004521648418976151,0.018253509837098367,0.01322904768356583,0.004818756814928976,0.0013287618315365505,0.00022975462784749075,0.004632048135588353,0.005080785350115671,0.00717691540680514,0.0033051043564823086,0.0427258950782927,0.02495199383170569,0.0016587319359808493,0.05456881849220873,0.011011276350030975,0.002528927347259122,0.002020911713119954,0.006345342224884435,0.00035510438612938267,0.008199630356001348,0.006413553088495118,0.001082968437477574,0.00023062211867165943,0.002529075589637855,0.14604854300406817,0.15421859630797594,0.001358998263911521,0.016581945805968973,0.0007165601733237269,0.013345142284717452,0.0023215675466388224,0.21389294187840058,0.0033412369966370147,0.006330932726731041,0.0002556433636149509,0.1807644841465175,0.0026821586965661737,0.01658573111032282
RichterCarolineANDOttoAmöneANDOttoGeorgChristian,0.0001805400559646121,0.001377582332876251,0.00062813429305033,0.0010152392698090649,0.0006947947316097782,0.00044049120425278086,0.0003807527082107973,0.00011469997135387463,0.00029556702747175463,0.0002107748986113368,0.0003746508000897786,0.00024222550862087924,0.010081125300420518,0.002791756249859278,0.0001256344418552724,0.0364504241624326,0.001520243655050155,0.00034587062662815883,0.0004894523198706426,0.0008380765981241796,0.00030400334222829904,0.00012930894569623808,0.0002304631399361689,0.00048659540460116067,0.0001974346068550424,0.0008586997236587235,0.06517756980300761,0.3649142778146525,0.00014304142946226908,0.001778018699789299,0.0003652437719366311,0.0008435214264271492,0.0001818369143975727,0.13120529231199152,0.0005127099995314931,0.00035830885842001134,0.0002188551873564111,0.3542866588253097,0.0006933559994959302,0.0185167676390843
RichterCarolineANDRichterEmmaANDJeanPaul,0.0003503530433852663,0.002673313466411977,0.0012189470090115172,0.10274695397120504,0.001348307152376472,0.0008548099377162742,0.0007388824013934204,0.00022258486531049736,0.000573572479779021,0.0004090262784242037,0.0007270411395236709,0.0004700588114778444,0.01956326484380197,0.005417635955091066,0.00024380411772239444,0.0035505579805650304,0.002950159666164957,0.0006711908114202457,0.0009498230680302363,0.03521862338807925,0.0005899438525146689,0.00025093479903704694,0.0004472329535590035,0.0009442789855605099,0.00038313832911847633,0.0016663784661554027,0.29444384189759715,0.3386316816084812,0.00027758382966330743,0.003450393649978689,0.0007087860164427737,0.0016369237138563865,0.00035286970538805554,0.12024575461007035,0.0009949565361003683,0.000695328238094474,0.0004247067529767509,0.015677507799413643,0.0013455151726575695,0.03593333269644383
RichterEmma,0.0001771208739776477,0.0880903468328917,0.00911206340777421,0.0040131135187189675,0.0018249900810763822,0.002770890410804077,0.0003735417721420864,0.000112527710611719,0.0008759533507898496,0.03525546779658135,0.0003675554258238047,0.0006840621444079828,0.05374402679858417,0.011015592719149937,0.029373736880244857,0.06727236698418339,0.007413238194437894,0.00488138357525393,0.0037296921290920194,0.0008222045724249944,0.006039865908313654,0.00012686001094037094,0.006899360712765135,0.0006913723728045315,0.00019369546515734357,0.002295806358460495,0.14991763623094245,0.013493464886444335,0.014288595284239551,0.004292300081211961,0.00035832655393099646,0.011962244751484425,0.02604399277465159,0.16655346617125064,0.0005029999726592391,0.0031400478678558982,0.00021471036913108907,0.26847508214055493,0.0006802247842021069,0.0019200721240284209
RichterEmmaANDJeanPaul,5.30042207288791e-05,0.16303188422555365,0.00018441208815590527,0.0002980610926593125,0.00020398272903341465,0.00012932250903877318,0.00011178406077972744,3.3674425139363794e-05,8.677464887549566e-05,6.188077870260677e-05,0.00010999261963285415,7.111427021836458e-05,0.0029596877422244394,0.04655859205367404,3.6884643973698864e-05,0.21398567703782256,0.0004463238355800157,0.00010154313368014051,0.00014369685807436884,0.00024604842818587165,8.925144155790088e-05,3.7963430681806654e-05,6.766099120652552e-05,0.005224965726817516,5.796424192598771e-05,0.00025210311057816365,0.13602376513477255,0.061395134274606085,4.1995109949886246e-05,0.0005220032480890512,0.00010723083807713144,0.10697190702209927,5.338496155820632e-05,0.08425914207093603,0.0001505250114157355,0.000105194837341413,6.425304676195062e-05,0.17516347837454935,0.00020356033592998577,0.0003541753894119037
RichterEmmaANDJeanPaulANDRichterOdilieMinna,0.16237828111192207,0.13112568968463198,0.00016362330679122014,0.0002644606549083169,0.00018098774861508964,0.00011474397791956206,9.918263956680892e-05,2.9878305976004747e-05,7.6992539570682e-05,5.490495628234662e-05,9.759314764518685e-05,6.309755596572366e-05,0.007135243482125675,0.0007272272735480619,3.272663672508932e-05,0.01851340897825989,0.0003960097334595712,9.009617254938864e-05,0.00012749790606871324,0.0002183113799813301,7.919012332445859e-05,3.3683811768591795e-05,6.003356522173224e-05,0.00012675370545940577,5.142993083814654e-05,0.00022368351780865,0.26949344889426496,0.00036364121530076094,3.726099968702742e-05,0.0004631578030604993,9.514270182408476e-05,0.00021972970854848404,0.004556568318992669,0.05672380015481743,0.00013355632143705607,9.333621952490943e-05,5.7009798477598354e-05,0.34480375386027,0.00018061297190148068,0.0003142491849593431
RichterEmmaANDRichterCaroline,0.00047910749363835897,0.003655753928170896,0.0016669090147542356,0.04863158278351418,0.0018438089025514962,0.0011689518744840705,0.0010104210655758812,0.00030438461704320054,0.0007843598861068769,0.0005593430934537361,0.0009942281498782923,0.0006428050313298545,0.026752748302489984,0.007408612634868564,0.00033340192695925663,0.004855385067158012,0.004034340874655896,0.0009178528729348943,0.001298882250677205,0.0022240426162432455,0.0008067477246225832,0.00034315312768977305,0.0006115906897275318,0.0012913007225393888,0.0005239413444423399,0.002278771157967977,0.03515254423570453,0.4630785412175618,0.0003795956547700914,0.004718410428903154,0.0009692642843418633,0.0022384918088481174,0.00048254902682111865,0.30224815498562035,0.0013606022304934187,0.0009508607837126307,0.0005807861292822262,0.06737637419050943,0.0018399908726223493,0.003201406997331312
RichterMax,0.0004750459779146911,0.028153863784833477,0.003262697217253535,0.0036956927583780734,0.0006970035926204847,0.0018929782738885959,0.0005112925988186039,0.024202402268399748,0.0015045133027012797,0.00011436382369641972,0.002223043877744851,0.002154950302976723,0.05865142990254221,0.01220994354015881,6.81676767641518e-05,0.05382978816509889,0.010455327261564762,0.015482257115340214,0.006702841999145579,0.0033865882801459987,0.0025310052745409605,7.016141658900119e-05,0.0009848357983574798,0.0025438657513617495,0.0017083567187758672,0.002501659118909429,0.17862555285626755,0.006005633288501384,0.00039947605513301595,0.0032695241164689202,0.003872487002490476,0.22342376392932045,9.866243540703315e-05,0.12584985603212565,0.0024173647163808587,0.0035344103053124858,0.003752058492927306,0.19582222694574197,0.0020007598886717243,0.010914148136729722
RichterOdilieMinna,0.00014187399126863924,0.31896098475753765,0.0004936074641808195,0.0007978065949459085,0.007315506629224058,0.0003461516887882266,0.003150418324513829,9.013480497404112e-05,0.00023226576313372123,0.00016563347100709066,0.0049472558545128895,0.00019034833855294887,0.04389448751399227,0.006494803702384833,9.872745198610682e-05,0.07468391262226158,0.005753286185431954,0.00027179589593093114,0.0027202453865114856,0.0006585866572902067,0.0002388952816619756,0.00010161499139150025,0.0001811051033985286,0.0014181614357013912,0.000155150254825278,0.004913358609342163,0.252576632186523,0.0026540866633674542,0.00011240640425281287,0.0067838770112663,0.00028701991607236175,0.03595175707800508,0.00014289310296111915,0.04267910067355997,0.0011814429744029956,0.00028157024533614287,0.00017198321322214503,0.17726824586108875,0.0005448607096799934,0.0009480051855118358
RichterOdilieMinnaANDRichterEmma,0.00017162724954635048,0.14941199490315601,0.0005971248900194227,0.0009651194721183011,0.0006604944711485768,0.0004187452664248812,0.0003619559089997852,0.00010903752356412972,0.0002809756300923657,0.00020036947440165445,0.00035615523666588354,0.00023026744725677928,0.04249509457698891,0.0026539342973345426,0.0001194321868834346,0.0017393098534871955,0.0014451930667823169,0.0003287958676533202,0.00046528929546773006,0.0007967028739229407,0.0002889954653042081,0.0001229252897536146,0.00021908575699574017,0.00046257341888694366,0.0001876877591443632,0.0008163078878553429,0.2923414605914665,0.001327067793404647,0.00013597983549201728,0.0016902424088459885,0.00034721260972526573,0.28055089508277986,0.00017286008535506234,0.09181636956606157,0.00048739880224557374,0.0003406200553675084,0.0002080508597066932,0.106414878869682,0.017114951246661243,0.001146817123351341
SchillerCharlottevon,5.247089525545287e-05,0.0004003708645591672,0.0001825565441469792,0.00029506201878997713,0.0002019302663420191,0.00012802127326152137,0.00011065929587766804,3.333559497673069e-05,8.590152726260298e-05,6.125813780450995e-05,0.00010888588011037077,7.039872245046946e-05,0.08845642715164942,0.2121121896297748,3.6513512770581056e-05,0.000531752069559658,0.0004418329503705208,0.0001005214124077884,0.00014225098840949104,0.0002435727028069584,0.005119325140962878,3.7581444787799784e-05,6.698019013688453e-05,0.0001414206745987538,5.73810089995931e-05,0.0052805382056930646,0.09440732775847917,0.00040571899490712815,4.157255752693538e-05,0.0005167508809079327,0.00010615188744457892,0.00024515514950579543,5.284780509207307e-05,0.5412297599006398,0.005179982179623695,0.00010413637283319816,6.360653623671005e-05,0.04259572805304314,0.00020151212333412527,0.0003506116966599581
SchlabrendorffAmanda,0.00012309797902710257,0.009288702529255692,0.0004282820320343172,0.1684036545468723,0.00047373324907247304,0.00586662289575398,0.0002596093628055164,7.820610552428362e-05,0.0002015270437046542,0.00014371306084996286,0.00025544888687183386,0.00016515709170870536,0.018676413754940554,0.0019035086172861334,8.56615769057557e-05,0.00124750311172689,0.018684686153587222,0.004263110156683298,0.0003337242313584574,0.0005714274040062186,0.0002072791926746905,8.816697103745389e-05,0.00015713713289168066,0.0003317762952395396,0.00013461722366270935,0.0005854889099748563,0.11840554021215755,0.03713265895884362,9.753021726881796e-05,0.0012123099632768495,0.00024903487449039045,0.0005751398619240146,0.00012398221854574432,0.41189303848489844,0.00034958206051339933,0.00024430642886062417,0.00014922245990913377,0.1862944635768636,0.00047275227554485446,0.00984218289144677
SchlabrendorffAmandaANDMützschefahlAntonievon,0.0001837203273909412,0.0014018488908279154,0.000639199081600506,0.07149441561531195,0.0007070337653261277,0.0004482505991579701,0.00038745979020404515,0.00011672044841392933,0.03553141982501965,0.00021448776656110864,0.000381250394999677,0.0002464923892290585,0.02787403072467093,0.0028409339383410146,0.10581978639969106,0.0018618638739570272,0.05439299267156434,0.0003519632494823784,0.05334404361392117,0.018468162732643987,0.00030935845933863546,0.00013158676456014214,0.00023452282261902309,0.0004951669398938019,0.00020091248125468641,0.0008738259967749995,0.04871037061243178,0.0014205747054661696,0.00014556115046528734,0.001809339073742916,0.0003716776590057832,0.0008583803289329091,0.0001850400304042709,0.5562842714005036,0.000521741551852618,0.00036462058474658965,0.00022271039220352778,0.008221069917794342,0.0007055696894811762,0.0012276233402129116
SchlichtegrollAlfred,7.43145827473637e-05,0.0005670456659651475,0.10223715530415695,0.00041789663973177966,0.00028599404325413484,0.00018131666057722717,0.00015672687420768472,0.35708293240142686,0.00012166242113466168,8.675996337892812e-05,0.00015421518363822382,0.004533557969024218,0.12243337552211214,0.018884562043555535,5.1714125573343946e-05,0.0007531210013091291,0.000625768460609783,0.0028338868300548923,0.00020147022073065937,0.013646528827433186,0.016274244512617695,5.322663878425419e-05,9.486411196394402e-05,0.0002002942464292127,8.126878187740345e-05,0.0003534612378844216,0.17187153083826723,0.000574620228460266,5.8879255848677696e-05,0.000731874802441356,0.00015034302702257016,0.03343858211747298,0.031111813704212683,0.0041296271144877035,0.004644895821304465,0.000147488451612016,9.008600248620591e-05,0.10988092083386894,0.00028540182688334355,0.0004965717054526967
SchmidtLudwigFriedrich,0.00015694508003261408,0.001197544602108448,0.0005460427403065433,0.0008825565473607039,0.000603991253775335,0.0003829229305139136,0.00033099172337960957,9.970970756429202e-05,0.00025693905174510904,0.00018322849826692437,0.00032568728025595913,0.00021056879390740922,0.5551951747695199,0.02286472482700294,0.00010921514024396568,0.011248852420744426,0.001321561361195587,0.11956415733049806,0.00042548526477306304,0.0007285474575893674,0.00026427281536654996,0.00011240941918843188,0.00020034366195687507,0.00042300172286199194,0.00017163166372423196,0.016915712119763324,0.12448382289737484,0.006603286930567374,0.00012434718974129334,0.0015456475054633472,0.01109700086369678,0.0007332806953698018,0.00015807245062893124,0.06352394270531637,0.0004457033730274472,0.0003114810846859708,0.00019025276530288283,0.05440949226605627,0.0006027405511235224,0.001048710537999621
SchragJohannLeonhard,0.00021709623484123135,0.0016565184720550574,0.04785708498077012,0.0012208073258917717,0.0008354784173190492,0.0005296829083885012,0.2804996484184034,0.0001379246936879433,0.0003554141404493087,0.0002534531001615101,0.00045051098297924753,0.00029127190430473007,0.37838048465995494,0.003357037678983125,0.00015107320171932041,0.0022001029639081185,0.0018280661972174842,0.0004159033317119861,0.0005885577868606084,0.04339936044530259,0.00036555866023355146,0.00015549172781604244,0.0002771278633016323,0.0005851223966091148,0.00023741163447955267,0.10531236322508354,0.036552437530772815,0.00167864614790907,0.00017200479747637326,0.0068482126011828485,0.0004391991974467667,0.0010143196461683465,0.00021865568424659214,0.045035172914712186,0.0006165247366797878,0.0004308600861876962,0.00026316950494278187,0.021301209982272615,0.012420391916652016,0.001450641900916731
SchwendlerAugusteSophieHenriette,0.00042451156514318776,0.0016515104240297698,0.0018808152494421164,0.19485266690151998,0.0024924007380949416,0.0006138692179020069,0.00016194066771537226,4.8783868236327876e-05,0.001550501505049645,0.0002687691705939807,0.0011221878786519034,0.0015453669675340466,0.08879147109996542,0.05156498563645854,0.0004401685129761153,0.021195090156367294,0.01864342000065557,0.010515770334461862,0.0004940899401181309,0.0019107628003941157,0.0006374593702141265,0.00021618997556694113,0.008484897614899746,0.0009723081633799229,0.0008344927127325629,0.0017078665930445477,0.17565022365091146,0.015184996451427336,0.0001305170423233521,0.007157215666235441,0.0007732621198205136,0.0014601959143264581,0.00011735514988400625,0.2882821645795192,0.0037969180092157304,0.0005104406705783864,0.028293869549511356,0.05789091509414707,0.0018095964796519032,0.00592003255729957
SchwendlerAugusteSophieHenrietteANDSchwendlerFriedrichChristianAugust,6.963785262429412e-05,0.0005313606166903558,0.00024228375854872875,0.14728471775250238,0.09374543599278116,0.00016990612637267382,0.0001468638127922236,4.424203625325957e-05,0.00011400601927205106,8.130002645658777e-05,0.00014451018674404193,9.343114568709232e-05,0.050627208421100536,0.0010768353274951867,4.845967671666056e-05,0.0007057259471632633,0.0005863878962359023,0.00013340910744441686,0.00018879139222407023,0.007000222636663759,0.00011726007190081252,4.9877005162569154e-05,8.889416860130351e-05,0.00018768942378037329,7.615441338847176e-05,0.00033121738267539563,0.11194075136319084,0.0005384585004061502,5.5173894407202064e-05,0.0006858168040195791,0.00014088171085451485,0.0003253628147234101,7.013807644413597e-05,0.5447035033259554,0.00019776233698174119,0.00013820677823165548,8.441675284611279e-05,0.03650093670028829,0.0002674410542917518,0.00046532169008156084
SchwendlerFriedrichChristianAugust,4.640135385420432e-05,0.0048030750948766104,0.00016143941821698468,0.16042553948985264,0.20038433285185275,0.00011321248422679248,9.785884384625886e-05,2.947951871080318e-05,7.596491624019688e-05,5.417213704622818e-05,9.629056695392904e-05,6.225538968612662e-05,0.0871223133278502,0.07635080833091759,3.228983264492076e-05,0.004919258852621547,0.00039072417146263685,8.889365436495898e-05,0.0001257961850500952,0.00021539756692060802,7.813316873215683e-05,3.32342322245725e-05,5.9232294181991855e-05,0.00012506191732406376,5.074349294287492e-05,0.0002206980025518876,0.13242599899335947,0.04039993982873684,3.676367523443631e-05,0.0004569760123730488,9.387282735748059e-05,0.004665813870671055,4.673466485671341e-05,0.23837639785043785,0.00013177373844125174,9.20904562691718e-05,5.6248885805948477e-05,0.046566524894747885,0.0001782023214053527,0.00031005488514989607
SchwendlerFriedrichChristianAugustANDSchwendlerAugusteSophieHenriette,2.182975441032173e-05,0.00016656848723133852,0.09635683760761836,0.03151869788139092,8.401015650288597e-05,5.326139264424446e-05,4.603819394481516e-05,1.3868790458427732e-05,3.573808364589139e-05,2.5485559135130785e-05,4.530039005412458e-05,2.928836671096145e-05,0.22726972510302715,0.012895938040300692,1.5190917032373227e-05,0.05254779708236466,0.0001838181862539119,4.1820474668052215e-05,0.02098980919976398,0.00010133488779728068,3.675814912819984e-05,1.5635214648209727e-05,2.7866135958350983e-05,5.88360190921651e-05,2.387253596835485e-05,0.00010382850486850044,0.2506761386700007,0.00016879349924003392,1.7295659176458605e-05,0.00021498670389782018,4.4162952086594285e-05,0.00010199324177875664,2.1986562277391588e-05,0.110052333643515,0.027271809692549533,4.3324426485636765e-05,0.1277032917942565,0.028186648293916074,8.383619417336451e-05,0.012704243552026873
SchützeStephan,6.0718694192824085e-05,0.0004633043894245033,0.0002112522556170277,0.0003414422490716716,0.00023367129587945035,0.00014814469056604232,0.00012805361740594857,3.857555292841332e-05,9.94042228393748e-05,7.088718646910027e-05,0.000126001441830765,8.146456200575953e-05,0.3003012594561495,0.006760695649617314,4.225300149785967e-05,0.0006153371529264851,0.0761944302962748,0.00011632217956458376,0.00016461114722385542,0.0002818594267060535,0.005924021997232039,4.348879969143996e-05,0.029186411167818036,0.00016365031798484992,6.640061925682326e-05,0.0585066003161637,0.2489697656833873,0.0004694931820784168,4.8107267752959756e-05,0.0005979779563311438,0.005944618196251863,0.0002836906151528172,6.115484976052675e-05,0.2595324517709247,0.00017243310081424676,0.0001205053686548596,7.360472512654954e-05,0.002717024497861814,0.00023318742577771933,0.0004057236737867712
SpazierJohannKarlGottlieb,0.0025409941420856614,0.004666273815798732,0.02657915815584513,0.001424217598788279,0.0030723162060802708,0.0022652234940896522,0.005294929172902223,0.0003926089832471138,0.014986704069243911,0.001900260809478972,0.002584729446881729,0.0013300555020597184,0.3014273384296332,0.008604782293475345,0.00036915408531688746,0.0052332781588008415,0.009185948468473148,0.0019870240106798377,0.007801096948221963,0.11682316349717975,0.0013016222379804486,0.003098419730703707,0.008443399592153482,0.009091881870338027,0.0004596016476661646,0.15671856682092297,0.08736601610463107,0.0019133922946800023,0.0016979302787596623,0.009578881188909358,0.002165295690538076,0.0024306484458407446,0.0008499677691302319,0.03247238603752884,0.00222023883451977,0.0013625004371005808,0.0009796303490566388,0.1541691038336568,0.0013062209847772867,0.003905038562823891
SpazierJohannKarlGottliebANDLeipzigerAugustWilhelmvon,0.0003503530433852663,0.002673313466411977,0.0012189470090115172,0.0019701565175739228,0.001348307152376472,0.0008548099377162742,0.0007388824013934204,0.00022258486531049736,0.000573572479779021,0.0004090262784242037,0.0007270411395236709,0.0004700588114778444,0.15393232811531013,0.039009901772968106,0.00024380411772239444,0.0035505579805650304,0.002950159666164957,0.0006711908114202457,0.0009498230680302363,0.03521862338807925,0.0005899438525146689,0.00025093479903704694,0.0004472329535590035,0.0009442789855605099,0.00038313832911847633,0.3039967708270488,0.22725931026184304,0.002709023429710813,0.00027758382966330743,0.003450393649978689,0.0007087860164427737,0.0016369237138563865,0.00035286970538805554,0.18743028624582445,0.0009949565361003683,0.000695328238094474,0.0004247067529767509,0.015677507799413643,0.0013455151726575695,0.0023410668785667924
SpazierRichardOtto,0.1219911376446863,0.02110822757755241,0.0005671564616312923,0.004721495784055855,0.00449329107949178,0.0016140164597498593,0.00014988883158072356,4.51533090056356e-05,0.010658876522082646,8.297459899328653e-05,0.00014748672685776498,0.0006277944083346186,0.2146610031963382,0.046303709332309546,4.9457822071635954e-05,0.027128986612561003,0.007056246527177846,0.006630949198444618,0.00925407016320615,0.025516512852611178,0.0004395576069148981,5.0904343857257256e-05,0.007641883620478135,0.0001915553457018041,7.77229994611569e-05,0.0023129064565493127,0.14564753628504176,0.0012188261889465235,5.631033546809584e-05,0.0006999428755016215,0.0001437835136484669,0.009003150864460104,7.158274136872789e-05,0.2053859157520851,0.007161181101161897,0.00014105348425746378,8.615552197220738e-05,0.09836372302526057,0.009260218361330409,0.009237654467792055
StainleinJohannGottliebEduardvon,0.00011005287982766634,0.000839741087498405,0.0003828955712867065,0.0006188654631774628,0.00042353017281513653,0.1796525264101454,0.22182411444828445,6.99183463536701e-05,0.0001801705576171164,0.0001284833133767763,0.0002283781250610737,0.00014765484949597098,0.38601724044723296,0.0017017875253906105,7.658373682139748e-05,0.0011153010888122839,0.0009267040014145171,0.00021083442289222167,0.12692236794241493,0.000510871355649842,0.00018531313237222963,0.010630824423526274,0.00014048479218968063,0.0002966168659976645,0.00012035139208276036,0.0005234427174121808,0.008074677974727839,0.0008509582993188131,8.719461818530922e-05,0.0010838374744805103,0.0002226438267451547,0.011066191189606734,0.00011084341356553156,0.0061155878128093255,0.021416537290466255,0.0002184164701079693,0.00013340886323042663,0.015476618734769769,0.0004226531562905569,0.0007353758065464427
SteinAnnaChristianeCharlottevon,7.010594722966463e-05,0.000534932338517004,0.00024391235156347066,0.0003942300244366187,0.00026979742821854255,0.00017104820841824664,0.00014785100805889958,4.45394242070853e-05,0.00011477234965976312,8.184651234560743e-05,0.00014548156130955188,9.405917503638412e-05,0.003914626228239611,0.0010840736438515563,4.878541498104171e-05,0.0007104697250985102,0.0005903295027119585,0.00013430586231477374,0.00019006041803273856,0.00032543555749216707,0.01356173120743778,5.021227048406889e-05,8.949170110988994e-05,0.00018895104233186265,7.666631128220237e-05,0.0003334437734125104,0.03875294322185634,0.0005420779330818797,5.554476457846698e-05,0.0006904267558508912,0.00014182869538033232,0.0003275498519828999,7.060953347472096e-05,0.9315098774810824,0.0001990916640588705,0.00013913578228445,8.498418887581565e-05,0.003137082880338323,0.00026923875066019057,0.0004684495087129625
ThieriotPaulEmile,9.415628475802552e-05,0.0909966084955232,0.0003275881966842892,0.0005294734028686085,0.0003623533306683427,0.0002297274975319604,0.009226388720845202,5.981898646718963e-05,0.00015414581021935966,0.17163843587026978,0.0001953900325863958,0.00012632683557955426,0.014285382633143934,0.0014559727204708046,6.55215941943615e-05,0.2176217946215848,0.0007928461843090438,0.0001803804315681664,0.00025526197917125716,0.000437078510917737,0.00015854556544421254,6.743794249804345e-05,0.00012019245764669507,0.00025377202434541163,0.00010296722777008549,0.0004478340015486452,0.033991779771082864,0.10003402182264698,7.45997861398933e-05,0.0009272825030876806,0.00019048402534727028,0.00946773451514376,9.483262980097056e-05,0.005232221350929421,0.00026739145757015176,0.00018686728950239432,0.00011413861168593188,0.3382424874811523,0.0003616029948501876,0.0006291544024452069
ThieriotPaulEmileANDJeanPaulANDRichterCaroline,5.9169070711016485e-05,0.003280034374964835,0.00020586081134700828,0.0031773747957622796,0.0002277076872753311,0.0001443638370042509,0.00012478551529834239,3.759105246383242e-05,9.686729216340295e-05,6.907804926395967e-05,0.0001227857140290027,0.011393602045199317,0.008961033347524346,0.006572061047239395,4.1174647554838394e-05,0.07171579832077336,0.026100054710180724,0.00011335347967232519,0.00016041004734026272,0.0002746659916034233,9.963215728822716e-05,4.237890650132181e-05,7.553055054906446e-05,0.00015947373976745187,6.470598533600518e-05,0.00028142488600231937,0.19125115553462269,0.18211258267259056,4.687950498983364e-05,0.006239825032012609,0.00011970271335638073,0.0002764504456357789,5.9594094996691136e-05,0.0824875139762665,0.005857325606628125,0.028547803597004054,7.172623264669027e-05,0.329106159312424,0.00022723616619529363,0.03999512704781514
ThümmelMoritzAugustvon,0.0001158723084388822,0.0008841453167948495,0.00040314250572534127,0.007164656367932576,0.0004459258030726376,0.00028271140391026276,0.06651724456797647,7.361552198284581e-05,0.0001896977022001351,0.0001352773152338787,0.00024045441236257288,0.0001554626129737388,0.1704296745671852,0.08646163660230011,8.063336814326889e-05,0.0011742765111412397,0.1557507576581088,0.00022198302595221857,0.0003141351090823529,0.0005378854545845975,0.00019511220847318855,8.299169931883744e-05,0.0001479134139612285,0.00031230151395289285,0.045718179083993137,0.0005511215708034872,0.1682512330007563,0.0008959556776860314,9.180533674720615e-05,0.001141149148820851,0.00023441689308835478,0.0005413799966747037,0.00011670464439636648,0.08076344976007434,0.00032906210695457603,0.00022996600027289977,0.00014046332065933403,0.20745834271821922,0.0004450024112504407,0.0007742613587947223
TiedgeChristophAugust,8.426661848846869e-05,0.008722566541121739,0.00029318010648213814,0.0004738603838711609,0.000324293699054991,0.2829910186000991,0.00825729881296643,5.353592406446226e-05,0.00013795516905464476,9.837865549187928e-05,0.00017486732165272566,0.00011305814886382776,0.2309336763074217,0.0013030452303936465,5.863956075711572e-05,0.0008539772107543892,0.0007095699145830374,0.00016143424784445328,0.00022845064319089258,0.0003911701510277953,0.00014189279781652854,6.035462621251671e-05,0.00010756809276974148,0.00022711718515145053,9.215210776015122e-05,0.00040079594316668685,0.24049063676439825,0.0006515720303783268,6.676422858152255e-05,0.0008298857704457335,0.00017047661484665853,0.00039371151098744597,8.487192391069179e-05,0.15011515909203793,0.00023930610686313198,0.00016723976134933792,0.0001021501100055043,0.00377074095266369,0.06496028970241867,0.0005630714310514656
TruchsessvonWetzhausenChristianFreiherr,4.690418535503791e-05,0.0010469294027715226,0.0001631888677095751,0.009910564391193527,0.013686035479406498,0.00011443931919233514,9.891929801911907e-05,0.013888073937379895,0.013113322524886858,5.475917718001191e-05,0.006489788671225879,0.04761459928646248,0.12194402415757566,0.05361491546186611,3.263974366392952e-05,0.016056705069919994,0.058312718810948454,8.9856956637978e-05,0.0036035685600439692,0.00021773173764741272,0.1325067448990975,3.359437729536163e-05,5.987416906079238e-05,0.0001264171594961516,0.028519096246203374,0.0002230896118183505,0.13221045333585532,0.0009670468038236297,3.716206736007071e-05,0.0014176711655538687,9.489008678521123e-05,0.0008235173990106038,0.00039175832699039995,0.12674938145595707,0.01577704300518315,9.308840090854103e-05,0.006704940515645369,0.19206662659648474,0.0007845045218899671,0.00031341481649436873
UngernSternbergRosalievon,0.10938252960882462,0.0017815276641065646,0.0001050122414473825,0.046177648468316096,0.013301541948138373,7.364184571393067e-05,6.365469258525786e-05,1.9175678225318336e-05,4.94132487211012e-05,3.5237599330128835e-05,6.263456829657677e-05,4.0495549880720585e-05,0.01770832510451038,0.07850050319522602,0.016181570095503788,0.041557857224650774,0.00025415615025207116,5.78230645180257e-05,8.182722350922343e-05,0.004757415326634863,0.0035301163114880717,2.161802400696469e-05,3.852910303332172e-05,8.134960100175511e-05,3.3007353418721085e-05,0.00014355844555747764,0.13663705078162355,0.004470105477460066,2.3913837047051585e-05,0.0002972512901556774,6.10618900928069e-05,0.011684282619293928,3.0399712561522104e-05,0.4341961392424534,8.571547017728974e-05,5.990250296702609e-05,3.658847165480595e-05,0.05743449489314265,0.00011591608424127832,0.020827008390231355
UtheSpazierWilhelmine,0.00010107376129525203,0.0027618546502111863,0.0060314875765296126,0.0014927231233592116,0.0037226752397736796,0.0020621746921296144,0.004281891400947046,0.002143361010498841,0.005066424021880221,0.01681090660083351,0.004979582764630146,0.0018254651701068102,0.25159765718764376,0.03374142741194482,0.001012386128251853,0.01102438392189012,0.013916496440665563,0.004054896320511313,0.0018651270666805479,0.02129429565600784,0.0016315098603347114,7.23924751258751e-05,0.002689744512321944,0.1598822713239896,0.0003747656782261053,0.06088836392875969,0.14306584466620673,0.0031807244611332425,0.00733975034997587,0.013737620854211421,0.003986765153849293,0.0012377727716256582,0.005610438874207095,0.09349431532620767,0.004581082335953764,0.0002005960607047622,0.0016816044904566217,0.08719846249560233,0.01839074667109039,0.0009689375642262935
VoßErnestine,3.954900810864712e-05,0.012488539768978726,0.0001375987623158605,0.023900352108823384,0.01552269391520833,9.649376763345897e-05,8.340748463803392e-05,2.5126114384417492e-05,0.0013961716625197444,4.6172236569556436e-05,8.207080390828111e-05,0.043179052372815115,0.11271540367479096,0.08023575560746232,0.0016109586246786736,0.12163410931365155,0.0003330237620646518,7.576623450111878e-05,0.00010721916343680783,0.00018358861139035744,6.659480957067759e-05,2.832634849112675e-05,5.0485132185105664e-05,0.0016900305401395853,4.324991939167311e-05,0.0025632621187917123,0.17149900007339727,0.0018892407186983638,3.133457904092275e-05,0.00751495927516215,0.017193878057325116,0.027654741548838367,3.983309722342493e-05,0.1739330897038514,0.00011231397830534645,7.849094690560384e-05,4.79423003007973e-05,0.17645725369459347,0.0033187606165176603,0.0018941595433902753
VoßGeorgANDSpazierJohannKarlGottlieb,4.209398616451048e-05,0.0003211915015243667,0.00014645324052795148,0.00023670906463763984,0.00016199551763343558,0.00010270314007789809,0.17363769396257964,2.6742979453745843e-05,6.891320764584352e-05,4.9143419273730514e-05,8.735205886162525e-05,5.647631576328625e-05,0.25258379959849997,0.0006509145481781428,2.92924161842424e-05,0.00042659009628138393,0.0003544538359670689,8.064179051129809e-05,0.00011411871493415735,0.4239776471123817,7.08801845294169e-05,3.014914857538206e-05,5.3733849654972195e-05,0.00011345260817361485,4.603305103096198e-05,0.00020021093986059423,0.007124494695232359,0.0003254819586201922,3.3350958714207866e-05,0.1336032610568093,8.5158754385164e-05,0.00019667202972648002,4.2396356409399896e-05,0.0023391434116340963,0.0001195413810601408,8.354183811657769e-05,5.1027386578510134e-05,0.0018836108572826962,0.00016166006869734674,0.00028127295782676923
VoßHeinrich,0.00011029522301080955,0.0008415902488150302,0.004900115812695186,0.0013045701775569486,0.0029173286855617452,0.01404325780213265,0.00023260879498293238,0.0014293873860873549,0.0010867773543900218,0.013298000645564493,0.06269446644645556,0.10822884133915683,0.04917110402923963,0.0078126767694552,7.675237890134456e-05,0.02738936982344549,0.02375337477002291,0.005941252675972646,0.0002990153763100204,0.0011481225860397308,0.013592070554370821,7.899720051961651e-05,0.004344689547383897,0.002112162209339212,0.002584433836364126,0.009078175930886717,0.17156705834960823,0.006309881006225622,8.738662607603481e-05,0.005973693886877168,0.00022313410209065317,0.033964346448866804,0.04737823622211343,0.17315454847179407,0.003148941891522517,0.00021889743655518787,0.0007502277898478826,0.19733088768776602,0.0004235838644321465,0.000999738611563306
VoßHeinrichANDTruchsessvonWetzhausenChristianFreiherr,7.813768921608639e-06,0.0015580086124429842,2.718563584911773e-05,4.393952916457301e-05,3.007069789439988e-05,1.9064447851434105e-05,1.6478967298088162e-05,4.964211773867954e-06,1.279213325359625e-05,9.122332124164703e-06,1.6214876873479715e-05,0.3169193096791141,0.10981855344135633,0.0203490500845359,5.437455372478643e-06,0.03828805208982628,0.05775369117610829,1.4969271715381228e-05,2.1183483660623853e-05,3.627193334665739e-05,0.016495412991107686,5.596487803046278e-06,9.97443869610051e-06,2.1059836442143304e-05,8.54496464428004e-06,0.03150328908548218,0.16764344086782215,0.0030571919208982764,6.190829342901239e-06,7.695260303439704e-05,1.5807740939932818e-05,3.650758537384841e-05,7.869896920822173e-06,0.12554951243062884,2.2190075430808663e-05,1.550759806349088e-05,9.472046810673176e-06,0.11048108456362354,3.000842960597137e-05,5.22117788457088e-05
WagnerJohannErnst,0.004159715329084133,0.005126191052433292,0.004366749616234532,0.002985173032415992,0.0042351503927374684,0.006683039002504948,0.0048843255713563035,0.00013953846118637875,0.0056845795855301265,0.001246916525537062,0.00506527989610689,0.002358565619000812,0.10140350064974502,0.02204497510500486,0.0007013258142033491,0.01736003561748934,0.2568206490323338,0.0038573133045459746,0.10521801800021849,0.00979601125867625,0.02355121915588883,0.0018277894475695541,0.0071319639146202474,0.003314740437029848,0.005068757756050665,0.01006503482373991,0.06914227565118615,0.005387774825203333,0.005956352450111506,0.01810553030833036,0.0037121030902714145,0.002766384949426208,0.0023533180040476893,0.13214500883443833,0.0022563324915178475,0.0016910400536100075,0.0004133156081500639,0.1316311929609314,0.0018450829850348285,0.007497729386496747
WagnerJulianeLouiseAntoinetteKaroline,7.305221987404403e-05,0.0005574134057851409,0.00025416301241943897,0.04944113303512622,0.0002811359353451941,0.00017823668068411372,0.00015406459474735576,4.641123811622279e-05,0.0001195957726002725,8.528619399731883e-05,0.0001515955696253338,9.801210606882196e-05,0.032096476658367235,0.057164301609118486,5.083567090487181e-05,0.0007403279268407982,0.014623805862453813,0.05617461888535736,0.10526305168120427,0.00033911231272388035,0.1191966803274429,5.232249143942875e-05,9.325267947618008e-05,0.00019689189912287927,7.988828979618284e-05,0.00034745708193861243,0.1664595790128575,0.0005648593011180151,5.7879088938708767e-05,0.0007194426317372433,0.00014778918834704418,0.00034131546255808067,7.357696983539727e-05,0.165159150659818,0.0002074586906339343,0.00014498310288131862,8.855573452613444e-05,0.2274075966688941,0.0002805537788029293,0.0004881365684751328
WagnerKarlLudwigFriedrichErnstANDWagnerLudwigAnton,0.00020115792761382623,0.001534903740437101,0.0006998679156161721,0.009485980576362862,0.0007741410490923008,0.0004907957810591143,0.0004242350834988587,0.00012779883340366957,0.0003293211049455472,0.004717642320866979,0.0004174363308034751,0.0002698879263609612,0.07216375560789474,0.057644807261489184,0.00013998203238332888,0.0154869706038517,0.0016938571414750177,0.00038536943008732246,0.01956360498699436,0.0009337858613124066,0.21512590769552592,0.00014407616857769557,0.0002567822823208936,0.0005421651314607258,0.00021998185467492906,0.0009567641703158213,0.2503380823776018,0.0015554068938932577,0.00015937691699391833,0.0019810703779683716,0.014331621464242507,0.02157860604295431,0.0002026028886967783,0.12043069240494353,0.0005712620416649074,0.0003992281215398159,0.00024384868887367912,0.16791215307913465,0.000772538012199093,0.01479253187086834
WangenheimKarlAugustFreiherrvon,3.469908775411129e-05,0.0007417954314459619,0.0001207249374077532,0.00115595321687134,0.020371009838181128,0.003607697508612265,0.0026028632994145053,2.204488278314409e-05,5.680681867892247e-05,4.051010544004845e-05,7.20064083286392e-05,4.6554788825187945e-05,0.11446716679480919,0.02525790264506349,2.4146444951415e-05,0.0003516485021887133,0.010213974030641308,6.647497233130556e-05,9.407080831953293e-05,0.00016107502164881392,5.8428245151261755e-05,2.4852670118729006e-05,4.4294107886510394e-05,9.352172045583335e-05,0.40927725023658595,0.015343143475411757,0.00856609950888694,0.00026830262642277405,2.749199941733529e-05,0.000341728191911787,7.019841456433328e-05,0.0006391510284634461,3.4948338837642465e-05,0.21777606720772769,9.854084275702671e-05,6.886555149749382e-05,4.206310511508372e-05,0.16735080681144754,0.00013326029253067604,0.0002318600811133947
WestphalenEngelChristine,5.247089525545287e-05,0.0004003708645591672,0.04546130222543975,0.00029506201878997713,0.0002019302663420191,0.00012802127326152137,0.00011065929587766804,3.333559497673069e-05,8.590152726260298e-05,6.125813780450995e-05,0.00010888588011037077,7.039872245046946e-05,0.2896952968462839,0.08130692432826234,3.6513512770581056e-05,0.000531752069559658,0.010503776435102249,0.0001005214124077884,0.10076168583572677,0.0002435727028069584,8.835339859701444e-05,3.7581444787799784e-05,0.13087224549164936,0.0001414206745987538,5.73810089995931e-05,0.0002495664633272011,0.018942751622991208,0.00040571899490712815,4.157255752693538e-05,0.0005167508809079327,0.00010615188744457892,0.00024515514950579543,0.015145763032189662,0.14378299225373664,0.00014901043725783176,0.00010413637283319816,0.1409308153224809,0.0023479541141162323,0.00020151212333412527,0.015443526923757547
WilkenFriedrich,0.00017162724954635048,0.0013095745736422008,0.18161119418164745,0.0009651194721183011,0.0006604944711485768,0.0004187452664248812,0.0003619559089997852,0.00010903752356412972,0.0002809756300923657,0.00020036947440165445,0.00035615523666588354,0.00023026744725677928,0.5526256534897587,0.0026539342973345426,0.0001194321868834346,0.0017393098534871955,0.18245926235841034,0.0003287958676533202,0.00046528929546773006,0.0007967028739229407,0.0002889954653042081,0.0001229252897536146,0.00021908575699574017,0.00046257341888694366,0.0001876877591443632,0.0008163078878553429,0.0455040933756101,0.001327067793404647,0.00013597983549201728,0.0016902424088459885,0.00034721260972526573,0.000801878904809261,0.00017286008535506234,0.009537247160776115,0.00048739880224557374,0.0003406200553675084,0.0002080508597066932,0.007679931983339453,0.0006591267656041515,0.001146817123351341
