,segmentID,idno,filename,id,corpus,sender,receiver,date,year,month,year_range,sender_norm,receiver_norm,0,1,2,3,4,5,6,7,8,9,10,11,12,13,14,15,16,17,18,19
0,ub0505,ub0505,OsmundEmanuel_SchwendlerAuguste_1808-07-17.xml,JP-UB0505,letters-context,Osmund Emanuel,Schwendler Auguste Sophie Henriette,1808-07-17,1808,7,1804,OsmundEmanuel,SchwendlerAugusteSophieHenriette,0.00017450369774009056,0.00015029690887355862,0.0006943497301339685,0.00013024788913764426,0.0005807780781497086,0.00011303160422149778,0.2088145131266574,0.6071087986877242,0.00011632672061242876,0.000196303065134775,0.00011812116880138508,0.00035983707790424794,0.0005278125262933486,0.0002710896792525562,0.001236645864555338,0.11209768495037303,0.059121571714996365,0.00024842520011033367,0.00739316587711861,0.0005464964322096747
1,ub0625,ub0625,EndeHenriette_RichterCaroline_1820-02-07.xml,JP-UB0625,letters-context,Ende Henriette Freifrau von,Richter Caroline,1820-02-07,1820,2,1819,EndeHenrietteFreifrauvon,RichterCaroline,9.019546691068018e-05,7.768373992437288e-05,0.021628827155320243,6.732103288950187e-05,0.00030018590212467364,5.842247729102998e-05,0.1109682098742394,0.4961091908794062,6.01256192029436e-05,0.00010146287353864471,6.105311297153416e-05,0.0001859884556812578,0.0002728096760519083,0.2553793934262729,0.04317906259460034,0.009322758928813412,0.00017245084796015266,0.00012840316398168188,0.06155398797408345,0.00028246679873562483
2,ub0793,ub0793,RichterCaroline_RichterMax_1821-08-19.xml,JP-UB0793,letters-context,Richter Caroline,Richter Max,1821-08-19,1821,8,1819,RichterCaroline,RichterMax,0.00016300446442509987,0.00014039282521205874,0.006139993379372008,0.00012166497149535112,0.2696210609389739,0.0001055831844702636,0.09071772498812757,0.5341538840007537,0.00010866116327230634,0.0001833673235105791,0.011093135496605502,0.0003361249699787849,0.033441425776274306,0.000253225739912691,0.05057774647402601,0.0003742252116886177,0.0003116593225160237,0.00023205477716579064,0.0014145809199838054,0.0005104840722357961
3,ub0751,ub0751,MayerJohann+MayerJulie_RichterCaroline_1810-03-19.xml,JP-UB0751,letters-context,Mayer Johann Siegfried Wilhelm + Mayer Julie Henriette,Richter Caroline,1810-03-19,1810,3,1809,MayerJohannSiegfriedWilhelmANDMayerJulieHenriette,RichterCaroline,0.0001977548985088999,0.00017032275158295184,0.17400131030512056,0.00014760236276354746,0.0006581620411949784,0.0001280921476770813,0.16335431739767298,0.5081245783256971,0.00013182631157104135,0.00022245885459993263,0.00013385985541041078,0.04704244047670976,0.03390860928107305,0.0003072101777880162,0.01472560689312641,0.000454005164938039,0.03368857106248485,0.0002815258408337192,0.001716151194083176,0.0206055946571636
4,ub1156,ub1156,RichterCaroline_FalkensteinKonstantin_1826-02-17.xml,JP-UB1156,letters-context,Richter Caroline,Falkenstein Konstantin Karl von,1826-02-17,1826,2,1824,RichterCaroline,FalkensteinKonstantinKarlvon,0.00012900136231499542,0.00011110656248270122,0.0005132960634664707,9.628538165669175e-05,0.00042933854270289676,8.355829199069573e-05,0.4455395438380385,0.0967871139637057,8.599419741230852e-05,0.06533332741225653,8.732073813308926e-05,0.00026600853656541556,0.013427826095029452,0.0784262553899883,0.12694472806923351,0.00029616098117749235,0.0002466464788221148,0.0001836476227302652,0.17060884453886374,0.0004039959334290722
5,ub0611,ub0611,MayerJohann_RichterCaroline_1818-11-10.xml,JP-UB0611,letters-context,Mayer Johann Siegfried Wilhelm,Richter Caroline,1818-11-10,1818,11,1814,MayerJohannSiegfriedWilhelm,RichterCaroline,0.0003331381609221205,0.00028692593029742904,0.8654944214887028,0.00024865113354749545,0.0011087406362405546,0.0002157841996707205,0.017058534473570523,0.08160224244949156,0.00022207477705512682,0.0003747544776946584,0.00022550048766917534,0.0006869508435469143,0.012230598461248559,0.0005175266676908713,0.002360832087601453,0.0007648176952228339,0.0006369495087352638,0.0004742588000325968,0.0028910305482796445,0.012266267172779687
6,ub0837,ub0837,SpazierJohann_BodeAugust_1803-10-16.xml,JP-UB0837,letters-context,Spazier Johann Karl Gottlieb,Bode August Theodor Heinrich,1803-10-16,1803,10,1799,SpazierJohannKarlGottlieb,BodeAugustTheodorHeinrich,0.00043586353202947824,0.015059051998034772,0.0017342997871063308,0.0003253243669568104,0.016134278743042456,0.0002823226950773183,0.007634996667481959,0.69411085933035,0.00029055301390264513,0.0004903125173043189,0.0002950350652047748,0.0008987767122511787,0.001318334424650808,0.0006771094631573059,0.032456111479973536,0.0010006543263484005,0.0008333571327683907,0.1768243062096886,0.04783345071368257,0.0013650018209883093
7,ub0430,ub0430,RichterCaroline_RichterOdilie_1822-11-17.xml,JP-UB0430,letters-context,Richter Caroline,Richter Odilie Minna,1822-11-17,1822,11,1819,RichterCaroline,RichterOdilieMinna,0.00018088397397045332,0.00015579212649703396,0.03118841415758257,0.00013501006622547633,0.36622614063791104,0.00011716431239349492,0.03973094706162104,0.3977442135169556,0.00012057990619010613,0.00020348037883440904,0.00012243996373447952,0.14052890928925652,0.0005471106257560484,0.00028100137200882014,0.0012818606211317315,0.0004152729416885099,0.0003458443729161867,0.01853871462042089,0.001569742394552785,0.0005664776603530389
8,ub1268,ub1268,MahlmannSiegfried_MuechlerKarl_1805-02-12.xml,JP-UB1268,letters-context,Mahlmann Siegfried August,Müchler Karl,1805-02-12,1805,2,1804,MahlmannSiegfriedAugust,MüchlerKarl,0.00034474536391211434,0.0002969230063058833,0.001371740848459508,0.0002573146387214121,0.001147371388095812,0.00022330255482006338,0.2267049454971252,0.363181505097911,0.0002298123085618793,0.00038781167679178587,0.00023335737781791645,0.0007108855914098606,0.0010427339008333757,0.0005355583367977537,0.002443088221783833,0.0007914654806768279,0.0006591421096123379,0.0004907829296805844,0.3862538650997173,0.01269364857096552
9,ub0928,ub0928,SchwendlerAuguste_MuellerFriedrich_1810-06-19.xml,JP-UB0928,letters-context,Schwendler Auguste Sophie Henriette,Müller Friedrich Theodor Adam Heinrich von,1810-06-19,1810,6,1809,SchwendlerAugusteSophieHenriette,MüllerFriedrichTheodorAdamHeinrichvon,0.00017978839107552532,0.00015484852057546966,0.0007153775102831618,0.03647515292444403,0.0005983664391914084,0.00011645466845027151,0.1666836656658584,0.4922443739609857,0.0001198495745869566,0.02442955499396386,0.00012169836608501054,0.00037073443212693743,0.0671688912879434,0.018449779690778413,0.0012740966134124902,0.030696891531088143,0.12148028495613253,0.01842642883751676,0.001560234736803093,0.018733526898698574
10,ub0384,ub0384,MayerJohann_Unbekannt_1815-12-30.xml,JP-UB0384,letters-context,Mayer Johann Siegfried Wilhelm,Unbekannte Korrespondenten,1815-12-30,1815,12,1814,MayerJohannSiegfriedWilhelm,UnbekannteKorrespondenten,0.07747965734038981,0.0006538111522419146,0.0030205118689411643,0.000566595302008516,0.0025264603731228754,0.0004917022176283149,0.038870868409008,0.33938613597530604,0.026079550903618826,0.0008539439311580303,0.0005138424872275066,0.0015653382114589162,0.002296053315866172,0.05232630445472442,0.0053795707688195004,0.0017427715161550431,0.0014514013836059894,0.0010806820150021075,0.4413374676307428,0.0023773307429742004
11,ub0764,ub0764,MahlmannErnestine_RichterCaroline_1804-11-09.xml,JP-UB0764,letters-context,Mahlmann Ernestine,Richter Caroline,1804-11-09,1804,11,1804,MahlmannErnestine,RichterCaroline,0.0004423589766585227,0.0003809958623528485,0.0017601451433004128,0.00033017250463469243,0.0014722461451714293,0.00028653000149008167,0.21638340257579006,0.7491622476137569,0.00029488297242158575,0.0004976193864802015,0.00029943181737337446,0.0009121707081680184,0.0013379808681557518,0.0006872000688229407,0.003134841302609347,0.001015566550684641,0.0008457762151516129,0.0006297466398716262,0.018741340922986908,0.0013853437241190688
12,ub0232,ub0232,MannLukrezia_RichterCaroline_1810-02-08.xml,JP-UB0232,letters-context,Mann Lukrezia von,Richter Caroline,1810-02-08,1810,2,1809,MannLukreziavon,RichterCaroline,0.00016855818601744436,0.0001451761461323807,0.0006706925554517653,0.00012581021611554486,0.0005609904007731637,0.00010918050687151867,0.3266269192836322,0.489889568998486,0.022826348979198725,0.0001896148276357134,0.00011409666500635772,0.00034757707658262014,0.11975825396191475,0.0002618533886366113,0.0011945121299715205,0.00038697543080614235,0.0003222778605727406,0.00023996111047449903,0.0014627770760040752,0.03459885519971635
13,ub1278,ub1278,GoldschmidtCaroline_OsmundEmanuel_1806-11-22.xml,JP-UB1278,letters-context,Goldschmidt Caroline,Osmund Emanuel,1806-11-22,1806,11,1804,GoldschmidtCaroline,OsmundEmanuel,0.0005808586691798134,0.0005002831664929143,0.00231123503635832,0.0004335473490117955,0.021501536582385992,0.00037624066454538445,0.08844822755155611,0.6901949333463184,0.0003872088958574768,0.0006534207506590137,0.000393181954310953,0.020766105201665448,0.001756893897204534,0.0009023579004815908,0.06282135903465039,0.09917523292821896,0.0011105831975376514,0.0008269161799753982,0.005040791941048371,0.0018190857525416184
14,ub0723,ub0723,RichterCaroline_JungFranz_1826-06-14.xml,JP-UB0723,letters-context,Richter Caroline,Jung Franz Wilhelm,1826-06-14,1826,6,1824,RichterCaroline,JungFranzWilhelm,0.0045339946914135796,0.00011257426547531078,0.07977928292357668,9.755729881121701e-05,0.0004350100480567392,8.466208597434256e-05,0.3809724344630401,0.20814788988982005,8.71301693843399e-05,0.14985886754990155,8.847423353256006e-05,0.0002695224741443731,0.0003953381869358936,0.00020304956202038708,0.15944467580125346,0.00030007322856104415,0.0002499046461796028,0.0001860735835326148,0.014344152232119371,0.00040933266626686697
15,ub0318,ub0318,MayerJohann_RichterCaroline_1811-12-14.xml,JP-UB0318,letters-context,Mayer Johann Siegfried Wilhelm,Richter Caroline,1811-12-14,1811,12,1809,MayerJohannSiegfriedWilhelm,RichterCaroline,0.00026959852798235127,0.00023220038267017163,0.2735449815933204,0.00020122575990692097,0.0008972698973221146,0.02742185253491782,0.12279385030597582,0.5655706577984938,0.0001797183271659694,0.00030327734073339583,0.00018249065002530376,0.0005559283142581135,0.0008154410593136754,0.0004188185088579141,0.0019105492263903254,0.0006189435765515126,0.0005154637627787499,0.0003838031464709765,0.0023396226298746077,0.0008443066569900334
16,ub0405,ub0405,RichterCaroline_RichterOdilie_1822-12-15a.xml,JP-UB0405,letters-context,Richter Caroline,Richter Odilie Minna,1822-12-15a,1822,12,1819,RichterCaroline,RichterOdilieMinna,0.0005386933324067358,0.0004639669172633704,0.002143459278087565,0.00040207554537327855,0.25586271978308983,0.000348928832648852,0.19091472932894185,0.5130577972133745,0.0003591008648309004,0.0006059880317069869,0.00036464033068325097,0.001110817920365525,0.0016293585314075551,0.0008368544884082571,0.0038175287424369398,0.019384577596367563,0.0010299644222255449,0.0007668891870736606,0.004674873859637206,0.001687035793670676
17,ub0314,ub0314,MayerTherese_RichterCaroline_1824-05-22.xml,JP-UB0314,letters-context,Mayer Therese Apollonia,Richter Caroline,1824-05-22,1824,5,1824,MayerThereseApollonia,RichterCaroline,0.00042342857750316833,0.00036469144867199885,0.0016848211374766164,0.00031604303596182614,0.0014092425470675725,0.00027426817888807605,0.4924181239161507,0.3890135697821692,0.00028226369109892553,0.0004763241622153516,0.00028661787186353387,0.0008731350911361691,0.0012807230453627304,0.08624619476810494,0.003000688272427039,0.015236840004049528,0.0008095818974283299,0.0006027971353095977,0.0036745863913874148,0.0013260590457272398
18,ub1005,ub1005,Uthe-SpazierWilhelmine_SchragJohann_1821-01-10.xml,JP-UB1005,letters-context,Uthe-Spazier Wilhelmine,Schrag Johann Leonhard,1821-01-10,1821,1,1819,UtheSpazierWilhelmine,SchragJohannLeonhard,0.00020316902302963148,0.00017498584004618014,0.055564317041584314,0.00015164341346611743,0.0006761811713035967,0.000131599048607884,0.0035589002056310875,0.09767770219641883,0.0001354354462692762,0.0002285493228949021,0.00698201317206504,0.00041894669576877203,0.0006145150887836178,0.00031562096391327403,0.12464058000470753,0.00046643489747343406,0.0003884526739618995,0.00028923344236253204,0.7067454521943085,0.0006362681574036955
19,ub0092,ub0092,MayerJohann_RichterCaroline_1811-07-20.xml,JP-UB0092,letters-context,Mayer Johann Siegfried Wilhelm,Richter Caroline,1811-07-20,1811,7,1809,MayerJohannSiegfriedWilhelm,RichterCaroline,0.0004295560806513768,0.0003699689573678914,0.4069017125159952,0.00032061654564141537,0.0014296359229579404,0.00027823715788212504,0.02199567047449831,0.4959411753254129,0.0002863483744380435,0.0004832171258900117,0.00029076556525384,0.0008857703696790024,0.0012992565948428305,0.0006673109030515059,0.0030441117157489557,0.00098617369641283,0.0008212974874682759,0.0006115203097493601,0.0037277619229359954,0.059229892954122176
20,ub0603,ub0603,RichterCaroline_MayerJohann_1805-02-25.xml,JP-UB0603,letters-context,Richter Caroline,Mayer Johann Siegfried Wilhelm,1805-02-25,1805,2,1804,RichterCaroline,MayerJohannSiegfriedWilhelm,0.00021650587051277387,0.0001864726278724182,0.0008614762592989304,0.000161597908728546,0.0007205684751266474,0.00014023774959703042,0.36118817169477135,0.5344232055474242,0.00014432598412671924,0.00024355223729775479,0.00014655234707645293,0.0004464480741861877,0.0006548543781742128,0.0003363396177485085,0.0015343003780948778,0.0004970535961099434,0.000413952299789667,0.0003082199111179128,0.0018788753705122128,0.09549728967243376
21,ub0462,ub0462,RichterMax_RichterCaroline+RichterOdilie+RichterEmma_1820-06-27.xml,JP-UB0462,letters-context,Richter Max,Richter Caroline + Richter Odilie Minna + Richter Emma,1820-06-27,1820,6,1819,RichterMax,RichterCarolineANDRichterOdilieMinnaANDRichterEmma,0.2273678003708081,0.0003867595359942479,0.001786772472281961,0.0003351673267577616,0.046878268046998094,0.000290864603464129,0.280168499162885,0.3066580127878624,0.0002993439374434834,0.0005051473310714974,0.0003039615969424578,0.0009259699505919573,0.06186988824436105,0.000697595974171053,0.0031822649204781587,0.0010309299567938836,0.0008585710472206218,0.0006392733945365533,0.0644086082508585,0.0014063010884790743
22,ub0993,ub0993,RichterMax_OsmundEmanuel+OttoGeorg_1819-10-24.xml,JP-UB0993,letters-context,Richter Max,Osmund Emanuel + Otto Georg Christian,1819-10-24,1819,10,1819,RichterMax,OsmundEmanuelANDOttoGeorgChristian,0.0012315333988589994,0.0010606976552367405,0.004900267984133729,0.0009192047370984834,0.004098753263279342,0.0007977034156188312,0.6439030194932883,0.2186869147582041,0.0008209582001369414,0.0013853791303147175,0.0008336222462622751,0.0025394956400691744,0.0037249569085610673,0.0019131743247226113,0.00872744076190927,0.0028273510698928177,0.0023546524697832154,0.0017532231982257788,0.052176147662712176,0.045345503681691456
23,ub0616,ub0616,OsmundEmanuel_SchwendlerAuguste_1808-08-21.xml,JP-UB0616,letters-context,Osmund Emanuel,Schwendler Auguste Sophie Henriette,1808-08-21,1808,8,1804,OsmundEmanuel,SchwendlerAugusteSophieHenriette,0.00017348382232526145,0.0001494185084484097,0.01237916045819188,0.0001294866638932215,0.035643990187297164,0.00011237099842496103,0.4179937489731013,0.2587389612567098,0.00011564685672428918,0.0001951557847471425,0.00011743081737851245,0.017891037247970497,0.0005247277606054194,0.0002695053134043586,0.012918287178427672,0.2283312254788521,0.01202056432916349,0.0002469732953238008,0.0015055225993514994,0.0005433024696591927
24,ub1045,ub1045,KesslerGeorg_WagnerJohann_1805-12-03.xml,JP-UB1045,letters-context,Keßler Georg Wilhelm,Wagner Johann Ernst,1805-12-03,1805,12,1804,KeßlerGeorgWilhelm,WagnerJohannErnst,0.00019015395727690256,0.00016377619706007694,0.0007566220694977861,0.00014192909300624138,0.0006328648119785335,0.006529197391209046,0.16348163142287947,0.22594704156449824,0.3844884763315737,0.0002139083878701518,0.00012871479502520668,0.00039210885055491833,0.1479138072285373,0.00029540219464906466,0.05259578263018992,0.00043655494446948257,0.0003635682845109538,0.0002707050652797349,0.0016501889121381794,0.013407565867795216
25,ub0081,ub0081,MerzdorfErnestine_RichterCaroline_1800-11-28.xml,JP-UB0081,letters-context,Merzdorf Ernestine Amalie,Richter Caroline,1800-11-28,1800,11,1799,MerzdorfErnestineAmalie,RichterCaroline,0.00020456919453062307,0.00017619178267786766,0.07662222248588225,0.0001526884880679546,0.0006808411809421151,0.00013250598429458802,0.17587488653749367,0.33955890700210983,0.00013636882109808885,0.0002301244067522561,0.00013847243738471034,0.00042183393327724036,0.0006187501168475102,0.014101112884369212,0.0014497093855770588,0.007361307791742197,0.014174446525683034,0.01407454350903433,0.35324986443205025,0.0006406531001853277
26,ub0966,ub0966,WilkenFriedrich_WagnerJohann_1811-06-15.xml,JP-UB0966,letters-context,Wilken Friedrich,Wagner Johann Ernst,1811-06-15,1811,6,1809,WilkenFriedrich,WagnerJohannErnst,0.0005290914615710959,0.00045569699791673694,0.019929626360764608,0.00039490880091851567,0.0017609066523871474,0.0003427093950201062,0.09838992950052257,0.1117766599133049,0.00035270011710738955,0.0005951866750568163,0.0003581408454547202,0.0010910182875287651,0.0016003162373557124,0.0008219380819437075,0.07504697528715852,0.0012146867566321393,0.0010116059522899136,0.0007532198682301697,0.6819177173702481,0.0016569654385883961
27,ub0135,ub0135,OsmundEmanuel_SchwendlerAuguste_1809-10-27.xml,JP-UB0135,letters-context,Osmund Emanuel,Schwendler Auguste Sophie Henriette,1809-10-27,1809,10,1809,OsmundEmanuel,SchwendlerAugusteSophieHenriette,0.00017348382232526145,0.0001494185084484097,0.0006902916486822412,0.005973921068648042,0.000577383758768243,0.00011237099842496103,0.2251274136161923,0.38147208375656105,0.00011564685672428918,0.0001951557847471425,0.00011743081737851245,0.00035773403370603787,0.0005247277606054194,0.0002695053134043586,0.001229418368918033,0.3744420855977226,0.006176129924408672,0.0002469732953238008,0.0015055225993514994,0.0005433024696591927
28,ub0131,ub0131,RichterCaroline_OsmundEmanuel_1803-07-19.xml,JP-UB0131,letters-context,Richter Caroline,Osmund Emanuel,1803-07-19,1803,7,1799,RichterCaroline,OsmundEmanuel,0.0005108792568104192,0.0004400111522025738,0.002032787148302711,0.00038131538566519684,0.001700293327759902,0.00033091276980717953,0.4220089256860591,0.2972482350442331,0.000340559594686558,0.0005746993635345822,0.00034581304414941263,0.08710760588866162,0.0015452307008966412,0.052426130966272126,0.003620420245550846,0.10443784593581204,0.0009767847992788333,0.0007272927923531866,0.021644326955203387,0.0015999299427606464
29,ub0656,ub0656,SpazierJohann_BreitenbauchGeorg_1804-10-06.xml,JP-UB0656,letters-context,Spazier Johann Karl Gottlieb,Breitenbauch Georg August von,1804-10-06,1804,10,1804,SpazierJohannKarlGottlieb,BreitenbauchGeorgAugustvon,0.000986069115855617,0.0008492836654356692,0.00392356628171605,0.0007359925465608684,0.036501135805149125,0.0006387083797183522,0.017272916544335586,0.1750991186147312,0.033876657668491794,0.0011092509349887817,0.0006674680135276855,0.002033333584653279,0.036201843036192484,0.0015318481143952185,0.006987922376893207,0.0022638148281529822,0.0018853326115049304,0.0014037778030005215,0.6729438693310273,0.0030880907436693235
30,ub1019,ub1019,RichterMax_ThuengenJohann_1821-06-25.xml,JP-UB1019,letters-context,Richter Max,Thüngen Johann (Hans) Carl Moritz Freiherr von,1821-06-25,1821,6,1819,RichterMax,ThüngenJohannHansCarlMoritzFreiherrvon,0.15458348269750444,0.00020767940377128252,0.009082730276718404,0.04079638486056522,0.0008025158061968795,0.0001561864202528654,0.02047039267081923,0.3108861263119493,0.00016073959311952254,0.00027125044574245104,0.00016321915130055228,0.0004972208035018477,0.000729328311441417,0.00037459015875757485,0.31851678093888186,0.0005535814862496167,0.00046102941644008045,0.13031578155795162,0.002092552248341217,0.008878427440494623
31,ub0107,ub0107,RichterEmma_DobeneckFranziska_1825-08-14.xml,JP-UB0107,letters-context,Richter Emma,Dobeneck Franziska,1825-08-14,1825,8,1824,RichterEmma,DobeneckFranziska,0.0216246943790473,0.00018247972221572856,0.0008430296193383893,0.0001581376410676382,0.0007051390688207853,0.00013723486327512738,0.01798652875723686,0.2160625439118836,0.3284712113885852,0.00023833709598129854,0.00014341424738686698,0.3644549050425917,0.0006408320962942751,0.0003291376365376485,0.008639054843600417,0.00048641027468400633,0.00040508841183845137,0.0003016200522504274,0.03752668419316815,0.0006635167541962168
32,ub0118,ub0118,Uthe-SpazierWilhelmine_Unbekannt_1807-10-18.xml,JP-UB0118,letters-context,Uthe-Spazier Wilhelmine,Unbekannte Korrespondenten,1807-10-18,1807,10,1804,UtheSpazierWilhelmine,UnbekannteKorrespondenten,0.0007790365426849089,0.0006709702188630835,0.0030997842463110986,0.00058146541626256,0.0025927665254567808,0.0005046067866022912,0.144869755194111,0.6107400505129182,0.0005193171687556746,0.0008763554191775275,0.0005273281205650389,0.0016064200170582596,0.002356312507954908,0.0012102251655264132,0.005520755899875986,0.0017885100026409926,0.0014894929532434204,0.0011090441722215656,0.21671808009437446,0.002439723035395902
33,ub0446,ub0446,RichterCaroline_RichterOdilie_1822-12-13.xml,JP-UB0446,letters-context,Richter Caroline,Richter Odilie Minna,1822-12-13,1822,12,1819,RichterCaroline,RichterOdilieMinna,0.00031882548270221995,0.00027459867693826567,0.0012686057128934954,0.0002379682875666329,0.3125442356246925,0.00020651342202616303,0.12373362128007988,0.3788386822107431,0.0002125337361370038,0.000358653829735674,0.032438205028340765,0.000657437243695846,0.000964335344471582,0.0004952920709566698,0.023740998383273287,0.000731958687001409,0.0006095841257493657,0.00045388312893255265,0.0027668226525318427,0.11914724507153172
34,ub0353,ub0353,MahlmannErnestine_MayerJohann_1802-04-14.xml,JP-UB0353,letters-context,Mahlmann Ernestine,Mayer Johann Siegfried Wilhelm,1802-04-14,1802,4,1799,MahlmannErnestine,MayerJohannSiegfriedWilhelm,0.00016855818601744436,0.0001451761461323807,0.0006706925554517653,0.00012581021611554486,0.0005609904007731637,0.00010918050687151867,0.15627202710531388,0.5182820510282057,0.00011236335542295122,0.0001896148276357134,0.00011409666500635772,0.00034757707658262014,0.006188325843035879,0.0002618533886366113,0.16019241149640195,0.00038697543080614235,0.0003222778605727406,0.00023996111047449903,0.024176762699779853,0.1311332941007634
35,ub1297,ub1297,OsmundEmanuel_GoldschmidtCaroline_1809-01-12.xml,JP-UB1297,letters-context,Osmund Emanuel,Goldschmidt Caroline,1809-01-12,1809,1,1809,OsmundEmanuel,GoldschmidtCaroline,0.00014332772152018478,0.00012344559902941808,0.0005703006070764379,0.00010697843899397982,0.0004770191103574854,9.283793124526236e-05,0.03631027775311792,0.5034742296035187,9.554435827559029e-05,0.004989748837525636,0.029068116120259863,0.0002955503474276712,0.00043351612466180063,0.0002226581244872961,0.0010157127693538556,0.39143887306332376,0.00027403801941431835,0.00020404277021706852,0.03021492064476515,0.0004488620554286836
36,ub0962,ub0962,LudwigErnst_Uthe-SpazierWilhelmine_1811-03-31.xml,JP-UB0962,letters-context,Ludwig Ernst Karl Friedrich,Uthe-Spazier Wilhelmine,1811-03-31,1811,3,1809,LudwigErnstKarlFriedrich,UtheSpazierWilhelmine,0.0001854031653465837,0.00015968442507429442,0.0007377186815612581,0.00013838314739781184,0.0006170533659019622,0.00012009153661649553,0.5653859764430277,0.0828904184573325,0.02510751600999798,0.00020856411706204447,0.00012549899442723154,0.00038231243301147346,0.0005607795958004033,0.00028802188880303054,0.25739910286155365,0.0004256480891138178,0.0003544849222874724,0.00026394179062563637,0.06406876958014959,0.0005806304949090517
37,ub0586,ub0586,RichterCaroline_RichterOdilie_1822-04-10.xml,JP-UB0586,letters-context,Richter Caroline,Richter Odilie Minna,1822-04-10,1822,4,1819,RichterCaroline,RichterOdilieMinna,0.00018774851258865206,0.00016170443064026825,0.000747050811743543,0.00014013369212282498,0.2915745117843788,0.0001216106927413262,0.06653870450304787,0.6152383468041411,0.0001251559081677936,0.00021120244999358576,0.000127086554811716,0.0003871486795161961,0.0005678734492195728,0.00029166536134729235,0.0013305071736358488,0.019406009881190976,0.00035896915120172844,0.00026728065029156084,0.0016293140473172887,0.0005879754619021992
38,ub0297,ub0297,GoldschmidtCaroline_OsmundEmanuel_1804-01-13.xml,JP-UB0297,letters-context,Goldschmidt Caroline,Osmund Emanuel,1804-01-13,1804,1,1804,GoldschmidtCaroline,OsmundEmanuel,0.0011824740999311525,0.0010184437598989957,0.004705061169537466,0.000882587346116649,0.003935475546441935,0.0007659261448124799,0.060549278239232965,0.7676785693032808,0.0007882545529722763,0.0013301912410171315,0.0008004141148302128,0.00243833242691755,0.0035765697234146827,0.0018369612141528066,0.008379774896241097,0.002714720863160016,0.0022608526593247144,0.0016833818922176082,0.12976955497033316,0.003703175836166013
39,ub0719,ub0719,RichterCaroline_MayerJohann_1804-07-11.xml,JP-UB0719,letters-context,Richter Caroline,Mayer Johann Siegfried Wilhelm,1804-07-11,1804,7,1804,RichterCaroline,MayerJohannSiegfriedWilhelm,0.0046995422416285905,0.00011668463505778633,0.005103130346205965,0.00010111936116968782,0.00045089335906084953,8.775331167773555e-05,0.0617059948201964,0.6036933671892292,9.0311511020825e-05,0.00015240201337238414,9.170465033172478e-05,0.00027936341758592317,0.02323009499615849,0.0002104634122457445,0.08767730709449284,0.00031102965688846733,0.00025902929337884414,0.00019286759808492316,0.028560086519521938,0.1829868545726917
40,ub1031,ub1031,MahlmannSiegfried_TieckLudwig_1803-01-09.xml,JP-UB1031,letters-context,Mahlmann Siegfried August,Tieck Ludwig,1803-01-09,1803,1,1799,MahlmannSiegfriedAugust,TieckLudwig,0.00031543743308211716,0.0002716806104926473,0.05438841865215105,0.0002354394797704265,0.0010498295940683726,0.010830977670216516,0.0055254995506670325,0.4173195279796672,0.00021027521264046592,0.00035484253786124346,0.00021351890396537017,0.0006504508824273978,0.0009540876818010912,0.0004900287711143169,0.012862052098118115,0.0007241804117819773,0.0006031062832376527,0.04295569505124015,0.4278037724067743,0.02224117878892256
41,ub1117,ub1117,TruchsessChristian_WagnerLudwig+WagnerKarl_1812-01-02.xml,JP-UB1117,letters-context,Truchsess von Wetzhausen Christian Freiherr,Wagner Ludwig Anton + Wagner Karl Ludwig Friedrich Ernst,1812-01-02,1812,1,1809,TruchsessvonWetzhausenChristianFreiherr,WagnerLudwigAntonANDWagnerKarlLudwigFriedrichErnst,0.00022992188377999478,0.00019802759977033865,0.031897882776221236,0.1705782447976082,0.0007652192561855835,0.0001489277287865229,0.22865445426405195,0.5210647634523861,0.00015326929505525382,0.00025864420704023444,0.00015563361691945264,0.00047411269719258204,0.0006954331163159324,0.0003571812548058268,0.0016293749096984375,0.016019366161980398,0.0004396032880645882,0.00032731908107106925,0.025232570030758204,0.0007200505823082474
42,ub0146,ub0146,MuetzschefahlAntonie_RichterCaroline_1810-03-25.xml,JP-UB0146,letters-context,Mützschefahl Antonie von,Richter Caroline,1810-03-25,1810,3,1809,MützschefahlAntonievon,RichterCaroline,0.03990447158336135,0.00016919555489115917,0.0007816587098100427,0.00014662552970124912,0.0006538063220171023,0.0001272444333009082,0.3806673776846989,0.3724017229542426,0.026602970836221627,0.00022098662095742413,0.006750978208254824,0.026877100692467668,0.06015621891288767,0.00030517705952947847,0.008010148526366731,0.007069004794767244,0.05993763690816259,0.0002796627016259935,0.0017047936982077965,0.007233218268527699
43,ub0911,ub0911,WagnerJohann_SchillerCharlotte_1809-10-21.xml,JP-UB0911,letters-context,Wagner Johann Ernst,Schiller Charlotte (von),1809-10-21,1809,10,1809,WagnerJohannErnst,SchillerCharlottevon,0.00014332772152018478,0.00012344559902941808,0.005398816923930211,0.00010697843899397982,0.0004770191103574854,9.283793124526236e-05,0.3067071914969292,0.15099253847319324,9.554435827559029e-05,0.058103428322917136,9.7018219137222e-05,0.005124066664281444,0.4060288867403787,0.0002226581244872961,0.0637864248884529,0.00032905139816820405,0.00027403801941431835,0.00020404277021706852,0.0012438227436425099,0.0004488620554286836
44,ub0891,ub0891,DalbergKarl_WagnerJohann_1808-09-06.xml,JP-UB0891,letters-context,Dalberg Karl Theodor Reichsfreiherr von,Wagner Johann Ernst,1808-09-06,1808,9,1804,DalbergKarlTheodorReichsfreiherrvon,WagnerJohannErnst,0.000722176650289051,0.0006219978121080758,0.027202689614365203,0.000539025737006109,0.0024035271026988125,0.00046777682290181975,0.012650327254075664,0.17689727873002664,0.0004814135317414192,0.09812899535978244,0.0004888397845887823,0.0014891715129024931,0.2211466877636376,0.001121893914145791,0.15109271432747162,0.0016579712143723474,0.0013807786575649127,0.0010280978637500294,0.27388783175706205,0.02659080458950922
45,ub0005,ub0005,MahlmannErnestine_MayerJohann+RichterCaroline_1800-11-26.xml,JP-UB0005,letters-context,Mahlmann Ernestine,Mayer Johann Siegfried Wilhelm + Richter Caroline,1800-11-26,1800,11,1799,MahlmannErnestine,MayerJohannSiegfriedWilhelmANDRichterCaroline,0.00019262183930595877,0.0001659017396430439,0.007255609975053728,0.0001437710965230038,0.1369136107501223,0.0001247673017065591,0.0033741457890213602,0.4754678502551632,0.00012840453912999576,0.000216684562890903,0.0001303852989372225,0.00039719777113051926,0.0005826135545550233,0.00029923602371030583,0.053278388391416215,0.0004422207014044434,0.00036828679601883055,0.00027421836668742273,0.08603079234633745,0.2342132929012427
46,ub0439,ub0439,MayerJohann_RichterCaroline_1812-07-31.xml,JP-UB0439,letters-context,Mayer Johann Siegfried Wilhelm,Richter Caroline,1812-07-31,1812,7,1809,MayerJohannSiegfriedWilhelm,RichterCaroline,0.00023727332908592374,0.00020435926792146183,0.7523252392365801,0.0001770985409611936,0.0007896861203935805,0.00015368949410746974,0.0041563033925280475,0.10608063513873006,0.00015816987616198804,0.000266914010290329,0.00016060979406160782,0.0004892718177815245,0.0007176686618606981,0.00036860164861888666,0.12957613230664364,0.0005447314717324403,0.00045365901636405576,0.0003377846717426532,0.0020590989659685856,0.0007430732384657035
47,ub1307,ub1307,OsmundEmanuel_Bentzel-SternauChristian_1809-11-20.xml,JP-UB1307,letters-context,Osmund Emanuel,Bentzel-Sternau Christian Ernst Graf von,1809-11-20,1809,11,1809,OsmundEmanuel,BentzelSternauChristianErnstGrafvon,0.0004703994367611503,0.0004051466083335686,0.0018717180564090546,0.01619821991631561,0.001565569580375039,0.00030469270078846314,0.19840537951273451,0.11522441253934065,0.00031357515379335584,0.0005291627195855755,0.0003184123430811116,0.0009699918165862963,0.0014227934324559039,0.0007307606319156336,0.003333554106264607,0.3497165439400758,0.0008993886780338065,0.0006696653178274155,0.30517745496178106,0.0014731585475414792
48,ub0046,ub0046,Uthe-SpazierWilhelmine_FalkJohannes_1809-02-24.xml,JP-UB0046,letters-context,Uthe-Spazier Wilhelmine,Falk Johannes Daniel,1809-02-24,1809,2,1809,UtheSpazierWilhelmine,FalkJohannesDaniel,0.00013128353261246812,0.00011307215487802156,0.01821343260099494,9.798877171517168e-05,0.0004369339948138927,8.503652639587264e-05,0.03768179774044717,0.35059692517875146,0.08412003051966675,0.00014768374646096662,8.886553418287149e-05,0.1108398131848872,0.00039708667441596914,0.00020394760230275683,0.3149466001119834,0.0003014003816178014,0.00025100991543892834,0.0001868965430693628,0.07632628829028101,0.004833906995084036
49,ub0890,ub0890,AdelheidLouise_WagnerJohann_1808-08-20.xml,JP-UB0890,letters-context,Adelheid Louise Theresa Caroline Amelia,Wagner Johann Ernst,1808-08-20,1808,8,1804,AdelheidLouiseTheresaCarolineAmelia,WagnerJohannErnst,0.0008967052720222975,0.0007723161875704611,0.003567987794537986,0.0006692922291736003,0.0029843881321500263,0.0005808245711876928,0.1063338841830022,0.7936149677930988,0.0005977568670527107,0.0010087235726240367,0.0006069778243862604,0.001849059985573632,0.002712219174126525,0.0013930223125624556,0.06677219848589526,0.002058653555461588,0.001714471800270416,0.00127655854590497,0.0077817633592145285,0.002808228354184657
50,ub0275,ub0275,FoersterErnst_RichterEmma_1826-01-21.xml,JP-UB0275,letters-context,Förster Ernst Joachim,Richter Emma,1826-01-21,1826,1,1824,FörsterErnstJoachim,RichterEmma,0.0002197109206122103,0.0001892330801090674,0.0008742291447702982,0.00016399012743472925,0.0007312354286710742,0.0001423137626502847,0.2555085912474705,0.3350852008004227,0.31102049068472115,0.000247157668968131,0.00014872183843231117,0.00045305707948093896,0.0006645485314316405,0.00034131862973906635,0.04596758888479641,0.0005044117415212635,0.0004200802530708438,0.0299198329539678,0.01671021450013668,0.0006880727215930552
51,ub0849,ub0849,SpazierJohann_BrentanoClemens_1804-05-05.xml,JP-UB0849,letters-context,Spazier Johann Karl Gottlieb,Brentano Clemens,1804-05-05,1804,5,1804,SpazierJohannKarlGottlieb,BrentanoClemens,0.00043586353202947824,0.0003754014522506696,0.016417950332890438,0.0003253243669568104,0.0014506281972583542,0.02964962378664552,0.022318647213266058,0.3123359451399633,0.00029055301390264513,0.0004903125173043189,0.0002950350652047748,0.0008987767122511787,0.001318334424650808,0.0006771094631573059,0.003088810388405341,0.0010006543263484005,0.0008333571327683907,0.0006204996602793692,0.6058121714534784,0.0013650018209883093
52,ub0645,ub0645,RichterCaroline_OsmundEmanuel_1807-03-26.xml,JP-UB0645,letters-context,Richter Caroline,Osmund Emanuel,1807-03-26,1807,3,1804,RichterCaroline,OsmundEmanuel,0.00581694169484098,0.0050100276793817395,0.2191104619157717,0.004341709584390812,0.019359774388680525,0.0037678184470915092,0.10189503638502168,0.2490715379004325,0.003877658525966565,0.006543606234111454,0.003937475026274306,0.011994882222659516,0.21355907694623602,0.009036558415134266,0.0412226043599303,0.013354519121974523,0.011121806473971606,0.008281056065203492,0.050480425571173854,0.018217023041752788
53,ub0685,ub0685,RichterMax_RichterCaroline_1821-01-06.xml,JP-UB0685,letters-context,Richter Max,Richter Caroline,1821-01-06,1821,1,1819,RichterMax,RichterCaroline,0.18734984119393344,7.365523110184973e-05,0.000340276391722397,6.382991138581588e-05,0.11552420234350805,5.539281541545993e-05,0.053355828706981384,0.4732630430442921,5.70076361133739e-05,9.620123086275268e-05,5.788703208397946e-05,0.005938322672492817,0.0002586623630116928,0.03758571613452202,0.08703572423109987,0.0001963322869913744,0.028973403780619838,0.008764713213695931,0.0007421410917281343,0.00026781868843758663
54,ub0096,ub0096,RichterCaroline+RichterJohann_OsmundEmanuel_1807-09-24.xml,JP-UB0096,letters-context,Richter Caroline + Jean Paul,Osmund Emanuel,1807-09-24,1807,9,1804,RichterCarolineANDJeanPaul,OsmundEmanuel,0.0014066084111228176,0.001211486627075284,0.005596890973175728,0.0010498790499263585,0.05206816014565935,0.0009111050784578156,0.024639479429190876,0.6288693053628189,0.0009376657673780903,0.0015823248797800606,0.0009521301366069275,0.0029005108027443747,0.004254497461056622,0.002185151535144967,0.009968135330029508,0.0032292878128948464,0.0026893902937076514,0.2389360985874926,0.012206790944534923,0.004405101371202268
55,ub0182,ub0182,RichterCaroline+RichterJohann_OsmundEmanuel_1802-12-26.xml,JP-UB0182,letters-context,Richter Caroline + Jean Paul,Osmund Emanuel,1802-12-26,1802,12,1799,RichterCarolineANDJeanPaul,OsmundEmanuel,0.0001468736301178835,0.00012649962658461673,0.02037630241800392,0.00010962507121957982,0.0004888204991379873,9.513472920663078e-05,0.27965927412019703,0.37243889276857933,9.790811287852178e-05,0.00016522139159798398,0.22770618391686626,0.0003028622233640304,0.015288160743240213,0.0002281666566092959,0.08020841196871352,0.00033719208560448,0.000280817683242301,0.00020909076097236058,0.001274594751415438,0.00045996684244855636
56,ub0247,ub0247,RichterCaroline_OsmundEmanuel_1812-11-09.xml,JP-UB0247,letters-context,Richter Caroline,Osmund Emanuel,1812-11-09,1812,11,1809,RichterCaroline,OsmundEmanuel,0.0017355827593110436,0.0014948263400538983,0.006905878993737396,0.0012954223535173678,0.005776315530710157,0.001124192243973472,0.6735657953708899,0.1912535512014412,0.0011569648858835645,0.0019523953925335968,0.0011748121486038553,0.003578875615012245,0.005249529566688867,0.0026962097630656946,0.07076888640874432,0.00398454623802487,0.0033183787256693066,0.0024707928821776225,0.015061687206133975,0.0054353563738277245
57,ub0068,ub0068,SchwendlerAuguste_OsmundEmanuel_1810-03-27.xml,JP-UB0068,letters-context,Schwendler Auguste Sophie Henriette,Osmund Emanuel,1810-03-27,1810,3,1809,SchwendlerAugusteSophieHenriette,OsmundEmanuel,8.020361440537975e-05,6.907793635163767e-05,0.0030210808224643217,5.986320985054015e-05,0.002968882175094141,5.195043611112993e-05,0.29051366446721755,0.2087824477668988,5.346490398694938e-05,0.005494124543525412,5.428965000941962e-05,0.00016538465728087857,0.00024258782412858642,0.00012459548070112322,0.31399467467915343,0.0001841312425699663,0.17307820196581822,0.00011417866335362483,0.0006960208301762222,0.0002511751309026316
58,ub0030,ub0030,OsmundEmanuel_RichterCaroline_1802-03-14.xml,JP-UB0030,letters-context,Osmund Emanuel,Richter Caroline,1802-03-14,1802,3,1799,OsmundEmanuel,RichterCaroline,0.00030569197997852636,0.00026328702631070363,0.0012163475419205644,0.0002281655668856511,0.07310582906085418,0.00019800643391570168,0.015653136717581808,0.476514857156232,0.0002037787508743008,0.00034387966234549703,0.08259370393951407,0.0006303551743532225,0.02152130652953542,0.00047488931109004786,0.0021663307297432035,0.17577371796322644,0.0005844732885979731,0.00043518614379964895,0.14682971584034984,0.0009573411828911383
59,ub0460,ub0460,MayerJohann+MayerJulie_RichterCaroline_1818-02-23.xml,JP-UB0460,letters-context,Mayer Johann Siegfried Wilhelm + Mayer Julie Henriette,Richter Caroline,1818-02-23,1818,2,1814,MayerJohannSiegfriedWilhelmANDMayerJulieHenriette,RichterCaroline,0.0002264143826276837,0.0001950066518598367,0.3441425920726958,0.00016899352729809618,0.0007535456939360251,0.0001466558085510849,0.1183799844695612,0.4902330441303245,0.00015093114341791503,0.02313747786623981,0.00015325939711179981,0.0004668800197093047,0.0006848241546254158,0.00035173238825072275,0.001604518492034504,0.0005198015316146498,0.00043289705804377965,0.00032232576753711816,0.009592456259723723,0.008336659184837102
60,ub0211,ub0211,SpazierJohann_BoettigerCarl_1803-06-15.xml,JP-UB0211,letters-context,Spazier Johann Karl Gottlieb,Böttiger Carl August,1803-06-15,1803,6,1799,SpazierJohannKarlGottlieb,BöttigerCarlAugust,0.00046306125035553634,0.0003988263598357721,0.0018425194330194247,0.0003456244834999308,0.0015411468440493911,0.0002999395236796415,0.008111417550448884,0.34742549385563803,0.00030868341126375523,0.0005209078315653923,0.00031344514085938815,0.0009548600366440416,0.06380021697076275,0.06311897981599138,0.0032815509797443037,0.0010630947750435544,0.0008853583003276744,0.0006592186026582233,0.5032154774200873,0.0014501774145254296
61,ub0361,ub0361,RichterCaroline_BoettigerCarl_1824-06-17.xml,JP-UB0361,letters-context,Richter Caroline,Böttiger Carl August,1824-06-17,1824,6,1824,RichterCaroline,BöttigerCarlAugust,0.0011371737086020314,0.0009794273443404539,0.004524811037868697,0.000848775567775337,0.0037847081154002006,0.0007365836382060093,0.019919807089842537,0.12531151795341958,0.0007580566486641105,0.11620874613833937,0.0007697503796758683,0.0023449203064015217,0.003439551916347277,0.23162561614426025,0.00805874707662816,0.002610720346398052,0.002174239759971691,0.0016188918044615602,0.3929669710483734,0.08018098397502388
62,ub0502,ub0502,RichterEmma_FoersterErnst_1826-01-28g.xml,JP-UB0502,letters-context,Richter Emma,Förster Ernst Joachim,1826-01-28g,1826,1,1824,RichterEmma,FörsterErnstJoachim,0.00026717196311988644,0.16224200214960127,0.0010630765014960275,0.00019941459512769455,0.0008891938754636726,0.00017305579185735332,0.4097097653715757,0.29946098934499515,0.06318272530273758,0.00030054764430621946,0.00018084811361238702,0.0005509245921550153,0.0008081015510576393,0.0004150488655851917,0.010894013672466977,0.02761535462941976,0.0005108242483719252,0.00038034866459268196,0.0023185644805309557,0.018838028641926886
63,ub0480,ub0480,RichterCaroline_HerderSusanne_1816-06-09.xml,JP-UB0480,letters-context,Richter Caroline,Herder Susanne Sophie von,1816-06-09,1816,6,1814,RichterCaroline,HerderSusanneSophievon,0.00033691939798679665,0.00029018264204565465,0.0013406013517115627,0.00025147341268760083,0.03517239630933007,0.00021823342737705093,0.1988578673089277,0.3322363115560503,0.00022459540506065522,0.00037900807481271317,0.00022805999871323306,0.012045105004552732,0.0010190630967230815,0.1140269710168769,0.002387628374668675,0.0007734986491216366,0.011994536136739307,0.09128249799612537,0.19587991417962436,0.0010551366608646643
64,ub0903,ub0903,WagnerJohann_TruchsessChristian_1809-07-13.xml,JP-UB0903,letters-context,Wagner Johann Ernst,Truchsess von Wetzhausen Christian Freiherr,1809-07-13,1809,7,1809,WagnerJohannErnst,TruchsessvonWetzhausenChristianFreiherr,0.0002103683415088227,0.00018118648408657368,0.0008370550483860809,0.00015701691584622696,0.0007001417314778571,0.0001362622765368215,0.23046977094460105,0.2357923748414782,0.00014023461740532924,0.0002366479953164549,0.00014239786720646817,0.00043379212172824175,0.38333557416361375,0.00032680503028341927,0.0014908058850863154,0.09261427210267227,0.03583733639800637,0.0002994824637701753,0.01599966037580325,0.0006588143951864568
65,ub0552,ub0552,Uthe-SpazierWilhelmine_BoettigerCarl_1809-01-16.xml,JP-UB0552,letters-context,Uthe-Spazier Wilhelmine,Böttiger Carl August,1809-01-16,1809,1,1809,UtheSpazierWilhelmine,BöttigerCarlAugust,0.00010635356648050244,9.16004216340782e-05,0.0004231805465492804,7.938128369622004e-05,0.0003539628142259297,6.888859313384695e-05,0.016194618326467677,0.23385994196158294,7.089684502009542e-05,0.00011963947674755364,7.199049499560617e-05,0.00021930742490075626,0.0003216822642233625,0.0001652191592381431,0.0007536900356387617,0.0002441662323199349,0.00020334461754393734,0.0001514059952741995,0.7461676605246809,0.00033306941564606224
66,ub0519,ub0519,MayerJohann_RichterCaroline_1814-11-21.xml,JP-UB0519,letters-context,Mayer Johann Siegfried Wilhelm,Richter Caroline,1814-11-21,1814,11,1814,MayerJohannSiegfriedWilhelm,RichterCaroline,0.00014908666050310044,0.00012840567001205615,0.5430261477462521,0.00011127685590955979,0.0004961858418250375,9.656817948803716e-05,0.0478142869027341,0.3077352660041869,9.938335134430705e-05,0.00016771087837379731,0.00010091643225549668,0.0003074256245838477,0.00045093489671481037,0.0002316045762927984,0.09648454020313532,0.0003422727548199032,0.0002850489265582226,0.0002122412530445493,0.00129379981165298,0.0004668974303131986
67,ub0980,ub0980,KalbCharlotte_RichterCaroline_1813-05-06.xml,JP-UB0980,letters-context,Kalb Charlotte von,Richter Caroline,1813-05-06,1813,5,1809,KalbCharlottevon,RichterCaroline,0.00022992188377999478,0.00019802759977033865,0.18681300396261571,0.00017161149257420626,0.0007652192561855835,0.0001489277287865229,0.06599357701833769,0.4513529589185086,0.00015326929505525382,0.00025864420704023444,0.023392901794878632,0.00047411269719258204,0.0006954331163159324,0.0003571812548058268,0.15654449609609294,0.0005278540433409455,0.0004396032880645882,0.00032731908107106925,0.032978326090077933,0.07817761117550551
68,ub0436,ub0436,MayerJohann_RichterCaroline_1810-10-05.xml,JP-UB0436,letters-context,Mayer Johann Siegfried Wilhelm,Richter Caroline,1810-10-05,1810,10,1809,MayerJohannSiegfriedWilhelm,RichterCaroline,0.0002213492955440619,0.00019064418308867287,0.38118556554405786,0.00016521299479658615,0.0007366882199673747,0.00014337499028764568,0.003877363003872722,0.5165508896536181,0.00014755468218709532,0.00024900071312781107,0.00014983085081652693,0.0004564355067327622,0.0006695040413892821,0.0003438638281533292,0.09105211044073433,0.0005081731182900528,0.0004232127735394641,0.00031511505917608887,0.001920907450190498,0.0006932036504299457
69,ub1051,ub1051,WagnerJohann_GoetheJohann_1806-06-27.xml,JP-UB1051,letters-context,Wagner Johann Ernst,Goethe Johann Wolfgang von,1806-06-27,1806,6,1804,WagnerJohannErnst,GoetheJohannWolfgangvon,0.0010199512112722374,0.0008784657072675946,0.00405838304556448,0.0007612818181621381,0.0033945716449598593,0.0006606548923076187,0.017866427280112642,0.07803334536765112,0.0006799144151586403,0.0011473656527260403,0.0006904027293181336,0.00210320049501611,0.7933827357952121,0.0015844835971835346,0.0072280327798362985,0.0023416012518221625,0.0019501140942711234,0.0014520126911033973,0.07757285560746098,0.003194199923593691
70,ub0590,ub0590,GoldschmidtCaroline_OsmundEmanuel_1801-10-28.xml,JP-UB0590,letters-context,Goldschmidt Caroline,Osmund Emanuel,1801-10-28,1801,10,1799,GoldschmidtCaroline,OsmundEmanuel,0.0008704112086974965,0.0007496695818502245,0.003463363789372813,0.0006496665920710113,0.061542820425791726,0.0005637930687175816,0.07389288699395316,0.7996667902541185,0.0005802288593499438,0.0009791447998395537,0.0005891794308124515,0.00179484005192433,0.0026326888480090174,0.0013521747586981055,0.006168295776182179,0.00199828771549161,0.0016641983921714227,0.0012391260557756978,0.03687655064357697,0.002725882753596288
71,ub0491,ub0491,Ungern-SternbergRosalie_RichterCaroline_1811-04-14.xml,JP-UB0491,letters-context,Ungern-Sternberg Rosalie von,Richter Caroline,1811-04-14,1811,4,1809,UngernSternbergRosalievon,RichterCaroline,8.779454379261358e-05,7.561586785196592e-05,0.00034933424666124484,6.552900686277717e-05,0.0002921952203663262,5.6867322900824754e-05,0.5398354638970589,0.2551619250015601,5.8525128689652365e-05,9.876202207627978e-05,0.003017106899736716,0.0682076538341598,0.00026554772508585896,0.056332288270961,0.012452884684222558,0.0002015584778722008,0.05636376072016613,0.0001249851859458033,0.006677254160277206,0.0002749477837518428
72,ub0065,ub0065,MahlmannErnestine_RichterCaroline_1802-03-13.xml,JP-UB0065,letters-context,Mahlmann Ernestine,Richter Caroline,1802-03-13,1802,3,1799,MahlmannErnestine,RichterCaroline,0.00028513690688623897,0.0002455833100717376,0.010740434175657685,0.0002128234571423493,0.09700773639989163,0.00018469225824721888,0.13947697993615898,0.5021087126484365,0.0001900764381110725,0.0003207568064728655,0.00019300854449502268,0.04861734544562929,0.0008624392096679418,0.0004429572188549566,0.0020206642111283944,0.0006546165451116911,0.019756923071585147,0.0004059237372583296,0.002474467368038319,0.17379872231115462
73,ub0636,ub0636,RichterCaroline_OsmundEmanuel_1804-05-23.xml,JP-UB0636,letters-context,Richter Caroline,Osmund Emanuel,1804-05-23,1804,5,1804,RichterCaroline,OsmundEmanuel,0.0002317167048506372,0.0001995734470067707,0.0009220001270128321,0.0001729511298361004,0.0007711927269230511,0.0001500902915719111,0.2148269392115152,0.5797758582345921,0.00015446574906704722,0.0002606632409180171,0.023575511959490415,0.0004778137257540677,0.0007008618210127881,0.0003599694906693492,0.048479421034849784,0.0005319745887350442,0.0004430349285468704,0.00032987420620257614,0.002010877620311101,0.12562520976113448
74,ub0525,ub0525,RichterMax_RichterCaroline_1820-06-01.xml,JP-UB0525,letters-context,Richter Max,Richter Caroline,1820-06-01,1820,6,1819,RichterMax,RichterCaroline,0.17748070417438133,0.00013737529494620553,0.0006346537642581767,0.00011904996796346224,0.11874498180736966,0.00010331383449299129,0.013540708321348186,0.5764067565679781,0.00010632565682173284,0.00017942612176023392,0.00010796582927152653,0.021822379655906308,0.005855804211354973,0.00024778303774379145,0.033370545347437074,0.0003661818098921936,0.03254517945081393,0.0002270671126439326,0.01750428604015931,0.0004995119934569784
75,ub0487,ub0487,SchwendlerAuguste_OsmundEmanuel_1809-11-02.xml,JP-UB0487,letters-context,Schwendler Auguste Sophie Henriette,Osmund Emanuel,1809-11-02,1809,11,1809,SchwendlerAugusteSophieHenriette,OsmundEmanuel,0.00712694079255312,0.02358385378931689,0.002630212109185112,5.211808246664002e-05,0.0002323956263109592,4.5229066736944316e-05,0.22234605666922685,0.299388652387726,4.6547592119096416e-05,7.854975159203147e-05,4.72656321527073e-05,0.00014398712044345966,0.00021120170894448545,0.00010847526476385898,0.2310272272659541,0.0001603082646070274,0.17656135557049396,9.94061796460995e-05,0.03589153913942083,0.00021867798633979092
76,ub0825,ub0825,SpazierJohann_RochlitzFriedrich_1799-12-26.xml,JP-UB0825,letters-context,Spazier Johann Karl Gottlieb,Rochlitz Friedrich,1799-12-26,1799,12,1799,SpazierJohannKarlGottlieb,RochlitzFriedrich,0.00010411535257732584,8.96726880937477e-05,0.0004142746996258101,7.771070226956466e-05,0.0003465136564945505,6.743883068558228e-05,0.01936130696493697,0.1061756828303743,0.2140272008319007,0.00011712166047597387,7.047545293234569e-05,0.0002146920937583566,0.02486744642031713,0.00016174211722144914,0.24275566344132596,0.00023902774685160874,0.00019906522414713567,0.00014821965169531135,0.39023656967421994,0.00032605996009612924
77,ub0567,ub0567,HenningsJohann_RichterCaroline_1825-12-10.xml,JP-UB0567,letters-context,Hennings Johann Wilhelm Christoph,Richter Caroline,1825-12-10,1825,12,1824,HenningsJohannWilhelmChristoph,RichterCaroline,0.0005486501513498587,0.0004725425470565794,0.0021830774330933536,0.00040950721969687385,0.001826001308878352,0.00035537818147445916,0.009610673454750827,0.07894210100466942,0.00036573822616126214,0.3702827606879717,0.00037138007950425966,0.0011313494774621046,0.001659474419083715,0.0008523223030656128,0.0038880891897489413,0.0012595895441025568,0.0010490015415901763,0.11168073541676793,0.4113934100673179,0.0017182177462541613
78,ub1293,ub1293,OsmundEmanuel_GoldschmidtCaroline_1808-11-17.xml,JP-UB1293,letters-context,Osmund Emanuel,Goldschmidt Caroline,1808-11-17,1808,11,1804,OsmundEmanuel,GoldschmidtCaroline,0.00015614483558961192,0.00013448474977672132,0.0006212998684700745,0.00011654501021280712,0.0005196766527079895,0.00010113998434510592,0.15002378979505546,0.5432372195189465,0.00010408843422768023,0.0001756507754744522,0.00010569409543181122,0.0003219800044128051,0.0004722834026300321,0.00024256937787058857,0.0011065431145829796,0.2949356960996563,0.0002985439315779926,0.00022228934131424298,0.0066153593609735925,0.0004890016467432414
79,ub0660,ub0660,RichterCaroline_RichterOdilie_1822-08-21.xml,JP-UB0660,letters-context,Richter Caroline,Richter Odilie Minna,1822-08-21,1822,8,1819,RichterCaroline,RichterOdilieMinna,0.00014061193345996166,0.00012110653942269736,0.02898164512274138,0.00010495140078923,0.5310147922426428,9.107882880131406e-05,0.00246309123035876,0.3423495459887022,9.3733974180494e-05,0.00489520257548549,9.51799081785156e-05,0.0002899502297656749,0.00042530181759835566,0.00021843917598535459,0.08626291882831398,0.0003228164992326266,0.00026884551950377044,0.00020017654731717868,0.001220254665392256,0.0004403569721280413
80,ub0214,ub0214,SchlichtegrollAlfred_RichterMax_1821-06-20.xml,JP-UB0214,letters-context,Schlichtegroll Alfred,Richter Max,1821-06-20,1821,6,1819,SchlichtegrollAlfred,RichterMax,0.2264751578014509,0.11333865196683328,0.0011131729618764046,0.0002088118166352954,0.01978071258520968,0.00018121088004543427,0.00490057827224786,0.2852983767589314,0.00018649357018475703,0.0003147106637448149,0.0001893704074884151,0.0005768863850877247,0.0008461825614824865,0.0004346076452416404,0.011407383616735349,0.0006422772744118393,0.10420778600833587,0.0003982722305634118,0.2286232202234535,0.0008761363700398599
81,ub0918,ub0918,SchillerCharlotte_WagnerJohann_1810-01-19.xml,JP-UB0918,letters-context,Schiller Charlotte (von),Wagner Johann Ernst,1810-01-19,1810,1,1809,SchillerCharlottevon,WagnerJohannErnst,0.00015136740114936906,0.00013037003107440457,0.020999739296777342,0.00011297917889006967,0.0005037765358129133,9.804548786258452e-05,0.6604692188069579,0.2563500424860875,0.0001009037264617619,0.00017027653391828225,0.00010246026057752644,0.00031212864841795063,0.00045783333782475135,0.00023514768316252276,0.05716567140322337,0.000347508873070817,0.00028940962972765914,0.00021548813811797009,0.0013135924732406358,0.0004740400676448029
82,ub1280,ub1280,OsmundEmanuel_GoldschmidtCaroline_1806-12-30.xml,JP-UB1280,letters-context,Osmund Emanuel,Goldschmidt Caroline,1806-12-30,1806,12,1804,OsmundEmanuel,GoldschmidtCaroline,0.00023353976792498893,0.0002011436185750815,0.0009292540899378967,0.00017431184665914881,0.0007772601918672306,0.00015127114760281235,0.004090902814303831,0.6630137012485371,0.00015568102961213234,0.0002627140448497613,0.00015808255473182618,0.0004815729910189617,0.000706375947872718,0.0003628016001918608,0.03312556422663096,0.2916387535226315,0.00044652056683696484,0.0003324695369315224,0.0020266984768134077,0.0007313807764702764
83,ub0018,ub0018,Industrie-Comptoir_OttoGeorg_1819-02-26.xml,JP-UB0018,letters-context,Industrie-Comptoir ,Otto Georg Christian,1819-02-26,1819,2,1819,IndustrieComptoir,OttoGeorgChristian,0.002265412157442948,0.0019511589095113566,0.009014068701888277,0.0016908819432192015,0.007539678161871009,0.0014673796240125894,0.11600175518054942,0.09700109088820373,0.00151015692230986,0.0025484121887319,0.0015334525016918964,0.004671415571933458,0.006852077803511918,0.07983795365900404,0.016054173133842917,0.0052009271474316296,0.08065005502628507,0.003225063284236941,0.5538902543724378,0.0070946328218841215
84,ub0740,ub0740,RichterCaroline_Unbekannt_1800-06-09.xml,JP-UB0740,letters-context,Richter Caroline,Unbekannte Korrespondenten,1800-06-09,1800,6,1799,RichterCaroline,UnbekannteKorrespondenten,0.0014066084111228176,0.001211486627075284,0.052983618345199116,0.0010498790499263585,0.05206816014565935,0.0009111050784578156,0.024639479429190876,0.6288693053628189,0.0009376657673780903,0.0015823248797800606,0.0009521301366069275,0.0029005108027443747,0.004254497461056622,0.002185151535144967,0.009968135330029508,0.0032292878128948464,0.0026893902937076514,0.002002461727375675,0.05959351831655831,0.14656528348727246
85,ub0604,ub0604,RichterEmma_FoersterErnst_1826-01-28e.xml,JP-UB0604,letters-context,Richter Emma,Förster Ernst Joachim,1826-01-28e,1826,1,1824,RichterEmma,FörsterErnstJoachim,0.00031882548270221995,0.00027459867693826567,0.012009403299909129,0.0002379682875666329,0.00106110560123912,0.032428906183073064,0.2633639899112831,0.41106107497178995,0.0002125337361370038,0.000358653829735674,0.0002158122672938636,0.14028780587489909,0.000964335344471582,0.054199280006034835,0.013000200796257655,0.04369514903506395,0.0006095841257493657,0.00045388312893255265,0.02424841782656311,0.0009984716143597297
86,ub0127,ub0127,MayerJohann_RichterCaroline_1818-01-09.xml,JP-UB0127,letters-context,Mayer Johann Siegfried Wilhelm,Richter Caroline,1818-01-09,1818,1,1814,MayerJohannSiegfriedWilhelm,RichterCaroline,0.0010952161550158007,0.0009432900550475961,0.2995286228131708,0.0008174588515179792,0.0036450662186882548,0.0007094063940989834,0.05608118410882376,0.5265477769942215,0.0007300871289529809,0.0012320328508736904,0.0007413494040298738,0.002258401317554837,0.003312645021867475,0.0017014069043835565,0.08155409895466259,0.002514394307549229,0.0020940182594671878,0.0015591606137716982,0.00950447511733805,0.003429908528964233
87,ub0162,ub0162,SchwendlerAuguste_OsmundEmanuel_1815-04-26.xml,JP-UB0162,letters-context,Schwendler Auguste Sophie Henriette,Osmund Emanuel,1815-04-26,1815,4,1814,SchwendlerAugusteSophieHenriette,OsmundEmanuel,0.00917981213754284,0.00011562915721685896,0.0005341897894699081,0.027236883996924945,0.00044681477623051934,8.695953385173496e-05,0.1742173267098263,0.3992303077609689,8.949459284975695e-05,0.00015102345185100127,9.087513043574884e-05,0.004799616305257424,0.0004060663525365296,0.00020855965287038772,0.14568035529261816,0.0003082162195361164,0.22187290065043308,0.00019112300269830083,0.010210625005152874,0.00494322048172879
88,ub0583,ub0583,MahlmannErnestine_MayerJohann_1802-11-25.xml,JP-UB0583,letters-context,Mahlmann Ernestine,Mayer Johann Siegfried Wilhelm,1802-11-25,1802,11,1799,MahlmannErnestine,MayerJohannSiegfriedWilhelm,0.00031882548270221995,0.00027459867693826567,0.033490998473940395,0.0002379682875666329,0.151432271819458,0.00020651342202616303,0.027066442996939163,0.4540242653198526,0.0002125337361370038,0.000358653829735674,0.0002158122672938636,0.000657437243695846,0.000964335344471582,0.0004952920709566698,0.002259403209242018,0.000731958687001409,0.0006095841257493657,0.00045388312893255265,0.24980516715389145,0.07618405472346917
89,ub0388,ub0388,FischerFriederike_FischerMaximilian_1811-02-17.xml,JP-UB0388,letters-context,Fischer Friederike Christiane von,Fischer Maximilian David Benjamin von,1811-02-17,1811,2,1809,FischerFriederikeChristianevon,FischerMaximilianDavidBenjaminvon,6.274235742662495e-05,5.403886850986336e-05,0.0002496516664766202,4.68302948313974e-05,0.038255504127379464,4.0640223699630716e-05,0.4048166759552077,0.2098295937934212,4.182497435557412e-05,7.058026412123696e-05,4.2470163604358697e-05,0.00012937849942209996,0.017099412244805896,9.746959961654373e-05,0.13360803685306288,0.00014404373568927944,0.1396244798577788,8.932064420960673e-05,0.055500814484358466,0.0001964913920227908
90,ub0983,ub0983,KalbCharlotte_RichterCaroline_1813-10-21.xml,JP-UB0983,letters-context,Kalb Charlotte von,Richter Caroline,1813-10-21,1813,10,1809,KalbCharlottevon,RichterCaroline,0.00034078745729629973,0.0002935141322380503,0.03579799241740137,0.00025436049511993043,0.0011341987996200506,0.0002207388926172673,0.18966022151261108,0.3130892725322257,0.0002271739100461429,0.0003833593401922553,0.00023067827954366044,0.0007027241508805378,0.0010307626204720977,0.1268167433542005,0.2894317071769445,0.0007823789292969568,0.03509357478715824,0.0004851484144480403,0.002957412464507388,0.001067250333179891
91,ub0892,ub0892,WagnerJohann_MuellerFriedrich_1808-11-09.xml,JP-UB0892,letters-context,Wagner Johann Ernst,Müller Friedrich Theodor Adam Heinrich von,1808-11-09,1808,11,1804,WagnerJohannErnst,MüllerFriedrichTheodorAdamHeinrichvon,0.00019262183930595877,0.0001659017396430439,0.020233946394644757,0.0001437710965230038,0.0006410783444165121,0.0001247673017065591,0.08773333251636302,0.4754678502551632,0.00012840453912999576,0.000216684562890903,0.0001303852989372225,0.052310543449494616,0.34450852867371723,0.00029923602371030583,0.014343379132643126,0.0004422207014044434,0.00036828679601883055,0.00027421836668742273,0.0016716056189957874,0.0006032373486042617
92,ub0219,ub0219,RichterCaroline_MayerJohann_1805-05-11.xml,JP-UB0219,letters-context,Richter Caroline,Mayer Johann Siegfried Wilhelm,1805-05-11,1805,5,1804,RichterCaroline,MayerJohannSiegfriedWilhelm,0.00015451919859546537,0.0417774204808794,0.1151367550869645,0.00011533165032568876,0.0005142662554415905,0.00010008700747579122,0.07558429176216616,0.5427870731960879,0.00010300476079906916,0.00017382206050233311,0.010515677671110763,0.0003186278435515608,0.00046736642046960606,0.015856669916381825,0.0010950228013052994,0.0003547447611836056,0.026323145680091812,0.00021997506831712216,0.0013409443163120887,0.16706125406203848
93,ub1103,ub1103,WangenheimKarl_WagnerJohann_1811-06-22.xml,JP-UB1103,letters-context,Wangenheim Karl August Freiherr von,Wagner Johann Ernst,1811-06-22,1811,6,1809,WangenheimKarlAugustFreiherrvon,WagnerJohannErnst,4.3581656039325344e-05,0.35093896452951945,0.0001734112887095849,3.252893077772808e-05,0.00014504718676391684,2.8229227005215166e-05,0.2019077508382364,0.19860580530877395,2.905217019220131e-05,4.902596778729213e-05,2.9500327020763e-05,8.986798539235763e-05,0.00013181923519136623,6.770364932090294e-05,0.24549938560856635,0.00010005464889920949,8.332673245022494e-05,6.204327909907538e-05,0.001846415958349268,0.00013648547190532536
94,ub0363,ub0363,SchwendlerAuguste_MuellerFriedrich_1810-02-14.xml,JP-UB0363,letters-context,Schwendler Auguste Sophie Henriette,Müller Friedrich Theodor Adam Heinrich von,1810-02-14,1810,2,1809,SchwendlerAugusteSophieHenriette,MüllerFriedrichTheodorAdamHeinrichvon,0.000239185236244706,0.000206005959308175,0.0009517173927506194,0.0001785255701581877,0.0007960492736084312,0.00015492789728217837,0.004189794161342472,0.44536409908604535,0.00015944438147492312,0.0002690647568956019,0.00016190395980800624,0.0004932142848704746,0.0007234515109383043,0.0003715717765024053,0.15479371168803413,0.0005491208230532628,0.31471252171148656,0.00034050648179403834,0.0745961232552054,0.0007490607931967605
95,ub0632,ub0632,RichterCaroline_MayerJohann_1805-04-05.xml,JP-UB0632,letters-context,Richter Caroline,Mayer Johann Siegfried Wilhelm,1805-04-05,1805,4,1804,RichterCaroline,MayerJohannSiegfriedWilhelm,9.302199876663e-05,8.011818117853263e-05,0.11005260319185736,6.943072920302128e-05,0.0003095930823757907,6.025331201945521e-05,0.3118741588465541,0.38317100755106,6.200982673417271e-05,0.0001046425016738058,6.296638616174712e-05,0.0001918169336838451,0.00028135894428437606,0.0001445087074695493,0.06333491046336193,0.00021355965496353685,0.00017785508646614808,0.00013242704285087588,0.0070748306378697655,0.1225089269214652
96,ub0662,ub0662,RichterCaroline_CottaJohann_1826-10-21.xml,JP-UB0662,letters-context,Richter Caroline,Cotta von Cottendorf Johann Friedrich Freiherr,1826-10-21,1826,10,1824,RichterCaroline,CottavonCottendorfJohannFriedrichFreiherr,0.006596182572589363,0.00016377619706007694,0.026380736530747628,0.00014192909300624138,0.0006328648119785335,0.000123168775896584,0.04176708773194271,0.097826469258249,0.00012675941282599021,0.4486359114597425,0.00012871479502520668,0.00039210885055491833,0.0005751490763507264,0.00029540219464906466,0.11025004016800206,0.00043655494446948257,0.0003635682845109538,0.0002707050652797349,0.26429736213994903,0.0005955086371702933
97,ub0714,ub0714,MayerJohann+MayerJulie_RichterCaroline_1817-01-18.xml,JP-UB0714,letters-context,Mayer Johann Siegfried Wilhelm + Mayer Julie Henriette,Richter Caroline,1817-01-18,1817,1,1814,MayerJohannSiegfriedWilhelmANDMayerJulieHenriette,RichterCaroline,0.00014128118598480846,0.00012168295463362382,0.4670001461813174,0.00010545092446574926,0.009989350518150052,9.151232498215372e-05,0.09766624076085824,0.3297002691261959,9.418010771511384e-05,0.00015893032763123225,9.563292373911379e-05,0.0002913302685616413,0.0004273260719290216,0.0002194788528211424,0.0010012096972742137,0.0003243529673819332,0.00027012510892619236,0.014479843242689944,0.010745205181706621,0.06707645127303599
98,ub0883,ub0883,WagnerJohann_Unbekannt_1808-06-20.xml,JP-UB0883,letters-context,Wagner Johann Ernst,Unbekannte Korrespondenten,1808-06-20,1808,6,1804,WagnerJohannErnst,UnbekannteKorrespondenten,0.0012315333988589994,0.0010606976552367405,0.08787764386188568,0.0009192047370984834,0.004098753263279342,0.0007977034156188312,0.02157270041014871,0.2601756026970801,0.0008209582001369414,0.0013853791303147175,0.0008336222462622751,0.0025394956400691744,0.5845665880528247,0.0019131743247226113,0.00872744076190927,0.0028273510698928177,0.0023546524697832154,0.0017532231982257788,0.010687459723836204,0.0038568157428154905
99,ub0128,ub0128,RichterCaroline_OttoGeorg_1801-06-21.xml,JP-UB0128,letters-context,Richter Caroline,Otto Georg Christian,1801-06-21,1801,6,1799,RichterCaroline,OttoGeorgChristian,0.0001842523288225272,0.00015869323019175328,0.0007331395062185265,0.0001375241740354014,0.03785648778376323,0.00011934610313746097,0.3942818158311931,0.3554931738792779,0.00012282530086583568,0.00020726951562914067,0.00012471999571785552,0.08107367930183577,0.0005572987186557962,0.00028623407623390505,0.007512941724636702,0.0004230060017123902,0.00035228455966133736,0.00026230344830117274,0.08849992428926262,0.031613080230847704
100,ub0043,ub0043,Uthe-SpazierWilhelmine_ReichardtJohann_1805-01-25.xml,JP-UB0043,letters-context,Uthe-Spazier Wilhelmine,Reichardt Johann Friedrich,1805-01-25,1805,1,1804,UtheSpazierWilhelmine,ReichardtJohannFriedrich,0.00019262183930595877,0.0001659017396430439,0.07214729207300886,0.0001437710965230038,0.0006410783444165121,0.0001247673017065591,0.5679317800412309,0.1315419351360009,0.00012840453912999576,0.000216684562890903,0.0001303852989372225,0.013375534190721544,0.0005826135545550233,0.00029923602371030583,0.07274589302080274,0.0004422207014044434,0.00036828679601883055,0.00027421836668742273,0.105498296975724,0.033049078397581824
101,ub0935,ub0935,BrockhausFriedrich_Borntraeger_1810-10-14.xml,JP-UB0935,letters-context,Brockhaus Friedrich Arnold,Bornträger Johann Friedrich Wilhelm,1810-10-14,1810,10,1809,BrockhausFriedrichArnold,BornträgerJohannFriedrichWilhelm,0.0002907221890248864,0.0002503938135252271,0.0011567827851650752,0.00021699225825211443,0.0009675730451788543,0.00018831002341974424,0.2597374944066869,0.07121244377584733,0.0001937996689841038,0.019915111381338488,0.00019678920967774652,0.0005994865686826517,0.0008793327306296085,0.00045163389655926574,0.5994964279376417,0.000667439220846664,0.0005558515270819763,0.0004138750004747272,0.0416990805471044,0.000910460013878469
102,ub0652,ub0652,RichterMax_RichterCaroline_1819-09-14.xml,JP-UB0652,letters-context,Richter Max,Richter Caroline,1819-09-14,1819,9,1819,RichterMax,RichterCaroline,0.00038005725310904056,0.0003273365039080279,0.10394114905314306,0.12831979896388784,0.001264895379903549,0.0002461751903900279,0.019461054044801262,0.5540251414420735,0.00025335173106183105,0.0004275348011428846,0.000257259917870325,0.013587313609113316,0.14198928064577734,0.0005904149893510668,0.00269333106655183,0.0008725344210672106,0.0007266573123565658,0.0005410532864330587,0.02890542811476373,0.0011902322732945895
103,ub0506,ub0506,RichterEmma_FoersterErnst_1826-01-27.xml,JP-UB0506,letters-context,Richter Emma,Förster Ernst Joachim,1826-01-27,1826,1,1824,RichterEmma,FörsterErnstJoachim,0.16882291979678335,0.0003076418671855849,0.0014212604175241365,0.0002666036454881162,0.0011887912647141948,0.2047968920397841,0.006256887437855345,0.5086582145549248,0.00023810848673468197,0.0004018116004176857,0.0002417815322787041,0.04886961390259182,0.025146909127251718,0.0005548918851695011,0.0025312832158058216,0.0008200372255342183,0.0006829370073563314,0.0005085000948501945,0.02716629453439497,0.0011186203633548086
104,ub1284,ub1284,OsmundEmanuel_GoldschmidtCaroline_1807-02-26.xml,JP-UB1284,letters-context,Osmund Emanuel,Goldschmidt Caroline,1807-02-26,1807,2,1804,OsmundEmanuel,GoldschmidtCaroline,0.00018894357930121942,0.00016273372019185171,0.0007518059788838929,0.00014102567847444026,0.013359341717280815,0.00012238477552250826,0.13698001903993376,0.5491367154326535,0.00012595255714077463,0.00021254680694278303,0.00012789549283831494,0.00038961297866469525,0.0005714881071828027,0.0002935218850541871,0.026799986687331037,0.2677743864058293,0.0003612540805336568,0.0002689819591524018,0.0016396850428336866,0.0005917180742544219
105,ub0258,ub0258,MahlmannSiegfried_BertuchFriedrich_1816-11-27.xml,JP-UB0258,letters-context,Mahlmann Siegfried August,Bertuch Friedrich Johann Justin,1816-11-27,1816,11,1814,MahlmannSiegfriedAugust,BertuchFriedrichJohannJustin,0.0008456152564539322,0.0007283132723676892,0.031852330513983236,0.0006311591307351926,0.0028143518438724672,0.0005477319405203774,0.014812594288253106,0.03620780531182671,0.0005636995144345575,0.22885228928476134,0.0005723951053311911,0.001743709313064762,0.0025576897828601627,0.001313654504815111,0.09145546489971644,0.0019413612349188489,0.001616789324544812,0.0012038262914852668,0.5770909903710848,0.0026482288149701143
106,ub0643,ub0643,RichterMax_RichterCaroline_1820-07-07.xml,JP-UB0643,letters-context,Richter Max,Richter Caroline,1820-07-07,1820,7,1819,RichterMax,RichterCaroline,0.08965095596230087,0.00045569699791673694,0.0021052534606186553,0.00039490880091851567,0.3225996188550143,0.0003427093950201062,0.009268064999792802,0.5217372366166618,0.00035270011710738955,0.0005951866750568163,0.0003581408454547202,0.03673976408782067,0.0016003162373557124,0.0008219380819437075,0.0037494836865747186,0.0012146867566321393,0.0010116059522899136,0.0007532198682301697,0.004591547164701888,0.0016569654385883961
107,ub0680,ub0680,SchwendlerAuguste_OsmundEmanuel_1816-02-19.xml,JP-UB0680,letters-context,Schwendler Auguste Sophie Henriette,Osmund Emanuel,1816-02-19,1816,2,1814,SchwendlerAugusteSophieHenriette,OsmundEmanuel,0.0010199512112722374,0.0008784657072675946,0.03841915438685176,0.0007612818181621381,0.0033945716449598593,0.0006606548923076187,0.3614741406929854,0.2841979734153747,0.0006799144151586403,0.0011473656527260403,0.0006904027293181336,0.242628599884027,0.003084994945604991,0.0015844835971835346,0.0072280327798362985,0.0023416012518221625,0.0363108854355584,0.0014520126911033973,0.008851312924886438,0.003194199923593691
108,ub1027,ub1027,SchwendlerAuguste_BoettigerCarl_1800-08-27.xml,JP-UB1027,letters-context,Schwendler Auguste Sophie Henriette,Böttiger Carl August,1800-08-27,1800,8,1799,SchwendlerAugusteSophieHenriette,BöttigerCarlAugust,0.0004174734301481428,0.0003595623869332616,0.0016611256226398555,0.00031159817099597905,0.0013894228006625345,0.0002704108402320408,0.5417491517250606,0.31322187405977925,0.00027829390265578507,0.0004696250853805334,0.04247492580032675,0.0008608552205633791,0.001262710811750428,0.0006485406311784079,0.002958486253531264,0.0009584343798347252,0.000798195846152396,0.0005943193282916503,0.05987935853266841,0.029435635171214593
109,ub0960,ub0960,BrockhausFriedrich_HempelFriedrich_1811-03-30.xml,JP-UB0960,letters-context,Brockhaus Friedrich Arnold,Hempel Friedrich Ferdinand,1811-03-30,1811,3,1809,BrockhausFriedrichArnold,HempelFriedrichFerdinand,0.000239185236244706,0.000206005959308175,0.0009517173927506194,0.0001785255701581877,0.0007960492736084312,0.056559708674935816,0.3265028271765061,0.12305106607088173,0.00015944438147492312,0.008326890582274694,0.00016190395980800624,0.0004932142848704746,0.0007234515109383043,0.0003715717765024053,0.4771067447031978,0.0005491208230532628,0.00045731452170203005,0.00034050648179403834,0.0020756908267935787,0.0007490607931967605
110,ub0916,ub0916,FichteJohann_WagnerJohann_1809-12-17.xml,JP-UB0916,letters-context,Fichte Johann Gottlieb,Wagner Johann Ernst,1809-12-17,1809,12,1809,FichteJohannGottlieb,WagnerJohannErnst,0.08965095596230087,0.00045569699791673694,0.0021052534606186553,0.00039490880091851567,0.037409652452679056,0.0003427093950201062,0.31228240430227405,0.1117766599133049,0.00035270011710738955,0.0005951866750568163,0.0003581408454547202,0.0010910182875287651,0.09072218073808548,0.0008219380819437075,0.039398229486866616,0.0903365512573619,0.0010116059522899136,0.0007532198682301697,0.21848402196645333,0.0016569654385883961
111,ub0470,ub0470,RichterCaroline_RichterMax_1821-04-23.xml,JP-UB0470,letters-context,Richter Caroline,Richter Max,1821-04-23,1821,4,1819,RichterCaroline,RichterMax,0.13281642255920564,0.0002606032434938308,0.0012039488579516108,0.00022583979019854947,0.20487448070174016,0.00019598808051477824,0.03588032409182095,0.5124310548298368,0.010395074374367371,0.010533747185016044,0.00020481299279960632,0.0006239297290543736,0.0009151861960410435,0.00047004858729564407,0.0633044854106082,0.0006946530480878346,0.0005785155344661408,0.0004307501291914231,0.02301255201100855,0.0009475826473015576
112,ub0409,ub0409,GoldschmidtCaroline_OsmundEmanuel_1803-12-03.xml,JP-UB0409,letters-context,Goldschmidt Caroline,Osmund Emanuel,1803-12-03,1803,12,1799,GoldschmidtCaroline,OsmundEmanuel,0.003260874412447493,0.0028085327174310307,0.012975010258269757,0.0024338854389024567,0.010852746382311887,0.002112172239196602,0.057120551371180064,0.7987516760773918,0.002173746640566749,0.003668229673484678,0.0022072787104289357,0.006724118372181997,0.009863002239200324,0.005065734480136292,0.0231086613591058,0.007486306719218018,0.006234687582193193,0.004642213253575235,0.028298431840995262,0.0102121402317824
113,ub0682,ub0682,RichterCaroline+RichterJohann_OsmundEmanuel_1807-04-01.xml,JP-UB0682,letters-context,Richter Caroline + Jean Paul,Osmund Emanuel,1807-04-01,1807,4,1804,RichterCarolineANDJeanPaul,OsmundEmanuel,0.0010199512112722374,0.0008784657072675946,0.00405838304556448,0.0007612818181621381,0.0033945716449598593,0.0006606548923076187,0.567638768740709,0.3872802874392365,0.0006799144151586403,0.0011473656527260403,0.0006904027293181336,0.00210320049501611,0.003084994945604991,0.0015844835971835346,0.0072280327798362985,0.0023416012518221625,0.0019501140942711234,0.0014520126911033973,0.008851312924886438,0.003194199923593691
114,ub0169,ub0169,RichterCaroline+RichterJohann_OsmundEmanuel_1802-10-18.xml,JP-UB0169,letters-context,Richter Caroline + Jean Paul,Osmund Emanuel,1802-10-18,1802,10,1799,RichterCarolineANDJeanPaul,OsmundEmanuel,0.00027976218559808787,0.0002409541589068769,0.01053798111253694,0.0002088118166352954,0.01978071258520968,0.00018121088004543427,0.00490057827224786,0.4455201153201605,0.00018649357018475703,0.0003147106637448149,0.4620049697898546,0.0005768863850877247,0.0008461825614824865,0.0004346076452416404,0.011407383616735349,0.0006422772744118393,0.0005348963510699791,0.0003982722305634118,0.0024278246076006567,0.038575368972682
115,ub1003,ub1003,KalbCharlotte_RichterCaroline_1820-08-22.xml,JP-UB1003,letters-context,Kalb Charlotte von,Richter Caroline,1820-08-22,1820,8,1819,KalbCharlottevon,RichterCaroline,0.00040605191026088375,0.00034972523645493934,0.015295016915495473,0.00030307325791204643,0.0013514100338525676,0.00026301275794367887,0.4311722503415182,0.4140872385223645,0.00027068015022474267,0.041494789231895986,0.00027485564406485127,0.0008373033623811076,0.0012281647170608884,0.041668809885427927,0.002877545989694834,0.0009322128851493492,0.0007763582654289423,0.0005780595389559388,0.04456180113583588,0.0012716402180772536
116,ub0090,ub0090,RichterCaroline_RichterEmma_1819-07-08.xml,JP-UB0090,letters-context,Richter Caroline,Richter Emma,1819-07-08,1819,7,1819,RichterCaroline,RichterEmma,0.0001324551685001562,0.00011408126387986703,0.0005270387487141683,9.886326952344491e-05,0.2280148066270864,8.579543228534046e-05,0.22096971333288468,0.4206593382954413,8.829655519815376e-05,0.00014900174555756822,8.965861193569649e-05,0.00027313049180997985,0.00040063046234588257,0.0002057677264669291,0.00986313237751903,0.0003040902201423991,0.000253250045783089,0.0001885644955748099,0.014536173156593063,0.10304621197275808
117,ub0875,ub0875,WagnerJohann_TruchsessChristian_1808-05-06.xml,JP-UB0875,letters-context,Wagner Johann Ernst,Truchsess von Wetzhausen Christian Freiherr,1808-05-06,1808,5,1804,WagnerJohannErnst,TruchsessvonWetzhausenChristianFreiherr,0.00026478868997709484,0.0002280577553577732,0.0010535934642597756,0.00019763574287351828,0.036562747597146,0.00017151206991841204,0.004638288402217839,0.6357637998780974,0.00017651201870904566,0.0002978666476910061,0.0001792348812692031,0.0005460101401711544,0.2951731496909024,0.0004113464755486613,0.0018764636089769872,0.0006079011633755707,0.0005062675063484919,0.0003769558132371913,0.020138624854870082,0.0008292435990524635
118,ub1305,ub1305,OsmundEmanuel_GoldschmidtCaroline_1809-11-03.xml,JP-UB1305,letters-context,Osmund Emanuel,Goldschmidt Caroline,1809-11-03,1809,11,1809,OsmundEmanuel,GoldschmidtCaroline,0.00019015395727690256,0.00016377619706007694,0.0007566220694977861,0.00014192909300624138,0.0006328648119785335,0.000123168775896584,0.15707560280756702,0.5334364150994964,0.00012675941282599021,0.0002139083878701518,0.00012871479502520668,0.00039210885055491833,0.0005751490763507264,0.00029540219464906466,0.0013475537076902285,0.2694897567875928,0.0003635682845109538,0.0002707050652797349,0.008056217527450641,0.02621962309842013
119,ub0186,ub0186,MayerJohann_RichterCaroline_1818-08-03.xml,JP-UB0186,letters-context,Mayer Johann Siegfried Wilhelm,Richter Caroline,1818-08-03,1818,8,1814,MayerJohannSiegfriedWilhelm,RichterCaroline,0.00031882548270221995,0.00027459867693826567,0.5597900802377065,0.0002379682875666329,0.00106110560123912,0.00020651342202616303,0.016325645409923532,0.21772671840550856,0.0002125337361370038,0.011099451416751309,0.02169740744132513,0.000657437243695846,0.000964335344471582,0.0004952920709566698,0.013000200796257655,0.000731958687001409,0.0006095841257493657,0.00045388312893255265,0.0779524057616413,0.07618405472346917
120,ub0175,ub0175,RichterEmma_DobeneckFranziska_1825-08-04.xml,JP-UB0175,letters-context,Richter Emma,Dobeneck Franziska,1825-08-04,1825,8,1824,RichterEmma,DobeneckFranziska,0.0209023874078031,0.05175502559587214,0.0012163475419205644,0.0002281655668856511,0.05250913363302959,0.00019800643391570168,0.08774157071496783,0.2499512074501617,0.0002037787508743008,0.00034387966234549703,0.26796396278993523,0.062420441457826936,0.0318196542434477,0.00047488931109004786,0.1669398941523398,0.0007018068267175721,0.0005844732885979731,0.00043518614379964895,0.002652847845577834,0.0009573411828911383
121,ub0435,ub0435,SchwendlerAuguste_OsmundEmanuel_1810-10-16.xml,JP-UB0435,letters-context,Schwendler Auguste Sophie Henriette,Osmund Emanuel,1810-10-16,1810,10,1809,SchwendlerAugusteSophieHenriette,OsmundEmanuel,4.093707591297146e-05,3.525837015331221e-05,0.00016288851170925776,3.055504149300938e-05,0.013927390573582546,2.651624820851776e-05,0.21447983993773845,0.306537160395062,2.7289254348700124e-05,4.6051021172859964e-05,2.7710216555716577e-05,8.441470275551526e-05,0.0028820493073053732,6.35953216035227e-05,0.2347395715609529,9.398322894698455e-05,0.17936315538855305,5.827842852223664e-05,0.0017343735214114195,0.04563898189401165
122,ub0708,ub0708,RichterEmma_DobeneckFranziska_1822-07-26.xml,JP-UB0708,letters-context,Richter Emma,Dobeneck Franziska,1822-07-26,1822,7,1819,RichterEmma,DobeneckFranziska,0.00030569197997852636,0.00026328702631070363,0.0012163475419205644,0.010526513280797936,0.0010173950634681584,0.00019800643391570168,0.07744322300105554,0.5383049434397058,0.0002037787508743008,0.00034387966234549703,0.1855771810786369,0.0006303551743532225,0.0009246111017108471,0.00047488931109004786,0.1772382418662521,0.0007018068267175721,0.0005844732885979731,0.00043518614379964895,0.002652847845577834,0.0009573411828911383
123,ub0217,ub0217,RichterCaroline_OsmundEmanuel_1810-06-01.xml,JP-UB0217,letters-context,Richter Caroline,Osmund Emanuel,1810-06-01,1810,6,1809,RichterCaroline,OsmundEmanuel,0.0008704112086974965,0.0007496695818502245,0.003463363789372813,0.0006496665920710113,0.0028968770033757263,0.02988676477992559,0.7776442080629453,0.15456141260754236,0.0005802288593499438,0.0009791447998395537,0.0005891794308124515,0.00179484005192433,0.0026326888480090174,0.0013521747586981055,0.006168295776182179,0.00199828771549161,0.0016641983921714227,0.0012391260557756978,0.007553578932368966,0.002725882753596288
124,ub1015,ub1015,RichterMax_RichterCaroline_1821-05-27.xml,JP-UB1015,letters-context,Richter Max,Richter Caroline,1821-05-27,1821,5,1819,RichterMax,RichterCaroline,0.3703182548519015,0.00015771426451107167,0.06241780668812729,0.00013667579854715868,0.0006094402614533707,0.00011860986669590965,0.05255897902096807,0.3409623273175104,0.00012206760153536169,0.00020599088677895438,0.00012395060816833623,0.000377595524158287,0.0005538607880094,0.00028446832140658187,0.1185071367440213,0.0004203965119572292,0.0003501113447527634,0.031105280249642882,0.007758028607887403,0.01291130474196686
125,ub1292,ub1292,GoldschmidtCaroline_OsmundEmanuel_1808-09-14.xml,JP-UB1292,letters-context,Goldschmidt Caroline,Osmund Emanuel,1808-09-14,1808,9,1804,GoldschmidtCaroline,OsmundEmanuel,0.046585787759190485,0.001156675557761745,0.005343671851961283,0.0010023795628579216,0.004469631561383308,0.0008698841169620801,0.02352471993894107,0.4194462125532374,0.0008952431254602281,0.0015107360427893141,0.0009090530858605569,0.002769283519585919,0.004062012005566935,0.4092716536125217,0.009517148794734445,0.003083185731212564,0.00256771469737405,0.0019118647153377726,0.011654521320088457,0.0494486204471728
126,ub0949,ub0949,WagnerJohann_WangenheimKarl_1811-02-03.xml,JP-UB0949,letters-context,Wagner Johann Ernst,Wangenheim Karl August Freiherr von,1811-02-03,1811,2,1809,WagnerJohannErnst,WangenheimKarlAugustFreiherrvon,0.00014195683968675182,0.00012226488306371538,0.0005648458720569688,0.00010595522591956276,0.0004724565817297116,0.12443261237107835,0.15552131129603938,0.2738890076267263,9.463050836813484e-05,0.00015969038540868222,9.609027224239536e-05,0.0002927235069682257,0.4404040212697905,0.00022052847381896464,0.001005997815618985,0.00032590413133642797,0.00027141693719449016,0.0002020911692011093,0.0012319259941150286,0.00044456883963638565
127,ub0713,ub0713,RichterCaroline_RichterOdilie_1822-12-24.xml,JP-UB0713,letters-context,Richter Caroline,Richter Odilie Minna,1822-12-24,1822,12,1819,RichterCaroline,RichterOdilieMinna,0.0002534828826727501,0.000218320266054286,0.0010086076882998268,0.00018919719655353652,0.5388317637848098,0.00016418893835628003,0.0300587275769106,0.3951309407490519,0.00016897540198044608,0.00028514849525980933,0.00017158200519650537,0.0005226968882662968,0.0007666968804001878,0.02601226537886469,0.0017963433592089778,0.0005819453213273111,0.0004846511643826692,0.0003608607534856556,0.0021997682740531863,0.0007938369948653309
128,ub1112,ub1112,WagnerJohann_MuellerFriedrich_1811-10-31.xml,JP-UB1112,letters-context,Wagner Johann Ernst,Müller Friedrich Theodor Adam Heinrich von,1811-10-31,1811,10,1809,WagnerJohannErnst,MüllerFriedrichTheodorAdamHeinrichvon,0.0004174734301481428,0.0003595623869332616,0.0016611256226398555,0.00031159817099597905,0.0013894228006625345,0.014334523825097575,0.007312858300170345,0.25696542212031714,0.00027829390265578507,0.0004696250853805334,0.0002825868457301634,0.014924968205428912,0.4513143263274475,0.0006485406311784079,0.002958486253531264,0.16972779019822112,0.000798195846152396,0.0005943193282916503,0.07394347151753396,0.001307409201483529
129,ub0873,ub0873,WagnerJohann_MuellerFriedrich_1808-04-23.xml,JP-UB0873,letters-context,Wagner Johann Ernst,Müller Friedrich Theodor Adam Heinrich von,1808-04-23,1808,4,1804,WagnerJohannErnst,MüllerFriedrichTheodorAdamHeinrichvon,0.0004295560806513768,0.0003699689573678914,0.001709202455537226,0.00032061654564141537,0.0014296359229579404,0.00027823715788212504,0.007524509400910522,0.3801718867367106,0.0002863483744380435,0.08731018356741672,0.00029076556525384,0.0008857703696790024,0.4499052498760641,0.0006673109030515059,0.017515272789336744,0.00098617369641283,0.0008212974874682759,0.0006115203097493601,0.04714124514369935,0.0013452486597710467
130,ub1124,ub1124,SchwendlerAuguste_MuellerFriedrich_1815-04-26.xml,JP-UB1124,letters-context,Schwendler Auguste Sophie Henriette,Müller Friedrich Theodor Adam Heinrich von,1815-04-26,1815,4,1814,SchwendlerAugusteSophieHenriette,MüllerFriedrichTheodorAdamHeinrichvon,0.00012625785443289912,0.000108743628289963,0.055797303407824135,9.423765364231036e-05,0.00042020768040148214,8.17812345350449e-05,0.18085678992969836,0.3626964228949409,8.416533487798018e-05,0.00014203025003764298,8.546366368798671e-05,0.0002603512589702372,0.0003818857593027172,0.00019614026352787807,0.08596385813924763,0.0002898624431492984,0.22142109599799545,0.0044331976110488225,0.08616480095493577,0.0003954040394536342
131,ub0976,ub0976,WagnerKarl+WagnerLudwig_TruchsessChristian_1812-01-06.xml,JP-UB0976,letters-context,Wagner Karl Ludwig Friedrich Ernst + Wagner Ludwig Anton,Truchsess von Wetzhausen Christian Freiherr,1812-01-06,1812,1,1809,WagnerKarlLudwigFriedrichErnstANDWagnerLudwigAnton,TruchsessvonWetzhausenChristianFreiherr,0.0009543657262789707,0.0008219781039152414,0.003797418582372375,0.0007123294401376632,0.03532757737013354,0.0006181730843090553,0.01671757007467681,0.61958745260009,0.0006361941703280371,0.0010735870915880136,0.0006460080589235329,0.06627053011377969,0.1636430488834881,0.0014825972284664133,0.00676325169013939,0.0021910302715004324,0.06612728756215981,0.0013586445422057573,0.00828215074870574,0.002988804656801433
132,ub1066,ub1066,SchuetzeStephan_WagnerJohann_1809-01-05.xml,JP-UB1066,letters-context,Schütze Stephan,Wagner Johann Ernst,1809-01-05,1809,1,1809,SchützeStephan,WagnerJohannErnst,0.0001787059997928898,0.0001539162763532635,0.0007110706783665298,0.0001333844471532292,0.0005947640563360527,0.0001157535691345775,0.31618923139463884,0.3086700102274399,0.006139490509279606,0.0002010303275611295,0.00012096569780885878,0.00036850247646446943,0.0065608854897706,0.00027761791177925287,0.02534787598027006,0.00041027275442047617,0.0003416801559480758,0.030356220001987518,0.3025689651868376,0.0005596568586571573
133,ub1039,ub1039,WagnerJohann_GoeschenGeorg_1805-05-21.xml,JP-UB1039,letters-context,Wagner Johann Ernst,Göschen Georg Joachim,1805-05-21,1805,5,1804,WagnerJohannErnst,GöschenGeorgJoachim,0.0007401847158022662,0.0006375078363452699,0.12762428291919609,0.0005524667846797356,0.07727091500776809,0.00047944122062086543,0.012965773512084456,0.08156508508900359,0.0004934179719501659,0.0008326501407111203,0.0005010294044869297,0.0015263052227143911,0.1019820713358516,0.0011498692566007554,0.0052454267712268,0.026635132079713283,0.0014152095028639488,0.0010537343249634966,0.5550114468471683,0.002318050056248972
134,ub0308,ub0308,RichterCaroline_OsmundEmanuel_1807-05-31.xml,JP-UB0308,letters-context,Richter Caroline,Osmund Emanuel,1807-05-31,1807,5,1804,RichterCaroline,OsmundEmanuel,0.0008456152564539322,0.0007283132723676892,0.003364700764051841,0.0006311591307351926,0.0028143518438724672,0.2284487699399716,0.29968889178756714,0.4350346218108663,0.0005636995144345575,0.0009512512853101537,0.0005723951053311911,0.001743709313064762,0.0025576897828601627,0.001313654504815111,0.005992575649922236,0.0019413612349188489,0.001616789324544812,0.0012038262914852668,0.007338395372456757,0.0026482288149701143
135,ub0554,ub0554,MeyerJohann_RichterCaroline_1826-01-21.xml,JP-UB0554,letters-context,Meyer Johann Friedrich von (gen. Imo),Richter Caroline,1826-01-21,1826,1,1824,MeyerJohannFriedrichvongenImo,RichterCaroline,0.000293597695359274,0.000252870435620356,0.0011682244169077699,0.00021913850864741408,0.0009771432208497467,0.0001901725804780423,0.03481565717163878,0.1906076917348726,0.0001957165236199167,0.2871665974753143,0.00019873563358458864,0.0006054160349934595,0.000888030129494968,0.0004561009657387332,0.2493533150111445,0.010564948488186204,0.0005613494032243662,0.000417968599898636,0.2201478606805973,0.0009194652898290094
136,ub0678,ub0678,SpazierJohann_FalkJohannes_1802-12-20.xml,JP-UB0678,letters-context,Spazier Johann Karl Gottlieb,Falk Johannes Daniel,1802-12-20,1802,12,1799,SpazierJohannKarlGottlieb,FalkJohannesDaniel,0.0005589819708497492,0.0004814411581117213,0.002224187714276201,0.00041721879084544747,0.001860387366885405,0.00036207043010714416,0.06628568605900373,0.2687421225324583,0.0003726255683548464,0.0006288111693559477,0.05687240437586238,0.0011526543081701167,0.0016907245520153753,0.0008683726771871531,0.17344339926457011,0.0012833093075649358,0.0010687556500254905,0.0007957722945977131,0.41914050071479614,0.0017505740949622227
137,ub0804,ub0804,MayerJohann_RichterCaroline_1819-10-12.xml,JP-UB0804,letters-context,Mayer Johann Siegfried Wilhelm,Richter Caroline,1819-10-12,1819,10,1819,MayerJohannSiegfriedWilhelm,RichterCaroline,0.0004295560806513768,0.0003699689573678914,0.7976230615028654,0.00032061654564141537,0.08825660236448465,0.00027823715788212504,0.007524509400910522,0.07627750419136707,0.0002863483744380435,0.0004832171258900117,0.00029076556525384,0.0008857703696790024,0.0012992565948428305,0.0006673109030515059,0.0030441117157489557,0.00098617369641283,0.0008212974874682759,0.0006115203097493601,0.018198922996523783,0.0013452486597710467
138,ub0995,ub0995,RichterMax_WagnerLorenz_1819-12-28.xml,JP-UB0995,letters-context,Richter Max,Wagner Lorenz Heinrich,1819-12-28,1819,12,1819,RichterMax,WagnerLorenzHeinrich,0.3671812297970568,0.0005206600729820862,0.0024053733631393755,0.0004512060558824909,0.04274268311024785,0.0003915652274176668,0.051320044012156806,0.3313650025103847,0.00040298020297135516,0.0006800350651633413,0.0004091965485504288,0.001246551247443832,0.0018284534959527765,0.0009391116107588668,0.00428400112096818,0.001387849597977865,0.0011558180794612484,0.0008605970927110071,0.16816909041010614,0.022258551378667318
139,ub0653,ub0653,VossHeinrich_RichterCaroline_1817-09-05.xml,JP-UB0653,letters-context,Voß Heinrich,Richter Caroline,1817-09-05,1817,9,1814,VoßHeinrich,RichterCaroline,0.00019262183930595877,0.0001659017396430439,0.0007664417652582155,0.1883296491805929,0.0006410783444165121,0.0001247673017065591,0.3667675655375701,0.35217365426904834,0.00012840453912999576,0.000216684562890903,0.0001303852989372225,0.00039719777113051926,0.0005826135545550233,0.05221258170207441,0.0013650427130520993,0.0004422207014044434,0.00036828679601883055,0.00027421836668742273,0.0016716056189957874,0.033049078397581824
140,ub1008,ub1008,Uthe-SpazierWilhelmine_SchragJohann_1821-03-22.xml,JP-UB1008,letters-context,Uthe-Spazier Wilhelmine,Schrag Johann Leonhard,1821-03-22,1821,3,1819,UtheSpazierWilhelmine,SchragJohannLeonhard,0.0718265830621549,0.00045569699791673694,0.0021052534606186553,0.00039490880091851567,0.0017609066523871474,0.0003427093950201062,0.027092437899938752,0.07612791411301299,0.00035270011710738955,0.0005951866750568163,0.0003581408454547202,0.0010910182875287651,0.0016003162373557124,0.0008219380819437075,0.021573856586720674,0.0012146867566321393,0.0010116059522899136,0.0007532198682301697,0.7710395818709779,0.019481338338734347
141,ub0141,ub0141,RichterCaroline_OsmundEmanuel_1805-08-04.xml,JP-UB0141,letters-context,Richter Caroline,Osmund Emanuel,1805-08-04,1805,8,1804,RichterCaroline,OsmundEmanuel,0.0012848397127528785,0.0011066094284853886,0.005112373659520504,0.0009589920593862184,0.047560671041144906,0.0008322316133165908,0.06579096934539179,0.2714371749433133,0.0008564929696777423,0.0014453445805826571,0.0008697051727743358,0.002649416452486511,0.003886189825502578,0.0019959851288647167,0.3120967406120341,0.002949731562179537,0.002456572437022068,0.001829110596989988,0.011150061130582324,0.2637307877279919
142,ub0533,ub0533,Uthe-SpazierWilhelmine_FalkJohannes_1808-07-18.xml,JP-UB0533,letters-context,Uthe-Spazier Wilhelmine,Falk Johannes Daniel,1808-07-18,1808,7,1804,UtheSpazierWilhelmine,FalkJohannesDaniel,9.420284454591424e-05,8.113522249502752e-05,0.00037483285761503066,7.031210118619808e-05,0.02252848455789907,0.1904749732060699,0.0873364256230976,0.4356385701065685,6.279699582475413e-05,0.00010597086118095053,6.376569806991644e-05,0.06683913616633333,0.0002849305889085212,0.0001463431391045149,0.007014714009397851,0.006563402471619888,0.00018011282582847536,0.0001341081066496216,0.17853719992375325,0.0034685826938515977
143,ub1360,ub1360,OsmundEmanuel_RichterMax_1819-11-28.xml,JP-UB1360,letters-context,Osmund Emanuel,Richter Max,1819-11-28,1819,11,1819,OsmundEmanuel,RichterMax,0.0007591138403645201,0.0006538111522419146,0.0030205118689411643,0.000566595302008516,0.0025264603731228754,0.0004917022176283149,0.1155914119090333,0.6206947954753987,0.000506036403610398,0.0008539439311580303,0.0005138424872275066,0.0015653382114589162,0.002296053315866172,0.0011792754547075483,0.0053795707688195004,0.18075737301621408,0.0014514013836059894,0.0010806820150021075,0.032161235630607916,0.027950845242982632
144,ub1028,ub1028,RichterCaroline_HerderCaroline_1801-06-07.xml,JP-UB1028,letters-context,Richter Caroline,Herder Caroline (von),1801-06-07,1801,6,1799,RichterCaroline,HerderCarolinevon,0.0004703994367611503,0.0004051466083335686,0.03356595461789892,0.0003511016355706756,0.001565569580375039,0.00030469270078846314,0.4519592720046535,0.257848477066045,0.00031357515379335584,0.0005291627195855755,0.0003184123430811116,0.0009699918165862963,0.19158821280139507,0.0007307606319156336,0.003333554106264607,0.0010799417636873118,0.016746506958778738,0.0006696653178274155,0.004082207627627339,0.033167395109031335
145,ub0334,ub0334,SpazierJohann_FalkJohannes_1804-07-11.xml,JP-UB0334,letters-context,Spazier Johann Karl Gottlieb,Falk Johannes Daniel,1804-07-11,1804,7,1804,SpazierJohannKarlGottlieb,FalkJohannesDaniel,0.01117970198583082,0.00027758010869999414,0.0012823794914408012,0.00024055200799364283,0.0010726264649860108,0.000208755623927924,0.005645484832777322,0.3612370611919025,0.0002148413030867897,0.00036254788316434315,0.00021815543061662505,0.0006645753126099168,0.000974805533392453,0.0005006696624591026,0.06742842378279837,0.0007399058661430975,0.0006162026335084661,0.2827515980736533,0.2633748203760832,0.0010093124349253202
146,ub0618,ub0618,RichterCaroline_MayerJohann_1802-12-21.xml,JP-UB0618,letters-context,Richter Caroline,Mayer Johann Siegfried Wilhelm,1802-12-21,1802,12,1799,RichterCaroline,MayerJohannSiegfriedWilhelm,0.00032582471737864114,0.0002806269923835552,0.0012964556482911727,0.00024319244931213734,0.0010844002483814696,0.00021104704930194115,0.4777009218827265,0.3652022131359588,0.0002171995284797973,0.0003665274234667679,0.00022055003383635507,0.0006718700848685338,0.0009855055763034837,0.0005061653092204826,0.002309004304976621,0.0007480275111755196,0.0006229664385901677,0.0004638473090480874,0.013804155520150723,0.1327394988361493
147,ub0633,ub0633,SpazierJohann_RochlitzFriedrich_1801-09-17.xml,JP-UB0633,letters-context,Spazier Johann Karl Gottlieb,Rochlitz Friedrich,1801-09-17,1801,9,1799,SpazierJohannKarlGottlieb,RochlitzFriedrich,0.0006301853972171162,0.0005427673937320149,0.002507505950640638,0.0004703643465203207,0.00209736451785046,0.00040819115770546687,0.011038921713053684,0.15436400750216678,0.00042009081518314573,0.000708909476870501,0.0004265711079184165,0.0012994800385850965,0.0019060899616795183,0.0009789864593911387,0.19553671345441215,0.0014467779426066874,0.0012048943239000944,0.000897138200724244,0.5999113867488921,0.02320365349095065
148,ub0262,ub0262,FoersterErnst_RichterEmma_1826-04-20.xml,JP-UB0262,letters-context,Förster Ernst Joachim,Richter Emma,1826-04-20,1826,4,1824,FörsterErnstJoachim,RichterEmma,0.00027976218559808787,0.0002409541589068769,0.0011131729618764046,0.0002088118166352954,0.0763295614891729,0.00018121088004543427,0.4855657939559352,0.17220067895100494,0.00018649357018475703,0.0003147106637448149,0.0001893704074884151,0.0005768863850877247,0.0573950314654457,0.06640826469986537,0.08680584882201964,0.0006422772744118393,0.0005348963510699791,0.0003982722305634118,0.030702249059582264,0.01972575267136093
149,ub0378,ub0378,OsmundEmanuel_GoldschmidtCaroline_1804-11-07.xml,JP-UB0378,letters-context,Osmund Emanuel,Goldschmidt Caroline,1804-11-07,1804,11,1804,OsmundEmanuel,GoldschmidtCaroline,0.00020316902302963148,0.00017498584004618014,0.0008084089800911827,0.00015164341346611743,0.0006761811713035967,0.000131599048607884,0.0035589002056310875,0.4262131505653776,0.0001354354462692762,0.0002285493228949021,0.00013752466437839936,0.00041894669576877203,0.0006145150887836178,0.00031562096391327403,0.07672916045090103,0.4795806304355382,0.0003884526739618995,0.00028923344236253204,0.008607624410271235,0.0006362681574036955
150,ub0926,ub0926,BrockhausFriedrich_Borntraeger_1810-05-01.xml,JP-UB0926,letters-context,Brockhaus Friedrich Arnold,Bornträger Johann Friedrich Wilhelm,1810-05-01,1810,5,1809,BrockhausFriedrichArnold,BornträgerJohannFriedrichWilhelm,0.002265412157442948,0.0019511589095113566,0.009014068701888277,0.0016908819432192015,0.007539678161871009,0.0014673796240125894,0.11600175518054942,0.32595706919987405,0.00151015692230986,0.0025484121887319,0.0015334525016918964,0.004671415571933458,0.006852077803511918,0.003519294221780605,0.16869149200828978,0.23415690545910195,0.00433139558906164,0.003225063284236941,0.019659638311873676,0.08341329225910755
151,ub0732,ub0732,ThieriotPaul+RichterJohann+RichterCaroline_OsmundEmanuel_1802-04-11.xml,JP-UB0732,letters-context,Thieriot Paul Emile + Jean Paul + Richter Caroline,Osmund Emanuel,1802-04-11,1802,4,1799,ThieriotPaulEmileANDJeanPaulANDRichterCaroline,OsmundEmanuel,0.00018199299111482727,0.00015674730309699035,0.0007241496077353466,0.0001358378260033082,0.04965447769933585,0.0001178826581280618,0.3036117014579933,0.4982803697207158,0.00012131919326068809,0.0002047279367231358,0.11048293209894333,0.0003752804494684815,0.0005504650139338079,0.00028272421860661386,0.0012897198326159134,0.031073302754699668,0.00034796477822590194,0.00025908703266402016,0.0015793666370414767,0.000569950789693613
152,ub0836,ub0836,SpazierJohann_BodeAugust_1803-09-22.xml,JP-UB0836,letters-context,Spazier Johann Karl Gottlieb,Bode August Theodor Heinrich,1803-09-22,1803,9,1799,SpazierJohannKarlGottlieb,BodeAugustTheodorHeinrich,0.00014983923211472173,0.0001290538464598764,0.005644090156667579,0.00011183856815467554,0.0004986905285447335,9.705564409569156e-05,0.002624725295385768,0.28404927544607433,9.988502660242282e-05,0.00016855746280729572,0.0001014258463224917,0.00030897747232774386,0.00045321116208162283,0.00023277368846320556,0.0010618575373617855,0.0003440005067048782,0.00028648781940971536,0.5251928603858218,0.1779761401019613,0.00046925427263837314
153,ub0165,ub0165,RichterOdilie_RichterMax_1820-04-28.xml,JP-UB0165,letters-context,Richter Odilie Minna,Richter Max,1820-04-28,1820,4,1819,RichterOdilieMinna,RichterMax,0.00029653065267139624,0.00025539653921345364,0.001179894645931797,0.00022132763990240743,0.3006783557094081,0.000192072350364845,0.005194310554981786,0.6320592698816138,0.030166816786542074,0.0003335738828440727,0.00020072094593177135,0.0006114639686617986,0.0008969012974327815,0.0104503723212889,0.0021014076497459268,0.01067048931296244,0.0005669571237986972,0.00042214398710598467,0.0025733442635373087,0.0009286504860606982
154,ub0174,ub0174,RichterCaroline_RichterOdilie_1822-09-09.xml,JP-UB0174,letters-context,Richter Caroline,Richter Odilie Minna,1822-09-09,1822,9,1819,RichterCaroline,RichterOdilieMinna,0.0003615411229308256,0.00031138889267613837,0.0014385711270900913,0.0002698508324352552,0.5005762801957633,0.00023418170300195586,0.006333095260072941,0.3930552898458348,0.00024100860750652013,0.0004067055972034254,0.0002447263901190282,0.07382449647545837,0.0010935351853533402,0.0005616503737239123,0.0025621138138001874,0.0008300251391280008,0.0006912550636677722,0.00051469353930814,0.0153173458662661,0.001132244968659958
155,ub0389,ub0389,Uthe-SpazierWilhelmine_LevinRahel_1812-07-25.xml,JP-UB0389,letters-context,Uthe-Spazier Wilhelmine,Levin Rahel,1812-07-25,1812,7,1809,UtheSpazierWilhelmine,LevinRahel,6.182756092946507e-05,5.325097067416093e-05,0.04190374316576414,4.61474994850028e-05,0.01270309211277663,0.12084746894971428,0.06565251364525564,0.44630219105192265,4.121515761288915e-05,6.955118932974168e-05,0.06252844814789467,0.15426109858070872,0.00018700670273097425,9.604847277391488e-05,0.05251031435362612,0.00014194354834772986,0.00011821231903098811,8.801833081561975e-05,0.040111395159958915,0.0022765130806477233
156,ub0150,ub0150,HerderLuise_RichterCaroline_1822-07-01.xml,JP-UB0150,letters-context,Herder Luise von,Richter Caroline,1822-07-01,1822,7,1819,HerderLuisevon,RichterCaroline,0.0009543657262789707,0.0008219781039152414,0.003797418582372375,0.0007123294401376632,0.003176291961364622,0.0006181730843090553,0.01671757007467681,0.4266797401474765,0.0006361941703280371,0.0010735870915880136,0.0006460080589235329,0.0019679592962418557,0.06718919265718133,0.0014825972284664133,0.00676325169013939,0.0021910302715004324,0.0018247167446219762,0.03350992995097468,0.4262488610627017,0.002988804656801433
157,ub0450,ub0450,MahlmannErnestine_RichterCaroline_1804-01-29.xml,JP-UB0450,letters-context,Mahlmann Ernestine,Richter Caroline,1804-01-29,1804,1,1804,MahlmannErnestine,RichterCaroline,7.015690707795276e-05,0.00478740675756458,0.0026426450741401718,5.236444369757261e-05,0.06168425846962052,4.54428637154187e-05,0.02250035296191995,0.4355228404221725,4.676762174314772e-05,7.892105484372053e-05,4.74890559389796e-05,0.09704779608530856,0.00021220005559363417,0.00010898802537376954,0.13285266950528915,0.052157866611742085,0.00013413776246466746,9.987607085507856e-05,0.054969125275273964,0.13493869497566446
158,ub0694,ub0694,SpazierJohann_RochlitzFriedrich_1800-07-24.xml,JP-UB0694,letters-context,Spazier Johann Karl Gottlieb,Rochlitz Friedrich,1800-07-24,1800,7,1799,SpazierJohannKarlGottlieb,RochlitzFriedrich,0.00010232089735727343,8.812715595787516e-05,0.09003048898412021,7.637133807504787e-05,0.00034054140337026425,6.627650487327619e-05,0.015580557703502128,0.22499254053521425,6.820860872198022e-05,0.00011510303815160315,6.92607901446835e-05,0.00021099181960270276,0.00030948485347962617,0.00015895444970301278,0.19720708123714709,0.00023490804137631222,0.00019563428315948038,0.14147480085857322,0.3283579072657132,0.0003204402317567373
159,ub0500,ub0500,MayerJohann_RichterCaroline_1813-07-10.xml,JP-UB0500,letters-context,Mayer Johann Siegfried Wilhelm,Richter Caroline,1813-07-10,1813,7,1809,MayerJohannSiegfriedWilhelm,RichterCaroline,0.0005697103828038164,0.0004906813471432457,0.5396644136651289,0.0004252263748044852,0.0018960933522425855,0.0003690195643067154,0.009979584329718206,0.4274421816732219,0.0003797772848866909,0.0006408797970004388,0.00038563570380784523,0.0011747769362754215,0.0017231742381247546,0.0008850391535609037,0.004037335586652839,0.0013079395669185884,0.0010892680305487473,0.0008110453685845168,0.004944045184733318,0.0017841724595361692
160,ub0767,ub0767,RichterCaroline_OsmundEmanuel_1805-03-22.xml,JP-UB0767,letters-context,Richter Caroline,Osmund Emanuel,1805-03-22,1805,3,1804,RichterCaroline,OsmundEmanuel,0.0011824740999311525,0.0010184437598989957,0.004705061169537466,0.000882587346116649,0.003935475546441935,0.0007659261448124799,0.6979244266296825,0.13030342091283167,0.0007882545529722763,0.0013301912410171315,0.08047230766363639,0.00243833242691755,0.0035765697234146827,0.041672907988555885,0.008379774896241097,0.002714720863160016,0.0022608526593247144,0.0016833818922176082,0.010261714647123887,0.003703175836166013
161,ub0864,ub0864,Uthe-SpazierWilhelmine_WilmansFriedrich_1807-08-13.xml,JP-UB0864,letters-context,Uthe-Spazier Wilhelmine,Wilmans Friedrich,1807-08-13,1807,8,1804,UtheSpazierWilhelmine,WilmansFriedrich,0.000239185236244706,0.11301556751461544,0.009009543218129709,0.0001785255701581877,0.0007960492736084312,0.00015492789728217837,0.012247619986721563,0.5259423573398363,0.00015944438147492312,0.0002690647568956019,0.016277555610566187,0.0004932142848704746,0.0007234515109383043,0.0003715717765024053,0.0016950210058314017,0.0005491208230532628,0.0246307919978393,0.00034050648179403834,0.2921574205404408,0.0007490607931967605
162,ub0742,ub0742,RichterMax_RichterCaroline_1820-06-21.xml,JP-UB0742,letters-context,Richter Max,Richter Caroline,1820-06-21,1820,6,1819,RichterMax,RichterCaroline,0.2353582607348998,0.0003004119921406221,0.0013878594525675288,0.000260338207493463,0.28317221088465244,0.00022592646551099037,0.041361264328739086,0.4262014257609231,0.00023251271193983452,0.0003923686475152972,0.00023609943743723658,0.0007192388335159768,0.0010549865176133018,0.0005418514006933778,0.002471795664514087,0.0008007655746140468,0.0006668873413211539,0.0004965498613538516,0.0030269144564514985,0.0010923317261033409
163,ub0965,ub0965,WagnerJohann_TruchsessChristian_1811-06-06.xml,JP-UB0965,letters-context,Wagner Johann Ernst,Truchsess von Wetzhausen Christian Freiherr,1811-06-06,1811,6,1809,WagnerJohannErnst,TruchsessvonWetzhausenChristianFreiherr,0.03830051070525111,0.000323198396782275,0.0014931293082966679,0.00028008499488819456,0.0012489048853439155,0.00024306310451700607,0.019215032212662183,0.20569397024763916,0.00025014892113653364,0.0004221300119244667,0.0002540077016139649,0.000773793470225732,0.6964314052250091,0.0005829511090767438,0.0026592826413213795,0.0008615040567107277,0.0007174710903301707,0.0005342134245989209,0.028540012841408675,0.0011751856512630756
164,ub0555,ub0555,MahlmannSiegfried_FalkJohannes_1805-04-12.xml,JP-UB0555,letters-context,Mahlmann Siegfried August,Falk Johannes Daniel,1805-04-12,1805,4,1804,MahlmannSiegfriedAugust,FalkJohannesDaniel,0.0002103683415088227,0.00018118648408657368,0.0008370550483860809,0.00015701691584622696,0.0007001417314778571,0.0001362622765368215,0.10290334305806123,0.28540154124179923,0.00014023461740532924,0.0002366479953164549,0.00014239786720646817,0.01460783966467711,0.0006362905039943138,0.00032680503028341927,0.13614425754310056,0.02174403438792793,0.0004022175406342034,0.2625193620083242,0.1719141833482408,0.0006588143951864568
165,ub0547,ub0547,RichterEmma_RichterMax_1820-04-07.xml,JP-UB0547,letters-context,Richter Emma,Richter Max,1820-04-07,1820,4,1819,RichterEmma,RichterMax,0.04282207261653408,0.0002716806104926473,0.001255124672836094,0.0002354394797704265,0.0010498295940683726,0.00020431887435352493,0.09053876991757097,0.4598261631631191,0.00021027521264046592,0.00035484253786124346,0.00021351890396537017,0.2450636031872762,0.07534069925284204,0.0004900287711143169,0.0022353933022551255,0.0007241804117819773,0.07498971785427859,0.0004490598677881876,0.002737420572254722,0.0009878611971965744
166,ub0726,ub0726,SchwendlerAuguste_OsmundEmanuel_1808-07-08.xml,JP-UB0726,letters-context,Schwendler Auguste Sophie Henriette,Osmund Emanuel,1808-07-08,1808,7,1804,SchwendlerAugusteSophieHenriette,OsmundEmanuel,0.00014263898684478522,0.0001228524041912161,0.0005675601337100234,0.00010646437402682766,0.0004747268838527532,9.239181585486341e-05,0.3484811912306393,0.29923169915377634,9.50852376540856e-05,0.00016045774781835666,9.655201615180788e-05,0.2069226227120486,0.0004314329436537402,0.00022158818233327792,0.001010831950785889,0.0099380977646606,0.12521087948298126,0.00020306228068146047,0.006043159565926853,0.0004467051324080291
167,ub0517,ub0517,EndeHenriette_RichterCaroline_1820-07-11.xml,JP-UB0517,letters-context,Ende Henriette Freifrau von,Richter Caroline,1820-07-11,1820,7,1819,EndeHenrietteFreifrauvon,RichterCaroline,0.00017553563533812268,0.00015118569824102313,0.000698455806979262,0.0001310181174801155,0.0005842125425348023,0.00011370002307836223,0.02672907652340987,0.6047854140957597,0.0001170146253285485,0.00019746391453879877,0.00011881968508951102,0.0003619649950467745,0.0005309337758579606,0.3077776671342846,0.001243958840610357,0.00040299424021904187,0.0003356185205101359,0.00024989427674087204,0.04883178617977954,0.006463285369172695
168,ub0370,ub0370,MayerJohann_RichterCaroline_1810-06-17.xml,JP-UB0370,letters-context,Mayer Johann Siegfried Wilhelm,Richter Caroline,1810-06-17,1810,6,1809,MayerJohannSiegfriedWilhelm,RichterCaroline,0.00024112820532479947,0.00020767940377128252,0.3015208756303219,0.00017997578367583364,0.0008025158061968795,0.0001561864202528654,0.004223829040063481,0.6764338080039537,0.00016073959311952254,0.00027125044574245104,0.00016321915130055228,0.0004972208035018477,0.008852610126819293,0.00037459015875757485,0.0017087901391447554,0.0005535814862496167,0.00046102941644008045,0.00034327251190561413,0.002092552248341217,0.0007551456251167482
169,ub0513,ub0513,MayerJohann_RichterCaroline_1819-09-30.xml,JP-UB0513,letters-context,Mayer Johann Siegfried Wilhelm,Richter Caroline,1819-09-30,1819,9,1819,MayerJohannSiegfriedWilhelm,RichterCaroline,0.00043586353202947824,0.0003754014522506696,0.44224381616062935,0.0003253243669568104,0.030817929288826564,0.0002823226950773183,0.007634996667481959,0.2829686440483951,0.00029055301390264513,0.0004903125173043189,0.0002950350652047748,0.015582427258035282,0.001318334424650808,0.0006771094631573059,0.017772460934189445,0.0010006543263484005,0.0008333571327683907,0.0006204996602793692,0.1946699561715236,0.0013650018209883093
170,ub0752,ub0752,JungFranz_RichterCaroline_1825-08-03.xml,JP-UB0752,letters-context,Jung Franz Wilhelm,Richter Caroline,1825-08-03,1825,8,1824,JungFranzWilhelm,RichterCaroline,0.00016666536862399106,0.0001435458964185789,0.02312208087295747,0.0001243974353366097,0.0005546907815542316,0.13486147346478594,0.4520978644238118,0.34402012476577765,0.00011110157562716409,0.0001874855555292351,0.00011281542108008115,0.00034367397373329816,0.017348294202368945,0.0002589129165049596,0.01802528827839343,0.0003826299057172976,0.00031865885425551635,0.000237266476802946,0.007061080837630885,0.0005219489930899965
171,ub0593,ub0593,Uthe-SpazierWilhelmine_FalkElisabeth_1809-05-30.xml,JP-UB0593,letters-context,Uthe-Spazier Wilhelmine,Falk Elisabeth Charlotte Karoline,1809-05-30,1809,5,1809,UtheSpazierWilhelmine,FalkElisabethCharlotteKaroline,0.00016952080932392295,0.00014600523634219887,0.0006745228309228879,0.00012652870893447806,0.0005641941753702582,0.00010980402865358621,0.32849226140942606,0.2299847016266737,0.00011300505421717695,0.00019069770386171393,0.00011474826260313796,0.00034956206350388123,0.011934592791251348,0.00026334881393002256,0.28103670192303304,0.06320937007699373,0.00032411836554659747,0.005952257388606901,0.07571316730168058,0.000530891429124924
172,ub0920,ub0920,BrockhausFriedrich_Borntraeger_1810-01-21.xml,JP-UB0920,letters-context,Brockhaus Friedrich Arnold,Bornträger Johann Friedrich Wilhelm,1810-01-21,1810,1,1809,BrockhausFriedrichArnold,BornträgerJohannFriedrichWilhelm,0.014688162390412488,0.00036469144867199885,0.0016848211374766164,0.00031604303596182614,0.0014092425470675725,0.00027426817888807605,0.02168190809014312,0.1750425625885294,0.00028226369109892553,0.0004763241622153516,0.00028661787186353387,0.0008731350911361691,0.10113385973572796,0.0006577918906490242,0.673443177479165,0.0009721061911402084,0.0008095818974283299,0.0006027971353095977,0.0036745863913874148,0.0013260590457272398
173,ub0149,ub0149,OsmundEmanuel_GoldschmidtCaroline_1803-09-20.xml,JP-UB0149,letters-context,Osmund Emanuel,Goldschmidt Caroline,1803-09-20,1803,9,1799,OsmundEmanuel,GoldschmidtCaroline,0.00019644615575249564,0.00016919555489115917,0.0007816587098100427,0.00014662552970124912,0.0006538063220171023,0.0001272444333009082,0.04976716578795848,0.7959539941820704,0.00013095388448239288,0.006838990858892233,0.00013297397032001532,0.00040508374072843934,0.0005941807714743933,0.00030517705952947847,0.0013921442884319215,0.11957507683965898,0.0003755987667493147,0.0002796627016259935,0.0017047936982077965,0.020469226744397318
174,ub0241,ub0241,RichterCaroline_RichterOdilie_1822-10-25.xml,JP-UB0241,letters-context,Richter Caroline,Richter Odilie Minna,1822-10-25,1822,10,1819,RichterCaroline,RichterOdilieMinna,0.0001854031653465837,0.00015968442507429442,0.0007377186815612581,0.00013838314739781184,0.4066058109664743,0.00012009153661649553,0.0719534864361784,0.36395955833465177,0.00012359246534738091,0.00020856411706204447,0.00012549899442723154,0.00038231243301147346,0.0005607795958004033,0.00028802188880303054,0.1012495807074874,0.0004256480891138178,0.05032233201158867,0.00026394179062563637,0.0016089607185230887,0.0005806304949090517
175,ub0748,ub0748,GleimJohann_RichterCaroline_1802-04-02.xml,JP-UB0748,letters-context,Gleim Johann Wilhelm Ludwig,Richter Caroline,1802-04-02,1802,4,1799,GleimJohannWilhelmLudwig,RichterCaroline,0.0014066084111228176,0.001211486627075284,0.005596890973175728,0.0010498790499263585,0.0046814327736359705,0.0009111050784578156,0.11941293417323764,0.5340958506187722,0.0009376657673780903,0.0015823248797800606,0.0009521301366069275,0.0029005108027443747,0.004254497461056622,0.002185151535144967,0.009968135330029508,0.0032292878128948464,0.0026893902937076514,0.002002461727375675,0.2965271551766752,0.004405101371202268
176,ub0754,ub0754,MahlmannErnestine_MayerJohann_1805-02-02.xml,JP-UB0754,letters-context,Mahlmann Ernestine,Mayer Johann Siegfried Wilhelm,1805-02-02,1805,2,1804,MahlmannErnestine,MayerJohannSiegfriedWilhelm,8.99222325593899e-05,7.744840807221828e-05,0.0003578003143730054,6.711709338589056e-05,0.00029927653158707515,5.8245494697224085e-05,0.2863348063314712,0.36737326628322775,5.9943477182712024e-05,0.00010115550617994108,6.086816124071658e-05,0.00018542503008154475,0.00027198323790135725,0.00013969325291035589,0.13089963720059106,0.00020644322002918766,0.0001719284326194958,0.00012801418484097965,0.09469045594291486,0.11842656966413401
177,ub0737,ub0737,RichterEmma_RichterOdilie_1822-06-17.xml,JP-UB0737,letters-context,Richter Emma,Richter Odilie Minna,1822-06-17,1822,6,1819,RichterEmma,RichterOdilieMinna,0.008297011061623795,0.000206005959308175,0.0009517173927506194,0.0001785255701581877,0.10554778500353662,0.00015492789728217837,0.004189794161342472,0.5984627897682481,0.00015944438147492312,0.0002690647568956019,0.00016190395980800624,0.0004932142848704746,0.0007234515109383043,0.11318113333180968,0.01781067265658958,0.0005491208230532628,0.00045731452170203005,0.00034050648179403834,0.0020756908267935787,0.1457899256500204
178,ub0703,ub0703,Ungern-SternbergRosalie_RichterCaroline_1811-10-28.xml,JP-UB0703,letters-context,Ungern-Sternberg Rosalie von,Richter Caroline,1811-10-28,1811,10,1809,UngernSternbergRosalievon,RichterCaroline,7.238083592249265e-05,6.23403173784759e-05,0.00028800314572421584,5.402436289323957e-05,0.00024089577084232192,4.688337327612272e-05,0.3694681147715449,0.3005854976657435,4.8250125281531345e-05,8.142280153722065e-05,4.899442847749981e-05,0.1440155662264825,0.00021892666091452288,0.14885557963890655,0.005389761489738982,0.029427116665760693,0.00013838984328624288,0.00010304207808238006,0.0006281334062201946,0.0002266763919863258
179,ub1142,ub1142,SchwendlerAuguste_MuellerFriedrich_1820-01-04.xml,JP-UB1142,letters-context,Schwendler Auguste Sophie Henriette,Müller Friedrich Theodor Adam Heinrich von,1820-01-04,1820,1,1819,SchwendlerAugusteSophieHenriette,MüllerFriedrichTheodorAdamHeinrichvon,5.5472679469668166e-05,4.777762511166209e-05,0.0020895248843708428,4.1404276810768655e-05,0.000184622541467252,3.5931421695490103e-05,0.27755400022775606,0.22102475749603864,3.6978900561190775e-05,6.240244276859824e-05,3.7549334600698435e-05,0.00011438798800478645,0.00016778541354897671,8.617623052956859e-05,0.27697540368150586,0.00012735402855797387,0.2056739790881286,7.897145834946224e-05,0.00048140150170075246,0.015124118779023159
180,ub0631,ub0631,SpazierJohann_Unbekannt_1800-10-06.xml,JP-UB0631,letters-context,Spazier Johann Karl Gottlieb,Unbekannte Korrespondenten,1800-10-06,1800,10,1799,SpazierJohannKarlGottlieb,UnbekannteKorrespondenten,0.00020742824372057682,0.00017865423052930242,0.0008253564074273285,0.0001548224550082243,0.0006903565844285785,0.00013435788153615808,0.003633508731905404,0.09972541047416306,0.00013827470516039852,0.00023334061435488783,0.0001404077214867183,0.014403681202519125,0.0006273977386187922,0.007310213488226622,0.21809722240149,0.00047621320489782957,0.0003965961676979021,0.00029529691130998165,0.6516818539985245,0.0006496068369946696
181,ub0866,ub0866,WagnerJohann_BarthKarl_1808-01-08.xml,JP-UB0866,letters-context,Wagner Johann Ernst,Barth Karl,1808-01-08,1808,1,1804,WagnerJohannErnst,BarthKarl,0.0002720695749553307,0.000234328651162644,0.0010825640854285274,0.00020307012570752362,0.0009054939632334404,0.00017622813106725916,0.004765827249724334,0.3141161558440151,0.0001813655632679464,0.00030605707606949363,0.00018416329628089304,0.0005610237611376711,0.10164511509118956,0.0004226572546266181,0.0019280606605881745,0.000624616599556233,0.0005201883255581813,0.02788428458465853,0.5431346848816355,0.0008520452801369599
182,ub0654,ub0654,SpazierJohann_BoettigerCarl_1800-05-01.xml,JP-UB0654,letters-context,Spazier Johann Karl Gottlieb,Böttiger Carl August,1800-05-01,1800,5,1799,SpazierJohannKarlGottlieb,BöttigerCarlAugust,0.0003615411229308256,0.00031138889267613837,0.0014385711270900913,0.0002698508324352552,0.0012032705396340304,0.00023418170300195586,0.006333095260072941,0.12509904076205813,0.00024100860750652013,0.0004067055972034254,0.0002447263901190282,0.0007455194526102039,0.0010935351853533402,0.0005616503737239123,0.0025621138138001874,0.0008300251391280008,0.0006912550636677722,0.00051469353930814,0.85572558162902,0.001132244968659958
183,ub0503,ub0503,MahlmannErnestine_MayerJohann_1801-03-13.xml,JP-UB0503,letters-context,Mahlmann Ernestine,Mayer Johann Siegfried Wilhelm,1801-03-13,1801,3,1799,MahlmannErnestine,MayerJohannSiegfriedWilhelm,7.57035730461518e-05,6.520213134088949e-05,0.0003012243075391085,5.6504422067461086e-05,0.05891001774501947,4.9035615964142465e-05,0.11354152069405506,0.5005598611689995,5.046511051140389e-05,8.516062194136415e-05,0.00260159416183997,0.00015610530243554663,0.00022897677617373847,0.00011760471325897244,0.17140997324861312,0.00017380005970203677,0.0001447428103936824,0.00010777235970706231,0.010858371013039051,0.1405063641643522
184,ub0060,ub0060,RichterCaroline_Uthe-SpazierWilhelmine_1800-06-28.xml,JP-UB0060,letters-context,Richter Caroline,Uthe-Spazier Wilhelmine,1800-06-28,1800,6,1799,RichterCaroline,UtheSpazierWilhelmine,0.0001071211769614566,0.0289623975079094,0.0004262348665276018,7.995422080941016e-05,0.0003565175528685465,6.938579889626414e-05,0.3627531350201073,0.4051598827894943,7.140854540876064e-05,0.00012050297873743877,7.251008884014204e-05,0.10487513312824956,0.003932771011538987,0.00016641163413562462,0.04045556676012665,0.0002459285104007384,0.00020481226423259781,0.00015249877319127177,0.0009296160911317473,0.05085821128043209
185,ub0501,ub0501,RichterCaroline+RichterJohann_OsmundEmanuel_1801-11-02.xml,JP-UB0501,letters-context,Richter Caroline + Jean Paul,Osmund Emanuel,1801-11-02,1801,11,1799,RichterCarolineANDJeanPaul,OsmundEmanuel,0.0004423589766585227,0.0003809958623528485,0.0017601451433004128,0.00033017250463469243,0.0014722461451714293,0.00028653000149008167,0.2759932955971233,0.5554300952944239,0.00029488297242158575,0.0004976193864802015,0.10461674460470656,0.0009121707081680184,0.0013379808681557518,0.0006872000688229407,0.003134841302609347,0.001015566550684641,0.0008457762151516129,0.030434693150538244,0.0038388676676536014,0.016287816979452373
186,ub0602,ub0602,RichterCaroline_Unbekannt_1808-01-10.xml,JP-UB0602,letters-context,Richter Caroline,Unbekannte Korrespondenten,1808-01-10,1808,1,1804,RichterCaroline,UnbekannteKorrespondenten,0.0001842523288225272,0.01878032552927051,0.0007331395062185265,0.0001375241740354014,0.0006132231856057171,0.00011934610313746097,0.4501467127284293,0.14444800782305195,0.00012282530086583568,0.00020726951562914067,0.00012471999571785552,0.00037993933916117157,0.0005572987186557962,0.00028623407623390505,0.2558013723790201,0.0004230060017123902,0.00035228455966133736,0.00026230344830117274,0.014013395092947594,0.11230682019352232
187,ub0712,ub0712,RichterCaroline_RichterOdilie_1822-11-09.xml,JP-UB0712,letters-context,Richter Caroline,Richter Odilie Minna,1822-11-09,1822,11,1819,RichterCaroline,RichterOdilieMinna,0.00038005725310904056,0.0003273365039080279,0.001512246757800897,0.0002836710947101689,0.5518202452173676,0.0002461751903900279,0.2499260842093211,0.16991675783454038,0.00025335173106183105,0.0004275348011428846,0.000257259917870325,0.0007837008221955478,0.0011495399896818785,0.0005904149893510668,0.0154969438534696,0.0008725344210672106,0.0007266573123565658,0.0005410532864330587,0.003298202540928199,0.0011902322732945895
188,ub0253,ub0253,OsmundEmanuel_SchlabrendorffAmanda_1809-01-14.xml,JP-UB0253,letters-context,Osmund Emanuel,Schlabrendorff Amanda,1809-01-14,1809,1,1809,OsmundEmanuel,SchlabrendorffAmanda,0.00026959852798235127,0.00023220038267017163,0.0010727317963649908,0.00020122575990692097,0.0008972698973221146,0.00017462755522227886,0.3589364667966705,0.3475928579609295,0.0001797183271659694,0.00030327734073339583,0.00018249065002530376,0.0005559283142581135,0.0008154410593136754,0.0004188185088579141,0.0019105492263903254,0.27309119337350696,0.0005154637627787499,0.0003838031464709765,0.0023396226298746077,0.009926714983555213
189,ub0783,ub0783,MahlmannErnestine_MayerJohann_1801-12-24.xml,JP-UB0783,letters-context,Mahlmann Ernestine,Mayer Johann Siegfried Wilhelm,1801-12-24,1801,12,1799,MahlmannErnestine,MayerJohannSiegfriedWilhelm,0.010184505382978323,0.000252870435620356,0.0011682244169077699,0.00021913850864741408,0.0009771432208497467,0.0001901725804780423,0.14361564173544836,0.6356985376777299,0.0001957165236199167,0.00033027453436186127,0.00019873563358458864,0.040169046785469655,0.000888030129494968,0.0004561009657387332,0.0020806228206682337,0.0006740408005671548,0.0005613494032243662,0.000417968599898636,0.0025478915529781967,0.15917398829173382
190,ub0888,ub0888,WagnerJohann_TruchsessChristian_1808-08-12.xml,JP-UB0888,letters-context,Wagner Johann Ernst,Truchsess von Wetzhausen Christian Freiherr,1808-08-12,1808,8,1804,WagnerJohannErnst,TruchsessvonWetzhausenChristianFreiherr,0.0001186855016290264,0.1600363572876833,0.004470602672140409,8.858572201402514e-05,0.0003950055983513069,7.687638039019058e-05,0.20199667666173826,0.2049995805632599,7.911749359780958e-05,0.0001335119430623025,8.033795474683803e-05,0.00024473661388767866,0.3082321930590887,0.00018437669221464147,0.104798270224085,0.0002724778559172581,0.00022692288312859893,0.0001689618608328919,0.013025033469000505,0.00037168956323139975
191,ub0693,ub0693,MayerJohann+MayerJulie_RichterCaroline_1816-01-05.xml,JP-UB0693,letters-context,Mayer Johann Siegfried Wilhelm + Mayer Julie Henriette,Richter Caroline,1816-01-05,1816,1,1814,MayerJohannSiegfriedWilhelmANDMayerJulieHenriette,RichterCaroline,0.00029653065267139624,0.00025539653921345364,0.5406245066371491,0.00022132763990240743,0.0009869046031762494,0.000192072350364845,0.11508117596060012,0.3223781037385076,0.00019767167591888736,0.010323288919718468,0.00020072094593177135,0.0006114639686617986,0.0008969012974327815,0.00046065728441450633,0.0021014076497459268,0.0006807742760880473,0.0005669571237986972,0.00042214398710598467,0.0025733442635373087,0.0009286504860606982
192,ub1148,ub1148,SchragJohann_OttoGeorg_1825-12-06.xml,JP-UB1148,letters-context,Schrag Johann Leonhard,Otto Georg Christian,1825-12-06,1825,12,1824,SchragJohannLeonhard,OttoGeorgChristian,0.0004174734301481428,0.0003595623869332616,0.0016611256226398555,0.00031159817099597905,0.0013894228006625345,0.0002704108402320408,0.035441084269901404,0.1163242922716618,0.00027829390265578507,0.3802006756767499,0.0002825868457301634,0.0008608552205633791,0.001262710811750428,0.01471265361604394,0.002958486253531264,0.0009584343798347252,0.000798195846152396,0.0005943193282916503,0.43961040912403776,0.001307409201483529
193,ub0970,ub0970,DoenhoffStanislaus_WagnerJohann_1811-11-14.xml,JP-UB0970,letters-context,Dönhoff Stanislaus Otto von,Wagner Johann Ernst,1811-11-14,1811,11,1809,DönhoffStanislausOttovon,WagnerJohannErnst,0.00025566614219044354,0.00022020066836683091,0.0010172948718756196,0.00019082676055305007,0.0008509005404027198,0.00016560310509837565,0.3231611604562389,0.36408204071816136,0.008783475962427149,0.00028760449212897717,0.00017305984875722348,0.0005271989001739386,0.08690375215203319,0.00039717469245479953,0.11378140252550235,0.0005869576426650215,0.0004888254867520645,0.00036396886345466963,0.010831760145233248,0.08693112602553008
194,ub0062,ub0062,RichterCaroline_RichterOdilie_1822-10-16.xml,JP-UB0062,letters-context,Richter Caroline,Richter Odilie Minna,1822-10-16,1822,10,1819,RichterCaroline,RichterOdilieMinna,0.0001360990027118653,0.004702210228911838,0.0005415375549533434,0.0001015829924897142,0.2893073682425483,8.815565978653702e-05,0.034478972650759866,0.5376864366621045,9.072558844955695e-05,0.00015310077517049266,9.2125115291096e-05,0.00028064429622839303,0.0004116517837596033,0.0002114283850116722,0.10183427851069378,0.00031245572494034685,0.004845207536152675,0.00019375189420839625,0.024106043651732405,0.00042622374409572003
195,ub0346,ub0346,RichterCaroline_OsmundEmanuel_1806-09-20.xml,JP-UB0346,letters-context,Richter Caroline,Osmund Emanuel,1806-09-20,1806,9,1804,RichterCaroline,OsmundEmanuel,0.0018433631451593184,0.0015876556556499632,0.0073347368506004,0.0013758686015280398,0.006135027043221644,0.0011940050334662631,0.7153945015675871,0.20313047348172866,0.001228812869590741,0.0020736399299126143,0.0012477684544881266,0.00380112522691904,0.005575527459433695,0.0028636454713499037,0.01306326135123083,0.004231988158417701,0.0035244513762096477,0.002624230111698148,0.01599702402593942,0.005772894185868782
196,ub0001,ub0001,RichterCaroline_MayerJohann_1801-08-19.xml,JP-UB0001,letters-context,Richter Caroline,Mayer Johann Siegfried Wilhelm,1801-08-19,1801,8,1799,RichterCaroline,MayerJohannSiegfriedWilhelm,0.00010485088253592948,0.003622590045091476,0.0004172013712945248,0.003610543553008415,0.00034896162568552776,6.791525687167815e-05,0.2384996854387328,0.4001053283638599,6.989513389504248e-05,0.00011794907437746841,7.097333154193308e-05,0.06026503439033928,0.0003171371719457946,0.00016288475536116058,0.0007430410470508082,0.0002407163745553501,0.0002004715339031116,0.00014926675946162014,0.011506765658314592,0.27937878823217344
197,ub0401,ub0401,SchwendlerAuguste_OsmundEmanuel_1808-06-23.xml,JP-UB0401,letters-context,Schwendler Auguste Sophie Henriette,Osmund Emanuel,1808-06-23,1808,6,1804,SchwendlerAugusteSophieHenriette,OsmundEmanuel,0.00952502722775579,0.00023649629449888862,0.001092578280509641,0.00020494861390175963,0.0009138701816159311,0.00017785831897672506,0.7170938617275128,0.23376790077250176,0.00018304327469030745,0.0003088882389604202,0.00018586688796711436,0.0005662134782775563,0.0008305274379494206,0.0004265670205769668,0.020446777850319016,0.0006303945784888907,0.009775441186194616,0.00039090384311007514,0.0023829077115563604,0.0008599270746358563
198,ub0419,ub0419,SchwendlerAuguste_MuellerFriedrich_1808-05-30.xml,JP-UB0419,letters-context,Schwendler Auguste Sophie Henriette,Müller Friedrich Theodor Adam Heinrich von,1808-05-30,1808,5,1804,SchwendlerAugusteSophieHenriette,MüllerFriedrichTheodorAdamHeinrichvon,0.00014402313959974663,0.0001240445501639013,0.015128899696679216,0.00010749749239000583,0.00533127758803476,9.328837568945168e-05,0.3809744777317684,0.5010651143671931,9.600793415219156e-05,0.00016201481183437748,9.748894610419904e-05,0.00029698434116483567,0.0004356195206250788,0.00022373844924015982,0.0010206409508386294,0.00033064793712775945,0.08761035977447873,0.00020503277431333018,0.0012498577019501216,0.005302983916652022
199,ub0342,ub0342,SchwendlerAuguste_OsmundEmanuel_1816-02-07.xml,JP-UB0342,letters-context,Schwendler Auguste Sophie Henriette,Osmund Emanuel,1816-02-07,1816,2,1814,SchwendlerAugusteSophieHenriette,OsmundEmanuel,0.0004490509463771909,0.0003867595359942479,0.001786772472281961,0.0003351673267577616,0.0014945181621119118,0.07593044774494109,0.3255522490477712,0.2612742629029762,0.04568309382232967,0.0005051473310714974,0.0003039615969424578,0.0009259699505919573,0.0013582217311794663,0.000697595974171053,0.0031822649204781587,0.0010309299567938836,0.2731610703565377,0.0006392733945365533,0.003896941737676925,0.0014063010884790743
200,ub0332,ub0332,RichterMax_RichterCaroline_1820-06-16.xml,JP-UB0332,letters-context,Richter Max,Richter Caroline,1820-06-16,1820,6,1819,RichterMax,RichterCaroline,0.2136668486707644,0.00024796523315853594,0.0011455630991791226,0.00021488764100660107,0.13674479064544273,0.00018648359640347824,0.08263551510646035,0.5166777296573416,0.00019191999765940228,0.00032386784053443213,0.00019488054266927882,0.010292715132158237,0.0008708040446555806,0.00044725347997199433,0.0020402627202198635,0.0006609656991374526,0.0005504602992139182,0.0004098608090445706,0.031595596361933036,0.000901629423045442
201,ub1011,ub1011,RichterMax_RichterCaroline_1821-05-07.xml,JP-UB1011,letters-context,Richter Max,Richter Caroline,1821-05-07,1821,5,1819,RichterMax,RichterCaroline,0.22328695334978135,0.00011885447293426487,0.014495900038722146,0.0001029997511610748,0.0004592780575968509,0.01868513150001722,0.007066224798105602,0.6939514179062262,9.199092097225476e-05,0.00015523604255628847,9.340996674841027e-05,0.02817817791386005,0.009715266187883173,0.00021437713647582483,0.0009779368953071064,0.0003168134854952972,0.00026384613641574056,0.00019645411501804686,0.0011975631191522005,0.000432168205570888
202,ub0447,ub0447,RichterCaroline_MayerJohann_1802-07-12.xml,JP-UB0447,letters-context,Richter Caroline,Mayer Johann Siegfried Wilhelm,1802-07-12,1802,7,1799,RichterCaroline,MayerJohannSiegfriedWilhelm,0.00012210297761003184,0.0001051651073112418,0.00048584740982598513,9.11364933642548e-05,0.00040637954147156844,7.90899884542261e-05,0.3723523872615538,0.3137395052068317,8.13956331374898e-05,0.00013735633730026892,8.265123671423947e-05,0.0002517836540750135,0.0003693187130984497,0.00018968570560256367,0.0008653005309734965,0.0002803236880970275,0.0002334569879011976,0.0001738270136373788,0.02574053183743022,0.2842127546756099
203,ub1302,ub1302,GoldschmidtCaroline_OsmundEmanuel_1809-07-01.xml,JP-UB1302,letters-context,Goldschmidt Caroline,Osmund Emanuel,1809-07-01,1809,7,1809,GoldschmidtCaroline,OsmundEmanuel,0.002265412157442948,0.0019511589095113566,0.009014068701888277,0.0016908819432192015,0.007539678161871009,0.0014673796240125894,0.4212763929294431,0.4022757286370975,0.00151015692230986,0.0025484121887319,0.0015334525016918964,0.004671415571933458,0.006852077803511918,0.003519294221780605,0.016054173133842917,0.08151958658465505,0.00433139558906164,0.003225063284236941,0.019659638311873676,0.0070946328218841215
204,ub0750,ub0750,MahlmannSiegfried_FalkJohannes_1806-06-16.xml,JP-UB0750,letters-context,Mahlmann Siegfried August,Falk Johannes Daniel,1806-06-16,1806,6,1804,MahlmannSiegfriedAugust,FalkJohannesDaniel,0.0002907221890248864,0.0002503938135252271,0.010950818568957398,0.00021699225825211443,0.0009675730451788543,0.00018831002341974424,0.04426870716325583,0.4825619466951249,0.0001937996689841038,0.05909125451650778,0.00019678920967774652,0.0005994865686826517,0.010673368514421931,0.00045163389655926574,0.021648316693894682,0.000667439220846664,0.0005558515270819763,0.3334110916494137,0.031905044763312074,0.000910460013878469
205,ub0292,ub0292,SchwendlerAuguste_RichterCaroline_1811-08-28.xml,JP-UB0292,letters-context,Schwendler Auguste Sophie Henriette,Richter Caroline,1811-08-28,1811,8,1809,SchwendlerAugusteSophieHenriette,RichterCaroline,7.934605780795849e-05,6.833933821620724e-05,0.00031571774432085823,5.9223137817244066e-05,0.00026407721761345106,5.139496938364758e-05,0.4103682250379335,0.3134725327581485,5.289324419973874e-05,8.925813352827816e-05,5.370917183667846e-05,0.0001636163242074259,0.0002399940159744543,0.0001232632754473291,0.07540800386683287,0.00018216246643652236,0.17657372952805533,0.00011295783725034292,0.014053883533305096,0.008267672341684528
206,ub0194,ub0194,RichterCaroline_BoettigerCarl_1825-12-14.xml,JP-UB0194,letters-context,Richter Caroline,Böttiger Carl August,1825-12-14,1825,12,1824,RichterCaroline,BöttigerCarlAugust,0.00016211423049107288,0.00013962608267197865,0.000645052074254653,0.0001210005094108948,0.0005395438173783385,0.00010500655159085404,0.26498734387156936,0.16532229582689706,0.00010806772029393747,0.21317728935926145,0.00010973476569799554,0.005795697548627816,0.0004903387300768782,0.0002518427707563895,0.08853137881035941,0.00037218141501354737,0.00030995722370702385,0.00023078743128103433,0.25809304515037085,0.000507696110289555
207,ub1276,ub1276,OsmundEmanuel_GoldschmidtCaroline_1806-08-22.xml,JP-UB1276,letters-context,Osmund Emanuel,Goldschmidt Caroline,1806-08-22,1806,8,1804,OsmundEmanuel,GoldschmidtCaroline,0.0075654756415542875,0.00018784271294631767,0.07434159605540028,0.00016278522981287067,0.0007258627648235193,0.0074886471498470065,0.08464155531655282,0.5310024363755012,0.00014538640183458336,0.0002453417078964358,0.00014762912271674563,0.0004497282974001393,0.0006596658414937947,0.00033881083239966665,0.04562984758660815,0.2429642133088479,0.00041699376423256747,0.0003104845196265149,0.001892680179991368,0.0006830171905139468
208,ub0961,ub0961,SchwendlerAuguste_MuellerFriedrich_1811-03-30.xml,JP-UB0961,letters-context,Schwendler Auguste Sophie Henriette,Müller Friedrich Theodor Adam Heinrich von,1811-03-30,1811,3,1809,SchwendlerAugusteSophieHenriette,MüllerFriedrichTheodorAdamHeinrichvon,0.00016666536862399106,0.005758275854586914,0.05119573066379915,0.0001243974353366097,0.0005546907815542316,0.00010795446874595964,0.5307040838381685,0.2373402555605793,0.00011110157562716409,0.0001874855555292351,0.00011281542108008115,0.00034367397373329816,0.0005041043278639424,0.0002589129165049596,0.0011810984038884273,0.0003826299057172976,0.16876055759930556,0.000237266476802946,0.001446350879462551,0.0005219489930899965
209,ub0915,ub0915,FichteJohann_WagnerJohann_1809-12-11.xml,JP-UB0915,letters-context,Fichte Johann Gottlieb,Wagner Johann Ernst,1809-12-11,1809,12,1809,FichteJohannGottlieb,WagnerJohannErnst,0.005814039589050946,0.00014435641872746183,0.15312060073498862,0.00012509983713996145,0.0005578228059742852,0.00010856402643757806,0.2570254443503254,0.4701841408268371,0.00011172890324742068,0.00018854418018616464,0.0001134524258141266,0.00034561450585329014,0.0005069507192546565,0.0002603748509811169,0.09153069788609487,0.00038479039990324987,0.0003204581401754986,0.00023860618610426997,0.018393817069713943,0.000524896143190093
210,ub0858,ub0858,OsmundEmanuel_GoldschmidtCaroline_1805-08-02.xml,JP-UB0858,letters-context,Osmund Emanuel,Goldschmidt Caroline,1805-08-02,1805,8,1804,OsmundEmanuel,GoldschmidtCaroline,0.00019015395727690256,0.00016377619706007694,0.0007566220694977861,0.00014192909300624138,0.0006328648119785335,0.000123168775896584,0.02895503050131779,0.4501580431004344,0.00012675941282599021,0.0002139083878701518,0.00012871479502520668,0.00039210885055491833,0.006981177691663188,0.00029540219464906466,0.03337769678425253,0.4744826724775916,0.0003635682845109538,0.0002707050652797349,0.0016501889121381794,0.0005955086371702933
211,ub0568,ub0568,SchwendlerFriedrich_RichterCaroline_1808-06-17.xml,JP-UB0568,letters-context,Schwendler Friedrich Christian August,Richter Caroline,1808-06-17,1808,6,1804,SchwendlerFriedrichChristianAugust,RichterCaroline,0.004971844038373957,0.00012344559902941808,0.0005703006070764379,0.00010697843899397982,0.0004770191103574854,9.283793124526236e-05,0.36947790361602817,0.2330773158597074,9.554435827559029e-05,0.00016123252067186319,9.7018219137222e-05,0.014781099297988988,0.04871867929319953,0.17887776184807688,0.005844229086207629,0.00998608403187575,0.11615842962390488,0.00020404277021706852,0.0012438227436425099,0.014934411005990003
212,ub0589,ub0589,RichterCaroline+RichterJohann_OsmundEmanuel_1801-11-27.xml,JP-UB0589,letters-context,Richter Caroline + Jean Paul,Osmund Emanuel,1801-11-27,1801,11,1799,RichterCarolineANDJeanPaul,OsmundEmanuel,0.00016036261901587948,0.00013811745108606734,0.0006380824170448008,0.00011969312337731621,0.0005337141555465131,0.00010387197703697393,0.20810022038871606,0.5741183369031456,0.00010690007043129771,0.00018039545323987225,0.11355892563033665,0.03814746950202241,0.00048504071926232646,0.016456318307205613,0.0011364330510097286,0.000368160070092644,0.000306608198589243,0.0002282938197594688,0.04461084558658951,0.000502210556492085
213,ub0621,ub0621,SchwendlerAuguste_RichterCaroline_1809-08-08.xml,JP-UB0621,letters-context,Schwendler Auguste Sophie Henriette,Richter Caroline,1809-08-08,1809,8,1809,SchwendlerAugusteSophieHenriette,RichterCaroline,0.00017049449072305256,0.00014684385068912704,0.0006783971065140508,0.00012725545540788577,0.006311162635402023,0.00011043471311454343,0.2959166642770812,0.484029697987381,0.00011365412449791546,0.00019179301958045892,0.0001154073453984874,0.00035156985287459336,0.0005156860801979334,0.0002648614178553409,0.006951961917440352,0.006135148676165157,0.18412527224414252,0.00024271765311625868,0.0072233085451736045,0.006277668607244525
214,ub0009,ub0009,Uthe-SpazierWilhelmine_FalkJohannes_1805-01-21.xml,JP-UB0009,letters-context,Uthe-Spazier Wilhelmine,Falk Johannes Daniel,1805-01-21,1805,1,1804,UtheSpazierWilhelmine,FalkJohannesDaniel,0.0002720695749553307,0.000234328651162644,0.0010825640854285274,0.00020307012570752362,0.0009054939632334404,0.00017622813106725916,0.42638593626044896,0.07580913770751853,0.0001813655632679464,0.00030605707606949363,0.00018416329628089304,0.0005610237611376711,0.0008229151103641025,0.0004226572546266181,0.1852411515348163,0.000624616599556233,0.0005201883255581813,0.000387320953524319,0.304827666745139,0.0008520452801369599
215,ub1138,ub1138,SchwendlerAuguste_MuellerFriedrich_1819-05-17.xml,JP-UB1138,letters-context,Schwendler Auguste Sophie Henriette,Müller Friedrich Theodor Adam Heinrich von,1819-05-17,1819,5,1819,SchwendlerAugusteSophieHenriette,MüllerFriedrichTheodorAdamHeinrichvon,0.00032228710324305927,0.00027758010869999414,0.0012823794914408012,0.00024055200799364283,0.0010726264649860108,0.000208755623927924,0.4833717396666388,0.2526629123660248,0.0002148413030867897,0.00036254788316434315,0.00021815543061662505,0.09838130925589976,0.000974805533392453,0.0005006696624591026,0.12171549819573718,0.0007399058661430975,0.0006162026335084661,0.00045881112637158035,0.0353691078417402,0.0010093124349253202
216,ub0904,ub0904,WagnerJohann_BoeckhPhilipp_1809-08-04.xml,JP-UB0904,letters-context,Wagner Johann Ernst,Böckh Philipp August,1809-08-04,1809,8,1809,WagnerJohannErnst,BöckhPhilippAugust,0.000722176650289051,0.0006219978121080758,0.002873538891904261,0.000539025737006109,0.0024035271026988125,0.00046777682290181975,0.012650327254075664,0.12823897728510475,0.0004814135317414192,0.0008123924699386812,0.0004888397845887823,0.0014891715129024931,0.5860839486005517,0.001121893914145791,0.02944696071516693,0.05031627265929423,0.0013807786575649127,0.0010280978637500294,0.1765712288672183,0.002261653867048281
217,ub0025,ub0025,OsmundEmanuel_GoldschmidtCaroline_1802-10-12.xml,JP-UB0025,letters-context,Osmund Emanuel,Goldschmidt Caroline,1802-10-12,1802,10,1799,OsmundEmanuel,GoldschmidtCaroline,0.00011239402708066003,9.68029621425802e-05,0.00044721552255220284,8.388982565136788e-05,0.00037406649766605777,7.280119189659343e-05,0.0019687997713644,0.6030640613823793,7.492350452189853e-05,0.00012643452433676222,7.607926947677529e-05,0.00023176321649546406,0.00033995254050193875,0.0001746029519476441,0.012155703105119028,0.31074301063877485,0.0002148937850159417,0.03802402680790961,0.031266592038221734,0.0003519864369449802
218,ub0142,ub0142,RichterCaroline_WeldenJosephine_1820-01-31.xml,JP-UB0142,letters-context,Richter Caroline,Welden Josephine von,1820-01-31,1820,1,1819,RichterCaroline,WeldenJosephinevon,0.00034078745729629973,0.0002935141322380503,0.001355992348994015,0.00025436049511993043,0.0011341987996200506,0.0002207388926172673,0.4422348886809317,0.3819732726690404,0.01170784059951526,0.0003833593401922553,0.00023067827954366044,0.0007027241508805378,0.01251142930994122,0.01201007645950933,0.0024150399402165647,0.0007823789292969568,0.0006515747187508851,0.0004851484144480403,0.1292447460486677,0.001067250333179891
219,ub1135,ub1135,Uthe-SpazierWilhelmine_EnslinTheodor_1818-09-29.xml,JP-UB1135,letters-context,Uthe-Spazier Wilhelmine,Enslin Theodor Christian Friedrich,1818-09-29,1818,9,1814,UtheSpazierWilhelmine,EnslinTheodorChristianFriedrich,0.0003849864708094872,0.00033158195081337314,0.014501531539365984,0.013257021653588266,0.001281300657384321,0.0002493680017255696,0.006743786083615917,0.392604936801177,0.0002566376197719473,0.0004330797870420113,0.00026059649447926573,0.0007938651643651012,0.1308611635254854,0.0005980724777750107,0.0027282626855587204,0.0008838509058267832,0.0007360818189458384,0.3118201850813866,0.12006802208606925,0.0012056691948141044
220,ub0205,ub0205,RichterCaroline_RichterOdilie_1822-06-20.xml,JP-UB0205,letters-context,Richter Caroline,Richter Odilie Minna,1822-06-20,1822,6,1819,RichterCaroline,RichterOdilieMinna,0.00041168346734934047,0.00035457559569374865,0.0016380873766949364,0.00030727659820127117,0.3897037488228275,0.00026666049687538513,0.1459020058537796,0.4336992950367161,0.00027443422865703807,0.00046311182830265725,0.00027866763265921914,0.0008489159704404477,0.001245198203527466,0.0006395459841976352,0.0029174548390466684,0.000945141798789826,0.0007871256224647688,0.0005860766796512403,0.017441717295379522,0.0012892766687455405
221,ub0796,ub0796,Uthe-SpazierWilhelmine_FalkJohannes_1809-02-14.xml,JP-UB0796,letters-context,Uthe-Spazier Wilhelmine,Falk Johannes Daniel,1809-02-14,1809,2,1809,UtheSpazierWilhelmine,FalkJohannesDaniel,0.00018088397397045332,0.00015579212649703396,0.0007197368315885799,0.00013501006622547633,0.0006020127259830937,0.00011716431239349492,0.021449740666024647,0.3977442135169556,0.00012057990619010613,0.00020348037883440904,0.00012243996373447952,0.0003729935896841597,0.0005471106257560484,0.00028100137200882014,0.0926878925991137,0.0004152729416885099,0.0003458443729161867,0.0002575082248245023,0.4646936377496614,0.018847684055949436
222,ub0845,ub0845,SpazierJohann_BodeAugust_1803-12-03.xml,JP-UB0845,letters-context,Spazier Johann Karl Gottlieb,Bode August Theodor Heinrich,1803-12-03,1803,12,1799,SpazierJohannKarlGottlieb,BodeAugustTheodorHeinrich,0.00020456919453062307,0.00017619178267786766,0.0008139802586167691,0.0001526884880679546,0.0006808411809421151,0.00013250598429458802,0.010475085314368962,0.5463086585310157,0.00013636882109808885,0.01401344117534598,0.00013847243738471034,0.00042183393327724036,0.0006187501168475102,0.014101112884369212,0.0014497093855770588,0.00046964940744533554,0.00039112975708931164,0.15879936957926846,0.2498749886675973,0.0006406531001853277
223,ub0315,ub0315,RichterCaroline_FoersterLuise_1824-06-18.xml,JP-UB0315,letters-context,Richter Caroline,Förster Luise,1824-06-18,1824,6,1824,RichterCaroline,FörsterLuise,0.0010199512112722374,0.0008784657072675946,0.00405838304556448,0.0007612818181621381,0.0721161143275344,0.0006606548923076187,0.22403105532783624,0.043672574026363854,0.0006799144151586403,0.0011473656527260403,0.0006904027293181336,0.00210320049501611,0.003084994945604991,0.0015844835971835346,0.0072280327798362985,0.0023416012518221625,0.20811474214199474,0.0014520126911033973,0.4211805690203337,0.003194199923593691
224,ub0697,ub0697,EhrenbergCaroline_RichterCaroline_1811-03-02.xml,JP-UB0697,letters-context,Ehrenberg Caroline Auguste Eleonore von,Richter Caroline,1811-03-02,1811,3,1809,EhrenbergCarolineAugusteEleonorevon,RichterCaroline,0.00048579638221994524,0.14771079191673184,0.00193298245975783,0.00036259376823689785,0.0016168132417343154,0.01668048625898639,0.1885336926878496,0.5608730492224749,0.01668965944925363,0.0005464830837177792,0.00032883450156323644,0.001001741240434012,0.0014693637962078028,0.0007546796265269144,0.003442666802299061,0.0174811104958451,0.000928827145301733,0.0006915845625553183,0.03694746591414778,0.0015213774441558705
225,ub1030,ub1030,MahlmannSiegfried_TieckLudwig_1802-09-01.xml,JP-UB1030,letters-context,Mahlmann Siegfried August,Tieck Ludwig,1802-09-01,1802,9,1799,MahlmannSiegfriedAugust,TieckLudwig,0.00018774851258865206,0.00016170443064026825,0.007072043261802576,0.00014013369212282498,0.000624859081663189,0.0001216106927413262,0.12346363655357916,0.36223864880177975,0.0001251559081677936,0.00021120244999358576,0.000127086554811716,0.0003871486795161961,0.0005678734492195728,0.00029166536134729235,0.09620539392452136,0.0004310325310138717,0.00035896915120172844,0.1710420768018855,0.2166790573493244,0.0195629528120793
226,ub0559,ub0559,RichterCaroline+RichterJohann_OsmundEmanuel_1807-01-05.xml,JP-UB0559,letters-context,Richter Caroline + Jean Paul,Osmund Emanuel,1807-01-05,1807,1,1804,RichterCarolineANDJeanPaul,OsmundEmanuel,0.0017355827593110436,0.0014948263400538983,0.006905878993737396,0.0012954223535173678,0.005776315530710157,0.001124192243973472,0.14734095726356333,0.6590089628523981,0.0011569648858835645,0.0019523953925335968,0.0011748121486038553,0.003578875615012245,0.005249529566688867,0.0026962097630656946,0.012299459952374706,0.00398454623802487,0.0033183787256693066,0.11940964579491685,0.015061687206133975,0.0054353563738277245
227,ub0830,ub0830,SpazierJohann_BodeAugust_1803-06-12.xml,JP-UB0830,letters-context,Spazier Johann Karl Gottlieb,Bode August Theodor Heinrich,1803-06-12,1803,6,1799,SpazierJohannKarlGottlieb,BodeAugustTheodorHeinrich,0.00031882548270221995,0.00027459867693826567,0.02275020088692476,0.0002379682875666329,0.00106110560123912,0.00020651342202616303,0.1022520261060486,0.3680978846237275,0.0002125337361370038,0.000358653829735674,0.0002158122672938636,0.000657437243695846,0.000964335344471582,0.0004952920709566698,0.023740998383273287,0.000731958687001409,0.0006095841257493657,0.311937013152386,0.16387878645776638,0.0009984716143597297
228,ub0269,ub0269,RichterCaroline_WeldenJosephine_1823-10-11.xml,JP-UB0269,letters-context,Richter Caroline,Welden Josephine von,1823-10-11,1823,10,1819,RichterCaroline,WeldenJosephinevon,0.00024112820532479947,0.11393362481906152,0.0009594484613405289,0.00017997578367583364,0.0008025158061968795,0.0001561864202528654,0.3697715107320679,0.22153002634279267,0.00016073959311952254,0.00027125044574245104,0.00016321915130055228,0.0004972208035018477,0.008852610126819293,0.00037459015875757485,0.18854427189283587,0.04116999056313899,0.00046102941644008045,0.00034327251190561413,0.01833911587909697,0.033248272886628245
229,ub0456,ub0456,SchwendlerAuguste_OsmundEmanuel_1819-09-17.xml,JP-UB0456,letters-context,Schwendler Auguste Sophie Henriette,Osmund Emanuel,1819-09-17,1819,9,1819,SchwendlerAugusteSophieHenriette,OsmundEmanuel,0.0002513365952953062,0.00021647170718383377,0.0010000676167677164,0.00018759522820550068,0.017770868293200796,0.00016279871964725202,0.4785652110846047,0.3494493494885633,0.00016754465538112892,0.00028273408916808365,0.00017012918799612175,0.0005182711151265637,0.000760205113305788,0.00039044878638913084,0.0017811333811750649,0.0005770178805298988,0.1444227539315591,0.0003578052774233092,0.0021811424211746018,0.0007871154273028098
230,ub1080,ub1080,WagnerJohann_MuellerFriedrich_1809-09-15.xml,JP-UB1080,letters-context,Wagner Johann Ernst,Müller Friedrich Theodor Adam Heinrich von,1809-09-15,1809,9,1809,WagnerJohannErnst,MüllerFriedrichTheodorAdamHeinrichvon,0.00035294353867964813,0.00030398394737431113,0.0014043613631600418,0.00026343367787119075,0.0011746563124125171,0.0002286127737877021,0.006182491866390314,0.25291621260733405,0.00023527733192851968,0.00039703398472118245,0.20237211230642013,0.0007277907188696321,0.2507614903677226,0.012438482680854191,0.002501185781058895,0.0008102868282924343,0.0006748167575609622,0.04806320819216702,0.21708629920709246,0.0011053197563020583
231,ub0605,ub0605,MerzdorfErnestine_RichterCaroline_1801-02-20.xml,JP-UB0605,letters-context,Merzdorf Ernestine Amalie,Richter Caroline,1801-02-20,1801,2,1799,MerzdorfErnestineAmalie,RichterCaroline,0.00034474536391211434,0.0002969230063058833,0.001371740848459508,0.0002573146387214121,0.14051540965624704,0.16281934720099653,0.3428449773872512,0.3399534987198858,0.0002298123085618793,0.00038781167679178587,0.00023335737781791645,0.0007108855914098606,0.0010427339008333757,0.0005355583367977537,0.002443088221783833,0.0007914654806768279,0.0006591421096123379,0.0004907829296805844,0.0029917598623014022,0.001079645381952917
232,ub0490,ub0490,MahlmannErnestine_MayerJohann_1802-07-19.xml,JP-UB0490,letters-context,Mahlmann Ernestine,Mayer Johann Siegfried Wilhelm,1802-07-19,1802,7,1799,MahlmannErnestine,MayerJohannSiegfriedWilhelm,0.00014332772152018478,0.00012344559902941808,0.0005703006070764379,0.00010697843899397982,0.0004770191103574854,9.283793124526236e-05,0.21496538147670752,0.5855590069900328,9.554435827559029e-05,0.00016123252067186319,9.7018219137222e-05,0.0002955503474276712,0.00043351612466180063,0.0002226581244872961,0.0010157127693538556,0.00032905139816820405,0.00027403801941431835,0.00020404277021706852,0.0012438227436425099,0.1935895147295796
233,ub0728,ub0728,RichterCaroline_OsmundEmanuel_1808-06-24.xml,JP-UB0728,letters-context,Richter Caroline,Osmund Emanuel,1808-06-24,1808,6,1804,RichterCaroline,OsmundEmanuel,0.0008967052720222975,0.0007723161875704611,0.003567987794537986,0.0006692922291736003,0.0029843881321500263,0.0005808245711876928,0.8011358931959641,0.09881295878013707,0.0005977568670527107,0.0010087235726240367,0.0006069778243862604,0.03205784298613719,0.002712219174126525,0.0013930223125624556,0.00635463248476816,0.002058653555461588,0.001714471800270416,0.00127655854590497,0.0077817633592145285,0.033017011354748216
234,ub0755,ub0755,OsmundEmanuel_SchwendlerAuguste_1809-01-12.xml,JP-UB0755,letters-context,Osmund Emanuel,Schwendler Auguste Sophie Henriette,1809-01-12,1809,1,1809,OsmundEmanuel,SchwendlerAugusteSophieHenriette,0.0001454344189144667,0.00012526005975657217,0.0005786831501751652,0.00010855085775765372,0.00048403055870923565,9.420250626097125e-05,0.32101429237668905,0.3785883491116357,9.694871361231542e-05,0.00016360239111681469,9.844423796516717e-05,0.00029989448365059514,0.00043988814593247714,0.00022593085697545634,0.0010306421872071589,0.2943031734344853,0.000278065957452481,0.00020704188558553422,0.0012621050278035072,0.0004554596383144932
235,ub0199,ub0199,EndeHenriette_RichterCaroline_1816-12-17.xml,JP-UB0199,letters-context,Ende Henriette Freifrau von,Richter Caroline,1816-12-17,1816,12,1814,EndeHenrietteFreifrauvon,RichterCaroline,0.00012900136231499542,0.00011110656248270122,0.0005132960634664707,9.628538165669175e-05,0.00042933854270289676,8.355829199069573e-05,0.037026755345964425,0.4053446456970808,8.599419741230852e-05,0.00014511648267025488,8.732073813308926e-05,0.00026600853656541556,0.009081945366390363,0.40436731003791976,0.07044827859692539,0.00029616098117749235,0.013284288664739371,0.0001836476227302652,0.04457830340833028,0.013441638119346332
236,ub0478,ub0478,MayerJohann+MayerJulie_RichterCaroline_1811-11-09.xml,JP-UB0478,letters-context,Mayer Johann Siegfried Wilhelm + Mayer Julie Henriette,Richter Caroline,1811-11-09,1811,11,1809,MayerJohannSiegfriedWilhelmANDMayerJulieHenriette,RichterCaroline,0.00019015395727690256,0.00016377619706007694,0.2505917380666838,0.00014192909300624138,0.03266300788854084,0.000123168775896584,0.07379723080850502,0.3732856997166849,0.00012675941282599021,0.0002139083878701518,0.00012871479502520668,0.00039210885055491833,0.0005751490763507264,0.00029540219464906466,0.14228018324456435,0.00043655494446948257,0.0003635682845109538,0.006676733680592196,0.07211650368057525,0.045437708944357516
237,ub1144,ub1144,TruchsessChristian_MosengeilFriedrich_1824-08-14.xml,JP-UB1144,letters-context,Truchsess von Wetzhausen Christian Freiherr,Mosengeil Friedrich,1824-08-14,1824,8,1824,TruchsessvonWetzhausenChristianFreiherr,MosengeilFriedrich,6.93375141471958e-05,5.971915885027114e-05,0.0002758937768067988,0.3013811371472191,0.00023076707675309639,4.4912116810621525e-05,0.07362706898417289,0.456130934069085,4.622140241506258e-05,7.799930163195232e-05,4.6934410668179884e-05,0.00014297810764464573,0.0002097216791557097,0.00010771510697916016,0.05421676448896828,0.0001591848787774757,0.007140231209168624,9.870957492732193e-05,0.10571662443047833,0.00021714556534021718
238,ub0921,ub0921,WagnerJohann_BoeckhPhilipp_1810-01-23.xml,JP-UB0921,letters-context,Wagner Johann Ernst,Böckh Philipp August,1810-01-23,1810,1,1809,WagnerJohannErnst,BöckhPhilippAugust,0.0003487962850793417,0.0003004119921406221,0.0013878594525675288,0.000260338207493463,0.001160853544867884,0.00022592646551099037,0.006109844661266026,0.2851957470910308,0.00023251271193983452,0.0003923686475152972,0.00023609943743723658,0.0007192388335159768,0.5180758083072183,0.0005418514006933778,0.01422226888700511,0.0008007655746140468,0.0006668873413211539,0.0004965498613538516,0.1675335395713258,0.0010923317261033409
239,ub0352,ub0352,MahlmannErnestine_RichterCaroline_1802-03-11.xml,JP-UB0352,letters-context,Mahlmann Ernestine,Richter Caroline,1802-03-11,1802,3,1799,MahlmannErnestine,RichterCaroline,0.00017450369774009056,0.00602908953149042,0.00657314235275083,0.00013024788913764426,0.1534293862661881,0.00011303160422149778,0.014814356580300959,0.4660177757449195,0.00011632672061242876,0.000196303065134775,0.00011812116880138508,0.00035983707790424794,0.0005278125262933486,0.0002710896792525562,0.1129337056942757,0.12385527019560676,0.0003336454888277473,0.00024842520011033367,0.00151437325450175,0.11224355626193004
240,ub1097,ub1097,WagnerJohann_HaugFriedrich_1811-04-16.xml,JP-UB1097,letters-context,Wagner Johann Ernst,Haug Friedrich,1811-04-16,1811,4,1809,WagnerJohannErnst,HaugFriedrich,0.00017450369774009056,0.00015029690887355862,0.00657314235275083,0.00013024788913764426,0.0005807780781497086,0.17059801766011048,0.3616631213146958,0.09565384052005718,0.00011632672061242876,0.000196303065134775,0.00011812116880138508,0.00035983707790424794,0.2650734805440521,0.0002710896792525562,0.001236645864555338,0.047430966101587584,0.0003336454888277473,0.00024842520011033367,0.04854471423543665,0.0005464964322096747
241,ub1034,ub1034,WagnerJohann_HeimJohanna_1805-02-05.xml,JP-UB1034,letters-context,Wagner Johann Ernst,Heim Johanna,1805-02-05,1805,2,1804,WagnerJohannErnst,HeimJohanna,0.0006045174759877164,0.0005206600729820862,0.0024053733631393755,0.0004512060558824909,0.002011937296795739,0.32623753173503456,0.3975313834264997,0.2499035108834805,0.00040298020297135516,0.0006800350651633413,0.0004091965485504288,0.001246551247443832,0.0018284534959527765,0.0009391116107588668,0.00428400112096818,0.001387849597977865,0.0011558180794612484,0.0008605970927110071,0.005246107156297711,0.0018931784719412638
242,ub0859,ub0859,Uthe-SpazierWilhelmine_WilmansFriedrich_oD.xml,JP-UB0859,letters-context,Uthe-Spazier Wilhelmine,Wilmans Friedrich,0000-00-00,0,0,0,UtheSpazierWilhelmine,WilmansFriedrich,0.00025566614219044354,0.00022020066836683091,0.05269556587793894,0.00019082676055305007,0.0008509005404027198,0.00016560310509837565,0.056156760258245085,0.31240376971209805,0.00017043079474993007,0.00028760449212897717,0.00017305984875722348,0.0005271989001739386,0.0007733004752609919,0.03484935536316367,0.044877041184084594,0.0005869576426650215,0.0004888254867520645,0.00036396886345466963,0.4931622895351575,0.000800674348757879
243,ub0532,ub0532,RichterOdilie_RichterCaroline_1822-07-29.xml,JP-UB0532,letters-context,Richter Odilie Minna,Richter Caroline,1822-07-29,1822,7,1819,RichterOdilieMinna,RichterCaroline,0.0002264143826276837,0.0001950066518598367,0.0009009022015690133,0.00016899352729809618,0.16856059407537582,0.0001466558085510849,0.019221274062346784,0.8029643615684623,0.00015093114341791503,0.0002546985414980181,0.00015325939711179981,0.0004668800197093047,0.0006848241546254158,0.00035173238825072275,0.001604518492034504,0.0005198015316146498,0.00043289705804377965,0.00032232576753711816,0.00196486315147646,0.0007090660765898398
244,ub0406,ub0406,RichterOdilie_RichterMax_1820-12-18.xml,JP-UB0406,letters-context,Richter Odilie Minna,Richter Max,1820-12-18,1820,12,1819,RichterOdilieMinna,RichterMax,0.0005198258910459422,0.00044771672800317507,0.002068385781154006,0.0003879930677954578,0.10680343971673356,0.0003367077898160412,0.11417913099244455,0.5651371401906201,0.12293212242659113,0.0005847636300562505,0.00035186900116593664,0.0010719121260773738,0.019084519544520017,0.0008075441145133043,0.03870827869311772,0.018705643295344757,0.0009938904777918476,0.0007400293098542893,0.004511138941995392,0.0016279482813592965
245,ub1125,ub1125,SchwendlerAuguste_MuellerFriedrich_1815-06-24.xml,JP-UB1125,letters-context,Schwendler Auguste Sophie Henriette,Müller Friedrich Theodor Adam Heinrich von,1815-06-24,1815,6,1814,SchwendlerAugusteSophieHenriette,MüllerFriedrichTheodorAdamHeinrichvon,0.00012160276663409504,0.00010473428455824829,0.053740074196488435,9.076314068128593e-05,0.00040471475400267115,7.876598586980209e-05,0.13322233550628754,0.3616138149212241,8.10621851750762e-05,0.00013679363892159788,8.23126450059254e-05,0.0002507521890788687,0.0003678057502082186,0.00018890863305463817,0.058214604924323815,0.0002791753050817578,0.38941254881984577,0.00017311490831580808,0.0010552898296652207,0.0003808256155771483
246,ub0641,ub0641,MayerJohann_RichterCaroline_1817-01-17.xml,JP-UB0641,letters-context,Mayer Johann Siegfried Wilhelm,Richter Caroline,1817-01-17,1817,1,1814,MayerJohannSiegfriedWilhelm,RichterCaroline,0.0007591138403645201,0.0006538111522419146,0.5400643163691182,0.000566595302008516,0.0025264603731228754,0.0004917022176283149,0.013297353908999571,0.31381262147529754,0.000506036403610398,0.0008539439311580303,0.0005138424872275066,0.0015653382114589162,0.002296053315866172,0.0011792754547075483,0.0053795707688195004,0.0017427715161550431,0.0014514013836059894,0.0010806820150021075,0.10888177913063322,0.0023773307429742004
247,ub1153,ub1153,RichterCaroline_ViewegEduard_1826-02-01.xml,JP-UB1153,letters-context,Richter Caroline,Vieweg Eduard,1826-02-01,1826,2,1824,RichterCaroline,ViewegEduard,0.00014615048145792732,0.0001258767915979946,0.0005815323610529282,0.00010908531998386504,0.0004864137370212816,9.466632278210208e-05,0.07641427865321881,0.2475148667851591,9.742605139090066e-05,0.19218524728751435,9.892893912430496e-05,0.00030137104750896864,0.0004420539841636583,0.00022704325268824307,0.07488988566169978,0.00033553188285292415,0.00027943504613334093,0.00020806127934597856,0.40500444297078253,0.000457702144520998
248,ub1118,ub1118,MuellerFriedrich_WagnerJohann_1812-02-02.xml,JP-UB1118,letters-context,Müller Friedrich Theodor Adam Heinrich von,Wagner Johann Ernst,1812-02-02,1812,2,1809,MüllerFriedrichTheodorAdamHeinrichvon,WagnerJohannErnst,0.00018656846843438549,0.00016068807974904106,0.013312832149030092,0.00013925291846488588,0.0006209316933904917,0.00012084634054973189,0.2483924054655383,0.3411061774545342,0.00012436927345218918,0.00020987499225213484,0.00012628778552175625,0.0003847153577827981,0.0005643042292301556,0.06314221582357353,0.0013221446189033985,0.025569276848231477,0.19519910225501053,0.00026560072769416497,0.10846812562268532,0.0005842798959714586
249,ub1158,ub1158,SpazierRichard_BoerneCarl_1826-06-27.xml,JP-UB1158,letters-context,Spazier Richard Otto,Börne Carl Ludwig,1826-06-27,1826,6,1824,SpazierRichardOtto,BörneCarlLudwig,0.0003487962850793417,0.0003004119921406221,0.0013878594525675288,0.047262231097457565,0.001160853544867884,0.00022592646551099037,0.07661268399621217,0.2734452738685398,0.00023251271193983452,0.0003923686475152972,0.00023609943743723658,0.0007192388335159768,0.0010549865176133018,0.0005418514006933778,0.13172700111191535,0.0008007655746140468,0.09467067312124933,0.0004965498613538516,0.3672915843536732,0.0010923317261033409
250,ub1083,ub1083,WagnerJohann_MuellerFriedrich_1810-01-29.xml,JP-UB1083,letters-context,Wagner Johann Ernst,Müller Friedrich Theodor Adam Heinrich von,1810-01-29,1810,1,1809,WagnerJohannErnst,MüllerFriedrichTheodorAdamHeinrichvon,0.00033691939798679665,0.00029018264204565465,0.0013406013517115627,0.00025147341268760083,0.08057382440402545,0.00021823342737705093,0.005901797906472355,0.4570902388164626,0.00022459540506065522,0.06848115021685577,0.00022805999871323306,0.0006947479808788857,0.3074787027359169,0.0005234007801384348,0.04778905646936405,0.0007734986491216366,0.0006441791130654627,0.023180355854082273,0.002923844777168966,0.0010551366608646643
251,ub0588,ub0588,MahlmannErnestine_MayerJohann_1802-10-26.xml,JP-UB0588,letters-context,Mahlmann Ernestine,Mayer Johann Siegfried Wilhelm,1802-10-26,1802,10,1799,MahlmannErnestine,MayerJohannSiegfriedWilhelm,0.01352194290708632,0.00017032275158295184,0.0007868661936140684,0.00014760236276354746,0.10058957210552563,0.0001280921476770813,0.2366373514448488,0.5014624843214084,0.00013182631157104135,0.00022245885459993263,0.00013385985541041078,0.0004077824466887812,0.0005981392596294965,0.0003072101777880162,0.048036076914569965,0.000454005164938039,0.0003781010410412936,0.0002815258408337192,0.09498546725412514,0.0006193126442974597
252,ub1114,ub1114,WagnerJohann_VossHeinrich_1811-11-14.xml,JP-UB1114,letters-context,Wagner Johann Ernst,Voß Heinrich,1811-11-14,1811,11,1809,WagnerJohannErnst,VoßHeinrich,0.00018774851258865206,0.00016170443064026825,0.000747050811743543,0.00014013369212282498,0.000624859081663189,0.0001216106927413262,0.3005634251552321,0.22941380735054004,0.0001251559081677936,0.00021120244999358576,0.000127086554811716,0.0003871486795161961,0.3990423978029387,0.00029166536134729235,0.026630476973871983,0.019406009881190976,0.00035896915120172844,0.00026728065029156084,0.020604291397494392,0.0005879754619021992
253,ub0391,ub0391,RichterCaroline+OttoAmoene+OttoGeorg_ThieriotPaul_1805-02-10.xml,JP-UB0391,letters-context,Richter Caroline + Otto Amöne + Otto Georg Christian,Thieriot Paul Emile,1805-02-10,1805,2,1804,RichterCarolineANDOttoAmöneANDOttoGeorgChristian,ThieriotPaulEmile,0.0005808586691798134,0.0005002831664929143,0.00231123503635832,0.0004335473490117955,0.021501536582385992,0.00037624066454538445,0.1080165673826314,0.5727848943598667,0.0003872088958574768,0.0006534207506590137,0.21564492009613898,0.0011977653705901685,0.001756893897204534,0.0009023579004815908,0.06282135903465039,0.0013335337728425608,0.0011105831975376514,0.0008269161799753982,0.005040791941048371,0.0018190857525416184
254,ub0664,ub0664,SpazierRichard_AbekenMinona_1823-10-27.xml,JP-UB0664,letters-context,Spazier Richard Otto,Abeken Minona Laura,1823-10-27,1823,10,1819,SpazierRichardOtto,AbekenMinonaLaura,0.00012160276663409504,0.00010473428455824829,0.004580489158257025,9.076314068128593e-05,0.00040471475400267115,7.876598586980209e-05,0.26431456227490463,0.3780003432673013,0.06562717556948362,0.00013679363892159788,8.23126450059254e-05,0.04531370514079099,0.0003678057502082186,0.004285540719573922,0.17701693543338307,0.057632024516351736,0.00023250060051373942,0.00017311490831580808,0.0010552898296652207,0.0003808256155771483
255,ub0808,ub0808,RichterCaroline_OsmundEmanuel_1807-06-27.xml,JP-UB0808,letters-context,Richter Caroline,Osmund Emanuel,1807-06-27,1807,6,1804,RichterCaroline,OsmundEmanuel,0.0017355827593110436,0.0014948263400538983,0.006905878993737396,0.0012954223535173678,0.005776315530710157,0.001124192243973472,0.0304021043508241,0.7174783893087677,0.0011569648858835645,0.0019523953925335968,0.0011748121486038553,0.003578875615012245,0.005249529566688867,0.0026962097630656946,0.012299459952374706,0.00398454623802487,0.0033183787256693066,0.11940964579491685,0.015061687206133975,0.06390478283019732
256,ub0485,ub0485,MahlmannErnestine_MayerJohann_1802-09-22.xml,JP-UB0485,letters-context,Mahlmann Ernestine,Mayer Johann Siegfried Wilhelm,1802-09-22,1802,9,1799,MahlmannErnestine,MayerJohannSiegfriedWilhelm,0.00026014746593922624,0.0002240603522350024,0.0010351260466639311,0.00019417157769091202,0.0008658151503971801,0.00016850580125278745,0.1973653156983664,0.519451934517548,0.00017341811079222343,0.0002926456322259483,0.00017609324693639567,0.0005364396581853054,0.0007868549090043173,0.00040413638228382404,0.0018435728989964254,0.0005972458536931557,0.009261408514126244,0.00037034852052479465,0.011021619559405477,0.25497114010373245
257,ub0035,ub0035,MayerJohann_RichterCaroline_1809-04-15.xml,JP-UB0035,letters-context,Mayer Johann Siegfried Wilhelm,Richter Caroline,1809-04-15,1809,4,1809,MayerJohannSiegfriedWilhelm,RichterCaroline,0.0006730522792510659,0.0005796878713275447,0.4788366378616653,0.0005023597768243264,0.0022400328147769146,0.00043595740281671813,0.1024866879121387,0.2555611261492123,0.0004486665065551205,0.0007571313795866741,0.00045558760598863435,0.0013878741171617982,0.0020357472560158085,0.0010455797147297665,0.004769682984053785,0.0015451916152638369,0.0012868544313130658,0.0009581639204385117,0.0058408640262589346,0.13815311437462127
258,ub0809,ub0809,Uthe-SpazierWilhelmine_WilmansFriedrich_1806-12-05.xml,JP-UB0809,letters-context,Uthe-Spazier Wilhelmine,Wilmans Friedrich,1806-12-05,1806,12,1804,UtheSpazierWilhelmine,WilmansFriedrich,0.0002745863384762263,0.00023649629449888862,0.001092578280509641,0.00020494861390175963,0.0009138701816159311,0.00017785831897672506,0.04181167681010469,0.3725245141116952,0.00018304327469030745,0.0003088882389604202,0.00018586688796711436,0.0005662134782775563,0.02858185010578812,0.0004265670205769668,0.0019458960717598907,0.0006303945784888907,0.0005250002969150507,0.018891785621669203,0.5296580384004915,0.0008599270746358563
259,ub0881,ub0881,WagnerJohann_TruchsessChristian_1808-06-07.xml,JP-UB0881,letters-context,Wagner Johann Ernst,Truchsess von Wetzhausen Christian Freiherr,1808-06-07,1808,6,1804,WagnerJohannErnst,TruchsessvonWetzhausenChristianFreiherr,0.0005589819708497492,0.019312784728273674,0.002224187714276201,0.00041721879084544747,0.07718576164753321,0.00036207043010714416,0.028622998918679823,0.5135495889445636,0.0003726255683548464,0.0006288111693559477,0.0003783736653765185,0.0011526543081701167,0.24649819096412076,0.0008683726771871531,0.07928668141376034,0.0012833093075649358,0.0010687556500254905,0.019627115864759664,0.004850942171233201,0.0017505740949622227
260,ub1014,ub1014,RichterMax_RichterCaroline_1821-05-24.xml,JP-UB1014,letters-context,Richter Max,Richter Caroline,1821-05-24,1821,5,1819,RichterMax,RichterCaroline,0.00015292706211118557,0.0001317133391216697,0.0006084963567089351,0.00011414329489837087,0.17567373961995555,9.905572995394892e-05,0.363312169303629,0.3774852411846629,0.00010194341930096793,0.0104758411643097,0.015559231191622376,0.00031534476274841766,0.0004625507656103998,0.00023757060024311846,0.006235644960926881,0.0003510895385185812,0.04150763218486618,0.005369613553637002,0.00132712748067746,0.0004789244864973992
261,ub0267,ub0267,RichterCaroline_Unbekannt_oD.xml,JP-UB0267,letters-context,Richter Caroline,Unbekannte Korrespondenten,0000-00-00,0,0,0,RichterCaroline,UnbekannteKorrespondenten,0.0007591138403645201,0.0006538111522419146,0.0030205118689411643,0.000566595302008516,0.0025264603731228754,0.0004917022176283149,0.4736206149091514,0.31381262147529754,0.000506036403610398,0.0008539439311580303,0.0005138424872275066,0.0782858817114842,0.002296053315866172,0.0011792754547075483,0.0053795707688195004,0.0017427715161550431,0.0014514013836059894,0.0010806820150021075,0.10888177913063322,0.0023773307429742004
262,ub0425,ub0425,SchwendlerAuguste_OsmundEmanuel_1816-02-24.xml,JP-UB0425,letters-context,Schwendler Auguste Sophie Henriette,Osmund Emanuel,1816-02-24,1816,2,1814,SchwendlerAugusteSophieHenriette,OsmundEmanuel,0.00017247579883257675,0.00014855031587149314,0.0006862807259959108,0.0001287342848100064,0.0005740288846057302,0.011732668993608754,0.5375849912545845,0.25723556487124977,0.00011497489350102874,0.00019402183684859086,0.00011674848849564536,0.00035565542888124657,0.0005216788428281617,0.0002679393593939287,0.0012222748636528333,0.00039596947578661337,0.18045450753472425,0.00024553826305153857,0.00730725025928679,0.0005401456239907633
263,ub0886,ub0886,WagnerJohann_MuellerFriedrich_1808-08-03.xml,JP-UB0886,letters-context,Wagner Johann Ernst,Müller Friedrich Theodor Adam Heinrich von,1808-08-03,1808,8,1804,WagnerJohannErnst,MüllerFriedrichTheodorAdamHeinrichvon,0.00012900136231499542,0.01749462947703905,0.030934461163940077,9.628538165669175e-05,0.00042933854270289676,8.355829199069573e-05,0.15001965429058067,0.2575847009233519,8.599419741230852e-05,0.00014511648267025488,8.732073813308926e-05,0.00026600853656541556,0.3219853578284045,0.00020040227448475803,0.031335352039173606,0.052446729724846534,0.0002466464788221148,0.13490595021054194,0.0011194961219394132,0.0004039959334290722
264,ub0172,ub0172,OsmundEmanuel_GoldschmidtCaroline_1803-06-24.xml,JP-UB0172,letters-context,Osmund Emanuel,Goldschmidt Caroline,1803-06-24,1803,6,1799,OsmundEmanuel,GoldschmidtCaroline,0.00018894357930121942,0.00016273372019185171,0.0007518059788838929,0.00014102567847444026,0.0006288364675729093,0.00012238477552250826,0.1178842611653719,0.5491367154326535,0.00012595255714077463,0.00021254680694278303,0.00012789549283831494,0.00038961297866469525,0.0005714881071828027,0.0002935218850541871,0.0013389761879152213,0.3250616600295149,0.0003612540805336568,0.0002689819591524018,0.0016396850428336866,0.0005917180742544219
265,ub0573,ub0573,OsmundEmanuel_GoldschmidtCaroline_1802-09-21.xml,JP-UB0573,letters-context,Osmund Emanuel,Goldschmidt Caroline,1802-09-21,1802,9,1799,OsmundEmanuel,GoldschmidtCaroline,0.00022992188377999478,0.00019802759977033865,0.0009148585389423288,0.00017161149257420626,0.0007652192561855835,0.0001489277287865229,0.05050206489969823,0.5365562755710256,0.00015326929505525382,0.00025864420704023444,0.00015563361691945264,0.00047411269719258204,0.0006954331163159324,0.0003571812548058268,0.0016293749096984375,0.40330716912796666,0.0004396032880645882,0.00032731908107106925,0.001995301852799025,0.0007200505823082474
266,ub0056,ub0056,SchwendlerAuguste_OsmundEmanuel_1813-01-01.xml,JP-UB0056,letters-context,Schwendler Auguste Sophie Henriette,Osmund Emanuel,1813-01-01,1813,1,1809,SchwendlerAugusteSophieHenriette,OsmundEmanuel,0.0008221929287176129,0.0007081400410666807,0.058668630053028276,0.0006136769295792638,0.0027363983410833587,0.02823112388576953,0.5960721367021901,0.2290948444548973,0.000548085847733158,0.0009249029913383039,0.0005565405832546225,0.0016954110702223331,0.002486845450423205,0.0012772681623156865,0.005826589913754511,0.0018875883178010367,0.02927056991613585,0.0011704820327085195,0.0348336956965627,0.002574876681418141
267,ub0791,ub0791,VossGeorg+SpazierJohann_1801-07-01.xml,JP-UB0791,letters-context,Voß Georg + Spazier Johann Karl Gottlieb,Unbekannte Korrespondenten,1801-07-01,1801,7,1799,VoßGeorgANDSpazierJohannKarlGottlieb,UnbekannteKorrespondenten,0.00012734113417211051,0.025849376019051597,0.1292051869269213,9.504620326736191e-05,0.0004238130201919018,8.248290933236687e-05,0.006520577291913238,0.005452530520352749,8.488746501734283e-05,0.00014324885535065088,8.619693335843859e-05,0.0002625850466833853,0.0046751121977381535,0.00019782312733447206,0.0009024214902097649,0.00029234943386549845,0.00024347217571294268,0.00018128410542967894,0.8247754685776069,0.0003987965664902005
268,ub0386,ub0386,MahlmannErnestine_MayerJohann_1802-11-16.xml,JP-UB0386,letters-context,Mahlmann Ernestine,Mayer Johann Siegfried Wilhelm,1802-11-16,1802,11,1799,MahlmannErnestine,MayerJohannSiegfriedWilhelm,0.00026014746593922624,0.0002240603522350024,0.0010351260466639311,0.00019417157769091202,0.22873020202247346,0.00016850580125278745,0.004556988345071129,0.3178795922845575,0.00017341811079222343,0.0002926456322259483,0.00017609324693639567,0.0005364396581853054,0.009550869788699559,0.00040413638228382404,0.03689963241777738,0.0005972458536931557,0.0004973936344310031,0.009134363400220035,0.17753790227361504,0.21115106570525624
269,ub0252,ub0252,MuetzschefahlAntonie_OsmundEmanuel_1809-03-14.xml,JP-UB0252,letters-context,Mützschefahl Antonie von,Osmund Emanuel,1809-03-14,1809,3,1809,MützschefahlAntonievon,OsmundEmanuel,0.0001553277637909879,0.00013378102047326636,0.0006180487420456952,0.00011593515564569535,0.005749738744758675,0.00010061074091153594,0.3533172245007847,0.37294557159094816,0.036733013886979984,0.0001747316333555042,0.00010514102133024192,0.00032029515341960293,0.00046981204680330847,0.00024130006533060332,0.19471366633299614,0.00035660106298813365,0.00029698171643189686,0.00022112614977328198,0.0013479611848511385,0.03188313148638152
270,ub0658,ub0658,RichterCaroline_MayerJohann_1803-04-27.xml,JP-UB0658,letters-context,Richter Caroline,Mayer Johann Siegfried Wilhelm,1803-04-27,1803,4,1799,RichterCaroline,MayerJohannSiegfriedWilhelm,0.0002534828826727501,0.000218320266054286,0.0010086076882998268,0.00018919719655353652,0.0008436342802419948,0.00016418893835628003,0.3972569746990759,0.5573813290123342,0.00016897540198044608,0.00028514849525980933,0.00871107612431663,0.0005226968882662968,0.0007666968804001878,0.00039378302150431843,0.0017963433592089778,0.0005819453213273111,0.0004846511643826692,0.0003608607534856556,0.0021997682740531863,0.026412319352225704
271,ub1116,ub1116,WagnerJohann_StudnitzAugust_1811-11-30.xml,JP-UB1116,letters-context,Wagner Johann Ernst,Studnitz August von,1811-11-30,1811,11,1809,WagnerJohannErnst,StudnitzAugustvon,0.0008704112086974965,0.0007496695818502245,0.003463363789372813,0.0006496665920710113,0.0028968770033757263,0.0005637930687175816,0.33779963239482524,0.2132073560299584,0.0005802288593499438,0.0009791447998395537,0.0005891794308124515,0.00179484005192433,0.4131542928049211,0.0013521747586981055,0.006168295776182179,0.00199828771549161,0.0016641983921714227,0.0012391260557756978,0.007553578932368966,0.002725882753596288
272,ub0309,ub0309,OsmundEmanuel_MuetzschefahlAntonie_1809-01-14.xml,JP-UB0309,letters-context,Osmund Emanuel,Mützschefahl Antonie von,1809-01-14,1809,1,1809,OsmundEmanuel,MützschefahlAntonievon,0.00034078745729629973,0.0002935141322380503,0.001355992348994015,0.00025436049511993043,0.0011341987996200506,0.0002207388926172673,0.2929862217178332,0.3360506059111639,0.0002271739100461429,0.0003833593401922553,0.00023067827954366044,0.0007027241508805378,0.0010307626204720977,0.0005294097700402124,0.03685704000862392,0.29927971285549404,0.0006515747187508851,0.0004851484144480403,0.002957412464507388,0.02402858371211813
273,ub0077,ub0077,RichterCaroline_JungFranz_1825-10-05.xml,JP-UB0077,letters-context,Richter Caroline,Jung Franz Wilhelm,1825-10-05,1825,10,1824,RichterCaroline,JungFranzWilhelm,9.991012941238442e-05,0.08086612907065742,0.0003975421282961232,7.457196396384617e-05,0.017161700928420492,6.47149736751097e-05,0.3517971258659805,0.2398865432168747,6.660155550294651e-05,0.1010874889444572,6.762894663049427e-05,0.0002060206716899168,0.0003021931253628153,0.00688688253560617,0.0007080276805883902,0.000229373406802406,0.00019102497195381887,0.00014223305416306218,0.02779373012928097,0.17197055670068112
274,ub0259,ub0259,MahlmannSiegfried_FalkJohannes_1804-09-14.xml,JP-UB0259,letters-context,Mahlmann Siegfried August,Falk Johannes Daniel,1804-09-14,1804,9,1804,MahlmannSiegfriedAugust,FalkJohannesDaniel,0.00026014746593922624,0.0002240603522350024,0.02732717068574965,0.00019417157769091202,0.0008658151503971801,0.00016850580125278745,0.004556988345071129,0.4405758006002908,0.00017341811079222343,0.0002926456322259483,0.00017609324693639567,0.0005364396581853054,0.0007868549090043173,0.00040413638228382404,0.07195569193655835,0.0005972458536931557,0.0004973936344310031,0.3772229883474201,0.07236972371727217,0.0008147085925704878
275,ub0514,ub0514,RichterCaroline_OsmundEmanuel_1808-09-01.xml,JP-UB0514,letters-context,Richter Caroline,Osmund Emanuel,1808-09-01,1808,9,1804,RichterCaroline,OsmundEmanuel,0.0017355827593110436,0.0014948263400538983,0.006905878993737396,0.0012954223535173678,0.35659287426892783,0.001124192243973472,0.20581038371993293,0.2497229776578108,0.0011569648858835645,0.0019523953925335968,0.0011748121486038553,0.003578875615012245,0.005249529566688867,0.0026962097630656946,0.12923831286511392,0.00398454623802487,0.0033183787256693066,0.0024707928821776225,0.015061687206133975,0.0054353563738277245
276,ub0004,ub0004,MahlmannErnestine_RichterCaroline_1800-11-15.xml,JP-UB0004,letters-context,Mahlmann Ernestine,Richter Caroline,1800-11-15,1800,11,1799,MahlmannErnestine,RichterCaroline,0.0002513365952953062,0.008683660318948313,0.0010000676167677164,0.00018759522820550068,0.1024427544108456,0.00016279871964725202,0.2245495527316703,0.4087196697709147,0.00016754465538112892,0.00028273408916808365,0.00017012918799612175,0.0005182711151265637,0.000760205113305788,0.00039044878638913084,0.027182699216468504,0.0005770178805298988,0.0004805475315629298,0.008824993889187789,0.052984274091761485,0.16166369905082795
277,ub0437,ub0437,RichterEmma_RichterOdilie+WeldenLuise_1822-03-26.xml,JP-UB0437,letters-context,Richter Emma,Richter Odilie Minna + Welden Luise von,1822-03-26,1822,3,1819,RichterEmma,RichterOdilieMinnaANDWeldenLuisevon,0.006596182572589363,0.00016377619706007694,0.0007566220694977861,0.00014192909300624138,0.058287122349790686,0.000123168775896584,0.009736944655380405,0.610308758483246,0.00012675941282599021,0.0002139083878701518,0.00012871479502520668,0.2117910531558661,0.0005751490763507264,0.00029540219464906466,0.0013475537076902285,0.0965269841741564,0.0003635682845109538,0.0002707050652797349,0.0016501889121381794,0.0005955086371702933
278,ub0116,ub0116,RichterCaroline_RichterEmma+RichterOdilie_1819-12-27.xml,JP-UB0116,letters-context,Richter Caroline,Richter Emma + Richter Odilie Minna,1819-12-27,1819,12,1819,RichterCaroline,RichterEmmaANDRichterOdilieMinna,0.0002317167048506372,0.0001995734470067707,0.008728221271059447,0.0001729511298361004,0.25057026933641474,0.0001500902915719111,0.26166426607579485,0.4626825410738928,0.00015446574906704722,0.0002606632409180171,0.00015684852735057373,0.008284034869800684,0.0007008618210127881,0.0003599694906693492,0.0016420941705701047,0.0005319745887350442,0.0004430349285468704,0.00032987420620257614,0.002010877620311101,0.0007256714563886451
279,ub1120,ub1120,SchwendlerAuguste_MuellerFriedrich_1812-03-15.xml,JP-UB1120,letters-context,Schwendler Auguste Sophie Henriette,Müller Friedrich Theodor Adam Heinrich von,1812-03-15,1812,3,1809,SchwendlerAugusteSophieHenriette,MüllerFriedrichTheodorAdamHeinrichvon,6.131669802128084e-05,0.014512545044988103,0.07460832562448921,4.576619630179564e-05,0.006401101319991436,3.971677868530486e-05,0.34604202252449795,0.3021485395024148,4.0874608916436217e-05,6.897650835713788e-05,4.1505137891707286e-05,0.00012643870432807382,0.02703925336833748,9.525485256004432e-05,0.029353997851987237,0.039388620332986735,0.15297728146299222,8.729106129733342e-05,0.0067291457926522075,0.00019202662830341576
280,ub0956,ub0956,WagnerJohann_CalmbergJohann_1811-03-20.xml,JP-UB0956,letters-context,Wagner Johann Ernst,Calmberg Johann Erhart Wilhelm,1811-03-20,1811,3,1809,WagnerJohannErnst,CalmbergJohannErhartWilhelm,0.0006170846346881515,0.0005314839416476778,0.06482160830894289,0.0004605860628072003,0.0020537629450333595,0.0003997053764621417,0.15633064033291413,0.35904240794422376,0.00041135765501374637,0.021482915558359086,0.00041770323060606556,0.001272465481485215,0.31369761602718826,0.0009586345610764649,0.06673929037720848,0.0014167012471739868,0.001179846084953875,0.0008784878248582642,0.005355167131917043,0.0019325352734402765
281,ub0463,ub0463,RichterEmma_RichterCaroline_1819-12-24.xml,JP-UB0463,letters-context,Richter Emma,Richter Caroline,1819-12-24,1819,12,1819,RichterEmma,RichterCaroline,0.00030569197997852636,0.00026328702631070363,0.0012163475419205644,0.0002281655668856511,0.2172826970556262,0.00019800643391570168,0.12893496157061698,0.476514857156232,0.0002037787508743008,0.00034387966234549703,0.00020692222821578368,0.0006303551743532225,0.0009246111017108471,0.00047488931109004786,0.04335972158539235,0.12428197939366503,0.0005844732885979731,0.00043518614379964895,0.002652847845577834,0.0009573411828911383
282,ub0638,ub0638,MayerJohann_RichterCaroline_1807-10-10.xml,JP-UB0638,letters-context,Mayer Johann Siegfried Wilhelm,Richter Caroline,1807-10-10,1807,10,1804,MayerJohannSiegfriedWilhelm,RichterCaroline,0.00034474536391211434,0.0002969230063058833,0.7446679449452661,0.0002573146387214121,0.001147371388095812,0.00022330255482006338,0.006038884905885711,0.23542747001877234,0.0002298123085618793,0.00038781167679178587,0.00023335737781791645,0.0007108855914098606,0.0010427339008333757,0.0005355583367977537,0.002443088221783833,0.0007914654806768279,0.0006591421096123379,0.0004907829296805844,0.0029917598623014022,0.001079645381952917
283,ub0689,ub0689,OsmundEmanuel_SchwendlerAuguste_1808-12-13.xml,JP-UB0689,letters-context,Osmund Emanuel,Schwendler Auguste Sophie Henriette,1808-12-13,1808,12,1804,OsmundEmanuel,SchwendlerAugusteSophieHenriette,0.00022815465349026055,0.00019650551597925263,0.054711370028270256,0.000170292448807003,0.000759337612274241,0.00014778303742889336,0.10391743818841938,0.4863148629189157,0.00015209123346209534,0.00025665621064149607,0.00015443738262718265,0.000470468562474079,0.0006900878640614158,0.00035443588093344626,0.009303071645450134,0.3310312770738699,0.0004362244002729508,0.0003248032344497435,0.00966618599338994,0.0007145161147826878
284,ub1130,ub1130,SchwendlerFriedrich+SchwendlerAuguste_MuellerFriedrich_1817-07-27.xml,JP-UB1130,letters-context,Schwendler Friedrich Christian August + Schwendler Auguste Sophie Henriette,Müller Friedrich Theodor Adam Heinrich von,1817-07-27,1817,7,1814,SchwendlerFriedrichChristianAugustANDSchwendlerAugusteSophieHenriette,MüllerFriedrichTheodorAdamHeinrichvon,6.493853162917984e-05,5.593039400913087e-05,0.022135299759189816,0.004423851402556454,0.033031490794886015,4.20627556945365e-05,0.07770670788594942,0.3615618734976695,4.328897624312915e-05,7.30507890047472e-05,0.0022316477012510353,0.00013390714218354494,0.0001964162987768224,0.046042391328844016,0.10109398016002924,0.00014908570652581333,0.2385824741814077,0.0022801380918166772,0.10994809541126227,0.0002033691910708933
285,ub1151,ub1151,OttoGeorg_SchragJohann_1825-12-24.xml,JP-UB1151,letters-context,Otto Georg Christian,Schrag Johann Leonhard,1825-12-24,1825,12,1824,OttoGeorgChristian,SchragJohannLeonhard,0.0005697103828038164,0.0004906813471432457,0.0022668760357361147,0.0004252263748044852,0.0018960933522425855,0.0003690195643067154,0.029172353530767938,0.2355144896627245,0.0003797772848866909,0.0006408797970004388,0.00038563570380784523,0.0011747769362754215,0.0017231742381247546,0.0008850391535609037,0.10000118159190154,0.0013079395669185884,0.0010892680305487473,0.0008110453685845168,0.619112659618325,0.0017841724595361692
286,ub0187,ub0187,MayerJohann_RichterCaroline_1809-11-02.xml,JP-UB0187,letters-context,Mayer Johann Siegfried Wilhelm,Richter Caroline,1809-11-02,1809,11,1809,MayerJohannSiegfriedWilhelm,RichterCaroline,0.0002720695749553307,0.000234328651162644,0.53269052762069,0.00020307012570752362,0.0009054939632334404,0.00017622813106725916,0.032262790880858545,0.24995657403803526,0.0001813655632679464,0.00030605707606949363,0.00018416329628089304,0.0005610237611376711,0.0008229151103641025,0.009588311798338023,0.06608764246656801,0.000624616599556233,0.0005201883255581813,0.000387320953524319,0.10318326678348816,0.0008520452801369599
287,ub0266,ub0266,RichterCaroline_OsmundEmanuel_1805-08-09.xml,JP-UB0266,letters-context,Richter Caroline,Osmund Emanuel,1805-08-09,1805,8,1804,RichterCaroline,OsmundEmanuel,0.00025788733747629896,0.00022211374407692734,0.0010261330017678908,0.00019248463944668845,0.0008582930572721082,0.00016704184404603623,0.19565063066004007,0.375933013914707,0.00017191147605806017,0.0002901031637819169,0.00017456337095588854,0.0005317791379079685,0.00946789303327656,0.00040062529622651255,0.2711516570128344,0.000592057056837404,0.0004930723410968642,0.08724587318667715,0.05436523621872265,0.0008076305067916698
288,ub0907,ub0907,AdelheidLouise_WagnerLudwig_1809-08-19.xml,JP-UB0907,letters-context,Adelheid Louise Theresa Caroline Amelia,Wagner Ludwig Anton,1809-08-19,1809,8,1809,AdelheidLouiseTheresaCarolineAmelia,WagnerLudwigAnton,0.0010562445901136023,0.0009097245443184783,0.004202794299483498,0.0007883708486238382,0.003515362201756209,0.0006841632699877763,0.089669068315461,0.7924789605496232,0.0007041081130300099,0.0011881928764635508,0.0007149696375499504,0.0021780396162420688,0.003194769696639287,0.001640864983690033,0.007485231093890152,0.07359181547864876,0.0020195058738239754,0.0015036803062778055,0.0091662731403125,0.003307860564064368
289,ub0629,ub0629,RichterCaroline_RichterMax_1821-06-15.xml,JP-UB0629,letters-context,Richter Caroline,Richter Max,1821-06-15,1821,6,1819,RichterCaroline,RichterMax,0.0003088728600911355,0.0002660266613706699,0.16771712018576618,0.0002305397453450916,0.31319319894520703,0.00020006679129850038,0.057438044527785274,0.4502567142180362,0.00020589917214303648,0.0003474579046636708,0.00020907535896077275,0.000636914339687299,0.0009342321492291241,0.00047983077525748553,0.0021888724998480593,0.000709109482738041,0.0005905550296373785,0.00043971447637217035,0.0026804520730566487,0.0009673028035062883
290,ub0415,ub0415,MayerJohann_RichterCaroline_1815-09-09.xml,JP-UB0415,letters-context,Mayer Johann Siegfried Wilhelm,Richter Caroline,1815-09-09,1815,9,1814,MayerJohannSiegfriedWilhelm,RichterCaroline,0.00392854629467856,9.754162578679812e-05,0.33238126128037465,8.452995445483546e-05,0.00037692084546937066,7.335670789031419e-05,0.036321474588242066,0.4703151886803442,7.549521501156528e-05,0.00012739929426150892,7.665979913410523e-05,0.0002335317064084076,0.00034254657870976186,0.026882997719945283,0.04658610999726855,0.00026000285629540243,0.06507654234522066,0.00016122618945914758,0.01624399602017093,0.00035467230087387654
291,ub0833,ub0833,SpazierJohann_BodeAugust_1803-07-25.xml,JP-UB0833,letters-context,Spazier Johann Karl Gottlieb,Bode August Theodor Heinrich,1803-07-25,1803,7,1799,SpazierJohannKarlGottlieb,BodeAugustTheodorHeinrich,0.0002745863384762263,0.00023649629449888862,0.001092578280509641,0.00020494861390175963,0.0009138701816159311,0.00017785831897672506,0.014060354142265991,0.4650289230044909,0.00018304327469030745,0.0003088882389604202,0.00018586688796711436,0.03756797703539581,0.0008305274379494206,0.0004265670205769668,0.02969721873959858,0.009880835467768452,0.009775441186194616,0.19465016251798087,0.23364392994354544,0.0008599270746358563
292,ub0518,ub0518,RichterCaroline_MayerJohann_1801-09-08.xml,JP-UB0518,letters-context,Richter Caroline,Mayer Johann Siegfried Wilhelm,1801-09-08,1801,9,1799,RichterCaroline,MayerJohannSiegfriedWilhelm,9.729042016068223e-05,8.379449606242309e-05,0.04955085051687917,7.261663806183134e-05,0.01998929199878724,6.301810453624004e-05,0.041035216512673695,0.7383442110383918,6.485521894873524e-05,0.00010944414320800008,6.585567120574223e-05,0.055919515172654026,0.0002942694230218229,0.00015113965570510944,0.010522209170393171,0.0002233590853374172,0.00018601617165221968,0.0001385036100107994,0.004121885231187511,0.07896665772112231
293,ub0398,ub0398,OsmundEmanuel_GoldschmidtCaroline_1802-06-29.xml,JP-UB0398,letters-context,Osmund Emanuel,Goldschmidt Caroline,1802-06-29,1802,6,1799,OsmundEmanuel,GoldschmidtCaroline,0.0002534828826727501,0.000218320266054286,0.009548101807419952,0.00018919719655353652,0.0008436342802419948,0.00016418893835628003,0.021519233457790474,0.540302340774094,0.00016897540198044608,0.00028514849525980933,0.00017158200519650537,0.0005226968882662968,0.009306190999520313,0.00039378302150431843,0.018875331597449224,0.393398674800853,0.0004846511643826692,0.0003608607534856556,0.0021997682740531863,0.0007938369948653309
294,ub0545,ub0545,RichterCaroline_JungFranz_1826-03-23.xml,JP-UB0545,letters-context,Richter Caroline,Jung Franz Wilhelm,1826-03-23,1826,3,1824,RichterCaroline,JungFranzWilhelm,0.00017247579883257675,0.011769501239984279,0.0006862807259959108,0.0001287342848100064,0.0005740288846057302,0.00011171806949596602,0.3632707273928926,0.24561461394713696,0.00011497489350102874,0.16869781023648406,0.00011674848849564536,0.00035565542888124657,0.0005216788428281617,0.0002679393593939287,0.0012222748636528333,0.00039596947578661337,0.0003297682109760284,0.00024553826305153857,0.18162151412097866,0.02378204747221634
295,ub0097,ub0097,RichterCaroline_WeldenJosephine_1825-09-08.xml,JP-UB0097,letters-context,Richter Caroline,Welden Josephine von,1825-09-08,1825,9,1824,RichterCaroline,WeldenJosephinevon,0.0005697103828038164,0.0004906813471432457,0.0022668760357361147,0.0004252263748044852,0.0018960933522425855,0.0003690195643067154,0.6625337371654094,0.1779361820595753,0.0003797772848866909,0.11579749500329888,0.00038563570380784523,0.0011747769362754215,0.0017231742381247546,0.020077808354610642,0.004037335586652839,0.0013079395669185884,0.0010892680305487473,0.0008110453685845168,0.004944045184733318,0.0017841724595361692
296,ub0104,ub0104,RichterEmma+RichterCaroline_OsmundEmanuel_1812-09-20.xml,JP-UB0104,letters-context,Richter Emma + Richter Caroline,Osmund Emanuel,1812-09-20,1812,9,1809,RichterEmmaANDRichterCaroline,OsmundEmanuel,0.00196541628519813,0.001692777838753883,0.007820385956868493,0.0014669678966063257,0.006541240716753404,0.0012730627405379252,0.4317013202839635,0.4814290136410109,0.0013101752802733575,0.002210940203827889,0.0013303859562601328,0.004052806112936814,0.0059446954313460785,0.0030532537548039872,0.01392820870099873,0.004512197429552557,0.0037578130762686546,0.0027979861760733405,0.017056222273864392,0.006155130244101457
297,ub0137,ub0137,MahlmannErnestine_MayerJohann_1803-01-28.xml,JP-UB0137,letters-context,Mahlmann Ernestine,Mayer Johann Siegfried Wilhelm,1803-01-28,1803,1,1799,MahlmannErnestine,MayerJohannSiegfriedWilhelm,0.00016855818601744436,0.0001451761461323807,0.0006706925554517653,0.00012581021611554486,0.0005609904007731637,0.00010918050687151867,0.3323054156895761,0.38199813728555104,0.00011236335542295122,0.0001896148276357134,0.00011409666500635772,0.00034757707658262014,0.023223815060867712,0.05704681744807605,0.01823000134780335,0.00038697543080614235,0.0003222778605727406,0.00023996111047449903,0.035533755511667736,0.14816878331859526
298,ub0257,ub0257,RichterCaroline_RichterOdilie_1823-01-15.xml,JP-UB0257,letters-context,Richter Caroline,Richter Odilie Minna,1823-01-15,1823,1,1819,RichterCaroline,RichterOdilieMinna,0.00014615048145792732,0.0001258767915979946,0.0005815323610529282,0.00010908531998386504,0.2368197545146477,9.466632278210208e-05,0.11087955751662266,0.4050704273035767,9.742605139090066e-05,0.00016440790569289483,9.892893912430496e-05,0.00030137104750896864,0.0004420539841636583,0.00022704325268824307,0.10443155325890308,0.00033553188285292415,0.00027943504613334093,0.00020806127934597856,0.10466415573254907,0.03492298100792485
299,ub0901,ub0901,WagnerJohann_BoeckhPhilipp_1809-07-04.xml,JP-UB0901,letters-context,Wagner Johann Ernst,Böckh Philipp August,1809-07-04,1809,7,1809,WagnerJohannErnst,BöckhPhilippAugust,0.07313008089423154,0.01861181380771957,0.002143459278087565,0.01854992243582948,0.0017928633167030546,0.000348928832648852,0.00943626042437984,0.27713578763744395,0.0003591008648309004,0.0006059880317069869,0.00036464033068325097,0.001110817920365525,0.18310782743596954,0.0008368544884082571,0.0038175287424369398,0.001236730705911364,0.0010299644222255449,0.0007668891870736606,0.4039275054496736,0.001687035793670676
300,ub1099,ub1099,VossHeinrich_TruchsessChristian_1811-05-19.xml,JP-UB1099,letters-context,Voß Heinrich,Truchsess von Wetzhausen Christian Freiherr,1811-05-19,1811,5,1809,VoßHeinrich,TruchsessvonWetzhausenChristianFreiherr,0.00036599892746593736,0.00031522831986688897,0.05077633626080686,0.00027317809505722723,0.001218106873672781,0.00023706916501241719,0.08039122368095768,0.4718817055887197,0.00024398024529652916,0.00041172028001729616,0.000247743868194248,0.2350248425362132,0.0011070184817182328,0.0005685755266991457,0.15055378732020927,0.0008402593548085486,0.0006997782433624007,0.0005210397141917079,0.003176201960810403,0.0011462055569195554
301,ub1090,ub1090,WagnerJohann_MuellerFriedrich_1810-10-01.xml,JP-UB1090,letters-context,Wagner Johann Ernst,Müller Friedrich Theodor Adam Heinrich von,1810-10-01,1810,10,1809,WagnerJohannErnst,MüllerFriedrichTheodorAdamHeinrichvon,0.00033691939798679665,0.00029018264204565465,0.0013406013517115627,0.00025147341268760083,0.0011213252383085405,0.00021823342737705093,0.005901797906472355,0.2981852404850287,0.00022459540506065522,0.00037900807481271317,0.00022805999871323306,0.0006947479808788857,0.5117851291620461,0.0005234007801384348,0.002387628374668675,0.0007734986491216366,0.011994536136739307,0.0004796418067345858,0.07102598691921204,0.09185799285025542
302,ub0780,ub0780,RichterCaroline_RichterMax_1820-06-07.xml,JP-UB0780,letters-context,Richter Caroline,Richter Max,1820-06-07,1820,6,1819,RichterCaroline,RichterMax,0.00041168346734934047,0.00035457559569374865,0.0016380873766949364,0.00030727659820127117,0.22327506482017687,0.05574288849775892,0.4510212598586391,0.10084192703141487,0.00027443422865703807,0.00046311182830265725,0.00027866763265921914,0.0008489159704404477,0.001245198203527466,0.08385388798552294,0.04452462583970932,0.000945141798789826,0.0007871256224647688,0.0005860766796512403,0.031310774295600405,0.0012892766687455405
303,ub1229,ub1229,MerzdorfErnestine_MayerJohann_1801-08-30.xml,JP-UB1229,letters-context,Merzdorf Ernestine Amalie,Mayer Johann Siegfried Wilhelm,1801-08-30,1801,8,1799,MerzdorfErnestineAmalie,MayerJohannSiegfriedWilhelm,0.00041168346734934047,0.1251760885976817,0.07098337237779936,0.00030727659820127117,0.05684638081752628,0.00026666049687538513,0.1459020058537796,0.5446517510384833,0.00027443422865703807,0.00046311182830265725,0.014147724632880103,0.0008489159704404477,0.001245198203527466,0.0006395459841976352,0.030655568839488438,0.000945141798789826,0.0007871256224647688,0.0005860766796512403,0.0035726602951586385,0.0012892766687455405
304,ub0317,ub0317,MayerJohann_RichterCaroline_1811-01-18.xml,JP-UB0317,letters-context,Mayer Johann Siegfried Wilhelm,Richter Caroline,1811-01-18,1811,1,1809,MayerJohannSiegfriedWilhelm,RichterCaroline,0.00014263898684478522,0.0001228524041912161,0.2264173078339096,0.00010646437402682766,0.0004747268838527532,9.239181585486341e-05,0.026525167913333557,0.3280635818389082,0.01451102658022002,0.00016045774781835666,9.655201615180788e-05,0.0002941301352702404,0.0004314329436537402,0.00022158818233327792,0.24127652099355146,0.00032747020294997666,0.00027272118074314844,0.00020306228068146047,0.09734412140217777,0.06291578428352708
305,ub0756,ub0756,RichterCaroline_RichterOdilie_1822-11-24.xml,JP-UB0756,letters-context,Richter Caroline,Richter Odilie Minna,1822-11-24,1822,11,1819,RichterCaroline,RichterOdilieMinna,0.00012519284995705305,0.00010782635901298428,0.0004981420033394019,9.344274449885084e-05,0.4263919521610462,8.109139720800298e-05,0.010628150260347241,0.43977098788331415,8.345538729682775e-05,0.00014083220297217495,8.474276450307079e-05,0.000258155155944878,0.00037866449402186765,0.00019448579015282294,0.10632662533090936,0.00028741740873365547,0.0002393647250035523,0.00017822578664944077,0.005304022312124757,0.008827222982963808
306,ub0484,ub0484,RichterCaroline+RichterJohann_OsmundEmanuel_1811-01-26.xml,JP-UB0484,letters-context,Richter Caroline + Jean Paul,Osmund Emanuel,1811-01-26,1811,1,1809,RichterCarolineANDJeanPaul,OsmundEmanuel,0.0008221929287176129,0.0007081400410666807,0.2248600100515876,0.0006136769295792638,0.0027363983410833587,0.0005325605526763156,0.12519656003960536,0.5337790411189226,0.08364377584701281,0.0009249029913383039,0.0005565405832546225,0.0016954110702223331,0.002486845450423205,0.0012772681623156865,0.005826589913754511,0.0018875883178010367,0.0015720065830426384,0.0011704820327085195,0.007135132363469484,0.002574876681418141
307,ub0385,ub0385,RichterCaroline_MesserschmidtJohann_1816-09-05.xml,JP-UB0385,letters-context,Richter Caroline,Messerschmidt Johann Georg Friedrich,1816-09-05,1816,9,1814,RichterCaroline,MesserschmidtJohannGeorgFriedrich,0.00020888794765819456,0.11277433245277255,0.0008311645653534139,0.0001559119640507421,0.0006952147281730157,0.00013530337827860023,0.2499593742319397,0.3115417326625114,0.00013924776518335014,0.00023498266756553349,0.00014139579186831102,0.00043073946092932354,0.0006318128314387845,0.00032450525383551863,0.043703222735516266,0.0004795643892778666,0.00039938707494008345,0.0002973749603570833,0.27626166691974985,0.0006541782186004544
308,ub1100,ub1100,CottaJohann_WagnerJohann_1811-05-26.xml,JP-UB1100,letters-context,Cotta Johann Heinrich,Wagner Johann Ernst,1811-05-26,1811,5,1809,CottaJohannHeinrich,WagnerJohannErnst,0.08918151962295595,0.00017498584004618014,0.028186363010837743,0.00015164341346611743,0.007520669678990236,0.000131599048607884,0.0035589002056310875,0.4330576390730642,0.0001354354462692762,0.0002285493228949021,0.00013752466437839936,0.00041894669576877203,0.021147980611843538,0.00031562096391327403,0.09041813746627432,0.00046643489747343406,0.10305578028926148,0.00028923344236253204,0.22078676814855705,0.0006362681574036955
309,ub0706,ub0706,MuetzschefahlAntonie_OsmundEmanuel_1811-03-18.xml,JP-UB0706,letters-context,Mützschefahl Antonie von,Osmund Emanuel,1811-03-18,1811,3,1809,MützschefahlAntonievon,OsmundEmanuel,0.00010673599163769432,9.192979757135508e-05,0.0040204928393067696,7.966672217186519e-05,0.00035523559039460904,6.913630209114615e-05,0.4657266787976945,0.2922335033340991,0.09356170800224406,0.00012006967525631665,7.224935774253684e-05,0.00022009600848301337,0.00032283896629300117,0.0001658132527418559,0.11222590949479526,0.0002450442029688366,0.025374610171024457,0.00374774104364834,0.0009262733863072283,0.0003342670635280221
310,ub0089,ub0089,RichterEmma_EndeHenriette_1817-01-01.xml,JP-UB0089,letters-context,Richter Emma,Ende Henriette Freifrau von,1817-01-01,1817,1,1814,RichterEmma,EndeHenrietteFreifrauvon,0.0006045174759877164,0.0005206600729820862,0.0024053733631393755,0.0004512060558824909,0.1445695476438781,0.0003915652274176668,0.1938776543592392,0.41282649413728895,0.00040298020297135516,0.0006800350651633413,0.0004091965485504288,0.001246551247443832,0.2258475554699394,0.0009391116107588668,0.00428400112096818,0.001387849597977865,0.0011558180794612484,0.0008605970927110071,0.005246107156297711,0.0018931784719412638
311,ub0738,ub0738,RichterCaroline_VossHeinrich_1818-09-11.xml,JP-UB0738,letters-context,Richter Caroline,Voß Heinrich,1818-09-11,1818,9,1814,RichterCaroline,VoßHeinrich,0.007534596682613625,6.358060306198221e-05,0.03511068682144125,0.017463576067976386,0.0002456884890759976,4.7816136840925063e-05,0.4166096357624292,0.351330421823057,4.9210080927100956e-05,8.30427409168116e-05,4.996919233446402e-05,0.057351504220103385,0.00022328229487162359,0.0523401105779046,0.022905469830650626,0.0026564030490545108,0.0001411431648699067,0.02497434481117453,0.0006406303729317557,0.010178887277764264
312,ub1057,ub1057,WagnerJohann_HeimAnton_1807-07-13.xml,JP-UB1057,letters-context,Wagner Johann Ernst,Heim Anton Christoph,1807-07-13,1807,7,1804,WagnerJohannErnst,HeimAntonChristoph,0.000986069115855617,0.0008492836654356692,0.07036222539043419,0.0007359925465608684,0.003281806250790055,0.0006387083797183522,0.08371157565305372,0.3411957663865266,0.0006573281141327263,0.0011092509349887817,0.4325187522201957,0.002033333584653279,0.002982513481833407,0.0015318481143952185,0.006987922376893207,0.0022638148281529822,0.035104662165864005,0.0014037778030005215,0.008557278243845877,0.0030880907436693235
313,ub0206,ub0206,Giech-SchoenburgKaroline_RichterCaroline_1825-11-13.xml,JP-UB0206,letters-context,Giech-Schönburg Karoline Wilhelmine von,Richter Caroline,1825-11-13,1825,11,1824,GiechSchönburgKarolineWilhelminevon,RichterCaroline,0.0005386933324067358,0.0004639669172633704,0.03843915305899996,0.00040207554537327855,0.0017928633167030546,0.000348928832648852,0.6990544422617154,0.11380516562333814,0.0003591008648309004,0.0006059880317069869,0.00036464033068325097,0.001110817920365525,0.0016293585314075551,0.12787178272160166,0.0038175287424369398,0.001236730705911364,0.0010299644222255449,0.0007668891870736606,0.004674873859637206,0.001687035793670676
314,ub1079,ub1079,WagnerJohann_AbekenBernhard_1809-09-15.xml,JP-UB1079,letters-context,Wagner Johann Ernst,Abeken Bernhard Rudolf,1809-09-15,1809,9,1809,WagnerJohannErnst,AbekenBernhardRudolf,0.0006581297033027287,0.0005668353239803446,0.002618696267181812,0.0004912217090186689,0.0021903679360806088,0.00042629157498383206,0.05587141262379325,0.11686597737369538,0.00043871889887894713,0.0007403446441976734,0.00044548654718373515,0.0013571028716604472,0.22370557215631695,0.0010223976482185923,0.004663931976630953,0.0015109324054753102,0.0012583229433771035,0.17830888836289613,0.4047982921651644,0.002061076867963259
315,ub0335,ub0335,RichterOdilie_RichterEmma_1822-04-07.xml,JP-UB0335,letters-context,Richter Odilie Minna,Richter Emma,1822-04-07,1822,4,1819,RichterOdilieMinna,RichterEmma,0.0010562445901136023,0.0009097245443184783,0.004202794299483498,0.0007883708486238382,0.11026570017947557,0.0006841632699877763,0.1252525143080341,0.7213120685644769,0.0007041081130300099,0.0011881928764635508,0.0007149696375499504,0.0021780396162420688,0.003194769696639287,0.001640864983690033,0.007485231093890152,0.0024249234935025178,0.0020195058738239754,0.0015036803062778055,0.0091662731403125,0.003307860564064368
316,ub0831,ub0831,SpazierJohann_BodeAugust_1803-06-18.xml,JP-UB0831,letters-context,Spazier Johann Karl Gottlieb,Bode August Theodor Heinrich,1803-06-18,1803,6,1799,SpazierJohannKarlGottlieb,BodeAugustTheodorHeinrich,0.0013429694823917713,0.001156675557761745,0.005343671851961283,0.0010023795628579216,0.004469631561383308,0.0008698841169620801,0.02352471993894107,0.4646890308300361,0.0008952431254602281,0.0015107360427893141,0.0009090530858605569,0.002769283519585919,0.004062012005566935,0.002086289121333136,0.1452456036251306,0.003083185731212564,0.00256771469737405,0.27336877437613016,0.05689733959688718,0.004205802170374087
317,ub0173,ub0173,RichterCaroline_OsmundEmanuel_1807-02-27.xml,JP-UB0173,letters-context,Richter Caroline,Osmund Emanuel,1807-02-27,1807,2,1804,RichterCaroline,OsmundEmanuel,0.0021047782992329317,0.0018128078449662509,0.07928202989970441,0.00157098636950447,0.007005061276010297,0.0013633319567086582,0.036869281597399016,0.3028443912421882,0.0014030760398593093,0.0023677116125296878,0.0014247197967316627,0.004340178933974822,0.006366216680750175,0.003269751193964011,0.5112656780308309,0.004832144367125482,0.0040242687898084046,0.0029963833256623413,0.018265629922418283,0.006591572820630746
318,ub0207,ub0207,RichterOdilie_RichterCaroline_1822-05-23.xml,JP-UB0207,letters-context,Richter Odilie Minna,Richter Caroline,1822-05-23,1822,5,1819,RichterOdilieMinna,RichterCaroline,0.00020742824372057682,0.00017865423052930242,0.0008253564074273285,0.0001548224550082243,0.28020939135540296,0.00013435788153615808,0.010621484601179764,0.5958716971926427,0.00013827470516039852,0.00023334061435488783,0.0001404077214867183,0.1052473675030858,0.0006273977386187922,0.00032223761895226326,0.0014699704539848052,0.00047621320489782957,0.0003965961676979021,0.00029529691130998165,0.0018000981560091329,0.0006496068369946696
319,ub0196,ub0196,RichterCaroline_MaxJoseph_1825-12-14.xml,JP-UB0196,letters-context,Richter Caroline,Max Joseph,1825-12-14,1825,12,1824,RichterCaroline,MaxJoseph,0.00012160276663409504,0.00010473428455824829,0.07012660254256557,9.076314068128593e-05,0.00040471475400267115,7.876598586980209e-05,0.29299098688053965,0.15268557850874054,8.10621851750762e-05,0.25003135091659795,8.23126450059254e-05,0.0002507521890788687,0.0003678057502082186,0.00018890863305463817,0.0008617557130538282,0.020762335737678182,0.00023250060051373942,0.00017311490831580808,0.20588689415562944,0.004477457702096433
320,ub0507,ub0507,RichterMax_RichterCaroline_1820-08-10.xml,JP-UB0507,letters-context,Richter Max,Richter Caroline,1820-08-10,1820,8,1819,RichterMax,RichterCaroline,0.16150090620732546,0.0004116703978205115,0.0019018570093899208,0.0003567551770587944,0.0015907788408240846,0.0003095989520004082,0.13719098820692222,0.6162508798256436,0.00031862443286815266,0.0005376834528606577,0.00032353951199621004,0.0009856109092438764,0.06585487657386555,0.0007425275538888222,0.003387231971968716,0.0010973313026333056,0.0009138708982517324,0.0006804484651384154,0.004147940531857176,0.0014968797784425131
321,ub0013,ub0013,OttoGeorg_Industrie-Comptoir_1809-01-10.xml,JP-UB0013,letters-context,Otto Georg Christian,Industrie-Comptoir ,1809-01-10,1809,1,1809,OttoGeorgChristian,IndustrieComptoir,0.00035294353867964813,0.00030398394737431113,0.0014043613631600418,0.00026343367787119075,0.0011746563124125171,0.0002286127737877021,0.006182491866390314,0.08645357269967971,0.00023527733192851968,0.00039703398472118245,0.24993286656574995,0.0007277907188696321,0.0010675305062410798,0.0005482941160217406,0.026281562910723803,0.0008102868282924343,0.0006748167575609622,0.0005024539328371903,0.6213527104113961,0.0011053197563020583
322,ub0646,ub0646,MayerJohann_RichterCaroline_1818-05-24.xml,JP-UB0646,letters-context,Mayer Johann Siegfried Wilhelm,Richter Caroline,1818-05-24,1818,5,1814,MayerJohannSiegfriedWilhelm,RichterCaroline,0.00018088397397045332,0.00015579212649703396,0.3785313356739141,0.00013501006622547633,0.0006020127259830937,0.00011716431239349492,0.1494181854351994,0.3733692716561604,0.00012057990619010613,0.00020348037883440904,0.00012243996373447952,0.0003729935896841597,0.01882831702135244,0.006374736837207617,0.06221921527311972,0.0004152729416885099,0.0003458443729161867,0.0002575082248245023,0.001569742394552785,0.006660213125551836
323,ub0423,ub0423,MayerJohann_RichterCaroline_1808-09-25.xml,JP-UB0423,letters-context,Mayer Johann Siegfried Wilhelm,Richter Caroline,1808-09-25,1808,9,1804,MayerJohannSiegfriedWilhelm,RichterCaroline,0.0005022353700147394,0.0004325663273486121,0.3065516907176794,0.0003748636713252582,0.08626966321193814,0.00032531384895978337,0.02571725601632809,0.5121740649466309,0.00033479745315426716,0.0005649756642970037,0.00033996201620836985,0.0010356394179992397,0.0015190859728151955,0.0007802174230678505,0.0035591640830855507,0.0011530306137574485,0.0009602579641878557,0.000714987269119254,0.05511736828820862,0.0015728597238745163
324,ub0421,ub0421,RichterCaroline+RichterJohann_OsmundEmanuel_1805-03-21.xml,JP-UB0421,letters-context,Richter Caroline + Jean Paul,Osmund Emanuel,1805-03-21,1805,3,1804,RichterCarolineANDJeanPaul,OsmundEmanuel,0.0013429694823917713,0.001156675557761745,0.005343671851961283,0.0010023795628579216,0.004469631561383308,0.0008698841169620801,0.204495993046136,0.5099318491068349,0.0008952431254602281,0.0015107360427893141,0.0009090530858605569,0.002769283519585919,0.004062012005566935,0.002086289121333136,0.009517148794734445,0.003083185731212564,0.00256771469737405,0.0019118647153377726,0.011654521320088457,0.2304198935543677
325,ub0746,ub0746,EndeHenriette_RichterCaroline_1821-10-30.xml,JP-UB0746,letters-context,Ende Henriette Freifrau von,Richter Caroline,1821-10-30,1821,10,1819,EndeHenrietteFreifrauvon,RichterCaroline,7.998749213199915e-05,6.889179410910359e-05,0.0003182700097201832,5.9701898255038144e-05,0.0002662120204789496,5.181044682961573e-05,0.21697473609576148,0.41570943772983454,5.3320833714288956e-05,8.99796971714703e-05,5.414335731839737e-05,0.00016493900020695724,0.00024193412999729547,0.29384328939840576,0.07062826292968236,0.0001836350696351223,0.00015293352667079474,0.0001138709895352004,0.0006941452837279334,0.00025049829681342246
326,ub1081,ub1081,WagnerJohann_AbekenBernhard_1809-11-05.xml,JP-UB1081,letters-context,Wagner Johann Ernst,Abeken Bernhard Rudolf,1809-11-05,1809,11,1809,WagnerJohannErnst,AbekenBernhardRudolf,0.00021809662120356218,0.00018784271294631767,0.008215184872243758,0.00016278522981287067,0.008073241785174243,0.00014126812949628084,0.20954699866251514,0.3179284447853302,0.00014538640183458336,0.0002453417078964358,0.00014762912271674563,0.015144486338101587,0.3900707539200822,0.00033881083239966665,0.04562984758660815,0.0005007056372739917,0.00041699376423256747,0.0003104845196265149,0.001892680179991368,0.0006830171905139468
327,ub0969,ub0969,DoenhoffStanislaus_WagnerJohann_1811-09-22.xml,JP-UB0969,letters-context,Dönhoff Stanislaus Otto von,Wagner Johann Ernst,1811-09-22,1811,9,1809,DönhoffStanislausOttovon,WagnerJohannErnst,0.0004295560806513768,0.0003699689573678914,0.001709202455537226,0.00032061654564141537,0.015900796996545726,0.00027823715788212504,0.4850728248293074,0.3367584035159472,0.0002863483744380435,0.0004832171258900117,0.00029076556525384,0.0008857703696790024,0.11706854518354512,0.0006673109030515059,0.0030441117157489557,0.029928495843588407,0.0008212974874682759,0.0006115203097493601,0.0037277619229359954,0.0013452486597710467
328,ub0927,ub0927,TruchsessChristian_WagnerJohann_1810-05-26.xml,JP-UB0927,letters-context,Truchsess von Wetzhausen Christian Freiherr,Wagner Johann Ernst,1810-05-26,1810,5,1809,TruchsessvonWetzhausenChristianFreiherr,WagnerJohannErnst,8.91123727451576e-05,7.675089032172728e-05,0.039381550730336654,0.27625739737753124,0.0002965811799551511,5.772092269569812e-05,0.13365226906756916,0.35205632083350863,5.940361276971975e-05,0.00010024447698157952,6.031996891550366e-05,0.00018375505063217244,0.08432762905624737,0.0001384351441131041,0.09369582766899327,0.003206658780344202,0.000170380006556892,0.00012686126035274542,0.01578370674656633,0.00027907485286358496
329,ub0404,ub0404,MayerJohann_Uthe-SpazierWilhelmine+MahlmannErnestine+RichterCaroline_1802-02-13.xml,JP-UB0404,letters-context,Mayer Johann Siegfried Wilhelm,Uthe-Spazier Wilhelmine + Mahlmann Ernestine + Richter Caroline,1802-02-13,1802,2,1799,MayerJohannSiegfriedWilhelm,UtheSpazierWilhelmineANDMahlmannErnestineANDRichterCaroline,0.00018656846843438549,0.00016068807974904106,0.14530283781097475,0.00013925291846488588,0.10118474553106263,0.00012084634054973189,0.13525811489815714,0.3285357007248252,0.00012436927345218918,0.00020987499225213484,0.00012628778552175625,0.0003847153577827981,0.0005643042292301556,0.0002898321750284531,0.20873501065910216,0.000428323388813443,0.00035671294452079607,0.00026560072769416497,0.07704193379841279,0.0005842798959714586
330,ub0972,ub0972,WagnerKarl+WagnerLudwig_TruchsessChristian_1811-12-17.xml,JP-UB0972,letters-context,Wagner Karl Ludwig Friedrich Ernst + Wagner Ludwig Anton,Truchsess von Wetzhausen Christian Freiherr,1811-12-17,1811,12,1809,WagnerKarlLudwigFriedrichErnstANDWagnerLudwigAnton,TruchsessvonWetzhausenChristianFreiherr,0.0003331381609221205,0.00028692593029742904,0.012548528101313893,0.00024865113354749545,0.0011087406362405546,0.0002157841996707205,0.14051122956911366,0.496852216861773,0.00022207477705512682,0.0003747544776946584,0.00022550048766917534,0.0006869508435469143,0.0458995153054876,0.0005175266676908713,0.002360832087601453,0.0007648176952228339,0.0006369495087352638,0.07903506476992367,0.0028910305482796445,0.2142797682382139
331,ub0619,ub0619,EndeHenriette_RichterCaroline_1819-11-13.xml,JP-UB0619,letters-context,Ende Henriette Freifrau von,Richter Caroline,1819-11-13,1819,11,1819,EndeHenrietteFreifrauvon,RichterCaroline,0.00015292706211118557,0.0001317133391216697,0.0006084963567089351,0.00011414329489837087,0.0005089673535875491,9.905572995394892e-05,0.033590245037524585,0.4908271526511363,0.00010194341930096793,0.00017203103099393534,0.00010351599164872734,0.00031534476274841766,0.0004625507656103998,0.3866304505995843,0.001083739894268998,0.0003510895385185812,0.08272287271812925,0.0002177084869791194,0.00132712748067746,0.0004789244864973992
332,ub1069,ub1069,Uthe-SpazierWilhelmine_KindJohann_1809-01-30.xml,JP-UB1069,letters-context,Uthe-Spazier Wilhelmine,Kind Johann Friedrich,1809-01-30,1809,1,1809,UtheSpazierWilhelmine,KindJohannFriedrich,0.00017657985038356598,0.02989576199205062,0.0007026107357538103,0.0001317975095917791,0.0005876878683595356,0.00011437639442903967,0.003093139182683008,0.34069003011867,0.00011771071437092224,0.0001986385751146776,0.00011952651195475864,0.0003641182290213096,0.0005340921603980397,0.01812052111884603,0.07263618345481611,0.0004053915463161948,0.000337615026279298,0.006200116217687007,0.5250211044357355,0.0005529983575389127
333,ub0670,ub0670,SchlabrendorffAmanda_OsmundEmanuel_1816-03-04.xml,JP-UB0670,letters-context,Schlabrendorff Amanda,Osmund Emanuel,1816-03-04,1816,3,1814,SchlabrendorffAmanda,OsmundEmanuel,0.0002824239774022505,0.00024324671250552037,0.0011237642240950767,0.0002107985525515305,0.000939955181141084,0.00018293500739416396,0.0525196062384966,0.8398527000702185,0.00018826795958475968,0.00031770497215589515,0.0001911721685002759,0.0005823751592352272,0.0008542335487957442,0.0004387427111214608,0.09714624166291083,0.0006483882088877569,0.0005399856118659325,0.00040206158385600537,0.002450924097006776,0.0008844723522746115
334,ub0600,ub0600,RichterCaroline_ThieriotPaul_1802-05-09.xml,JP-UB0600,letters-context,Richter Caroline,Thieriot Paul Emile,1802-05-09,1802,5,1799,RichterCaroline,ThieriotPaulEmile,0.00030569197997852636,0.00026328702631070363,0.0012163475419205644,0.0002281655668856511,0.2893711310530122,0.00019800643391570168,0.036249832145406384,0.5486032911536181,0.0002037787508743008,0.00034387966234549703,0.00020692222821578368,0.10361383231347608,0.0009246111017108471,0.00047488931109004786,0.0021663307297432035,0.0007018068267175721,0.0005844732885979731,0.00043518614379964895,0.01295119555949012,0.0009573411828911383
335,ub0108,ub0108,MahlmannErnestine_RichterCaroline_1802-10-12.xml,JP-UB0108,letters-context,Mahlmann Ernestine,Richter Caroline,1802-10-12,1802,10,1799,MahlmannErnestine,RichterCaroline,0.0001977548985088999,0.00017032275158295184,0.034097336215057616,0.00014760236276354746,0.0006581620411949784,0.0001280921476770813,0.010126155299032609,0.8212429965272665,0.00013182631157104135,0.00022245885459993263,0.00013385985541041078,0.0004077824466887812,0.0005981392596294965,0.0003072101777880162,0.0014014188845489887,0.000454005164938039,0.0003781010410412936,0.0002815258408337192,0.001716151194083176,0.12719909872578294
336,ub0729,ub0729,MahlmannErnestine_MayerJohann_1803-04-18.xml,JP-UB0729,letters-context,Mahlmann Ernestine,Mayer Johann Siegfried Wilhelm,1803-04-18,1803,4,1799,MahlmannErnestine,MayerJohannSiegfriedWilhelm,0.000249226348793054,0.00021465418967356222,0.0009916709517782023,0.00018602016042162012,0.0008294678092832473,0.00016143184576124632,0.01276178103055058,0.6235865487527424,0.00016613793415705226,0.00028036022625316107,0.00016870076678480553,0.0005139196604304054,0.0007538223572273789,0.00038717054039865664,0.035350567902271465,0.025760464999942074,0.00047651280774384133,0.0003548011095094295,0.035747218427461265,0.26105952217881656
337,ub0677,ub0677,RichterCaroline_MayerJohann_1803-02-28.xml,JP-UB0677,letters-context,Richter Caroline,Mayer Johann Siegfried Wilhelm,1803-02-28,1803,2,1799,RichterCaroline,MayerJohannSiegfriedWilhelm,0.00022992188377999478,0.00019802759977033865,0.0009148585389423288,0.007917367551893931,0.0007652192561855835,0.0001489277287865229,0.3138577709165689,0.4203699346812297,0.00015326929505525382,0.015750156325679686,0.00015563361691945264,0.00047411269719258204,0.0006954331163159324,0.0003571812548058268,0.0016293749096984375,0.0005278540433409455,0.0004396032880645882,0.00032731908107106925,0.001995301852799025,0.23309273236190006
338,ub0842,ub0842,AretinJohann+BaboJoseph+SchererJoseph_WagnerJohann_1803-11-02.xml,JP-UB0842,letters-context,Aretin Johann Christoph + Babo Joseph Marius Franz von + Scherer Joseph,Wagner Johann Ernst,1803-11-02,1803,11,1799,AretinJohannChristophANDBaboJosephMariusFranzvonANDSchererJoseph,WagnerJohannErnst,0.0001330488637660529,0.00011459260297716252,0.0005294010605333206,9.930639798533704e-05,0.00044280931807611846,8.617998762251708e-05,0.011295080482305252,0.07741269468643901,8.869232115738145e-05,0.00014966960647949041,9.006048295406322e-05,0.00027435472701194124,0.004884661738972531,0.0002066900258868841,0.16678558573847554,0.009269924337186104,0.00025438517214298914,0.07190517859043427,0.6465965411785558,0.009381142681038207
339,ub1101,ub1101,WagnerJohann_TruchsessChristian_1811-05-30.xml,JP-UB1101,letters-context,Wagner Johann Ernst,Truchsess von Wetzhausen Christian Freiherr,1811-05-30,1811,5,1809,WagnerJohannErnst,TruchsessvonWetzhausenChristianFreiherr,0.00012572309681347632,0.0001082830511317899,0.0005002518541129383,9.383851567542419e-05,0.025831070408019432,8.143485498907645e-05,0.0022022843267637355,0.3188058396532182,8.380885761706496e-05,0.0001414286893764287,8.510168743275716e-05,0.00025924855672580257,0.6441672114409196,0.00019530952312865108,0.0008909550328557708,0.00028863474804268646,0.0002403785400338459,0.00017898065134927662,0.005326487182589546,0.00039372932920453234
340,ub0537,ub0537,RichterCaroline_RichterOdilie_1822-12-15.xml,JP-UB0537,letters-context,Richter Caroline,Richter Odilie Minna,1822-12-15,1822,12,1819,RichterCaroline,RichterOdilieMinna,0.0002720695749553307,0.000234328651162644,0.0010825640854285274,0.00020307012570752362,0.4041942938865353,0.00017622813106725916,0.013931481793435738,0.515760555805666,0.018512674650690758,0.00030605707606949363,0.00018416329628089304,0.0005610237611376711,0.0008229151103641025,0.0004226572546266181,0.0385906788354338,0.000624616599556233,0.0005201883255581813,0.000387320953524319,0.0023610668026626887,0.0008520452801369599
341,ub1132,ub1132,Uthe-SpazierWilhelmine_EnslinTheodor_1817-10-20.xml,JP-UB1132,letters-context,Uthe-Spazier Wilhelmine,Enslin Theodor Christian Friedrich,1817-10-20,1817,10,1814,UtheSpazierWilhelmine,EnslinTheodorChristianFriedrich,8.805498216123309e-05,0.15136493202677495,0.00035037053020886815,0.0030321761769011983,0.00029306200369047427,5.70360171290109e-05,0.10536830145433712,0.2292207757716677,5.8698740720431714e-05,9.905499495135812e-05,5.9604223557266226e-05,0.00018157464790804467,0.00026633545987351674,0.012002603624174966,0.10741631458130983,0.0031686091729132408,0.00016835830957955458,0.00012535594859827776,0.34487267899150065,0.04180610234204224
342,ub1047,ub1047,WagnerJohann_GoetheJohann_1806-03-02.xml,JP-UB1047,letters-context,Wagner Johann Ernst,Goethe Johann Wolfgang von,1806-03-02,1806,3,1804,WagnerJohannErnst,GoetheJohannWolfgangvon,0.0005198258910459422,0.00044771672800317507,0.002068385781154006,0.0003879930677954578,0.001730069252880724,0.0003367077898160412,0.09666690258180244,0.24991702879906155,0.0003465235520961448,0.0005847636300562505,0.00035186900116593664,0.0010719121260773738,0.4393780013999313,0.08836868616772399,0.021196050282475586,0.001193414884702615,0.0009938904777918476,0.0007400293098542893,0.004511138941995392,0.08918909033456998
343,ub0710,ub0710,RichterCaroline+RichterJohann_HerderCaroline+HerderJohann_1801-06-22.xml,JP-UB0710,letters-context,Richter Caroline + Jean Paul,Herder Caroline (von) + Herder Johann Gottfried (seit 1801) von,1801-06-22,1801,6,1799,RichterCarolineANDJeanPaul,HerderCarolinevonANDHerderJohannGottfriedseit1801von,9.244260828038668e-05,7.961916253170249e-05,0.0003678288823883197,6.89982776916956e-05,0.0003076647719877793,5.987802234376996e-05,0.2819032471740366,0.3496417552349429,0.07480400633509282,0.00010399073251457065,6.257419801723343e-05,0.25867469583325314,0.01896520217576156,0.00014360863037598756,0.0006551080046963704,0.00021222949184113718,0.00017674731038742732,0.00013160221679073476,0.003916498882151669,0.009632302054914086
344,ub0542,ub0542,RichterJohann+RichterCaroline_MayerJohann_1802-05-20.xml,JP-UB0542,letters-context,Jean Paul + Richter Caroline,Mayer Johann Siegfried Wilhelm,1802-05-20,1802,5,1799,JeanPaulANDRichterCaroline,MayerJohannSiegfriedWilhelm,0.000293597695359274,0.000252870435620356,0.0011682244169077699,0.00021913850864741408,0.0009771432208497467,0.0001901725804780423,0.16339745711068646,0.5268985531139203,0.0001957165236199167,0.00033027453436186127,0.00019873563358458864,0.05005995447308871,0.000888030129494968,0.0004561009657387332,0.0020806228206682337,0.0006740408005671548,0.0005613494032243662,0.000417968599898636,0.0025478915529781967,0.2481921574803053
345,ub0989,ub0989,KalbCharlotte_RichterCaroline_1815-03-19.xml,JP-UB0989,letters-context,Kalb Charlotte von,Richter Caroline,1815-03-19,1815,3,1814,KalbCharlottevon,RichterCaroline,0.00016390452960601592,0.00014116803522897133,0.0006521756694759487,0.0001223367715283522,0.0005455022382757477,0.00010616618536147896,0.2734354372963553,0.26101728071453834,0.022196145322014384,0.03883642711041242,0.00011094661522725955,0.044511749282518866,0.01706091687902549,0.0002546239818087702,0.26620414326149194,0.0003762915789138947,0.00031338021835463704,0.022320220281021968,0.051117881205961946,0.0005133028228783146
346,ub1109,ub1109,WagnerJohann_TruchsessChristian_1811-09-10.xml,JP-UB1109,letters-context,Wagner Johann Ernst,Truchsess von Wetzhausen Christian Freiherr,1811-09-10,1811,9,1809,WagnerJohannErnst,TruchsessvonWetzhausenChristianFreiherr,0.00034474536391211434,0.0002969230063058833,0.001371740848459508,0.0002573146387214121,0.001147371388095812,0.058293318499883076,0.09895091041798657,0.305111489152848,0.0002298123085618793,0.00038781167679178587,0.00023335737781791645,0.012324888780422464,0.43076085189429975,0.0005355583367977537,0.014057091410796438,0.05886148142573985,0.0006591421096123379,0.0004907829296805844,0.014605763051314006,0.001079645381952917
347,ub0166,ub0166,MayerJohann_RichterCaroline_1814-06-25.xml,JP-UB0166,letters-context,Mayer Johann Siegfried Wilhelm,Richter Caroline,1814-06-25,1814,6,1814,MayerJohannSiegfriedWilhelm,RichterCaroline,0.00029653065267139624,0.00025539653921345364,0.7603982374483857,0.00022132763990240743,0.010976619640050644,0.000192072350364845,0.045153170702479366,0.13257351803789402,0.00019767167591888736,0.0003335738828440727,0.00020072094593177135,0.0006114639686617986,0.0008969012974327815,0.00046065728441450633,0.04206026779724351,0.0006807742760880473,0.0005669571237986972,0.00042214398710598467,0.0025733442635373087,0.0009286504860606982
348,ub0119,ub0119,RichterEmma_RichterCaroline_1825-11-20.xml,JP-UB0119,letters-context,Richter Emma,Richter Caroline,1825-11-20,1825,11,1824,RichterEmma,RichterCaroline,0.0004703994367611503,0.0004051466083335686,0.0018717180564090546,0.0003511016355706756,0.001565569580375039,0.00030469270078846314,0.3885707988816737,0.3846254233120045,0.00031357515379335584,0.0005291627195855755,0.0003184123430811116,0.09605270150105588,0.017269911713200838,0.0324249971934055,0.06672202722924434,0.0010799417636873118,0.0008993886780338065,0.0006696653178274155,0.004082207627627339,0.0014731585475414792
349,ub0459,ub0459,RichterCaroline_FranzI-II_1825-11-20.xml,JP-UB0459,letters-context,Richter Caroline,Franz II. / I. ,1825-11-20,1825,11,1824,RichterCaroline,FranzIII,0.008297011061623795,0.000206005959308175,0.0009517173927506194,0.0001785255701581877,0.0007960492736084312,0.00015492789728217837,0.18146196231968248,0.058588459467848984,0.00015944438147492312,0.6207216533110856,0.00016190395980800624,0.0004932142848704746,0.0007234515109383043,0.0003715717765024053,0.0016950210058314017,0.0005491208230532628,0.00045731452170203005,0.00034050648179403834,0.09071177490596358,0.03298036409471312
350,ub0900,ub0900,WagnerJohann_TruchsessChristian_1809-06-23.xml,JP-UB0900,letters-context,Wagner Johann Ernst,Truchsess von Wetzhausen Christian Freiherr,1809-06-23,1809,6,1809,WagnerJohannErnst,TruchsessvonWetzhausenChristianFreiherr,0.0006730522792510659,0.0005796878713275447,0.0026780731555619323,0.0005023597768243264,0.0022400328147769146,0.00043595740281671813,0.0571382531782241,0.4369548650848707,0.0004486665065551205,0.0007571313795866741,0.00045558760598863435,0.0013878741171617982,0.4781943119621192,0.0010455797147297665,0.004769682984053785,0.0015451916152638369,0.0012868544313130658,0.0009581639204385117,0.0058408640262589346,0.002107810172877465
351,ub0679,ub0679,OertelLudwig_RichterCaroline_1810-12-25.xml,JP-UB0679,letters-context,Oertel Ludwig Christian von,Richter Caroline,1810-12-25,1810,12,1809,OertelLudwigChristianvon,RichterCaroline,0.00030569197997852636,0.00026328702631070363,0.03211139068365742,0.0002281655668856511,0.0010173950634681584,0.00019800643391570168,0.17012835242626612,0.21905616430842487,0.0002037787508743008,0.00034387966234549703,0.05169866079777722,0.0006303551743532225,0.0009246111017108471,0.00047488931109004786,0.0021663307297432035,0.0007018068267175721,0.0520762118581594,0.00043518614379964895,0.4660784949716307,0.0009573411828911383
352,ub0007,ub0007,Uthe-SpazierWilhelmine_FalkJohannes_1804-11-06.xml,JP-UB0007,letters-context,Uthe-Spazier Wilhelmine,Falk Johannes Daniel,1804-11-06,1804,11,1804,UtheSpazierWilhelmine,FalkJohannesDaniel,0.0001951546216394333,0.03304055421673514,0.0007765196991502268,0.10533756885953206,0.04009647312058767,0.00012640786551124642,0.003418512392911101,0.4554217946801541,0.0001300929289274258,0.00021953374569802487,0.00013209973372241035,0.026700397349653127,0.0071647685408420874,0.0003031706747193681,0.3038097251846354,0.0004480354562840022,0.0003731293948330118,0.0002778240608141253,0.008268079749322008,0.013760157724328254
353,ub0496,ub0496,OsmundEmanuel_GoldschmidtCaroline_1803-01-10.xml,JP-UB0496,letters-context,Osmund Emanuel,Goldschmidt Caroline,1803-01-10,1803,1,1799,OsmundEmanuel,GoldschmidtCaroline,0.000111970063391308,9.643780981165853e-05,0.004217647966484976,8.357338321304568e-05,0.04941020759980005,7.252657710871367e-05,0.009505612012121013,0.3367408741409294,7.464088411740417e-05,0.00012595759821540508,7.579228938887939e-05,0.000230888977971641,0.000338670198930777,0.00017394432876630407,0.07246376065014615,0.5132652981927638,0.00021408318000177307,0.0039315210904295895,0.0009716955657708481,0.007894897490637286
354,ub0894,ub0894,KalbCharlotte_RichterCaroline_1809-11-21.xml,JP-UB0894,letters-context,Kalb Charlotte von,Richter Caroline,1809-11-21,1809,11,1809,KalbCharlottevon,RichterCaroline,0.0006170846346881515,0.0005314839416476778,0.1687653254024946,0.0004605860628072003,0.0020537629450333595,0.0003997053764621417,0.11475315349549348,0.5461410987126168,0.00041135765501374637,0.0006941721396487478,0.00041770323060606556,0.001272465481485215,0.0018664647465331835,0.0009586345610764649,0.10831677721462914,0.0014167012471739868,0.001179846084953875,0.0008784878248582642,0.04693265396933772,0.0019325352734402765
355,ub0177,ub0177,Uthe-SpazierWilhelmine_FalkJohannes_1809-01-07.xml,JP-UB0177,letters-context,Uthe-Spazier Wilhelmine,Falk Johannes Daniel,1809-01-07,1809,1,1809,UtheSpazierWilhelmine,FalkJohannesDaniel,0.00013070545324616706,0.00011257426547531078,0.07537599368540926,9.755729881121701e-05,0.0004350100480567392,0.13658662846916414,0.1520013940783346,0.4195057733218559,8.71301693843399e-05,0.0001470334522095228,8.847423353256006e-05,0.0002695224741443731,0.004798627425103307,0.00020304956202038708,0.14183151884858378,0.00030007322856104415,0.0002499046461796028,0.0001860735835326148,0.06278033385196091,0.00481262190443428
356,ub0328,ub0328,FoersterErnst_RichterEmma_1826-01-28.xml,JP-UB0328,letters-context,Förster Ernst Joachim,Richter Emma,1826-01-28,1826,1,1824,FörsterErnstJoachim,RichterEmma,0.0005290914615710959,0.267821290500106,0.0021052534606186553,0.00039490880091851567,0.0017609066523871474,0.0003427093950201062,0.11621430240066853,0.05830354121286704,0.3746645310201724,0.0005951866750568163,0.0003581408454547202,0.0010910182875287651,0.0016003162373557124,0.0008219380819437075,0.14634446688774236,0.0012146867566321393,0.0010116059522899136,0.0007532198682301697,0.004591547164701888,0.019481338338734347
357,ub0126,ub0126,HolzschuherJohann_RichterCaroline_1823-09-09.xml,JP-UB0126,letters-context,Holzschuher Johann Heinrich Christoph,Richter Caroline,1823-09-09,1823,9,1819,HolzschuherJohannHeinrichChristoph,RichterCaroline,0.0008456152564539322,0.0007283132723676892,0.003364700764051841,0.0006311591307351926,0.0028143518438724672,0.2284487699399716,0.5560775595369497,0.03620780531182671,0.0005636995144345575,0.0009512512853101537,0.0005723951053311911,0.001743709313064762,0.0025576897828601627,0.001313654504815111,0.005992575649922236,0.0019413612349188489,0.1440549380742018,0.0012038262914852668,0.007338395372456757,0.0026482288149701143
358,ub0183,ub0183,RichterCaroline_OsmundEmanuel_1808-06-07.xml,JP-UB0183,letters-context,Richter Caroline,Osmund Emanuel,1808-06-07,1808,6,1804,RichterCaroline,OsmundEmanuel,0.0008967052720222975,0.0007723161875704611,0.003567987794537986,0.0006692922291736003,0.0029843881321500263,0.0005808245711876928,0.6803007611937097,0.21964809078239128,0.0005977568670527107,0.0010087235726240367,0.0006069778243862604,0.001849059985573632,0.002712219174126525,0.031601805313126015,0.00635463248476816,0.002058653555461588,0.001714471800270416,0.00127655854590497,0.03799054635977808,0.002808228354184657
359,ub0985,ub0985,KalbCharlotte_RichterCaroline_1814-03-09.xml,JP-UB0985,letters-context,Kalb Charlotte von,Richter Caroline,1814-03-09,1814,3,1814,KalbCharlottevon,RichterCaroline,0.00011590492844771924,9.982683859713465e-05,0.008270544699317704,8.651032881520928e-05,0.0003857513764104088,7.507531455944507e-05,0.3183093520835184,0.3563840206131814,0.10940829426205184,0.00013038401485567433,0.01569717441077654,0.00023900290542523258,0.04720672764633309,0.00018005710070099042,0.008630736462997125,0.00026609422347467245,0.07050584030566268,0.00016500340919012787,0.06348071748450625,0.0003629815911783058
360,ub0102,ub0102,SchwendlerAuguste_MuellerFriedrich_1810-02-11.xml,JP-UB0102,letters-context,Schwendler Auguste Sophie Henriette,Müller Friedrich Theodor Adam Heinrich von,1810-02-11,1810,2,1809,SchwendlerAugusteSophieHenriette,MüllerFriedrichTheodorAdamHeinrichvon,0.00036599892746593736,0.00031522831986688897,0.001456308718992327,0.00027317809505722723,0.001218106873672781,0.00023706916501241719,0.15437126499367948,0.6075117813287096,0.00024398024529652916,0.00041172028001729616,0.000247743868194248,0.0007547117125941273,0.0011070184817182328,0.0005685755266991457,0.014923711580219294,0.0008402593548085486,0.2103098952960742,0.0005210397141917079,0.003176201960810403,0.0011462055569195554
361,ub0626,ub0626,SpazierJohann_BoettigerCarl_1801-02-25.xml,JP-UB0626,letters-context,Spazier Johann Karl Gottlieb,Böttiger Carl August,1801-02-25,1801,2,1799,SpazierJohannKarlGottlieb,BöttigerCarlAugust,0.00037525266331075015,0.000323198396782275,0.014134881988943457,0.00028008499488819456,0.0012489048853439155,0.00024306310451700607,0.1077073009771897,0.15512695952505198,0.00025014892113653364,0.0004221300119244667,0.0002540077016139649,0.000773793470225732,0.0011350077894358068,0.0005829511090767438,0.0026592826413213795,0.0008615040567107277,0.0007174710903301707,0.0005342134245989209,0.7111946575963352,0.0011751856512630756
362,ub0608,ub0608,HeimJohanna_RichterCaroline_1810-01-16.xml,JP-UB0608,letters-context,Heim Johanna,Richter Caroline,1810-01-16,1810,1,1809,HeimJohanna,RichterCaroline,0.00017049449072305256,0.00014684385068912704,0.0006783971065140508,0.00012725545540788577,0.0005674347531863161,0.00011043471311454343,0.37632885462810106,0.3978737797541454,0.00011365412449791546,0.00019179301958045892,0.0001154073453984874,0.00035156985287459336,0.0005156860801979334,0.0002648614178553409,0.001208234035224645,0.16695952937820496,0.052019530953181285,0.00024271765311625868,0.0014795806629578966,0.0005339407250288181
363,ub0326,ub0326,RichterCaroline+RichterJohann_OsmundEmanuel_1809-11-09.xml,JP-UB0326,letters-context,Richter Caroline + Jean Paul,Osmund Emanuel,1809-11-09,1809,11,1809,RichterCarolineANDJeanPaul,OsmundEmanuel,0.000986069115855617,0.0008492836654356692,0.00392356628171605,0.0007359925465608684,0.036501135805149125,0.0006387083797183522,0.5155628598597217,0.27475710727780844,0.033876657668491794,0.0011092509349887817,0.0006674680135276855,0.002033333584653279,0.002982513481833407,0.0015318481143952185,0.006987922376893207,0.0022638148281529822,0.0018853326115049304,0.0014037778030005215,0.07499593735256402,0.0363074202980284
364,ub0479,ub0479,SpazierJohann_FalkJohannes_1804-06-10.xml,JP-UB0479,letters-context,Spazier Johann Karl Gottlieb,Falk Johannes Daniel,1804-06-10,1804,6,1804,SpazierJohannKarlGottlieb,FalkJohannesDaniel,0.00031543743308211716,0.0002716806104926473,0.001255124672836094,0.0002354394797704265,0.0010498295940683726,0.00020431887435352493,0.016152158346530027,0.5342127747341601,0.00021027521264046592,0.00035484253786124346,0.00021351890396537017,0.0006504508824273978,0.0009540876818010912,0.0004900287711143169,0.08724866366915908,0.0007241804117819773,0.0006031062832376527,0.3405021413354039,0.013364079368117713,0.0009878611971965744
365,ub0322,ub0322,RichterCaroline_OsmundEmanuel_1805-04-23.xml,JP-UB0322,letters-context,Richter Caroline,Osmund Emanuel,1805-04-23,1805,4,1804,RichterCaroline,OsmundEmanuel,0.002452590582876436,0.002112372334297197,0.009758851138419905,0.0018305901277479398,0.00816263989621926,0.0015886210531421484,0.6213330145374794,0.18764019875060767,0.0016349328020307935,0.002758973335088933,0.0016601531657634238,0.0050573886975862035,0.007418226938889026,0.0038100739586623936,0.01738064030183992,0.08825509729901783,0.004689274751856118,0.003491532352783037,0.02128400504431056,0.007680822931381872
366,ub0428,ub0428,RichterCaroline+RichterEmma+RichterJohann_OsmundEmanuel_1808-12-01.xml,JP-UB0428,letters-context,Richter Caroline + Richter Emma + Jean Paul,Osmund Emanuel,1808-12-01,1808,12,1804,RichterCarolineANDRichterEmmaANDJeanPaul,OsmundEmanuel,0.0012848397127528785,0.0011066094284853886,0.005112373659520504,0.0009589920593862184,0.09084517631178303,0.0008322316133165908,0.19564448515730606,0.5311442065671419,0.0008564929696777423,0.04472984985122077,0.0008697051727743358,0.002649416452486511,0.003886189825502578,0.0019959851288647167,0.09567421425884352,0.002949731562179537,0.002456572437022068,0.001829110596989988,0.011150061130582324,0.004023756104163268
367,ub0838,ub0838,SpazierJohann_SchuetzFriedrich_1804-04-10.xml,JP-UB0838,letters-context,Spazier Johann Karl Gottlieb,Schütz Friedrich Karl Julius,1804-04-10,1804,4,1804,SpazierJohannKarlGottlieb,SchützFriedrichKarlJulius,0.0003025759476596607,0.0002606032434938308,0.01139732167422438,0.00022583979019854947,0.001007024376284792,0.00019598808051477824,0.015493578459275412,0.145469633444017,0.0002017015580946047,0.00034037436874327534,0.010398185809072374,0.010817302545327142,0.0009151861960410435,0.00047004858729564407,0.002144248512971583,0.0006946530480878346,0.0005785155344661408,0.2858451889848289,0.5122944471921014,0.0009475826473015576
368,ub0707,ub0707,SpazierJohann_Unbekannt_1800-06-23.xml,JP-UB0707,letters-context,Spazier Johann Karl Gottlieb,Unbekannte Korrespondenten,1800-06-23,1800,6,1799,SpazierJohannKarlGottlieb,UnbekannteKorrespondenten,0.00024112820532479947,0.00020767940377128252,0.009082730276718404,0.00017997578367583364,0.0008025158061968795,0.0001561864202528654,0.012347110855441356,0.20528346271203693,0.00016073959311952254,0.0490109413380097,0.00016321915130055228,0.0004972208035018477,0.000729328311441417,0.016621153789513326,0.3997495990926606,0.0005535814862496167,0.00046102941644008045,0.016589836142661362,0.2864074157865668,0.0007551456251167482
369,ub0034,ub0034,SpazierJohann_Unbekannt_1803-01-03.xml,JP-UB0034,letters-context,Spazier Johann Karl Gottlieb,Unbekannte Korrespondenten,1803-01-03,1803,1,1799,SpazierJohannKarlGottlieb,UnbekannteKorrespondenten,0.0002513365952953062,0.00021647170718383377,0.02640163345206116,0.00018759522820550068,0.0008364910696718355,0.00016279871964725202,0.0044026488257938095,0.19703995447680264,0.00016754465538112892,0.00028273408916808365,0.00017012918799612175,0.0005182711151265637,0.000760205113305788,0.00039044878638913084,0.30659992340469633,0.0005770178805298988,0.0004805475315629298,0.0003578052774233092,0.4594093274564565,0.0007871154273028098
370,ub0112,ub0112,RichterJohann+RichterCaroline_OsmundEmanuel_1802-10-09.xml,JP-UB0112,letters-context,Jean Paul + Richter Caroline,Osmund Emanuel,1802-10-09,1802,10,1799,JeanPaulANDRichterCaroline,OsmundEmanuel,0.00026959852798235127,0.00023220038267017163,0.0010727317963649908,0.00020122575990692097,0.0008972698973221146,0.00017462755522227886,0.2499475668778884,0.274933591348408,0.0001797183271659694,0.00030327734073339583,0.19091306550789408,0.0005559283142581135,0.0008154410593136754,0.07307808512137938,0.0019105492263903254,0.04603098520937742,0.0005154637627787499,0.0003838031464709765,0.06591648091583087,0.09166838992264184
371,ub0094,ub0094,RichterCaroline_OsmundEmanuel_1809-02-26.xml,JP-UB0094,letters-context,Richter Caroline,Osmund Emanuel,1809-02-26,1809,2,1809,RichterCaroline,OsmundEmanuel,0.0006730522792510659,0.0005796878713275447,0.0026780731555619323,0.0005023597768243264,0.0022400328147769146,0.00043595740281671813,0.28388042684779713,0.5956743866535719,0.045797101240469734,0.0007571313795866741,0.00045558760598863435,0.0467363088510764,0.0020357472560158085,0.0010455797147297665,0.004769682984053785,0.0015451916152638369,0.0012868544313130658,0.0009581639204385117,0.0058408640262589346,0.002107810172877465
372,ub0222,ub0222,SchwendlerAuguste_OsmundEmanuel_1811-08-26.xml,JP-UB0222,letters-context,Schwendler Auguste Sophie Henriette,Osmund Emanuel,1811-08-26,1811,8,1809,SchwendlerAugusteSophieHenriette,OsmundEmanuel,8.831697028336917e-05,0.0030513446298512533,0.00035141298022144286,6.591894099329542e-05,0.0002939339448587289,5.720571518192049e-05,0.3764321728217594,0.2388286079038474,5.887338583960213e-05,9.9349711178408e-05,0.00898561797900435,0.0001821148831095673,0.0032424066875437513,0.0001371994946624886,0.09285951403833337,0.003178036668628073,0.2709192305158317,0.00012572891749527572,0.0007664299349974949,0.00027658387637903163
373,ub1088,ub1088,Uthe-SpazierWilhelmine_KindJohann_1810-09-11.xml,JP-UB1088,letters-context,Uthe-Spazier Wilhelmine,Kind Johann Friedrich,1810-09-11,1810,9,1809,UtheSpazierWilhelmine,KindJohannFriedrich,0.00022301228863597528,0.00019207648924853967,0.1286080453608533,0.00016645423691739674,0.0833850159388435,0.00014445216389154383,0.04147139946558248,0.01706198762061811,0.0001486632577375776,0.0002508714507996671,0.00015095652717908752,0.0004598646981053161,0.0006745340126530345,0.00034644727062317003,0.04665829614527752,0.0005119910133646011,0.00042639236314274585,0.037882388419114274,0.6405387396010018,0.0006984116764104245
374,ub0402,ub0402,MayerJohann_RichterCaroline_1816-10-04.xml,JP-UB0402,letters-context,Mayer Johann Siegfried Wilhelm,Richter Caroline,1816-10-04,1816,10,1814,MayerJohannSiegfriedWilhelm,RichterCaroline,0.00014983923211472173,0.03041633544824896,0.4750969549843985,0.00011183856815467554,0.0004986905285447335,9.705564409569156e-05,0.022816246363245158,0.3446238386496525,9.988502660242282e-05,0.00016855746280729572,0.0001014258463224917,0.00030897747232774386,0.005501091429046472,0.00023277368846320556,0.0010618575373617855,0.0003440005067048782,0.08105257209084729,0.03554847449023157,0.001300330758191626,0.00046925427263837314
375,ub0424,ub0424,RichterCaroline_RichterOdilie_1823-01-19.xml,JP-UB0424,letters-context,Richter Caroline,Richter Odilie Minna,1823-01-19,1823,1,1819,RichterCaroline,RichterOdilieMinna,0.00023539174488271207,0.00020273869315318824,0.05644682086849484,0.00017569414452789811,0.2704043844715169,0.00015247073207708792,0.17858396534379087,0.366930345036926,0.000156915584575332,0.0002647973746477436,0.05566953392122708,0.00048539187844337403,0.0007119775290962219,0.024155763384575715,0.0016681378769018164,0.008470439988253016,0.0004500614875472959,0.00033510602975247875,0.03376288326291952,0.0007371806466910075
376,ub1046,ub1046,WagnerJohann_GoeschenGeorg_1806-01-06.xml,JP-UB1046,letters-context,Wagner Johann Ernst,Göschen Georg Joachim,1806-01-06,1806,1,1804,WagnerJohannErnst,GöschenGeorgJoachim,0.00022815465349026055,0.00019650551597925263,0.0009078267345126648,0.000170292448807003,0.000759337612274241,0.00014778303742889336,0.08085877677680899,0.4709424219778421,0.02321075264507249,0.00025665621064149607,0.00015443738262718265,0.000470468562474079,0.20053182009801815,0.00035443588093344626,0.09385149682135492,0.0005237968407875628,0.0004362244002729508,0.0003248032344497435,0.12495949305144192,0.0007145161147826878
377,ub0012,ub0012,OttoGeorg_Industrie-Comptoir_1811-06-01.xml,JP-UB0012,letters-context,Otto Georg Christian,Industrie-Comptoir ,1811-06-01,1811,6,1809,OttoGeorgChristian,IndustrieComptoir,0.0005198258910459422,0.00044771672800317507,0.05460507101308042,0.0003879930677954578,0.001730069252880724,0.0003367077898160412,0.026617988939233887,0.2849414856203458,0.0003465235520961448,0.0005847636300562505,0.00035186900116593664,0.0010719121260773738,0.00157229113387788,0.0008075441145133043,0.003683821871833445,0.001193414884702615,0.0009938904777918476,0.0007400293098542893,0.6174391333144702,0.0016279482813592965
378,ub0895,ub0895,WagnerJohann_HeimJohanna_1809-02-05.xml,JP-UB0895,letters-context,Wagner Johann Ernst,Heim Johanna,1809-02-05,1809,2,1809,WagnerJohannErnst,HeimJohanna,0.0002745863384762263,0.00023649629449888862,0.001092578280509641,0.00020494861390175963,0.0009138701816159311,0.00017785831897672506,0.3285753443777712,0.26151922344034045,0.03718480683180857,0.0003088882389604202,0.00018586688796711436,0.0005662134782775563,0.0008305274379494206,0.03742833057769522,0.0019458960717598907,0.16713833058552105,0.15778249541466766,0.00039090384311007514,0.0023829077115563604,0.0008599270746358563
379,ub1155,ub1155,RichterCaroline_FriedrichAugustI._1826-02-03.xml,JP-UB1155,letters-context,Richter Caroline,Friedrich August I. ,1826-02-03,1826,2,1824,RichterCaroline,FriedrichAugustI,0.00015136740114936906,0.00013037003107440457,0.0006022904700603278,0.005212341385569323,0.0005037765358129133,9.804548786258452e-05,0.2576196044792968,0.05237555421891735,0.0001009037264617619,0.5254045838218814,0.00010246026057752644,0.00031212864841795063,0.00045783333782475135,0.00023514768316252276,0.001072687129751586,0.00544687107975007,0.00028940962972765914,0.00021548813811797009,0.13899637205358048,0.01067276448100331
380,ub1271,ub1271,OsmundEmanuel_GoldschmidtCaroline_1805-10-15.xml,JP-UB1271,letters-context,Osmund Emanuel,Goldschmidt Caroline,1805-10-15,1805,10,1804,OsmundEmanuel,GoldschmidtCaroline,0.00018311569113303684,0.00015771426451107167,0.0007286168279992191,0.00013667579854715868,0.0006094402614533707,0.00011860986669590965,0.009376546118878414,0.6432393576321379,0.00012206760153536169,0.00020599088677895438,0.00012395060816833623,0.000377595524158287,0.0005538607880094,0.00028446832140658187,0.013635513981803588,0.3212041837846232,0.0003501113447527634,0.000260685319578851,0.0015891096218745967,0.006742385755954053
381,ub0230,ub0230,SpazierJohann_FalkJohannes_1803-04-03.xml,JP-UB0230,letters-context,Spazier Johann Karl Gottlieb,Falk Johannes Daniel,1803-04-03,1803,4,1799,SpazierJohannKarlGottlieb,FalkJohannesDaniel,0.0002513365952953062,0.00021647170718383377,0.0010000676167677164,0.00018759522820550068,0.0008364910696718355,0.00016279871964725202,0.0044026488257938095,0.3663837267120923,0.00016754465538112892,0.00028273408916808365,0.00017012918799612175,0.0005182711151265637,0.009227393725070268,0.00039044878638913084,0.010248321992939546,0.0005770178805298988,0.0004805475315629298,0.4914547447597632,0.11225459437411284,0.0007871154273028098
382,ub0006,ub0006,RichterCaroline_MayerJohann_1801-07-27.xml,JP-UB0006,letters-context,Richter Caroline,Mayer Johann Siegfried Wilhelm,1801-07-27,1801,7,1799,RichterCaroline,MayerJohannSiegfriedWilhelm,5.099371932980335e-05,4.3919976977510784e-05,0.01222826799581243,3.806122384797166e-05,0.08091144637029025,3.303025652587229e-05,0.13832598696639342,0.5089666667546425,3.3993160135218357e-05,5.736396154752122e-05,3.4517536343198805e-05,0.09630806512623977,0.015615420578913675,7.92182125424117e-05,0.000361374417529086,0.00011707124389684592,9.749836039737066e-05,7.259516613650648e-05,0.00387835063357986,0.14274615833891874
383,ub0869,ub0869,GoeschenGeorg_WagnerJohann_1808-03-08.xml,JP-UB0869,letters-context,Göschen Georg Joachim,Wagner Johann Ernst,1808-03-08,1808,3,1804,GöschenGeorgJoachim,WagnerJohannErnst,0.0003487962850793417,0.0003004119921406221,0.013138332675058552,0.2470202758798049,0.001160853544867884,0.00022592646551099037,0.017860317883757047,0.37919953287095903,0.00023251271193983452,0.0003923686475152972,0.00023609943743723658,0.0007192388335159768,0.0010549865176133018,0.0005418514006933778,0.002471795664514087,0.0008007655746140468,0.0006668873413211539,0.0004965498613538516,0.3320401646862001,0.0010923317261033409
384,ub0176,ub0176,SpazierJohann_BoettigerCarl_1803-02-01.xml,JP-UB0176,letters-context,Spazier Johann Karl Gottlieb,Böttiger Carl August,1803-02-01,1803,2,1799,SpazierJohannKarlGottlieb,BöttigerCarlAugust,0.00033691939798679665,0.00029018264204565465,0.0013406013517115627,0.00025147341268760083,0.0011213252383085405,0.00021823342737705093,0.005901797906472355,0.18468167024829027,0.00022459540506065522,0.00037900807481271317,0.00022805999871323306,0.0006947479808788857,0.0010190630967230815,0.0005234007801384348,0.2066940548007979,0.01212385567279548,0.0006441791130654627,0.0004796418067345858,0.5817920529845351,0.0010551366608646643
385,ub0263,ub0263,RichterCaroline_RichterEmma_1819-09-17.xml,JP-UB0263,letters-context,Richter Caroline,Richter Emma,1819-09-17,1819,9,1819,RichterCaroline,RichterEmma,0.0004423589766585227,0.0003809958623528485,0.09117498467530027,0.00033017250463469243,0.3889365507838375,0.00028653000149008167,0.0524561967671236,0.272283103443091,0.00029488297242158575,0.0004976193864802015,0.00029943181737337446,0.0009121707081680184,0.03114292737882237,0.0006872000688229407,0.10745215408994252,0.001015566550684641,0.0008457762151516129,0.0006297466398716262,0.04854628743365353,0.0013853437241190688
386,ub0152,ub0152,RichterEmma_ReitzensteinAnna_1826-01-21.xml,JP-UB0152,letters-context,Richter Emma,Reitzenstein Anna Margaretha Fanny von,1826-01-21,1826,1,1824,RichterEmma,ReitzensteinAnnaMargarethaFannyvon,0.0003952387030456404,0.1468060194432227,0.0015726537050635321,0.000295002383581973,0.001315421835399276,0.00025600869915210617,0.3930599752540643,0.4296901600696184,0.0002634719079299268,0.0004446127496009362,0.00026753620790792527,0.0008150058813678308,0.0011954585550051613,0.0006139992139102011,0.002800916622188666,0.0009073879530628008,0.01407073897984553,0.0005626657495917598,0.0034299497878133994,0.0012377762986279595
387,ub0579,ub0579,MayerJohann_RichterCaroline_1815-12-01.xml,JP-UB0579,letters-context,Mayer Johann Siegfried Wilhelm,Richter Caroline,1815-12-01,1815,12,1814,MayerJohannSiegfriedWilhelm,RichterCaroline,0.02720866427391161,0.00017262281036279473,0.5544663889561775,0.00014959560269916765,0.0006670499400067384,0.00012982191933797482,0.010262900109606257,0.18413542716615172,0.00013360650982714812,0.00022546296554178282,0.00013566751488540028,0.0004132891895522885,0.0006062166036301862,0.00031135878072045706,0.14321359787812488,0.0004601361049093861,0.0003832069626579439,0.00028532759941232505,0.07601198319627095,0.000627675916213545
388,ub0530,ub0530,MayerJohann_RichterCaroline_1805-04-14.xml,JP-UB0530,letters-context,Mayer Johann Siegfried Wilhelm,Richter Caroline,1805-04-14,1805,4,1804,MayerJohannSiegfriedWilhelm,RichterCaroline,0.00011964224558542124,0.00010304572289902149,0.3309840093155712,0.036364562977334064,0.00039818980546824675,7.749609392990937e-05,0.002095766402115444,0.30741673681117776,7.975527313116327e-05,0.00013458820547749328,8.09855726244909e-05,0.00024670947723688067,0.00036187586115169525,0.0001858629839988545,0.17013242356552058,0.03251935270238237,0.0002287521469731381,0.0001703238910471498,0.0937417263633456,0.024558194583029564
389,ub0349,ub0349,MayerJohann_RichterCaroline+Uthe-SpazierWilhelmine_1805-11-21.xml,JP-UB0349,letters-context,Mayer Johann Siegfried Wilhelm,Richter Caroline + Uthe-Spazier Wilhelmine,1805-11-21,1805,11,1804,MayerJohannSiegfriedWilhelm,RichterCarolineANDUtheSpazierWilhelmine,0.00023539174488271207,0.00020273869315318824,0.4053680639776777,0.00017569414452789811,0.016643480392111124,0.00015247073207708792,0.05963354155656943,0.4938107970766288,0.000156915584575332,0.0002647973746477436,0.00015933615385707402,0.00048539187844337403,0.0007119775290962219,0.0003656786271314277,0.0016681378769018164,0.0005404117357715863,0.0004500614875472959,0.00033510602975247875,0.017902826757956656,0.0007371806466910075
390,ub0773,ub0773,Uthe-SpazierWilhelmine_FalkJohannes_1806-09-18.xml,JP-UB0773,letters-context,Uthe-Spazier Wilhelmine,Falk Johannes Daniel,1806-09-18,1806,9,1804,UtheSpazierWilhelmine,FalkJohannesDaniel,0.00041168346734934047,0.00035457559569374865,0.0016380873766949364,0.00030727659820127117,0.001370152816642739,0.00026666049687538513,0.03494954985201251,0.3782230670358326,0.00027443422865703807,0.00046311182830265725,0.00027866763265921914,0.0008489159704404477,0.001245198203527466,0.0006395459841976352,0.0029174548390466684,0.000945141798789826,0.0007871256224647688,0.0005860766796512403,0.4889896553028896,0.08450361867007085
391,ub0476,ub0476,RichterEmma_RichterOdilie_1822-05-21.xml,JP-UB0476,letters-context,Richter Emma,Richter Odilie Minna,1822-05-21,1822,5,1819,RichterEmma,RichterOdilieMinna,0.0001172787361325324,0.0001010100745462186,0.0004666517663445961,8.753572571708179e-05,0.2572028127197785,7.596517356253355e-05,0.04551494001620512,0.5621072289998001,7.817972311502245e-05,0.0001319294414737177,7.938571827948919e-05,0.03184952674248952,0.0003547270734102143,0.00018219129664900636,0.0008311128412567334,0.0002692482074681899,0.0002242331924926857,0.0989409934358648,0.001017765145500824,0.00036728396991305817
392,ub0294,ub0294,RichterEmma_RichterCaroline_1822-03-30.xml,JP-UB0294,letters-context,Richter Emma,Richter Caroline,1822-03-30,1822,3,1819,RichterEmma,RichterCaroline,0.000249226348793054,0.00021465418967356222,0.0009916709517782023,0.00018602016042162012,0.2527123859859343,0.00016143184576124632,0.02955397557566065,0.7075475214782928,0.00016613793415705226,0.00028036022625316107,0.00016870076678480553,0.0005139196604304054,0.0007538223572273789,0.00038717054039865664,0.0017661788120513242,0.0005721731822769661,0.00047651280774384133,0.0003548011095094295,0.0021628293372411237,0.0007805067296104465
393,ub0784,ub0784,Uthe-SpazierWilhelmine_BoettigerCarl_1809-08-23.xml,JP-UB0784,letters-context,Uthe-Spazier Wilhelmine,Böttiger Carl August,1809-08-23,1809,8,1809,UtheSpazierWilhelmine,BöttigerCarlAugust,0.0002824239774022505,0.00024324671250552037,0.010638244526256727,0.0002107985525515305,0.000939955181141084,0.00018293500739416396,0.11912096835362812,0.10723771680377164,0.00018826795958475968,0.00031770497215589515,0.0001911721685002759,0.0005823751592352272,0.0008542335487957442,0.0004387427111214608,0.00200143864129433,0.0006483882088877569,0.0005399856118659325,0.00040206158385600537,0.7540948679677769,0.0008844723522746115
394,ub0032,ub0032,SpazierJohann_FalkJohannes_1804-10-31.xml,JP-UB0032,letters-context,Spazier Johann Karl Gottlieb,Falk Johannes Daniel,1804-10-31,1804,10,1804,SpazierJohannKarlGottlieb,FalkJohannesDaniel,0.0002879024620097212,0.00024796523315853594,0.0011455630991791226,0.00021488764100660107,0.0009581885125988424,0.00018648359640347824,0.12143168714441575,0.32269686946756465,0.00019191999765940228,0.00032386784053443213,0.00019488054266927882,0.0005936721226693879,0.0008708040446555806,0.00044725347997199433,0.0020402627202198635,0.0006609656991374526,0.0005504602992139182,0.22348785002728808,0.3031688006276208,0.02029971544202314
395,ub0828,ub0828,SpazierJohann_Unbekannt_1801-02-12.xml,JP-UB0828,letters-context,Spazier Johann Karl Gottlieb,Unbekannte Korrespondenten,1801-02-12,1801,2,1799,SpazierJohannKarlGottlieb,UnbekannteKorrespondenten,0.0009543657262789707,0.0008219781039152414,0.003797418582372375,0.0007123294401376632,0.09963014818767138,0.0006181730843090553,0.01671757007467681,0.16946945687732512,0.0006361941703280371,0.0010735870915880136,0.0006460080589235329,0.0019679592962418557,0.00288662183964348,0.0014825972284664133,0.00676325169013939,0.0021910302715004324,0.0018247167446219762,0.0013586445422057573,0.6834591443328529,0.002988804656801433
396,ub0109,ub0109,EhrenbergCaroline_RichterCaroline_1811-03-11.xml,JP-UB0109,letters-context,Ehrenberg Caroline Auguste Eleonore von,Richter Caroline,1811-03-11,1811,3,1809,EhrenbergCarolineAugusteEleonorevon,RichterCaroline,0.00029653065267139624,0.00025539653921345364,0.001179894645931797,0.00022132763990240743,0.0009869046031762494,0.000192072350364845,0.10509146092372576,0.711976990176609,0.00019767167591888736,0.0003335738828440727,0.00020072094593177135,0.0006114639686617986,0.0008969012974327815,0.00046065728441450633,0.11198827305536428,0.0006807742760880473,0.0005669571237986972,0.00042214398710598467,0.0025733442635373087,0.06086694070730706
397,ub0380,ub0380,RichterCaroline_MayerJohann_1804-08-26.xml,JP-UB0380,letters-context,Richter Caroline,Mayer Johann Siegfried Wilhelm,1804-08-26,1804,8,1804,RichterCaroline,MayerJohannSiegfriedWilhelm,0.00017450369774009056,0.00015029690887355862,0.05948227595630259,0.00013024788913764426,0.0005807780781497086,0.01774940947207208,0.18529934263618994,0.5424420798389387,0.00011632672061242876,0.01783268093298536,0.00011812116880138508,0.00035983707790424794,0.0005278125262933486,0.0002710896792525562,0.001236645864555338,0.00040062512065268505,0.0003336454888277473,0.00024842520011033367,0.00739316587711861,0.1651526898654818
398,ub0442,ub0442,RichterCaroline_RichterOdilie_1822-08-31.xml,JP-UB0442,letters-context,Richter Caroline,Richter Odilie Minna,1822-08-31,1822,8,1819,RichterCaroline,RichterOdilieMinna,0.00020888794765819456,0.00017991144738221555,0.0008311645653534139,0.0001559119640507421,0.31736702380583337,0.00013530337827860023,0.06699344009818041,0.5085819694219446,0.00013924776518335014,0.0072721339804024294,0.00014139579186831102,0.02154219339944001,0.007668964144275681,0.00032450525383551863,0.0014803148584948956,0.0004795643892778666,0.04262229495196146,0.0002973749603570833,0.022924219657621616,0.0006541782186004544
399,ub0240,ub0240,MahlmannErnestine_MayerJohann_1801-02-19.xml,JP-UB0240,letters-context,Mahlmann Ernestine,Mayer Johann Siegfried Wilhelm,1801-02-19,1801,2,1799,MahlmannErnestine,MayerJohannSiegfriedWilhelm,0.00047797394642526593,0.0004116703978205115,0.0019018570093899208,0.0003567551770587944,0.0015907788408240846,0.0003095989520004082,0.024474935624292062,0.7772738120865438,0.00031862443286815266,0.0005376834528606577,0.00032353951199621004,0.0009856109092438764,0.001445703669505464,0.0007425275538888222,0.003387231971968716,0.0010973313026333056,0.0009138708982517324,0.0006804484651384154,0.036352526984037216,0.14641751881325268
400,ub0055,ub0055,MayerJohann_RichterCaroline_1812-03-07.xml,JP-UB0055,letters-context,Mayer Johann Siegfried Wilhelm,Richter Caroline,1812-03-07,1812,3,1809,MayerJohannSiegfriedWilhelm,RichterCaroline,0.0003705680338751469,0.00031916360936798236,0.4009603732160566,0.00027658843233232156,0.0012333136393377394,0.0002400287207924953,0.06891088852550625,0.5152244472269428,0.0002470260785458865,0.0004168601687684829,0.0002508366862629951,0.0007641334837096733,0.0011208384272436275,0.0005756735859780286,0.002626084332669253,0.000850749097032756,0.0007085142286804727,0.0005275443395305012,0.0032158534560663104,0.0011605147113005615
401,ub0696,ub0696,SpazierJohann_FrauenholzJohann_1802-09-12.xml,JP-UB0696,letters-context,Spazier Johann Karl Gottlieb,Frauenholz Johann Friedrich,1802-09-12,1802,9,1799,SpazierJohannKarlGottlieb,FrauenholzJohannFriedrich,0.0003705680338751469,0.00031916360936798236,0.10134596018957172,0.00027658843233232156,0.03868511526764835,0.0002400287207924953,0.03145908689719565,0.21561003420045796,0.0002470260785458865,0.0004168601687684829,0.0002508366862629951,0.0007641334837096733,0.03857264005555424,0.0005756735859780286,0.002626084332669253,0.000850749097032756,0.0007085142286804727,0.0005275443395305012,0.5649928778807255,0.0011605147113005615
402,ub0248,ub0248,OsmundEmanuel_SchlabrendorffAmanda_1816-05-22.xml,JP-UB0248,letters-context,Osmund Emanuel,Schlabrendorff Amanda,1816-05-22,1816,5,1814,OsmundEmanuel,SchlabrendorffAmanda,0.00034078745729629973,0.0002935141322380503,0.001355992348994015,0.00025436049511993043,0.0011341987996200506,0.0002207388926172673,0.0059695544811051715,0.5082606062532007,0.0002271739100461429,0.0003833593401922553,0.00023067827954366044,0.0007027241508805378,0.0010307626204720977,0.0005294097700402124,0.0024150399402165647,0.39112504637124695,0.0006515747187508851,0.057888481861793635,0.025918745843445626,0.001067250333179891
403,ub1134,ub1134,Uthe-SpazierWilhelmine_EnslinTheodor_1818-08-01.xml,JP-UB1134,letters-context,Uthe-Spazier Wilhelmine,Enslin Theodor Christian Friedrich,1818-08-01,1818,8,1814,UtheSpazierWilhelmine,EnslinTheodorChristianFriedrich,0.0002431029994999008,0.0002093802586186183,0.0009673061618953564,0.00018144975113967135,0.0008090882581311923,0.00015746555735144676,0.004258421397161258,0.3543812743504804,0.00016205601983854955,0.0002734719353418295,0.00016455588512984094,0.0005012929473855215,0.017114921270928927,0.0003776579809667948,0.0017227848056281234,0.01693773511263956,0.0004648051597419057,0.13957285299195948,0.4607390470318909,0.0007613301242707361
404,ub0225,ub0225,OsmundEmanuel_HeimJohanna_1814-03-27.xml,JP-UB0225,letters-context,Osmund Emanuel,Heim Johanna,1814-03-27,1814,3,1814,OsmundEmanuel,HeimJohanna,0.0001787059997928898,0.0001539162763532635,0.0007110706783665298,0.0001333844471532292,0.0005947640563360527,0.0001157535691345775,0.3763928561203773,0.4531587095692123,0.00011912803670575935,0.0002010303275611295,0.00012096569780885878,0.00036850247646446943,0.0005405230171967519,0.00027761791177925287,0.0012664260899746685,0.16296005951391435,0.0003416801559480758,0.00025440763911827724,0.0015508415581452376,0.0005596568586571573
405,ub0763,ub0763,SpazierJohann_FalkJohannes_1803-02-12.xml,JP-UB0763,letters-context,Spazier Johann Karl Gottlieb,Falk Johannes Daniel,1803-02-12,1803,2,1799,SpazierJohannKarlGottlieb,FalkJohannesDaniel,0.00031543743308211716,0.0002716806104926473,0.001255124672836094,0.0002354394797704265,0.0010498295940683726,0.00020431887435352493,0.026778817142393014,0.16227971687895532,0.00021027521264046592,0.00035484253786124346,0.00021351890396537017,0.0006504508824273978,0.022207405273527072,0.0004900287711143169,0.07662200487329605,0.02197749800350796,0.0006031062832376527,0.24486221217263696,0.4384304312026373,0.0009878611971965744
406,ub0651,ub0651,RichterCaroline_RichterMax_1820-02-04.xml,JP-UB0651,letters-context,Richter Caroline,Richter Max,1820-02-04,1820,2,1819,RichterCaroline,RichterMax,0.00041168346734934047,0.00035457559569374865,0.0016380873766949364,0.00030727659820127117,0.5145252618248155,0.00026666049687538513,0.3123306898564302,0.15631815503229846,0.00027443422865703807,0.00046311182830265725,0.00027866763265921914,0.0008489159704404477,0.001245198203527466,0.0006395459841976352,0.0029174548390466684,0.000945141798789826,0.0007871256224647688,0.0005860766796512403,0.0035726602951586385,0.0012892766687455405
407,ub0661,ub0661,OsmundEmanuel_GoldschmidtCaroline_1802-04-14.xml,JP-UB0661,letters-context,Osmund Emanuel,Goldschmidt Caroline,1802-04-14,1802,4,1799,OsmundEmanuel,GoldschmidtCaroline,0.0001854031653465837,0.00015968442507429442,0.0007377186815612581,0.00013838314739781184,0.006863034252064612,0.00012009153661649553,0.1344132952978049,0.5513389849195313,0.00012359246534738091,0.00020856411706204447,0.00012549899442723154,0.00038231243301147346,0.0005607795958004033,0.00653400277496568,0.0013138865288849849,0.2502648835356198,0.0003544849222874724,0.012755903562950937,0.032838865149336344,0.0005806304949090517
408,ub0340,ub0340,MahlmannSiegfried_WagnerJohann_1805-03-30.xml,JP-UB0340,letters-context,Mahlmann Siegfried August,Wagner Johann Ernst,1805-03-30,1805,3,1804,MahlmannSiegfriedAugust,WagnerJohannErnst,0.00023353976792498893,0.0002011436185750815,0.0009292540899378967,0.00017431184665914881,0.0007772601918672306,0.00015127114760281235,0.004090902814303831,0.09654378947442352,0.00015568102961213234,0.0002627140448497613,0.00015808255473182618,0.0004815729910189617,0.000706375947872718,0.0003628016001918608,0.05672847721721903,0.07921253660733897,0.024049433557425032,0.016067744863990232,0.7179817258579847,0.0007313807764702764
409,ub0910,ub0910,WagnerJohann_SchillerCharlotte_1809-10-13.xml,JP-UB0910,letters-context,Wagner Johann Ernst,Schiller Charlotte (von),1809-10-13,1809,10,1809,WagnerJohannErnst,SchillerCharlottevon,0.0002451104071511409,0.0002111092028687275,0.0009752936313814382,0.00018294806098982828,0.0008157692532782791,0.00015876581923749647,0.3758782404834996,0.0930695781197569,0.00016339418717841223,0.00027573011256109024,0.00016591469494932391,0.0005054323422106141,0.4961875803307482,0.00038077646787195097,0.0017370105922591911,0.0005627238145085717,0.0004686432589670128,0.0086063784016157,0.018641984059320247,0.0007676167596463777
410,ub1077,ub1077,CarlAugust_WagnerJohann_1809-08-04.xml,JP-UB1077,letters-context,Carl August ,Wagner Johann Ernst,1809-08-04,1809,8,1809,CarlAugust,WagnerJohannErnst,0.00196541628519813,0.06790498369701012,0.20645700353163726,0.0014669678966063257,0.006541240716753404,0.0012730627405379252,0.03442808513442601,0.15036798434972964,0.0013101752802733575,0.002210940203827889,0.0013303859562601328,0.004052806112936814,0.20458131300611485,0.267902077187829,0.01392820870099873,0.004512197429552557,0.0037578130762686546,0.0027979861760733405,0.017056222273864392,0.006155130244101457
411,ub0841,ub0841,SpazierJohann_BodeAugust_1803-11-01.xml,JP-UB0841,letters-context,Spazier Johann Karl Gottlieb,Bode August Theodor Heinrich,1803-11-01,1803,11,1799,SpazierJohannKarlGottlieb,BodeAugustTheodorHeinrich,0.00021339298380662958,0.00018379155431543312,0.0008490900917142862,0.00015927447989666068,0.0007102082570790907,0.00013822143370967698,0.003737992744291943,0.2391825598157509,0.0001422508882585324,0.00024005048226478375,0.00014444524091860109,0.0004400291153291996,0.02940111844048333,0.00033150378063074676,0.01589008017996731,0.0004899070391694443,0.0004080005599687503,0.3381830219544693,0.3684867742350053,0.0006682867229701572
412,ub0079,ub0079,RichterCaroline_RichterOdilie_1822-12-20.xml,JP-UB0079,letters-context,Richter Caroline,Richter Odilie Minna,1822-12-20,1822,12,1819,RichterCaroline,RichterOdilieMinna,0.00032944085533433826,0.000283741507226737,0.0013108442512043631,0.00024589150005810824,0.4228362082847772,0.00021338933705579424,0.0057707967007434025,0.4136490391908104,0.00021961009900131666,0.0003705952969493736,0.00022299778965703803,0.08946664739107008,0.0009964431262496434,0.033807028171840385,0.002334630593167001,0.0007563294309832918,0.0006298803787044577,0.0004689952790160856,0.0028589446912555896,0.023228546124895475
413,ub0441,ub0441,OsmundEmanuel_SchwendlerAuguste_1802-12-22.xml,JP-UB0441,letters-context,Osmund Emanuel,Schwendler Auguste Sophie Henriette,1802-12-22,1802,12,1799,OsmundEmanuel,SchwendlerAugusteSophieHenriette,0.00018311569113303684,0.00015771426451107167,0.0007286168279992191,0.00013667579854715868,0.0006094402614533707,0.00011860986669590965,0.2869779004894547,0.3594690842755489,0.00012206760153536169,0.00020599088677895438,0.00012395060816833623,0.000377595524158287,0.049905212676111865,0.00028446832140658187,0.001297676009777975,0.2780217508825335,0.0003501113447527634,0.000260685319578851,0.020095866579913017,0.0005734667699412467
414,ub0862,ub0862,WagnerJohann_Unbekannt_1806-03-13.xml,JP-UB0862,letters-context,Wagner Johann Ernst,Unbekannte Korrespondenten,1806-03-13,1806,3,1804,WagnerJohannErnst,UnbekannteKorrespondenten,0.0012315333988589994,0.0010606976552367405,0.2538323956173896,0.0009192047370984834,0.004098753263279342,0.0007977034156188312,0.02157270041014871,0.0527321630027002,0.0008209582001369414,0.0013853791303147175,0.0008336222462622751,0.0025394956400691744,0.16967970866406495,0.0019131743247226113,0.00872744076190927,0.0028273510698928177,0.0023546524697832154,0.04324191113710176,0.425574339112596,0.0038568157428154905
415,ub1333,ub1333,GoldschmidtCaroline_OsmundEmanuel_1817-03-02.xml,JP-UB1333,letters-context,Goldschmidt Caroline,Osmund Emanuel,1817-03-02,1817,3,1814,GoldschmidtCaroline,OsmundEmanuel,0.00034474536391211434,0.0002969230063058833,0.001371740848459508,0.0002573146387214121,0.001147371388095812,0.00022330255482006338,0.16863492955206216,0.4909355401770497,0.0002298123085618793,0.00038781167679178587,0.00023335737781791645,0.0007108855914098606,0.0010427339008333757,0.0005355583367977537,0.002443088221783833,0.1982295196938911,0.0006591421096123379,0.0004907829296805844,0.13074579494144006,0.001079645381952917
416,ub0416,ub0416,RichterJohann+RichterCaroline_OsmundEmanuel_1802-01-13.xml,JP-UB0416,letters-context,Jean Paul + Richter Caroline,Osmund Emanuel,1802-01-13,1802,1,1799,JeanPaulANDRichterCaroline,OsmundEmanuel,0.00011239402708066003,9.68029621425802e-05,0.00044721552255220284,8.388982565136788e-05,0.00037406649766605777,7.280119189659343e-05,0.3048809721940281,0.4667535837921807,7.492350452189853e-05,0.00012643452433676222,0.06444491590929283,0.06460059985631153,0.00033995254050193875,0.0001746029519476441,0.000796496639269134,0.00025803390554448896,0.0002148937850159417,0.00016000525507663514,0.01990738557237185,0.07608002954261094
417,ub0523,ub0523,MahlmannErnestine_MayerJohann_1803-01-01.xml,JP-UB0523,letters-context,Mahlmann Ernestine,Mayer Johann Siegfried Wilhelm,1803-01-01,1803,1,1799,MahlmannErnestine,MayerJohannSiegfriedWilhelm,0.00026014746593922624,0.0002240603522350024,0.0010351260466639311,0.00019417157769091202,0.0008658151503971801,0.00016850580125278745,0.11848918178110925,0.5019239047581575,0.00017341811079222343,0.0002926456322259483,0.00017609324693639567,0.0005364396581853054,0.0007868549090043173,0.00040413638228382404,0.0018435728989964254,0.0005972458536931557,0.01802542339382148,0.00037034852052479465,0.0373136641984912,0.3163192442615991
418,ub0261,ub0261,SchwendlerAuguste_OsmundEmanuel_1802-12-04.xml,JP-UB0261,letters-context,Schwendler Auguste Sophie Henriette,Osmund Emanuel,1802-12-04,1802,12,1799,SchwendlerAugusteSophieHenriette,OsmundEmanuel,0.00020742824372057682,0.00017865423052930242,0.0008253564074273285,0.0001548224550082243,0.0006903565844285785,0.00013435788153615808,0.4997797954503849,0.3163526624216682,0.00013827470516039852,0.00023334061435488783,0.0001404077214867183,0.0004277294639704052,0.0006273977386187922,0.0632140204424215,0.06436175327745404,0.00047621320489782957,0.0003965961676979021,0.00029529691130998165,0.05071592924092965,0.0006496068369946696
419,ub0357,ub0357,RichterCaroline_OsmundEmanuel_1807-06-01.xml,JP-UB0357,letters-context,Richter Caroline,Osmund Emanuel,1807-06-01,1807,6,1804,RichterCaroline,OsmundEmanuel,0.0007591138403645201,0.0006538111522419146,0.0030205118689411643,0.000566595302008516,0.20711457637319036,0.0004917022176283149,0.09001789740902487,0.33938613597530604,0.000506036403610398,0.0008539439311580303,0.17952844398728654,0.0015653382114589162,0.002296053315866172,0.0011792754547075483,0.0053795707688195004,0.1551838585162056,0.0014514013836059894,0.0010806820150021075,0.006587721130599486,0.0023773307429742004
420,ub0011,ub0011,Uthe-SpazierWilhelmine_FalkJohannes_1805-03-06.xml,JP-UB0011,letters-context,Uthe-Spazier Wilhelmine,Falk Johannes Daniel,1805-03-06,1805,3,1804,UtheSpazierWilhelmine,FalkJohannesDaniel,0.00017553563533812268,0.11842232967928246,0.006612013006031334,0.0001310181174801155,0.0005842125425348023,0.00011370002307836223,0.09177820571298266,0.2381448677545313,0.0001170146253285485,0.00019746391453879877,0.00011881968508951102,0.012189079393150915,0.0005309337758579606,0.0002726927835768888,0.14908288881691215,0.00040299424021904187,0.006249175719562208,0.00024989427674087204,0.3149418601371227,0.05968530016064135
421,ub0354,ub0354,MuetzschefahlAntonie_OsmundEmanuel_1811-12-31.xml,JP-UB0354,letters-context,Mützschefahl Antonie von,Osmund Emanuel,1811-12-31,1811,12,1809,MützschefahlAntonievon,OsmundEmanuel,0.00015697054894327008,0.00013519592189672582,0.0006245853796180073,0.00011716131475385427,0.0005224247676238946,0.00010167482518916704,0.3834946187847097,0.3028561918648222,0.00010463886684223724,0.00017657963866958768,0.00010625301898295732,0.005611807322290378,0.0004747808961320759,0.20648071336670587,0.0011123946525007056,0.0003603725647291441,0.09548636632374527,0.00022346483505891895,0.001362217558382054,0.0004915875484040427
422,ub0299,ub0299,MayerJohann_RichterCaroline_1805-02-23.xml,JP-UB0299,letters-context,Mayer Johann Siegfried Wilhelm,Richter Caroline,1805-02-23,1805,2,1804,MayerJohannSiegfriedWilhelm,RichterCaroline,0.00040605191026088375,0.00034972523645493934,0.6855825538697624,0.00030307325791204643,0.0013514100338525676,0.00026301275794367887,0.0481508006533656,0.2499351886560134,0.00027068015022474267,0.000456776765308221,0.00027485564406485127,0.0008373033623811076,0.0012281647170608884,0.0006307974188401491,0.002877545989694834,0.0009322128851493492,0.0007763582654289423,0.0005780595389559388,0.003523788669248104,0.0012716402180772536
423,ub0237,ub0237,RichterCaroline_RichterEmma_1820-03-09.xml,JP-UB0237,letters-context,Richter Caroline,Richter Emma,1820-03-09,1820,3,1819,RichterCaroline,RichterEmma,0.00019387995897223785,0.0001669853355741537,0.007303000372909739,0.00014471014499554374,0.1965918421708018,0.00012558222589454935,0.13402723525922255,0.5177627088242561,0.00012924322012536487,0.00021809984950084508,0.00013123691736936736,0.000399792089246586,0.0005864189256046794,0.00030119049952491525,0.11241035196197942,0.0004451090891556835,0.00037069228058159723,0.00027600943836043467,0.027808734010875875,0.0006071774250485924
424,ub0302,ub0302,RichterCaroline_OsmundEmanuel_1813-06-25.xml,JP-UB0302,letters-context,Richter Caroline,Osmund Emanuel,1813-06-25,1813,6,1809,RichterCaroline,OsmundEmanuel,0.0014765786406086947,0.00127175073231255,0.005875302322563249,0.0011021041592566248,0.0049143056349837426,0.0009564270251498256,0.5730483672723669,0.3616881593305651,0.0009843089471043682,0.0016610359368759338,0.0009994928308948328,0.003044793607318453,0.004466132882360256,0.002293849558821267,0.010463989550061996,0.003389925277847748,0.002823171134586886,0.002102072042153558,0.012814004691389632,0.004624228422778431
425,ub0167,ub0167,OsmundEmanuel_GoldschmidtCaroline_1802-12-05.xml,JP-UB0167,letters-context,Osmund Emanuel,Goldschmidt Caroline,1802-12-05,1802,12,1799,OsmundEmanuel,GoldschmidtCaroline,0.00016481458979426884,0.00014195185376665654,0.0006557967964451909,0.00012301603173912838,0.13935802438689013,0.0001067556603373592,0.04730608564316305,0.5067712560047706,0.00010986781935363713,0.00018540357353191288,0.00011156263296503926,0.00033985755692059416,0.0004985063705577259,0.0002560377508447791,0.0011679825902086993,0.30020688644882204,0.0003151202243276025,0.00023463168964893102,0.0014302895008440654,0.0005161528750687105
426,ub0076,ub0076,EndeHenriette_RichterCaroline_1820-04-16.xml,JP-UB0076,letters-context,Ende Henriette Freifrau von,Richter Caroline,1820-04-16,1820,4,1819,EndeHenrietteFreifrauvon,RichterCaroline,0.0001330488637660529,0.00011459260297716252,0.0005294010605333206,9.930639798533704e-05,0.00044280931807611846,8.617998762251708e-05,0.26678250720413305,0.1670574058169049,8.869232115738145e-05,0.00014966960647949041,9.006048295406322e-05,0.00027435472701194124,0.0004024261824492356,0.3049987078694709,0.17575005685152215,0.0003054532241395124,0.004736620728666284,0.0001894096860615732,0.04597697660443439,0.03179232046365468
427,ub0440,ub0440,GentzLudwig_RichterCaroline_1811-10-19.xml,JP-UB0440,letters-context,Gentz Ludwig,Richter Caroline,1811-10-19,1811,10,1809,GentzLudwig,RichterCaroline,0.0004490509463771909,0.0003867595359942479,0.001786772472281961,0.0003351673267577616,0.0014945181621119118,0.000290864603464129,0.3104243324194758,0.3369138460444531,0.09106684370721584,0.0005051473310714974,0.0003039615969424578,0.0009259699505919573,0.01648613835947486,0.000697595974171053,0.09394976469025053,0.09179842972656624,0.0008585710472206218,0.0006392733945365533,0.049280691622563114,0.0014063010884790743
428,ub0912,ub0912,WagnerJohann_BoeckhPhilipp_1809-11-14.xml,JP-UB0912,letters-context,Wagner Johann Ernst,Böckh Philipp August,1809-11-14,1809,11,1809,WagnerJohannErnst,BöckhPhilippAugust,0.0005486501513498587,0.0004725425470565794,0.0021830774330933536,0.00040950721969687385,0.001826001308878352,0.00035537818147445916,0.02809395205528313,0.2452916084094601,0.00036573822616126214,0.0006171886773256154,0.00037138007950425966,0.0011313494774621046,0.260425374826536,0.0008523223030656128,0.0038880891897489413,0.0012595895441025568,0.0010490015415901763,0.0007810638135740787,0.44835996726838256,0.0017182177462541613
429,ub0452,ub0452,SchwendlerAuguste_MuellerFriedrich_1810-04-06.xml,JP-UB0452,letters-context,Schwendler Auguste Sophie Henriette,Müller Friedrich Theodor Adam Heinrich von,1810-04-06,1810,4,1809,SchwendlerAugusteSophieHenriette,MüllerFriedrichTheodorAdamHeinrichvon,0.0001186855016290264,0.02009398864537001,0.03645742979038345,8.858572201402514e-05,0.0003950055983513069,7.687638039019058e-05,0.12202960886613065,0.2769699415793067,7.911749359780958e-05,0.0001335119430623025,8.033795474683803e-05,0.00024473661388767866,0.0003589820459994641,0.00018437669221464147,0.13678509734232805,0.0002724778559172581,0.2561215398290729,0.0001689618608328919,0.1489690487215334,0.00037168956323139975
430,ub0733,ub0733,FeuchterslebenCaroline_RichterCaroline_1801-07-17.xml,JP-UB0733,letters-context,Feuchtersleben Caroline Henriette Susanne Friederike von,Richter Caroline,1801-07-17,1801,7,1799,FeuchterslebenCarolineHenrietteSusanneFriederikevon,RichterCaroline,0.0005108792568104192,0.0004400111522025738,0.002032787148302711,0.00038131538566519684,0.018911121779420184,0.00033091276980717953,0.24990064116945626,0.5209890049158168,0.000340559594686558,0.0005746993635345822,0.00034581304414941263,0.0010534636303602015,0.0015452307008966412,0.0007936456112912679,0.003620420245550846,0.0011728752258503405,0.1386634124125611,0.0007272927923531866,0.05606598385852396,0.0015999299427606464
431,ub0792,ub0792,MayerJohann_RichterCaroline_1816-08-31.xml,JP-UB0792,letters-context,Mayer Johann Siegfried Wilhelm,Richter Caroline,1816-08-31,1816,8,1814,MayerJohannSiegfriedWilhelm,RichterCaroline,0.03325560161490946,0.0002806269923835552,0.4513367399145458,0.00024319244931213734,0.06694395404344312,0.00021104704930194115,0.016684045317294848,0.4200851746318435,0.0002171995284797973,0.0003665274234667679,0.00022055003383635507,0.0006718700848685338,0.0009855055763034837,0.0005061653092204826,0.002309004304976621,0.0007480275111755196,0.0006229664385901677,0.0004638473090480874,0.002827563220973781,0.0010203912460259852
432,ub0229,ub0229,MuetzschefahlAntonie_OsmundEmanuel_1810-08-14.xml,JP-UB0229,letters-context,Mützschefahl Antonie von,Osmund Emanuel,1810-08-14,1810,8,1809,MützschefahlAntonievon,OsmundEmanuel,0.00019015395727690256,0.006569804812372538,0.09684705129918472,0.00014192909300624138,0.013444922042603457,0.000123168775896584,0.2531660320372539,0.3540676138707475,0.00012675941282599021,0.0002139083878701518,0.00012871479502520668,0.00039210885055491833,0.0005751490763507264,0.00029540219464906466,0.03337769678425253,0.00043655494446948257,0.17973236951325988,0.0002707050652797349,0.059304446449950324,0.0005955086371702933
433,ub0736,ub0736,RichterCaroline_JungFranz_1825-11-24.xml,JP-UB0736,letters-context,Richter Caroline,Jung Franz Wilhelm,1825-11-24,1825,11,1824,RichterCaroline,JungFranzWilhelm,9.450275526910295e-05,8.139353022842833e-05,0.035396390724284466,7.05359516783708e-05,0.00031452129264784363,6.121244517882941e-05,0.3836957396299643,0.2619236767224794,6.29969207051828e-05,0.14337143583037545,6.396870697813961e-05,0.04794991287329113,0.05440821924886631,0.00014680904729331862,0.0006697075363221509,0.0065842981758985715,0.0001806862455389965,0.00013453506253874187,0.019922128258806404,0.044867329041654816
434,ub0289,ub0289,DoerfferWilhelmine_RichterCaroline_1822-03-14.xml,JP-UB0289,letters-context,Doerffer Wilhelmine,Richter Caroline,1822-03-14,1822,3,1819,DoerfferWilhelmine,RichterCaroline,0.00013994899157348568,0.0001205355594515535,0.0005568566499737051,0.009533839572999064,0.0004657741206498552,9.06494202219864e-05,0.6625082875131296,0.2841591755825328,9.329204740983483e-05,0.00015743171270395675,9.473116427513676e-05,0.00028858320388405084,0.000423296650737034,0.00021740930266063278,0.02927991786464852,0.0003212945190299451,0.000267577995820077,0.00019923277665247568,0.0012145015411022292,0.009867663810544032
435,ub0785,ub0785,RichterOdilie_RichterEmma_1822-07-23.xml,JP-UB0785,letters-context,Richter Odilie Minna,Richter Emma,1822-07-23,1822,7,1819,RichterOdilieMinna,RichterEmma,0.0005290914615710959,0.00045569699791673694,0.0021052534606186553,0.00039490880091851567,0.0017609066523871474,0.0003427093950201062,0.009268064999792802,0.4147909992157861,0.00035270011710738955,0.0005951866750568163,0.0003581408454547202,0.5179978323917614,0.0016003162373557124,0.0008219380819437075,0.0037494836865747186,0.01903905965677809,0.0010116059522899136,0.0007532198682301697,0.02241592006484784,0.0016569654385883961
436,ub0872,ub0872,ThuemmelMoritz_WagnerJohann_1808-04-13.xml,JP-UB0872,letters-context,Thümmel Moritz August von,Wagner Johann Ernst,1808-04-13,1808,4,1804,ThümmelMoritzAugustvon,WagnerJohannErnst,0.0003952387030456404,0.1867511851055242,0.0015726537050635321,0.000295002383581973,0.014630477056166434,0.00025600869915210617,0.11344381561795397,0.2699094974204124,0.0002634719079299268,0.05370483363266957,0.00026753620790792527,0.0008150058813678308,0.2142363420872797,0.0006139992139102011,0.0960063031675588,0.0009073879530628008,0.0007556837590783715,0.040507831411893236,0.0034299497878133994,0.0012377762986279595
437,ub0465,ub0465,RichterCaroline+RichterJohann_OsmundEmanuel_1807-01-22.xml,JP-UB0465,letters-context,Richter Caroline + Jean Paul,Osmund Emanuel,1807-01-22,1807,1,1804,RichterCarolineANDJeanPaul,OsmundEmanuel,0.0010952161550158007,0.0009432900550475961,0.041254207143929036,0.0008174588515179792,0.0036450662186882548,0.0007094063940989834,0.09297752920442973,0.7848221926634632,0.0007300871289529809,0.0012320328508736904,0.0007413494040298738,0.002258401317554837,0.003312645021867475,0.0017014069043835565,0.04465775385905664,0.002514394307549229,0.0020940182594671878,0.0015591606137716982,0.00950447511733805,0.003429908528964233
438,ub0964,ub0964,Uthe-SpazierWilhelmine_LudwigErnst_1811-06-03.xml,JP-UB0964,letters-context,Uthe-Spazier Wilhelmine,Ludwig Ernst Karl Friedrich,1811-06-03,1811,6,1809,UtheSpazierWilhelmine,LudwigErnstKarlFriedrich,0.00015451919859546537,0.00013308461775467882,0.016231457412043276,0.00011533165032568876,0.0005142662554415905,0.00010008700747579122,0.22133946728310272,0.3033321419831207,0.05215842458970498,0.00017382206050233311,0.00010459370532958336,0.14086826138159753,0.010878450386250788,0.00024004396771005058,0.16767236625380422,0.0003547447611836056,0.0002954357656388597,0.00021997506831712216,0.08462961604256154,0.0004839106095395922
439,ub1149,ub1149,SpazierRichard_BoerneCarl_1825-12-15.xml,JP-UB1149,letters-context,Spazier Richard Otto,Börne Carl Ludwig,1825-12-15,1825,12,1824,SpazierRichardOtto,BörneCarlLudwig,0.00028513690688623897,0.16354546192524924,0.001134558963000183,0.0002128234571423493,0.000948984273316616,0.00018469225824721888,0.562135489293089,0.17550895541808148,0.0001900764381110725,0.0003207568064728655,0.019404758969810018,0.029405595020314288,0.0008624392096679418,0.0004429572188549566,0.0020206642111283944,0.0006546165451116911,0.0005451726462701471,0.0004059237372583296,0.002474467368038319,0.0393164693339496
440,ub0988,ub0988,KalbCharlotte_RichterCaroline_1814-12-01.xml,JP-UB0988,letters-context,Kalb Charlotte von,Richter Caroline,1814-12-01,1814,12,1814,KalbCharlottevon,RichterCaroline,0.0008456152564539322,0.0007283132723676892,0.003364700764051841,0.0006311591307351926,0.0028143518438724672,0.0005477319405203774,0.4421270405372241,0.5204975110606606,0.0005636995144345575,0.0009512512853101537,0.0005723951053311911,0.001743709313064762,0.0025576897828601627,0.001313654504815111,0.005992575649922236,0.0019413612349188489,0.001616789324544812,0.0012038262914852668,0.007338395372456757,0.0026482288149701143
441,ub0044,ub0044,MuefflingWilhelmine_RichterCaroline_1808-04-10.xml,JP-UB0044,letters-context,Müffling Wilhelmine von,Richter Caroline,1808-04-10,1808,4,1804,MüfflingWilhelminevon,RichterCaroline,0.0002995228000913556,0.0002579736221861233,0.0011918003922310205,0.00022356095008715091,0.0009968629802800564,0.0001940104595701236,0.3584147985480797,0.4063551966518073,0.00019966628521061268,0.00033693981558635737,0.00020274632393263217,0.0207986667968581,0.0009059514947020855,0.15182305186165698,0.002122611938141832,0.0006876436400995609,0.020753710854946084,0.0004264036379396888,0.03287085989755408,0.0009380210490391896
442,ub0840,ub0840,KalbCharlotte_RichterCaroline_1803-11-01.xml,JP-UB0840,letters-context,Kalb Charlotte von,Richter Caroline,1803-11-01,1803,11,1799,KalbCharlottevon,RichterCaroline,0.000722176650289051,0.0006219978121080758,0.002873538891904261,0.000539025737006109,0.0024035271026988125,0.00046777682290181975,0.4262458895359117,0.2985430323423313,0.02481056425420236,0.0008123924699386812,0.0004888397845887823,0.0014891715129024931,0.002184331261489143,0.001121893914145791,0.2240801664948545,0.0016579712143723474,0.0013807786575649127,0.0010280978637500294,0.0062671738099916935,0.002261653867048281
443,ub0774,ub0774,ThieriotPaul_RichterCaroline_1803-11-01.xml,JP-UB0774,letters-context,Thieriot Paul Emile,Richter Caroline,1803-11-01,1803,11,1799,ThieriotPaulEmile,RichterCaroline,0.0002907221890248864,0.0002503938135252271,0.0011567827851650752,0.00021699225825211443,0.09890793088310207,0.00018831002341974424,0.005092564028086543,0.33565140993824005,0.0001937996689841038,0.0003270398137538459,0.02957889656105472,0.4805072399745065,0.0008793327306296085,0.00045163389655926574,0.011854280910102358,0.000667439220846664,0.02014392309466662,0.0004138750004747272,0.012316973195727427,0.000910460013878469
444,ub0201,ub0201,RichterCaroline_MayerJohann_1802-04-26.xml,JP-UB0201,letters-context,Richter Caroline,Mayer Johann Siegfried Wilhelm,1802-04-26,1802,4,1799,RichterCaroline,MayerJohannSiegfriedWilhelm,5.8651296956628895e-05,5.051531141268928e-05,0.00023337334819402197,4.3776766468089676e-05,0.0001952015227676923,3.7990313503575456e-05,0.08796622377485995,0.6506008261513485,3.9097813530531896e-05,6.597813980918899e-05,3.9700933779367654e-05,0.002096825040995366,0.00215328217074379,9.111417973159734e-05,0.00041564095644695847,0.00013465149004855532,0.00011213940390318777,8.349656982560151e-05,0.06176134524683297,0.1938201695688417
445,ub1053,ub1053,Uthe-SpazierWilhelmine_KindJohann_1806-09-18.xml,JP-UB1053,letters-context,Uthe-Spazier Wilhelmine,Kind Johann Friedrich,1806-09-18,1806,9,1804,UtheSpazierWilhelmine,KindJohannFriedrich,0.0003615411229308256,0.00031138889267613837,0.01361840063089812,0.0002698508324352552,0.013383100043442056,0.00023418170300195586,0.07941207228292113,0.3686956308382187,0.00024100860750652013,0.0004067055972034254,0.0002447263901190282,0.0007455194526102039,0.0010935351853533402,0.0005616503737239123,0.014741943317608218,0.0008300251391280008,0.0006912550636677722,0.00051469353930814,0.5025105260185873,0.001132244968659958
446,ub0741,ub0741,RichterCaroline_OsmundEmanuel_1808-03-21.xml,JP-UB0741,letters-context,Richter Caroline,Osmund Emanuel,1808-03-21,1808,3,1804,RichterCaroline,OsmundEmanuel,0.0017355827593110436,0.0014948263400538983,0.006905878993737396,0.0012954223535173678,0.005776315530710157,0.001124192243973472,0.4396880895454114,0.4836006834832892,0.0011569648858835645,0.0019523953925335968,0.0011748121486038553,0.003578875615012245,0.005249529566688867,0.0026962097630656946,0.012299459952374706,0.00398454623802487,0.0033183787256693066,0.0024707928821776225,0.015061687206133975,0.0054353563738277245
447,ub0782,ub0782,MahlmannErnestine_RichterCaroline_1804-04-01.xml,JP-UB0782,letters-context,Mahlmann Ernestine,Richter Caroline,1804-04-01,1804,4,1804,MahlmannErnestine,RichterCaroline,0.0001657348124076544,0.00014274442501906285,0.0006594583596758973,0.00012370287708671928,0.18480315956473695,0.00010735171783974398,0.05315359431547266,0.5542677991593862,0.00011048125322486645,0.00018643875228143697,0.00011218552962601696,0.0003417551110728005,0.0005012897214472108,0.00025746730710252206,0.07934183484122602,0.017130635885712318,0.00031687966053239094,0.00023594172771595717,0.10752251022532132,0.000519034753112366
448,ub0657,ub0657,MahlmannErnestine_MayerJohann_1800-12-29.xml,JP-UB0657,letters-context,Mahlmann Ernestine,Mayer Johann Siegfried Wilhelm,1800-12-29,1800,12,1799,MahlmannErnestine,MayerJohannSiegfriedWilhelm,0.00021809662120356218,0.00018784271294631767,0.022909942912945205,0.00016278522981287067,0.0007258627648235193,0.00014126812949628084,0.4152736112323354,0.1709808643783157,0.00014538640183458336,0.0002453417078964358,0.00014762912271674563,0.0004497282974001393,0.0006596658414937947,0.00033881083239966665,0.016240331505205256,0.01519546367797544,0.00041699376423256747,0.0003104845196265149,0.001892680179991368,0.3533572101673487
449,ub1247,ub1247,SpazierJohann_SchellingFriedrich_1802-03-31.xml,JP-UB1247,letters-context,Spazier Johann Karl Gottlieb,Schelling Friedrich Wilhelm Joseph (ab 1812) von,1802-03-31,1802,3,1799,SpazierJohannKarlGottlieb,SchellingFriedrichWilhelmJosephab1812von,0.0004295560806513768,0.0003699689573678914,0.001709202455537226,0.00032061654564141537,0.0014296359229579404,0.00027823715788212504,0.007524509400910522,0.3801718867367106,0.0002863483744380435,0.014954378199477796,0.00029076556525384,0.0008857703696790024,0.0012992565948428305,0.0006673109030515059,0.017515272789336744,0.00098617369641283,0.0008212974874682759,0.14532313104562722,0.4233914330569818,0.0013452486597710467
450,ub0482,ub0482,RichterCaroline_WeldenJosephine_1826-03-19.xml,JP-UB0482,letters-context,Richter Caroline,Welden Josephine von,1826-03-19,1826,3,1824,RichterCaroline,WeldenJosephinevon,0.00046306125035553634,0.0003988263598357721,0.0018425194330194247,0.0003456244834999308,0.0015411468440493911,0.0002999395236796415,0.7725067500594313,0.1914264464048253,0.00030868341126375523,0.0005209078315653923,0.00031344514085938815,0.0009548600366440416,0.0014005979904376643,0.0007193608356662942,0.0032815509797443037,0.0010630947750435544,0.0008853583003276744,0.0006592186026582233,0.019618430322567982,0.0014501774145254296
451,ub0759,ub0759,Uthe-SpazierWilhelmine_RichterCaroline_1820-06-17.xml,JP-UB0759,letters-context,Uthe-Spazier Wilhelmine,Richter Caroline,1820-06-17,1820,6,1819,UtheSpazierWilhelmine,RichterCaroline,0.00026478868997709484,0.0002280577553577732,0.4649129070613118,0.00019763574287351828,0.0008812619358343018,0.00017151206991841204,0.04031977406352953,0.4127545144948993,0.00017651201870904566,0.0002978666476910061,0.0001792348812692031,0.0005460101401711544,0.0008008929850809026,0.0004113464755486613,0.010796835024304912,0.0006079011633755707,0.0005062675063484919,0.0003769558132371913,0.0647404819315097,0.0008292435990524635
452,ub0272,ub0272,EndeHenriette_RichterCaroline_1818-09-29.xml,JP-UB0272,letters-context,Ende Henriette Freifrau von,Richter Caroline,1818-09-29,1818,9,1814,EndeHenrietteFreifrauvon,RichterCaroline,8.502819659776239e-05,7.32332625682863e-05,0.02898317181580789,6.346423180403964e-05,0.011740926287725594,5.5075471694706546e-05,0.15903608079068485,0.4103975595557352,5.6681041134947806e-05,9.565009699612995e-05,5.7555399073324185e-05,0.07178744537720333,0.00025718049435993106,0.30376744590289056,0.012060502639441063,0.00019520750541111772,0.00016257119238960782,0.00012104698655888178,0.0007378893884412265,0.000266284363481568
453,ub0020,ub0020,OttoGeorg_Industrie-Comptoir_1819-11-03.xml,JP-UB0020,letters-context,Otto Georg Christian,Industrie-Comptoir ,1819-11-03,1819,11,1819,OttoGeorgChristian,IndustrieComptoir,0.0002534828826727501,0.000218320266054286,0.009548101807419952,0.00018919719655353652,0.0008436342802419948,0.00016418893835628003,0.004440245219550228,0.14748561129456825,0.00016897540198044608,0.00028514849525980933,0.00017158200519650537,0.0005226968882662968,0.0007666968804001878,0.00039378302150431843,0.0017963433592089778,0.0005819453213273111,0.0004846511643826692,0.0003608607534856556,0.8305306978287051,0.0007938369948653309
454,ub1002,ub1002,VossHeinrich_BoieSara_1820-05-22.xml,JP-UB1002,letters-context,Voß Heinrich,Boie Sara Henriette,1820-05-22,1820,5,1819,VoßHeinrich,BoieSaraHenriette,0.00016036261901587948,0.00013811745108606734,0.0006380824170448008,0.5457619802274519,0.0005337141555465131,0.00010387197703697393,0.0028090628644107645,0.3094007916744361,0.00010690007043129771,0.00018039545323987225,0.00010854910374690082,0.06515946391311521,0.059911428423666487,0.0002491216605499312,0.0011364330510097286,0.000368160070092644,0.000306608198589243,0.0002282938197594688,0.012196452293278141,0.000502210556492085
455,ub0984,ub0984,KalbCharlotte_RichterCaroline_1815-02-08.xml,JP-UB0984,letters-context,Kalb Charlotte von,Richter Caroline,1815-02-08,1815,2,1814,KalbCharlottevon,RichterCaroline,0.05910116239753445,0.0003004119921406221,0.0013878594525675288,0.08251365076493063,0.001160853544867884,0.03547734613298405,0.2411193091110865,0.29694622031352186,0.00023251271193983452,0.0003923686475152972,0.00023609943743723658,0.0007192388335159768,0.012805459740104323,0.0005418514006933778,0.2139803136693525,0.012551238797105069,0.0006668873413211539,0.0004965498613538516,0.03827833412392456,0.0010923317261033409
456,ub1136,ub1136,SchwendlerAuguste_MuellerFriedrich_1819-01-23.xml,JP-UB1136,letters-context,Schwendler Auguste Sophie Henriette,Müller Friedrich Theodor Adam Heinrich von,1819-01-23,1819,1,1819,SchwendlerAugusteSophieHenriette,MüllerFriedrichTheodorAdamHeinrichvon,0.00017147942185961385,0.0001476921542333818,0.0006823161447793057,0.00012799059857759737,0.017901439396426487,0.005887981559181695,0.3611721455038642,0.1748728142065324,0.00011431069401838427,0.00019290099037739663,0.00011607404311633623,0.00035360083987777424,0.0005186651516912358,0.0002663914981307396,0.18029938901172468,0.0003936819962077947,0.2371811270365793,0.0002441198108806149,0.01881885468999933,0.0005370252519418505
457,ub0516,ub0516,Uthe-SpazierWilhelmine_RichterCaroline_1819-11-07.xml,JP-UB0516,letters-context,Uthe-Spazier Wilhelmine,Richter Caroline,1819-11-07,1819,11,1819,UtheSpazierWilhelmine,RichterCaroline,9.390483137362115e-05,8.08785490882212e-05,0.0003736470640276293,7.008966700784503e-05,0.044601898910985496,0.2215076632061915,0.22309176363851946,0.3551722596027221,6.259833587954314e-05,0.00010563561957902872,6.356397360971677e-05,0.06346416254607969,0.012938134235244134,0.00014588017874128933,0.04811836413057699,0.028687322781096324,0.0001795430341745763,0.00013368385213283372,0.0008149223594821168,0.0002940834834879554
458,ub0445,ub0445,RichterOdilie+RichterEmma_RichterMax_oD.xml,JP-UB0445,letters-context,Richter Odilie Minna + Richter Emma,Richter Max,0000-00-00,0,0,0,RichterOdilieMinnaANDRichterEmma,RichterMax,0.05599848595294677,0.0004725425470565794,0.020666356033625655,0.00040950721969687385,0.24210862311579834,0.00035537818147445916,0.2129267380606062,0.4116411158142509,0.00036573822616126214,0.0006171886773256154,0.00037138007950425966,0.0011313494774621046,0.001659474419083715,0.0008523223030656128,0.0038880891897489413,0.0012595895441025568,0.0010490015415901763,0.0007810638135740787,0.004761280855607225,0.03868477494731877
459,ub0022,ub0022,OttoGeorg_FroriepLudwig_1820-12-04.xml,JP-UB0022,letters-context,Otto Georg Christian,Froriep Ludwig Friedrich (seit 1810) von,1820-12-04,1820,12,1819,OttoGeorgChristian,FroriepLudwigFriedrichseit1810von,0.00031543743308211716,0.0002716806104926473,0.001255124672836094,0.0002354394797704265,0.0010498295940683726,0.00020431887435352493,0.0055254995506670325,0.07726644651205139,0.00021027521264046592,0.27664797123029905,0.00021351890396537017,0.0006504508824273978,0.0009540876818010912,0.0004900287711143169,0.012862052098118115,0.0007241804117819773,0.0006031062832376527,0.01107571866365118,0.6084569719364452,0.0009878611971965744
460,ub0477,ub0477,OsmundEmanuel_SchlabrendorffAmanda_1809-10-28.xml,JP-UB0477,letters-context,Osmund Emanuel,Schlabrendorff Amanda,1809-10-28,1809,10,1809,OsmundEmanuel,SchlabrendorffAmanda,0.00032228710324305927,0.00027758010869999414,0.0012823794914408012,0.00024055200799364283,0.0010726264649860108,0.000208755623927924,0.2987956866626469,0.5458131141958944,0.043644500833437835,0.00036254788316434315,0.00021815543061662505,0.0006645753126099168,0.000974805533392453,0.0005006696624591026,0.002283934487271809,0.0007399058661430975,0.0006162026335084661,0.00045881112637158035,0.08965618225467901,0.011866727317513079
461,ub0088,ub0088,RichterCaroline_RichterMax_1821-06-01.xml,JP-UB0088,letters-context,Richter Caroline,Richter Max,1821-06-01,1821,6,1819,RichterCaroline,RichterMax,0.1306399776213878,8.782442060501602e-05,0.0004057359742346187,7.610898643406759e-05,0.0003393715718831149,0.05502942071232283,0.2010284153033911,0.3788041271588744,6.797429777656237e-05,0.00011470763495844167,6.90228647343392e-05,0.00021026701823740801,0.0003084217077862885,0.00015840840766981283,0.0007226210263547794,0.0002341010827490589,0.0001949622381683548,0.000145164657256724,0.12455249484329847,0.10681087247187672
462,ub0244,ub0244,SpazierJohann_Unbekannt_oD.xml,JP-UB0244,letters-context,Spazier Johann Karl Gottlieb,Unbekannte Korrespondenten,0000-00-00,0,0,0,SpazierJohannKarlGottlieb,UnbekannteKorrespondenten,0.0021047782992329317,0.0018128078449662509,0.07928202989970441,0.00157098636950447,0.007005061276010297,0.0013633319567086582,0.036869281597399016,0.3028443912421882,0.0014030760398593093,0.0023677116125296878,0.0014247197967316627,0.004340178933974822,0.006366216680750175,0.003269751193964011,0.014915817906787188,0.004832144367125482,0.0040242687898084046,0.07390350620052573,0.44370836717159856,0.006591572820630746
463,ub0181,ub0181,SpazierJohann_FalkJohannes_1803-10-01.xml,JP-UB0181,letters-context,Spazier Johann Karl Gottlieb,Falk Johannes Daniel,1803-10-01,1803,10,1799,SpazierJohannKarlGottlieb,FalkJohannesDaniel,0.00048579638221994524,0.00041840772164245866,0.00193298245975783,0.00036259376823689785,0.0016168132417343154,0.00031466579286534613,0.057607128958881176,0.3644832036290225,0.033055479915374684,0.0005464830837177792,0.00032883450156323644,0.001001741240434012,0.03420100472844989,0.017120500092647956,0.003442666802299061,0.0011152900297240569,0.000928827145301733,0.0006915845625553183,0.3315322343043266,0.14881376163924528
464,ub1126,ub1126,MosengeilFriedrich_TruchsessChristian_1816-08-26.xml,JP-UB1126,letters-context,Mosengeil Friedrich,Truchsess von Wetzhausen Christian Freiherr,1816-08-26,1816,8,1814,MosengeilFriedrich,TruchsessvonWetzhausenChristianFreiherr,0.00011590492844771924,9.982683859713465e-05,0.0004611853893705863,0.03522862722357724,0.0003857513764104088,7.507531455944507e-05,0.1855502438144174,0.1845781157943448,0.2968329177007827,0.00013038401485567433,7.845579088230502e-05,0.00023900290542523258,0.0940628835060158,0.004084736755674549,0.06720093128760052,0.01978949249834247,0.00022160651613859774,0.00016500340919012787,0.11033687334418896,0.0003629815911783058
465,ub0898,ub0898,BrockhausFriedrich_LudwigErnst_1809-05-12.xml,JP-UB0898,letters-context,Brockhaus Friedrich Arnold,Ludwig Ernst Karl Friedrich,1809-05-12,1809,5,1809,BrockhausFriedrichArnold,LudwigErnstKarlFriedrich,0.0002995228000913556,0.0002579736221861233,0.011282316812721013,0.00022356095008715091,0.011087379400770049,0.0001940104595701236,0.0657898223538699,0.29535951602641736,0.00019966628521061268,0.00033693981558635737,0.00020274632393263217,0.0006176339558781183,0.0009059514947020855,0.00046530555430710917,0.0424846776201018,0.0006876436400995609,0.0005726780139661018,0.0004264036379396888,0.5676682301835236,0.0009380210490391896
466,ub0434,ub0434,SchwendlerAuguste_RichterCaroline_1808-05-19.xml,JP-UB0434,letters-context,Schwendler Auguste Sophie Henriette,Richter Caroline,1808-05-19,1808,5,1804,SchwendlerAugusteSophieHenriette,RichterCaroline,0.00014061193345996166,0.00012110653942269736,0.03845569533235371,0.00010495140078923,0.0004679805043525425,9.107882880131406e-05,0.026148216754389574,0.4607751736088563,9.3733974180494e-05,0.00015817747067932805,9.51799081785156e-05,0.0002899502297656749,0.1330620047521709,0.00021843917598535459,0.08152589372350781,0.0003228164992326266,0.24659415096942425,0.00020017654731717868,0.005957279770198418,0.005177382076934203
467,ub1025,ub1025,FoersterErnst_ThieriotPaul_1826-06-08.xml,JP-UB1025,letters-context,Förster Ernst Joachim,Thieriot Paul Emile,1826-06-08,1826,6,1824,FörsterErnstJoachim,ThieriotPaulEmile,0.05582151623853565,0.000283741507226737,0.012409259327844624,0.00024589150005810824,0.0010964353724472189,0.00021338933705579424,0.6383804560692383,0.11399183212152325,0.00021961009900131666,0.04476425560351042,0.00022299778965703803,0.0006793267779479826,0.012094858202889906,0.0005117829419196075,0.002334630593167001,0.0007563294309832918,0.0006298803787044577,0.0004689952790160856,0.1138430954576582,0.0010317159716149518
468,ub0303,ub0303,SpazierJohann_Unbekannt_1802-01-10.xml,JP-UB0303,letters-context,Spazier Johann Karl Gottlieb,Unbekannte Korrespondenten,1802-01-10,1802,1,1799,SpazierJohannKarlGottlieb,UnbekannteKorrespondenten,0.0007050240147707393,0.0006072245544016588,0.05030789204864535,0.0005262231740900211,0.0023464402052832353,0.000456666514442058,0.012349865514569576,0.2914522467038729,0.0004699793336954995,0.0007930970912676843,0.00047722920337081386,0.001453801750982268,0.0021324505506345602,0.0010952474732897311,0.004996255343408309,0.0016185922398117615,0.048850586813031865,0.0010036792011873432,0.5761495616255856,0.002207936643659056
469,ub0154,ub0154,RichterCaroline_MayerJohann_1803-07-14.xml,JP-UB0154,letters-context,Richter Caroline,Mayer Johann Siegfried Wilhelm,1803-07-14,1803,7,1799,RichterCaroline,MayerJohannSiegfriedWilhelm,7.202956042226698e-05,6.203777008274143e-05,0.0002866054214814457,5.376217422329912e-05,0.00023972666604646825,4.6655840943980656e-05,0.14442984463251726,0.5296516272338024,0.026740374878069902,0.0025076057274368503,4.875665086478844e-05,0.038973778603860115,0.00021786417563999757,0.0025384752563358697,0.08544068089007102,0.00016536527138645834,0.0074174524661779736,0.00980885433266984,0.0006250849767061347,0.15067341747126112
470,ub0807,ub0807,MahlmannErnestine_MayerJohann_1802-06-02.xml,JP-UB0807,letters-context,Mahlmann Ernestine,Mayer Johann Siegfried Wilhelm,1802-06-02,1802,6,1799,MahlmannErnestine,MayerJohannSiegfriedWilhelm,0.00021650587051277387,0.0001864726278724182,0.0008614762592989304,0.000161597908728546,0.0007205684751266474,0.00014023774959703042,0.0037925210034399303,0.7678244468152324,0.00014432598412671924,0.00024355223729775479,0.00014655234707645293,0.0004464480741861877,0.0006548543781742128,0.0003363396177485085,0.0015343003780948778,0.0004970535961099434,0.000413952299789667,0.0003082199111179128,0.0018788753705122128,0.21949169909595687
471,ub1093,ub1093,WangenheimKarl_WagnerJohann_1811-02-16.xml,JP-UB1093,letters-context,Wangenheim Karl August Freiherr von,Wagner Johann Ernst,1811-02-16,1811,2,1809,WangenheimKarlAugustFreiherrvon,WagnerJohannErnst,2.8816143644462654e-05,0.4543483381346653,0.003026989607737607,2.150809370451599e-05,9.59050423701828e-05,1.8665134239516087e-05,0.1985432278806328,0.14296726379639174,1.920926338105276e-05,3.2415916659813065e-05,1.950558418940909e-05,0.002000974115655899,0.04668444276657571,4.476557940627689e-05,0.14873305264817768,6.615602519496479e-05,5.5095545005053e-05,4.102294876264458e-05,0.00219162497714718,0.0010610207964581039
472,ub0581,ub0581,MahlmannSiegfried_1804-08-19.xml,JP-UB0581,letters-context,Mahlmann Siegfried August,Falk Johannes Daniel,1804-08-19,1804,8,1804,MahlmannSiegfriedAugust,FalkJohannesDaniel,0.0001854031653465837,0.00015968442507429442,0.0007377186815612581,0.00013838314739781184,0.0006170533659019622,0.00012009153661649553,0.034477601119202485,0.538847023147206,0.03135349689616063,0.00020856411706204447,0.00012549899442723154,0.006628293319174124,0.0005607795958004033,0.00028802188880303054,0.08251163804899944,0.0004256480891138178,0.0003544849222874724,0.23761121546480635,0.06406876958014959,0.0005806304949090517
473,ub0933,ub0933,WagnerJohann_TruchsessChristian_1810-09-30.xml,JP-UB0933,letters-context,Wagner Johann Ernst,Truchsess von Wetzhausen Christian Freiherr,1810-09-30,1810,9,1809,WagnerJohannErnst,TruchsessvonWetzhausenChristianFreiherr,0.0005386933324067358,0.0004639669172633704,0.056586999949456165,0.00040207554537327855,0.0017928633167030546,0.000348928832648852,0.04573195420529223,0.4223185627610935,0.0003591008648309004,0.0006059880317069869,0.00036464033068325097,0.001110817920365525,0.4190298370119001,0.0008368544884082571,0.0038175287424369398,0.001236730705911364,0.019177811312681745,0.0007668891870736606,0.022822720750093402,0.001687035793670676
474,ub0085,ub0085,LentzTherese_RichterCaroline_1808-06-02.xml,JP-UB0085,letters-context,Lentz Therese,Richter Caroline,1808-06-02,1808,6,1804,LentzTherese,RichterCaroline,8.938070029618904e-05,7.698199603471742e-05,0.006377874409278382,6.671289888975504e-05,0.00029747421982433933,5.789472699865957e-05,0.26955486047423904,0.2597718555202732,5.9582483845036105e-05,0.00010054632457225943,6.0501599244029177e-05,0.00018430835811582342,0.0002703452925992748,0.0001388519881724895,0.42821165771787134,0.00020519997171358295,0.00017089304025239105,0.00012724325412378506,0.02486457656905496,0.009313258454600591
475,ub0630,ub0630,EndeHenriette_RichterCaroline_1818-07-02.xml,JP-UB0630,letters-context,Ende Henriette Freifrau von,Richter Caroline,1818-07-02,1818,7,1814,EndeHenrietteFreifrauvon,RichterCaroline,0.0001379971496115551,0.00011885447293426487,0.0005490902762115328,0.0001029997511610748,0.0004592780575968509,8.938515000306845e-05,0.07680027361065868,0.5451854471061129,9.199092097225476e-05,0.00015523604255628847,9.340996674841027e-05,0.0002845583888388241,0.0004173930128760966,0.33958674802423405,0.0009779368953071064,0.0003168134854952972,0.00026384613641574056,0.00019645411501804686,0.03374011923167697,0.000432168205570888
476,ub0692,ub0692,MahlmannSiegfried_FalkJohannes_1805-06-15.xml,JP-UB0692,letters-context,Mahlmann Siegfried August,Falk Johannes Daniel,1805-06-15,1805,6,1804,MahlmannSiegfriedAugust,FalkJohannesDaniel,0.0006581297033027287,0.0005668353239803446,0.002618696267181812,0.0004912217090186689,0.0021903679360806088,0.00042629157498383206,0.1667288928550628,0.6046388903912814,0.00043871889887894713,0.0007403446441976734,0.00044548654718373515,0.0013571028716604472,0.0019906116937778817,0.0010223976482185923,0.004663931976630953,0.0015109324054753102,0.0012583229433771035,0.1561373923166422,0.0057113633325940275,0.046404068960471084
477,ub0715,ub0715,MayerJohann_RichterCaroline_1816-08-03.xml,JP-UB0715,letters-context,Mayer Johann Siegfried Wilhelm,Richter Caroline,1816-08-03,1816,8,1814,MayerJohannSiegfriedWilhelm,RichterCaroline,0.00018088397397045332,0.00015579212649703396,0.3907188066043116,0.00013501006622547633,0.01888321912157949,0.00011716431239349492,0.11894950810920543,0.4038379489821544,0.00012057990619010613,0.006297215844033207,0.00012243996373447952,0.0003729935896841597,0.0005471106257560484,0.00028100137200882014,0.0012818606211317315,0.030883950267682495,0.0003458443729161867,0.024632450085619696,0.001569742394552785,0.0005664776603530389
478,ub0937,ub0937,BrockhausFriedrich_Borntraeger_1810-11-10.xml,JP-UB0937,letters-context,Brockhaus Friedrich Arnold,Bornträger Johann Friedrich Wilhelm,1810-11-10,1810,11,1809,BrockhausFriedrichArnold,BornträgerJohannFriedrichWilhelm,0.0003849864708094872,0.00033158195081337314,0.00153186010138273,0.0002873502156050128,0.001281300657384321,0.0002493680017255696,0.058622471835548924,0.3666655939252105,0.0002566376197719473,0.0004330797870420113,0.00026059649447926573,0.0007938651643651012,0.0011644491456528749,0.0005980724777750107,0.3658790629490898,0.026823193781793292,0.0007360818189458384,0.0005480705697885367,0.0033409791442199593,0.1698113978885964
479,ub1316,ub1316,OsmundEmanuel_GoldschmidtCaroline_1810-10-30.xml,JP-UB1316,letters-context,Osmund Emanuel,Goldschmidt Caroline,1810-10-30,1810,10,1809,OsmundEmanuel,GoldschmidtCaroline,0.00017049449072305256,0.00014684385068912704,0.0006783971065140508,0.00012725545540788577,0.0005674347531863161,0.00011043471311454343,0.18678583451498276,0.4380798749296554,0.00011365412449791546,0.00019179301958045892,0.034577774638692736,0.023326481381737426,0.0005156860801979334,0.0002648614178553409,0.001208234035224645,0.2990652706691662,0.006069707895455633,0.00024271765311625868,0.0072233085451736045,0.0005339407250288181
480,ub1033,ub1033,WagnerJohann_GoeschenGeorg_1805-01-03.xml,JP-UB1033,letters-context,Wagner Johann Ernst,Göschen Georg Joachim,1805-01-03,1805,1,1804,WagnerJohannErnst,GöschenGeorgJoachim,0.030247305487325137,0.0003809958623528485,0.0017601451433004128,0.00033017250463469243,0.016374719400504736,0.00028653000149008167,0.007748777001123669,0.07855095112375793,0.00029488297242158575,0.16442482519514662,0.00029943181737337446,0.0009121707081680184,0.1950701331874888,0.0006872000688229407,0.003134841302609347,0.03082051306135126,0.0008457762151516129,0.0006297466398716262,0.4211081188169863,0.046092763490118996
481,ub0300,ub0300,OsmundEmanuel_GoldschmidtCaroline_1804-02-29.xml,JP-UB0300,letters-context,Osmund Emanuel,Goldschmidt Caroline,1804-02-29,1804,2,1804,OsmundEmanuel,GoldschmidtCaroline,0.00011071714848210224,9.535869664458e-05,0.019090095188700456,8.263821952135021e-05,0.0003684855595978495,7.171502420768868e-05,0.0019394259844542007,0.4970888915437786,7.380567268932655e-05,0.0001245481665516906,7.494419404533834e-05,0.00022830539237643624,0.0040647909627369045,0.00017199793848766815,0.015704254764059313,0.4217340584609061,0.00021168764676806392,0.015077259603180827,0.023340284907342797,0.00034673492546855565
482,ub0343,ub0343,EndeHenriette_RichterCaroline_1823-02-24.xml,JP-UB0343,letters-context,Ende Henriette Freifrau von,Richter Caroline,1823-02-24,1823,2,1819,EndeHenrietteFreifrauvon,RichterCaroline,0.0001454344189144667,0.00012526005975657217,0.0005786831501751652,0.00010855085775765372,0.07397635193023343,0.009893178689130862,0.09563784017068157,0.36878937292876574,9.694871361231542e-05,0.00016360239111681469,9.844423796516717e-05,0.00029989448365059514,0.049434769060281936,0.3725870258060313,0.025528082644381892,0.00033388794838858945,0.000278065957452481,0.00020704188558553422,0.0012621050278035072,0.0004554596383144932
483,ub0327,ub0327,OsmundEmanuel_GoldschmidtCaroline_1803-02-24.xml,JP-UB0327,letters-context,Osmund Emanuel,Goldschmidt Caroline,1803-02-24,1803,2,1799,OsmundEmanuel,GoldschmidtCaroline,0.00011774393788270759,0.00010141074448020498,0.0004685028028204712,8.788294784915203e-05,0.00039187191356339503,0.0040428998852491144,0.1170948820392948,0.5048374015152955,7.848983341481474e-05,0.00013245275720082317,7.970061231996382e-05,0.008176061824426935,0.00035613414566241234,0.000182913982728877,0.0008344095612001405,0.3453674207716859,0.00022512264336020766,0.00016762144131671482,0.012921702403784692,0.004335374236463122
484,ub0584,ub0584,SchwendlerAuguste_OsmundEmanuel_1819-11-24.xml,JP-UB0584,letters-context,Schwendler Auguste Sophie Henriette,Osmund Emanuel,1819-11-24,1819,11,1819,SchwendlerAugusteSophieHenriette,OsmundEmanuel,0.00015780504167364108,0.00013591465553662284,0.005944143398311015,0.00011778417213761828,0.0005252021018033494,0.00010221535271521124,0.3855333672866845,0.3204149600549509,0.00010519515191788966,0.00017751837797956208,0.00010681788527487109,0.0003254034488081537,0.00047730494417171445,0.00024514849075267184,0.2509814744049337,0.0003622883908985506,0.02688290606465855,0.0002246528272116229,0.006685697004979915,0.00049420094459999
485,ub0348,ub0348,FoersterErnst_RichterEmma_1826-01-28a.xml,JP-UB0348,letters-context,Förster Ernst Joachim,Richter Emma,1826-01-28a,1826,1,1824,FörsterErnstJoachim,RichterEmma,0.00046306125035553634,0.0003988263598357721,0.0018425194330194247,0.0003456244834999308,0.0015411468440493911,0.0002999395236796415,0.5697079883733747,0.3006257796203942,0.00030868341126375523,0.0005209078315653923,0.00031344514085938815,0.11015419325221294,0.0014005979904376643,0.0007193608356662942,0.0032815509797443037,0.0010630947750435544,0.0008853583003276744,0.0006592186026582233,0.004018525577486708,0.0014501774145254296
486,ub0100,ub0100,RichterCaroline_RichterOdilie_1822-04-25.xml,JP-UB0100,letters-context,Richter Caroline,Richter Odilie Minna,1822-04-25,1822,4,1819,RichterCaroline,RichterOdilieMinna,9.130521341256894e-05,7.863954470689129e-05,0.000363303191358544,6.814933705279922e-05,0.28944305325339875,5.914129545369442e-05,0.19230820506791266,0.4406942433049317,6.086539247392671e-05,0.0001027112518977545,6.180429793537138e-05,0.06170724999510021,0.00027616627028052767,0.00014184169928000895,0.0006470476903427557,0.00020961826375800563,0.0001745726477781086,0.00012998301014181354,0.013096157060565316,0.00028594221221851096
487,ub0690,ub0690,MayerJohann_RichterCaroline_1806-03-22.xml,JP-UB0690,letters-context,Mayer Johann Siegfried Wilhelm,Richter Caroline,1806-03-22,1806,3,1804,MayerJohannSiegfriedWilhelm,RichterCaroline,0.0002907221890248864,0.0002503938135252271,0.5398287508937428,0.00021699225825211443,0.03034968039655582,0.00018831002341974424,0.005092564028086543,0.37482755307340937,0.0001937996689841038,0.0003270398137538459,0.00019678920967774652,0.0005994865686826517,0.0008793327306296085,0.00045163389655926574,0.002060245126310034,0.000667439220846664,0.0005558515270819763,0.0004138750004747272,0.0416990805471044,0.000910460013878469
488,ub0832,ub0832,SpazierJohann_BodeAugust_1803-07-05.xml,JP-UB0832,letters-context,Spazier Johann Karl Gottlieb,Bode August Theodor Heinrich,1803-07-05,1803,7,1799,SpazierJohannKarlGottlieb,BodeAugustTheodorHeinrich,0.0006886672706390447,0.0005931367836892528,0.002740205163059195,0.0005140146568843235,0.002292002170189325,0.0004460717301882615,0.012063345359155668,0.4470923338455858,0.00045907568850414923,0.0007746970284022017,0.0004661573592801597,0.0014200731647769332,0.0020829771322836087,0.001069837441423922,0.02808060611792483,0.0015810404705592538,0.0013167097954237047,0.2561833110372135,0.2379790258568878,0.002156711927929241
489,ub0420,ub0420,RichterCaroline_OsmundEmanuel_1807-11-28.xml,JP-UB0420,letters-context,Richter Caroline,Osmund Emanuel,1807-11-28,1807,11,1804,RichterCaroline,OsmundEmanuel,0.0011824740999311525,0.0010184437598989957,0.004705061169537466,0.000882587346116649,0.003935475546441935,0.0007659261448124799,0.4589087459832639,0.4888269418824594,0.0007882545529722763,0.0013301912410171315,0.0008004141148302128,0.00243833242691755,0.0035765697234146827,0.0018369612141528066,0.008379774896241097,0.002714720863160016,0.0022608526593247144,0.0016833818922176082,0.010261714647123887,0.003703175836166013
490,ub0190,ub0190,RichterOdilie_RichterCaroline_1822-11-21.xml,JP-UB0190,letters-context,Richter Odilie Minna,Richter Caroline,1822-11-21,1822,11,1819,RichterOdilieMinna,RichterCaroline,0.000249226348793054,0.00021465418967356222,0.0009916709517782023,0.00018602016042162012,0.2611084832584893,0.00016143184576124632,0.02115787830310561,0.6319826460252974,0.00016613793415705226,0.00028036022625316107,0.00016870076678480553,0.0005139196604304054,0.04273430872000256,0.00038717054039865664,0.0017661788120513242,0.008968270454831999,0.00047651280774384133,0.0003548011095094295,0.018955023882351197,0.00917660400216548
491,ub0870,ub0870,WagnerJohann_TruchsessChristian_1808-03-08.xml,JP-UB0870,letters-context,Wagner Johann Ernst,Truchsess von Wetzhausen Christian Freiherr,1808-03-08,1808,3,1804,WagnerJohannErnst,TruchsessvonWetzhausenChristianFreiherr,0.00045594849723008417,0.0003927002729838565,0.001814217808027368,0.0003403155926709973,0.001517474388141287,0.00029533236688804846,0.023347109609548236,0.3267286532424853,0.00030394194586029987,0.0005129065384228662,0.00030863053392867715,0.0009401931136294408,0.3853862281679827,0.09287002575076868,0.01859143116950654,0.016407051086034997,0.031592330444875034,0.000649092816549337,0.09611851437941672,0.0014279022750493743
492,ub1036,ub1036,WagnerJohann_GoeschenGeorg_1805-02-23.xml,JP-UB1036,letters-context,Wagner Johann Ernst,Göschen Georg Joachim,1805-02-23,1805,2,1804,WagnerJohannErnst,GöschenGeorgJoachim,0.00012900136231499542,0.00011110656248270122,0.052663864807135516,9.628538165669175e-05,0.00042933854270289676,8.355829199069573e-05,0.0457185168032426,0.2662764623806301,8.599419741230852e-05,0.00014511648267025488,8.732073813308926e-05,0.004611889265204503,0.10034544066781118,0.00020040227448475803,0.2095164619133761,0.00029616098117749235,0.0002466464788221148,0.0001836476227302652,0.3183687893125927,0.0004039959334290722
493,ub0403,ub0403,RichterJohann+RichterCaroline_SchubaertHenriette_1816-08-01.xml,JP-UB0403,letters-context,Jean Paul + Richter Caroline,Schubaert Henriette Luise Eleonore von,1816-08-01,1816,8,1814,JeanPaulANDRichterCaroline,SchubaertHenrietteLuiseEleonorevon,0.0005589819708497492,0.0004814411581117213,0.002224187714276201,0.00041721879084544747,0.001860387366885405,0.00036207043010714416,0.2357677781904613,0.5888749632252115,0.0003726255683548464,0.0006288111693559477,0.0003783736653765185,0.0011526543081701167,0.05818475526250123,0.0008683726771871531,0.06045533784359839,0.0012833093075649358,0.0010687556500254905,0.0007957722945977131,0.004850942171233201,0.03941326123528613
494,ub0400,ub0400,RichterCaroline_CottaJohann_1826-12-16.xml,JP-UB0400,letters-context,Richter Caroline,Cotta von Cottendorf Johann Friedrich Freiherr,1826-12-16,1826,12,1824,RichterCaroline,CottavonCottendorfJohannFriedrichFreiherr,7.87148292006535e-05,6.77956723243142e-05,0.00031320608744016645,5.875199482870282e-05,0.00026197638111444624,5.098610250553448e-05,0.017289617445305338,0.10679046766886886,5.247245796543266e-05,0.5993943787035422,5.328189458214838e-05,0.00016231469300714905,0.0002380847706678792,0.00012228266837191793,0.11988863108769775,0.00018071329349499745,0.00015050023585036636,0.00011205921392535947,0.15448725212434766,0.00024651267495902595
495,ub0813,ub0813,MahlmannSiegfried_FalkJohannes_1805-04-25.xml,JP-UB0813,letters-context,Mahlmann Siegfried August,Falk Johannes Daniel,1805-04-25,1805,4,1804,MahlmannSiegfriedAugust,FalkJohannesDaniel,0.00019262183930595877,0.0001659017396430439,0.11108230133178193,0.0001437710965230038,0.007130246554212023,0.0001247673017065591,0.08124416430656753,0.27430363575150224,0.00012840453912999576,0.000216684562890903,0.0001303852989372225,0.00039719777113051926,0.0005826135545550233,0.00029923602371030583,0.17657258437753096,0.0004422207014044434,0.00036828679601883055,0.20143843287034832,0.14443330623449707,0.0006032373486042617
496,ub0991,ub0991,VossHeinrich+TruchsessChristian_FouqueFriedrich_1817-04-21.xml,JP-UB0991,letters-context,Voß Heinrich + Truchsess von Wetzhausen Christian Freiherr,Fouqué Friedrich Freiherr de la Motte,1817-04-21,1817,4,1814,VoßHeinrichANDTruchsessvonWetzhausenChristianFreiherr,FouquéFriedrichFreiherrdelaMotte,0.033139153260062816,2.0649291152250257e-05,0.0017107712503360124,0.2948237494493329,7.979309568267192e-05,1.552941123319567e-05,0.16114973714326236,0.3604474078585017,1.5982127248760086e-05,2.697007660654717e-05,1.6228666471616364e-05,4.94380133610784e-05,0.00976476343649425,3.724500894403276e-05,0.10032312463405926,5.504188224005494e-05,0.010545774101843805,3.413113632929005e-05,0.0276694270162263,7.50831406110766e-05
497,ub0827,ub0827,SpazierJohann+FuessliJohann_1800-10-15.xml,JP-UB0827,letters-context,Spazier Johann Karl Gottlieb,Füssli Johann (Hans) Heinrich,1800-10-15,1800,10,1799,SpazierJohannKarlGottlieb,FüssliJohannHansHeinrich,0.00016123366760150586,0.0001388676696292487,0.0006415483169552089,0.00012034326570142412,0.0005366131538490509,0.01096792283554108,0.008256064299170689,0.25133220077054025,0.00010748072417544316,0.0001813753150391015,0.00010913871461675314,0.0003324734808538194,0.00048767533595215994,0.0545679080883973,0.1966853656101992,0.0003701598210963773,0.0003082736156257169,0.0002295338531913813,0.4576656530476546,0.016800168414209782
498,ub0556,ub0556,RichterCaroline_RichterMax_1820-04-15.xml,JP-UB0556,letters-context,Richter Caroline,Richter Max,1820-04-15,1820,4,1819,RichterCaroline,RichterMax,0.008645323621348091,0.00021465418967356222,0.0009916709517782023,0.00018602016042162012,0.1099787323524987,0.00016143184576124632,0.21426811557187145,0.5648138678448572,0.00016613793415705226,0.00028036022625316107,0.00016870076678480553,0.0005139196604304054,0.009149919629782415,0.00038717054039865664,0.035350567902271465,0.0005721731822769661,0.00047651280774384133,0.0003548011095094295,0.0021628293372411237,0.051157090364940656
499,ub1024,ub1024,RichterCaroline_ThieriotPaul_1826-03-18.xml,JP-UB1024,letters-context,Richter Caroline,Thieriot Paul Emile,1826-03-18,1826,3,1824,RichterCaroline,ThieriotPaulEmile,0.00010750915244241247,0.02544545723951905,0.0040496159816630385,0.10873536465512226,0.00035780880146165294,6.963710297508295e-05,0.4799657634542933,0.2291572752636952,0.050777390240339865,0.0001209394209280347,7.27727085890086e-05,0.011087202397689282,0.00032517750675291226,0.02189803852063531,0.03698025288153914,0.0002468192234680325,0.00020555406094334436,0.00015305109894564017,0.029907681903590364,0.00033668838540701265
500,ub0418,ub0418,MahlmannErnestine_MahlmannSiegfried_1803-10-23.xml,JP-UB0418,letters-context,Mahlmann Ernestine,Mahlmann Siegfried August,1803-10-23,1803,10,1799,MahlmannErnestine,MahlmannSiegfriedAugust,5.7514870661657115e-05,4.95365278023197e-05,0.00022885151111291856,0.08529723591000246,0.06606974771767582,3.7254213988988265e-05,0.03782184471072155,0.5217389245673435,3.834025511873999e-05,6.469974876136728e-05,3.893168932233256e-05,0.00011859910857451562,0.0563643012688009,0.05627968769593877,0.12828904854788553,0.019508021431348683,0.00010996659317417219,8.187874204661947e-05,0.0004991239898874117,0.027306490899831767
501,ub0509,ub0509,RichterJohann+RichterCaroline_MayerJohann_1805-02-23.xml,JP-UB0509,letters-context,Jean Paul + Richter Caroline,Mayer Johann Siegfried Wilhelm,1805-02-23,1805,2,1804,JeanPaulANDRichterCaroline,MayerJohannSiegfriedWilhelm,0.06869570438012297,0.0005796878713275447,0.0026780731555619323,0.0005023597768243264,0.0022400328147769146,0.00043595740281671813,0.0571382531782241,0.2555611261492123,0.0004486665065551205,0.0007571313795866741,0.00045558760598863435,0.0013878741171617982,0.2514521382925461,0.0010455797147297665,0.004769682984053785,0.0015451916152638369,0.0012868544313130658,0.0009581639204385117,0.18723460296191735,0.1608273317415786
502,ub0499,ub0499,RichterCaroline_FalkensteinKonstantin_1826-02-03.xml,JP-UB0499,letters-context,Richter Caroline,Falkenstein Konstantin Karl von,1826-02-03,1826,2,1824,RichterCaroline,FalkensteinKonstantinKarlvon,0.0004295560806513768,0.0003699689573678914,0.001709202455537226,0.00032061654564141537,0.0014296359229579404,0.00027823715788212504,0.03646683154808609,0.5393546585461763,0.0002863483744380435,0.18860831108253126,0.00029076556525384,0.0008857703696790024,0.0012992565948428305,0.0006673109030515059,0.0030441117157489557,0.00098617369641283,0.0008212974874682759,0.0006115203097493601,0.20632401695316502,0.015816409733358832
503,ub0061,ub0061,RichterCaroline_OsmundEmanuel_1806-01-29.xml,JP-UB0061,letters-context,Richter Caroline,Osmund Emanuel,1806-01-29,1806,1,1804,RichterCaroline,OsmundEmanuel,0.0017355827593110436,0.0014948263400538983,0.06537530545010703,0.0012954223535173678,0.005776315530710157,0.001124192243973472,0.3227492366326722,0.5420701099396589,0.0011569648858835645,0.0019523953925335968,0.0011748121486038553,0.003578875615012245,0.005249529566688867,0.0026962097630656946,0.012299459952374706,0.00398454623802487,0.0033183787256693066,0.0024707928821776225,0.015061687206133975,0.0054353563738277245
504,ub0553,ub0553,RichterCaroline+RichterJohann_OsmundEmanuel_1803-02-11.xml,JP-UB0553,letters-context,Richter Caroline + Jean Paul,Osmund Emanuel,1803-02-11,1803,2,1799,RichterCarolineANDJeanPaul,OsmundEmanuel,0.00010673599163769432,9.192979757135508e-05,0.014807864711654463,7.966672217186519e-05,0.018334188710974104,6.913630209114615e-05,0.13131815075491587,0.4108945939299238,7.115177523069807e-05,0.00012006967525631665,0.2194154774288124,0.0613485366184533,0.00032283896629300117,0.0001658132527418559,0.10503432824656347,0.0038408348270847353,0.0002040758022131663,0.00015195041953244143,0.03328838900335032,0.0003342670635280221
505,ub0571,ub0571,RichterCaroline_RichterOdilie_1822-07-05.xml,JP-UB0571,letters-context,Richter Caroline,Richter Odilie Minna,1822-07-05,1822,7,1819,RichterCaroline,RichterOdilieMinna,9.450275526910295e-05,8.139353022842833e-05,0.0099270347077519,7.05359516783708e-05,0.21998771693524116,6.121244517882941e-05,0.07169612842744051,0.5198009063898715,6.29969207051828e-05,0.00010630823737980003,6.396870697813961e-05,0.00019487034229259098,0.00028583771373463514,0.00014680904729331862,0.0038533770383887213,0.0034006286738320025,0.04475205927447097,0.00013453506253874187,0.0008201112464069875,0.12445906659331905
506,ub0797,ub0797,VossHeinrich_BoieHeinrich_1817-04-23.xml,JP-UB0797,letters-context,Voß Heinrich,Boie Heinrich,1817-04-23,1817,4,1814,VoßHeinrich,BoieHeinrich,0.0001379971496115551,0.00011885447293426487,0.0005490902762115328,0.23254982912633795,0.0004592780575968509,8.938515000306845e-05,0.07680027361065868,0.4986960812310777,0.093070722671043,0.00015523604255628847,9.340996674841027e-05,0.0932632901389096,0.0004173930128760966,0.00021437713647582483,0.0009779368953071064,0.0003168134854952972,0.00026384613641574056,0.00019645411501804686,0.0011975631191522005,0.000432168205570888
507,ub0622,ub0622,CottaJohann_RichterCaroline_1826-10-26.xml,JP-UB0622,letters-context,Cotta von Cottendorf Johann Friedrich Freiherr,Richter Caroline,1826-10-26,1826,10,1824,CottavonCottendorfJohannFriedrichFreiherr,RichterCaroline,0.00020042540427718422,0.00017262281036279473,0.0007974921286718527,0.00014959560269916765,0.0006670499400067384,0.00012982191933797482,0.0575273181314665,0.1166148299920657,0.00013360650982714812,0.4526134640319184,0.00013566751488540028,0.0004132891895522885,0.0006062166036301862,0.00031135878072045706,0.11620535900849045,0.0004601361049093861,0.0003832069626579439,0.00028532759941232505,0.2515655358488947,0.000627675916213545
508,ub0106,ub0106,RichterCaroline_MayerJohann_1803-09-13.xml,JP-UB0106,letters-context,Richter Caroline,Mayer Johann Siegfried Wilhelm,1803-09-13,1803,9,1799,RichterCaroline,MayerJohannSiegfriedWilhelm,0.0001030312052204633,8.873893139626746e-05,0.028177812083151118,7.690150506300562e-05,0.00034290542912456364,6.673659390466781e-05,0.2447734897790597,0.3202709281916883,6.868211034641669e-05,0.00011590207916070076,6.974159597341596e-05,0.00021245651696563968,0.0003116332858198662,0.00016005790557985908,0.1430403830534199,0.02106242716640345,0.00019699236907571785,0.003617657649089759,0.011307066810423207,0.2259364557391339
509,ub0312,ub0312,RichterCaroline+RichterJohann_OsmundEmanuel_1802-09-10.xml,JP-UB0312,letters-context,Richter Caroline + Jean Paul,Osmund Emanuel,1802-09-10,1802,9,1799,RichterCarolineANDJeanPaul,OsmundEmanuel,0.00019387995897223785,0.0001669853355741537,0.0007714478199268006,0.00014471014499554374,0.046366133452194216,0.00012558222589454935,0.1079010250472908,0.5177627088242561,0.00012924322012536487,0.00021809984950084508,0.19607781350685752,0.000399792089246586,0.013649524031570557,0.00030119049952491525,0.007905511114252405,0.1049499499368827,0.00037069228058159723,0.00027600943836043467,0.0016825237989441199,0.0006071774250485924
510,ub0591,ub0591,HeineJohann_RichterCaroline_1822-12-17.xml,JP-UB0591,letters-context,Heine Johann Georg,Richter Caroline,1822-12-17,1822,12,1819,HeineJohannGeorg,RichterCaroline,0.00019015395727690256,0.00016377619706007694,0.0007566220694977861,0.00014192909300624138,0.03266300788854084,0.000123168775896584,0.0930153166544424,0.3348495280248101,0.00012675941282599021,0.0002139083878701518,0.01934680064096259,0.0067981374658673795,0.04541734938353795,0.2885666898837098,0.007753582323002691,0.00043655494446948257,0.0003635682845109538,0.006676733680592196,0.1618009042949497,0.0005955086371702933
511,ub0448,ub0448,ReckeElisa_RichterCaroline_1825-11-20.xml,JP-UB0448,letters-context,Recke Elisa von der,Richter Caroline,1825-11-20,1825,11,1824,ReckeElisavonder,RichterCaroline,0.00016123366760150586,0.0001388676696292487,0.0006415483169552089,0.00012034326570142412,0.0005366131538490509,0.00010443618295503337,0.3287289205504591,0.31108137735976354,0.00010748072417544316,0.3097907449137415,0.00010913871461675314,0.0003324734808538194,0.00048767533595215994,0.0002504748254670583,0.0011426058636503293,0.0003701598210963773,0.0003082736156257169,0.005661277179484407,0.03942141692309173,0.0005049384353307048
512,ub1110,ub1110,TruchsessChristian_WagnerJohann_1811-09-14.xml,JP-UB1110,letters-context,Truchsess von Wetzhausen Christian Freiherr,Wagner Johann Ernst,1811-09-14,1811,9,1809,TruchsessvonWetzhausenChristianFreiherr,WagnerJohannErnst,0.00011545411710557418,0.05455233262489519,0.00045939161228841834,0.20622927279666475,0.00038425099935084035,7.478330969156084e-05,0.06425428212208999,0.4639036557858263,7.696340534914207e-05,0.00012987688721650872,7.815063767734309e-05,0.0002380733054331156,0.023686162838352426,0.00017935676997030562,0.035823614309848754,0.0002650592520060021,0.0002207445792709727,0.07017522542371901,0.07879177944621768,0.0003615697770260986
513,ub0329,ub0329,RichterCaroline_OsmundEmanuel_1807-03-21.xml,JP-UB0329,letters-context,Richter Caroline,Osmund Emanuel,1807-03-21,1807,3,1804,RichterCaroline,OsmundEmanuel,0.0012315333988589994,0.0010606976552367405,0.004900267984133729,0.0009192047370984834,0.004098753263279342,0.0007977034156188312,0.5194369556766604,0.426130354452584,0.0008209582001369414,0.0013853791303147175,0.0008336222462622751,0.0025394956400691744,0.0037249569085610673,0.0019131743247226113,0.00872744076190927,0.0028273510698928177,0.0023546524697832154,0.0017532231982257788,0.010687459723836204,0.0038568157428154905
514,ub0410,ub0410,RichterCaroline_RichterOdilie_1823-01-24.xml,JP-UB0410,letters-context,Richter Caroline,Richter Odilie Minna,1823-01-24,1823,1,1819,RichterCaroline,RichterOdilieMinna,0.00020742824372057682,0.00017865423052930242,0.07070511510017093,0.0001548224550082243,0.2243055844012081,0.00013435788153615808,0.05953731568610029,0.5888837213233682,0.00013827470516039852,0.00023334061435488783,0.0001404077214867183,0.0004277294639704052,0.01460334947716751,0.00032223761895226326,0.029421873931082244,0.00047621320489782957,0.0003965961676979021,0.00029529691130998165,0.0018000981560091329,0.007637582706269028
515,ub0734,ub0734,RichterMax_RichterCaroline_1821-01-16.xml,JP-UB0734,letters-context,Richter Max,Richter Caroline,1821-01-16,1821,1,1819,RichterMax,RichterCaroline,0.07359730592464657,0.000234328651162644,0.0010825640854285274,0.00020307012570752362,0.10172769394405892,0.00017622813106725916,0.08725671814312701,0.5982514466990686,0.0001813655632679464,0.00030605707606949363,0.00018416329628089304,0.0005610237611376711,0.07414815146005535,0.0004226572546266181,0.0019280606605881745,0.000624616599556233,0.0005201883255581813,0.000387320953524319,0.0023610668026626887,0.05584597254240538
516,ub0612,ub0612,SpazierJohann_FalkJohannes_1803-12-18.xml,JP-UB0612,letters-context,Spazier Johann Karl Gottlieb,Falk Johannes Daniel,1803-12-18,1803,12,1799,SpazierJohannKarlGottlieb,FalkJohannesDaniel,0.00040605191026088375,0.00034972523645493934,0.0016156794266328806,0.027661748235637232,0.0013514100338525676,0.00026301275794367887,0.020792125675640417,0.2362558511671508,0.00027068015022474267,0.000456776765308221,0.00027485564406485127,0.0008373033623811076,0.0012281647170608884,0.0006307974188401491,0.1943882708337711,0.0009322128851493492,0.0007763582654289423,0.0005780595389559388,0.509659275757164,0.0012716402180772536
517,ub0944,ub0944,BrockhausFriedrich_LudwigErnst_1811-01-09.xml,JP-UB0944,letters-context,Brockhaus Friedrich Arnold,Ludwig Ernst Karl Friedrich,1811-01-09,1811,1,1809,BrockhausFriedrichArnold,LudwigErnstKarlFriedrich,0.0006438544861095871,0.0005545403351324669,0.002561895217496179,0.00048056682358949357,0.1322863577556513,0.022107628425020356,0.03296894572768873,0.5481427534087878,0.00042920283002989817,0.0007242861369753676,0.00043582368409496,0.0013276665186905555,0.0019474341648906685,0.0010002212467997917,0.02625335193427321,0.0014781594001785194,0.0012310291846762314,0.0009165976516551676,0.22249331415991852,0.00201637090834119
518,ub0597,ub0597,SchwendlerAuguste_OsmundEmanuel_1809-01-05.xml,JP-UB0597,letters-context,Schwendler Auguste Sophie Henriette,Osmund Emanuel,1809-01-05,1809,1,1809,SchwendlerAugusteSophieHenriette,OsmundEmanuel,0.000722176650289051,0.0006219978121080758,0.002873538891904261,0.000539025737006109,0.0024035271026988125,0.00046777682290181975,0.2072835330337632,0.4688470873995579,0.0004814135317414192,0.025141543192399626,0.0004888397845887823,0.0014891715129024931,0.002184331261489143,0.001121893914145791,0.00511780999270599,0.2692786291614427,0.0013807786575649127,0.0010280978637500294,0.0062671738099916935,0.002261653867048281
519,ub0070,ub0070,Uthe-SpazierWilhelmine_BoettigerCarl_1810-07-28.xml,JP-UB0070,letters-context,Uthe-Spazier Wilhelmine,Böttiger Carl August,1810-07-28,1810,7,1809,UtheSpazierWilhelmine,BöttigerCarlAugust,0.00034474536391211434,0.0002969230063058833,0.001371740848459508,0.0002573146387214121,0.001147371388095812,0.00022330255482006338,0.006038884905885711,0.1425154445066715,0.0002298123085618793,0.00038781167679178587,0.00023335737781791645,0.0007108855914098606,0.1055687626019468,0.0005355583367977537,0.002443088221783833,0.01240546866968943,0.0006591421096123379,0.0004907829296805844,0.7230599575810828,0.001079645381952917
520,ub1012,ub1012,RichterMax_RichterCaroline_1821-05-11.xml,JP-UB1012,letters-context,Richter Max,Richter Caroline,1821-05-11,1821,5,1819,RichterMax,RichterCaroline,0.1678219702994171,0.00016483211631390638,0.0007615002619665113,0.03882682654678146,0.136030883465587,0.00012396288568954794,0.016247052352980542,0.5562176471091568,0.00012757667264157852,0.00021528752592172619,0.00012954466183588836,0.000394636905866558,0.0005788572524742575,0.00029730675019836095,0.020698233026682947,0.00043936955843350484,0.0003659123293635524,0.0002724503902760967,0.05968680181030363,0.0005993480781091935
521,ub0429,ub0429,RichterCaroline_RichterOdilie_1822-05-27.xml,JP-UB0429,letters-context,Richter Caroline,Richter Odilie Minna,1822-05-27,1822,5,1819,RichterCaroline,RichterOdilieMinna,0.00016300446442509987,0.00014039282521205874,0.0006485943126132257,0.00012166497149535112,0.3135522534730441,0.0001055831844702636,0.17308871098950926,0.4957140905334422,0.005600060230031088,0.0001833673235105791,0.00011033736308794053,0.0003361249699787849,0.000493031375721618,0.000253225739912691,0.0011551548731969744,0.0003742252116886177,0.0003116593225160237,0.00023205477716579064,0.0014145809199838054,0.006001883138994578
522,ub0377,ub0377,RichterCaroline_OsmundEmanuel_1807-09-20.xml,JP-UB0377,letters-context,Richter Caroline,Osmund Emanuel,1807-09-20,1807,9,1804,RichterCaroline,OsmundEmanuel,0.0012315333988589994,0.0010606976552367405,0.004900267984133729,0.0009192047370984834,0.004098753263279342,0.0007977034156188312,0.5609256436155364,0.301664290635956,0.0008209582001369414,0.08436275500806666,0.0008336222462622751,0.0025394956400691744,0.0037249569085610673,0.0019131743247226113,0.00872744076190927,0.0028273510698928177,0.0023546524697832154,0.0017532231982257788,0.010687459723836204,0.0038568157428154905
523,ub0291,ub0291,FischerFriederike_MuetzschefahlAntonie_1811-02-17.xml,JP-UB0291,letters-context,Fischer Friederike Christiane von,Mützschefahl Antonie von,1811-02-17,1811,2,1809,FischerFriederikeChristianevon,MützschefahlAntonievon,9.54140557269622e-05,0.03544024816464302,0.0003796522635507635,7.121613761450561e-05,0.0003175542560485432,6.180272351684511e-05,0.5095418189556034,0.2483775856453951,6.360440693686861e-05,0.00010733337939944327,6.458556425168518e-05,0.00019674949842564488,0.00028859407823065495,0.00014822474307525969,0.0006761655997166442,0.0002190513329093448,0.07411293809523717,0.00013583239893640096,0.1294028187516934,0.00029880994908831936
524,ub0323,ub0323,EndeHenriette_RichterCaroline_1820-07-17.xml,JP-UB0323,letters-context,Ende Henriette Freifrau von,Richter Caroline,1820-07-17,1820,7,1819,EndeHenrietteFreifrauvon,RichterCaroline,0.00017657985038356598,0.00015208506195400954,0.012600081507792451,0.0001317975095917791,0.0005876878683595356,0.00011437639442903967,0.003093139182683008,0.3942286485928439,0.00011771071437092224,0.0001986385751146776,0.00011952651195475864,0.0003641182290213096,0.0005340921603980397,0.3334034965778701,0.16781594963112526,0.0004053915463161948,0.07172243965851116,0.0002513808316676842,0.0015323904660351415,0.012450469129577556
525,ub1160,ub1160,MuellnerAdolph_RichterEmma_1826-09-29.xml,JP-UB1160,letters-context,Müllner Adolph,Richter Emma,1826-09-29,1826,9,1824,MüllnerAdolph,RichterEmma,7.202956042226698e-05,6.203777008274143e-05,0.0463915890074312,5.376217422329912e-05,0.00023972666604646825,4.6655840943980656e-05,0.0061148938746680035,0.2530217257181039,4.801595988846556e-05,0.1044238852332205,0.37859493767234703,0.031694044353446985,0.022057066926879355,0.00011189717286483005,0.04661543155453438,0.07781586394245972,0.00013771821576485612,0.00010254199878568004,0.03217060006182965,0.00022557629605665717
526,ub0178,ub0178,RichterEmma_RichterOdilie+RichterCaroline_1820-03-01.xml,JP-UB0178,letters-context,Richter Emma,Richter Odilie Minna + Richter Caroline,1820-03-01,1820,3,1819,RichterEmma,RichterOdilieMinnaANDRichterCaroline,0.00026478868997709484,0.0002280577553577732,0.0010535934642597756,0.00019763574287351828,0.268492404395672,0.00017151206991841204,0.01355865981754576,0.6000823142167856,0.00017651201870904566,0.0002978666476910061,0.0001792348812692031,0.0005460101401711544,0.0721638643077043,0.0004113464755486613,0.0018764636089769872,0.0006079011633755707,0.0005062675063484919,0.03605844147454889,0.002297882024214233,0.0008292435990524635
527,ub0311,ub0311,SpazierJohann_FalkJohannes_1804-07-22.xml,JP-UB0311,letters-context,Spazier Johann Karl Gottlieb,Falk Johannes Daniel,1804-07-22,1804,7,1804,SpazierJohannKarlGottlieb,FalkJohannesDaniel,0.000249226348793054,0.00021465418967356222,0.0009916709517782023,0.00018602016042162012,0.017621662354393317,0.00016143184576124632,0.0043656837579955435,0.2205738796701007,0.00016613793415705226,0.00028036022625316107,0.00016870076678480553,0.0005139196604304054,0.0007538223572273789,0.00038717054039865664,0.2368569024435923,0.0005721731822769661,0.00047651280774384133,0.37817917837448606,0.1365003856981217,0.0007805067296104465
528,ub1038,ub1038,WagnerJohann_GoeschenGeorg_1805-05-17.xml,JP-UB1038,letters-context,Wagner Johann Ernst,Göschen Georg Joachim,1805-05-17,1805,5,1804,WagnerJohannErnst,GöschenGeorgJoachim,0.0010952161550158007,0.0009432900550475961,0.0043578620483230865,0.0008174588515179792,0.0036450662186882548,0.0007094063940989834,0.09297752920442973,0.4158587417074036,0.0007300871289529809,0.0012320328508736904,0.0007413494040298738,0.002258401317554837,0.4091724410735329,0.0017014069043835565,0.04465775385905664,0.002514394307549229,0.0020940182594671878,0.0015591606137716982,0.00950447511733805,0.003429908528964233
529,ub0016,ub0016,OttoGeorg_Industrie-Comptoir_1817-08-02.xml,JP-UB0016,letters-context,Otto Georg Christian,Industrie-Comptoir ,1817-08-02,1817,8,1814,OttoGeorgChristian,IndustrieComptoir,0.00011916195322865105,0.00010263205569590198,0.00047414508195571417,8.894134092600825e-05,0.004410995707772164,7.718499326967054e-05,0.002087353148255267,0.06933278227576216,7.943510321200485e-05,0.14063820181634054,8.066046378563658e-05,0.00024571908562662757,0.00036042314510344376,0.05237237401854749,0.21360789158556026,0.0002735716922201947,0.00022783384334845792,0.00016964014206998025,0.5148778708718714,0.00037318167544843285
530,ub0063,ub0063,MerzdorfErnestine_RichterCaroline_1809-02-25.xml,JP-UB0063,letters-context,Merzdorf Ernestine Amalie,Richter Caroline,1809-02-25,1809,2,1809,MerzdorfErnestineAmalie,RichterCaroline,0.00011964224558542124,0.012194800106496257,0.0891489216436265,8.929982654234994e-05,0.008459359394533069,0.08068919198457815,0.1915332517451388,0.3719060935236964,7.975527313116327e-05,0.00013458820547749328,8.09855726244909e-05,0.00024670947723688067,0.00036187586115169525,0.0001858629839988545,0.06936780370221028,0.0002746743461230719,0.0002287521469731381,0.0001703238910471498,0.0010382760891001273,0.1736898319807288
531,ub1137,ub1137,SchwendlerAuguste_MuellerFriedrich_1819-03-26.xml,JP-UB1137,letters-context,Schwendler Auguste Sophie Henriette,Müller Friedrich Theodor Adam Heinrich von,1819-03-26,1819,3,1819,SchwendlerAugusteSophieHenriette,MüllerFriedrichTheodorAdamHeinrichvon,0.037156750472893685,0.0001183044828952674,0.0005465494026964591,0.000102523127641915,0.0004571527832965048,8.897152701587828e-05,0.25228699768171914,0.27427205165503904,9.156523997797759e-05,0.055683605541472884,9.297771922767014e-05,0.000283241616524659,0.0004154615584363805,0.00021338512257226968,0.17218809907919605,0.0003153474551731665,0.16684988873418585,0.00019554503853390175,0.03821141338145125,0.0004301683800500861
532,ub0105,ub0105,RichterCaroline_OsmundEmanuel_1804-08-07.xml,JP-UB0105,letters-context,Richter Caroline,Osmund Emanuel,1804-08-07,1804,8,1804,RichterCaroline,OsmundEmanuel,0.00048579638221994524,0.00041840772164245866,0.00193298245975783,0.00036259376823689785,0.0016168132417343154,0.03304630672510743,0.0248754880266391,0.9045552790110172,0.00032383898313259255,0.0005464830837177792,0.00032883450156323644,0.001001741240434012,0.0014693637962078028,0.0007546796265269144,0.003442666802299061,0.0174811104958451,0.000928827145301733,0.0006915845625553183,0.0042158249819056965,0.0015213774441558705
533,ub0817,ub0817,MayerJohann_RichterCaroline_1814-01-28.xml,JP-UB0817,letters-context,Mayer Johann Siegfried Wilhelm,Richter Caroline,1814-01-28,1814,1,1814,MayerJohannSiegfriedWilhelm,RichterCaroline,0.0001360990027118653,0.00011721963301221223,0.2756409733089309,0.0001015829924897142,0.00045296070087189717,8.815565978653702e-05,0.10325383158925426,0.4047217093810153,9.072558844955695e-05,0.018493063158769,9.2125115291096e-05,0.00028064429622839303,0.0004116517837596033,0.0002114283850116722,0.08349431612709528,0.00031245572494034685,0.00026021694025304867,0.00019375189420839625,0.05620097782302978,0.05544611089489123
534,ub1076,ub1076,WagnerJohann_MuellerFriedrich_1809-07-20.xml,JP-UB1076,letters-context,Wagner Johann Ernst,Müller Friedrich Theodor Adam Heinrich von,1809-07-20,1809,7,1809,WagnerJohannErnst,MüllerFriedrichTheodorAdamHeinrichvon,0.00024715124291649424,0.0002128669381547044,0.0592667425244011,0.0001844713212642884,0.0008225615028923043,0.0001600877335779827,0.004329334246536223,0.1937587703690068,0.02514332395811446,0.0002780258938044896,0.00016729613218565258,0.0005096406678094277,0.6501903482072952,0.000383946885004663,0.060034801685248676,0.0005674091597781302,0.0004725452716771539,0.0003518469681398735,0.002144821209731975,0.0007740080824603658
535,ub1052,ub1052,MuellerFriedrich_WagnerJohann_1806-08-18.xml,JP-UB1052,letters-context,Müller Friedrich Theodor Adam Heinrich von,Wagner Johann Ernst,1806-08-18,1806,8,1804,MüllerFriedrichTheodorAdamHeinrichvon,WagnerJohannErnst,0.00018656846843438549,0.00016068807974904106,0.0007423554193210768,0.00013925291846488588,0.0006209316933904917,0.11954037527278538,0.33638574257350146,0.2593980787114256,0.00012436927345218918,0.006495113357106643,0.00012628778552175625,0.0003847153577827981,0.1199838331614658,0.15113555293153666,0.0013221446189033985,0.000428323388813443,0.00035671294452079607,0.00026560072769416497,0.0016190734201586938,0.0005842798959714586
536,ub0574,ub0574,RichterCaroline_AhlefeldtJohann_1800-06-23.xml,JP-UB0574,letters-context,Richter Caroline,Ahlefeldt Johann Georg Jacob von,1800-06-23,1800,6,1799,RichterCaroline,AhlefeldtJohannGeorgJacobvon,0.0009543657262789707,0.0008219781039152414,0.003797418582372375,0.0007123294401376632,0.003176291961364622,0.0006181730843090553,0.1453227117097525,0.5231335963737832,0.0006361941703280371,0.0010735870915880136,0.12925114969399926,0.0019679592962418557,0.00288662183964348,0.0014825972284664133,0.00676325169013939,0.03434231568026935,0.0018247167446219762,0.0013586445422057573,0.10473600697501252,0.035140090065570354
537,ub0814,ub0814,Ungern-SternbergRosalie_RichterCaroline_1818-01-04.xml,JP-UB0814,letters-context,Ungern-Sternberg Rosalie von,Richter Caroline,1818-01-04,1818,1,1814,UngernSternbergRosalievon,RichterCaroline,0.00010869012632353502,9.36128587706765e-05,0.022402214320959974,8.112526959073132e-05,0.0003617392840239476,7.040205738038039e-05,0.5035462379976251,0.4037708078594233,7.245443003161479e-05,0.00012226792453976767,7.357210720903025e-05,0.00022412555126228198,0.00032874953884022166,0.0001688489806494093,0.0007702484072067727,0.0002495305001328804,0.062455399104816026,0.0001547323451114373,0.004604854473122487,0.00034038686298040803
538,ub0717,ub0717,OsmundEmanuel_SchwendlerAuguste_1810-08-17.xml,JP-UB0717,letters-context,Osmund Emanuel,Schwendler Auguste Sophie Henriette,1810-08-17,1810,8,1809,OsmundEmanuel,SchwendlerAugusteSophieHenriette,0.006274619439169251,0.00015579212649703396,0.0007197368315885799,0.00013501006622547633,0.0006020127259830937,0.00011716431239349492,0.1555119209003982,0.5379001292165279,0.00012057990619010613,0.00020348037883440904,0.00012243996373447952,0.0003729935896841597,0.01882831702135244,0.02465594323280401,0.007375596086330529,0.11619624678046568,0.03690825716410897,0.06728859834201129,0.001569742394552785,0.024941419521148228
539,ub1016,ub1016,RichterMax_RichterCaroline_1821-06-01.xml,JP-UB1016,letters-context,Richter Max,Richter Caroline,1821-06-01,1821,6,1819,RichterMax,RichterCaroline,0.11255654773988144,7.986789238926411e-05,0.00036897797794037434,6.921382795920085e-05,0.11277244225653027,6.006508098009646e-05,0.14845213085007958,0.3663540087864106,6.181610835180628e-05,0.00010431559903242404,6.276967949260893e-05,0.10328304934481228,0.00028047998037782063,0.00014405726300464422,0.10374898620501162,0.00021289249569093283,0.0001772994680833785,0.00013201334144460336,0.003928734004678987,0.04715033209784801
540,ub0655,ub0655,RichterCaroline+RichterJohann_OsmundEmanuel_1802-12-06.xml,JP-UB0655,letters-context,Richter Caroline + Jean Paul,Osmund Emanuel,1802-12-06,1802,12,1799,RichterCarolineANDJeanPaul,OsmundEmanuel,0.00011500679903099929,9.905329581924768e-05,0.012080880418324069,8.583997361806939e-05,0.08174564303239253,7.449356752436747e-05,0.11437283148850355,0.4117387992128852,7.666521656942084e-05,0.00012937368923121432,0.20154783836159854,0.031232534064543526,0.027468815521241263,0.00017866186599445411,0.0589313558452356,0.00026403230037163846,0.0040943122158911575,0.00016372482321766354,0.0009980488825962039,0.05460208942541124
541,ub0565,ub0565,EndeHenriette_RichterCaroline_1823-06-18.xml,JP-UB0565,letters-context,Ende Henriette Freifrau von,Richter Caroline,1823-06-18,1823,6,1819,EndeHenrietteFreifrauvon,RichterCaroline,0.00010375144388442938,0.007079849785959145,0.0004128267079443822,7.743908430557629e-05,0.00034530250627813977,6.720311543208948e-05,0.23250359548854524,0.3819289485511159,6.916223198809239e-05,0.0001167122915470062,7.022912393932951e-05,0.0002139416922346545,0.0003138117553519462,0.3322094767692769,0.042678192870373215,0.00023819228625171162,0.00019836944236541692,0.00014770158765984695,0.000900372964981719,0.00032492030056516496
542,ub0777,ub0777,SchwendlerAuguste_MuellerFriedrich_1810-01-20.xml,JP-UB0777,letters-context,Schwendler Auguste Sophie Henriette,Müller Friedrich Theodor Adam Heinrich von,1810-01-20,1810,1,1809,SchwendlerAugusteSophieHenriette,MüllerFriedrichTheodorAdamHeinrichvon,0.00013364790515860966,0.0001151085465975819,0.0005317846445756507,9.975351674497962e-05,0.013952052372878191,8.656800581624397e-05,0.4120609994761871,0.2848723954665427,8.90916509229376e-05,0.0001503434813774117,9.046597275379576e-05,0.0002755899862473208,0.000404238072712046,0.018217286420919274,0.045971279817322686,0.004809244949374925,0.2118691035580344,0.0001902624873474344,0.005662236071574174,0.0004185475969125974
543,ub0330,ub0330,RichterCaroline_OsmundEmanuel_1814-12-21.xml,JP-UB0330,letters-context,Richter Caroline,Osmund Emanuel,1814-12-21,1814,12,1814,RichterCaroline,OsmundEmanuel,0.0012848397127528785,0.0011066094284853886,0.005112373659520504,0.0009589920593862184,0.004276165770506803,0.0008322316133165908,0.06579096934539179,0.6177132171084181,0.0008564929696777423,0.0014453445805826571,0.0008697051727743358,0.002649416452486511,0.003886189825502578,0.0019959851288647167,0.009105203717567314,0.002949731562179537,0.002456572437022068,0.001829110596989988,0.270857092754411,0.004023756104163268
544,ub0481,ub0481,RichterJohann+RichterCaroline_OttoAmoene_1801-11-27.xml,JP-UB0481,letters-context,Jean Paul + Richter Caroline,Otto Amöne,1801-11-27,1801,11,1799,JeanPaulANDRichterCaroline,OttoAmöne,0.00014472533884028982,0.0245026500746818,0.0005758617225233489,0.00010802160717965931,0.0004816706192462444,9.37432125076372e-05,0.29507115431283265,0.4645033063396215,9.647603045001664e-05,0.00016280473127470502,0.12686356807425694,0.00029843231806215035,0.00043774342722369066,0.00022482930845607027,0.001025617188008142,0.0003322600442584853,0.024654710951920504,0.00020603243213782559,0.0012559515083449516,0.058960440758173416
545,ub0702,ub0702,MayerJohann_RichterCaroline_1816-04-13.xml,JP-UB0702,letters-context,Mayer Johann Siegfried Wilhelm,Richter Caroline,1816-04-13,1816,4,1814,MayerJohannSiegfriedWilhelm,RichterCaroline,0.0006045174759877164,0.0005206600729820862,0.06350149208331754,0.0004512060558824909,0.002011937296795739,0.0003915652274176668,0.07168541691888286,0.6979417148314537,0.00040298020297135516,0.0006800350651633413,0.0004091965485504288,0.001246551247443832,0.0018284534959527765,0.0009391116107588668,0.045014746934420286,0.001387849597977865,0.08261730970636548,0.02122596999943706,0.005246107156297711,0.0018931784719412638
546,ub0339,ub0339,Uthe-SpazierWilhelmine_FalkJohannes_1805-08-01.xml,JP-UB0339,letters-context,Uthe-Spazier Wilhelmine,Falk Johannes Daniel,1805-08-01,1805,8,1804,UtheSpazierWilhelmine,FalkJohannesDaniel,0.00014760397060312224,0.01504486068129735,0.0005873157903371713,0.00011017019036482449,0.0004912511968762302,9.560779400550624e-05,0.3009402108575052,0.2748393271310769,0.13933056054020992,0.00016604296774623225,9.99128027265896e-05,0.0003043682291936312,0.0004464502794147076,0.00022930123295611586,0.14525075994468314,0.0003388687993292063,0.00028221407089118114,0.0002101304809527609,0.120622788976683,0.0004622540631473162
547,ub0208,ub0208,RichterCaroline_RichterMax_1821-05-20.xml,JP-UB0208,letters-context,Richter Caroline,Richter Max,1821-05-20,1821,5,1819,RichterCaroline,RichterMax,0.05549301046129017,0.06340403594628545,0.008153012957558407,4.3863435464953806e-05,0.1051246908917091,3.806552651329626e-05,0.2564229023466005,0.20247555446185408,3.917521916259801e-05,0.07727809014960907,3.9779533465521635e-05,0.00012118192892838779,0.00017775083218581883,0.02186903290689784,0.1211839219063791,0.00013491807231376848,0.0001123614168664412,8.366187586650469e-05,0.03020690969948005,0.057598080431568825
548,ub0843,ub0843,SpazierJohann_BodeAugust_1803-11-09.xml,JP-UB0843,letters-context,Spazier Johann Karl Gottlieb,Bode August Theodor Heinrich,1803-11-09,1803,11,1799,SpazierJohannKarlGottlieb,BodeAugustTheodorHeinrich,0.00026717196311988644,0.0002301104258226505,0.0010630765014960275,0.00019941459512769455,0.0008891938754636726,0.00017305579185735332,0.0406826786674133,0.22745570413442684,0.0181794220461324,0.00030054764430621946,0.00018084811361238702,0.0005509245921550153,0.0008081015510576393,0.0004150488655851917,0.0018933530211459426,0.0006133726754566577,0.0005108242483719252,0.4414127205793234,0.2453364020661989,0.018838028641926886
549,ub0934,ub0934,WagnerJohann_SchillerCharlotte_1810-10-01.xml,JP-UB0934,letters-context,Wagner Johann Ernst,Schiller Charlotte (von),1810-10-01,1810,10,1809,WagnerJohannErnst,SchillerCharlottevon,0.00031543743308211716,0.0002716806104926473,0.001255124672836094,0.0002354394797704265,0.0010498295940683726,0.00020431887435352493,0.6218717097107205,0.056013128920325415,0.00021027521264046592,0.00035484253786124346,0.00021351890396537017,0.0006504508824273978,0.14972731082388294,0.0004900287711143169,0.02348871089398111,0.13887074475800087,0.0006031062832376527,0.0004490598677881876,0.002737420572254722,0.0009878611971965744
550,ub0932,ub0932,WagnerJohann_BergnerCaroline_1810-09-30.xml,JP-UB0932,letters-context,Wagner Johann Ernst,Bergner Caroline,1810-09-30,1810,9,1809,WagnerJohannErnst,BergnerCaroline,0.0007050240147707393,0.0006072245544016588,0.002805288602669903,0.0005262231740900211,0.02609774192827096,0.000456666514442058,0.1311063741295082,0.6002191691027133,0.0004699793336954995,0.0007930970912676843,0.00047722920337081386,0.001453801750982268,0.2158941660575241,0.0010952474732897311,0.004996255343408309,0.0016185922398117615,0.0013479833670564266,0.0010036792011873432,0.006118320273880175,0.002207936643659056
551,ub0274,ub0274,RichterCaroline+RichterJohann_MayerJohann_1804-10-05.xml,JP-UB0274,letters-context,Richter Caroline + Jean Paul,Mayer Johann Siegfried Wilhelm,1804-10-05,1804,10,1804,RichterCarolineANDJeanPaul,MayerJohannSiegfriedWilhelm,0.0003487962850793417,0.0003004119921406221,0.0013878594525675288,0.000260338207493463,0.001160853544867884,0.00022592646551099037,0.3703745145584877,0.29694622031352186,0.00023251271193983452,0.0003923686475152972,0.00023609943743723658,0.0007192388335159768,0.0010549865176133018,0.0005418514006933778,0.03772321533198715,0.0008007655746140468,0.0006668873413211539,0.0004965498613538516,0.08528022701388865,0.20085037650845072
552,ub0695,ub0695,RichterMax_RichterCaroline_1820-11-16.xml,JP-UB0695,letters-context,Richter Max,Richter Caroline,1820-11-16,1820,11,1819,RichterMax,RichterCaroline,0.11879197715999802,0.00021647170718383377,0.009467256228532195,0.00018759522820550068,0.0008364910696718355,0.00016279871964725202,0.2838198730140217,0.4002524811591502,0.00016754465538112892,0.00028273408916808365,0.008637317799760602,0.10212453445630032,0.000760205113305788,0.00039044878638913084,0.0017811333811750649,0.059847338162881264,0.0004805475315629298,0.008824993889187789,0.0021811424211746018,0.0007871154273028098
553,ub0125,ub0125,MayerJohann_RichterCaroline_1806-02-04.xml,JP-UB0125,letters-context,Mayer Johann Siegfried Wilhelm,Richter Caroline,1806-02-04,1806,2,1804,MayerJohannSiegfriedWilhelm,RichterCaroline,0.0003487962850793417,0.0003004119921406221,0.3656525293497892,0.000260338207493463,0.001160853544867884,0.00022592646551099037,0.006109844661266026,0.5907080508757975,0.00023251271193983452,0.0003923686475152972,0.00023609943743723658,0.0007192388335159768,0.0010549865176133018,0.012292324623184398,0.002471795664514087,0.0008007655746140468,0.0006668873413211539,0.0004965498613538516,0.0030269144564514985,0.012842804948594362
554,ub1071,ub1071,WagnerJohann_Unbekannt_1809-04-01.xml,JP-UB1071,letters-context,Wagner Johann Ernst,Unbekannte Korrespondenten,1809-04-01,1809,4,1809,WagnerJohannErnst,UnbekannteKorrespondenten,0.00934894501950714,0.00011775955948502837,0.05121123715058907,0.00010205089488305617,0.0004550470874887244,0.013906890409229941,0.030031677011537243,0.13021932802142033,9.114348045029915e-05,0.00015380597411540498,9.254945366580937e-05,0.00028193697460559614,0.3550839843972467,0.000212402247318174,0.18521331052387446,0.00952611406012072,0.0002614155279905073,0.0001946443366615345,0.14397592741837184,0.06951983045143849
555,ub1073,ub1073,Uthe-SpazierWilhelmine_KindJohann_1809-05-05.xml,JP-UB1073,letters-context,Uthe-Spazier Wilhelmine,Kind Johann Friedrich,1809-05-05,1809,5,1809,UtheSpazierWilhelmine,KindJohannFriedrich,0.00020178788814821072,0.00017379629331391454,0.0076008733971625626,0.006948572496555257,0.0006715845187828473,0.00013070444354612896,0.20747350541278306,0.2533667719146123,0.12929575379139752,0.00022699565375150512,0.00013658977721796355,0.00041609871291019496,0.0006103376398220472,0.0003134753852415457,0.1237932783338228,0.0004632640917216216,0.0003858119882422477,0.00028726724500545734,0.26687158818401,0.0006319428319528791
556,ub0999,ub0999,KalbCharlotte_RichterCaroline_1820-02-20.xml,JP-UB0999,letters-context,Kalb Charlotte von,Richter Caroline,1820-02-20,1820,2,1819,KalbCharlottevon,RichterCaroline,0.00036599892746593736,0.00031522831986688897,0.001456308718992327,0.00027317809505722723,0.001218106873672781,0.00023706916501241719,0.1173812443373186,0.5581917537868951,0.00024398024529652916,0.16070180979091453,0.000247743868194248,0.0007547117125941273,0.0011070184817182328,0.02522858929760641,0.014923711580219294,0.0008402593548085486,0.0006997782433624007,0.0005210397141917079,0.08948625015898584,0.025806219327826826
557,ub0155,ub0155,SpazierJohann_BoettigerCarl_1800-08-20.xml,JP-UB0155,letters-context,Spazier Johann Karl Gottlieb,Böttiger Carl August,1800-08-20,1800,8,1799,SpazierJohannKarlGottlieb,BöttigerCarlAugust,0.0002720695749553307,0.000234328651162644,0.0010825640854285274,0.00020307012570752362,0.0009054939632334404,0.00017622813106725916,0.032262790880858545,0.05747782862009571,0.0001813655632679464,0.00030605707606949363,0.00018416329628089304,0.0005610237611376711,0.0008229151103641025,0.0004226572546266181,0.08441895155399083,0.000624616599556233,0.0005201883255581813,0.000387320953524319,0.8181043211929777,0.0008520452801369599
558,ub1043,ub1043,WagnerJohann_GoeschenGeorg_1805-10-11.xml,JP-UB1043,letters-context,Wagner Johann Ernst,Göschen Georg Joachim,1805-10-11,1805,10,1804,WagnerJohannErnst,GöschenGeorgJoachim,0.0001342523652158889,0.00011562915721685896,0.0005341897894699081,0.00010020467994408788,0.00044681477623051934,8.695953385173496e-05,0.08376172898655679,0.16404575368046811,8.949459284975695e-05,0.00015102345185100127,0.03175033433358008,0.00027683641909394816,0.2672500796361816,0.013776899311360814,0.04617919779702167,0.0771954742843152,0.0364389253177306,0.00019112300269830083,0.2770546382887979,0.00042044059556531577
559,ub0220,ub0220,AdersbachGerson_RichterMax_1820-09-28.xml,JP-UB0220,letters-context,Adersbach Gerson,Richter Max,1820-09-28,1820,9,1819,AdersbachGerson,RichterMax,0.0013429694823917713,0.001156675557761745,0.005343671851961283,0.0010023795628579216,0.004469631561383308,0.0008698841169620801,0.11401035649253853,0.6004174856604323,0.0008952431254602281,0.0015107360427893141,0.091394689639458,0.002769283519585919,0.1397904668359631,0.002086289121333136,0.009517148794734445,0.003083185731212564,0.00256771469737405,0.0019118647153377726,0.011654521320088457,0.004205802170374087
560,ub0193,ub0193,EhrenbergCaroline_RichterCaroline_1810-07-20.xml,JP-UB0193,letters-context,Ehrenberg Caroline Auguste Eleonore von,Richter Caroline,1810-07-20,1810,7,1809,EhrenbergCarolineAugusteEleonorevon,RichterCaroline,6.949985794100701e-05,5.9858982651718434e-05,0.016666030635596782,5.187402851293647e-05,0.06110655927393663,4.501727205768807e-05,0.21896351834991828,0.4337853404772609,4.6329623165627786e-05,7.818192575249222e-05,0.09838398966052828,0.14062466338413435,0.00021021271223437352,0.00010796730637414646,0.01922336759876779,0.00015955758722334312,0.00013288150552960448,9.894068916722924e-05,0.009968555148868543,0.00021765398037816867
561,ub0278,ub0278,Uthe-SpazierWilhelmine_EnslinTheodor_1817-02-23.xml,JP-UB0278,letters-context,Uthe-Spazier Wilhelmine,Enslin Theodor Christian Friedrich,1817-02-23,1817,2,1814,UtheSpazierWilhelmine,EnslinTheodorChristianFriedrich,0.00026959852798235127,0.00023220038267017163,0.01923754844949535,0.00020122575990692097,0.0008972698973221146,0.11824593580056962,0.022887358713758826,0.22043914138901693,0.0001797183271659694,0.00030327734073339583,0.00018249065002530376,0.0005559283142581135,0.10980434097809584,0.0004188185088579141,0.07456981583891177,0.009701351903116693,0.0005154637627787499,0.018548619799601332,0.4019655889987425,0.0008443066569900334
562,ub0739,ub0739,MahlmannSiegfried_FalkJohannes_1804-12-06.xml,JP-UB0739,letters-context,Mahlmann Siegfried August,Falk Johannes Daniel,1804-12-06,1804,12,1804,MahlmannSiegfriedAugust,FalkJohannesDaniel,0.000239185236244706,0.000206005959308175,0.0009517173927506194,0.0001785255701581877,0.0007960492736084312,0.00015492789728217837,0.004189794161342472,0.4695375765621826,0.00015944438147492312,0.0002690647568956019,0.00016190395980800624,0.0004932142848704746,0.0007234515109383043,0.0003715717765024053,0.009752846831210494,0.016664772473811446,0.00045731452170203005,0.31459571367157857,0.17934785898513358,0.0007490607931967605
563,ub1082,ub1082,WagnerJohann_MuellerFriedrich_1810-01-16.xml,JP-UB1082,letters-context,Wagner Johann Ernst,Müller Friedrich Theodor Adam Heinrich von,1810-01-16,1810,1,1809,WagnerJohannErnst,MüllerFriedrichTheodorAdamHeinrichvon,0.00014332772152018478,0.00012344559902941808,0.0005703006070764379,0.00010697843899397982,0.0004770191103574854,9.283793124526236e-05,0.3549923546654669,0.20893473427543852,0.004924060675129361,0.00016123252067186319,9.7018219137222e-05,0.0002955503474276712,0.3046300440864495,0.0002226581244872961,0.020329778036768945,0.00032905139816820405,0.10167288067334357,0.00020404277021706852,0.0012438227436425099,0.0004488620554286836
564,ub0802,ub0802,RichterCaroline_FalkensteinKonstantin_1826-04-16.xml,JP-UB0802,letters-context,Richter Caroline,Falkenstein Konstantin Karl von,1826-04-16,1826,4,1824,RichterCaroline,FalkensteinKonstantinKarlvon,6.790984677628665e-05,5.848953451837372e-05,0.0002702130922909422,5.068725940378803e-05,0.0002260155561684229,4.3987371173031076e-05,0.4175674484311088,0.1744920733572139,4.526969843667132e-05,0.06871010903091397,4.5968025768058366e-05,0.00014003417200534284,0.013932146634492151,0.032134564587699484,0.16977775185276875,0.027609393541401638,0.00012984145503689324,9.667713345529449e-05,0.08523758280694979,0.009363836612418365
565,ub1391,ub1391,TiedgeChristoph_RichterCaroline_1825-11-05.xml,JP-UB1391,letters-context,Tiedge Christoph August,Richter Caroline,1825-11-05,1825,11,1824,TiedgeChristophAugust,RichterCaroline,0.0002513365952953062,0.00021647170718383377,0.02640163345206116,0.00018759522820550068,0.0008364910696718355,0.00016279871964725202,0.2330167413434348,0.32404778365326986,0.00016754465538112892,0.15269212910092872,0.00017012918799612175,0.0005182711151265637,0.000760205113305788,0.00039044878638913084,0.0017811333811750649,0.0005770178805298988,0.04281649059038533,0.0003578052774233092,0.1884592918799932,0.026188681262596245
566,ub0396,ub0396,RichterCaroline+RichterJohann_OsmundEmanuel_1802-11-03.xml,JP-UB0396,letters-context,Richter Caroline + Jean Paul,Osmund Emanuel,1802-11-03,1802,11,1799,RichterCarolineANDJeanPaul,OsmundEmanuel,0.00021186986830193768,0.00018247972221572856,0.0008430296193383893,0.0001581376410676382,0.0792188289415538,0.00013723486327512738,0.12505065131096368,0.4230531808490888,0.00014123555715627316,0.00023833709598129854,0.3141981737383189,0.0004368883599204786,0.022053656607039642,0.0074667458067861035,0.001501446673351962,0.014761626615180915,0.00040508841183845137,0.0003016200522504274,0.008976251512174327,0.0006635167541962168
567,ub0497,ub0497,Uthe-SpazierWilhelmine_FalkJohannes_1809-11-03.xml,JP-UB0497,letters-context,Uthe-Spazier Wilhelmine,Falk Johannes Daniel,1809-11-03,1809,11,1809,UtheSpazierWilhelmine,FalkJohannesDaniel,0.00015697054894327008,0.00013519592189672582,0.0006245853796180073,0.00011716131475385427,0.0005224247676238946,0.00010167482518916704,0.0767833892308557,0.3028561918648222,0.010680888161802722,0.00017657963866958768,0.00010625301898295732,0.0003236826748101362,0.011051030191092558,0.00024385211497642998,0.1809086326668289,0.0003603725647291441,0.0003001226691009258,0.00022346483505891895,0.4138359400618409,0.0004915875484040427
568,ub0170,ub0170,OsmundEmanuel_SchwendlerAuguste_1809-12-07.xml,JP-UB0170,letters-context,Osmund Emanuel,Schwendler Auguste Sophie Henriette,1809-12-07,1809,12,1809,OsmundEmanuel,SchwendlerAugusteSophieHenriette,0.00010559687883711908,0.02855027238522233,0.0039775851491489714,7.881649928440765e-05,0.0003514444286502936,6.83984624412951e-05,0.01963681181587784,0.4918873966418091,0.0036278078865924885,0.00011878826209898501,7.147829479577354e-05,0.0002177470896528071,0.0003193935493030404,0.00016404365285520848,0.13593011516269551,0.3132949895669658,0.00020189785497136092,0.00015032876721735622,0.0009163879685115492,0.00033069968306869265
569,ub1095,ub1095,VossHeinrich_TruchsessChristian_1811-03-20.xml,JP-UB1095,letters-context,Voß Heinrich,Truchsess von Wetzhausen Christian Freiherr,1811-03-20,1811,3,1809,VoßHeinrich,TruchsessvonWetzhausenChristianFreiherr,0.0007790365426849089,0.0006709702188630835,0.0030997842463110986,0.00058146541626256,0.0025927665254567808,0.0005046067866022912,0.06613570532819532,0.5844953672242797,0.0005193171687556746,0.0008763554191775275,0.0005273281205650389,0.0016064200170582596,0.08109036237387059,0.0012102251655264132,0.005520755899875986,0.0017885100026409926,0.0014894929532434204,0.0011090441722215656,0.13798403022845873,0.10741845618995012
570,ub0757,ub0757,MayerJohann_RichterCaroline_1817-04-12.xml,JP-UB0757,letters-context,Mayer Johann Siegfried Wilhelm,Richter Caroline,1817-04-12,1817,4,1814,MayerJohannSiegfriedWilhelm,RichterCaroline,0.00021339298380662958,0.00018379155431543312,0.5184513202565665,0.00015927447989666068,0.0007102082570790907,0.00013822143370967698,0.09000503110510065,0.3110717584497581,0.0001422508882585324,0.00024005048226478375,0.00014444524091860109,0.0004400291153291996,0.0006454389868804298,0.00033150378063074676,0.03745683977016948,0.029245586492772344,0.007596920423369477,0.00030378837463525043,0.0018518612015683532,0.0006682867229701572
571,ub1129,ub1129,Uthe-SpazierWilhelmine_KindJohann_1817-07-12.xml,JP-UB1129,letters-context,Uthe-Spazier Wilhelmine,Kind Johann Friedrich,1817-07-12,1817,7,1814,UtheSpazierWilhelmine,KindJohannFriedrich,0.00038005725310904056,0.0003273365039080279,0.001512246757800897,0.0002836710947101689,0.001264895379903549,0.0002461751903900279,0.07067550519247233,0.14430953226070484,0.00025335173106183105,0.0004275348011428846,0.000257259917870325,0.0007837008221955478,0.0011495399896818785,0.0005904149893510668,0.0154969438534696,0.02647975999490275,0.0007266573123565658,0.0005410532864330587,0.7331041313952409,0.0011902322732945895
572,ub0277,ub0277,RichterCaroline_MayerJohann_1809-12-10.xml,JP-UB0277,letters-context,Richter Caroline,Mayer Johann Siegfried Wilhelm,1809-12-10,1809,12,1809,RichterCaroline,MayerJohannSiegfriedWilhelm,8.779454379261358e-05,7.561586785196592e-05,0.03584148184271448,6.552900686277717e-05,0.029868984883744024,5.6867322900824754e-05,0.12871808757610906,0.4030458733184486,0.005973883061365193,9.876202207627978e-05,5.9427933398946e-05,0.00018103760839110688,0.00026554772508585896,0.0001363879105433778,0.1839982647318132,0.00315923744420997,0.026786971056788428,0.0001249851859458033,0.006677254160277206,0.17477800679768024
573,ub0078,ub0078,MuetzschefahlAntonie_RichterCaroline_1810-12-19.xml,JP-UB0078,letters-context,Mützschefahl Antonie von,Richter Caroline,1810-12-19,1810,12,1809,MützschefahlAntonievon,RichterCaroline,0.00032582471737864114,0.0002806269923835552,0.0012964556482911727,0.00024319244931213734,0.0010844002483814696,0.00021104704930194115,0.4886775141819034,0.2883660670417201,0.0002171995284797973,0.0003665274234667679,0.00022055003383635507,0.0006718700848685338,0.17661098236313455,0.0005061653092204826,0.002309004304976621,0.0007480275111755196,0.0006229664385901677,0.0004638473090480874,0.035757340118504614,0.0010203912460259852
574,ub0681,ub0681,Uthe-SpazierWilhelmine_FalkJohannes_1808-10-12.xml,JP-UB0681,letters-context,Uthe-Spazier Wilhelmine,Falk Johannes Daniel,1808-10-12,1808,10,1804,UtheSpazierWilhelmine,FalkJohannesDaniel,0.0002745863384762263,0.00023649629449888862,0.001092578280509641,0.00020494861390175963,0.05641651551729331,0.00017785831897672506,0.1435665265921799,0.2985209869974588,0.00018304327469030745,0.0003088882389604202,0.00018586688796711436,0.0005662134782775563,0.0008305274379494206,0.0004265670205769668,0.2609582409715877,0.0006303945784888907,0.0005250002969150507,0.00039090384311007514,0.1966421663864272,0.03786169063175411
575,ub0587,ub0587,RichterCaroline_OsmundEmanuel_1820-11-01.xml,JP-UB0587,letters-context,Richter Caroline,Osmund Emanuel,1820-11-01,1820,11,1819,RichterCaroline,OsmundEmanuel,0.046585787759190485,0.001156675557761745,0.005343671851961283,0.0010023795628579216,0.004469631561383308,0.0008698841169620801,0.4307100844301297,0.2384749394460425,0.0008952431254602281,0.0015107360427893141,0.04615187136265928,0.002769283519585919,0.004062012005566935,0.002086289121333136,0.009517148794734445,0.13881164056160875,0.00256771469737405,0.0019118647153377726,0.011654521320088457,0.0494486204471728
576,ub0687,ub0687,SpazierJohann_FalkJohannes_1804-12-26.xml,JP-UB0687,letters-context,Spazier Johann Karl Gottlieb,Falk Johannes Daniel,1804-12-26,1804,12,1804,SpazierJohannKarlGottlieb,FalkJohannesDaniel,0.00012734113417211051,0.0001096766377239025,0.09488558775181773,9.504620326736191e-05,0.0004238130201919018,8.248290933236687e-05,0.015100477085689137,0.20708017567408635,8.488746501734283e-05,0.00014324885535065088,0.08159524497422946,0.008842484840459281,0.03041481157906585,0.00019782312733447206,0.11244111880929644,0.05177174819652088,0.00024347217571294268,0.21038882905293915,0.18557293394130256,0.0003987965664902005
577,ub0566,ub0566,RichterCaroline_MayerJohann_1802-01-04.xml,JP-UB0566,letters-context,Richter Caroline,Mayer Johann Siegfried Wilhelm,1802-01-04,1802,1,1799,RichterCaroline,MayerJohannSiegfriedWilhelm,0.00010989733406527224,9.46526051731944e-05,0.018948740976919214,8.202631789026986e-05,0.029984092739689782,7.118400429293466e-05,0.153719035611495,0.5082173229640075,7.325917239245224e-05,0.00012362593920092638,7.438926347154376e-05,0.0076311988015251185,0.00033240091916155015,0.07421656352116797,0.000778803460657285,0.00025230200442447813,0.00021012018782367708,0.00015645093806218658,0.012060583935755341,0.19286334930282426
578,ub1040,ub1040,WagnerJohann_GoeschenGeorg_1805-05-30.xml,JP-UB1040,letters-context,Wagner Johann Ernst,Göschen Georg Joachim,1805-05-30,1805,5,1804,WagnerJohannErnst,GöschenGeorgJoachim,0.00016666536862399106,0.005758275854586914,0.0006631610402841341,0.0001243974353366097,0.0005546907815542316,0.00010795446874595964,0.03099311756118673,0.1418898462717176,0.14609408048800385,0.0001874855555292351,0.00011281542108008115,0.00034367397373329816,0.236322762570934,0.0002589129165049596,0.31560597606131513,0.0003826299057172976,0.00031865885425551635,0.000237266476802946,0.11935568000099755,0.0005219489930899965
579,ub0215,ub0215,MahlmannSiegfried_BertuchFriedrich_1816-11-26.xml,JP-UB0215,letters-context,Mahlmann Siegfried August,Bertuch Friedrich Johann Justin,1816-11-26,1816,11,1814,MahlmannSiegfriedAugust,BertuchFriedrichJohannJustin,0.0005486501513498587,0.0004725425470565794,0.2609489778405457,0.00040950721969687385,0.001826001308878352,0.00035537818147445916,0.02809395205528313,0.18984177260786325,0.00036573822616126214,0.0006171886773256154,0.00037138007950425966,0.0011313494774621046,0.001659474419083715,0.0008523223030656128,0.0038880891897489413,0.0012595895441025568,0.0010490015415901763,0.0007810638135740787,0.5038098030699795,0.0017182177462541613
580,ub1091,ub1091,VossHeinrich_TruchsessChristian_1810-12-31.xml,JP-UB1091,letters-context,Voß Heinrich,Truchsess von Wetzhausen Christian Freiherr,1810-12-31,1810,12,1809,VoßHeinrich,TruchsessvonWetzhausenChristianFreiherr,0.00025566614219044354,0.00022020066836683091,0.0010172948718756196,0.00019082676055305007,0.0008509005404027198,0.00016560310509837565,0.5471003348158466,0.20043418253229414,0.008783475962427149,0.008900649659806198,0.00017305984875722348,0.0005271989001739386,0.06106461664900153,0.00901021986013202,0.02765095084873016,0.06087827381640555,0.0607801416604926,0.008977014031131889,0.0022187149775560297,0.000800674348757879
581,ub0015,ub0015,OttoGeorg_Industrie-Comptoir_1814-01-09.xml,JP-UB0015,letters-context,Otto Georg Christian,Industrie-Comptoir ,1814-01-09,1814,1,1814,OttoGeorgChristian,IndustrieComptoir,0.0005108792568104192,0.0004400111522025738,0.019243615599963,0.00038131538566519684,0.001700293327759902,0.00033091276980717953,0.008949042846212259,0.14235077897929055,0.000340559594686558,0.0005746993635345822,0.00034581304414941263,0.0010534636303602015,0.0015452307008966412,0.0007936456112912679,0.003620420245550846,0.0011728752258503405,0.05260927015425968,0.0007272927923531866,0.7617099503765956,0.0015999299427606464
582,ub0549,ub0549,RichterCaroline_MayerJohann_1804-05-18.xml,JP-UB0549,letters-context,Richter Caroline,Mayer Johann Siegfried Wilhelm,1804-05-18,1804,5,1804,RichterCaroline,MayerJohannSiegfriedWilhelm,0.00011590492844771924,0.0040045064935706936,0.008270544699317704,8.651032881520928e-05,0.016004469996304647,7.507531455944507e-05,0.09183793209505198,0.5086665271571501,7.726392279218637e-05,0.00013038401485567433,7.845579088230502e-05,0.00023900290542523258,0.004255251441623934,0.004084736755674549,0.1648179226619395,0.00026609422347467245,0.027554364100953514,0.00016500340919012787,0.0010058430049292892,0.16826420675504133
583,ub1115,ub1115,WagnerJohann_TruchsessChristian_1811-11-14.xml,JP-UB1115,letters-context,Wagner Johann Ernst,Truchsess von Wetzhausen Christian Freiherr,1811-11-14,1811,11,1809,WagnerJohannErnst,TruchsessvonWetzhausenChristianFreiherr,0.0001468736301178835,0.00012649962658461673,0.0005844097675686067,0.044641383534699035,0.015332739986964472,9.513472920663078e-05,0.14111602556714986,0.2833753758416205,9.790811287852178e-05,0.00016522139159798398,9.941843686009742e-05,0.0003028622233640304,0.455657772215426,0.0002281666566092959,0.015884760854798754,0.00528516524821331,0.000280817683242301,0.00020909076097236058,0.03591040688967724,0.00045996684244855636
584,ub0453,ub0453,SpazierJohann_BoettigerCarl_1803-08-16.xml,JP-UB0453,letters-context,Spazier Johann Karl Gottlieb,Böttiger Carl August,1803-08-16,1803,8,1799,SpazierJohannKarlGottlieb,BöttigerCarlAugust,0.00040605191026088375,0.00034972523645493934,0.015295016915495473,0.00030307325791204643,0.015030747522715156,0.00026301275794367887,0.0481508006533656,0.2772938636337386,0.00027068015022474267,0.000456776765308221,0.00027485564406485127,0.0008373033623811076,0.0012281647170608884,0.0006307974188401491,0.2080676083226337,0.0009322128851493492,0.0007763582654289423,0.3288821592716581,0.09927915109128624,0.0012716402180772536
585,ub0115,ub0115,SpazierJohann_MurhardFriedrich_1803-02-19.xml,JP-UB0115,letters-context,Spazier Johann Karl Gottlieb,Murhard Friedrich Wilhelm August,1803-02-19,1803,2,1799,SpazierJohannKarlGottlieb,MurhardFriedrichWilhelmAugust,0.0004174734301481428,0.0003595623869332616,0.057917577562101974,0.00031159817099597905,0.0013894228006625345,0.0002704108402320408,0.09169753620936354,0.14445251824139285,0.00027829390265578507,0.014533738070246063,0.0002825868457301634,0.0008608552205633791,0.001262710811750428,0.0006485406311784079,0.14359961610218658,0.0009584343798347252,0.000798195846152396,0.0005943193282916503,0.5380592000180965,0.001307409201483529
586,ub1054,ub1054,WagnerJohann_GoeschenGeorg_1806-11-22.xml,JP-UB1054,letters-context,Wagner Johann Ernst,Göschen Georg Joachim,1806-11-22,1806,11,1804,WagnerJohannErnst,GöschenGeorgJoachim,0.00014760397060312224,0.00012712865576152332,0.0353953571832541,0.00011017019036482449,0.0004912511968762302,9.560779400550624e-05,0.002585570346788557,0.4140714927027446,9.839496854220436e-05,0.03994666170250845,9.99128027265896e-05,0.0003043682291936312,0.3534994415504293,0.00022930123295611586,0.0010460170311701272,0.0003388687993292063,0.00028221407089118114,0.005182707822798038,0.14548567568590934,0.0004622540631473162
587,ub0868,ub0868,WagnerJohann_KesslerGeorg_1808-03-04.xml,JP-UB0868,letters-context,Wagner Johann Ernst,Keßler Georg Wilhelm,1808-03-04,1808,3,1804,WagnerJohannErnst,KeßlerGeorgWilhelm,0.0005697103828038164,0.0004906813471432457,0.0022668760357361147,0.0004252263748044852,0.0018960933522425855,0.0003690195643067154,0.029172353530767938,0.08197233605432658,0.0003797772848866909,0.03902641819909992,0.00038563570380784523,0.0011747769362754215,0.4623496350633185,0.0008850391535609037,0.004037335586652839,0.0013079395669185884,0.0010892680305487473,0.0008110453685845168,0.3696066600046784,0.0017841724595361692
588,ub0716,ub0716,RichterCaroline_RichterOdilie_1822-07-20a.xml,JP-UB0716,letters-context,Richter Caroline,Richter Odilie Minna,1822-07-20a,1822,7,1819,RichterCaroline,RichterOdilieMinna,0.00014195683968675182,0.00012226488306371538,0.0244765117189164,0.00010595522591956276,0.4213177754864557,9.19499674093222e-05,0.002486649876139027,0.3982296700303953,9.463050836813484e-05,0.00015969038540868222,9.609027224239536e-05,0.0002927235069682257,0.0004293696875769452,0.00022052847381896464,0.14925832606614747,0.00032590413133642797,0.00027141693719449016,0.0002020911692011093,0.0012319259941150286,0.00044456883963638565
589,ub1143,ub1143,RichterMax_Unbekannt_1820-09-27.xml,JP-UB1143,letters-context,Richter Max,Unbekannte Korrespondenten,1820-09-27,1820,9,1819,RichterMax,UnbekannteKorrespondenten,0.0008456152564539322,0.0007283132723676892,0.003364700764051841,0.0006311591307351926,0.0028143518438724672,0.0005477319405203774,0.15725074303791012,0.4920098813107292,0.0005636995144345575,0.0009512512853101537,0.0005723951053311911,0.001743709313064762,0.23045872778231136,0.001313654504815111,0.005992575649922236,0.0019413612349188489,0.001616789324544812,0.0012038262914852668,0.09280128462225096,0.0026482288149701143
590,ub0270,ub0270,MayerJohann_RichterCaroline_1809-07-29.xml,JP-UB0270,letters-context,Mayer Johann Siegfried Wilhelm,Richter Caroline,1809-07-29,1809,7,1809,MayerJohannSiegfriedWilhelm,RichterCaroline,0.0003487962850793417,0.0003004119921406221,0.4126544222397533,0.000260338207493463,0.001160853544867884,0.00022592646551099037,0.017860317883757047,0.5554566312083243,0.00023251271193983452,0.0003923686475152972,0.00023609943743723658,0.0007192388335159768,0.0010549865176133018,0.0005418514006933778,0.002471795664514087,0.0008007655746140468,0.0006668873413211539,0.0004965498613538516,0.0030269144564514985,0.0010923317261033409
591,ub0307,ub0307,MayerJohann_RichterCaroline_1809-01-21.xml,JP-UB0307,letters-context,Mayer Johann Siegfried Wilhelm,Richter Caroline,1809-01-21,1809,1,1809,MayerJohannSiegfriedWilhelm,RichterCaroline,0.00022992188377999478,0.00019802759977033865,0.7135244159963571,0.00017161149257420626,0.0007652192561855835,0.0001489277287865229,0.004027528543779868,0.13377696048639975,0.00015326929505525382,0.00025864420704023444,0.00015563361691945264,0.00047411269719258204,0.0006954331163159324,0.0003571812548058268,0.048103911265616785,0.0005278540433409455,0.0004396032880645882,0.00032731908107106925,0.09494437456463574,0.0007200505823082474
592,ub0365,ub0365,SpazierJohann_BoettigerCarl_1804-08-21.xml,JP-UB0365,letters-context,Spazier Johann Karl Gottlieb,Böttiger Carl August,1804-08-21,1804,8,1804,SpazierJohannKarlGottlieb,BöttigerCarlAugust,0.0007591138403645201,0.0006538111522419146,0.0285940263689496,0.000566595302008516,0.0025264603731228754,0.10278576021766203,0.06444438290901644,0.31381262147529754,0.000506036403610398,0.0008539439311580303,0.05166087148724437,0.0015653382114589162,0.002296053315866172,0.0011792754547075483,0.0053795707688195004,0.0017427715161550431,0.0014514013836059894,0.0010806820150021075,0.4157639531307344,0.0023773307429742004
593,ub0959,ub0959,BrockhausFriedrich_RichterCaroline_1811-03-30.xml,JP-UB0959,letters-context,Brockhaus Friedrich Arnold,Richter Caroline,1811-03-30,1811,3,1809,BrockhausFriedrichArnold,RichterCaroline,0.00020888794765819456,0.00017991144738221555,0.0008311645653534139,0.0001559119640507421,0.0006952147281730157,0.00013530337827860023,0.3625537952373301,0.01598137752336175,0.00013924776518335014,0.00023498266756553349,0.00014139579186831102,0.00043073946092932354,0.007668964144275681,0.00032450525383551863,0.5151923606955883,0.0004795643892778666,0.00039938707494008345,0.0002973749603570833,0.065147127534643,0.028802783469948037
594,ub0397,ub0397,RichterJohann+RichterCaroline_MayerJohann_1803-11-13.xml,JP-UB0397,letters-context,Jean Paul + Richter Caroline,Mayer Johann Siegfried Wilhelm,1803-11-13,1803,11,1799,JeanPaulANDRichterCaroline,MayerJohannSiegfriedWilhelm,0.0002824239774022505,0.00024324671250552037,0.0011237642240950767,0.0002107985525515305,0.000939955181141084,0.00018293500739416396,0.4235843380228009,0.259469401638358,0.00018826795958475968,0.00031770497215589515,0.01922013277282357,0.0005823751592352272,0.010368713850957393,0.0004387427111214608,0.00200143864129433,0.0006483882088877569,0.0005399856118659325,0.00040206158385600537,0.06905228621213831,0.21020303899983087
595,ub0620,ub0620,MayerJohann_RichterCaroline_1819-04-19.xml,JP-UB0620,letters-context,Mayer Johann Siegfried Wilhelm,Richter Caroline,1819-04-19,1819,4,1819,MayerJohannSiegfriedWilhelm,RichterCaroline,0.0017355827593110436,0.0014948263400538983,0.006905878993737396,0.0012954223535173678,0.29812344781255823,0.001124192243973472,0.0304021043508241,0.6005395363960284,0.0011569648858835645,0.0019523953925335968,0.0011748121486038553,0.003578875615012245,0.005249529566688867,0.0026962097630656946,0.012299459952374706,0.00398454623802487,0.0033183787256693066,0.0024707928821776225,0.015061687206133975,0.0054353563738277245
596,ub0471,ub0471,RichterCaroline+RichterJohann_MeusebachErnestine_1810-06-22.xml,JP-UB0471,letters-context,Richter Caroline + Jean Paul,Meusebach Ernestine von,1810-06-22,1810,6,1809,RichterCarolineANDJeanPaul,MeusebachErnestinevon,0.00040057234595190224,0.0003450057858743539,0.0015938762554195125,0.0002989833635781062,0.001333173108963973,0.00025946346957729977,0.7222379385872991,0.12510973299546366,0.0002670273924052602,0.0004506126823495992,0.0002711465390482729,0.02781548098825293,0.0012115909554823914,0.0006222849726845495,0.0028387142593073226,0.0414038481396966,0.0007658815137262006,0.027559735592408745,0.0439604512865248,0.0012544797659853905
597,ub0036,ub0036,RichterCaroline_RichterOdilie_1823-01-07a.xml,JP-UB0036,letters-context,Richter Caroline,Richter Odilie Minna,1823-01-07a,1823,1,1819,RichterCaroline,RichterOdilieMinna,0.00017247579883257675,0.00014855031587149314,0.05298055988450347,0.0001287342848100064,0.3840654093803277,0.00011171806949596602,0.11923075798652408,0.2979088931056445,0.00011497489350102874,0.00019402183684859086,0.00011674848849564536,0.00035565542888124657,0.0005216788428281617,0.0002679393593939287,0.030274652173934807,0.00039596947578661337,0.0003297682109760284,0.00024553826305153857,0.07703295580396352,0.035402998396329134
598,ub1269,ub1269,OsmundEmanuel_GoldschmidtCaroline_1805-09-17.xml,JP-UB1269,letters-context,Osmund Emanuel,Goldschmidt Caroline,1805-09-17,1805,9,1804,OsmundEmanuel,GoldschmidtCaroline,0.00015950093136257352,0.00013737529494620553,0.0006346537642581767,0.00011904996796346224,0.0005308463120238058,0.00010331383449299129,0.19623528135960994,0.4743127304583613,0.00010632565682173284,0.00017942612176023392,0.00010796582927152653,0.000328900474934341,0.0004824344161119794,0.00024778303774379145,0.033370545347437074,0.2744080413672848,0.00030496067935596965,0.0002270671126439326,0.01750428604015931,0.0004995119934569784
599,ub0527,ub0527,MayerJohann_RichterCaroline_1809-08-03.xml,JP-UB0527,letters-context,Mayer Johann Siegfried Wilhelm,Richter Caroline,1809-08-03,1809,8,1809,MayerJohannSiegfriedWilhelm,RichterCaroline,0.00042342857750316833,0.00036469144867199885,0.5865389074667587,0.00031604303596182614,0.0014092425470675725,0.00027426817888807605,0.0074171742772338,0.2606309654659853,0.00028226369109892553,0.0004763241622153516,0.028816085497682168,0.0008731350911361691,0.0012807230453627304,0.0006577918906490242,0.08858909114988296,0.0009721061911402084,0.0008095818974283299,0.0006027971353095977,0.0036745863913874148,0.015590792858636559
600,ub1105,ub1105,VossHeinrich_TruchsessChristian_1811-08-27.xml,JP-UB1105,letters-context,Voß Heinrich,Truchsess von Wetzhausen Christian Freiherr,1811-08-27,1811,8,1809,VoßHeinrich,TruchsessvonWetzhausenChristianFreiherr,0.000131866748111833,0.00011357446794013352,0.0005246974256182756,9.842407817966716e-05,0.004881286720796336,8.541429365441084e-05,0.002309902316666942,0.29440306914711883,0.4576563078912619,0.00014833981846197342,8.926031147034575e-05,0.004714328819019732,0.0003988506968984708,0.00020485362151441522,0.20528543043611136,0.0003027393261950536,0.0002521250048203999,0.000187726814456236,0.027798832546997238,0.0004129695147064634
601,ub1122,ub1122,MuellerFriedrich_WagnerJuliane_1813-01-15.xml,JP-UB1122,letters-context,Müller Friedrich Theodor Adam Heinrich von,Wagner Juliane Louise Antoinette Karoline,1813-01-15,1813,1,1809,MüllerFriedrichTheodorAdamHeinrichvon,WagnerJulianeLouiseAntoinetteKaroline,0.0005386933324067358,0.0004639669172633704,0.002143459278087565,0.00040207554537327855,0.0017928633167030546,0.000348928832648852,0.4086888920144162,0.2589879407469877,0.0003591008648309004,0.0006059880317069869,0.00036464033068325097,0.001110817920365525,0.0016293585314075551,0.16416747650251404,0.0038175287424369398,0.001236730705911364,0.0010299644222255449,0.0007668891870736606,0.1498576489832868,0.001687035793670676
602,ub0336,ub0336,MayerJohann_RichterCaroline_1803-07-01.xml,JP-UB0336,letters-context,Mayer Johann Siegfried Wilhelm,Richter Caroline,1803-07-01,1803,7,1799,MayerJohannSiegfriedWilhelm,RichterCaroline,0.0004423589766585227,0.0003809958623528485,0.8661035939526324,0.00033017250463469243,0.0014722461451714293,0.00028653000149008167,0.0524561967671236,0.06364847786842462,0.00029488297242158575,0.0004976193864802015,0.00029943181737337446,0.0009121707081680184,0.0013379808681557518,0.0006872000688229407,0.003134841302609347,0.001015566550684641,0.0008457762151516129,0.0006297466398716262,0.0038388676676536014,0.0013853437241190688
603,ub0132,ub0132,SpazierRichard_CottaJohann_1825-09-08.xml,JP-UB0132,letters-context,Spazier Richard Otto,Cotta von Cottendorf Johann Friedrich Freiherr,1825-09-08,1825,9,1824,SpazierRichardOtto,CottavonCottendorfJohannFriedrichFreiherr,0.00037525266331075015,0.06353196180001623,0.0014931293082966679,0.00028008499488819456,0.0012489048853439155,0.00024306310451700607,0.019215032212662183,0.28154448633151985,0.00025014892113653364,0.0004221300119244667,0.0002540077016139649,0.000773793470225732,0.0011350077894358068,0.02586645647037032,0.2554943362542571,0.0008615040567107277,0.0007174710903301707,0.0005342134245989209,0.3193003244962848,0.02645869101255665
604,ub1070,ub1070,WagnerJohann_MuellerFriedrich_1809-02-09.xml,JP-UB1070,letters-context,Wagner Johann Ernst,Müller Friedrich Theodor Adam Heinrich von,1809-02-09,1809,2,1809,WagnerJohannErnst,MüllerFriedrichTheodorAdamHeinrichvon,0.0006045174759877164,0.0005206600729820862,0.0024053733631393755,0.0004512060558824909,0.002011937296795739,0.0003915652274176668,0.15314690854578708,0.2702688837902065,0.00040298020297135516,0.0006800350651633413,0.0004091965485504288,0.001246551247443832,0.3480397929102957,0.0009391116107588668,0.0857454927478724,0.001387849597977865,0.0011558180794612484,0.0008605970927110071,0.04597685296974982,0.08335467009884548
605,ub0725,ub0725,RichterCaroline+RichterJohann_OsmundEmanuel_1808-07-10.xml,JP-UB0725,letters-context,Richter Caroline + Jean Paul,Osmund Emanuel,1808-07-10,1808,7,1804,RichterCarolineANDJeanPaul,OsmundEmanuel,0.0017355827593110436,0.0014948263400538983,0.006905878993737396,0.0012954223535173678,0.06424574198707976,0.001124192243973472,0.20581038371993293,0.6005395363960284,0.0011569648858835645,0.0019523953925335968,0.0011748121486038553,0.003578875615012245,0.005249529566688867,0.0026962097630656946,0.012299459952374706,0.062453972694394476,0.0033183787256693066,0.0024707928821776225,0.015061687206133975,0.0054353563738277245
606,ub0347,ub0347,MayerJohann_RichterCaroline_1812-05-17.xml,JP-UB0347,letters-context,Mayer Johann Siegfried Wilhelm,Richter Caroline,1812-05-17,1812,5,1809,MayerJohannSiegfriedWilhelm,RichterCaroline,0.00026014746593922624,0.0002240603522350024,0.25519155755782585,0.00019417157769091202,0.0008658151503971801,0.00016850580125278745,0.02208501810446161,0.4668678452393766,0.00017341811079222343,0.0002926456322259483,0.00017609324693639567,0.0005364396581853054,0.0007868549090043173,0.00040413638228382404,0.1946519002522917,0.009361260733388395,0.0443174680329072,0.00037034852052479465,0.002257604679710237,0.0008147085925704878
607,ub1035,ub1035,WagnerJohann_GoeschenGeorg_1805-02-06.xml,JP-UB1035,letters-context,Wagner Johann Ernst,Göschen Georg Joachim,1805-02-06,1805,2,1804,WagnerJohannErnst,GöschenGeorgJoachim,5.309146453577052e-05,4.572672734523528e-05,0.0055769888362639675,3.962696078400373e-05,0.00017669745190823145,3.438903292401822e-05,0.002718579509261053,0.17039974487461892,3.539154781210335e-05,0.0572942629175124,3.59374954545834e-05,0.00010947778017095649,0.2738132234127221,8.247703789914555e-05,0.1041138426147086,0.00012188724170733882,0.00010150918213779837,7.558153708062868e-05,0.3850052968614824,0.00016626751367068194
608,ub1009,ub1009,RichterMax_RichterCaroline_1821-04-11.xml,JP-UB1009,letters-context,Richter Max,Richter Caroline,1821-04-11,1821,4,1819,RichterMax,RichterCaroline,0.24439472418165076,7.179369900940337e-05,0.0031398530226350967,6.221670039285331e-05,0.0030856022129566465,5.3992840124577335e-05,0.08008910175078142,0.458493810422481,5.5566848506682325e-05,9.376988042226297e-05,5.6424018984315246e-05,0.00017188666791021233,0.0002521250365699571,0.00012949388635256036,0.18031402469720156,0.00019137026531890888,0.0057757287656843796,0.00011866753732158646,0.0007233845222529161,0.022726463043442814
609,ub0164,ub0164,RichterCaroline_MayerJohann_1802-01-23.xml,JP-UB0164,letters-context,Richter Caroline,Mayer Johann Siegfried Wilhelm,1802-01-23,1802,1,1799,RichterCaroline,MayerJohannSiegfriedWilhelm,7.628725074871403e-05,6.570484249033563e-05,0.00030354675950149,5.694007351599756e-05,0.0002538969858573041,4.941368260641609e-05,0.3457181805737112,0.4453088791050681,5.0854198616200314e-05,8.581721388495976e-05,5.1638672072747825e-05,0.00015730888082183777,0.00794078386412949,0.00011851145049849004,0.0005406207110705799,0.010455195622031573,0.0001458587834928845,0.0001086032890910054,0.0006620339493630101,0.1878499240914276
610,ub0493,ub0493,RichterCaroline_OsmundEmanuel_1807-03-22.xml,JP-UB0493,letters-context,Richter Caroline,Osmund Emanuel,1807-03-22,1807,3,1804,RichterCaroline,OsmundEmanuel,0.0014066084111228176,0.001211486627075284,0.005596890973175728,0.0010498790499263585,0.05206816014565935,0.0009111050784578156,0.7828271173815651,0.06022857689853836,0.0009376657673780903,0.0015823248797800606,0.0009521301366069275,0.05028723817476776,0.004254497461056622,0.002185151535144967,0.009968135330029508,0.0032292878128948464,0.0026893902937076514,0.002002461727375675,0.012206790944534923,0.004405101371202268
611,ub1020,ub1020,RichterMax_RichterEmma_1821-07-21.xml,JP-UB1020,letters-context,Richter Max,Richter Emma,1821-07-21,1821,7,1819,RichterMax,RichterEmma,0.2994621719543115,6.833933821620724e-05,0.00031571774432085823,5.9223137817244066e-05,0.00026407721761345106,5.139496938364758e-05,0.017428266048772616,0.5754325054175891,5.289324419973874e-05,8.925813352827816e-05,5.370917183667846e-05,0.0001636163242074259,0.0002399940159744543,0.0001232632754473291,0.09679249143086884,0.008201345302950011,0.00015170712475858885,0.00011295783725034292,0.0006885788057826157,0.00024848950517104043
612,ub0027,ub0027,RichterMax_RichterCaroline_1821-03-06.xml,JP-UB0027,letters-context,Richter Max,Richter Caroline,1821-03-06,1821,3,1819,RichterMax,RichterCaroline,0.2475105025552076,6.389842427367132e-05,0.0002952013716245833,5.53746244233735e-05,0.040236623712630384,4.805515600427368e-05,0.14376291163257834,0.4655576731168548,4.9456068017414084e-05,8.345784777753825e-05,5.0218974005131485e-05,0.00015298399977518677,0.00022439841906811235,0.0001152532242407333,0.09550131182303424,0.00017032495296155533,0.00014184869909764685,0.00010561746715813176,0.005642546087705017,0.0002323418435621925
613,ub0158,ub0158,RichterEmma+RichterJohann_RichterCaroline_1821-10-10.xml,JP-UB0158,letters-context,Richter Emma + Jean Paul,Richter Caroline,1821-10-10,1821,10,1819,RichterEmmaANDJeanPaul,RichterCaroline,0.00016211423049107288,0.00013962608267197865,0.000645052074254653,0.0001210005094108948,0.2954555917121709,0.00010500655159085404,0.1339135448072171,0.4766225686047337,0.00010806772029393747,0.00018236587968904603,0.00010973476569799554,0.08771682196384797,0.0004903387300768782,0.0002518427707563895,0.00114884610079124,0.00037218141501354737,0.00030995722370702385,0.00023078743128103433,0.0014068553160143794,0.000507696110289555
614,ub1060,ub1060,WagnerJohann_BoettigerCarl_1808-03-07.xml,JP-UB1060,letters-context,Wagner Johann Ernst,Böttiger Carl August,1808-03-07,1808,3,1804,WagnerJohannErnst,BöttigerCarlAugust,0.0005290914615710959,0.00045569699791673694,0.0021052534606186553,0.00039490880091851567,0.0017609066523871474,0.0003427093950201062,0.009268064999792802,0.05830354121286704,0.00035270011710738955,0.0005951866750568163,0.0003581408454547202,0.01891539118767472,0.6432777406426101,0.0008219380819437075,0.0037494836865747186,0.0012146867566321393,0.0010116059522899136,0.0007532198682301697,0.2541327677667453,0.0016569654385883961
615,ub0209,ub0209,RichterCaroline_RichterOdilie_1822-12-29.xml,JP-UB0209,letters-context,Richter Caroline,Richter Odilie Minna,1822-12-29,1822,12,1819,RichterCaroline,RichterOdilieMinna,0.00026244756026250654,0.0002260413822726669,0.0010442781156076565,0.062086401885508936,0.3014845360197101,0.0001699956456204888,0.004597278966338225,0.5594106775381336,0.0001749513873542191,0.00029523305914931077,0.00017765017571978435,0.01822418645887168,0.0007938118882042179,0.0004077095548894693,0.01954287672075969,0.0006025264040637799,0.009343293275417358,0.0003736229576853447,0.011119067230058037,0.009663413774372985
616,ub0635,ub0635,ThieriotPaul+RichterJohann+RichterCaroline_OsmundEmanuel_1802-02-12.xml,JP-UB0635,letters-context,Thieriot Paul Emile + Jean Paul + Richter Caroline,Osmund Emanuel,1802-02-12,1802,2,1799,ThieriotPaulEmileANDJeanPaulANDRichterCaroline,OsmundEmanuel,0.00017450369774009056,0.00015029690887355862,0.018330727597984552,0.00013024788913764426,0.20045972724712302,0.00011303160422149778,0.038329527070768414,0.2955327896890305,0.00011632672061242876,0.000196303065134775,0.19411827771515786,0.0826629337945403,0.0534369461298451,0.0002710896792525562,0.01887302373240592,0.07094613659205502,0.006212438111444609,0.017884803067960916,0.00151437325450175,0.0005464964322096747
617,ub0639,ub0639,OertelAuguste_RichterCaroline_1822-04-10.xml,JP-UB0639,letters-context,Oertel Auguste,Richter Caroline,1822-04-10,1822,4,1819,OertelAuguste,RichterCaroline,0.06787426438523986,0.05432395941730472,0.1635307371497106,0.0002989833635781062,0.001333173108963973,0.00025946346957729977,0.020511541378704347,0.5299518852311914,0.0002670273924052602,0.0004506126823495992,0.0002711465390482729,0.000826004172537755,0.0012115909554823914,0.10858019223554527,0.0028387142593073226,0.0009196329161238246,0.0007658815137262006,0.0005702587766935617,0.0034762360629520283,0.041738694989558164
618,ub0521,ub0521,RichterJohann+RichterCaroline_OsmundEmanuel_1807-04-12.xml,JP-UB0521,letters-context,Jean Paul + Richter Caroline,Osmund Emanuel,1807-04-12,1807,4,1804,JeanPaulANDRichterCaroline,OsmundEmanuel,0.0011371737086020314,0.0009794273443404539,0.004524811037868697,0.000848775567775337,0.15702406052661538,0.0007365836382060093,0.019919807089842537,0.6999590894954766,0.0007580566486641105,0.0012792318299279975,0.0007697503796758683,0.0023449203064015217,0.003439551916347277,0.0017665875274374828,0.00805874707662816,0.002610720346398052,0.002174239759971691,0.0016188918044615602,0.086488266225943,0.003561307769416278
619,ub1032,ub1032,WagnerJohann_Unbekannt_1800-01-01.xml,JP-UB1032,letters-context,Wagner Johann Ernst,Unbekannte Korrespondenten,1800-01-01,1800,1,1799,WagnerJohannErnst,UnbekannteKorrespondenten,0.002265412157442948,0.0019511589095113566,0.009014068701888277,0.0016908819432192015,0.007539678161871009,0.0014673796240125894,0.039683095743326006,0.4785943880743209,0.00151015692230986,0.0025484121887319,0.0015334525016918964,0.004671415571933458,0.3884453749896291,0.003519294221780605,0.016054173133842917,0.0052009271474316296,0.00433139558906164,0.003225063284236941,0.019659638311873676,0.0070946328218841215
620,ub0254,ub0254,BassewitzAdelheid_RichterCaroline_1801-07-04.xml,JP-UB0254,letters-context,Bassewitz Adelheid Henriette von,Richter Caroline,1801-07-04,1801,7,1799,BassewitzAdelheidHenriettevon,RichterCaroline,0.00011500679903099929,9.905329581924768e-05,0.004332034629380183,8.583997361806939e-05,0.01200603093189756,7.449356752436747e-05,0.5793035788251366,0.2993805352731989,7.666521656942084e-05,0.00012937368923121432,7.784784905750841e-05,0.00023715090876798287,0.00034785525993766644,0.07379269686096136,0.02793597268946006,0.00026403230037163846,0.00021988932141921467,0.00016372482321766354,0.0009980488825962039,0.00036016890280403965
621,ub0040,ub0040,MayerJohann_RichterCaroline_1818-10-27.xml,JP-UB0040,letters-context,Mayer Johann Siegfried Wilhelm,Richter Caroline,1818-10-27,1818,10,1814,MayerJohannSiegfriedWilhelm,RichterCaroline,0.015364407153009609,0.00019353048010356297,0.5232139634488887,0.00016771427107985275,0.0007478414635426456,0.0001455456455878635,0.04178533187763291,0.2745661581636343,0.0001497886167967423,0.00025277051089117646,0.04557121932811383,0.00046334580642944817,0.0006796401362063997,0.0003490698256542652,0.07729090599262757,0.000515866710250767,0.0004296200908000287,0.007889739155773932,0.009519842772599842,0.0007036985503767028
622,ub0735,ub0735,HeimJohanna_RichterCaroline_1820-01-12.xml,JP-UB0735,letters-context,Heim Johanna,Richter Caroline,1820-01-12,1820,1,1819,HeimJohanna,RichterCaroline,0.0002213492955440619,0.00019064418308867287,0.0008807482340877279,0.00016521299479658615,0.015650602624279933,0.007600332192443923,0.3170695654944364,0.5687495900687121,0.00014755468218709532,0.00024900071312781107,0.00014983085081652693,0.007913392708889041,0.00812646124354556,0.0003438638281533292,0.0015686240148589953,0.0005081731182900528,0.0526219131886334,0.00031511505917608887,0.01683482185450305,0.0006932036504299457
623,ub0508,ub0508,RichterCaroline_RichterMax_1819-11-26.xml,JP-UB0508,letters-context,Richter Caroline,Richter Max,1819-11-26,1819,11,1819,RichterCaroline,RichterMax,0.0006730522792510659,0.0005796878713275447,0.0026780731555619323,0.0005023597768243264,0.5010728148878376,0.00043595740281671813,0.12516090527909599,0.3462579956170415,0.0004486665065551205,0.0007571313795866741,0.00045558760598863435,0.0013878741171617982,0.0020357472560158085,0.0010455797147297665,0.004769682984053785,0.0015451916152638369,0.0012868544313130658,0.0009581639204385117,0.0058408640262589346,0.002107810172877465
624,ub0800,ub0800,MayerJohann_RichterCaroline_1810-12-25.xml,JP-UB0800,letters-context,Mayer Johann Siegfried Wilhelm,Richter Caroline,1810-12-25,1810,12,1809,MayerJohannSiegfriedWilhelm,RichterCaroline,0.007794553805982571,0.00019353048010356297,0.4248058699375372,0.00016771427107985275,0.015887548157596718,0.0001455456455878635,0.011505918489524768,0.3805441050220128,0.0001497886167967423,0.00025277051089117646,0.00015209924595160971,0.00046334580642944817,0.0006796401362063997,0.0003490698256542652,0.1227100260747898,0.000515866710250767,0.0004296200908000287,0.00031988580874689433,0.017089696119626883,0.015843405244430783
625,ub1067,ub1067,WagnerJohann_MuellerFriedrich_1809-01-09.xml,JP-UB1067,letters-context,Wagner Johann Ernst,Müller Friedrich Theodor Adam Heinrich von,1809-01-09,1809,1,1809,WagnerJohannErnst,MüllerFriedrichTheodorAdamHeinrichvon,0.00010411535257732584,0.045687235772841735,0.0004142746996258101,0.01761523496563418,0.0529590864465884,6.743883068558228e-05,0.07898888946037666,0.3692385467808435,6.940481885241231e-05,0.00011712166047597387,7.047545293234569e-05,0.0002146920937583566,0.4106929802143386,0.00016174211722144914,0.02178285772293181,0.00023902774685160874,0.00019906522414713567,0.00014821965169531135,0.0009035310275256076,0.00032605996009612924
626,ub1274,ub1274,OsmundEmanuel_GoldschmidtCaroline_1806-04-05.xml,JP-UB1274,letters-context,Osmund Emanuel,Goldschmidt Caroline,1806-04-05,1806,4,1804,OsmundEmanuel,GoldschmidtCaroline,0.0002149381569928381,0.0001851223843010953,0.0008552383315438635,0.00016042778236796708,0.0007153508570647444,0.007380196941498955,0.00376505945499484,0.617445156462442,0.00014328092333433702,0.00024178868172155727,0.00014549116524639017,0.0004432153549985126,0.0006501125942224827,0.0003339041911026373,0.04496903844730205,0.2901324404392894,0.0004109548816806256,0.0003059880985549161,0.03082916908115088,0.0006731257701900433
627,ub0512,ub0512,RichterMax_RichterCaroline_1819-09-10.xml,JP-UB0512,letters-context,Richter Max,Richter Caroline,1819-09-10,1819,9,1819,RichterMax,RichterCaroline,0.00034078745729629973,0.0002935141322380503,0.001355992348994015,0.00025436049511993043,0.18482486583112595,0.0002207388926172673,0.0059695544811051715,0.4738186061847934,0.0002271739100461429,0.0003833593401922553,0.00023067827954366044,0.21883539125079385,0.01251142930994122,0.09237474328579316,0.0024150399402165647,0.0007823789292969568,0.0006515747187508851,0.0004851484144480403,0.002957412464507388,0.001067250333179891
628,ub0781,ub0781,EndeHenriette_RichterCaroline_1818-04-23.xml,JP-UB0781,letters-context,Ende Henriette Freifrau von,Richter Caroline,1818-04-23,1818,4,1814,EndeHenrietteFreifrauvon,RichterCaroline,0.00014983923211472173,0.0001290538464598764,0.010691970423632426,0.00011183856815467554,0.015642331329439273,9.705564409569156e-05,0.08843868983378819,0.49606024665859794,9.988502660242282e-05,0.00016855746280729572,0.0001014258463224917,0.00030897747232774386,0.00045321116208162283,0.3485365121090377,0.03639701940611572,0.0003440005067048782,0.00028648781940971536,0.0002133126214776287,0.001300330758191626,0.00046925427263837314
629,ub1013,ub1013,RichterMax_RichterCaroline_1821-05-21.xml,JP-UB1013,letters-context,Richter Max,Richter Caroline,1821-05-21,1821,5,1819,RichterMax,RichterCaroline,0.15364847848162658,8.011818117853263e-05,0.00037013427552883883,6.943072920302128e-05,0.07552042891071536,6.025331201945521e-05,0.0925092210138971,0.4051075013343257,0.009463364305276618,0.0001046425016738058,6.296638616174712e-05,0.04093101967403445,0.00028135894428437606,0.0001445087074695493,0.19182008833677536,0.00021355965496353685,0.012712994391189407,0.00013242704285087588,0.00394104581168895,0.012826458005136659
630,ub0913,ub0913,LindenauBernhard_WagnerJohann_1809-11-21.xml,JP-UB0913,letters-context,Lindenau Bernhard August von,Wagner Johann Ernst,1809-11-21,1809,11,1809,LindenauBernhardAugustvon,WagnerJohannErnst,0.0007790365426849089,0.0006709702188630835,0.0030997842463110986,0.00058146541626256,0.0025927665254567808,0.0005046067866022912,0.039891022039556766,0.4270272674924484,0.0005193171687556746,0.0008763554191775275,0.0005273281205650389,0.0016064200170582596,0.002356312507954908,0.0012102251655264132,0.005520755899875986,0.0017885100026409926,0.1327129093964362,0.0011090441722215656,0.3741861798262058,0.002439723035395902
631,ub0374,ub0374,RichterCaroline_MayerJohann_1805-03-28.xml,JP-UB0374,letters-context,Richter Caroline,Mayer Johann Siegfried Wilhelm,1805-03-28,1805,3,1804,RichterCaroline,MayerJohannSiegfriedWilhelm,0.00027976218559808787,0.0002409541589068769,0.13306048707112392,0.0002088118166352954,0.0009310962838886097,0.00018121088004543427,0.2310959738881007,0.42667049901883947,0.00018649357018475703,0.0003147106637448149,0.0001893704074884151,0.0005768863850877247,0.0008461825614824865,0.0004346076452416404,0.0019825754660748123,0.0006422772744118393,0.0005348963510699791,0.0003982722305634118,0.0024278246076006567,0.1987971075339111
632,ub0023,ub0023,OttoGeorg_Industrie-Comptoir_1819-02-21.xml,JP-UB0023,letters-context,Otto Georg Christian,Industrie-Comptoir ,1819-02-21,1819,2,1819,OttoGeorgChristian,IndustrieComptoir,0.0007591138403645201,0.0006538111522419146,0.0285940263689496,0.000566595302008516,0.0025264603731228754,0.0004917022176283149,0.013297353908999571,0.18594504897525535,0.000506036403610398,0.0008539439311580303,0.0005138424872275066,0.0015653382114589162,0.002296053315866172,0.0011792754547075483,0.0053795707688195004,0.0017427715161550431,0.0014514013836059894,0.0010806820150021075,0.7482196416308442,0.0023773307429742004
633,ub0861,ub0861,WagnerJohann_MuellerFriedrich_1806-03-08.xml,JP-UB0861,letters-context,Wagner Johann Ernst,Müller Friedrich Theodor Adam Heinrich von,1806-03-08,1806,3,1804,WagnerJohannErnst,MüllerFriedrichTheodorAdamHeinrichvon,0.000239185236244706,0.000206005959308175,0.0009517173927506194,0.0001785255701581877,0.0007960492736084312,0.00015492789728217837,0.229808917271957,0.3647858408322545,0.00015944438147492312,0.0002690647568956019,0.00016190395980800624,0.08912929836404047,0.21022692297079465,0.0003715717765024053,0.0016950210058314017,0.0005491208230532628,0.09715122442625113,0.00034050648179403834,0.0020756908267935787,0.0007490607931967605
634,ub1319,ub1319,OsmundEmanuel_GoldschmidtCaroline_1810-12-14.xml,JP-UB1319,letters-context,Osmund Emanuel,Goldschmidt Caroline,1810-12-14,1810,12,1809,OsmundEmanuel,GoldschmidtCaroline,0.00016952080932392295,0.00014600523634219887,0.0006745228309228879,0.00012652870893447806,0.0005641941753702582,0.00010980402865358621,0.07721152277668354,0.5155309955275175,0.00011300505421717695,0.00019069770386171393,0.00011474826260313796,0.00034956206350388123,0.0005127410352175979,0.00026334881393002256,0.0012013339002061795,0.2630917758075843,0.028878747755630967,0.005952257388606901,0.04144761203357932,0.06335107608731055
635,ub0072,ub0072,SpazierJohann_Unbekannt_1801-06-01.xml,JP-UB0072,letters-context,Spazier Johann Karl Gottlieb,Unbekannte Korrespondenten,1801-06-01,1801,6,1799,SpazierJohannKarlGottlieb,UnbekannteKorrespondenten,0.00030569197997852636,0.00026328702631070363,0.0012163475419205644,0.0002281655668856511,0.0010173950634681584,0.00019800643391570168,0.005354789003669528,0.3941280754449338,0.0002037787508743008,0.00034387966234549703,0.00020692222821578368,0.03152539831609008,0.0009246111017108471,0.00047488931109004786,0.09485146015495377,0.0007018068267175721,0.0005844732885979731,0.2475955312776945,0.21891814983773586,0.0009573411828911383
636,ub0468,ub0468,MahlmannErnestine_MayerJohann_1802-10-12.xml,JP-UB0468,letters-context,Mahlmann Ernestine,Mayer Johann Siegfried Wilhelm,1802-10-12,1802,10,1799,MahlmannErnestine,MayerJohannSiegfriedWilhelm,0.00016123366760150586,0.0001388676696292487,0.1310033881479878,0.00012034326570142412,0.35359992936289564,0.00010443618295503337,0.0028243209728776647,0.3871257839278659,0.00010748072417544316,0.0001813753150391015,0.00010913871461675314,0.0003324734808538194,0.00048767533595215994,0.0002504748254670583,0.0011426058636503293,0.0003701598210963773,0.0003082736156257169,0.0002295338531913813,0.11546582349119408,0.005936681761623729
637,ub0628,ub0628,RichterCaroline_RichterMax_1819-10-24.xml,JP-UB0628,letters-context,Richter Caroline,Richter Max,1819-10-24,1819,10,1819,RichterCaroline,RichterMax,0.0003088728600911355,0.0002660266613706699,0.001229004255081269,0.0002305397453450916,0.2507601554712002,0.00020006679129850038,0.16149311698446334,0.5543117866747143,0.00020589917214303648,0.0003474579046636708,0.021020089850296384,0.000636914339687299,0.0009342321492291241,0.00047983077525748553,0.0021888724998480593,0.000709109482738041,0.0005905550296373785,0.00043971447637217035,0.0026804520730566487,0.0009673028035062883
638,ub0038,ub0038,SchwendlerAuguste_OsmundEmanuel_1808-11-18.xml,JP-UB0038,letters-context,Schwendler Auguste Sophie Henriette,Osmund Emanuel,1808-11-18,1808,11,1804,SchwendlerAugusteSophieHenriette,OsmundEmanuel,4.049034929041789e-05,3.487361251579023e-05,0.02471427894925585,0.001394286495771566,0.006955083224257138,2.622688914364058e-05,0.2653378551724744,0.3577546632493155,2.6991459839558412e-05,4.5548488525012095e-05,2.7407828288452945e-05,0.002811623299204415,0.00967092332297084,6.290133644223403e-05,0.16397472716655898,9.295763516658308e-05,0.16512926754984172,5.764246405821836e-05,0.001715447137242858,0.00012680436983687624
639,ub0536,ub0536,DegenGeorg_RichterCaroline_1826-05-15.xml,JP-UB0536,letters-context,Degen Georg Christoph,Richter Caroline,1826-05-15,1826,5,1824,DegenGeorgChristoph,RichterCaroline,0.0006438544861095871,0.0005545403351324669,0.13270539539538004,0.00048056682358949357,0.1322863577556513,0.000417045062039709,0.054659529090669366,0.07094991942321374,0.00042920283002989817,0.1308677863148592,0.00043582368409496,0.0013276665186905555,0.0019474341648906685,0.0010002212467997917,0.004562768571292568,0.0014781594001785194,0.0012310291846762314,0.06598834774059709,0.3960179810637637,0.00201637090834119
640,ub0168,ub0168,RichterEmma_FoersterErnst_1826-04-12.xml,JP-UB0168,letters-context,Richter Emma,Förster Ernst Joachim,1826-04-12,1826,4,1824,RichterEmma,FörsterErnstJoachim,0.00020178788814821072,0.1769207549657644,0.0008029134482221593,0.00015061254761485418,0.00746954446772325,0.00013070444354612896,0.06471634648503456,0.7156280484425598,0.0001345147615298708,0.00022699565375150512,0.00013658977721796355,0.014012018610791,0.0006103376398220472,0.007111435334181949,0.0014299992528955473,0.0004632640917216216,0.0003858119882422477,0.00028726724500545734,0.00854911012427469,0.0006319428319528791
641,ub0811,ub0811,MayerJohann_RichterCaroline_1810-07-20.xml,JP-UB0811,letters-context,Mayer Johann Siegfried Wilhelm,Richter Caroline,1810-07-20,1810,7,1809,MayerJohannSiegfriedWilhelm,RichterCaroline,0.00022815465349026055,0.00019650551597925263,0.408277511672963,0.000170292448807003,0.000759337612274241,0.00014778303742889336,0.003996572071440996,0.5708632880948206,0.00015209123346209534,0.00025665621064149607,0.00015443738262718265,0.000470468562474079,0.0006900878640614158,0.00035443588093344626,0.009303071645450134,0.0005237968407875628,0.0004362244002729508,0.0003248032344497435,0.0019799655228531416,0.0007145161147826878
642,ub0189,ub0189,SchwendlerAuguste_OsmundEmanuel_1816-02-18.xml,JP-UB0189,letters-context,Schwendler Auguste Sophie Henriette,Osmund Emanuel,1816-02-18,1816,2,1814,SchwendlerAugusteSophieHenriette,OsmundEmanuel,0.0007591138403645201,0.0006538111522419146,0.0030205118689411643,0.000566595302008516,0.0025264603731228754,0.0004917022176283149,0.6014881874091935,0.1347980199752385,0.000506036403610398,0.0008539439311580303,0.0005138424872275066,0.0015653382114589162,0.002296053315866172,0.0011792754547075483,0.05652659976883636,0.07846331501618034,0.10374545938363973,0.0010806820150021075,0.006587721130599486,0.0023773307429742004
643,ub0117,ub0117,RichterCaroline_RichterMax_1820-12-18.xml,JP-UB0117,letters-context,Richter Caroline,Richter Max,1820-12-18,1820,12,1819,RichterCaroline,RichterMax,0.0007591138403645201,0.0006538111522419146,0.0030205118689411643,0.000566595302008516,0.4884232358732831,0.0004917022176283149,0.013297353908999571,0.4416801939753397,0.000506036403610398,0.0008539439311580303,0.0005138424872275066,0.0015653382114589162,0.027869567815874602,0.0011792754547075483,0.0053795707688195004,0.0017427715161550431,0.0014514013836059894,0.0010806820150021075,0.006587721130599486,0.0023773307429742004
644,ub1022,ub1022,SchragJohann_Uthe-SpazierWilhelmine_1821-12-11.xml,JP-UB1022,letters-context,Schrag Johann Leonhard,Uthe-Spazier Wilhelmine,1821-12-11,1821,12,1819,SchragJohannLeonhard,UtheSpazierWilhelmine,0.0010952161550158007,0.0009432900550475961,0.0043578620483230865,0.0008174588515179792,0.0036450662186882548,0.0007094063940989834,0.09297752920442973,0.04689529075134408,0.0007300871289529809,0.0012320328508736904,0.0007413494040298738,0.002258401317554837,0.003312645021867475,0.0017014069043835565,0.2660358244326924,0.002514394307549229,0.0020940182594671878,0.11224819590058956,0.4522606162646095,0.003429908528964233
645,ub0064,ub0064,RichterCaroline_RichterEmma_1820-02-29.xml,JP-UB0064,letters-context,Richter Caroline,Richter Emma,1820-02-29,1820,2,1819,RichterCaroline,RichterEmma,0.00020888794765819456,0.014254214073056009,0.0008311645653534139,0.0001559119640507421,0.33847847774434403,0.00013530337827860023,0.14440210453938626,0.4452476076064125,0.00013924776518335014,0.0072721339804024294,0.00014139579186831102,0.035616496025113804,0.007668964144275681,0.00032450525383551863,0.0014803148584948956,0.0004795643892778666,0.00039938707494008345,0.0002973749603570833,0.0018127657191109282,0.0006541782186004544
646,ub0080,ub0080,MayerJohann_RichterCaroline_1807-12-01.xml,JP-UB0080,letters-context,Mayer Johann Siegfried Wilhelm,Richter Caroline,1807-12-01,1807,12,1804,MayerJohannSiegfriedWilhelm,RichterCaroline,0.00041168346734934047,0.00035457559569374865,0.08485242937802025,0.00030727659820127117,0.08458449481796805,0.00026666049687538513,0.02108049285179163,0.5585208080387042,0.00027443422865703807,0.00046311182830265725,0.00027866763265921914,0.0008489159704404477,0.09832859720507367,0.0006395459841976352,0.0029174548390466684,0.000945141798789826,0.0007871256224647688,0.0005860766796512403,0.14226323029736748,0.0012892766687455405
647,ub0443,ub0443,RichterCaroline_OsmundEmanuel_1807-01-09.xml,JP-UB0443,letters-context,Richter Caroline,Osmund Emanuel,1807-01-09,1807,1,1804,RichterCaroline,OsmundEmanuel,0.0014066084111228176,0.001211486627075284,0.005596890973175728,0.0010498790499263585,0.0046814327736359705,0.0009111050784578156,0.403733298405378,0.2971622137586553,0.0009376657673780903,0.0015823248797800606,0.0009521301366069275,0.0029005108027443747,0.004254497461056622,0.002185151535144967,0.10474159007407627,0.050616015184918234,0.0026893902937076514,0.002002461727375675,0.10698024568858168,0.004405101371202268
648,ub0539,ub0539,OsmundEmanuel_SchwendlerAuguste_1811-10-10.xml,JP-UB0539,letters-context,Osmund Emanuel,Schwendler Auguste Sophie Henriette,1811-10-10,1811,10,1809,OsmundEmanuel,SchwendlerAugusteSophieHenriette,0.00015614483558961192,0.00013448474977672132,0.04796406724077087,0.00011654501021280712,0.0005196766527079895,0.00010113998434510592,0.3130933218552026,0.3749073799729882,0.00010408843422768023,0.0001756507754744522,0.00010569409543181122,0.0003219800044128051,0.0004722834026300321,0.00024256937787058857,0.006366850600394179,0.1213455490678868,0.10550469364780198,0.00022228934131424298,0.011875666846784792,0.016269924104176842
649,ub0897,ub0897,WagnerJohann_TruchsessChristian_1809-04-05.xml,JP-UB0897,letters-context,Wagner Johann Ernst,Truchsess von Wetzhausen Christian Freiherr,1809-04-05,1809,4,1809,WagnerJohannErnst,TruchsessvonWetzhausenChristianFreiherr,0.00031212063360564136,0.0002688239105193882,0.0012419271369029036,0.0002329638523992103,0.0010387907195316011,0.00020217047766874256,0.005467399363134287,0.6968342951758781,0.0002080641855331658,0.00035111139684760516,0.00021127376970222884,0.0006436114432231523,0.2112424620318504,0.00048487615762894513,0.0022118883197862027,0.0007165657124509464,0.0005967646687217209,0.000444338039057105,0.07631307909014301,0.0009774739154155966
650,ub0101,ub0101,OsmundEmanuel_GoldschmidtCaroline_1801-12-28.xml,JP-UB0101,letters-context,Osmund Emanuel,Goldschmidt Caroline,1801-12-28,1801,12,1799,OsmundEmanuel,GoldschmidtCaroline,0.0001951546216394333,0.00016808317969560803,0.0073510139065581315,0.00014566154100557018,0.0006495078761402343,0.00012640786551124642,0.1217594081262534,0.4619962888875619,0.0001300929289274258,0.00021953374569802487,0.00013209973372241035,0.0004024205200215052,0.0005902743334341817,0.0003031706747193681,0.00138299164387175,0.3028747689970476,0.0003731293948330118,0.02000130668303784,0.001693585541914104,0.07950509979840731
651,ub0210,ub0210,RichterCaroline_RichterMax_1821-02-15.xml,JP-UB0210,letters-context,Richter Caroline,Richter Max,1821-02-15,1821,2,1819,RichterCaroline,RichterMax,0.00019387995897223785,0.0001669853355741537,0.0007714478199268006,0.00014471014499554374,0.15740252685290418,0.00012558222589454935,0.17321655057712018,0.3675370001056486,0.00012924322012536487,0.00021809984950084508,0.00013123691736936736,0.04612065996012715,0.0005864189256046794,0.00030119049952491525,0.0013739585612694654,0.02657131930108744,0.006902244833564536,0.00027600943836043467,0.027808734010875875,0.19002220146155385
652,ub0576,ub0576,RichterOdilie_MayerJohann_1817-12-24.xml,JP-UB0576,letters-context,Richter Odilie Minna,Mayer Johann Siegfried Wilhelm,1817-12-24,1817,12,1814,RichterOdilieMinna,MayerJohannSiegfriedWilhelm,0.0007591138403645201,0.0006538111522419146,0.0030205118689411643,0.000566595302008516,0.1048205183731566,0.0004917022176283149,0.06444438290901644,0.7997093969754577,0.000506036403610398,0.0008539439311580303,0.0005138424872275066,0.0015653382114589162,0.002296053315866172,0.0011792754547075483,0.0053795707688195004,0.0017427715161550431,0.0014514013836059894,0.0010806820150021075,0.006587721130599486,0.0023773307429742004
653,ub0546,ub0546,SpazierJohann_FalkJohannes_1803-01-28.xml,JP-UB0546,letters-context,Spazier Johann Karl Gottlieb,Falk Johannes Daniel,1803-01-28,1803,1,1799,SpazierJohannKarlGottlieb,FalkJohannesDaniel,0.00038005725310904056,0.0003273365039080279,0.001512246757800897,0.0002836710947101689,0.001264895379903549,0.0002461751903900279,0.0834791179793901,0.2339348217691292,0.00025335173106183105,0.10285643709648504,0.000257259917870325,0.0007837008221955478,0.013953152776599649,0.0005904149893510668,0.11792584614881176,0.0008725344210672106,0.0647447212469454,0.0005410532864330587,0.37460297336154347,0.0011902322732945895
654,ub0431,ub0431,MahlmannErnestine_RichterCaroline_1803-12-30.xml,JP-UB0431,letters-context,Mahlmann Ernestine,Richter Caroline,1803-12-30,1803,12,1799,MahlmannErnestine,RichterCaroline,0.00016211423049107288,0.00013962608267197865,0.000645052074254653,0.0001210005094108948,0.0005395438173783385,0.00010500655159085404,0.12845213651286908,0.5640051013143018,0.00010806772029393747,0.00018236587968904603,0.00010973476569799554,0.13140808831863207,0.0004903387300768782,0.0002518427707563895,0.03937870416122731,0.0768318975358857,0.00030995722370702385,0.03846064549171711,0.01779108019905841,0.000507696110289555
655,ub0758,ub0758,MahlmannSiegfried_FalkJohannes_1805-05-02.xml,JP-UB0758,letters-context,Mahlmann Siegfried August,Falk Johannes Daniel,1805-05-02,1805,5,1804,MahlmannSiegfriedAugust,FalkJohannesDaniel,0.0005589819708497492,0.0004814411581117213,0.002224187714276201,0.00041721879084544747,0.001860387366885405,0.00036207043010714416,0.14161106033965154,0.5512122760848875,0.0003726255683548464,0.0006288111693559477,0.0003783736653765185,0.0011526543081701167,0.0016907245520153753,0.0008683726771871531,0.04162399427343644,0.0012833093075649358,0.0010687556500254905,0.03845845943492161,0.1931643778728527,0.020581917665124173
656,ub0321,ub0321,EndeHenriette_RichterCaroline_1820-10-19.xml,JP-UB0321,letters-context,Ende Henriette Freifrau von,Richter Caroline,1820-10-19,1820,10,1819,EndeHenrietteFreifrauvon,RichterCaroline,0.00012956443389136092,0.00011159152594478409,0.0005155365237097706,9.67056528899366e-05,0.00043121254097466604,8.392301138857871e-05,0.27725511307393885,0.3896545148293486,8.636954917159459e-05,0.00014574989432721269,8.770188004343546e-05,0.00026716962388513576,0.00039188700328758575,0.3188353157193322,0.005283027072884014,0.0002974536793904179,0.00024772305366708633,0.0001844492170279596,0.0011243825544142603,0.0047706091604825685
657,ub0531,ub0531,OsmundEmanuel_GoldschmidtCaroline_1803-10-10.xml,JP-UB0531,letters-context,Osmund Emanuel,Goldschmidt Caroline,1803-10-10,1803,10,1799,OsmundEmanuel,GoldschmidtCaroline,0.00019644615575249564,0.00016919555489115917,0.0007816587098100427,0.00014662552970124912,0.01388981479788672,0.0001272444333009082,0.1490372293569806,0.4518177738094603,0.00013095388448239288,0.00022098662095742413,0.00013297397032001532,0.00040508374072843934,0.0005941807714743933,0.00030517705952947847,0.014628152764301537,0.33135121245357285,0.0003755987667493147,0.02013367541543042,0.014940802174077412,0.0006152140305928924
658,ub0650,ub0650,RichterCaroline_OsmundEmanuel_1808-08-30.xml,JP-UB0650,letters-context,Richter Caroline,Osmund Emanuel,1808-08-30,1808,8,1804,RichterCaroline,OsmundEmanuel,0.0005198258910459422,0.00044771672800317507,0.002068385781154006,0.0003879930677954578,0.001730069252880724,0.0003367077898160412,0.5519848412584979,0.19738034356713516,0.0003465235520961448,0.0005847636300562505,0.00035186900116593664,0.0010719121260773738,0.00157229113387788,0.0008075441145133043,0.23134279121018125,0.001193414884702615,0.0009938904777918476,0.0007400293098542893,0.004511138941995392,0.0016279482813592965
659,ub1281,ub1281,GoldschmidtCaroline_OsmundEmanuel_1807-01-09.xml,JP-UB1281,letters-context,Goldschmidt Caroline,Osmund Emanuel,1807-01-09,1807,1,1804,GoldschmidtCaroline,OsmundEmanuel,0.0006730522792510659,0.0005796878713275447,0.0026780731555619323,0.0005023597768243264,0.20630798911739268,0.00043595740281671813,0.034464035811266794,0.686371256121401,0.0004486665065551205,0.0007571313795866741,0.00045558760598863435,0.0013878741171617982,0.0020357472560158085,0.0010455797147297665,0.02744390035101109,0.0015451916152638369,0.0012868544313130658,0.0009581639204385117,0.02851508139321624,0.002107810172877465
660,ub0847,ub0847,WagnerJohann_MellishofBlythJoseph_1804-03-22.xml,JP-UB0847,letters-context,Wagner Johann Ernst,Mellish of Blyth Joseph Charles,1804-03-22,1804,3,1804,WagnerJohannErnst,MellishofBlythJosephCharles,0.0007401847158022662,0.1751882338146121,0.0029451929347197856,0.0005524667846797356,0.0024634610170823157,0.05035107721441138,0.18751649949035126,0.15637253907968934,0.0004934179719501659,0.0008326501407111203,0.0005010294044869297,0.02646212321960965,0.12691788933274686,0.0011498692566007554,0.0052454267712268,0.0016993140828180278,0.0014152095028639488,0.0010537343249634966,0.2557816308844252,0.002318050056248972
661,ub0051,ub0051,RichterCaroline_RichterMax_1821-03-26.xml,JP-UB0051,letters-context,Richter Caroline,Richter Max,1821-03-26,1821,3,1819,RichterCaroline,RichterMax,0.08668504675894807,0.106471792300981,0.0002922793304210563,5.482650049934002e-05,0.11655146646209193,4.7579483601013374e-05,0.32546152915165105,0.2728784817653514,4.8966528732023826e-05,8.263174297788375e-05,4.972188311956316e-05,0.00015146969261474458,0.00022217721859429736,0.0001141123939382947,0.07475906004590208,0.0026432558893380864,0.00014044461434983903,0.00010457201608468384,0.013010544205445049,0.0002300420153586313
662,ub0130,ub0130,VossHeinrich_FouqueFriedrich_1814-06-14.xml,JP-UB0130,letters-context,Voß Heinrich,Fouqué Friedrich Freiherr de la Motte,1814-06-14,1814,6,1814,VoßHeinrich,FouquéFriedrichFreiherrdelaMotte,0.1119515998583432,8.935926005547188e-05,0.0004128267079443822,0.06299185381743863,0.00034530250627813977,6.720311543208948e-05,0.131141482862942,0.3854241938140677,6.916223198809239e-05,0.0001167122915470062,7.022912393932951e-05,0.0002139416922346545,0.12264739595866625,0.0001611767888524111,0.000735249714951159,0.028200154389866405,0.03864606733483562,0.00014770158765984695,0.11624346664239232,0.00032492030056516496
663,ub0233,ub0233,MahlmannErnestine_MayerJohann_1803-05-25.xml,JP-UB0233,letters-context,Mahlmann Ernestine,Mayer Johann Siegfried Wilhelm,1803-05-25,1803,5,1799,MahlmannErnestine,MayerJohannSiegfriedWilhelm,0.00012734113417211051,0.0001096766377239025,0.026246389401610542,9.504620326736191e-05,0.0004238130201919018,8.248290933236687e-05,0.14808892388921555,0.4344475202091476,8.488746501734283e-05,0.00014324885535065088,8.619693335843859e-05,0.0002625850466833853,0.0003851623008502045,0.00019782312733447206,0.24542956561282284,0.00029234943386549845,0.00024347217571294268,0.00018128410542967894,0.013974938065784618,0.12909729347312865
664,ub0455,ub0455,OsmundEmanuel_GoldschmidtCaroline_1804-09-17.xml,JP-UB0455,letters-context,Osmund Emanuel,Goldschmidt Caroline,1804-09-17,1804,9,1804,OsmundEmanuel,GoldschmidtCaroline,0.00020456919453062307,0.00017619178267786766,0.0008139802586167691,0.0001526884880679546,0.0006808411809421151,0.00013250598429458802,0.0035834269300721007,0.5738752920682031,0.00013636882109808885,0.0002301244067522561,0.04148842274316589,0.00042183393327724036,0.0006187501168475102,0.0003177961157754868,0.029016342922764508,0.3312692518536947,0.00039112975708931164,0.0002912267404406088,0.001775286832910298,0.014423969868779054
665,ub0014,ub0014,OttoGeorg_Industrie-Comptoir_1811-08-06.xml,JP-UB0014,letters-context,Otto Georg Christian,Industrie-Comptoir ,1811-08-06,1811,8,1809,OttoGeorgChristian,IndustrieComptoir,0.00918516010530502,0.0002280577553577732,0.17054065035549032,0.00019763574287351828,0.0008812619358343018,0.00017151206991841204,0.004638288402217839,0.04701928646645434,0.00017651201870904566,0.0002978666476910061,0.0001792348812692031,0.0005460101401711544,0.009721264400408828,0.0004113464755486613,0.028637577854960763,0.05413012965534311,0.0005062675063484919,0.0003769558132371913,0.6713257381738085,0.0008292435990524635
666,ub0821,ub0821,MayerJohann_RichterCaroline_1802-09-24.xml,JP-UB0821,letters-context,Mayer Johann Siegfried Wilhelm,Richter Caroline,1802-09-24,1802,9,1799,MayerJohannSiegfriedWilhelm,RichterCaroline,0.02227900931573253,0.0002806269923835552,0.2427814862301839,0.00024319244931213734,0.012060992547558413,0.00021104704930194115,0.08254359911235651,0.5078979130252591,0.0002171995284797973,0.05524948891935148,0.00022055003383635507,0.0006718700848685338,0.0009855055763034837,0.04441253450592825,0.002309004304976621,0.0007480275111755196,0.0006229664385901677,0.011440439608225031,0.002827563220973781,0.011996983545202929
667,ub0535,ub0535,SchwendlerAuguste_OsmundEmanuel_1816-03-12.xml,JP-UB0535,letters-context,Schwendler Auguste Sophie Henriette,Osmund Emanuel,1816-03-12,1816,3,1814,SchwendlerAugusteSophieHenriette,OsmundEmanuel,0.00045594849723008417,0.0003927002729838565,0.001814217808027368,0.0003403155926709973,0.001517474388141287,0.00029533236688804846,0.4380748248734801,0.4649712249971292,0.00030394194586029987,0.0005129065384228662,0.00030863053392867715,0.016300478864145436,0.01673937015559894,0.00070831124767273,0.0032311454189905453,0.0010467653355190048,0.0008717589438430503,0.000649092816549337,0.050037657127868736,0.0014279022750493743
668,ub0369,ub0369,RichterCaroline_OsmundEmanuel_1807-01-31.xml,JP-UB0369,letters-context,Richter Caroline,Osmund Emanuel,1807-01-31,1807,1,1804,RichterCaroline,OsmundEmanuel,0.0011371737086020314,0.0009794273443404539,0.004524811037868697,0.07746845177338292,0.042094546218203986,0.0007365836382060093,0.2880886738094691,0.3168607084674386,0.0007580566486641105,0.0012792318299279975,0.0007697503796758683,0.0023449203064015217,0.003439551916347277,0.0017665875274374828,0.00805874707662816,0.002610720346398052,0.002174239759971691,0.0016188918044615602,0.2397276186371582,0.003561307769416278
669,ub0520,ub0520,RichterCaroline_SedlnitzkyvonCholtitzJosef_1826-06-15.xml,JP-UB0520,letters-context,Richter Caroline,Sedlnitzky von Choltitz Josef Graf,1826-06-15,1826,6,1824,RichterCaroline,SedlnitzkyvonCholtitzJosefGraf,0.00017247579883257675,0.00014855031587149314,0.006496756188052307,0.0001287342848100064,0.0005740288846057302,0.00011171806949596602,0.0901783806762421,0.036437497313106734,0.00011497489350102874,0.6335358472009956,0.00011674848849564536,0.00035565542888124657,0.05281595800133571,0.0002679393593939287,0.018653701249822012,0.00039596947578661337,0.0003297682109760284,0.00024553826305153857,0.15837961227275305,0.0005401456239907633
670,ub0256,ub0256,MahlmannErnestine_RichterCaroline_1802-09-22.xml,JP-UB0256,letters-context,Mahlmann Ernestine,Richter Caroline,1802-09-22,1802,9,1799,MahlmannErnestine,RichterCaroline,0.00018088397397045332,0.00015579212649703396,0.0007197368315885799,0.00013501006622547633,0.0006020127259830937,0.00011716431239349492,0.0031685342704282533,0.7938370187548773,0.00012057990619010613,0.00020348037883440904,0.00012243996373447952,0.0003729935896841597,0.006640846090954847,0.00028100137200882014,0.0012818606211317315,0.0004152729416885099,0.0003458443729161867,0.0002575082248245023,0.05641336158134198,0.13462865789472658
671,ub0360,ub0360,EndeHenriette_RichterCaroline_1818-04-13.xml,JP-UB0360,letters-context,Ende Henriette Freifrau von,Richter Caroline,1818-04-13,1818,4,1814,EndeHenrietteFreifrauvon,RichterCaroline,0.00014983923211472173,0.0001290538464598764,0.005644090156667579,0.00011183856815467554,0.0004986905285447335,9.705564409569156e-05,0.14901325303736634,0.4102462821201955,9.988502660242282e-05,0.00016855746280729572,0.0001014258463224917,0.12145810387948412,0.00045321116208162283,0.2475789067697408,0.0010618575373617855,0.0003440005067048782,0.00028648781940971536,0.0002133126214776287,0.0618748939617698,0.00046925427263837314
672,ub0075,ub0075,RichterEmma_OsmundEmanuel_1813-09-20.xml,JP-UB0075,letters-context,Richter Emma,Osmund Emanuel,1813-09-20,1813,9,1809,RichterEmma,OsmundEmanuel,0.0008704112086974965,0.03007264129305823,0.003463363789372813,0.0006496665920710113,0.0028968770033757263,0.0005637930687175816,0.30847666068361723,0.5357600448532465,0.0005802288593499438,0.0009791447998395537,0.0005891794308124515,0.00179484005192433,0.0026326888480090174,0.0013521747586981055,0.0941372109098062,0.00199828771549161,0.0016641983921714227,0.0012391260557756978,0.007553578932368966,0.002725882753596288
673,ub0939,ub0939,BrockhausFriedrich_Borntraeger_1810-12-09.xml,JP-UB0939,letters-context,Brockhaus Friedrich Arnold,Bornträger Johann Friedrich Wilhelm,1810-12-09,1810,12,1809,BrockhausFriedrichArnold,BornträgerJohannFriedrichWilhelm,0.0008000331595784544,0.0006890542288684326,0.030135360527790464,0.0005971370900713826,0.002662646848710684,0.0813742993672462,0.14877428929823547,0.11511214994681407,0.0005333138210834638,0.0008999749774278203,0.0005415406843127395,0.0016497162988373508,0.002419819915246081,0.001242843191463822,0.3560459518958867,0.0018367139793200626,0.028481668614193444,0.0011389351649109467,0.033894856857236415,0.19116969413276616
674,ub0458,ub0458,MuetzschefahlAntonie+SchwendlerAuguste_OsmundEmanuel_1810-03-24.xml,JP-UB0458,letters-context,Mützschefahl Antonie von + Schwendler Auguste Sophie Henriette,Osmund Emanuel,1810-03-24,1810,3,1809,MützschefahlAntonievonANDSchwendlerAugusteSophieHenriette,OsmundEmanuel,0.00011456293377751384,9.86710026276466e-05,0.0043153152730892605,0.003944978353638479,0.0003812849891902943,7.420606185939085e-05,0.29532648782291976,0.5027769780456582,7.636932949080621e-05,0.00012887437540065128,7.754739764466719e-05,0.00023623563202676835,0.008065452076701313,0.0001779723259402488,0.012390275942790714,0.0002630132757146596,0.17003570644425933,0.00016309293222711626,0.0009941969431978641,0.00035877884184514267
675,ub0855,ub0855,OsmundEmanuel_GoldschmidtCaroline_1805-06-01.xml,JP-UB0855,letters-context,Osmund Emanuel,Goldschmidt Caroline,1805-06-01,1805,6,1804,OsmundEmanuel,GoldschmidtCaroline,0.00019387995897223785,0.0001669853355741537,0.053023868243790316,0.00014471014499554374,0.0006452655813136477,0.00012558222589454935,0.0033961841995637787,0.42632097308249495,0.00012924322012536487,0.00021809984950084508,0.00013123691736936736,0.000399792089246586,0.007117971478587619,0.00030119049952491525,0.0013739585612694654,0.4184644724800637,0.00037069228058159723,0.00027600943836043467,0.07352960188175645,0.01367028253101447
676,ub0052,ub0052,MayerJohann_RichterCaroline_1809-09-12.xml,JP-UB0052,letters-context,Mayer Johann Siegfried Wilhelm,Richter Caroline,1809-09-12,1809,9,1809,MayerJohannSiegfriedWilhelm,RichterCaroline,0.05013623218248958,0.00014195185376665654,0.2505128847599218,0.00012301603173912838,0.0005485310738475951,0.0001067556603373592,0.11393464243342348,0.4345903194819884,0.00010986781935363713,0.00018540357353191288,0.00011156263296503926,0.00033985755692059416,0.0004985063705577259,0.0002560377508447791,0.0011679825902086993,0.02258789982273698,0.12246747433980505,0.00023463168964893102,0.0014302895008440654,0.0005161528750687105
677,ub0663,ub0663,RichterCaroline_OsmundEmanuel_1808-11-09.xml,JP-UB0663,letters-context,Richter Caroline,Osmund Emanuel,1808-11-09,1808,11,1804,RichterCaroline,OsmundEmanuel,0.0012848397127528785,0.0011066094284853886,0.17825039474207294,0.0009589920593862184,0.004276165770506803,0.0008322316133165908,0.6717740431343253,0.09829915386076084,0.0008564929696777423,0.0014453445805826571,0.0008697051727743358,0.002649416452486511,0.003886189825502578,0.0019959851288647167,0.009105203717567314,0.002949731562179537,0.002456572437022068,0.001829110596989988,0.011150061130582324,0.004023756104163268
678,ub0276,ub0276,HenckelvonDonnersmarckLuise_RichterCaroline_1824-01-24.xml,JP-UB0276,letters-context,Henckel von Donnersmarck Luise Antoinette Benedictine Friederike Sophie Karoline,Richter Caroline,1824-01-24,1824,1,1824,HenckelvonDonnersmarckLuiseAntoinetteBenedictineFriederikeSophieKaroline,RichterCaroline,0.00012788977489875043,0.00011014917215362525,0.03497633592407745,9.545570345254555e-05,0.0004256389901337375,8.283828140915646e-05,0.433083523701668,0.3113747552987847,8.525319696085442e-05,0.00014386603342591206,8.656830705837744e-05,0.09935767211033096,0.0003868217467628438,0.09067576545263516,0.026756906660506737,0.00029360900177237724,0.0002445211592347889,0.0001820651558261422,0.0011098495741871171,0.0004005147547209176
679,ub0341,ub0341,RichterCaroline_OsmundEmanuel_1801-09-30.xml,JP-UB0341,letters-context,Richter Caroline,Osmund Emanuel,1801-09-30,1801,9,1799,RichterCaroline,OsmundEmanuel,9.825655192188613e-05,0.08283787196082598,0.0070112221762626955,7.333774955777833e-05,0.00032701456834344136,6.364389885620262e-05,0.2863923184377373,0.4047328857430237,6.549925653026402e-05,0.00011053096617223811,6.650964366780156e-05,0.00020261089585149651,0.02015797051766169,0.00015264053134644146,0.11986098267092447,0.00022557712804030131,0.00018786338467929832,0.00013987900479737583,0.0008526873426584253,0.07644069757114118
680,ub0110,ub0110,SchwendlerAuguste_OsmundEmanuel_1809-08-08.xml,JP-UB0110,letters-context,Schwendler Auguste Sophie Henriette,Osmund Emanuel,1809-08-08,1809,8,1809,SchwendlerAugusteSophieHenriette,OsmundEmanuel,0.00022815465349026055,0.00019650551597925263,0.0009078267345126648,0.000170292448807003,0.000759337612274241,0.00014778303742889336,0.5036009026563328,0.39408021727247416,0.00015209123346209534,0.00025665621064149607,0.00015443738262718265,0.03890157091515807,0.0006900878640614158,0.00035443588093344626,0.0016168511749133346,0.0005237968407875628,0.03886732675295694,0.0003248032344497435,0.017352406463926738,0.0007145161147826878
681,ub0919,ub0919,FriedrichWilhelmIII._WagnerJohann_1810-01-20.xml,JP-UB0919,letters-context,Friedrich Wilhelm III. ,Wagner Johann Ernst,1810-01-20,1810,1,1809,FriedrichWilhelmIII,WagnerJohannErnst,0.0011824740999311525,0.0010184437598989957,0.3632285821391653,0.000882587346116649,0.003935475546441935,0.0007659261448124799,0.02071333146482988,0.2498112612360409,0.0007882545529722763,0.0013301912410171315,0.0008004141148302128,0.00243833242691755,0.0035765697234146827,0.0018369612141528066,0.008379774896241097,0.002714720863160016,0.0022608526593247144,0.0016833818922176082,0.32894928884234864,0.003703175836166013
682,ub0936,ub0936,KalbCharlotte_RichterCaroline_1810-10-25.xml,JP-UB0936,letters-context,Kalb Charlotte von,Richter Caroline,1810-10-25,1810,10,1809,KalbCharlottevon,RichterCaroline,0.0002995228000913556,0.0002579736221861233,0.0011918003922310205,0.00022356095008715091,0.0009968629802800564,0.0001940104595701236,0.09606137161533987,0.4870793280157272,0.00019966628521061268,0.00033693981558635737,0.00020274632393263217,0.0006176339558781183,0.041268017176662064,0.131642019020677,0.012213128358631824,0.0006876436400995609,0.0005726780139661018,0.0004264036379396888,0.002599310636084105,0.22292938229981896
683,ub0529,ub0529,RichterCaroline_RichterEmma_1820-03-21.xml,JP-UB0529,letters-context,Richter Caroline,Richter Emma,1820-03-21,1820,3,1819,RichterCaroline,RichterEmma,0.0002720695749553307,0.000234328651162644,0.03774518226027415,0.00020307012570752362,0.2667094757308642,0.00017622813106725916,0.1239193363179726,0.4057727012811291,0.0001813655632679464,0.00030605707606949363,0.00018416329628089304,0.0005610237611376711,0.0008229151103641025,0.0004226572546266181,0.0019280606605881745,0.000624616599556233,0.07384542467524942,0.000387320953524319,0.029858030433796905,0.05584597254240538
684,ub0356,ub0356,RichterCaroline_MayerAuguste_oD.xml,JP-UB0356,letters-context,Richter Caroline,Mayer Auguste,0000-00-00,0,0,0,RichterCaroline,MayerAuguste,0.00022992188377999478,0.00019802759977033865,0.0009148585389423288,0.00017161149257420626,0.18666336467985906,0.0001489277287865229,0.011773284603099593,0.583030811926944,0.00015326929505525382,0.00025864420704023444,0.00015563361691945264,0.00047411269719258204,0.0006954331163159324,0.008102937314125553,0.0016293749096984375,0.03151087828061985,0.0004396032880645882,0.023564587259030247,0.001995301852799025,0.14788941570938305
685,ub0594,ub0594,RichterCaroline_RichterOdilie_1822-09-20.xml,JP-UB0594,letters-context,Richter Caroline,Richter Odilie Minna,1822-09-20,1822,9,1819,RichterCaroline,RichterOdilieMinna,0.00017450369774009056,0.00015029690887355862,0.0006943497301339685,0.00013024788913764426,0.29452040920899275,0.00011303160422149778,0.0030567713350672394,0.5835936281972567,0.00011632672061242876,0.000196303065134775,0.00011812116880138508,0.017996214945754832,0.0005278125262933486,0.0002710896792525562,0.001236645864555338,0.00040062512065268505,0.02384881597929519,0.00024842520011033367,0.00151437325450175,0.07109200790361203
686,ub0413,ub0413,RichterCaroline_MayerJohann_1818-09-24.xml,JP-UB0413,letters-context,Richter Caroline,Mayer Johann Siegfried Wilhelm,1818-09-24,1818,9,1814,RichterCaroline,MayerJohannSiegfriedWilhelm,9.130521341256894e-05,0.1631039184601946,0.09571771161362494,6.814933705279922e-05,0.0003038793278167772,5.914129545369442e-05,0.29996640812531017,0.3145803482948375,6.086539247392671e-05,0.0001027112518977545,6.180429793537138e-05,0.0001882768194444652,0.003352114929063315,0.00014184169928000895,0.10215335343017473,0.00020961826375800563,0.0001745726477781086,0.00012998301014181354,0.019248054378130888,0.00028594221221851096
687,ub0216,ub0216,RichterCaroline_JungFranz_1813-07-17.xml,JP-UB0216,letters-context,Richter Caroline,Jung Franz Wilhelm,1813-07-17,1813,7,1809,RichterCaroline,JungFranzWilhelm,6.522391114975399e-05,0.04839688620173465,0.00025952576186991067,4.8682502769710697e-05,0.00021707630415592483,4.224760510139837e-05,0.37248706865574616,0.19395831186897095,4.34792144110778e-05,7.3371818732718e-05,4.414992185599194e-05,0.0023318006125524183,0.000197279471807866,0.002298629668214888,0.14328704378967125,0.07925272090535543,0.0001247060320247741,9.285340877698612e-05,0.07966900440115603,0.07710993794394203
688,ub0264,ub0264,RichterCaroline_MayerJohann_1802-03-23.xml,JP-UB0264,letters-context,Richter Caroline,Mayer Johann Siegfried Wilhelm,1802-03-23,1802,3,1799,RichterCaroline,MayerJohannSiegfriedWilhelm,0.00013864168601823848,0.00011940960059537188,0.0005516548847891039,0.00010348082696365125,0.0004614231847226304,8.980263676678788e-05,0.3667392897380161,0.402941663133876,9.242057838052622e-05,0.0001559610958007839,9.384625202304026e-05,0.0002858874615185864,0.00041934250961172615,0.00021537841707914266,0.0009825044964078436,0.0003182932104468977,0.0002650784694107436,0.00019737168345861477,0.0012031565175069318,0.22462539361660733
689,ub0522,ub0522,MayerJohann_RichterCaroline_1808-12-17.xml,JP-UB0522,letters-context,Mayer Johann Siegfried Wilhelm,Richter Caroline,1808-12-17,1808,12,1804,MayerJohannSiegfriedWilhelm,RichterCaroline,0.00047797394642526593,0.0004116703978205115,0.4205614808877304,0.0003567551770587944,0.0015907788408240846,0.0003095989520004082,0.008372642398202049,0.4552279475647434,0.00031862443286815266,0.0005376834528606577,0.00032353951199621004,0.0009856109092438764,0.001445703669505464,0.0007425275538888222,0.003387231971968716,0.0010973313026333056,0.0009138708982517324,0.0006804484651384154,0.004147940531857176,0.0981106391349826
690,ub0265,ub0265,RichterCaroline_Unbekannt_1801-06-09.xml,JP-UB0265,letters-context,Richter Caroline,Unbekannte Korrespondenten,1801-06-09,1801,6,1799,RichterCaroline,UnbekannteKorrespondenten,0.002265412157442948,0.0019511589095113566,0.009014068701888277,0.0016908819432192015,0.007539678161871009,0.0014673796240125894,0.19232041461777288,0.6312317069487677,0.00151015692230986,0.0025484121887319,0.0015334525016918964,0.004671415571933458,0.006852077803511918,0.003519294221780605,0.016054173133842917,0.0052009271474316296,0.00433139558906164,0.003225063284236941,0.019659638311873676,0.08341329225910755
691,ub0202,ub0202,RichterJohann+RichterCaroline_OsmundEmanuel_1802-06-22.xml,JP-UB0202,letters-context,Jean Paul + Richter Caroline,Osmund Emanuel,1802-06-22,1802,6,1799,JeanPaulANDRichterCaroline,OsmundEmanuel,0.00014061193345996166,0.00012110653942269736,0.0005594944939044088,0.00010495140078923,0.033627156237995684,9.107882880131406e-05,0.11141466864090052,0.6549932029059089,9.3733974180494e-05,0.00015817747067932805,0.15167998326197574,0.0002899502297656749,0.00042530181759835566,0.00021843917598535459,0.00099646694180305,0.0003228164992326266,0.00026884551950377044,0.00020017654731717868,0.01069430487500458,0.03359953270577118
692,ub0701,ub0701,OsmundEmanuel_GoldschmidtCaroline_1804-05-15.xml,JP-UB0701,letters-context,Osmund Emanuel,Goldschmidt Caroline,1804-05-15,1804,5,1804,OsmundEmanuel,GoldschmidtCaroline,0.00026014746593922624,0.0002240603522350024,0.0010351260466639311,0.00019417157769091202,0.0008658151503971801,0.00016850580125278745,0.013321003224766368,0.519451934517548,0.00017341811079222343,0.0002926456322259483,0.00017609324693639567,0.0005364396581853054,0.0007868549090043173,0.00040413638228382404,0.0018435728989964254,0.4300339749587599,0.0004973936344310031,0.00037034852052479465,0.028549649318795955,0.0008147085925704878
693,ub0885,ub0885,FernowCarl_WagnerJohann_1808-08-03.xml,JP-UB0885,letters-context,Fernow Carl Ludwig,Wagner Johann Ernst,1808-08-03,1808,8,1804,FernowCarlLudwig,WagnerJohannErnst,0.009993373013859028,0.014896710590199643,0.0005815323610529282,0.15766464583840145,0.0004864137370212816,9.466632278210208e-05,0.194580949042032,0.3755287597063734,9.742605139090066e-05,0.00016440790569289483,9.892893912430496e-05,0.00030137104750896864,0.11860872437297686,0.03961593338229265,0.0010357166686915137,0.005259143149053474,0.00027943504613334093,0.00020806127934597856,0.08004609940154632,0.000457702144520998
694,ub0721,ub0721,RichterCaroline_RichterOdilie_1822-04-06.xml,JP-UB0721,letters-context,Richter Caroline,Richter Odilie Minna,1822-04-06,1822,4,1819,RichterCaroline,RichterOdilieMinna,0.000249226348793054,0.00021465418967356222,0.0009916709517782023,0.00018602016042162012,0.41223823416448,0.00016143184576124632,0.1806837264816513,0.37170363057609135,0.00016613793415705226,0.00028036022625316107,0.00016870076678480553,0.017306114205540474,0.0007538223572273789,0.00038717054039865664,0.0017661788120513242,0.0005721731822769661,0.00047651280774384133,0.0003548011095094295,0.01055892660979616,0.0007805067296104465
695,ub0544,ub0544,MayerJohann_RichterCaroline_1811-04-14.xml,JP-UB0544,letters-context,Mayer Johann Siegfried Wilhelm,Richter Caroline,1811-04-14,1811,4,1809,MayerJohannSiegfriedWilhelm,RichterCaroline,0.00013929227148609143,0.00011996993820450381,0.35718937241061466,0.00010396641772756551,0.0004635884441560124,9.022404170013283e-05,0.07282848705936072,0.10920074253549204,9.285426818156504e-05,0.00015669295376783906,9.428663189385793e-05,0.00028722900772483267,0.0004213103026373425,0.00021638909483606515,0.2872337315404703,0.000319786822816887,0.0002663223680172324,0.02835370277245945,0.1138304220468866,0.02859162907156638
696,ub1063,ub1063,OsmundEmanuel_SchwendlerAuguste_1808-06-03.xml,JP-UB1063,letters-context,Osmund Emanuel,Schwendler Auguste Sophie Henriette,1808-06-03,1808,6,1804,OsmundEmanuel,SchwendlerAugusteSophieHenriette,0.0006045174759877164,0.0005206600729820862,0.0024053733631393755,0.0004512060558824909,0.002011937296795739,0.0003915652274176668,0.03095467110543075,0.4942879857641931,0.00040298020297135516,0.0006800350651633413,0.0004091965485504288,0.3270925177550608,0.0018284534959527765,0.08240060323766309,0.00428400112096818,0.001387849597977865,0.0011558180794612484,0.0008605970927110071,0.04597685296974982,0.0018931784719412638
697,ub0560,ub0560,MayerJohann_RichterCaroline_1818-08-14.xml,JP-UB0560,letters-context,Mayer Johann Siegfried Wilhelm,Richter Caroline,1818-08-14,1818,8,1814,MayerJohannSiegfriedWilhelm,RichterCaroline,0.00011154928616554497,9.607540192474505e-05,0.4213335801622424,8.325931912063629e-05,0.00037125505577933235,7.225402629481228e-05,0.01698577841648689,0.3354754207998265,7.436038785620568e-05,0.00012548425661734216,7.550746621117137e-05,0.07163095694733733,0.007853285457106845,0.00017329065572300401,0.0684335019160713,0.000256094551620068,0.00021327866740407223,0.00015880267350617806,0.05357925972094976,0.02289700483175578
698,ub0592,ub0592,RichterCaroline+RichterJohann_OsmundEmanuel_1806-12-15.xml,JP-UB0592,letters-context,Richter Caroline + Jean Paul,Osmund Emanuel,1806-12-15,1806,12,1804,RichterCarolineANDJeanPaul,OsmundEmanuel,0.0010952161550158007,0.0009432900550475961,0.0043578620483230865,0.22219552942515367,0.0036450662186882548,0.0007094063940989834,0.3143555997780655,0.4158587417074036,0.0007300871289529809,0.0012320328508736904,0.0007413494040298738,0.002258401317554837,0.003312645021867475,0.0017014069043835565,0.007761408763450681,0.002514394307549229,0.0020940182594671878,0.0015591606137716982,0.00950447511733805,0.003429908528964233
699,ub0577,ub0577,RichterCaroline+RichterJohann_UtheJohann_1818-12-16.xml,JP-UB0577,letters-context,Richter Caroline + Jean Paul,Uthe Johann Andreas,1818-12-16,1818,12,1814,RichterCarolineANDJeanPaul,UtheJohannAndreas,0.00029653065267139624,0.030224541649836636,0.001179894645931797,0.00022132763990240743,0.0009869046031762494,0.07012007760848561,0.4347520571405808,0.3123883887016331,0.00019767167591888736,0.0003335738828440727,0.00020072094593177135,0.0006114639686617986,0.0008969012974327815,0.00046065728441450633,0.012091122686620322,0.0006807742760880473,0.0005669571237986972,0.00042214398710598467,0.09248077959540686,0.04088751063355827
700,ub0982,ub0982,KalbCharlotte_RichterCaroline_1813-07-12.xml,JP-UB0982,letters-context,Kalb Charlotte von,Richter Caroline,1813-07-12,1813,7,1809,KalbCharlottevon,RichterCaroline,0.00038005725310904056,0.0003273365039080279,0.05272669790547197,0.0002836710947101689,0.001264895379903549,0.0002461751903900279,0.14749718191397895,0.4131854007859781,0.00025335173106183105,0.0004275348011428846,0.000257259917870325,0.0007837008221955478,0.0011495399896818785,0.013394027776268832,0.11792584614881176,0.11610504950332713,0.0007266573123565658,0.0005410532864330587,0.05451265368859928,0.07801190899480119
701,ub0940,ub0940,BrockhausFriedrich_LudwigErnst_1810-12-14.xml,JP-UB0940,letters-context,Brockhaus Friedrich Arnold,Ludwig Ernst Karl Friedrich,1810-12-14,1810,12,1809,BrockhausFriedrichArnold,LudwigErnstKarlFriedrich,0.00026244756026250654,0.0002260413822726669,0.0010442781156076565,0.00019588834607063395,0.0008734702567240812,0.0266945014482369,0.03112178476895464,0.24995810984094205,0.0001749513873542191,0.00029523305914931077,0.00017765017571978435,0.0005411825904607354,0.0007938118882042179,0.0004077095548894693,0.3289954444179512,0.0006025264040637799,0.13312432035429395,0.0003736229576853447,0.09069258463790728,0.13344444085324958
702,ub0607,ub0607,MayerJohann_RichterCaroline_1805-01-14.xml,JP-UB0607,letters-context,Mayer Johann Siegfried Wilhelm,Richter Caroline,1805-01-14,1805,1,1804,MayerJohannSiegfriedWilhelm,RichterCaroline,0.00029653065267139624,0.00025539653921345364,0.2509227705677917,0.00022132763990240743,0.02096633467692504,0.000192072350364845,0.01518402559185618,0.3723266789228795,0.00019767167591888736,0.0003335738828440727,0.00020072094593177135,0.0006114639686617986,0.04085576144493036,0.00046065728441450633,0.0021014076497459268,0.01067048931296244,0.0005669571237986972,0.03039128909772917,0.2423265051485228,0.010918365522935092
703,ub0333,ub0333,SchwendlerAuguste_OsmundEmanuel_1808-06-30.xml,JP-UB0333,letters-context,Schwendler Auguste Sophie Henriette,Osmund Emanuel,1808-06-30,1808,6,1804,SchwendlerAugusteSophieHenriette,OsmundEmanuel,6.493853162917984e-05,0.0022436213461733408,0.0002583902375477181,4.8469498228034695e-05,0.00021612651242286247,4.20627556945365e-05,0.4846172249884924,0.2631157806502801,4.328897624312915e-05,7.30507890047472e-05,4.395674908682572e-05,0.09639230903740877,0.0001964162987768224,0.00010088133339561862,0.028900178738610314,0.00889984951518265,0.11388408990804777,9.244713965246807e-05,0.0005635478030518144,0.0002033691910708933
704,ub0367,ub0367,RichterCaroline+RichterJohann_OsmundEmanuel_1807-03-10.xml,JP-UB0367,letters-context,Richter Caroline + Jean Paul,Osmund Emanuel,1807-03-10,1807,3,1804,RichterCarolineANDJeanPaul,OsmundEmanuel,0.0010562445901136023,0.0009097245443184783,0.004202794299483498,0.0007883708486238382,0.039098808194329315,0.0006841632699877763,0.1252525143080341,0.7568955145570501,0.0007041081130300099,0.0011881928764635508,0.0007149696375499504,0.0021780396162420688,0.003194769696639287,0.001640864983690033,0.007485231093890152,0.0024249234935025178,0.037602951866397095,0.0015036803062778055,0.0091662731403125,0.003307860564064368
705,ub0997,ub0997,KalbCharlotte_RichterCaroline_1820-01-17.xml,JP-UB0997,letters-context,Kalb Charlotte von,Richter Caroline,1820-01-17,1820,1,1819,KalbCharlottevon,RichterCaroline,0.0009246374439198686,0.0007963736668599977,0.1282782496027333,0.0006901405348301779,0.00307735116573216,0.0005989171287659024,0.20309550110599456,0.4756883200223577,0.0006163768619210522,0.0010401450899349843,0.0006258850500464093,0.0019066577972263762,0.0027967042045588053,0.09488575448122108,0.03770235783167849,0.0021227801606938912,0.0017678772195679848,0.0013163230636947618,0.03917394351881427,0.0028957040494482942
706,ub1315,ub1315,GoldschmidtCaroline_OsmundEmanuel_1810-03-20.xml,JP-UB1315,letters-context,Goldschmidt Caroline,Osmund Emanuel,1810-03-20,1810,3,1809,GoldschmidtCaroline,OsmundEmanuel,0.0015538744621382025,0.0013383242387492464,0.006182862182408939,0.001159797020346442,0.00517155931647176,0.0010064939911811801,0.027219130457806055,0.6947093063703803,0.0010358354737740976,0.0017479877143159312,0.001051814202308564,0.003204182221505948,0.004699925652151153,0.002413927813536571,0.06335967830664509,0.003567380817341988,0.002970958273154954,0.0022121111426416217,0.17052855317776586,0.0048662971653761255
707,ub1000,ub1000,KalbCharlotte_RichterCaroline_1820-04-15.xml,JP-UB1000,letters-context,Kalb Charlotte von,Richter Caroline,1820-04-15,1820,4,1819,KalbCharlottevon,RichterCaroline,0.0005198258910459422,0.00044771672800317507,0.002068385781154006,0.0003879930677954578,0.001730069252880724,0.0003367077898160412,0.18422804463501316,0.4250393129054829,0.0003465235520961448,0.0005847636300562505,0.00035186900116593664,0.0010719121260773738,0.14167011841901503,0.0008075441145133043,0.23134279121018125,0.001193414884702615,0.0009938904777918476,0.0007400293098542893,0.004511138941995392,0.0016279482813592965
708,ub1049,ub1049,WagnerJohann_GoeschenGeorg_1806-05-10.xml,JP-UB1049,letters-context,Wagner Johann Ernst,Göschen Georg Joachim,1806-05-10,1806,5,1804,WagnerJohannErnst,GöschenGeorgJoachim,0.00023539174488271207,0.00020273869315318824,0.0009366231011248382,0.03189580715445362,0.016643480392111124,0.00015247073207708792,0.03584345679912513,0.33521023202700023,0.000156915584575332,0.047844966889536315,0.00015933615385707402,0.00048539187844337403,0.29412302287090913,0.0003656786271314277,0.0016681378769018164,0.0005404117357715863,0.016310117992510153,0.008265134282233908,0.20822350481751092,0.0007371806466910075
709,ub0260,ub0260,HeimJohanna_RichterCaroline_1805-06-03.xml,JP-UB0260,letters-context,Heim Johanna,Richter Caroline,1805-06-03,1805,6,1804,HeimJohanna,RichterCaroline,0.00014472533884028982,0.00012464934179086265,0.034705062748570666,0.00010802160717965931,0.01023287091240262,9.37432125076372e-05,0.0025351455181413947,0.6156469108835453,9.647603045001664e-05,0.00016280473127470502,9.79642632241144e-05,0.10268603539620408,0.09307414621220923,0.034354030334503384,0.015652417627742703,0.0003322600442584853,0.01977911080534232,0.00020603243213782559,0.05488755312070501,0.015080039438969732
710,ub0896,ub0896,Uthe-SpazierWilhelmine_KindJohann_1809-02-28.xml,JP-UB0896,letters-context,Uthe-Spazier Wilhelmine,Kind Johann Friedrich,1809-02-28,1809,2,1809,UtheSpazierWilhelmine,KindJohannFriedrich,0.00036599892746593736,0.049635255861681424,0.1000963638026214,0.01260318498051086,0.001218106873672781,0.00023706916501241719,0.10505123745186497,0.1882915472232861,0.00024398024529652916,0.00041172028001729616,0.000247743868194248,0.12405478056713044,0.11207708045080092,0.0005685755266991457,0.00259370469476566,0.0008402593548085486,0.0006997782433624007,0.06217107414145988,0.23744633278442945,0.0011462055569195554
711,ub0722,ub0722,RichterCaroline_OsmundEmanuel_1807-11-11.xml,JP-UB0722,letters-context,Richter Caroline,Osmund Emanuel,1807-11-11,1807,11,1804,RichterCaroline,OsmundEmanuel,0.0007050240147707393,0.0006072245544016588,0.002805288602669903,0.0005262231740900211,0.0023464402052832353,0.000456666514442058,0.32111678791341003,0.6002191691027133,0.0004699793336954995,0.0007930970912676843,0.00047722920337081386,0.001453801750982268,0.0021324505506345602,0.04859785091926518,0.004996255343408309,0.0016185922398117615,0.0013479833670564266,0.0010036792011873432,0.006118320273880175,0.002207936643659056
712,ub0494,ub0494,RichterCaroline_VossErnestine_1818-09-08.xml,JP-UB0494,letters-context,Richter Caroline,Voß Ernestine,1818-09-08,1818,9,1814,RichterCaroline,VoßErnestine,5.152480897801097e-05,0.039967796949759785,0.0002050170722592484,3.8457624076263236e-05,0.03488750035908321,3.337426021003346e-05,0.2265566676714817,0.25910473041136045,0.013920753993936106,5.796139602687411e-05,3.4877029756788455e-05,0.2361751628708409,0.00015584448894585392,8.004325478651012e-05,0.16700201968161588,0.0001182905180849922,0.0070417171876502515,7.335123064311088e-05,0.014333548000790371,0.00016136118971362602
713,ub0373,ub0373,SpazierRichard_RichterCaroline_1823-11-17.xml,JP-UB0373,letters-context,Spazier Richard Otto,Richter Caroline,1823-11-17,1823,11,1819,SpazierRichardOtto,RichterCaroline,0.00013013244246273445,0.00011208074155222805,0.0005177966282425377,9.712960904898422e-05,0.0004331029704081228,8.429092863540716e-05,0.2433987131456721,0.4176666661855,8.674819200405795e-05,0.02206631527447249,8.8086363794833e-05,0.08356406126764783,0.00039360503014257815,0.00020215939572878014,0.13682574627434232,0.00029875771194322505,0.0002488090678886104,0.026489169537385136,0.0668890910752459,0.0004075381578821221
714,ub0495,ub0495,RichterCaroline_OsmundEmanuel_1804-07-12.xml,JP-UB0495,letters-context,Richter Caroline,Osmund Emanuel,1804-07-12,1804,7,1804,RichterCaroline,OsmundEmanuel,0.00012788977489875043,0.00011014917215362525,0.0005088730602150462,0.09918941143705697,0.10382802758172097,8.283828140915646e-05,0.10995105935295794,0.6129650553575806,8.525319696085442e-05,0.00014386603342591206,8.656830705837744e-05,0.00026371637672653093,0.0003868217467628438,0.00019867543499634883,0.031065339518489537,0.00029360900177237724,0.0002445211592347889,0.0001820651558261422,0.03988574529603232,0.0004005147547209176
715,ub0231,ub0231,RichterCaroline_ReitzensteinAnna_1825-11-20.xml,JP-UB0231,letters-context,Richter Caroline,Reitzenstein Anna Margaretha Fanny von,1825-11-20,1825,11,1824,RichterCaroline,ReitzensteinAnnaMargarethaFannyvon,0.00016036261901587948,0.005540516333304628,0.0006380824170448008,0.00011969312337731621,0.016740910802202198,0.00010387197703697393,0.516036956675174,0.2769863983811248,0.00010690007043129771,0.00018039545323987225,0.00010854910374690082,0.08136666055977089,0.00048504071926232646,0.0002491216605499312,0.07136761851985103,0.000368160070092644,0.016513804845244926,0.0002282938197594688,0.012196452293278141,0.000502210556492085
716,ub0246,ub0246,RichterCaroline_OsmundEmanuel_1809-06-14.xml,JP-UB0246,letters-context,Richter Caroline,Osmund Emanuel,1809-06-14,1809,6,1809,RichterCaroline,OsmundEmanuel,0.00046306125035553634,0.0003988263598357721,0.0018425194330194247,0.0003456244834999308,0.07954067056945575,0.0002999395236796415,0.6945072263340248,0.20702635114990656,0.00030868341126375523,0.0005209078315653923,0.00031344514085938815,0.0009548600366440416,0.0014005979904376643,0.0007193608356662942,0.0032815509797443037,0.0010630947750435544,0.0008853583003276744,0.0006592186026582233,0.004018525577486708,0.0014501774145254296
717,ub0803,ub0803,SpazierJohann_FalkJohannes_1804-08-01.xml,JP-UB0803,letters-context,Spazier Johann Karl Gottlieb,Falk Johannes Daniel,1804-08-01,1804,8,1804,SpazierJohannKarlGottlieb,FalkJohannesDaniel,0.025051327372749992,0.024951148534569017,0.002873538891904261,0.000539025737006109,0.0024035271026988125,0.00046777682290181975,0.012650327254075664,0.24988473089740945,0.0004814135317414192,0.0008123924699386812,0.0004888397845887823,0.0014891715129024931,0.002184331261489143,0.001121893914145791,0.00511780999270599,0.0016579712143723474,0.0013807786575649127,0.6579151673701954,0.0062671738099916935,0.002261653867048281
718,ub0024,ub0024,RichterCaroline_MayerJohann_1801-07-04.xml,JP-UB0024,letters-context,Richter Caroline,Mayer Johann Siegfried Wilhelm,1801-07-04,1801,7,1799,RichterCaroline,MayerJohannSiegfriedWilhelm,4.6664764685101846e-05,4.0191525889204744e-05,0.0017577515267879905,3.483013355047686e-05,0.00015530829834613553,3.0226254694223426e-05,0.3152319354880637,0.3289891976811823,3.1107415569231566e-05,5.249422482222836e-05,0.004747804948415654,0.11171337710936456,0.00014114455828903436,7.249322653163454e-05,0.08522261474500434,0.00010713284144868333,8.922153757212712e-05,6.643242323875836e-05,0.033418488598207334,0.11805158269833728
719,ub1085,ub1085,Uthe-SpazierWilhelmine_KindJohann_1810-05-02.xml,JP-UB1085,letters-context,Uthe-Spazier Wilhelmine,Kind Johann Friedrich,1810-05-02,1810,5,1809,UtheSpazierWilhelmine,KindJohannFriedrich,0.00040605191026088375,0.00034972523645493934,0.11105037933753363,0.00030307325791204643,0.02871008501157775,0.00026301275794367887,0.03447146316450301,0.22257651367828826,0.00027068015022474267,0.000456776765308221,0.00027485564406485127,0.0008373033623811076,0.0012281647170608884,0.0006307974188401491,0.002877545989694834,0.0009322128851493492,0.0007763582654289423,0.014257397027818532,0.5780559632014769,0.0012716402180772536
720,ub0144,ub0144,RichterJohann+RichterEmma_RichterCaroline_1822-04-04.xml,JP-UB0144,letters-context,Jean Paul + Richter Emma,Richter Caroline,1822-04-04,1822,4,1819,JeanPaulANDRichterEmma,RichterCaroline,0.0001201264253287729,0.00010346273823856654,0.008571775019032134,8.966121366681473e-05,0.2391666742434451,7.780971257427819e-05,0.002104247751104977,0.5393339011205576,8.007803443914976e-05,0.00013513286996842956,8.13133128267635e-05,0.17021734629534185,0.00036334033518191985,0.00018661515219371586,0.0008512934054148342,0.004322682077307878,0.00022967788315662958,0.00017101317414652958,0.0050893740372407285,0.028704475198833426
721,ub0449,ub0449,RichterCaroline_OsmundEmanuel_1804-01-08.xml,JP-UB0449,letters-context,Richter Caroline,Osmund Emanuel,1804-01-08,1804,1,1804,RichterCaroline,OsmundEmanuel,0.00013364790515860966,0.0001151085465975819,0.0005317846445756507,9.975351674497962e-05,0.00044480303003298165,8.656800581624397e-05,0.07888218235267197,0.4559642204759154,0.009093924546153079,0.040672091509913036,9.046597275379576e-05,0.2749229932907666,0.013911487415557255,0.00020762063045899525,0.08199061139824325,0.00030682850175985517,0.0002555305201260751,0.018199928277807715,0.005662236071574174,0.018428213387372883
722,ub0818,ub0818,OsmundEmanuel_SchwendlerAuguste_1811-09-04.xml,JP-UB0818,letters-context,Osmund Emanuel,Schwendler Auguste Sophie Henriette,1811-09-04,1811,9,1809,OsmundEmanuel,SchwendlerAugusteSophieHenriette,0.0005108792568104192,0.0004400111522025738,0.002032787148302711,0.00038131538566519684,0.001700293327759902,0.00033091276980717953,0.14663567045949455,0.5381998333674771,0.000340559594686558,0.0005746993635345822,0.00034581304414941263,0.0010534636303602015,0.07038854450753779,0.0007936456112912679,0.020831248697211133,0.19049198819411348,0.0009767847992788333,0.017938121244013474,0.004433498503543105,0.0015999299427606464
723,ub0250,ub0250,RichterCaroline_MayerJohann+MayerJulie_1803-03-09.xml,JP-UB0250,letters-context,Richter Caroline,Mayer Johann Siegfried Wilhelm + Mayer Julie Henriette,1803-03-09,1803,3,1799,RichterCaroline,MayerJohannSiegfriedWilhelmANDMayerJulieHenriette,0.00014615048145792732,0.0001258767915979946,0.03997042249065733,0.00010908531998386504,0.0004864137370212816,9.466632278210208e-05,0.293053174366043,0.3558343146415712,9.742605139090066e-05,0.00016440790569289483,9.892893912430496e-05,0.010148593579910069,0.0004420539841636583,0.00022704325268824307,0.1388968321223069,0.00033553188285292415,0.00027943504613334093,0.00020806127934597856,0.0012683191423375287,0.15801326266293858
724,ub0787,ub0787,SchwendlerAuguste_OsmundEmanuel_1816-01-30.xml,JP-UB0787,letters-context,Schwendler Auguste Sophie Henriette,Osmund Emanuel,1816-01-30,1816,1,1814,SchwendlerAugusteSophieHenriette,OsmundEmanuel,0.00017978839107552532,0.00015484852057546966,0.0007153775102831618,0.00013419233364279942,0.0005983664391914084,0.00011645466845027151,0.00920616977238642,0.5891536022031223,0.0001198495745869566,0.00020224793342970532,0.00012169836608501054,0.00037073443212693743,0.0005437968714744802,0.0002792993953777979,0.0012740966134124902,0.00041275770542045526,0.2789577808496045,0.00025594854211614325,0.02578754179733725,0.09141544808030104
725,ub0298,ub0298,RichterCaroline_MahlmannErnestine_1805-02-16.xml,JP-UB0298,letters-context,Richter Caroline,Mahlmann Ernestine,1805-02-16,1805,2,1804,RichterCaroline,MahlmannErnestine,0.00023727332908592374,0.00020435926792146183,0.02492435872745281,0.0001770985409611936,0.0007896861203935805,0.00015368949410746974,0.2359653752031291,0.673613190261236,0.00015816987616198804,0.000266914010290329,0.00016060979406160782,0.0004892718177815245,0.0007176686618606981,0.00036860164861888666,0.057635385882664016,0.0005447314717324403,0.00045365901636405576,0.0003377846717426532,0.0020590989659685856,0.0007430732384657035
726,ub0179,ub0179,SpazierRichard_RichterCaroline_1825-03-29.xml,JP-UB0179,letters-context,Spazier Richard Otto,Richter Caroline,1825-03-29,1825,3,1824,SpazierRichardOtto,RichterCaroline,7.998749213199915e-05,6.889179410910359e-05,0.0057076100035074896,5.9701898255038144e-05,0.0002662120204789496,0.14286932028219326,0.06337854627282324,0.4642134976739203,5.3320833714288956e-05,8.99796971714703e-05,5.414335731839737e-05,0.06483701892565465,0.00024193412999729547,0.00012425973699752937,0.16224704282406655,0.0001836350696351223,0.00015293352667079474,0.0001138709895352004,0.09231292517811214,0.002945168293707076
727,ub0486,ub0486,RichterCaroline_Unbekannt_1802-03-30.xml,JP-UB0486,letters-context,Richter Caroline,Unbekannte Korrespondenten,1802-03-30,1802,3,1799,RichterCaroline,UnbekannteKorrespondenten,0.0005108792568104192,0.0004400111522025738,0.002032787148302711,0.00038131538566519684,0.001700293327759902,0.00033091276980717953,0.5252738963960208,0.2628265781409125,0.000340559594686558,0.0005746993635345822,0.00034581304414941263,0.1215292627919822,0.0015452307008966412,0.0007936456112912679,0.003620420245550846,0.0011728752258503405,0.0009767847992788333,0.0007272927923531866,0.004433498503543105,0.07044324374940178
728,ub1289,ub1289,OsmundEmanuel_GoldschmidtCaroline_1808-03-11.xml,JP-UB1289,letters-context,Osmund Emanuel,Goldschmidt Caroline,1808-03-11,1808,3,1804,OsmundEmanuel,GoldschmidtCaroline,0.00045594849723008417,0.0003927002729838565,0.001814217808027368,0.0003403155926709973,0.001517474388141287,0.00029533236688804846,0.2537513958672882,0.6800152255043532,0.00030394194586029987,0.0005129065384228662,0.00030863053392867715,0.031660764614661434,0.0013790844050829436,0.00070831124767273,0.0032311454189905453,0.016407051086034997,0.0008717589438430503,0.000649092816549337,0.003956799876320755,0.0014279022750493743
729,ub0887,ub0887,WagnerJohann_MuellerFriedrich_1808-08-10.xml,JP-UB0887,letters-context,Wagner Johann Ernst,Müller Friedrich Theodor Adam Heinrich von,1808-08-10,1808,8,1804,WagnerJohannErnst,MüllerFriedrichTheodorAdamHeinrichvon,0.00030569197997852636,0.00026328702631070363,0.0012163475419205644,0.0002281655668856511,0.0010173950634681584,0.00019800643391570168,0.1804267001401784,0.3941280754449338,0.0002037787508743008,0.00034387966234549703,0.00020692222821578368,0.0006303551743532225,0.39226182423037775,0.00047488931109004786,0.0021663307297432035,0.0007018068267175721,0.0005844732885979731,0.00043518614379964895,0.002652847845577834,0.021554036610715716
730,ub0906,ub0906,AdelheidLouise_WagnerJohann_1809-08-19.xml,JP-UB0906,letters-context,Adelheid Louise Theresa Caroline Amelia,Wagner Johann Ernst,1809-08-19,1809,8,1809,AdelheidLouiseTheresaCarolineAmelia,WagnerJohannErnst,0.0005108792568104192,0.0004400111522025738,0.002032787148302711,0.00038131538566519684,0.001700293327759902,0.00033091276980717953,0.21547898426613568,0.5037781764641566,0.000340559594686558,0.0005746993635345822,0.00034581304414941263,0.0010534636303602015,0.08759937295919806,0.0007936456112912679,0.003620420245550846,0.0011728752258503405,0.0009767847992788333,0.0007272927923531866,0.17654178302014595,0.0015999299427606464
731,ub1290,ub1290,OsmundEmanuel_GoldschmidtCaroline_1808-07-06.xml,JP-UB1290,letters-context,Osmund Emanuel,Goldschmidt Caroline,1808-07-06,1808,7,1804,OsmundEmanuel,GoldschmidtCaroline,0.00015371900784655183,0.0001323954277969391,0.0265045707221916,0.0001147343956124466,0.010868772370346452,0.01563532262779255,0.033764194964634515,0.5089046965356379,0.00010247134192662696,0.020887260480724708,0.00010405205797339666,0.00031697780229407457,0.00046494612390185285,0.000238800879705194,0.08912529106606361,0.2385678012688797,0.0002939058265198942,0.0002188359088064661,0.0531198465538572,0.0004814046374883882
732,ub0301,ub0301,SpazierJohann_FalkJohannes_1803-04-10.xml,JP-UB0301,letters-context,Spazier Johann Karl Gottlieb,Falk Johannes Daniel,1803-04-10,1803,4,1799,SpazierJohannKarlGottlieb,FalkJohannesDaniel,0.0002513365952953062,0.00021647170718383377,0.06027038789911907,0.00018759522820550068,0.009303679681436314,0.00016279871964725202,0.02980421466108725,0.3071134064297409,0.00016754465538112892,0.00028273408916808365,0.00017012918799612175,0.0005182711151265637,0.009227393725070268,0.00039044878638913084,0.10338739672234884,0.0005770178805298988,0.0004805475315629298,0.3813812928068249,0.0868530285388194,0.009254304039067287
733,ub1010,ub1010,RichterMax_RichterCaroline_1821-04-17.xml,JP-UB1010,letters-context,Richter Max,Richter Caroline,1821-04-17,1821,4,1819,RichterMax,RichterCaroline,0.2932292783587795,0.00019207648924853967,0.015913327641567342,0.08280924723106042,0.0007422229447004644,0.00014445216389154383,0.08654928655329687,0.437788933772619,0.0001486632577375776,0.0002508714507996671,0.00015095652717908752,0.0004598646981053161,0.0006745340126530345,0.00034644727062317003,0.07671022087042045,0.0005119910133646011,0.00042639236314274585,0.0003174825126856185,0.0019353391917147707,0.0006984116764104245
734,ub0705,ub0705,HeineJohann_RichterCaroline_1822-03-14.xml,JP-UB0705,letters-context,Heine Johann Georg,Richter Caroline,1822-03-14,1822,3,1819,HeineJohannGeorg,RichterCaroline,0.0005290914615710959,0.00045569699791673694,0.10905149086149438,0.00039490880091851567,0.0017609066523871474,0.0003427093950201062,0.009268064999792802,0.3791422534154942,0.00035270011710738955,0.0005951866750568163,0.0003581408454547202,0.0010910182875287651,0.0016003162373557124,0.1612412941832573,0.0037494836865747186,0.0012146867566321393,0.0010116059522899136,0.0007532198682301697,0.32543025936732906,0.0016569654385883961
735,ub0093,ub0093,RichterCaroline+RichterJohann_OsmundEmanuel_1809-01-04.xml,JP-UB0093,letters-context,Richter Caroline + Jean Paul,Osmund Emanuel,1809-01-04,1809,1,1809,RichterCarolineANDJeanPaul,OsmundEmanuel,0.0018433631451593184,0.0015876556556499632,0.0073347368506004,0.0013758686015280398,0.006135027043221644,0.0011940050334662631,0.15649088983804044,0.7620340852112752,0.001228812869590741,0.0020736399299126143,0.0012477684544881266,0.00380112522691904,0.005575527459433695,0.0028636454713499037,0.01306326135123083,0.004231988158417701,0.0035244513762096477,0.002624230111698148,0.01599702402593942,0.005772894185868782
736,ub1094,ub1094,WagnerJohann_CottaJohann_1811-03-05.xml,JP-UB1094,letters-context,Wagner Johann Ernst,Cotta von Cottendorf Johann Friedrich Freiherr,1811-03-05,1811,3,1809,WagnerJohannErnst,CottavonCottendorfJohannFriedrichFreiherr,0.0003952387030456404,0.00034041201478395266,0.0015726537050635321,0.000295002383581973,0.001315421835399276,0.00025600869915210617,0.006923373851816691,0.2965396078619467,0.0002634719079299268,0.0004446127496009362,0.00026753620790792527,0.0008150058813678308,0.4405922808403215,0.0006139992139102011,0.002800916622188666,0.0009073879530628008,0.06733095986291418,0.0005626657495917598,0.1765256676577865,0.0012377762986279595
737,ub1300,ub1300,OsmundEmanuel_GoldschmidtCaroline_1809-04-27.xml,JP-UB1300,letters-context,Osmund Emanuel,Goldschmidt Caroline,1809-04-27,1809,4,1809,OsmundEmanuel,GoldschmidtCaroline,0.0002771500990852726,0.00023870441558527017,0.001102779476874378,0.0002068621802725988,0.0009224028143259583,0.00017951894839738063,0.004854822501565099,0.3760027049076528,0.00018475231505992682,0.00031177226991417785,0.00018760229187883283,0.0005715001062284396,0.010175092418186376,0.000430549796014894,0.076658548558091,0.4114559425821889,0.103234817657446,0.00039455363821806153,0.0024051564693051354,0.010204766553709405
738,ub0794,ub0794,FoersterErnst_RichterEmma_1826-01-28d.xml,JP-UB0794,letters-context,Förster Ernst Joachim,Richter Emma,1826-01-28d,1826,1,1824,FörsterErnstJoachim,RichterEmma,0.0010952161550158007,0.0009432900550475961,0.0043578620483230865,0.5542626352856073,0.0036450662186882548,0.0007094063940989834,0.01918483901321781,0.15758432603816194,0.0007300871289529809,0.0012320328508736904,0.0007413494040298738,0.002258401317554837,0.003312645021867475,0.0017014069043835565,0.007761408763450681,0.03941073940315518,0.0020940182594671878,0.0015591606137716982,0.00950447511733805,0.187911634006994
739,ub0610,ub0610,MayerJohann_RichterCaroline_1812-12-29.xml,JP-UB0610,letters-context,Mayer Johann Siegfried Wilhelm,Richter Caroline,1812-12-29,1812,12,1809,MayerJohannSiegfriedWilhelm,RichterCaroline,0.00013486231779420994,0.00011615449844611849,0.409436169214976,0.004643988302995931,0.05042545676563899,8.735461956808094e-05,0.011449032260766216,0.3147209032950408,0.040979856438760134,0.00015170960098286442,9.12880059931024e-05,0.00027809417784797815,0.004951239605599789,0.00020950720785608556,0.1599722140632187,0.00030961654702743536,0.0002578524382440908,0.00019199133725676334,0.0011703585067398068,0.0004223507952469639
740,ub0204,ub0204,RichterMax_RichterCaroline_1819-11-11.xml,JP-UB0204,letters-context,Richter Max,Richter Caroline,1819-11-11,1819,11,1819,RichterMax,RichterCaroline,0.0006438544861095871,0.08731687378705504,0.002561895217496179,0.00048056682358949357,0.002142857577767453,0.000417045062039709,0.4667806129873016,0.417999253230904,0.00042920283002989817,0.0007242861369753676,0.00043582368409496,0.0013276665186905555,0.0019474341648906685,0.0010002212467997917,0.004562768571292568,0.0014781594001785194,0.0012310291846762314,0.0009165976516551676,0.005587480530112125,0.00201637090834119
741,ub0473,ub0473,RichterEmma+RichterJohann+RichterOdilie_SpazierRichard_1824-06-04.xml,JP-UB0473,letters-context,Richter Emma + Jean Paul + Richter Odilie Minna,Spazier Richard Otto,1824-06-04,1824,6,1824,RichterEmmaANDJeanPaulANDRichterOdilieMinna,SpazierRichardOtto,0.00014402313959974663,0.00982793256549037,0.000573067673689509,0.00010749749239000583,0.05385071766466712,0.16505938463623948,0.06559811723365816,0.685438986658396,9.600793415219156e-05,0.00016201481183437748,9.748894610419904e-05,0.00029698434116483567,0.0052875635282883145,0.00022373844924015982,0.0010206409508386294,0.00033064793712775945,0.0002753676365404876,0.00020503277431333018,0.010953745717276591,0.0004510399089887882
742,ub1392,ub1392,RichterCaroline_GablerGeorg_1825-11-18.xml,JP-UB1392,letters-context,Richter Caroline,Gabler Georg Andreas,1825-11-18,1825,11,1824,RichterCaroline,GablerGeorgAndreas,0.0009543657262789707,0.0008219781039152414,0.003797418582372375,0.03286361484890658,0.003176291961364622,0.0006181730843090553,0.2417765679360593,0.07301560065101835,0.0006361941703280371,0.0010735870915880136,0.03279729346769245,0.0019679592962418557,0.29224819051856377,0.0014825972284664133,0.1996709641427529,0.0021910302715004324,0.0018247167446219762,0.0013586445422057573,0.10473600697501252,0.002988804656801433
743,ub0039,ub0039,LangermannJohann_RichterCaroline_1820-01-24.xml,JP-UB0039,letters-context,Langermann Johann Gottfried,Richter Caroline,1820-01-24,1820,1,1819,LangermannJohannGottfried,RichterCaroline,0.0005697103828038164,0.0004906813471432457,0.040652414437835585,0.0004252263748044852,0.0018960933522425855,0.0003690195643067154,0.009979584329718206,0.6385626428847692,0.0003797772848866909,0.0006408797970004388,0.019578404904857585,0.0011747769362754215,0.0017231742381247546,0.0008850391535609037,0.004037335586652839,0.0013079395669185884,0.17382419083999642,0.0008110453685845168,0.10090789118998204,0.0017841724595361692
744,ub0761,ub0761,RichterCaroline_RichterMax_1821-06-19.xml,JP-UB0761,letters-context,Richter Caroline,Richter Max,1821-06-19,1821,6,1819,RichterCaroline,RichterMax,0.00037525266331075015,0.000323198396782275,0.0014931293082966679,0.00028008499488819456,0.14030818437245854,0.012884815785163794,0.42375111799335935,0.3447532497347538,0.00025014892113653364,0.0004221300119244667,0.0002540077016139649,0.000773793470225732,0.0011350077894358068,0.0005829511090767438,0.06586804604455533,0.0008615040567107277,0.0007174710903301707,0.0005342134245989209,0.003256507480115104,0.0011751856512630756
745,ub0992,ub0992,KalbCharlotte_RichterCaroline_1817-05-22.xml,JP-UB0992,letters-context,Kalb Charlotte von,Richter Caroline,1817-05-22,1817,5,1814,KalbCharlottevon,RichterCaroline,0.04472310116189539,0.011382156583867,0.0013108442512043631,0.00024589150005810824,0.01219485044908748,0.00021338933705579424,0.027967626854023923,0.6467157558002559,0.00021961009900131666,0.0003705952969493736,0.00022299778965703803,0.011777741854588243,0.0009964431262496434,0.0005117829419196075,0.05782670597636831,0.0007563294309832918,0.0006298803787044577,0.033764240508936866,0.10274468038101794,0.045425376278175986
746,ub0156,ub0156,RichterCaroline+RichterJohann_RichterMax_1820-07-20.xml,JP-UB0156,letters-context,Richter Caroline + Jean Paul,Richter Max,1820-07-20,1820,7,1819,RichterCarolineANDJeanPaul,RichterMax,0.013002211187901824,0.00016377619706007694,0.0007566220694977861,0.00014192909300624138,0.11594137988760285,0.000123168775896584,0.2595720606525664,0.4629701003310593,0.05137498833532568,0.0002139083878701518,0.00012871479502520668,0.08367048084961691,0.0005751490763507264,0.00029540219464906466,0.0013475537076902285,0.00043655494446948257,0.0003635682845109538,0.0002707050652797349,0.008056217527450641,0.0005955086371702933
747,ub0771,ub0771,RichterCaroline_RichterMax_1820-08-04.xml,JP-UB0771,letters-context,Richter Caroline,Richter Max,1820-08-04,1820,8,1819,RichterCaroline,RichterMax,0.00021650587051277387,0.0001864726278724182,0.0008614762592989304,0.000161597908728546,0.1174211891090308,0.00014023774959703042,0.18613724074391516,0.366666063386187,0.00014432598412671924,0.00024355223729775479,0.00014655234707645293,0.0004464480741861877,0.0006548543781742128,0.02221770598660553,0.0015343003780948778,0.0004970535961099434,0.000413952299789667,0.0003082199111179128,0.19151738390060646,0.11008486725167177
748,ub0226,ub0226,Uthe-SpazierWilhelmine_FalkJohannes_1809-11-25.xml,JP-UB0226,letters-context,Uthe-Spazier Wilhelmine,Falk Johannes Daniel,1809-11-25,1809,11,1809,UtheSpazierWilhelmine,FalkJohannesDaniel,0.0002317167048506372,0.0001995734470067707,0.039953105847245915,0.0001729511298361004,0.039802298447156124,0.0001500902915719111,0.0040589683222565735,0.4626825410738928,0.2733722057906986,0.0002606632409180171,0.00015684852735057373,0.016090256013847296,0.0007008618210127881,0.0003599694906693492,0.00944831531461672,0.016144416876828275,0.0004430349285468704,0.07058586450262211,0.009817098764357716,0.055369219464714944
749,ub0124,ub0124,SchwendlerAuguste_RichterCaroline_1808-08-12.xml,JP-UB0124,letters-context,Schwendler Auguste Sophie Henriette,Richter Caroline,1808-08-12,1808,8,1804,SchwendlerAugusteSophieHenriette,RichterCaroline,0.00013994899157348568,0.0001205355594515535,0.0005568566499737051,0.00010445658731276704,0.0004657741206498552,9.06494202219864e-05,0.5729291491491099,0.25115633513263075,0.004807983540252983,0.00015743171270395675,9.473116427513676e-05,0.00028858320388405084,0.000423296650737034,0.00021740930266063278,0.1424325136928841,0.0003212945190299451,0.014411652474349522,0.00019923277665247568,0.0012145015411022292,0.009867663810544032
750,ub0212,ub0212,RichterEmma_FoersterErnst_1826-01-28f.xml,JP-UB0212,letters-context,Richter Emma,Förster Ernst Joachim,1826-01-28f,1826,1,1824,RichterEmma,FörsterErnstJoachim,0.0015538744621382025,0.0013383242387492464,0.006182862182408939,0.001159797020346442,0.00517155931647176,0.0010064939911811801,0.13191497178142692,0.38062178239951777,0.0010358354737740976,0.0017479877143159312,0.001051814202308564,0.003204182221505948,0.2664395289612033,0.002413927813536571,0.11570759896845548,0.055915301479152406,0.002970958273154954,0.0022121111426416217,0.013484791192334564,0.0048662971653761255
751,ub0924,ub0924,WagnerJohann_CalmbergJohann_1810-03-30.xml,JP-UB0924,letters-context,Wagner Johann Ernst,Calmberg Johann Erhart Wilhelm,1810-03-30,1810,3,1809,WagnerJohannErnst,CalmbergJohannErhartWilhelm,0.00014615048145792732,0.0001258767915979946,0.0005815323610529282,0.00010908531998386504,0.0004864137370212816,9.466632278210208e-05,0.2438170617040375,0.4001468160373761,9.742605139090066e-05,0.09371302196350337,9.892893912430496e-05,0.00030137104750896864,0.2072337271645868,0.00022704325268824307,0.04042460679829592,0.00033553188285292415,0.00027943504613334093,0.00020806127934597856,0.01111554167473863,0.000457702144520998
752,ub0084,ub0084,RichterCaroline_RichterOdilie_1823-01-09.xml,JP-UB0084,letters-context,Richter Caroline,Richter Odilie Minna,1823-01-09,1823,1,1819,RichterCaroline,RichterOdilieMinna,0.0003331381609221205,0.02273287049312345,0.0237715003827269,0.00024865113354749545,0.38268979820428295,0.0002157841996707205,0.03950447903639655,0.440737355454708,0.00022207477705512682,0.0003747544776946584,0.00022550048766917534,0.079247756813438,0.0010076261798355477,0.0005175266676908713,0.002360832087601453,0.0007648176952228339,0.0006369495087352638,0.0004742588000325968,0.0028910305482796445,0.0010432948913666775
753,ub0483,ub0483,SpazierRichard_RichterCaroline_1823-10-29.xml,JP-UB0483,letters-context,Spazier Richard Otto,Richter Caroline,1823-10-29,1823,10,1819,SpazierRichardOtto,RichterCaroline,0.12148656579251,0.0001476921542333818,0.0006823161447793057,0.00012799059857759737,0.0005707127720478639,0.00011107268438882004,0.17053415263569932,0.37128771594949017,0.00011431069401838427,0.00019290099037739663,0.00011607404311633623,0.26031450020555713,0.0005186651516912358,0.0002663914981307396,0.01276903164273131,0.011947499745793544,0.00032786317007141644,0.0002441198108806149,0.04770339906396371,0.0005370252519418505
754,ub0019,ub0019,OttoGeorg_Industrie-Comptoir_1819-03-27.xml,JP-UB0019,letters-context,Otto Georg Christian,Industrie-Comptoir ,1819-03-27,1819,3,1819,OttoGeorgChristian,IndustrieComptoir,0.0008456152564539322,0.0007283132723676892,0.003364700764051841,0.0006311591307351926,0.0028143518438724672,0.0005477319405203774,0.014812594288253106,0.06469543506175811,0.0005636995144345575,0.0009512512853101537,0.0005723951053311911,0.001743709313064762,0.0025576897828601627,0.001313654504815111,0.005992575649922236,0.0019413612349188489,0.001616789324544812,0.0012038262914852668,0.8904549176203301,0.0026482288149701143
755,ub1275,ub1275,OsmundEmanuel_GoldschmidtCaroline_1806-06-02.xml,JP-UB1275,letters-context,Osmund Emanuel,Goldschmidt Caroline,1806-06-02,1806,6,1804,OsmundEmanuel,GoldschmidtCaroline,0.0004703994367611503,0.0004051466083335686,0.0018717180564090546,0.0003511016355706756,0.001565569580375039,0.00030469270078846314,0.10332266982826496,0.4321667781542393,0.00031357515379335584,0.0005291627195855755,0.0003184123430811116,0.0009699918165862963,0.0014227934324559039,0.0007307606319156336,0.003333554106264607,0.4447992536245454,0.0008993886780338065,0.0006696653178274155,0.004082207627627339,0.0014731585475414792
756,ub1296,ub1296,GoldschmidtCaroline_OsmundEmanuel_1808-11-19.xml,JP-UB1296,letters-context,Goldschmidt Caroline,Osmund Emanuel,1808-11-19,1808,11,1804,GoldschmidtCaroline,OsmundEmanuel,0.0009543657262789707,0.0008219781039152414,0.003797418582372375,0.0007123294401376632,0.003176291961364622,0.0006181730843090553,0.01671757007467681,0.8124951650527035,0.0006361941703280371,0.0010735870915880136,0.0006460080589235329,0.0019679592962418557,0.00288662183964348,0.0014825972284664133,0.07106582250767722,0.06649360108903828,0.0018247167446219762,0.0013586445422057573,0.00828215074870574,0.002988804656801433
757,ub0971,ub0971,TruchsessChristian_WagnerJohann_1811-11-23.xml,JP-UB0971,letters-context,Truchsess von Wetzhausen Christian Freiherr,Wagner Johann Ernst,1811-11-23,1811,11,1809,TruchsessvonWetzhausenChristianFreiherr,WagnerJohannErnst,0.00016123366760150586,0.0001388676696292487,0.0006415483169552089,0.07616474983380375,0.005968356480142075,0.00010443618295503337,0.08430047086727302,0.42514798721191693,0.2065137271233104,0.0001813753150391015,0.00010913871461675314,0.060081650070077076,0.10369079853551963,0.0002504748254670583,0.0011426058636503293,0.027528876452561496,0.0003082736156257169,0.0002295338531913813,0.006830956965333582,0.0005049384353307048
758,ub0963,ub0963,Uthe-SpazierWilhelmine_LudwigErnst_1811-04-10.xml,JP-UB0963,letters-context,Uthe-Spazier Wilhelmine,Ludwig Ernst Karl Friedrich,1811-04-10,1811,4,1809,UtheSpazierWilhelmine,LudwigErnstKarlFriedrich,0.00024112820532479947,0.00020767940377128252,0.0009594484613405289,0.00017997578367583364,0.0008025158061968795,0.0001561864202528654,0.20730587442451034,0.1890368990812812,0.00016073959311952254,0.00027125044574245104,0.00016321915130055228,0.0004972208035018477,0.000729328311441417,0.00037459015875757485,0.5865850808463517,0.0005535814862496167,0.00046102941644008045,0.00034327251190561413,0.010215834063719093,0.0007551456251167482
759,ub0114,ub0114,MayerJohann_RichterCaroline_1811-06-28.xml,JP-UB0114,letters-context,Mayer Johann Siegfried Wilhelm,Richter Caroline,1811-06-28,1811,6,1809,MayerJohannSiegfriedWilhelm,RichterCaroline,0.00034078745729629973,0.0002935141322380503,0.6787153270276719,0.00025436049511993043,0.0011341987996200506,0.0002207388926172673,0.01745022117057429,0.23272460570594186,0.01170784059951526,0.0003833593401922553,0.00023067827954366044,0.0007027241508805378,0.0010307626204720977,0.0005294097700402124,0.0024150399402165647,0.04670504568717343,0.0006515747187508851,0.0004851484144480403,0.002957412464507388,0.001067250333179891
760,ub0942,ub0942,BrockhausFriedrich_LudwigErnst_1811-01-04.xml,JP-UB0942,letters-context,Brockhaus Friedrich Arnold,Ludwig Ernst Karl Friedrich,1811-01-04,1811,1,1809,BrockhausFriedrichArnold,LudwigErnstKarlFriedrich,0.003260874412447493,0.0028085327174310307,0.12282944135306875,0.0024338854389024567,0.010852746382311887,0.002112172239196602,0.2768294135607781,0.3593339516981958,0.002173746640566749,0.003668229673484678,0.0022072787104289357,0.006724118372181997,0.009863002239200324,0.005065734480136292,0.0231086613591058,0.007486306719218018,0.006234687582193193,0.11449664434837425,0.028298431840995262,0.0102121402317824
761,ub0614,ub0614,RichterCaroline_RichterOdilie_1822-08-18.xml,JP-UB0614,letters-context,Richter Caroline,Richter Odilie Minna,1822-08-18,1822,8,1819,RichterCaroline,RichterOdilieMinna,0.00016952080932392295,0.00014600523634219887,0.0006745228309228879,0.00012652870893447806,0.3260869692223321,0.00010980402865358621,0.27709392850727416,0.38989062621114623,0.00011300505421717695,0.00019069770386171393,0.00011474826260313796,0.00034956206350388123,0.0005127410352175979,0.00026334881393002256,0.0012013339002061795,0.0003891854188080897,0.00032411836554659747,0.00024133151059002548,0.0014711308874611967,0.000530891429124924
762,ub0865,ub0865,WagnerJohann_FrauenholzJohann_1807-10-22.xml,JP-UB0865,letters-context,Wagner Johann Ernst,Frauenholz Johann Friedrich,1807-10-22,1807,10,1804,WagnerJohannErnst,FrauenholzJohannFriedrich,0.004657032251379364,0.004638409043380335,0.0005341897894699081,0.00010020467994408788,0.00044681477623051934,8.695953385173496e-05,0.024965590466431608,0.1866596531112855,8.949459284975695e-05,0.00015102345185100127,9.087513043574884e-05,0.00027683641909394816,0.2446361802053642,0.00925411942519734,0.08688421677249293,0.03649045530884392,0.0002566862284228022,0.00019112300269830083,0.3856013555567213,0.013988780254055744
763,ub0580,ub0580,MahlmannErnestine_MayerJohann_1800-12-20.xml,JP-UB0580,letters-context,Mahlmann Ernestine,Mayer Johann Siegfried Wilhelm,1800-12-20,1800,12,1799,MahlmannErnestine,MayerJohannSiegfriedWilhelm,0.00017049449072305256,0.00014684385068912704,0.035140764399808296,0.00012725545540788577,0.0005674347531863161,0.00011043471311454343,0.3361227594525911,0.3691551403430669,0.00011365412449791546,0.00019179301958045892,0.0001154073453984874,0.00035156985287459336,0.0005156860801979334,0.0002648614178553409,0.001208234035224645,0.0003914207939494496,0.0003259800132399256,0.005986445535331965,0.024454492191820727,0.2245393281314414
764,ub0709,ub0709,MayerJulie_RichterCaroline_1819-10-14.xml,JP-UB0709,letters-context,Mayer Julie Henriette,Richter Caroline,1819-10-14,1819,10,1819,MayerJulieHenriette,RichterCaroline,0.00010635356648050244,9.16004216340782e-05,0.03983516018496252,7.938128369622004e-05,0.29773526372225306,6.888859313384695e-05,0.0018629893670446824,0.5599045007884561,7.089684502009542e-05,0.00011963947674755364,7.199049499560617e-05,0.0038022146647565046,0.021819125703357853,0.0001652191592381431,0.015085318995061756,0.0002441662323199349,0.00020334461754393734,0.0001514059952741995,0.05824947047237732,0.00033306941564606224
765,ub0099,ub0099,RichterCaroline_MayerJohann_1804-12-02.xml,JP-UB0099,letters-context,Richter Caroline,Mayer Johann Siegfried Wilhelm,1804-12-02,1804,12,1804,RichterCaroline,MayerJohannSiegfriedWilhelm,0.00014195683968675182,0.00012226488306371538,0.0005648458720569688,0.00010595522591956276,0.0004724565817297116,9.19499674093222e-05,0.2607326410222209,0.4173590027078829,9.463050836813484e-05,0.038418355740383776,9.609027224239536e-05,0.0002927235069682257,0.0004293696875769452,0.00022052847381896464,0.001005997815618985,0.00032590413133642797,0.009836083275938262,0.0002020911692011093,0.058619924026577674,0.21086722829199936
766,ub0351,ub0351,MayerJohann_RichterCaroline_1805-09-20.xml,JP-UB0351,letters-context,Mayer Johann Siegfried Wilhelm,Richter Caroline,1805-09-20,1805,9,1804,MayerJohannSiegfriedWilhelm,RichterCaroline,0.00013486231779420994,0.00011615449844611849,0.3503729005312369,0.0001006599427083114,0.0004488448024751631,8.735461956808094e-05,0.002362375540190977,0.4101307988610808,8.990119617154367e-05,0.018325023042133345,9.12880059931024e-05,0.095687989743888,0.004951239605599789,0.00020950720785608556,0.06910564685746631,0.00030961654702743536,0.0002578524382440908,0.00019199133725676334,0.0011703585067398068,0.045855634398123166
767,ub0853,ub0853,OsmundEmanuel_GoldschmidtCaroline_1805-04-18.xml,JP-UB0853,letters-context,Osmund Emanuel,Goldschmidt Caroline,1805-04-18,1805,4,1804,OsmundEmanuel,GoldschmidtCaroline,0.00021339298380662958,0.00018379155431543312,0.0008490900917142862,0.007348194343297386,0.0007102082570790907,0.00013822143370967698,0.05406043178809702,0.3829609570837654,0.0001422508882585324,0.00024005048226478375,0.00014444524091860109,0.0004400291153291996,0.015023278713681882,0.00033150378063074676,0.1884241569015847,0.34555806048240423,0.0004080005599687503,0.00030378837463525043,0.0018518612015683532,0.0006682867229701572
768,ub0795,ub0795,RichterCaroline_RichterOdilie_1823-01-12.xml,JP-UB0795,letters-context,Richter Caroline,Richter Odilie Minna,1823-01-12,1823,1,1819,RichterCaroline,RichterOdilieMinna,0.00035719060229451587,0.0003076418671855849,0.0014212604175241365,0.0002666036454881162,0.3862533151378316,0.00023136373219051075,0.030323420179925176,0.5086582145549248,0.00023810848673468197,0.0004018116004176857,0.0002417815322787041,0.0007365484184521572,0.0010803763851818843,0.0005548918851695011,0.0025312832158058216,0.0008200372255342183,0.0006829370073563314,0.0005085000948501945,0.06326609364749973,0.0011186203633548086
769,ub0669,ub0669,RichterCaroline_RichterOdilie_1822-05-04.xml,JP-UB0669,letters-context,Richter Caroline,Richter Odilie Minna,1822-05-04,1822,5,1819,RichterCaroline,RichterOdilieMinna,7.238083592249265e-05,0.029323285254402618,0.027110536004663018,5.402436289323957e-05,0.2318900431889501,4.688337327612272e-05,0.10368119826024223,0.5493035296304487,4.8250125281531345e-05,8.142280153722065e-05,4.899442847749981e-05,0.0025876656975324765,0.00021892666091452288,0.00011244287570046447,0.015143409802080362,0.00016617172873654757,0.00013838984328624288,0.00010304207808238006,0.03476590249941503,0.005103500548157018
770,ub1150,ub1150,OttoGeorg_SchragJohann_1825-12-16.xml,JP-UB1150,letters-context,Otto Georg Christian,Schrag Johann Leonhard,1825-12-16,1825,12,1824,OttoGeorgChristian,SchragJohannLeonhard,0.00014195683968675182,0.00012226488306371538,0.0005648458720569688,0.00010595522591956276,0.0004724565817297116,9.19499674093222e-05,0.0072689830455109124,0.06824868134373516,9.463050836813484e-05,0.3779640107657877,9.609027224239536e-05,0.0002927235069682257,0.0004293696875769452,0.00022052847381896464,0.16360532557426313,0.005108237300708314,0.00027141693719449016,0.0002020911692011093,0.3742539132051221,0.00044456883963638565
771,ub0073,ub0073,SchlabrendorffAmanda+MuetzschefahlAntonie_OsmundEmanuel_1808-06-24.xml,JP-UB0073,letters-context,Schlabrendorff Amanda + Mützschefahl Antonie von,Osmund Emanuel,1808-06-24,1808,6,1804,SchlabrendorffAmandaANDMützschefahlAntonievon,OsmundEmanuel,0.0005697103828038164,0.0004906813471432457,0.0022668760357361147,0.0004252263748044852,0.0018960933522425855,0.0003690195643067154,0.6049554295622602,0.15874341285852553,0.1923074692953841,0.0006408797970004388,0.00038563570380784523,0.0011747769362754215,0.0017231742381247546,0.0008850391535609037,0.004037335586652839,0.0013079395669185884,0.0010892680305487473,0.0008110453685845168,0.024136814385783058,0.0017841724595361692
772,ub0171,ub0171,RichterCaroline+RichterJohann_OsmundEmanuel_1806-04-02.xml,JP-UB0171,letters-context,Richter Caroline + Jean Paul,Osmund Emanuel,1806-04-02,1806,4,1804,RichterCarolineANDJeanPaul,OsmundEmanuel,0.0012848397127528785,0.0011066094284853886,0.005112373659520504,0.0009589920593862184,0.047560671041144906,0.0008322316133165908,0.1090754746160299,0.6609977223790563,0.0008564929696777423,0.0014453445805826571,0.0008697051727743358,0.002649416452486511,0.003886189825502578,0.0019959851288647167,0.009105203717567314,0.002949731562179537,0.002456572437022068,0.0883981211382662,0.05443456640122043,0.004023756104163268
773,ub0595,ub0595,RichterCaroline_ReitzensteinAnna_1826-05-30.xml,JP-UB0595,letters-context,Richter Caroline,Reitzenstein Anna Margaretha Fanny von,1826-05-30,1826,5,1824,RichterCaroline,ReitzensteinAnnaMargarethaFannyvon,0.00011590492844771924,9.982683859713465e-05,0.0004611853893705863,8.651032881520928e-05,0.0003857513764104088,7.507531455944507e-05,0.3651655079432011,0.4852384492273089,7.726392279218637e-05,0.00013038401485567433,7.845579088230502e-05,0.03928579945516083,0.008159931096597494,0.06265493158027792,0.035963494047812045,0.00026609422347467245,0.00022160651613859774,0.00016500340919012787,0.0010058430049292892,0.0003629815911783058
774,ub0098,ub0098,LevezowMarie_RichterCaroline_1811-10-18.xml,JP-UB0098,letters-context,Levezow Marie Ulrike Wilhelmine,Richter Caroline,1811-10-18,1811,10,1809,LevezowMarieUlrikeWilhelmine,RichterCaroline,0.00014615048145792732,0.0001258767915979946,0.0005815323610529282,0.00010908531998386504,0.0004864137370212816,0.044407167718587055,0.18965733777583146,0.6364801568150025,0.009944648583792,0.00016440790569289483,9.892893912430496e-05,0.00030137104750896864,0.0004420539841636583,0.00022704325268824307,0.06011905186309813,0.00033553188285292415,0.01505026884473499,0.005131672545546529,0.01111554167473863,0.02507575847552375
775,ub0121,ub0121,SteinAnna_RichterCaroline_1825-12-22.xml,JP-UB0121,letters-context,Stein Anna Christiane Charlotte von,Richter Caroline,1825-12-22,1825,12,1824,SteinAnnaChristianeCharlottevon,RichterCaroline,0.00020316902302963148,0.00017498584004618014,0.007652897487777824,0.00015164341346611743,0.0006761811713035967,0.000131599048607884,0.8522754751587743,0.12505565622716538,0.0001354354462692762,0.0002285493228949021,0.00013752466437839936,0.00041894669576877203,0.0006145150887836178,0.00031562096391327403,0.0014397868663479912,0.00046643489747343406,0.0003884526739618995,0.00028923344236253204,0.0017631359025845961,0.007480756665090334
776,ub0665,ub0665,RichterMax_RichterCaroline_1821-04-04.xml,JP-UB0665,letters-context,Richter Max,Richter Caroline,1821-04-04,1821,4,1819,RichterMax,RichterCaroline,0.23219444548850315,0.0002280577553577732,0.0010535934642597756,0.00019763574287351828,0.0722442332584577,0.00017151206991841204,0.06708088830951331,0.6000823142167856,0.00017651201870904566,0.0002978666476910061,0.0001792348812692031,0.0005460101401711544,0.0008008929850809026,0.0004113464755486613,0.0018764636089769872,0.0006079011633755707,0.0005062675063484919,0.0003769558132371913,0.011218253439542157,0.009749615014380387
777,ub1017,ub1017,RichterMax_RichterOdilie_1821-06-08.xml,JP-UB1017,letters-context,Richter Max,Richter Odilie Minna,1821-06-08,1821,6,1819,RichterMax,RichterOdilieMinna,0.20902946256459687,8.217841698810776e-05,0.0035940222406103018,0.019357435999971737,0.08710554363665607,6.180272351684511e-05,0.04988691223608945,0.5794576932825275,6.360440693686861e-05,0.00010733337939944327,6.458556425168518e-05,0.0034111194754851827,0.003502964055290193,0.00014822474307525969,0.003890535576776183,0.0002190513329093448,0.000182428622867781,0.012993312307174557,0.007256759623430963,0.019585029811445543
778,ub0850,ub0850,WagnerJohann_WagnerJohann_1805-01-22.xml,JP-UB0850,letters-context,Wagner Johann Ernst,Wagner Johann Friedrich,1805-01-22,1805,1,1804,WagnerJohannErnst,WagnerJohannFriedrich,0.0005697103828038164,0.0004906813471432457,0.1366162604430843,0.0004252263748044852,0.0018960933522425855,0.0003690195643067154,0.048365122731817686,0.4466349508742717,0.0003797772848866909,0.0006408797970004388,0.00038563570380784523,0.0011747769362754215,0.2896147122538709,0.0008850391535609037,0.042422873988752316,0.0013079395669185884,0.0010892680305487473,0.020003814569634255,0.004944045184733318,0.0017841724595361692
779,ub1157,ub1157,RichterCaroline_ViewegEduard_1826-04-05.xml,JP-UB1157,letters-context,Richter Caroline,Vieweg Eduard,1826-04-05,1826,4,1824,RichterCaroline,ViewegEduard,0.00017657985038356598,0.00015208506195400954,0.0007026107357538103,0.0001317975095917791,0.006536423254378857,0.00011437639442903967,0.2469912900094752,0.23956152855634155,0.00011771071437092224,0.2024556416997716,0.00011952651195475864,0.0003641182290213096,0.0005340921603980397,0.0002743149607880648,0.0012513588225842474,0.0004053915463161948,0.000337615026279298,0.0002513808316676842,0.2989691597670012,0.0005529983575389127
780,ub0285,ub0285,RichterEmma_RitterAuguste_1816-05-30.xml,JP-UB0285,letters-context,Richter Emma,Ritter Auguste,1816-05-30,1816,5,1814,RichterEmma,RitterAuguste,0.0005108792568104192,0.15533746721714511,0.002032787148302711,0.00038131538566519684,0.08775443558606133,0.00033091276980717953,0.0777923566528534,0.1939832643342714,0.39618961398287306,0.0005746993635345822,0.00034581304414941263,0.0010534636303602015,0.0015452307008966412,0.0007936456112912679,0.038042077148871416,0.03559453212917092,0.0009767847992788333,0.0007272927923531866,0.004433498503543105,0.0015999299427606464
781,ub0683,ub0683,MahlmannErnestine_RichterCaroline_1802-08-26.xml,JP-UB0683,letters-context,Mahlmann Ernestine,Richter Caroline,1802-08-26,1802,8,1799,MahlmannErnestine,RichterCaroline,0.00014760397060312224,0.00012712865576152332,0.0005873157903371713,0.00011017019036482449,0.03529929258979316,9.560779400550624e-05,0.1815983546532185,0.528440771565186,9.839496854220436e-05,0.00016604296774623225,9.99128027265896e-05,0.015222100254729459,0.0004464502794147076,0.00022930123295611586,0.0010460170311701272,0.0003388687993292063,0.00028221407089118114,0.0002101304809527609,0.0012809327723963613,0.2341733891298753
782,ub0852,ub0852,GoldschmidtCaroline_OsmundEmanuel_1805-02-27.xml,JP-UB0852,letters-context,Goldschmidt Caroline,Osmund Emanuel,1805-02-27,1805,2,1804,GoldschmidtCaroline,OsmundEmanuel,0.0010562445901136023,0.0009097245443184783,0.07536968628462973,0.0007883708486238382,0.003515362201756209,0.0006841632699877763,0.018502176330314764,0.7924789605496232,0.0007041081130300099,0.0011881928764635508,0.0007149696375499504,0.0021780396162420688,0.003194769696639287,0.001640864983690033,0.007485231093890152,0.0024249234935025178,0.0020195058738239754,0.0015036803062778055,0.08033316512545874,0.003307860564064368
783,ub0564,ub0564,SpazierJohann_BoettigerCarl_1804-01-28.xml,JP-UB0564,letters-context,Spazier Johann Karl Gottlieb,Böttiger Carl August,1804-01-28,1804,1,1804,SpazierJohannKarlGottlieb,BöttigerCarlAugust,0.0002264143826276837,0.0001950066518598367,0.0237836815263108,0.00016899352729809618,0.0465191043434196,0.0001466558085510849,0.06498683271183038,0.3071708095323902,0.00015093114341791503,0.0002546985414980181,0.00015325939711179981,0.0004668800197093047,0.0006848241546254158,0.00035173238825072275,0.009232111600281768,0.0005198015316146498,0.00043289705804377965,0.35119160874691124,0.19265469085765805,0.0007090660765898398
784,ub0648,ub0648,VossErnestine_RichterCaroline_1821-09-26.xml,JP-UB0648,letters-context,Voß Ernestine,Richter Caroline,1821-09-26,1821,9,1819,VoßErnestine,RichterCaroline,0.00016666536862399106,0.0001435458964185789,0.0006631610402841341,0.0001243974353366097,0.0005546907815542316,0.00010795446874595964,0.1938202863480684,0.5405356733016694,0.00011110157562716409,0.0001874855555292351,0.00011281542108008115,0.00034367397373329816,0.0005041043278639424,0.0002589129165049596,0.05171366802740344,0.011612089822053969,0.15753109768296888,0.000237266476802946,0.04074946058664089,0.0005219489930899965
785,ub0160,ub0160,MayerJohann_RichterCaroline_1815-01-21.xml,JP-UB0160,letters-context,Mayer Johann Siegfried Wilhelm,Richter Caroline,1815-01-21,1815,1,1814,MayerJohannSiegfriedWilhelm,RichterCaroline,0.00013364790515860966,0.0001151085465975819,0.6803966682344512,9.975351674497962e-05,0.00044480303003298165,8.656800581624397e-05,0.01134593563844592,0.2533554803332372,8.90916509229376e-05,0.0001503434813774117,9.046597275379576e-05,0.0002755899862473208,0.013911487415557255,0.00020762063045899525,0.000947115341171984,0.00030682850175985517,0.0002555305201260751,0.009195095382577574,0.028174318309649525,0.0004185475969125974
786,ub0234,ub0234,MayerJohann_RichterEmma_1818-06-26.xml,JP-UB0234,letters-context,Mayer Johann Siegfried Wilhelm,Richter Emma,1818-06-26,1818,6,1814,MayerJohannSiegfriedWilhelm,RichterEmma,0.0005386933324067358,0.0004639669172633704,0.2743611626349305,0.00040207554537327855,0.0017928633167030546,0.000348928832648852,0.19091472932894185,0.20454440007561914,0.0003591008648309004,0.0006059880317069869,0.00036464033068325097,0.001110817920365525,0.0016293585314075551,0.23675886406433885,0.05826106941380554,0.001236730705911364,0.0010299644222255449,0.0007668891870736606,0.022822720750093402,0.001687035793670676
787,ub0053,ub0053,RichterCaroline_RichterEmma_1819-12-11.xml,JP-UB0053,letters-context,Richter Caroline,Richter Emma,1819-12-11,1819,12,1819,RichterCaroline,RichterEmma,0.00023353976792498893,0.0002011436185750815,0.0009292540899378967,0.00017431184665914881,0.09518891215421947,0.00015127114760281235,0.4604138872990064,0.371911107697951,0.00015568102961213234,0.0002627140448497613,0.00015808255473182618,0.03195212364513638,0.000706375947872718,0.023965714590779924,0.0016550135725135438,0.0005361599720454165,0.00044652056683696484,0.0003324695369315224,0.0020266984768134077,0.00859901843999963
788,ub0139,ub0139,MayerJohann_RichterCaroline_1818-04-03.xml,JP-UB0139,letters-context,Mayer Johann Siegfried Wilhelm,Richter Caroline,1818-04-03,1818,4,1814,MayerJohannSiegfriedWilhelm,RichterCaroline,0.00014983923211472173,0.0001290538464598764,0.3640435891111718,0.00011183856815467554,0.0004986905285447335,9.705564409569156e-05,0.0581514082319991,0.3193844373148283,9.988502660242282e-05,0.00016855746280729572,0.0001014258463224917,0.00030897747232774386,0.00045321116208162283,0.00023277368846320556,0.19792918794899086,0.0003440005067048782,0.00028648781940971536,0.0002133126214776287,0.046731253160875265,0.01056501480656807
789,ub0180,ub0180,OsmundEmanuel_SchwendlerAuguste_1810-04-28.xml,JP-UB0180,letters-context,Osmund Emanuel,Schwendler Auguste Sophie Henriette,1810-04-28,1810,4,1809,OsmundEmanuel,SchwendlerAugusteSophieHenriette,0.00011282121356687131,9.71708902107048e-05,0.00044891529639802383,8.420867355440784e-05,0.0003754882471744426,7.307789419266812e-05,0.3060397618077394,0.3849101610392978,7.520827328997887e-05,0.00012691507585351188,7.636843106876971e-05,0.00023264410061946348,0.011743625093717522,0.00017526658171038146,0.027405078374073515,0.2625137653068413,0.0040165040398524405,0.00016061340200816625,0.0009790819941281278,0.0003533242647023632
790,ub0218,ub0218,RichterEmma_FoersterErnst_1826-01-28b.xml,JP-UB0218,letters-context,Richter Emma,Förster Ernst Joachim,1826-01-28b,1826,1,1824,RichterEmma,FörsterErnstJoachim,0.0006170846346881515,0.0005314839416476778,0.002455378052811881,0.0004605860628072003,0.0020537629450333595,0.0003997053764621417,0.13554189691420382,0.7540285328997203,0.00041135765501374637,0.0006941721396487478,0.00041770323060606556,0.001272465481485215,0.0018664647465331835,0.0009586345610764649,0.06673929037720848,0.022205444665884325,0.001179846084953875,0.0008784878248582642,0.005355167131917043,0.0019325352734402765
791,ub0599,ub0599,MahlmannErnestine_MayerJohann_1802-12-16.xml,JP-UB0599,letters-context,Mahlmann Ernestine,Mayer Johann Siegfried Wilhelm,1802-12-16,1802,12,1799,MahlmannErnestine,MayerJohannSiegfriedWilhelm,0.0002149381569928381,0.0001851223843010953,0.0008552383315438635,0.00016042778236796708,0.007956325506956456,0.00013922229160724046,0.12686162850315394,0.4364207902151492,0.00014328092333433702,0.00024178868172155727,0.00014549116524639017,0.0004432153549985126,0.0006501125942224827,0.0003339041911026373,0.030487089147518624,0.0004934544436208738,0.01489290418146405,0.0003059880985549161,0.08875696628028458,0.2903121117658585
792,ub1108,ub1108,WangenheimKarl_WagnerJohann_1811-09-01.xml,JP-UB1108,letters-context,Wangenheim Karl August Freiherr von,Wagner Johann Ernst,1811-09-01,1811,9,1809,WangenheimKarlAugustFreiherrvon,WagnerJohannErnst,0.0002451104071511409,0.0002111092028687275,0.0009752936313814382,0.057985005574008826,0.0008157692532782791,0.00015876581923749647,0.11989770006870115,0.18390138278307244,0.00016339418717841223,0.008533166900135232,0.00016591469494932391,0.0005054323422106141,0.0007413730762996485,0.09947001791876166,0.3237770453076507,0.0005627238145085717,0.0004686432589670128,0.04163612555191227,0.15901840944808066,0.0007676167596463777
793,ub0815,ub0815,MahlmannErnestine_MayerJohann_1801-01-22.xml,JP-UB0815,letters-context,Mahlmann Ernestine,Mayer Johann Siegfried Wilhelm,1801-01-22,1801,1,1799,MahlmannErnestine,MayerJohannSiegfriedWilhelm,0.00020178788814821072,0.00017379629331391454,0.0008029134482221593,0.00015061254761485418,0.0006715845187828473,0.00013070444354612896,0.030726546740332542,0.6000627293105729,0.0001345147615298708,0.00022699565375150512,0.00013658977721796355,0.007214058661850598,0.0006103376398220472,0.0003134753852415457,0.015025919150776354,0.007261224040662023,0.0003858119882422477,0.00028726724500545734,0.08332666956261912,0.2521564609427478
794,ub0293,ub0293,HeimJohanna_RichterCaroline_1821-11-04.xml,JP-UB0293,letters-context,Heim Johanna,Richter Caroline,1821-11-04,1821,11,1819,HeimJohanna,RichterCaroline,0.00010789994850724919,9.29322927724413e-05,0.051319372103954194,8.053548843452963e-05,0.02943913144178324,6.989023403593723e-05,0.5762205118387345,0.21545025158741365,7.192768592670689e-05,0.00012137903605575721,7.303723758489409e-05,0.014762507159443725,0.007596365028970398,0.00016762144763123534,0.0007646486970491768,0.06204276317125545,0.0002063012505202587,0.01832862119282635,0.0009363744052281732,0.022147928751872117
795,ub0368,ub0368,MayerJohann_RichterCaroline_1808-02-29.xml,JP-UB0368,letters-context,Mayer Johann Siegfried Wilhelm,Richter Caroline,1808-02-29,1808,2,1804,MayerJohannSiegfriedWilhelm,RichterCaroline,0.00014402313959974663,0.004975988557827137,0.36446886824843217,0.00010749749239000583,0.00047933358037152517,0.009797176391015922,0.05589422921833169,0.33124707409897985,9.600793415219156e-05,0.00016201481183437748,9.748894610419904e-05,0.00029698434116483567,0.0004356195206250788,0.00022373844924015982,0.13687507316540926,0.00033064793712775945,0.005127311644203722,0.00020503277431333018,0.08858484983988836,0.0004510399089887882
796,ub0296,ub0296,LangermannJohann_RichterCaroline_1826-05-17.xml,JP-UB0296,letters-context,Langermann Johann Gottfried,Richter Caroline,1826-05-17,1826,5,1824,LangermannJohannGottfried,RichterCaroline,0.00032582471737864114,0.0002806269923835552,0.012273047947468115,0.00024319244931213734,0.0010844002483814696,0.00021104704930194115,0.13742656060824124,0.3761788054351357,0.0002171995284797973,0.19794518880865172,0.00022055003383635507,0.0006718700848685338,0.0009855055763034837,0.0005061653092204826,0.035238781202507445,0.0007480275111755196,0.044529335635297936,0.0004638473090480874,0.18942963230698184,0.0010203912460259852
797,ub0427,ub0427,MahlmannSiegfried_WagnerJohann_1808-04-20.xml,JP-UB0427,letters-context,Mahlmann Siegfried August,Wagner Johann Ernst,1808-04-20,1808,4,1804,MahlmannSiegfriedAugust,WagnerJohannErnst,0.0005386933324067358,0.0004639669172633704,0.03843915305899996,0.00040207554537327855,0.01994071020715925,0.000348928832648852,0.4086888920144162,0.24084009385653155,0.0003591008648309004,0.0006059880317069869,0.00036464033068325097,0.001110817920365525,0.0016293585314075551,0.23675886406433885,0.0038175287424369398,0.001236730705911364,0.0010299644222255449,0.0007668891870736606,0.040970567640549606,0.001687035793670676
798,ub0320,ub0320,MahlmannErnestine_MayerJohann_1802-06-28.xml,JP-UB0320,letters-context,Mahlmann Ernestine,Mayer Johann Siegfried Wilhelm,1802-06-28,1802,6,1799,MahlmannErnestine,MayerJohannSiegfriedWilhelm,0.00015059944005639837,0.00012970859994197915,0.0005992347549977638,0.00011240598008342752,0.005574711270526096,9.754805499759472e-05,0.4541787087970695,0.36666624703045897,0.00010039179234999156,0.00016941263751719322,0.00010194042940448856,0.03582497954840851,0.00045551052467050193,0.00023395466359292066,0.04165516998365815,0.0003457457900558875,0.00028794131268003686,0.00021439486106614319,0.011453909254627359,0.08164748527383706
799,ub0826,ub0826,SpazierJohann_FalkJohannes_1800-08-26.xml,JP-UB0826,letters-context,Spazier Johann Karl Gottlieb,Falk Johannes Daniel,1800-08-26,1800,8,1799,SpazierJohannKarlGottlieb,FalkJohannesDaniel,0.00017450369774009056,0.00015029690887355862,0.0006943497301339685,0.00013024788913764426,0.0005807780781497086,0.01187061684945522,0.06184469756123585,0.08977504789744031,0.0353890824563136,0.000196303065134775,0.00011812116880138508,0.00035983707790424794,0.0005278125262933486,0.0002710896792525562,0.24226714339184666,0.02979458823373699,0.0003336454888277473,0.08255152191674639,0.4424238199507664,0.0005464964322096747
800,ub0382,ub0382,RichterEmma_RichterCaroline_1822-06-08.xml,JP-UB0382,letters-context,Richter Emma,Richter Caroline,1822-06-08,1822,6,1819,RichterEmma,RichterCaroline,0.0002745863384762263,0.00023649629449888862,0.001092578280509641,0.00020494861390175963,0.28767753774928245,0.00017785831897672506,0.004809913252986428,0.6500377407900821,0.027934365942529,0.0003088882389604202,0.00018586688796711436,0.0005662134782775563,0.010080968327228986,0.00967700790985653,0.0019458960717598907,0.0006303945784888907,0.0005250002969150507,0.00039090384311007514,0.0023829077115563604,0.0008599270746358563
801,ub0666,ub0666,SchwendlerAuguste_RichterCaroline_1810-02-05.xml,JP-UB0666,letters-context,Schwendler Auguste Sophie Henriette,Richter Caroline,1810-02-05,1810,2,1809,SchwendlerAugusteSophieHenriette,RichterCaroline,4.622871531684502e-05,0.0031545812567746853,0.00018394393024553644,3.4504670477139324e-05,0.00015385705165420704,2.9943811627101442e-05,0.23908933064163945,0.32280025998525635,3.081673867417811e-05,5.200370325364596e-05,0.017162501223791073,9.532638018741065e-05,0.00013982566177492696,7.181582837383112e-05,0.16385278437347586,0.00010613176048002324,0.25238437650913315,6.581165902017698e-05,0.0004011807828283167,0.00014477531601605952
802,ub0399,ub0399,RichterCaroline_OsmundEmanuel_1808-10-05.xml,JP-UB0399,letters-context,Richter Caroline,Osmund Emanuel,1808-10-05,1808,10,1804,RichterCaroline,OsmundEmanuel,0.0015538744621382025,0.0013383242387492464,0.006182862182408939,0.001159797020346442,0.00517155931647176,0.0010064939911811801,0.3413066544286686,0.17123009975227607,0.0010358354737740976,0.0017479877143159312,0.001051814202308564,0.003204182221505948,0.004699925652151153,0.002413927813536571,0.06335967830664509,0.003567380817341988,0.002970958273154954,0.0022121111426416217,0.3799202358250076,0.0048662971653761255
803,ub1029,ub1029,WagnerJohann_HeimAnton_1801-07-13.xml,JP-UB1029,letters-context,Wagner Johann Ernst,Heim Anton Christoph,1801-07-13,1801,7,1799,WagnerJohannErnst,HeimAntonChristoph,0.0006301853972171162,0.12792330930839424,0.02373759626975101,0.0004703643465203207,0.00209736451785046,0.00040819115770546687,0.4144106377761507,0.15436400750216678,0.04288027145340389,0.000708909476870501,0.0004265711079184165,0.0012994800385850965,0.0019060899616795183,0.06466925741672225,0.0044659005824188285,0.0014467779426066874,0.0012048943239000944,0.1070475897962761,0.047929038452022316,0.00197356317184028
804,ub0948,ub0948,WagnerJohann_TruchsessChristian_1811-02-03.xml,JP-UB0948,letters-context,Wagner Johann Ernst,Truchsess von Wetzhausen Christian Freiherr,1811-02-03,1811,2,1809,WagnerJohannErnst,TruchsessvonWetzhausenChristianFreiherr,0.00021809662120356218,0.03692473781469994,0.008215184872243758,0.13976298661647665,0.0007258627648235193,0.00014126812949628084,0.2830207888660224,0.19302300143936785,0.00014538640183458336,0.0002453417078964358,0.00014762912271674563,0.022491865358452316,0.2798600686148213,0.00033881083239966665,0.023587710525555985,0.0005007056372739917,0.00041699376423256747,0.0003104845196265149,0.009240059200342092,0.0006830171905139468
805,ub0816,ub0816,MayerJohann_RichterCaroline_1813-06-12.xml,JP-UB0816,letters-context,Mayer Johann Siegfried Wilhelm,Richter Caroline,1813-06-12,1813,6,1809,MayerJohannSiegfriedWilhelm,RichterCaroline,0.0001676064334872738,0.00014435641872746183,0.2773421301573894,0.00012509983713996145,0.0005578228059742852,0.00010856402643757806,0.06504671706116054,0.402426942960073,0.00011172890324742068,0.00018854418018616464,0.0001134524258141266,0.00034561450585329014,0.0005069507192546565,0.0002603748509811169,0.210105794152932,0.022970523022157942,0.0003204581401754986,0.00023860618610426997,0.018393817069713943,0.000524896143190093
806,ub0133,ub0133,RichterCaroline_ThieriotPaul_1804-12-21.xml,JP-UB0133,letters-context,Richter Caroline,Thieriot Paul Emile,1804-12-21,1804,12,1804,RichterCaroline,ThieriotPaulEmile,0.0004490509463771909,0.0003867595359942479,0.001786772472281961,0.0003351673267577616,0.349436600612906,0.09105836437323647,0.00786599985356792,0.4881930123274072,0.0002993439374434834,0.0005051473310714974,0.0003039615969424578,0.0009259699505919573,0.0013582217311794663,0.000697595974171053,0.048566014805364335,0.0010309299567938836,0.0008585710472206218,0.0006392733945365533,0.003896941737676925,0.0014063010884790743
807,ub0996,ub0996,KalbCharlotte_RichterCaroline_1819-12-29.xml,JP-UB0996,letters-context,Kalb Charlotte von,Richter Caroline,1819-12-29,1819,12,1819,KalbCharlottevon,RichterCaroline,0.00032582471737864114,0.0002806269923835552,0.05617941714417589,0.00024319244931213734,0.0010844002483814696,0.022164231647655824,0.17035633750577206,0.17860014404995073,0.0002171995284797973,0.0003665274234667679,0.00022055003383635507,0.0006718700848685338,0.0009855055763034837,0.04441253450592825,0.4303961039728774,0.0007480275111755196,0.0006229664385901677,0.0004638473090480874,0.09064030161438932,0.0010203912460259852
808,ub0358,ub0358,OsmundEmanuel_GoldschmidtCaroline_1803-04-16.xml,JP-UB0358,letters-context,Osmund Emanuel,Goldschmidt Caroline,1803-04-16,1803,4,1799,OsmundEmanuel,GoldschmidtCaroline,0.00018311569113303684,0.00015771426451107167,0.0007286168279992191,0.00013667579854715868,0.0006094402614533707,0.00011860986669590965,0.021714384090904027,0.5198609779118818,0.00012206760153536169,0.00020599088677895438,0.00012395060816833623,0.0127154334961839,0.0005538607880094,0.00028446832140658187,0.001297676009777975,0.4384136445188665,0.0003501113447527634,0.000260685319578851,0.0015891096218745967,0.0005734667699412467
809,ub0930,ub0930,Borntraeger_BrockhausFriedrich_1810-08-28.xml,JP-UB0930,letters-context,Bornträger Johann Friedrich Wilhelm,Brockhaus Friedrich Arnold,1810-08-28,1810,8,1809,BornträgerJohannFriedrichWilhelm,BrockhausFriedrichArnold,0.0007790365426849089,0.0006709702188630835,0.10807851740086533,0.00058146541626256,0.0025927665254567808,0.0005046067866022912,0.17111443848274954,0.21706980118333988,0.0005193171687556746,0.0008763554191775275,0.0005273281205650389,0.027851103305696817,0.002356312507954908,0.0012102251655264132,0.4516803718067315,0.0017885100026409926,0.0014894929532434204,0.0011090441722215656,0.00676061378526594,0.002439723035395902
810,ub0050,ub0050,PohlEduard_RichterCaroline_1825-11-24.xml,JP-UB0050,letters-context,Pohl Eduard,Richter Caroline,1825-11-24,1825,11,1824,PohlEduard,RichterCaroline,0.00012210297761003184,0.0001051651073112418,0.00048584740982598513,9.11364933642548e-05,0.00040637954147156844,0.20163978222710507,0.7261119695579614,0.02579565915161617,8.13956331374898e-05,0.00013735633730026892,8.265123671423947e-05,0.029046168259596564,0.0003693187130984497,0.00018968570560256367,0.013205751076197016,0.0002803236880970275,0.0002334569879011976,0.0001738270136373788,0.0010596307469831743,0.00038239213546894304
811,ub0407,ub0407,SchwendlerAuguste_OsmundEmanuel_1814-07-26.xml,JP-UB0407,letters-context,Schwendler Auguste Sophie Henriette,Osmund Emanuel,1814-07-26,1814,7,1814,SchwendlerAugusteSophieHenriette,OsmundEmanuel,0.00031212063360564136,0.0002688239105193882,0.0012419271369029036,0.0002329638523992103,0.053613392346033295,0.00020217047766874256,0.1631912042426394,0.4234463667180693,0.0002080641855331658,0.00035111139684760516,0.00021127376970222884,0.0006436114432231523,0.04300373682704496,0.010999796482929284,0.0022118883197862027,0.0007165657124509464,0.22141009150002888,0.000444338039057105,0.07631307909014301,0.0009774739154155966
812,ub1286,ub1286,OsmundEmanuel_GoldschmidtCaroline_1807-08-17.xml,JP-UB1286,letters-context,Osmund Emanuel,Goldschmidt Caroline,1807-08-17,1807,8,1804,OsmundEmanuel,GoldschmidtCaroline,0.00014983923211472173,0.0001290538464598764,0.0005962098897027309,0.00011183856815467554,0.0004986905285447335,9.705564409569156e-05,0.13891749250343668,0.4304378031880549,9.988502660242282e-05,0.00016855746280729572,0.0001014258463224917,0.00030897747232774386,0.00045321116208162283,0.00023277368846320556,0.0061097378043266344,0.3789350205290685,0.00028648781940971536,0.0002133126214776287,0.04168337289391042,0.00046925427263837314
813,ub0871,ub0871,WagnerJohann_FrauenholzJohann_1808-03-18.xml,JP-UB0871,letters-context,Wagner Johann Ernst,Frauenholz Johann Friedrich,1808-03-18,1808,3,1804,WagnerJohannErnst,FrauenholzJohannFriedrich,0.0007050240147707393,0.0006072245544016588,0.002805288602669903,0.0005262231740900211,0.0023464402052832353,0.000456666514442058,0.012349865514569576,0.05393922947399568,0.0004699793336954995,0.0007930970912676843,0.00047722920337081386,0.001453801750982268,0.4534071832874013,0.0010952474732897311,0.004996255343408309,0.0016185922398117615,0.0013479833670564266,0.0010036792011873432,0.457393053010647,0.002207936643659056
814,ub0344,ub0344,RichterCaroline_JungFranz_1817-10-12.xml,JP-UB0344,letters-context,Richter Caroline,Jung Franz Wilhelm,1817-10-12,1817,10,1814,RichterCaroline,JungFranzWilhelm,0.00024715124291649424,0.0002128669381547044,0.0009834141112410196,0.0001844713212642884,0.0008225615028923043,0.0001600877335779827,0.3623554944988053,0.26036828855547545,0.00016475463818871517,0.016930405440421657,0.00016729613218565258,0.0005096406678094277,0.000747545889225741,0.333431537817348,0.0017514732720885881,0.0005674091597781302,0.0004725452716771539,0.0003518469681398735,0.002144821209731975,0.017426387629077538
815,ub1007,ub1007,Uthe-SpazierWilhelmine_SchragJohann_1821-02-13.xml,JP-UB1007,letters-context,Uthe-Spazier Wilhelmine,Schrag Johann Leonhard,1821-02-13,1821,2,1819,UtheSpazierWilhelmine,SchragJohannLeonhard,0.0005697103828038164,0.019683450548192986,0.07903795283993507,0.0004252263748044852,0.0018960933522425855,0.0003690195643067154,0.009979584329718206,0.10116510525537632,0.0003797772848866909,0.0006408797970004388,0.00038563570380784523,0.0011747769362754215,0.0017231742381247546,0.0008850391535609037,0.004037335586652839,0.03969347796901807,0.0010892680305487473,0.0008110453685845168,0.7342692748246235,0.0017841724595361692
816,ub0846,ub0846,AretinJohann+BaboJoseph_WagnerJohann_1803-12-29.xml,JP-UB0846,letters-context,Aretin Johann Christoph + Babo Joseph Marius Franz von,Wagner Johann Ernst,1803-12-29,1803,12,1799,AretinJohannChristophANDBaboJosephMariusFranzvon,WagnerJohannErnst,0.0008221929287176129,0.0007081400410666807,0.003271503386841844,0.0006136769295792638,0.0027363983410833587,0.0005325605526763156,0.014402306707232512,0.06290346445633799,0.000548085847733158,0.0009249029913383039,0.0005565405832546225,0.0016954110702223331,0.002486845450423205,0.0012772681623156865,0.005826589913754511,0.0018875883178010367,0.0015720065830426384,0.0011704820327085195,0.8657905956893591,0.030273440014511356
817,ub0279,ub0279,SpazierJohann_BoettigerCarl_1801-02-04.xml,JP-UB0279,letters-context,Spazier Johann Karl Gottlieb,Böttiger Carl August,1801-02-04,1801,2,1799,SpazierJohannKarlGottlieb,BöttigerCarlAugust,0.04384303930141474,0.0003699689573678914,0.001709202455537226,0.00032061654564141537,0.0014296359229579404,0.00027823715788212504,0.007524509400910522,0.13416214848571822,0.0002863483744380435,0.0004832171258900117,0.00029076556525384,0.0008857703696790024,0.0012992565948428305,0.0006673109030515059,0.0030441117157489557,0.00098617369641283,0.0008212974874682759,0.0006115203097493601,0.7996416209702641,0.0013452486597710467
818,ub0223,ub0223,GentzAnna_RichterCaroline_1807-10-29.xml,JP-UB0223,letters-context,Gentz Anna Henriette (Nanette),Richter Caroline,1807-10-29,1807,10,1804,GentzAnnaHenrietteNanette,RichterCaroline,0.00010789994850724919,9.29322927724413e-05,0.0004293335963520121,8.053548843452963e-05,0.00762911493852516,6.989023403593723e-05,0.37266035780832574,0.5135204771319406,7.192768592670689e-05,0.00012137903605575721,7.303723758489409e-05,0.00022249615727167125,0.0003263595278843738,0.00016762144763123534,0.10254472571225354,0.0002477164120242257,0.0002063012505202587,0.00015360744011128118,0.0009363744052281732,0.00033791224861404303
819,ub0350,ub0350,RichterCaroline_RichterMax_1820-11-03.xml,JP-UB0350,letters-context,Richter Caroline,Richter Max,1820-11-03,1820,11,1819,RichterCaroline,RichterMax,0.0002907221890248864,0.0002503938135252271,0.0011567827851650752,0.00021699225825211443,0.187054252937233,0.00018831002341974424,0.2597374944066869,0.4825619466951249,0.0001937996689841038,0.0003270398137538459,0.00019678920967774652,0.0005994865686826517,0.0008793327306296085,0.00045163389655926574,0.060824459829063975,0.000667439220846664,0.0005558515270819763,0.0004138750004747272,0.0025229374119351057,0.000910460013878469
820,ub0227,ub0227,RichterCaroline_RichterOdilie_1822-11-29.xml,JP-UB0227,letters-context,Richter Caroline,Richter Odilie Minna,1822-11-29,1822,11,1819,RichterCaroline,RichterOdilieMinna,0.00018656846843438549,0.00016068807974904106,0.06359473906786615,0.00013925291846488588,0.41544666377378797,0.00012084634054973189,0.003268109236212513,0.4668109447516244,0.00012436927345218918,0.00020987499225213484,0.00012628778552175625,0.0003847153577827981,0.0005643042292301556,0.0002898321750284531,0.013892621348612414,0.012998800118522459,0.006641951309375304,0.00026560072769416497,0.0016190734201586938,0.013154756625680476
821,ub0355,ub0355,RichterCaroline_OsmundEmanuel_1808-04-04.xml,JP-UB0355,letters-context,Richter Caroline,Osmund Emanuel,1808-04-04,1808,4,1804,RichterCaroline,OsmundEmanuel,0.0011824740999311525,0.0010184437598989957,0.004705061169537466,0.000882587346116649,0.003935475546441935,0.04060187291921557,0.14022117178803914,0.4888269418824594,0.0007882545529722763,0.0013301912410171315,0.0008004141148302128,0.00243833242691755,0.0035765697234146827,0.0018369612141528066,0.24739545554265965,0.002714720863160016,0.0022608526593247144,0.0016833818922176082,0.050097661421526975,0.003703175836166013
822,ub0113,ub0113,RichterCaroline_OsmundEmanuel_1807-04-15.xml,JP-UB0113,letters-context,Richter Caroline,Osmund Emanuel,1807-04-15,1807,4,1804,RichterCaroline,OsmundEmanuel,0.002452590582876436,0.002112372334297197,0.009758851138419905,0.0018305901277479398,0.00816263989621926,0.0015886210531421484,0.5387085681123471,0.3528890916008721,0.0016349328020307935,0.002758973335088933,0.0016601531657634238,0.0050573886975862035,0.007418226938889026,0.0038100739586623936,0.01738064030183992,0.00563065087388561,0.004689274751856118,0.003491532352783037,0.02128400504431056,0.007680822931381872
823,ub0290,ub0290,MayerJohann_RichterCaroline_1808-04-06.xml,JP-UB0290,letters-context,Mayer Johann Siegfried Wilhelm,Richter Caroline,1808-04-06,1808,4,1804,MayerJohannSiegfriedWilhelm,RichterCaroline,0.00013547783809823212,0.00011668463505778633,0.5893033739980919,0.00010111936116968782,0.00045089335906084953,8.775331167773555e-05,0.0023731575743017336,0.1837994420644362,9.0311511020825e-05,0.00015240201337238414,9.170465033172478e-05,0.00027936341758592317,0.00040977297850669633,0.0002104634122457445,0.032908534252128537,0.00031102965688846733,0.00025902929337884414,0.004756932001615282,0.18373827623955413,0.0004242784314773533
824,ub0048,ub0048,BassewitzAdelheid_RichterCaroline_1810-08-20.xml,JP-UB0048,letters-context,Bassewitz Adelheid Henriette von,Richter Caroline,1810-08-20,1810,8,1809,BassewitzAdelheidHenriettevon,RichterCaroline,9.891137087727712e-05,8.519059187755848e-05,0.0003935680708503398,7.382650015625577e-05,0.003661383693101697,6.406804595429294e-05,0.3949310183661237,0.4574130259437731,6.593576843609737e-05,0.00011126758648296104,6.6952889177013e-05,0.00020396117176264174,0.00029917223083508336,0.10345154082802044,0.014029708935018478,0.00022708045963961166,0.023514443806471063,0.00014081121157657737,0.0008583699747483302,0.0003097625551173711
825,ub1127,ub1127,Uthe-SpazierWilhelmine_EnslinTheodor_1816-08-28.xml,JP-UB1127,letters-context,Uthe-Spazier Wilhelmine,Enslin Theodor Christian Friedrich,1816-08-28,1816,8,1814,UtheSpazierWilhelmine,EnslinTheodorChristianFriedrich,0.00026244756026250654,0.0002260413822726669,0.0010442781156076565,0.00019588834607063395,0.0008734702567240812,0.0001699956456204888,0.013438780900543696,0.25879961177514754,0.0001749513873542191,0.00029523305914931077,0.00017765017571978435,0.0005411825904607354,0.0007938118882042179,0.0004077095548894693,0.17868991153645816,0.0006025264040637799,0.053550802946444716,0.0003736229576853447,0.4885601716771534,0.0008219118401675137
826,ub0337,ub0337,RichterCaroline+RichterJohann_OsmundEmanuel_1802-08-17.xml,JP-UB0337,letters-context,Richter Caroline + Jean Paul,Osmund Emanuel,1802-08-17,1802,8,1799,RichterCarolineANDJeanPaul,OsmundEmanuel,0.00021339298380662958,0.00018379155431543312,0.08711612845252299,0.00015927447989666068,0.09416616648128852,0.00013822143370967698,0.1043828708319021,0.5842507132589857,0.0001422508882585324,0.00024005048226478375,0.10797824319192947,0.007628948978729925,0.0006454389868804298,0.00033150378063074676,0.001512240453165859,0.0004899070391694443,0.007596920423369477,0.00030378837463525043,0.0018518612015683532,0.0006682867229701572
827,ub1272,ub1272,OsmundEmanuel_GoldschmidtCaroline_1805-12-20.xml,JP-UB1272,letters-context,Osmund Emanuel,Goldschmidt Caroline,1805-12-20,1805,12,1804,OsmundEmanuel,GoldschmidtCaroline,0.0001842523288225272,0.00015869323019175328,0.0007331395062185265,0.0001375241740354014,0.0006132231856057171,0.00011934610313746097,0.1646150174758884,0.3306643308138396,0.00012282530086583568,0.00020726951562914067,0.00012471999571785552,0.0314159931709591,0.006764509485015382,0.00028623407623390505,0.0013057309582771154,0.4597566027123217,0.00035228455966133736,0.00026230344830117274,0.0015989735602284225,0.0005770263990497758
828,ub0489,ub0489,RichterCaroline_WaltherJohann_1826-06-14.xml,JP-UB0489,letters-context,Richter Caroline,Walther Johann Adam,1826-06-14,1826,6,1824,RichterCaroline,WaltherJohannAdam,0.000986069115855617,0.0008492836654356692,0.03714289583607512,0.0007359925465608684,0.003281806250790055,0.0006387083797183522,0.6152208485227989,0.04222180039729493,0.0006573281141327263,0.0011092509349887817,0.0006674680135276855,0.002033333584653279,0.002982513481833407,0.0015318481143952185,0.07342658148561135,0.0022638148281529822,0.0018853326115049304,0.0014037778030005215,0.17465392601564125,0.0363074202980284
829,ub0753,ub0753,RichterCaroline_ThieriotPaul_1803-10-06.xml,JP-UB0753,letters-context,Richter Caroline,Thieriot Paul Emile,1803-10-06,1803,10,1799,RichterCaroline,ThieriotPaulEmile,0.0008967052720222975,0.0007723161875704611,0.03377677079510154,0.0006692922291736003,0.0029843881321500263,0.0005808245711876928,0.015707535181311554,0.7936149677930988,0.0005977568670527107,0.0010087235726240367,0.0006069778243862604,0.001849059985573632,0.002712219174126525,0.031601805313126015,0.00635463248476816,0.002058653555461588,0.001714471800270416,0.00127655854590497,0.0984081123609052,0.002808228354184657
830,ub0945,ub0945,BrockhausFriedrich_Borntraeger_1811-01-15.xml,JP-UB0945,letters-context,Brockhaus Friedrich Arnold,Bornträger Johann Friedrich Wilhelm,1811-01-15,1811,1,1809,BrockhausFriedrichArnold,BornträgerJohannFriedrichWilhelm,0.00045594849723008417,0.0003927002729838565,0.001814217808027368,0.0003403155926709973,0.06295861739020528,0.00029533236688804846,0.3305528246198681,0.21920665298887332,0.00030394194586029987,0.0005129065384228662,0.00030863053392867715,0.0009401931136294408,0.0013790844050829436,0.00070831124767273,0.2643560031777625,0.0010467653355190048,0.0008717589438430503,0.000649092816549337,0.11147880012993272,0.0014279022750493743
831,ub1075,ub1075,WagnerJohann_HeimAnton_1809-07-13.xml,JP-UB1075,letters-context,Wagner Johann Ernst,Heim Anton Christoph,1809-07-13,1809,7,1809,WagnerJohannErnst,HeimAntonChristoph,0.0010952161550158007,0.0009432900550475961,0.07815055223953499,0.0008174588515179792,0.11433410150550613,0.0007094063940989834,0.2036665644912476,0.3789623966117977,0.0007300871289529809,0.0012320328508736904,0.0007413494040298738,0.1867401267955846,0.003312645021867475,0.0017014069043835565,0.007761408763450681,0.002514394307549229,0.0020940182594671878,0.0015591606137716982,0.00950447511733805,0.003429908528964233
832,ub0359,ub0359,EndeHenriette_RichterCaroline_1818-09-03.xml,JP-UB0359,letters-context,Ende Henriette Freifrau von,Richter Caroline,1818-09-03,1818,9,1814,EndeHenrietteFreifrauvon,RichterCaroline,6.565671463192529e-05,0.002268434514487952,0.00026124788572710417,4.9005543144753026e-05,0.00021851674798518012,4.252794570469799e-05,0.06308290067602602,0.3744080831863459,4.376772755092893e-05,7.385868893232701e-05,4.444288558018492e-05,0.00013538807855598402,0.00019858855065417005,0.27437580675137124,0.2216538421012836,0.00015073450913487982,0.0200325035993543,9.34695521198452e-05,0.03374806375415509,0.009053160587253854
833,ub0054,ub0054,MayerJohann+MayerJulie_RichterCaroline_1811-05-08.xml,JP-UB0054,letters-context,Mayer Johann Siegfried Wilhelm + Mayer Julie Henriette,Richter Caroline,1811-05-08,1811,5,1809,MayerJohannSiegfriedWilhelmANDMayerJulieHenriette,RichterCaroline,0.00014195683968675182,0.00012226488306371538,0.10099384242886658,0.00010595522591956276,0.0004724565817297116,9.19499674093222e-05,0.02639831572299846,0.3121476729817014,9.463050836813484e-05,0.00015969038540868222,9.609027224239536e-05,0.0002927235069682257,0.0004293696875769452,0.00022052847381896464,0.3596809855185105,0.00032590413133642797,0.00027141693719449016,0.0002020911692011093,0.13035492156715595,0.0673972332108428
834,ub0010,ub0010,Uthe-SpazierWilhelmine_FalkJohannes_1805-02-23.xml,JP-UB0010,letters-context,Uthe-Spazier Wilhelmine,Falk Johannes Daniel,1805-02-23,1805,2,1804,UtheSpazierWilhelmine,FalkJohannesDaniel,0.00015950093136257352,0.00013737529494620553,0.0006346537642581767,0.01623915935369244,0.0005308463120238058,0.00010331383449299129,0.3574363752168997,0.3614719647582584,0.00010632565682173284,0.00017942612176023392,0.00010796582927152653,0.000328900474934341,0.016602543801840956,0.00024778303774379145,0.10859772248083896,0.0003661818098921936,0.00030496067935596965,0.005600436907886926,0.12497168194501918,0.005872881788699971
835,ub1298,ub1298,GoldschmidtCaroline_OsmundEmanuel_1809-04-08.xml,JP-UB1298,letters-context,Goldschmidt Caroline,Osmund Emanuel,1809-04-08,1809,4,1809,GoldschmidtCaroline,OsmundEmanuel,0.0015538744621382025,0.0013383242387492464,0.058530782844219365,0.001159797020346442,0.00517155931647176,0.0010064939911811801,0.3413066544286686,0.3282738617377073,0.0010358354737740976,0.0017479877143159312,0.001051814202308564,0.003204182221505948,0.004699925652151153,0.002413927813536571,0.011011757644834651,0.003567380817341988,0.002970958273154954,0.05456003180445205,0.013484791192334564,0.1619100591508074
836,ub0990,ub0990,KalbCharlotte_RichterCaroline_1816-07-11.xml,JP-UB0990,letters-context,Kalb Charlotte von,Richter Caroline,1816-07-11,1816,7,1814,KalbCharlottevon,RichterCaroline,0.00020178788814821072,0.00017379629331391454,0.18434783206961305,0.00015061254761485418,0.0006715845187828473,0.00013070444354612896,0.1191000260765578,0.5320831298211689,0.0001345147615298708,0.06140863519421514,0.00013658977721796355,0.00041609871291019496,0.0006103376398220472,0.0003134753852415457,0.0966014385380612,0.0004632640917216216,0.0003858119882422477,0.00028726724500545734,0.001751150175334287,0.0006319428319528791
837,ub0041,ub0041,RichterCaroline_MayerJohann_1802-03-09.xml,JP-UB0041,letters-context,Richter Caroline,Mayer Johann Siegfried Wilhelm,1802-03-09,1802,3,1799,RichterCaroline,MayerJohannSiegfriedWilhelm,0.00024715124291649424,0.0002128669381547044,0.009309603884549605,0.0001844713212642884,0.0008225615028923043,0.0001600877335779827,0.09591742175293064,0.7183087260874476,0.00016475463818871517,0.0002780258938044896,0.00016729613218565258,0.0005096406678094277,0.000747545889225741,0.000383946885004663,0.0017514732720885881,0.0005674091597781302,0.0004725452716771539,0.008678036741448458,0.002144821209731975,0.15897161377532346
838,ub1018,ub1018,RichterMax_RichterEmma_1821-06-19.xml,JP-UB1018,letters-context,Richter Max,Richter Emma,1821-06-19,1821,6,1819,RichterMax,RichterEmma,0.15390529143302464,0.00010920814027379559,0.0005045256306058528,9.464020154450464e-05,0.0004220026499671886,8.213057328795884e-05,0.05775222191611454,0.5607404686003331,8.452485761314087e-05,0.00014263694998178412,8.582873239674315e-05,0.00026146338187526944,0.12853226224233538,0.0001969781011497555,0.07778781381035796,0.017377599988140008,0.00024243215391923456,0.00018050972774176583,0.0011003678521668305,0.00039709305717053686
839,ub0765,ub0765,RichterCaroline_OsmundEmanuel_1804-02-04.xml,JP-UB0765,letters-context,Richter Caroline,Osmund Emanuel,1804-02-04,1804,2,1804,RichterCaroline,OsmundEmanuel,0.00031882548270221995,0.00027459867693826567,0.0012686057128934954,0.0002379682875666329,0.011801903188254751,0.00020651342202616303,0.23114159715023624,0.4218018725588056,0.032434926497183915,0.000358653829735674,0.11836458572446586,0.000657437243695846,0.000964335344471582,0.0004952920709566698,0.002259403209242018,0.000731958687001409,0.0006095841257493657,0.00045388312893255265,0.034989215413578745,0.14062884024556302
840,ub0163,ub0163,RichterCaroline_RichterOdilie_oD.xml,JP-UB0163,letters-context,Richter Caroline,Richter Odilie Minna,0000-00-00,0,0,0,RichterCaroline,RichterOdilieMinna,0.0003952387030456404,0.00034041201478395266,0.0015726537050635321,0.000295002383581973,0.2942466366922768,0.00025600869915210617,0.2998545887086942,0.2965396078619467,0.0002634719079299268,0.0004446127496009362,0.00026753620790792527,0.0008150058813678308,0.0011954585550051613,0.0006139992139102011,0.002800916622188666,0.0009073879530628008,0.0007556837590783715,0.0005626657495917598,0.030060060229347717,0.06781305240246377
841,ub0789,ub0789,SchwendlerAuguste_OsmundEmanuel_1808-06-13.xml,JP-UB0789,letters-context,Schwendler Auguste Sophie Henriette,Osmund Emanuel,1808-06-13,1808,6,1804,SchwendlerAugusteSophieHenriette,OsmundEmanuel,0.00022301228863597528,0.00019207648924853967,0.0008873652789958797,0.00016645423691739674,0.0007422229447004644,0.00014445216389154383,0.4847372891614405,0.4077370090474761,0.0001486632577375776,0.015276833813371126,0.00015095652717908752,0.0004598646981053161,0.0006745340126530345,0.00034644727062317003,0.016606371420134602,0.0005119910133646011,0.03047831708828566,0.0003174825126856185,0.039500245098143434,0.0006984116764104245
842,ub1059,ub1059,WagnerJohann_GoeschenGeorg_1808-03-07.xml,JP-UB1059,letters-context,Wagner Johann Ernst,Göschen Georg Joachim,1808-03-07,1808,3,1804,WagnerJohannErnst,GöschenGeorgJoachim,0.0004938791192170169,0.0004253692382270939,0.001965143647889325,0.0003686266457401089,0.0016437139694560892,0.0003199012391115352,0.058565603104784175,0.5369286867812043,0.00032922705399079585,0.0005555755331486597,0.0003343056884410659,0.0010184083282961088,0.3342561492469004,0.0007672360743752718,0.020138063195208285,0.0011338463556162376,0.0009442810799253461,0.0007030912273534902,0.03756220217119368,0.0015466902999210694
843,ub0511,ub0511,SpazierJohann_BoettigerCarl_1800-07-10.xml,JP-UB0511,letters-context,Spazier Johann Karl Gottlieb,Böttiger Carl August,1800-07-10,1800,7,1799,SpazierJohannKarlGottlieb,BöttigerCarlAugust,0.0002879024620097212,0.00024796523315853594,0.0011455630991791226,0.00021488764100660107,0.0009581885125988424,0.00018648359640347824,0.07293647209697149,0.17721122432523193,0.00019191999765940228,0.00032386784053443213,0.00019488054266927882,0.0005936721226693879,0.0008708040446555806,0.00044725347997199433,0.0020402627202198635,0.0006609656991374526,0.0005504602992139182,0.0004098608090445706,0.7396257360546189,0.000901629423045442
844,ub0834,ub0834,SpazierJohann_BodeAugust_1803-08-06.xml,JP-UB0834,letters-context,Spazier Johann Karl Gottlieb,Bode August Theodor Heinrich,1803-08-06,1803,8,1799,SpazierJohannKarlGottlieb,BodeAugustTheodorHeinrich,0.00048579638221994524,0.00041840772164245866,0.00193298245975783,0.00036259376823689785,0.05071427464009744,0.00031466579286534613,0.008509667560518056,0.3808490240951435,0.01668965944925363,0.0005464830837177792,0.00032883450156323644,0.001001741240434012,0.017835184262328847,0.0007546796265269144,0.003442666802299061,0.0011152900297240569,0.000928827145301733,0.3443738143510973,0.16787402964311615,0.0015213774441558705
845,ub0882,ub0882,WagnerJohann_MuellerFriedrich_1808-06-11.xml,JP-UB0882,letters-context,Wagner Johann Ernst,Müller Friedrich Theodor Adam Heinrich von,1808-06-11,1808,6,1804,WagnerJohannErnst,MüllerFriedrichTheodorAdamHeinrichvon,0.0001586484545488388,0.010825943089828288,0.0006312617613767033,0.00011841368743207141,0.0005280091237466529,0.00010276165810323029,0.21122042529193685,0.3221274661944898,0.00010575738329272376,0.00017846715175753693,0.00010738878959317884,0.00032714261667914047,0.2516784533929575,0.0002464587238811145,0.15077451362537586,0.00036422469591249583,0.0003033307709533612,0.026949108562898297,0.02275538274905932,0.0004968422761771682
846,ub0515,ub0515,RichterCaroline_RichterOdilie_1822-08-02.xml,JP-UB0515,letters-context,Richter Caroline,Richter Odilie Minna,1822-08-02,1822,8,1819,RichterCaroline,RichterOdilieMinna,0.00016123366760150586,0.0001388676696292487,0.0006415483169552089,0.00012034326570142412,0.31557772607884443,0.00010443618295503337,0.019119550951756742,0.6152590036321729,0.00010748072417544316,0.0001813753150391015,0.00010913871461675314,0.0003324734808538194,0.00048767533595215994,0.0002504748254670583,0.0391648091477015,0.005801903147389401,0.0003082736156257169,0.0002295338531913813,0.0013992136390405586,0.0005049384353307048
847,ub0957,ub0957,BrockhausFriedrich_LudwigErnst_1811-03-23.xml,JP-UB0957,letters-context,Brockhaus Friedrich Arnold,Ludwig Ernst Karl Friedrich,1811-03-23,1811,3,1809,BrockhausFriedrichArnold,LudwigErnstKarlFriedrich,0.0001842523288225272,0.00015869323019175328,0.025561982571656868,0.0001375241740354014,0.013027644718324887,0.00011934610313746097,0.31979528663487805,0.18169127242120947,0.00012282530086583568,0.00020726951562914067,0.00012471999571785552,0.00037993933916117157,0.0005572987186557962,0.00028623407623390505,0.3489095338744139,0.0004230060017123902,0.00035228455966133736,0.00026230344830117274,0.02642781662566676,0.0812707663617244
848,ub0074,ub0074,SchwendlerAuguste_OsmundEmanuel_1816-02-19a.xml,JP-UB0074,letters-context,Schwendler Auguste Sophie Henriette,Osmund Emanuel,1816-02-19a,1816,2,1814,SchwendlerAugusteSophieHenriette,OsmundEmanuel,0.0002513365952953062,0.00021647170718383377,0.0010000676167677164,0.00018759522820550068,0.017770868293200796,0.00016279871964725202,0.4362292680257823,0.3748509153238568,0.00016754465538112892,0.00028273408916808365,0.00017012918799612175,0.09365734584453583,0.000760205113305788,0.008857637398153609,0.0017811333811750649,0.0005770178805298988,0.05975086781391429,0.0003578052774233092,0.0021811424211746018,0.0007871154273028098
849,ub0245,ub0245,MayerJohann_RichterMax_1818-02-23.xml,JP-UB0245,letters-context,Mayer Johann Siegfried Wilhelm,Richter Max,1818-02-23,1818,2,1814,MayerJohannSiegfriedWilhelm,RichterMax,0.0008704112086974965,0.0007496695818502245,0.3260160526126609,0.0006496665920710113,0.061542820425791726,0.0005637930687175816,0.1325388304163692,0.1838843843187504,0.0005802288593499438,0.0009791447998395537,0.0005891794308124515,0.00179484005192433,0.0026326888480090174,0.08932108989232213,0.006168295776182179,0.00199828771549161,0.0016641983921714227,0.0012391260557756978,0.183491409199617,0.002725882753596288
850,ub0698,ub0698,OsmundEmanuel_GoldschmidtCaroline_1801-10-27.xml,JP-UB0698,letters-context,Osmund Emanuel,Goldschmidt Caroline,1801-10-27,1801,10,1799,OsmundEmanuel,GoldschmidtCaroline,0.00027976218559808787,0.0002409541589068769,0.0011131729618764046,0.0002088118166352954,0.0009310962838886097,0.00018121088004543427,0.2028215494361191,0.4360953071695,0.00018649357018475703,0.0003147106637448149,0.0001893704074884151,0.0005768863850877247,0.0008461825614824865,0.0004346076452416404,0.03968180806871696,0.2645369054929068,0.047658937104372655,0.0003982722305634118,0.0024278246076006567,0.0008761363700398599
851,ub0017,ub0017,OttoGeorg_Industrie-Comptoir_1817-11-08.xml,JP-UB0017,letters-context,Otto Georg Christian,Industrie-Comptoir ,1817-11-08,1817,11,1814,OttoGeorgChristian,IndustrieComptoir,0.0007401847158022662,0.0006375078363452699,0.027881010931615047,0.0005524667846797356,0.0024634610170823157,0.00047944122062086543,0.012965773512084456,0.10650090308589884,0.0004934179719501659,0.07564010413139689,0.0005010294044869297,0.0015263052227143911,0.002238799348270565,0.0011498692566007554,0.0052454267712268,0.0016993140828180278,0.0014152095028639488,0.0010537343249634966,0.7544979908223304,0.002318050056248972
852,ub0634,ub0634,RichterCaroline_RichterMax_1820-12-10.xml,JP-UB0634,letters-context,Richter Caroline,Richter Max,1820-12-10,1820,12,1819,RichterCaroline,RichterMax,0.18037341457348266,0.00010473428455824829,0.00048385707173773964,9.076314068128593e-05,0.17246326238781262,7.876598586980209e-05,0.14141559967932615,0.4927060416898412,8.10621851750762e-05,0.00013679363892159788,8.23126450059254e-05,0.0002507521890788687,0.0003678057502082186,0.00018890863305463817,0.009055019886092395,0.0002791753050817578,0.00023250060051373942,0.00017311490831580808,0.0010552898296652207,0.0003808256155771483
853,ub0884,ub0884,WagnerJohann_MuellerFriedrich_1808-06-30.xml,JP-UB0884,letters-context,Wagner Johann Ernst,Müller Friedrich Theodor Adam Heinrich von,1808-06-30,1808,6,1804,WagnerJohannErnst,MüllerFriedrichTheodorAdamHeinrichvon,0.0003952387030456404,0.00034041201478395266,0.04151781936736501,0.04024016804588345,0.001315421835399276,0.00025600869915210617,0.1400739260594883,0.2965396078619467,0.0002634719079299268,0.0004446127496009362,0.00026753620790792527,0.0008150058813678308,0.4006471151780199,0.0006139992139102011,0.06937619272602448,0.0009073879530628008,0.0007556837590783715,0.0005626657495917598,0.0034299497878133994,0.0012377762986279595
854,ub1277,ub1277,OsmundEmanuel_GoldschmidtCaroline_1806-11-07.xml,JP-UB1277,letters-context,Osmund Emanuel,Goldschmidt Caroline,1806-11-07,1806,11,1804,OsmundEmanuel,GoldschmidtCaroline,0.00021809662120356218,0.00018784271294631767,0.0008678058518930338,0.00016278522981287067,0.0007258627648235193,0.00014126812949628084,0.14342058747935862,0.3914022349888374,0.00014538640183458336,0.0002453417078964358,0.00014762912271674563,0.0004497282974001393,0.0006596658414937947,0.00033881083239966665,0.016240331505205256,0.3972591727362131,0.00041699376423256747,0.0003104845196265149,0.009240059200342092,0.03741991229226757
855,ub0839,ub0839,SpazierJohann_BodeAugust_1803-10-23.xml,JP-UB0839,letters-context,Spazier Johann Karl Gottlieb,Bode August Theodor Heinrich,1803-10-23,1803,10,1799,SpazierJohannKarlGottlieb,BodeAugustTheodorHeinrich,0.0003487962850793417,0.0003004119921406221,0.0013878594525675288,0.000260338207493463,0.012911326767358905,0.00022592646551099037,0.017860317883757047,0.4849537918733782,0.00023251271193983452,0.0003923686475152972,0.00023609943743723658,0.0007192388335159768,0.0010549865176133018,0.0005418514006933778,0.03772321533198715,0.0008007655746140468,0.0006668873413211539,0.4352640590935217,0.0030269144564514985,0.0010923317261033409
856,ub0395,ub0395,RichterCaroline_RichterOdilie_1822-09-04.xml,JP-UB0395,letters-context,Richter Caroline,Richter Odilie Minna,1822-09-04,1822,9,1819,RichterCaroline,RichterOdilieMinna,0.00010092926363939876,0.00688726825209659,0.0004015972605635877,7.533263599278075e-05,0.3301523845474719,6.537509938068668e-05,0.20917833256568705,0.3851406415785422,6.728092530443368e-05,0.00011353755863511421,6.831879634496698e-05,0.00020812218751445395,0.00030527564921737363,0.00015679256119806217,0.0007152499236903171,0.05463443061506995,0.00019297352400031903,0.00014368390378724852,0.011076391124956385,0.0003160820269071534
857,ub0028,ub0028,RichterCaroline_RichterOdilie_1822-09-29.xml,JP-UB0028,letters-context,Richter Caroline,Richter Odilie Minna,1822-09-29,1822,9,1819,RichterCaroline,RichterOdilieMinna,0.00019015395727690256,0.00016377619706007694,0.0007566220694977861,0.00014192909300624138,0.4042126675766636,0.000123168775896584,0.03536105911663025,0.4565640717157469,0.01934484525876337,0.0002139083878701518,0.00012871479502520668,0.00039210885055491833,0.0005751490763507264,0.00029540219464906466,0.03337769678425253,0.04527875525165671,0.0003635682845109538,0.0002707050652797349,0.0016501889121381794,0.0005955086371702933
858,ub0979,ub0979,KalbCharlotte_RichterCaroline_1813-02-16.xml,JP-UB0979,letters-context,Kalb Charlotte von,Richter Caroline,1813-02-16,1813,2,1809,KalbCharlottevon,RichterCaroline,0.00026959852798235127,0.00023220038267017163,0.0010727317963649908,0.00020122575990692097,0.0008972698973221146,0.00017462755522227886,0.05013458369345437,0.5837354744516242,0.0001797183271659694,0.00030327734073339583,0.00018249065002530376,0.0005559283142581135,0.0008154410593136754,0.0004188185088579141,0.21080594073738948,0.0006189435765515126,0.0005154637627787499,0.09120788641212277,0.0568340725892657,0.0008443066569900334
859,ub1111,ub1111,CottaJohann_WagnerJohann_1811-09-26.xml,JP-UB1111,letters-context,Cotta Johann Heinrich,Wagner Johann Ernst,1811-09-26,1811,9,1809,CottaJohannHeinrich,WagnerJohannErnst,0.00045594849723008417,0.0003927002729838565,0.1861376468142193,0.0003403155926709973,0.001517474388141287,0.00029533236688804846,0.00798682385903224,0.4803315107476453,0.21534794245308425,0.0005129065384228662,0.00030863053392867715,0.0009401931136294408,0.0013790844050829436,0.016068596998188724,0.06467228842105452,0.0010467653355190048,0.0008717589438430503,0.000649092816549337,0.019317085626836747,0.0014279022750493743
860,ub0640,ub0640,RichterCaroline_RichterOdilie_1822-04-14.xml,JP-UB0640,letters-context,Richter Caroline,Richter Odilie Minna,1822-04-14,1822,4,1819,RichterCaroline,RichterOdilieMinna,0.00018199299111482727,0.00015674730309699035,0.006855246354621208,0.0001358378260033082,0.44204466950003096,0.0001178826581280618,0.033843444595015384,0.4063139185174279,0.00012131919326068809,0.0002047279367231358,0.0001231906549978208,0.09847282839964228,0.0005504650139338079,0.00028272421860661386,0.007420816579501775,0.0004178190202703661,0.00034796477822590194,0.00025908703266402016,0.0015793666370414767,0.000569950789693613
861,ub0528,ub0528,RichterOdilie_RichterCaroline_1819-12-23.xml,JP-UB0528,letters-context,Richter Odilie Minna,Richter Caroline,1819-12-23,1819,12,1819,RichterOdilieMinna,RichterCaroline,0.0004174734301481428,0.0003595623869332616,0.0016611256226398555,0.00031159817099597905,0.4795692642860906,0.0002704108402320408,0.06356931023963247,0.4257347779387035,0.00027829390265578507,0.0004696250853805334,0.0002825868457301634,0.0008608552205633791,0.015326823796615959,0.0006485406311784079,0.002958486253531264,0.0009584343798347252,0.000798195846152396,0.0005943193282916503,0.003622906593206292,0.001307409201483529
862,ub0649,ub0649,MayerJohann+MayerJulie_RichterCaroline_1818-01-23.xml,JP-UB0649,letters-context,Mayer Johann Siegfried Wilhelm + Mayer Julie Henriette,Richter Caroline,1818-01-23,1818,1,1814,MayerJohannSiegfriedWilhelmANDMayerJulieHenriette,RichterCaroline,0.00025566614219044354,0.00022020066836683091,0.2680216950698694,0.00019082676055305007,0.01807699087575716,0.00016560310509837565,0.09060894092895397,0.39853422138887024,0.00017043079474993007,0.00028760449212897717,0.00017305984875722348,0.0005271989001739386,0.0007733004752609919,0.00039717469245479953,0.01042486051337572,0.0005869576426650215,0.0004888254867520645,0.026203104366486325,0.18309266349877765,0.000800674348757879
863,ub1147,ub1147,Ludwig_RichterCaroline_1825-12-03.xml,JP-UB1147,letters-context,Ludwig ,Richter Caroline,1825-12-03,1825,12,1824,Ludwig,RichterCaroline,0.0003705680338751469,0.00031916360936798236,0.0014744891807434205,0.00027658843233232156,0.0012333136393377394,0.0002400287207924953,0.3810092354280947,0.06580282768721547,0.0002470260785458865,0.4123866780801852,0.0002508366862629951,0.0007641334837096733,0.0011208384272436275,0.03802747521428864,0.002626084332669253,0.000850749097032756,0.0007085142286804727,0.0005275443395305012,0.09060339058879108,0.0011605147113005615
864,ub0943,ub0943,Uthe-SpazierWilhelmine_RichterCaroline_1811-01-04.xml,JP-UB0943,letters-context,Uthe-Spazier Wilhelmine,Richter Caroline,1811-01-04,1811,1,1809,UtheSpazierWilhelmine,RichterCaroline,0.0014066084111228176,0.001211486627075284,0.005596890973175728,0.0010498790499263585,0.0046814327736359705,0.0009111050784578156,0.11941293417323764,0.6288693053628189,0.0009376657673780903,0.0015823248797800606,0.0009521301366069275,0.0029005108027443747,0.004254497461056622,0.002185151535144967,0.009968135330029508,0.0032292878128948464,0.0026893902937076514,0.002002461727375675,0.20175370043262847,0.004405101371202268
865,ub0305,ub0305,SpazierJohann_MuechlerKarl_1800-10-08.xml,JP-UB0305,letters-context,Spazier Johann Karl Gottlieb,Müchler Karl,1800-10-08,1800,10,1799,SpazierJohannKarlGottlieb,MüchlerKarl,9.825655192188613e-05,8.462660804144708e-05,0.00039096254803993176,7.333774955777833e-05,0.00032701456834344136,6.364389885620262e-05,0.00503128423826984,0.2590871739221229,6.549925653026402e-05,0.00011053096617223811,6.650964366780156e-05,0.00020261089585149651,0.0002971916329934005,0.00015264053134644146,0.20923448765193176,0.030016745455042737,0.00018786338467929832,0.043171566588245336,0.4510303420618063,0.00030771184657939237
866,ub1048,ub1048,WagnerJohann_GoeschenGeorg_1806-03-14.xml,JP-UB1048,letters-context,Wagner Johann Ernst,Göschen Georg Joachim,1806-03-14,1806,3,1804,WagnerJohannErnst,GöschenGeorgJoachim,0.0008221929287176129,0.0007081400410666807,0.003271503386841844,0.0006136769295792638,0.0027363983410833587,0.0005325605526763156,0.014402306707232512,0.20139628112180405,0.000548085847733158,0.0009249029913383039,0.0005565405832546225,0.0016954110702223331,0.362568168780635,0.0012772681623156865,0.005826589913754511,0.0018875883178010367,0.0015720065830426384,0.02886904536580174,0.3672164556936813,0.002574876681418141
867,ub0457,ub0457,RichterCaroline_MayerJohann_1802-12-03.xml,JP-UB0457,letters-context,Richter Caroline,Mayer Johann Siegfried Wilhelm,1802-12-03,1802,12,1799,RichterCaroline,MayerJohannSiegfriedWilhelm,0.00011456293377751384,9.86710026276466e-05,0.00045584559629361553,8.550867684283351e-05,0.0003812849891902943,7.420606185939085e-05,0.19883974590302864,0.3175224335594673,0.007795308683082099,0.00012887437540065128,7.754739764466719e-05,0.0619877504607571,0.00034651272311002313,0.0001779723259402488,0.15905012366102525,0.0002630132757146596,0.027235328402820464,0.00016309293222711626,0.024151015003971738,0.2010512020352187
868,ub0381,ub0381,RichterEmma_ReitzensteinAnna_1826-05-15.xml,JP-UB0381,letters-context,Richter Emma,Reitzenstein Anna Margaretha Fanny von,1826-05-15,1826,5,1824,RichterEmma,ReitzensteinAnnaMargarethaFannyvon,0.00016390452960601592,0.00014116803522897133,0.0006521756694759487,0.0001223367715283522,0.0005455022382757477,0.00010616618536147896,0.30656576353952114,0.5039730064977543,0.00010926115990383525,0.00018437982671895269,0.00011094661522725955,0.14942444905254398,0.0004957537574425803,0.0002546239818087702,0.0011615333161653742,0.0003762915789138947,0.00031338021835463704,0.00023333611891142197,0.0014223918412132092,0.03364362906604414
869,ub0598,ub0598,RichterCaroline_OttoGeorg_1801-01-06.xml,JP-UB0598,letters-context,Richter Caroline,Otto Georg Christian,1801-01-06,1801,1,1799,RichterCaroline,OttoGeorgChristian,0.00030569197997852636,0.00026328702631070363,0.011514695255832852,0.0002281655668856511,0.0010173950634681584,0.00019800643391570168,0.8601176492583892,0.116072687169302,0.0002037787508743008,0.00034387966234549703,0.00020692222821578368,0.0006303551743532225,0.0009246111017108471,0.00047488931109004786,0.0021663307297432035,0.0007018068267175721,0.0005844732885979731,0.00043518614379964895,0.002652847845577834,0.0009573411828911383
870,ub0642,ub0642,MayerJohann_RichterOdilie_1818-02-23.xml,JP-UB0642,letters-context,Mayer Johann Siegfried Wilhelm,Richter Odilie Minna,1818-02-23,1818,2,1814,MayerJohannSiegfriedWilhelm,RichterOdilieMinna,0.0008221929287176129,0.0007081400410666807,0.003271503386841844,0.0006136769295792638,0.0027363983410833587,0.0005325605526763156,0.4021821933705376,0.39528622445345657,0.000548085847733158,0.0009249029913383039,0.0005565405832546225,0.0016954110702223331,0.002486845450423205,0.16746864816087498,0.005826589913754511,0.0018875883178010367,0.0015720065830426384,0.0011704820327085195,0.007135132363469484,0.002574876681418141
871,ub0569,ub0569,RichterCaroline+RichterJohann_VossErnestine_1817-09-04.xml,JP-UB0569,letters-context,Richter Caroline + Jean Paul,Voß Ernestine,1817-09-04,1817,9,1814,RichterCarolineANDJeanPaul,VoßErnestine,0.00012061453984602705,0.00010388314252838781,0.00047992492008426486,9.002553766884524e-05,0.0004014257666506379,7.812587989705443e-05,0.5303470068546371,0.4074351759296752,8.040341872504647e-05,0.00013568196077346504,8.164371646882764e-05,0.0002487144062448641,0.00036481671052415526,0.0001873734330189052,0.0496148333150339,0.000276906536675534,0.00023061114250197447,0.00017170805882918096,0.0010467138267689306,0.0085044109034477
872,ub0319,ub0319,RichterCaroline_MayerJohann_1805-07-16.xml,JP-UB0319,letters-context,Richter Caroline,Mayer Johann Siegfried Wilhelm,1805-07-16,1805,7,1804,RichterCaroline,MayerJohannSiegfriedWilhelm,0.2398415863318801,0.00011562915721685896,0.0005341897894699081,0.00010020467994408788,0.00044681477623051934,8.695953385173496e-05,0.3686968618148557,0.2816380307207185,8.949459284975695e-05,0.00015102345185100127,9.087513043574884e-05,0.009322396191420898,0.0004060663525365296,0.00020855965287038772,0.0009513989353869137,0.041013235195007394,0.0002566862284228022,0.00019112300269830083,0.05543842386678763,0.00042044059556531577
873,ub0947,ub0947,WagnerJohann_TruchsessChristian_1811-01-29.xml,JP-UB0947,letters-context,Wagner Johann Ernst,Truchsess von Wetzhausen Christian Freiherr,1811-01-29,1811,1,1809,WagnerJohannErnst,TruchsessvonWetzhausenChristianFreiherr,0.00020742824372057682,0.1748780509623883,0.0008253564074273285,0.0001548224550082243,0.0006903565844285785,0.25170148917541313,0.13640505024811825,0.19755707264400407,0.00013827470516039852,0.021197268222177962,0.0001404077214867183,0.021391657071793482,0.18231477033975213,0.007310213488226622,0.0014699704539848052,0.00047621320489782957,0.0003965961676979021,0.00029529691130998165,0.0018000981560091329,0.0006496068369946696
874,ub0772,ub0772,VossHeinrich_RichterMax_1820-10-26.xml,JP-UB0772,letters-context,Voß Heinrich,Richter Max,1820-10-26,1820,10,1819,VoßHeinrich,RichterMax,0.0018433631451593184,0.0015876556556499632,0.0073347368506004,0.0013758686015280398,0.006135027043221644,0.0011940050334662631,0.09439048853475752,0.8241344865145582,0.001228812869590741,0.0020736399299126143,0.0012477684544881266,0.00380112522691904,0.005575527459433695,0.0028636454713499037,0.01306326135123083,0.004231988158417701,0.0035244513762096477,0.002624230111698148,0.01599702402593942,0.005772894185868782
875,ub0408,ub0408,MahlmannErnestine_MayerJohann_1801-07-11.xml,JP-UB0408,letters-context,Mahlmann Ernestine,Mayer Johann Siegfried Wilhelm,1801-07-11,1801,7,1799,MahlmannErnestine,MayerJohannSiegfriedWilhelm,0.00010869012632353502,9.36128587706765e-05,0.0004324777116951328,8.112526959073132e-05,0.0003617392840239476,7.040205738038039e-05,0.24723264422286856,0.4733416404554285,7.245443003161479e-05,0.00012226792453976767,7.357210720903025e-05,0.00022412555126228198,0.05525309106200233,0.0001688489806494093,0.09963406314889857,0.0002495305001328804,0.00020781204523228936,0.0294477144907979,0.004604854473122487,0.08821933330003978
876,ub1023,ub1023,RichterCaroline_SchragJohann_1826-02-15.xml,JP-UB1023,letters-context,Richter Caroline,Schrag Johann Leonhard,1826-02-15,1826,2,1824,RichterCaroline,SchragJohannLeonhard,0.0001284431636453835,0.00011062579596791391,0.0005110749925056508,9.58687475143902e-05,0.0004274807622961698,8.319672892975409e-05,0.041193613543362415,0.07040585414714973,8.562209400403068e-05,0.3895813081608139,8.694289468259607e-05,0.00026485749747131936,0.00038849555377189486,0.000199535118657896,0.0961058981978732,0.00029487947017080567,0.00024557922081900333,0.00018285296555110216,0.3992056231323999,0.00040224781241296936
877,ub0925,ub0925,WagnerJohann_TruchsessChristian_1810-04-16.xml,JP-UB0925,letters-context,Wagner Johann Ernst,Truchsess von Wetzhausen Christian Freiherr,1810-04-16,1810,4,1809,WagnerJohannErnst,TruchsessvonWetzhausenChristianFreiherr,0.013955054584445693,0.004723869124423581,0.0005440319362649875,0.00010205089488305617,0.0004550470874887244,8.856171441428326e-05,0.16360885439475525,0.2822209436643925,9.114348045029915e-05,0.009366025103992507,9.254945366580937e-05,0.00028193697460559614,0.5116917096051575,0.000212402247318174,0.0055750374912708995,0.00031389493024361434,0.0002614155279905073,0.0001946443366615345,0.005792640470215263,0.00042818697736020324
878,ub0255,ub0255,RichterCaroline_MayerJohann_1803-01-11.xml,JP-UB0255,letters-context,Richter Caroline,Mayer Johann Siegfried Wilhelm,1803-01-11,1803,1,1799,RichterCaroline,MayerJohannSiegfriedWilhelm,0.0002059887989640751,0.00017741446254616948,0.04245652644081188,0.0001537480672245119,0.0006855658666953135,0.00013342550731072504,0.3575219234908074,0.2794599238708576,0.00013731515020428518,0.00023172135114469302,0.00013943336450021902,0.00042476124265651853,0.0006230439227213177,0.00032000145649613564,0.008399252549125932,0.00047290853149139367,0.00039384399536205336,0.0002932477034346601,0.07118243570572495,0.2365875185219202
879,ub0601,ub0601,RichterCaroline+RichterJohann_HeimJohanna_1814-03-17.xml,JP-UB0601,letters-context,Richter Caroline + Jean Paul,Heim Johanna,1814-03-17,1814,3,1814,RichterCarolineANDJeanPaul,HeimJohanna,0.00018656846843438549,0.00016068807974904106,0.0007423554193210768,0.00013925291846488588,0.0006209316933904917,0.00012084634054973189,0.7197852828296264,0.2468276019817166,0.00012436927345218918,0.00020987499225213484,0.00012628778552175625,0.0003847153577827981,0.006849542594084664,0.0002898321750284531,0.013892621348612414,0.00671356175366795,0.00035671294452079607,0.00026560072769416497,0.0016190734201586938,0.0005842798959714586
880,ub1072,ub1072,Uthe-SpazierWilhelmine_KindJohann_1809-04-08.xml,JP-UB1072,letters-context,Uthe-Spazier Wilhelmine,Kind Johann Friedrich,1809-04-08,1809,4,1809,UtheSpazierWilhelmine,KindJohannFriedrich,0.0001951546216394333,0.07906201366859046,0.02050000232137394,0.00014566154100557018,0.0006495078761402343,0.05272236152477448,0.07573794867439806,0.4422728062653382,0.0001300929289274258,0.00021953374569802487,0.00013209973372241035,0.0004024205200215052,0.0005902743334341817,0.0003031706747193681,0.053978945303135004,0.0004480354562840022,0.0003731293948330118,0.0002778240608141253,0.2712478480456382,0.0006111693095124433
881,ub0239,ub0239,RichterCaroline+RichterJohann_OsmundEmanuel_1807-04-06.xml,JP-UB0239,letters-context,Richter Caroline + Jean Paul,Osmund Emanuel,1807-04-06,1807,4,1804,RichterCarolineANDJeanPaul,OsmundEmanuel,0.0010199512112722374,0.03523923704855487,0.00405838304556448,0.0007612818181621381,0.0033945716449598593,0.20682528294003125,0.15530951264526172,0.5247233728043856,0.0006799144151586403,0.0011473656527260403,0.0006904027293181336,0.00210320049501611,0.003084994945604991,0.0015844835971835346,0.0072280327798362985,0.0023416012518221625,0.0019501140942711234,0.0014520126911033973,0.043212084266173706,0.003194199923593691
882,ub0908,ub0908,TruchsessChristian_WagnerJohann_1809-08-20.xml,JP-UB0908,letters-context,Truchsess von Wetzhausen Christian Freiherr,Wagner Johann Ernst,1809-08-20,1809,8,1809,TruchsessvonWetzhausenChristianFreiherr,WagnerJohannErnst,0.08654798149531233,0.09886041804071598,0.0007286168279992191,0.00013667579854715868,0.0006094402614533707,0.00011860986669590965,0.24379546758736506,0.2299217855692799,0.00012206760153536169,0.00020599088677895438,0.00012395060816833623,0.000377595524158287,0.11159440253623992,0.05580473919552185,0.1123382177580085,0.031264991442021266,0.0003501113447527634,0.000260685319578851,0.026264785565925826,0.0005734667699412467
883,ub1044,ub1044,DieskauJohanna_WagnerJohann_1805-11-09.xml,JP-UB1044,letters-context,Dieskau Johanna Sidonie Dorothea von,Wagner Johann Ernst,1805-11-09,1805,11,1804,DieskauJohannaSidonieDorotheavon,WagnerJohannErnst,0.0002771500990852726,0.00023870441558527017,0.001102779476874378,0.0002068621802725988,0.0009224028143259583,0.00017951894839738063,0.07954930652501578,0.4040131364164468,0.40166760394110734,0.00031177226991417785,0.00018760229187883283,0.0005715001062284396,0.07553276593870573,0.000430549796014894,0.02997449604343432,0.0006362804532103169,0.0005299021252013292,0.00039455363821806153,0.0024051564693051354,0.0008679560507780714
884,ub0306,ub0306,VossErnestine_RichterCaroline_1818-08-16.xml,JP-UB0306,letters-context,Voß Ernestine,Richter Caroline,1818-08-16,1818,8,1814,VoßErnestine,RichterCaroline,0.0001044818230787908,8.998832257185237e-05,0.0004157328847364389,0.014157387217327204,0.0003477333328469473,6.767620530409688e-05,0.08278676930813497,0.7295629874723715,6.964911345584305e-05,0.00011753391124000183,7.072351600794164e-05,0.10229111941902068,0.00031602089643445886,0.05647992336527049,0.00426027639971292,0.007279570581336868,0.00019976590402490162,0.00014874136274693942,0.0009067113218871002,0.00032720764248999457
885,ub0727,ub0727,MayerJohann_RichterCaroline_1808-11-02.xml,JP-UB0727,letters-context,Mayer Johann Siegfried Wilhelm,Richter Caroline,1808-11-02,1808,11,1804,MayerJohannSiegfriedWilhelm,RichterCaroline,0.0002103683415088227,0.00018118648408657368,0.4756676477371731,0.00015701691584622696,0.0007001417314778571,0.0001362622765368215,0.02494608157184245,0.3704458264994924,0.00014023461740532924,0.0002366479953164549,0.00014239786720646817,0.007520815893202677,0.0006362905039943138,0.00032680503028341927,0.04401294851393292,0.00048296307350463146,0.0004022175406342034,0.06408269640704008,0.008912636604328814,0.0006588143951864568
886,ub0674,ub0674,MayerJohann_RichterCaroline_1818-10-13.xml,JP-UB0674,letters-context,Mayer Johann Siegfried Wilhelm,Richter Caroline,1818-10-13,1818,10,1814,MayerJohannSiegfriedWilhelm,RichterCaroline,0.0001951546216394333,0.00016808317969560803,0.56618302153623,0.00014566154100557018,0.0006495078761402343,0.00012640786551124642,0.06916345446699015,0.0806756248579034,0.0001300929289274258,0.01994301636792174,0.00013209973372241035,0.0004024205200215052,0.0005902743334341817,0.006877664882127273,0.23806478311055634,0.0004480354562840022,0.01352211780964882,0.0002778240608141253,0.001693585541914104,0.0006111693095124433
887,ub0923,ub0923,WagnerJohann_GoeschenGeorg_1810-02-13.xml,JP-UB0923,letters-context,Wagner Johann Ernst,Göschen Georg Joachim,1810-02-13,1810,2,1809,WagnerJohannErnst,GöschenGeorgJoachim,0.0005108792568104192,0.0004400111522025738,0.002032787148302711,0.00038131538566519684,0.001700293327759902,0.00033091276980717953,0.09500318510451368,0.4177240342058551,0.000340559594686558,0.0005746993635345822,0.00034581304414941263,0.0010534636303602015,0.1564426867658392,0.0007936456112912679,0.003620420245550846,0.0011728752258503405,0.0009767847992788333,0.0007272927923531866,0.2625959252784474,0.0532324152977415
888,ub0467,ub0467,RichterCaroline_VossJohann_1817-09-28.xml,JP-UB0467,letters-context,Richter Caroline,Voß Johann Heinrich,1817-09-28,1817,9,1814,RichterCaroline,VoßJohannHeinrich,0.00024715124291649424,0.0002128669381547044,0.009309603884549605,0.0001844713212642884,0.0008225615028923043,0.0001600877335779827,0.5871626183781371,0.2520420987821668,0.00016475463818871517,0.0002780258938044896,0.00016729613218565258,0.0005096406678094277,0.000747545889225741,0.02536251620493041,0.010077663045397173,0.0005674091597781302,0.0004725452716771539,0.0003518469681398735,0.11038528826274356,0.0007740080824603658
889,ub0938,ub0938,BrockhausFriedrich_Borntraeger_1810-11-21.xml,JP-UB0938,letters-context,Brockhaus Friedrich Arnold,Bornträger Johann Friedrich Wilhelm,1810-11-21,1810,11,1809,BrockhausFriedrichArnold,BornträgerJohannFriedrichWilhelm,0.0001284431636453835,0.00011062579596791391,0.0005110749925056508,9.58687475143902e-05,0.0696606931370802,0.22509113694697785,0.07148314395733042,0.30839502168546984,8.562209400403068e-05,0.00014448855265376793,8.694289468259607e-05,0.00026485749747131936,0.00038849555377189486,0.000199535118657896,0.2691889291348333,0.00029487947017080567,0.02620803386136301,0.00018285296555110216,0.02707710661793574,0.00040224781241296936
890,ub0899,ub0899,BrockhausFriedrich_LudwigErnst_1809-05-22.xml,JP-UB0899,letters-context,Brockhaus Friedrich Arnold,Ludwig Ernst Karl Friedrich,1809-05-22,1809,5,1809,BrockhausFriedrichArnold,LudwigErnstKarlFriedrich,0.00035719060229451587,0.0003076418671855849,0.0014212604175241365,0.0002666036454881162,0.0011887912647141948,0.00023136373219051075,0.006256887437855345,0.316125952618366,0.00023810848673468197,0.0004018116004176857,0.0002417815322787041,0.0007365484184521572,0.0010803763851818843,0.0005548918851695011,0.05066434869994549,0.0008200372255342183,0.0006829370073563314,0.0005085000948501945,0.6167963467151059,0.0011186203633548086
891,ub0029,ub0029,RichterCaroline_MuensterGeorg_1826-03-22.xml,JP-UB0029,letters-context,Richter Caroline,Münster Georg Ludwig Friedrich Wilhelm Graf von,1826-03-22,1826,3,1824,RichterCaroline,MünsterGeorgLudwigFriedrichWilhelmGrafvon,0.0003487962850793417,0.0003004119921406221,0.06014022556502264,0.000260338207493463,0.001160853544867884,0.00022592646551099037,0.12361457688617625,0.07368722908619242,0.00023251271193983452,0.352906565322246,0.00023609943743723658,0.0007192388335159768,0.07155782585255943,0.0005418514006933778,0.002471795664514087,0.0008007655746140468,0.0006668873413211539,0.0004965498613538516,0.29678874501872704,0.012842804948594362
892,ub1291,ub1291,OsmundEmanuel_GoldschmidtCaroline_1808-09-02.xml,JP-UB1291,letters-context,Osmund Emanuel,Goldschmidt Caroline,1808-09-02,1808,9,1804,OsmundEmanuel,GoldschmidtCaroline,0.00013929227148609143,0.00011996993820450381,0.0005542435625643199,0.01887423635709864,0.061466965747111996,9.022404170013283e-05,0.04467308215030411,0.5925351934742972,9.285426818156504e-05,0.00015669295376783906,9.428663189385793e-05,0.028442633916781437,0.0004213103026373425,0.00021638909483606515,0.005679682449904167,0.2443332960346408,0.0002663223680172324,0.0001982978634028413,0.0012088024106601616,0.00043622416250977764
893,ub0720,ub0720,EndeHenriette_RichterCaroline_1821-06-19.xml,JP-UB0720,letters-context,Ende Henriette Freifrau von,Richter Caroline,1821-06-19,1821,6,1819,EndeHenrietteFreifrauvon,RichterCaroline,0.00013013244246273445,0.00011208074155222805,0.0005177966282425377,9.712960904898422e-05,0.0004331029704081228,8.429092863540716e-05,0.09872719880829864,0.4746584748638593,8.674819200405795e-05,0.00014638885971893483,8.8086363794833e-05,0.00026834089158429966,0.00039360503014257815,0.3640729378806379,0.022842128917623813,0.0046827429948939365,0.0002488090678886104,0.00018525783968086196,0.031817208811640206,0.0004075381578821221
894,ub0042,ub0042,SchwendlerAuguste_OsmundEmanuel_1810-07-26.xml,JP-UB0042,letters-context,Schwendler Auguste Sophie Henriette,Osmund Emanuel,1810-07-26,1810,7,1809,SchwendlerAugusteSophieHenriette,OsmundEmanuel,7.707963366507549e-05,6.638730770176469e-05,0.000306699648931706,5.75315005377821e-05,0.002853242365043329,4.992693426442649e-05,0.3441156811151681,0.3694362739621701,5.1382412673113486e-05,8.670858293476559e-05,5.217503432427027e-05,0.0001589428218608949,0.00023313887726966295,0.00011974240911669406,0.05507710811468187,0.00017695921597563508,0.21307744567374548,0.00010973133329356608,0.013652451353545895,0.00024139170309578462
895,ub0364,ub0364,MahlmannErnestine_MayerJohann_1802-05-24.xml,JP-UB0364,letters-context,Mahlmann Ernestine,Mayer Johann Siegfried Wilhelm,1802-05-24,1802,5,1799,MahlmannErnestine,MayerJohannSiegfriedWilhelm,9.793238302108105e-05,8.434740717421672e-05,0.0003896726808812022,7.309579299410243e-05,0.00032593567893511555,6.343392433204504e-05,0.0017154759759849597,0.6310430086398238,6.528316079336249e-05,0.00011016630141341917,6.629021445255831e-05,0.04639086849649806,0.00029621113568190804,0.00015213693833104425,0.0006940120927950168,0.0002248329019483688,0.0001872435841090379,0.00013941751472527436,0.053637218213286736,0.2642434169628186
896,ub0091,ub0091,RichterEmma_PaulusSophie_1817-09-04.xml,JP-UB0091,letters-context,Richter Emma,Paulus Sophie,1817-09-04,1817,9,1814,RichterEmma,PaulusSophie,0.00036599892746593736,0.00031522831986688897,0.001456308718992327,0.00027317809505722723,0.013548113759126413,0.00023706916501241719,0.08039122368095768,0.5212017331305343,0.00024398024529652916,0.00041172028001729616,0.000247743868194248,0.062404746139862285,0.11207708045080092,0.049888603068513684,0.014923711580219294,0.0008402593548085486,0.0006997782433624007,0.13615111545418168,0.003176201960810403,0.0011462055569195554
897,ub0557,ub0557,MayerJohann_RichterCaroline_1815-03-01.xml,JP-UB0557,letters-context,Mayer Johann Siegfried Wilhelm,Richter Caroline,1815-03-01,1815,3,1814,MayerJohannSiegfriedWilhelm,RichterCaroline,0.00048579638221994524,0.00041840772164245866,0.1328595461887262,0.00036259376823689785,0.06708009510621847,0.00031466579286534613,0.008509667560518056,0.3644832036290225,0.00032383898313259255,0.049643944482080905,0.00032883450156323644,0.01736756170655506,0.05056682519457093,0.0007546796265269144,0.019808487268420102,0.0011152900297240569,0.000928827145301733,0.0006915845625553183,0.118776568244753,0.16517958210536632
898,ub0008,ub0008,RichterCaroline+RichterJohann_MayerJohann_1801-11-23.xml,JP-UB0008,letters-context,Richter Caroline + Jean Paul,Mayer Johann Siegfried Wilhelm,1801-11-23,1801,11,1799,RichterCarolineANDJeanPaul,MayerJohannSiegfriedWilhelm,4.517343056439209e-05,3.890706652620496e-05,0.0047452395626347895,3.371701604215506e-05,0.03971796481559958,2.92602700745442e-05,0.14688712785041716,0.4660928678013616,3.011327040299004e-05,5.0816590119773904e-05,3.057779569222461e-05,0.016833297213970845,0.00013663379525081108,7.017645448796273e-05,0.06119338952696408,0.03206217129306065,8.637015443151993e-05,6.430934514834163e-05,0.033872316627639,0.1979795701196114
899,ub0123,ub0123,RichterEmma_RichterCaroline_1819-03-08.xml,JP-UB0123,letters-context,Richter Emma,Richter Caroline,1819-03-08,1819,3,1819,RichterEmma,RichterCaroline,0.0004423589766585227,0.0003809958623528485,0.0017601451433004128,0.00033017250463469243,0.12069203218783793,0.00028653000149008167,0.022651250256456982,0.7938696673797568,0.00029488297242158575,0.0004976193864802015,0.00029943181737337446,0.0009121707081680184,0.0013379808681557518,0.0006872000688229407,0.04784226106860928,0.001015566550684641,0.0008457762151516129,0.0006297466398716262,0.0038388676676536014,0.0013853437241190688
900,ub1092,ub1092,WagnerJohann_MuellerFriedrich_1811-02-01.xml,JP-UB1092,letters-context,Wagner Johann Ernst,Müller Friedrich Theodor Adam Heinrich von,1811-02-01,1811,2,1809,WagnerJohannErnst,MüllerFriedrichTheodorAdamHeinrichvon,0.03567593106987206,0.0001010100745462186,0.0004666517663445961,0.04354811080028762,0.00039032364277075517,7.596517356253355e-05,0.21145531757365627,0.3052947399227925,7.817972311502245e-05,0.0001319294414737177,7.938571827948919e-05,0.0002418357791654891,0.35989221178122105,0.00018219129664900636,0.04034072654541177,0.0002692482074681899,0.0002242331924926857,0.0001669591754772191,0.001017765145500824,0.00036728396991305817
901,ub1004,ub1004,Uthe-SpazierWilhelmine_SchragJohann_1820-12-19.xml,JP-UB1004,letters-context,Uthe-Spazier Wilhelmine,Schrag Johann Leonhard,1820-12-19,1820,12,1819,UtheSpazierWilhelmine,SchragJohannLeonhard,0.011556110442335132,0.00028692593029742904,0.0013255558199008794,0.00024865113354749545,0.0011087406362405546,0.0002157841996707205,0.07317339588063558,0.2162779098264477,0.00022207477705512682,0.0003747544776946584,0.00022550048766917534,0.0006869508435469143,0.0010076261798355477,0.0005175266676908713,0.002360832087601453,0.0007648176952228339,0.06797478319721333,0.0004742588000325968,0.6201545060259952,0.0010432948913666775
902,ub0958,ub0958,BrockhausFriedrich_LudwigErnst_1811-03-26.xml,JP-UB0958,letters-context,Brockhaus Friedrich Arnold,Ludwig Ernst Karl Friedrich,1811-03-26,1811,3,1809,BrockhausFriedrichArnold,LudwigErnstKarlFriedrich,0.0006438544861095871,0.0005545403351324669,0.002561895217496179,0.00048056682358949357,0.002142857577767453,0.000417045062039709,0.07635011245365002,0.2661651696900395,0.00042920283002989817,0.0007242861369753676,0.00043582368409496,0.0013276665186905555,0.08870976761681325,0.0010002212467997917,0.3516121023789829,0.0014781594001785194,0.0012310291846762314,0.0009165976516551676,0.005587480530112125,0.19723162117516702
903,ub0889,ub0889,SchmidtLudwig_WagnerJohann_1808-08-19.xml,JP-UB0889,letters-context,Schmidt Ludwig Friedrich,Wagner Johann Ernst,1808-08-19,1808,8,1804,SchmidtLudwigFriedrich,WagnerJohannErnst,0.040510256803097514,0.0005102682693934196,0.0023573647509099235,0.0004422004782435289,0.001971781236621458,0.0003837500152540562,0.17004916675898832,0.2648746135124996,0.00039493716042458496,0.0006664623116581443,0.0004010294345688605,0.041139476285161215,0.02175086198726544,0.0009203679737618,0.0041984971606438375,0.001360149643283447,0.001132749219202389,0.0008434205193179133,0.40431944893971933,0.041773197539985235
904,ub0282,ub0282,MayerJohann_RichterCaroline_1806-08-19.xml,JP-UB0282,letters-context,Mayer Johann Siegfried Wilhelm,Richter Caroline,1806-08-19,1806,8,1804,MayerJohannSiegfriedWilhelm,RichterCaroline,0.00040605191026088375,0.00034972523645493934,0.16576772929298395,0.00030307325791204643,0.08342743496702812,0.00026301275794367887,0.007112788186777825,0.6466359758330286,0.00027068015022474267,0.000456776765308221,0.00027485564406485127,0.08291332829555666,0.0012281647170608884,0.0006307974188401491,0.002877545989694834,0.0009322128851493492,0.0007763582654289423,0.0005780595389559388,0.003523788669248104,0.0012716402180772536
905,ub0466,ub0466,MahlmannErnestine_MayerJohann_1802-08-12.xml,JP-UB0466,letters-context,Mahlmann Ernestine,Mayer Johann Siegfried Wilhelm,1802-08-12,1802,8,1799,MahlmannErnestine,MayerJohannSiegfriedWilhelm,0.0004490509463771909,0.0003867595359942479,0.001786772472281961,0.0003351673267577616,0.046878268046998094,0.000290864603464129,0.15914516613652188,0.4579371790708163,0.0002993439374434834,0.0005051473310714974,0.0003039615969424578,0.0009259699505919573,0.0013582217311794663,0.000697595974171053,0.0031822649204781587,0.0010309299567938836,0.0008585710472206218,0.0006392733945365533,0.03415277499426772,0.2888367170260916
906,ub0609,ub0609,Uthe-SpazierWilhelmine_BoettigerCarl_1809-05-22.xml,JP-UB0609,letters-context,Uthe-Spazier Wilhelmine,Böttiger Carl August,1809-05-22,1809,5,1809,UtheSpazierWilhelmine,BöttigerCarlAugust,0.000722176650289051,0.0006219978121080758,0.002873538891904261,0.000539025737006109,0.0024035271026988125,0.00046777682290181975,0.012650327254075664,0.2742138816198704,0.0004814135317414192,0.0008123924699386812,0.0004888397845887823,0.0014891715129024931,0.002184331261489143,0.001121893914145791,0.00511780999270599,0.0016579712143723474,0.0013807786575649127,0.0010280978637500294,0.6874833940388979,0.002261653867048281
907,ub1106,ub1106,VossErnestine_TruchsessChristian_1811-08-28.xml,JP-UB1106,letters-context,Voß Ernestine,Truchsess von Wetzhausen Christian Freiherr,1811-08-28,1811,8,1809,VoßErnestine,TruchsessvonWetzhausenChristianFreiherr,0.023116130465420603,8.40700425329234e-05,0.0003883912968176568,0.11187709600732464,0.0003248638850803761,0.006639945364846468,0.03459343504384993,0.3658991106773784,6.506848625762311e-05,0.00010980403495262527,6.607222836183102e-05,0.43097644061393103,0.00029523708682672745,0.00015163665730592044,0.003980089948225182,0.00022409357042308507,0.01991678796207837,0.0001389590597441757,0.0008470794567291446,0.00030568811191326536
908,ub0941,ub0941,BrockhausFriedrich_Borntraeger_1810-12-29.xml,JP-UB0941,letters-context,Brockhaus Friedrich Arnold,Bornträger Johann Friedrich Wilhelm,1810-12-29,1810,12,1809,BrockhausFriedrichArnold,BornträgerJohannFriedrichWilhelm,0.00022815465349026055,0.00019650551597925263,0.0009078267345126648,0.000170292448807003,0.000759337612274241,0.007834003507965693,0.26532806806969217,0.3556491149197902,0.00015209123346209534,0.00025665621064149607,0.00015443738262718265,0.000470468562474079,0.0006900878640614158,0.008040656351470244,0.2936932290553117,0.0005237968407875628,0.0004362244002729508,0.0003248032344497435,0.0019799655228531416,0.062204279879077076
909,ub1061,ub1061,WagnerJohann_BertuchFriedrich_1808-03-11.xml,JP-UB1061,letters-context,Wagner Johann Ernst,Bertuch Friedrich Johann Justin,1808-03-11,1808,3,1804,WagnerJohannErnst,BertuchFriedrichJohannJustin,0.000986069115855617,0.0008492836654356692,0.00392356628171605,0.0007359925465608684,0.003281806250790055,0.0006387083797183522,0.08371157565305372,0.10866045950601308,0.0006573281141327263,0.0011092509349887817,0.0006674680135276855,0.002033333584653279,0.4680531272428604,0.0015318481143952185,0.006987922376893207,0.0022638148281529822,0.0018853326115049304,0.0014037778030005215,0.30753124423307754,0.0030880907436693235
910,ub0249,ub0249,EndeHenriette_RichterCaroline_1817-08-20.xml,JP-UB0249,letters-context,Ende Henriette Freifrau von,Richter Caroline,1817-08-20,1817,8,1814,EndeHenrietteFreifrauvon,RichterCaroline,0.00021186986830193768,0.00018247972221572856,0.0008430296193383893,0.0001581376410676382,0.0007051390688207853,0.00013723486327512738,0.10363782680021832,0.4730164380408281,0.00014123555715627316,0.00023833709598129854,0.00014341424738686698,0.0004368883599204786,0.0006408320962942751,0.33579672163821506,0.001501446673351962,0.00048641027468400633,0.00040508841183845137,0.0003016200522504274,0.07321472504441043,0.0078011249244446705
911,ub0788,ub0788,SchlichtegrollAlfred_RichterMax_1819-10-12.xml,JP-UB0788,letters-context,Schlichtegroll Alfred,Richter Max,1819-10-12,1819,10,1819,SchlichtegrollAlfred,RichterMax,0.5415114999781419,0.00015208506195400954,0.0007026107357538103,0.0001317975095917791,0.0005876878683595356,0.04770425948258361,0.003093139182683008,0.26930520548643816,0.00011771071437092224,0.0001986385751146776,0.00011952651195475864,0.0003641182290213096,0.0005340921603980397,0.0002743149607880648,0.0012513588225842474,0.0004053915463161948,0.000337615026279298,0.0002513808316676842,0.13240456895846026,0.0005529983575389127
912,ub1140,ub1140,SchwendlerAuguste_MuellerFriedrich_1819-10-19.xml,JP-UB1140,letters-context,Schwendler Auguste Sophie Henriette,Müller Friedrich Theodor Adam Heinrich von,1819-10-19,1819,10,1819,SchwendlerAugusteSophieHenriette,MüllerFriedrichTheodorAdamHeinrichvon,0.0001360990027118653,0.00011721963301221223,0.041806452918049984,0.0001015829924897142,0.00045296070087189717,0.041353071022883166,0.11242381278105353,0.2075671137573314,9.072558844955695e-05,0.00015310077517049266,9.2125115291096e-05,0.00028064429622839303,0.009581632975558854,0.07357127791940568,0.27606392115487954,0.00031245572494034685,0.20658479375573616,0.004778742490108023,0.024106043651732405,0.00042622374409572003
913,ub0392,ub0392,VossHeinrich_FouqueFriedrich_1815-01-14.xml,JP-UB0392,letters-context,Voß Heinrich,Fouqué Friedrich Freiherr de la Motte,1815-01-14,1815,1,1814,VoßHeinrich,FouquéFriedrichFreiherrdelaMotte,0.14211762786985496,6.983267416852749e-05,0.0003226167379413141,0.12024528861912465,0.000269847773980316,5.251804077345506e-05,0.16530859673716966,0.3012021599840569,5.404905555612661e-05,0.03560034557225193,5.488281266151801e-05,0.00016719163157362293,0.11496706550983198,0.013783317177748534,0.03062077742735278,0.002917615116108075,0.00015502219495883564,0.07113370014653468,0.0007036254760243981,0.0002539194423277654
914,ub1068,ub1068,Uthe-SpazierWilhelmine_KindJohann_1809-01-23.xml,JP-UB1068,letters-context,Uthe-Spazier Wilhelmine,Kind Johann Friedrich,1809-01-23,1809,1,1809,UtheSpazierWilhelmine,KindJohannFriedrich,0.00020742824372057682,0.00017865423052930242,0.02178928401525041,0.0001548224550082243,0.0006903565844285785,0.00013435788153615808,0.06652529155537465,0.14864124155908354,0.00013827470516039852,0.00023334061435488783,0.0001404077214867183,0.0004277294639704052,0.0006273977386187922,0.00032223761895226326,0.06436175327745404,0.00047621320489782957,0.0003965961676979021,0.00029529691130998165,0.6936097092141708,0.0006496068369946696
915,ub0134,ub0134,FoersterErnst_RichterEmma_1826-01-28h.xml,JP-UB0134,letters-context,Förster Ernst Joachim,Richter Emma,1826-01-28h,1826,1,1824,FörsterErnstJoachim,RichterEmma,0.00030569197997852636,0.00026328702631070363,0.0012163475419205644,0.0002281655668856511,0.0010173950634681584,0.00019800643391570168,0.005354789003669528,0.15726607802495116,0.4327343827351903,0.00034387966234549703,0.00020692222821578368,0.0006303551743532225,0.0009246111017108471,0.00047488931109004786,0.2184316327219012,0.12428197939366503,0.04177786414424712,0.00043518614379964895,0.002652847845577834,0.011255688896803423
916,ub0524,ub0524,OsmundEmanuel+BraunHenriette_GoldschmidtCaroline_1804-06-21.xml,JP-UB0524,letters-context,Osmund Emanuel + Braun Henriette,Goldschmidt Caroline,1804-06-21,1804,6,1804,OsmundEmanuelANDBraunHenriette,GoldschmidtCaroline,0.0002149381569928381,0.0001851223843010953,0.0008552383315438635,0.00016042778236796708,0.0007153508570647444,0.007380196941498955,0.039969932704453405,0.5667583339132,0.00014328092333433702,0.00024178868172155727,0.00014549116524639017,0.0004432153549985126,0.10926473234259818,0.0003339041911026373,0.0015231905479517738,0.26840951648961425,0.0004109548816806256,0.0003059880985549161,0.0018652704815840281,0.0006731257701900433
917,ub0977,ub0977,WagnerJuliane_TruchsessChristian_1812-01-13.xml,JP-UB0977,letters-context,Wagner Juliane Louise Antoinette Karoline,Truchsess von Wetzhausen Christian Freiherr,1812-01-13,1812,1,1809,WagnerJulianeLouiseAntoinetteKaroline,TruchsessvonWetzhausenChristianFreiherr,0.00022992188377999478,0.00019802759977033865,0.024152126716901503,0.00017161149257420626,0.0007652192561855835,0.0001489277287865229,0.0969766012556166,0.5907765679862637,0.00015326929505525382,0.00025864420704023444,0.00015563361691945264,0.00821986875651231,0.2563053830738669,0.0003571812548058268,0.0016293749096984375,0.00827361010266067,0.0004396032880645882,0.00032731908107106925,0.001995301852799025,0.008465806641627972
918,ub0798,ub0798,RichterCaroline_RichterOdilie_1823-01-05.xml,JP-UB0798,letters-context,Richter Caroline,Richter Odilie Minna,1823-01-05,1823,1,1819,RichterCaroline,RichterOdilieMinna,0.00020042540427718422,0.00017262281036279473,0.0007974921286718527,0.006901655320107772,0.5745921259197382,0.00012982191933797482,0.02376701954442346,0.38669721868841,0.00013360650982714812,0.00022546296554178282,0.00013566751488540028,0.0004132891895522885,0.0006062166036301862,0.00031135878072045706,0.0014203438125441467,0.0004601361049093861,0.0003832069626579439,0.00028532759941232505,0.0017393263047762793,0.000627675916213545
919,ub0550,ub0550,MayerJohann_RichterCaroline_1810-12-18.xml,JP-UB0550,letters-context,Mayer Johann Siegfried Wilhelm,Richter Caroline,1810-12-18,1810,12,1809,MayerJohannSiegfriedWilhelm,RichterCaroline,0.00025566614219044354,0.00022020066836683091,0.4919608694294771,0.00019082676055305007,0.0008509005404027198,0.00016560310509837565,0.013091534419858995,0.3382429052151297,0.00017043079474993007,0.00028760449212897717,0.00017305984875722348,0.0005271989001739386,0.0007733004752609919,0.00039717469245479953,0.1310074928608568,0.0005869576426650215,0.0004888254867520645,0.00036396886345466963,0.019444805312910467,0.000800674348757879
920,ub0823,ub0823,MahlmannErnestine_MayerJohann_1801-02-12.xml,JP-UB0823,letters-context,Mahlmann Ernestine,Mayer Johann Siegfried Wilhelm,1801-02-12,1801,2,1799,MahlmannErnestine,MayerJohannSiegfriedWilhelm,0.04683241292852988,0.00017032275158295184,0.0007868661936140684,0.00014760236276354746,0.0006581620411949784,0.0001280921476770813,0.07008500133763101,0.6480285524157601,0.00013182631157104135,0.00022245885459993263,0.00013385985541041078,0.0004077824466887812,0.0005981392596294965,0.0003072101777880162,0.0014014188845489887,0.000454005164938039,0.0003781010410412936,0.006943619845122431,0.06167499723268158,0.16050956874722652
921,ub0026,ub0026,RichterCaroline_RichterOdilie_1822-09-18.xml,JP-UB0026,letters-context,Richter Caroline,Richter Odilie Minna,1822-09-18,1822,9,1819,RichterCaroline,RichterOdilieMinna,0.00018894357930121942,0.00016273372019185171,0.0007518059788838929,0.00014102567847444026,0.3316219729599785,0.00012238477552250826,0.04150122966712445,0.5745977259320693,0.00012595255714077463,0.00021254680694278303,0.00012789549283831494,0.04494638135264237,0.0005714881071828027,0.0002935218850541871,0.0013389761879152213,0.00043377616196330516,0.0003612540805336568,0.0002689819591524018,0.0016396850428336866,0.0005917180742544219
922,ub0805,ub0805,MayerJohann_RichterCaroline_1809-12-02.xml,JP-UB0805,letters-context,Mayer Johann Siegfried Wilhelm,Richter Caroline,1809-12-02,1809,12,1809,MayerJohannSiegfriedWilhelm,RichterCaroline,0.00016390452960601592,0.00014116803522897133,0.3982160905874658,0.0001223367715283522,0.0005455022382757477,0.00010616618536147896,0.008392827351028729,0.4266689119303673,0.00010926115990383525,0.00018437982671895269,0.027719551817865448,0.12733756489043346,0.0004957537574425803,0.0002546239818087702,0.0011615333161653742,0.0003762915789138947,0.00031338021835463704,0.00575505715943906,0.0014223918412132092,0.0005133028228783146
923,ub0627,ub0627,RichterCaroline_RichterMax_1820-03-21.xml,JP-UB0627,letters-context,Richter Caroline,Richter Max,1820-03-21,1820,3,1819,RichterCaroline,RichterMax,0.00012734113417211051,0.0001096766377239025,0.009086589814058743,9.504620326736191e-05,0.3650695542556675,8.248290933236687e-05,0.1266391744047758,0.34864852227138865,8.488746501734283e-05,0.00014324885535065088,8.619693335843859e-05,0.05603193370622672,0.0003851623008502045,0.00877772292111037,0.05238182025286515,0.00029234943386549845,0.00024347217571294268,0.00018128410542967894,0.005395038272008721,0.02613849594781789
924,ub0856,ub0856,CarolineFriederike_WagnerJohann_1805-06-19.xml,JP-UB0856,letters-context,Caroline Friederike Wilhelmine,Wagner Johann Ernst,1805-06-19,1805,6,1804,CarolineFriederikeWilhelmine,WagnerJohannErnst,0.0006581297033027287,0.0005668353239803446,0.002618696267181812,0.0004912217090186689,0.0021903679360806088,0.00042629157498383206,0.14455739680880889,0.05035148923493365,0.00043871889887894713,0.0007403446441976734,0.00044548654718373515,0.0013571028716604472,0.0019906116937778817,0.0010223976482185923,0.04900692406913877,0.0015109324054753102,0.0012583229433771035,0.0009369199928648461,0.6930277407664652,0.046404068960471084
925,ub0387,ub0387,MayerJohann_RichterCaroline_1819-09-07.xml,JP-UB0387,letters-context,Mayer Johann Siegfried Wilhelm,Richter Caroline,1819-09-07,1819,9,1819,MayerJohannSiegfriedWilhelm,RichterCaroline,0.0002317167048506372,0.0001995734470067707,0.2897521824567376,0.0001729511298361004,0.0007711927269230511,0.0001500902915719111,0.011865189466303187,0.2675270124727275,0.00015446574906704722,0.0002606632409180171,0.00015684852735057373,0.0004778137257540677,0.0007008618210127881,0.0003599694906693492,0.0016420941705701047,0.0005319745887350442,0.0004430349285468704,0.00032987420620257614,0.3767094925345486,0.047562998320668334
926,ub0379,ub0379,MuetzschefahlAntonie_OsmundEmanuel_1808-10-17.xml,JP-UB0379,letters-context,Mützschefahl Antonie von,Osmund Emanuel,1808-10-17,1808,10,1804,MützschefahlAntonievon,OsmundEmanuel,0.0004423589766585227,0.0003809958623528485,0.0017601451433004128,0.00033017250463469243,0.0014722461451714293,0.00028653000149008167,0.6187501804697894,0.3616979429750909,0.00029488297242158575,0.0004976193864802015,0.00029943181737337446,0.0009121707081680184,0.0013379808681557518,0.0006872000688229407,0.003134841302609347,0.001015566550684641,0.0008457762151516129,0.0006297466398716262,0.0038388676676536014,0.0013853437241190688
927,ub0213,ub0213,MayerJohann_RichterCaroline_1819-04-03.xml,JP-UB0213,letters-context,Mayer Johann Siegfried Wilhelm,Richter Caroline,1819-04-03,1819,4,1819,MayerJohannSiegfriedWilhelm,RichterCaroline,0.0002103683415088227,0.00018118648408657368,0.3410141960791589,0.00015701691584622696,0.021961213045901158,0.0001362622765368215,0.010772034028893585,0.24287939861295266,0.00014023461740532924,0.02149771930973976,0.00014239786720646817,0.00043379212172824175,0.0006362905039943138,0.00032680503028341927,0.13614425754310056,0.00048296307350463146,0.1634037642845462,0.0002994824637701753,0.04434775546170098,0.014832861938135326
928,ub1058,ub1058,RichterCaroline+RichterJohann_Unbekannt_1808-01-13.xml,JP-UB1058,letters-context,Richter Caroline + Jean Paul,Unbekannte Korrespondenten,1808-01-13,1808,1,1804,RichterCarolineANDJeanPaul,UnbekannteKorrespondenten,0.00031212063360564136,0.0002688239105193882,0.0012419271369029036,0.0002329638523992103,0.0010387907195316011,0.00020217047766874256,0.4891537343269499,0.3919016057421683,0.0002080641855331658,0.00035111139684760516,0.00021127376970222884,0.0006436114432231523,0.0009440555258436023,0.00048487615762894513,0.02324172897038688,0.021746406363051626,0.06368628662052375,0.000444338039057105,0.0027086368130406252,0.0009774739154155966
929,ub0192,ub0192,RichterCaroline_CottaElisabeth_1826-05-04.xml,JP-UB0192,letters-context,Richter Caroline,Cotta von Cottendorf Elisabeth,1826-05-04,1826,5,1824,RichterCaroline,CottavonCottendorfElisabeth,0.016224105867748063,0.008197775537252532,0.07288485634343922,0.0001770985409611936,0.0007896861203935805,0.00015368949410746974,0.4837612795523922,0.018153056176088297,0.00015816987616198804,0.15214182312758065,0.00016060979406160782,0.04045635316443687,0.0007176686618606981,0.00036860164861888666,0.0016814719973465306,0.0005447314717324403,0.00045365901636405576,0.0003377846717426532,0.20189450569924533,0.0007430732384657035
930,ub0412,ub0412,EndeHenriette_RichterCaroline_1815-11-27.xml,JP-UB0412,letters-context,Ende Henriette Freifrau von,Richter Caroline,1815-11-27,1815,11,1814,EndeHenrietteFreifrauvon,RichterCaroline,0.0001241456621489019,0.00010692443491273048,0.0004939752459502704,9.2661133545566e-05,0.008777775511075923,8.041310030421581e-05,0.014721548844016616,0.5071915598671788,8.275731656729528e-05,0.00013965419826984473,8.403392538129123e-05,0.00025599579195556413,0.0003754971179164794,0.3933289446417481,0.0050620750958839545,0.00028501327777586094,0.00023736253540717237,0.0001767349996680639,0.06799413805217254,0.0003887892481208768
931,ub0768,ub0768,MahlmannErnestine_MayerJohann_1802-03-16.xml,JP-UB0768,letters-context,Mahlmann Ernestine,Mayer Johann Siegfried Wilhelm,1802-03-16,1802,3,1799,MahlmannErnestine,MayerJohannSiegfriedWilhelm,8.702239090705492e-05,7.495082640367458e-05,0.00034626185246757927,6.49526793422833e-05,0.0002896253638262061,5.6367174878237025e-05,0.1510393416551028,0.443476078207748,5.801040026755185e-05,9.789341023509356e-05,5.8905264810734206e-05,0.00017944538288738952,0.0002632122332281539,0.00013518837906759324,0.03872835723844757,0.00019978577135110456,0.000166384028127521,0.00012388594141634707,0.10629517797936328,0.2582591538201217
932,ub0003,ub0003,MahlmannErnestine_MayerJohann_1800-11-07.xml,JP-UB0003,letters-context,Mahlmann Ernestine,Mayer Johann Siegfried Wilhelm,1800-11-07,1800,11,1799,MahlmannErnestine,MayerJohannSiegfriedWilhelm,0.00013672588963003503,0.00011775955948502837,0.0005440319362649875,0.00010205089488305617,0.005061156652427276,8.856171441428326e-05,0.16360885439475525,0.3605248062683479,9.114348045029915e-05,0.00015380597411540498,9.254945366580937e-05,0.14307133348770076,0.0004135478969782024,0.000212402247318174,0.14375832443942746,0.00031389493024361434,0.0002614155279905073,0.0001946443366615345,0.03803540742478513,0.14321758349045532
933,ub0676,ub0676,MayerJohann_RichterCaroline_1817-05-13.xml,JP-UB0676,letters-context,Mayer Johann Siegfried Wilhelm,Richter Caroline,1817-05-13,1817,5,1814,MayerJohannSiegfriedWilhelm,RichterCaroline,0.0006045174759877164,0.0005206600729820862,0.4097128314976605,0.0004512060558824909,0.002011937296795739,0.0003915652274176668,0.010589298198704696,0.4739226128574671,0.00040298020297135516,0.0006800350651633413,0.0004091965485504288,0.001246551247443832,0.0018284534959527765,0.08240060323766309,0.00428400112096818,0.001387849597977865,0.0011558180794612484,0.0008605970927110071,0.005246107156297711,0.0018931784719412638
934,ub0929,ub0929,BrockhausFriedrich_Borntraeger_1810-08-28.xml,JP-UB0929,letters-context,Brockhaus Friedrich Arnold,Bornträger Johann Friedrich Wilhelm,1810-08-28,1810,8,1809,BrockhausFriedrichArnold,BornträgerJohannFriedrichWilhelm,0.0015538744621382025,0.0013383242387492464,0.006182862182408939,0.001159797020346442,0.00517155931647176,0.0010064939911811801,0.18426289244323726,0.17123009975227607,0.0010358354737740976,0.0017479877143159312,0.001051814202308564,0.003204182221505948,0.004699925652151153,0.002413927813536571,0.5868388849247493,0.003567380817341988,0.002970958273154954,0.0022121111426416217,0.013484791192334564,0.0048662971653761255
935,ub0867,ub0867,WagnerJohann_MuellerFriedrich_1808-03-04.xml,JP-UB0867,letters-context,Wagner Johann Ernst,Müller Friedrich Theodor Adam Heinrich von,1808-03-04,1808,3,1804,WagnerJohannErnst,MüllerFriedrichTheodorAdamHeinrichvon,7.418989118998768e-05,0.040053605521488636,0.0002952013716245833,5.53746244233735e-05,0.00024691661541541087,4.805515600427368e-05,0.02379379034093345,0.1806310100491981,4.9456068017414084e-05,8.345784777753825e-05,5.0218974005131485e-05,0.007651054080502994,0.3451356221325472,0.0001152532242407333,0.15048715908170482,0.00017032495296155533,0.00014184869909764685,0.022599827709341557,0.2280852918159633,0.0002323418435621925
936,ub0624,ub0624,Uthe-SpazierWilhelmine_BoettigerCarl_1817-05-13.xml,JP-UB0624,letters-context,Uthe-Spazier Wilhelmine,Böttiger Carl August,1817-05-13,1817,5,1814,UtheSpazierWilhelmine,BöttigerCarlAugust,0.00035719060229451587,0.0003076418671855849,0.06158759227269873,0.0002666036454881162,0.0011887912647141948,0.00023136373219051075,0.006256887437855345,0.11156042431077244,0.00023810848673468197,0.024468344342487517,0.03634158064538345,0.0007365484184521572,0.025146909127251718,0.0005548918851695011,0.0025312832158058216,0.012853303596569134,0.16914866620184515,0.0005085000948501945,0.5445967484888964,0.0011186203633548086
937,ub0973,ub0973,BergnerCaroline_WagnerJohann_1811-12-22.xml,JP-UB0973,letters-context,Bergner Caroline,Wagner Johann Ernst,1811-12-22,1811,12,1809,BergnerCaroline,WagnerJohannErnst,0.00034078745729629973,0.0002935141322380503,0.001355992348994015,0.00025436049511993043,0.0011341987996200506,0.0002207388926172673,0.3963122219230552,0.5541832730110772,0.0002271739100461429,0.0003833593401922553,0.00023067827954366044,0.0007027241508805378,0.01251142930994122,0.0005294097700402124,0.013895706629685685,0.0007823789292969568,0.0006515747187508851,0.0004851484144480403,0.014438079153976506,0.001067250333179891
938,ub0743,ub0743,EndeHenriette_RichterCaroline_1819-11-17.xml,JP-UB0743,letters-context,Ende Henriette Freifrau von,Richter Caroline,1819-11-17,1819,11,1819,EndeHenrietteFreifrauvon,RichterCaroline,0.00025788733747629896,0.00022211374407692734,0.009714007222519543,0.00019248463944668845,0.0008582930572721082,0.00016704184404603623,0.595292844814616,0.19348765527892228,0.00017191147605806017,0.0002901031637819169,0.00017456337095588854,0.0005317791379079685,0.0007800188125249068,0.14809448704900458,0.0018275561695331578,0.000592057056837404,0.0004930723410968642,0.00036713097916063367,0.045677361997971,0.0008076305067916698
939,ub0799,ub0799,VossErnestine_RichterCaroline_1819-02-04.xml,JP-UB0799,letters-context,Voß Ernestine,Richter Caroline,1819-02-04,1819,2,1819,VoßErnestine,RichterCaroline,9.793238302108105e-05,8.434740717421672e-05,0.01028729969295373,0.02316755882116334,0.0036251446829592923,6.343392433204504e-05,0.28214824131803995,0.37040549732191386,6.528316079336249e-05,0.00011016630141341917,6.629021445255831e-05,0.06948533152466731,0.00029621113568190804,0.00015213693833104425,0.17885129831010055,0.04311454995426266,0.0001872435841090379,0.010037044526797805,0.000849874148899909,0.006905114648932865
940,ub0295,ub0295,MuetzschefahlAntonie_OsmundEmanuel_1810-09-14.xml,JP-UB0295,letters-context,Mützschefahl Antonie von,Osmund Emanuel,1810-09-14,1810,9,1809,MützschefahlAntonievon,OsmundEmanuel,0.00015950093136257352,0.00013737529494620553,0.006008023559501171,0.0431060083299074,0.0005308463120238058,0.00010331383449299129,0.013540708321348186,0.673127412882352,0.00010632565682173284,0.00017942612176023392,0.00010796582927152653,0.000328900474934341,0.005855804211354973,0.0701015903759027,0.01725043596170809,0.0003661818098921936,0.1185190961747018,0.0002270671126439326,0.033624395425888284,0.016619621379185958
941,ub0688,ub0688,OsmundEmanuel_GoldschmidtCaroline_1804-09-30.xml,JP-UB0688,letters-context,Osmund Emanuel,Goldschmidt Caroline,1804-09-30,1804,9,1804,OsmundEmanuel,GoldschmidtCaroline,0.000249226348793054,0.00021465418967356222,0.0009916709517782023,0.00018602016042162012,0.017621662354393317,0.00016143184576124632,0.2394564073895365,0.5732099651174122,0.00016613793415705226,0.00028036022625316107,0.00016870076678480553,0.0005139196604304054,0.0007538223572273789,0.00038717054039865664,0.0017661788120513242,0.16009802136082266,0.00047651280774384133,0.0003548011095094295,0.0021628293372411237,0.0007805067296104465
942,ub0538,ub0538,SchlabrendorffAmanda_OsmundEmanuel_1808-10-17.xml,JP-UB0538,letters-context,Schlabrendorff Amanda,Osmund Emanuel,1808-10-17,1808,10,1804,SchlabrendorffAmanda,OsmundEmanuel,0.0004938791192170169,0.0004253692382270939,0.018603260548093446,0.0003686266457401089,0.0016437139694560892,0.0003199012391115352,0.6242615777117242,0.22080446567732606,0.00032922705399079585,0.0005555755331486597,0.0003343056884410659,0.0010184083282961088,0.001493811242818036,0.017405352974579392,0.0367761800954124,0.0011338463556162376,0.0508586317805377,0.0007030912273534902,0.020924085270989563,0.0015466902999210694
943,ub0066,ub0066,SpazierJohann_Unbekannt_1800-06-02.xml,JP-UB0066,letters-context,Spazier Johann Karl Gottlieb,Unbekannte Korrespondenten,1800-06-02,1800,6,1799,SpazierJohannKarlGottlieb,UnbekannteKorrespondenten,0.0002907221890248864,0.0002503938135252271,0.030538890136542037,0.00021699225825211443,0.010761608828971177,0.00018831002341974424,0.014886599811878863,0.12018262269480895,0.0001937996689841038,0.0003270398137538459,0.00019678920967774652,0.0005994865686826517,0.0008793327306296085,0.00045163389655926574,0.43299781961317213,0.02025551078843131,0.0103498873108743,0.02979598235185169,0.3257261182770817,0.000910460013878469
944,ub1133,ub1133,RichterMax_MayerJohann_1817-12-24.xml,JP-UB1133,letters-context,Richter Max,Mayer Johann Siegfried Wilhelm,1817-12-24,1817,12,1814,RichterMax,MayerJohannSiegfriedWilhelm,0.0008221929287176129,0.0007081400410666807,0.003271503386841844,0.0006136769295792638,0.0027363983410833587,0.0005325605526763156,0.23599081337197825,0.6445732944512955,0.000548085847733158,0.056322029657524725,0.0005565405832546225,0.0016954110702223331,0.002486845450423205,0.0012772681623156865,0.005826589913754511,0.0018875883178010367,0.0015720065830426384,0.0011704820327085195,0.0348336956965627,0.002574876681418141
945,ub0138,ub0138,GoldschmidtCaroline_OsmundEmanuel_1804-06-22.xml,JP-UB0138,letters-context,Goldschmidt Caroline,Osmund Emanuel,1804-06-22,1804,6,1804,GoldschmidtCaroline,OsmundEmanuel,0.0012848397127528785,0.0011066094284853886,0.005112373659520504,0.0009589920593862184,0.004276165770506803,0.0008322316133165908,0.02250646407475369,0.8341357434616087,0.0008564929696777423,0.0014453445805826571,0.0008697051727743358,0.002649416452486511,0.047170695096140684,0.0019959851288647167,0.009105203717567314,0.002949731562179537,0.002456572437022068,0.001829110596989988,0.05443456640122043,0.004023756104163268
946,ub1042,ub1042,WagnerJohann_GoeschenGeorg_1805-09-14.xml,JP-UB1042,letters-context,Wagner Johann Ernst,Göschen Georg Joachim,1805-09-14,1805,9,1804,WagnerJohannErnst,GöschenGeorgJoachim,0.00012572309681347632,0.0001082830511317899,0.13603434514590154,9.383851567542419e-05,0.00041842791580906137,8.143485498907645e-05,0.027614926818974102,0.3442184821454285,8.380885761706496e-05,0.0001414286893764287,8.510168743275716e-05,0.00025924855672580257,0.3138028590421849,0.00019530952312865108,0.00936183586359256,0.004524075163411081,0.0002403785400338459,0.00017898065134927662,0.16203778255122012,0.00039372932920453234
947,ub0952,ub0952,WagnerJohann_TruchsessChristian_1811-03-06.xml,JP-UB0952,letters-context,Wagner Johann Ernst,Truchsess von Wetzhausen Christian Freiherr,1811-03-06,1811,3,1809,WagnerJohannErnst,TruchsessvonWetzhausenChristianFreiherr,6.354829140779653e-05,5.473300501066497e-05,0.00025285847555619486,0.07497737947698747,0.000211499555777256,4.116225281401729e-05,0.2259030147236682,0.29815910889309244,4.2362221750752206e-05,7.148687706324973e-05,4.3015698541816175e-05,0.00013104038356853478,0.3662785269255853,9.872160967297216e-05,0.00045034422070561387,0.03225872869993724,0.00012150230067045342,9.046797984284052e-05,0.0005514830580873196,0.00019901535025984086
948,ub1065,ub1065,MosengeilFriedrich_TruchsessChristian_1808-09-21.xml,JP-UB1065,letters-context,Mosengeil Friedrich,Truchsess von Wetzhausen Christian Freiherr,1808-09-21,1808,9,1804,MosengeilFriedrich,TruchsessvonWetzhausenChristianFreiherr,0.00031543743308211716,0.0002716806104926473,0.001255124672836094,0.042742074663222385,0.0010498295940683726,0.00020431887435352493,0.14367206389688592,0.42794618677553015,0.00021027521264046592,0.00035484253786124346,0.00021351890396537017,0.21318362679968725,0.0009540876818010912,0.11738327552560722,0.0341153696898441,0.0007241804117819773,0.0006031062832376527,0.0004490598677881876,0.013364079368117713,0.0009878611971965744
949,ub0037,ub0037,RichterCaroline_OsmundEmanuel_1819-11-26.xml,JP-UB0037,letters-context,Richter Caroline,Osmund Emanuel,1819-11-26,1819,11,1819,RichterCaroline,OsmundEmanuel,0.0005198258910459422,0.00044771672800317507,0.002068385781154006,0.0003879930677954578,0.001730069252880724,0.0003367077898160412,0.09666690258180244,0.8803572515821786,0.0003465235520961448,0.0005847636300562505,0.00035186900116593664,0.0010719121260773738,0.00157229113387788,0.0008075441145133043,0.003683821871833445,0.001193414884702615,0.0009938904777918476,0.0007400293098542893,0.004511138941995392,0.0016279482813592965
950,ub0288,ub0288,RichterCaroline_OsmundEmanuel_1807-01-28.xml,JP-UB0288,letters-context,Richter Caroline,Osmund Emanuel,1807-01-28,1807,1,1804,RichterCaroline,OsmundEmanuel,0.0017355827593110436,0.0014948263400538983,0.006905878993737396,0.0012954223535173678,0.005776315530710157,0.001124192243973472,0.2642798101763026,0.2497229776578108,0.0011569648858835645,0.0019523953925335968,0.11811366506134308,0.062048302071381865,0.005249529566688867,0.0026962097630656946,0.07076888640874432,0.00398454623802487,0.0033183787256693066,0.0024707928821776225,0.1904699665752428,0.0054353563738277245
951,ub0283,ub0283,OsmundEmanuel_MuetzschefahlAntonie_1809-08-14.xml,JP-UB0283,letters-context,Osmund Emanuel,Mützschefahl Antonie von,1809-08-14,1809,8,1809,OsmundEmanuel,MützschefahlAntonievon,0.01880588462790128,0.00015869323019175328,0.0007331395062185265,0.0001375241740354014,0.0006132231856057171,0.00011934610313746097,0.0901284882795734,0.32445712004747995,0.00012282530086583568,0.006414480281988726,0.00012471999571785552,0.00037993933916117157,0.0005572987186557962,0.00028623407623390505,0.1813148431827051,0.3045763335533321,0.06863160298961678,0.00026230344830117274,0.0015989735602284225,0.0005770263990497758
952,ub0981,ub0981,KalbCharlotte_RichterCaroline_1813-06-22.xml,JP-UB0981,letters-context,Kalb Charlotte von,Richter Caroline,1813-06-22,1813,6,1809,KalbCharlottevon,RichterCaroline,0.0002513365952953062,0.00021647170718383377,0.0010000676167677164,0.15259699023996615,0.0008364910696718355,0.00016279871964725202,0.2584183071787282,0.46798999005326597,0.00016754465538112892,0.00028273408916808365,0.00017012918799612175,0.0005182711151265637,0.000760205113305788,0.017324826009918092,0.010248321992939546,0.0005770178805298988,0.0004805475315629298,0.0003578052774233092,0.06991865131529043,0.017721492650831772
953,ub0955,ub0955,RichterCaroline_LudwigErnst_1811-03-13.xml,JP-UB0955,letters-context,Richter Caroline,Ludwig Ernst Karl Friedrich,1811-03-13,1811,3,1809,RichterCaroline,LudwigErnstKarlFriedrich,0.0012848397127528785,0.0011066094284853886,0.005112373659520504,0.0009589920593862184,0.004276165770506803,0.0008322316133165908,0.4120670115104967,0.05501464859012273,0.0008564929696777423,0.0014453445805826571,0.0008697051727743358,0.002649416452486511,0.003886189825502578,0.0019959851288647167,0.22552773007075785,0.002949731562179537,0.1755945935195745,0.001829110596989988,0.011150061130582324,0.09059276664543947
954,ub0615,ub0615,MayerJohann_RichterCaroline_1807-09-28.xml,JP-UB0615,letters-context,Mayer Johann Siegfried Wilhelm,Richter Caroline,1807-09-28,1807,9,1804,MayerJohannSiegfriedWilhelm,RichterCaroline,0.00012900136231499542,0.00011110656248270122,0.4046802038269015,9.628538165669175e-05,0.00042933854270289676,0.043542365578381564,0.002259709516851734,0.4009987649684418,8.599419741230852e-05,0.00014511648267025488,8.732073813308926e-05,0.00026600853656541556,0.00039018390911219416,0.00020040227448475803,0.12259884734059442,0.00029616098117749235,0.0002466464788221148,0.0001836476227302652,0.022848899765134847,0.0004039959334290722
955,ub0617,ub0617,MayerJohann_RichterCaroline_1814-08-26.xml,JP-UB0617,letters-context,Mayer Johann Siegfried Wilhelm,Richter Caroline,1814-08-26,1814,8,1814,MayerJohannSiegfriedWilhelm,RichterCaroline,0.00032944085533433826,0.000283741507226737,0.4563458623934551,0.00024589150005810824,0.06768692583228879,0.00021338933705579424,0.16114860777370707,0.25827122811784664,0.00021961009900131666,0.0003705952969493736,0.00022299778965703803,0.0006793267779479826,0.0009964431262496434,0.0005117829419196075,0.013433045669807265,0.0007563294309832918,0.0006298803787044577,0.0004689952790160856,0.036154189921176375,0.0010317159716149518
956,ub1273,ub1273,OsmundEmanuel_GoldschmidtCaroline_1806-02-15.xml,JP-UB1273,letters-context,Osmund Emanuel,Goldschmidt Caroline,1806-02-15,1806,2,1804,OsmundEmanuel,GoldschmidtCaroline,0.00018199299111482727,0.00015674730309699035,0.0007241496077353466,0.0001358378260033082,0.0006057037242489528,0.0001178826581280618,0.015450154354357794,0.3695273380361127,0.00012131919326068809,0.0002047279367231358,0.0001231906549978208,0.0003752804494684815,0.0005504650139338079,0.00028272421860661386,0.11778055802344728,0.46025007503671,0.00034796477822590194,0.00025908703266402016,0.03223485037147079,0.000569950789693613
957,ub0526,ub0526,MayerJohann_RichterCaroline_1813-11-06.xml,JP-UB0526,letters-context,Mayer Johann Siegfried Wilhelm,Richter Caroline,1813-11-06,1813,11,1809,MayerJohannSiegfriedWilhelm,RichterCaroline,0.00021650587051277387,0.0001864726278724182,0.6937714112731047,0.000161597908728546,0.0007205684751266474,0.00014023774959703042,0.040261464951534966,0.22808407638342584,0.00014432598412671924,0.00024355223729775479,0.00014655234707645293,0.0004464480741861877,0.0006548543781742128,0.0003363396177485085,0.0234156667469519,0.0004970535961099434,0.000413952299789667,0.0003082199111179128,0.0018788753705122128,0.00797182419700567
958,ub0851,ub0851,OsmundEmanuel_GoldschmidtCaroline_1805-02-26.xml,JP-UB0851,letters-context,Osmund Emanuel,Goldschmidt Caroline,1805-02-26,1805,2,1804,OsmundEmanuel,GoldschmidtCaroline,0.00020888794765819456,0.00017991144738221555,0.0008311645653534139,0.0001559119640507421,0.007732366041009911,0.00013530337827860023,0.12329065060087555,0.4522847589192494,0.00013924776518335014,0.00023498266756553349,0.00014139579186831102,0.00043073946092932354,0.0006318128314387845,0.00032450525383551863,0.0014803148584948956,0.35233713003112266,0.00039938707494008345,0.0002973749603570833,0.0581099762218061,0.0006541782186004544
959,ub0472,ub0472,MahlmannSiegfried_FalkJohannes_1805-01-12.xml,JP-UB0472,letters-context,Mahlmann Siegfried August,Falk Johannes Daniel,1805-01-12,1805,1,1804,MahlmannSiegfriedAugust,FalkJohannesDaniel,0.0006886672706390447,0.0005931367836892528,0.14194179650470998,0.0005140146568843235,0.002292002170189325,0.0004460717301882615,0.15126493670080646,0.2382899468331096,0.00045907568850414923,0.0007746970284022017,0.0004661573592801597,0.0014200731647769332,0.0020829771322836087,0.001069837441423922,0.0976814017887502,0.0015810404705592538,0.0013167097954237047,0.0009803935775203774,0.3539803519749301,0.002156711927929241
960,ub0769,ub0769,RichterMax_WagnerLorenz_1819-11-17.xml,JP-UB0769,letters-context,Richter Max,Wagner Lorenz Heinrich,1819-11-17,1819,11,1819,RichterMax,WagnerLorenzHeinrich,0.3886012006803564,0.00011159152594478409,0.017974935905573367,9.67056528899366e-05,0.00043121254097466604,8.392301138857871e-05,0.03282352172784846,0.3983842145202804,8.636954917159459e-05,0.00014574989432721269,8.770188004343546e-05,0.00026716962388513576,0.009121586694219384,0.00020127700032157388,0.005283027072884014,0.0002974536793904179,0.008977422744598885,0.0001844492170279596,0.13643472776385715,0.0004057593150166689
961,ub0185,ub0185,RichterJohann+RichterCaroline_HerderCaroline_1801-01-22.xml,JP-UB0185,letters-context,Jean Paul + Richter Caroline,Herder Caroline (von),1801-01-22,1801,1,1799,JeanPaulANDRichterCaroline,HerderCarolinevon,0.00010485088253592948,0.038945428627295234,0.0604660269610409,7.825969478804015e-05,0.00034896162568552776,6.791525687167815e-05,0.30208079488669953,0.3647824897816562,6.989513389504248e-05,0.02131165222369972,7.097333154193308e-05,0.10971700840542452,0.08862423362745518,0.007227452471801911,0.0007430410470508082,0.0002407163745553501,0.0002004715339031116,0.00014926675946162014,0.004442197941873842,0.00032836343276384833
962,ub0950,ub0950,BrockhausFriedrich_Borntraeger_1811-02-27.xml,JP-UB0950,letters-context,Brockhaus Friedrich Arnold,Bornträger Johann Friedrich Wilhelm,1811-02-27,1811,2,1809,BrockhausFriedrichArnold,BornträgerJohannFriedrichWilhelm,0.00042342857750316833,0.00036469144867199885,0.0016848211374766164,0.00031604303596182614,0.0014092425470675725,0.00027426817888807605,0.0787408433417804,0.28916043309180395,0.00028226369109892553,0.0004763241622153516,0.00028661787186353387,0.0008731350911361691,0.0012807230453627304,0.0006577918906490242,0.6163842422275279,0.0009721061911402084,0.0008095818974283299,0.0006027971353095977,0.0036745863913874148,0.0013260590457272398
963,ub0197,ub0197,RichterCaroline_OsmundEmanuel_1811-11-09.xml,JP-UB0197,letters-context,Richter Caroline,Osmund Emanuel,1811-11-09,1811,11,1809,RichterCaroline,OsmundEmanuel,0.0010199512112722374,0.0008784657072675946,0.00405838304556448,0.0007612818181621381,0.10647688566882167,0.0006606548923076187,0.6363603114232835,0.2154764307328002,0.0006799144151586403,0.0011473656527260403,0.0006904027293181336,0.00210320049501611,0.003084994945604991,0.0015844835971835346,0.0072280327798362985,0.0023416012518221625,0.0019501140942711234,0.0014520126911033973,0.008851312924886438,0.003194199923593691
964,ub1107,ub1107,VossHeinrich_TruchsessChristian_1811-08-31.xml,JP-UB1107,letters-context,Voß Heinrich,Truchsess von Wetzhausen Christian Freiherr,1811-08-31,1811,8,1809,VoßHeinrich,TruchsessvonWetzhausenChristianFreiherr,0.05536186371308758,0.006287844049982851,0.14173937478611015,0.09823338577617707,0.006736800471134814,0.0001178826581280618,0.0031879608605860717,0.4982803697207158,0.00012131919326068809,0.0002047279367231358,0.11048293209894333,0.0003752804494684815,0.06799252922967829,0.00028272421860661386,0.0012897198326159134,0.0065489157671562255,0.00034796477822590194,0.00025908703266402016,0.0015793666370414767,0.000569950789693613
965,ub0877,ub0877,MosengeilFriedrich_TruchsessChristian_1808-05-17.xml,JP-UB0877,letters-context,Mosengeil Friedrich,Truchsess von Wetzhausen Christian Freiherr,1808-05-17,1808,5,1804,MosengeilFriedrich,TruchsessvonWetzhausenChristianFreiherr,0.00016666536862399106,0.0001435458964185789,0.0006631610402841341,0.18541048605489166,0.16899658952660426,0.00010795446874595964,0.16574663655722674,0.4450852640128077,0.00011110157562716409,0.0001874855555292351,0.00011281542108008115,0.00034367397373329816,0.017348294202368945,0.005873642874673293,0.0011810984038884273,0.005997359863885631,0.00031865885425551635,0.000237266476802946,0.001446350879462551,0.0005219489930899965
966,ub0558,ub0558,RichterCaroline_RichterMax_1821-01-01.xml,JP-UB0558,letters-context,Richter Caroline,Richter Max,1821-01-01,1821,1,1819,RichterCaroline,RichterMax,0.00042342857750316833,0.00036469144867199885,0.0016848211374766164,0.00031604303596182614,0.2296449835536167,0.00027426817888807605,0.30697658434832953,0.4460725050338065,0.00028226369109892553,0.0004763241622153516,0.00028661787186353387,0.0008731350911361691,0.0012807230453627304,0.0006577918906490242,0.003000688272427039,0.0009721061911402084,0.0008095818974283299,0.0006027971353095977,0.0036745863913874148,0.0013260590457272398
967,ub0623,ub0623,RichterEmma_OsmundEmanuel_1814-06-18.xml,JP-UB0623,letters-context,Richter Emma,Osmund Emanuel,1814-06-18,1814,6,1814,RichterEmma,OsmundEmanuel,0.0017355827593110436,0.0014948263400538983,0.006905878993737396,0.0012954223535173678,0.005776315530710157,0.001124192243973472,0.4396880895454114,0.4251312570269196,0.0011569648858835645,0.0019523953925335968,0.0011748121486038553,0.003578875615012245,0.005249529566688867,0.0611656362194353,0.012299459952374706,0.00398454623802487,0.0033183787256693066,0.0024707928821776225,0.015061687206133975,0.0054353563738277245
968,ub0954,ub0954,RichterCaroline_EhrenbergCaroline_1811-03-01.xml,JP-UB0954,letters-context,Richter Caroline,Ehrenberg Caroline Auguste Eleonore von,1811-03-01,1811,3,1809,RichterCaroline,EhrenbergCarolineAugusteEleonorevon,0.0016397098640076634,0.0014122527327580922,0.0065244010087825224,0.001223863742436367,0.060696832975296135,0.0010620923154456474,0.02872270430389922,0.6226055721407865,0.001093054609765108,0.0018445458543568762,0.0011099159968531043,0.003381179961894504,0.004959547659551841,0.002547272217481317,0.01162004271918542,0.003764441502448171,0.0031350728162067433,0.00233430727465558,0.2351880808357707,0.005135109468418614
969,ub0874,ub0874,MosengeilFriedrich_TruchsessChristian_1808-05-06.xml,JP-UB0874,letters-context,Mosengeil Friedrich,Truchsess von Wetzhausen Christian Freiherr,1808-05-06,1808,5,1804,MosengeilFriedrich,TruchsessvonWetzhausenChristianFreiherr,0.00020042540427718422,0.00017262281036279473,0.0007974921286718527,0.2702319842990434,0.0006670499400067384,0.00012982191933797482,0.0035108403921976497,0.6432754879499369,0.00013360650982714812,0.00022546296554178282,0.00013566751488540028,0.0004132891895522885,0.06137475406030764,0.00031135878072045706,0.0014203438125441467,0.0004601361049093861,0.0003832069626579439,0.00028532759941232505,0.01524344573959349,0.000627675916213545
970,ub0905,ub0905,WagnerJohann_KoenitzLouise_1809-08-09.xml,JP-UB0905,letters-context,Wagner Johann Ernst,Könitz Louise Henriette,1809-08-09,1809,8,1809,WagnerJohannErnst,KönitzLouiseHenriette,0.00023539174488271207,0.00020273869315318824,0.04058676436353199,0.00017569414452789811,0.04043356514955541,0.00015247073207708792,0.09928368281897658,0.31935017552203737,0.000156915584575332,0.0002647973746477436,0.00015933615385707402,0.07185564615077622,0.2465428533560205,0.0003656786271314277,0.009598166129383249,0.0005404117357715863,0.06389028750739872,0.008265134282233908,0.0020427702529938,0.09589751967646816
971,ub0271,ub0271,RichterCaroline_RichterOdilie_1822-06-14.xml,JP-UB0271,letters-context,Richter Caroline,Richter Odilie Minna,1822-06-14,1822,6,1819,RichterCaroline,RichterOdilieMinna,0.00031543743308211716,0.0002716806104926473,0.001255124672836094,0.0002354394797704265,0.45799615781617703,0.00020431887435352493,0.10116542871343397,0.42794618677553015,0.00021027521264046592,0.00035484253786124346,0.00021351890396537017,0.0006504508824273978,0.0009540876818010912,0.0004900287711143169,0.0022353933022551255,0.0007241804117819773,0.0006031062832376527,0.0004490598677881876,0.002737420572254722,0.0009878611971965744
972,ub0860,ub0860,KalbCharlotte_RichterCaroline_1806-02-06.xml,JP-UB0860,letters-context,Kalb Charlotte von,Richter Caroline,1806-02-06,1806,2,1804,KalbCharlottevon,RichterCaroline,0.0002907221890248864,0.0002503938135252271,0.0011567827851650752,0.019805063825836758,0.0009675730451788543,0.00018831002341974424,0.3380897806770255,0.3062693025868631,0.0001937996689841038,0.010121075597546169,0.00019678920967774652,0.0005994865686826517,0.0008793327306296085,0.00045163389655926574,0.3056753544238721,0.000667439220846664,0.0005558515270819763,0.0004138750004747272,0.012316973195727427,0.000910460013878469
973,ub0325,ub0325,SpazierJohann_FalkJohannes_1803-10-26.xml,JP-UB0325,letters-context,Spazier Johann Karl Gottlieb,Falk Johannes Daniel,1803-10-26,1803,10,1799,SpazierJohannKarlGottlieb,FalkJohannesDaniel,0.0001854031653465837,0.00015968442507429442,0.0007377186815612581,0.00013838314739781184,0.0006170533659019622,0.00012009153661649553,0.04072358200536514,0.12661228466047106,0.10005928664394978,0.00020856411706204447,0.00012549899442723154,0.00038231243301147346,0.0005607795958004033,0.00028802188880303054,0.2761370455200416,0.0004256480891138178,0.0003544849222874724,0.00026394179062563637,0.4513195845222339,0.0005806304949090517
974,ub0844,ub0844,SpazierJohann_BodeAugust_1803-11-20.xml,JP-UB0844,letters-context,Spazier Johann Karl Gottlieb,Bode August Theodor Heinrich,1803-11-20,1803,11,1799,SpazierJohannKarlGottlieb,BodeAugustTheodorHeinrich,0.00025788733747629896,0.00022211374407692734,0.0010261330017678908,0.00019248463944668845,0.0008582930572721082,0.00016704184404603623,0.06533251734876529,0.4193723850184653,0.00017191147605806017,0.0002901031637819169,0.00017456337095588854,0.0005317791379079685,0.04421938991628317,0.00040062529622651255,0.0018275561695331578,0.000592057056837404,0.0004930723410968642,0.2783791060432135,0.17599547530924578,0.00949550472754332
975,ub0854,ub0854,GoldschmidtCaroline_OsmundEmanuel_1805-04-21.xml,JP-UB0854,letters-context,Goldschmidt Caroline,Osmund Emanuel,1805-04-21,1805,4,1804,GoldschmidtCaroline,OsmundEmanuel,0.0012848397127528785,0.0011066094284853886,0.005112373659520504,0.0009589920593862184,0.17741418685305926,0.0008322316133165908,0.02250646407475369,0.2714371749433133,0.0008564929696777423,0.0014453445805826571,0.04415421044341245,0.002649416452486511,0.003886189825502578,0.0019959851288647167,0.009105203717567314,0.4357947842685607,0.002456572437022068,0.001829110596989988,0.011150061130582324,0.004023756104163268
976,ub0375,ub0375,RichterCaroline_MayerJohann_1802-10-08.xml,JP-UB0375,letters-context,Richter Caroline,Mayer Johann Siegfried Wilhelm,1802-10-08,1802,10,1799,RichterCaroline,MayerJohannSiegfriedWilhelm,0.0001379971496115551,0.00011885447293426487,0.0005490902762115328,0.0001029997511610748,0.0004592780575968509,8.938515000306845e-05,0.2720556102858073,0.4568556519435458,9.199092097225476e-05,0.00015523604255628847,9.340996674841027e-05,0.0002845583888388241,0.0004173930128760966,0.00021437713647582483,0.005626873482810645,0.0003168134854952972,0.004912782723919279,0.00019645411501804686,0.038389055819180506,0.2189321878182372
977,ub0786,ub0786,StainleinJohann_RichterCaroline_1826-02-14.xml,JP-UB0786,letters-context,Stainlein Johann Gottlieb Eduard von,Richter Caroline,1826-02-14,1826,2,1824,StainleinJohannGottliebEduardvon,RichterCaroline,0.0003331381609221205,0.00028692593029742904,0.0013255558199008794,0.00024865113354749545,0.0011087406362405546,0.0002157841996707205,0.005835562192157514,0.1152711592937306,0.00022207477705512682,0.40440175660856303,0.00022550048766917534,0.0006869508435469143,0.0010076261798355477,0.0005175266676908713,0.1370364994645576,0.0007648176952228339,0.0006369495087352638,0.0004742588000325968,0.32835722670925704,0.0010432948913666775
978,ub0087,ub0087,MayerJohann_RichterCaroline_1808-08-23.xml,JP-UB0087,letters-context,Mayer Johann Siegfried Wilhelm,Richter Caroline,1808-08-23,1808,8,1804,MayerJohannSiegfriedWilhelm,RichterCaroline,0.00013013244246273445,0.00011208074155222805,0.2416369871905317,9.712960904898422e-05,0.0004331029704081228,8.429092863540716e-05,0.04173539012993939,0.3256029752435351,8.674819200405795e-05,0.00014638885971893483,8.8086363794833e-05,0.00026834089158429966,0.00039360503014257815,0.03527404165933448,0.29903320174351866,0.00029875771194322505,0.004632794350839323,0.00018525783968086196,0.04935314994344305,0.0004075381578821221
979,ub0994,ub0994,KalbCharlotte_RichterCaroline_1819-12-24.xml,JP-UB0994,letters-context,Kalb Charlotte von,Richter Caroline,1819-12-24,1819,12,1819,KalbCharlottevon,RichterCaroline,0.0014765786406086947,0.00127175073231255,0.005875302322563249,0.0011021041592566248,0.10440216442010752,0.0009564270251498256,0.025865143954186025,0.6601517356859364,0.0009843089471043682,0.0016610359368759338,0.0009994928308948328,0.003044793607318453,0.004466132882360256,0.10178170834394508,0.010463989550061996,0.003389925277847748,0.002823171134586886,0.002102072042153558,0.06255793408395152,0.004624228422778431
980,ub0766,ub0766,EndeHenriette_RichterCaroline_1822-12-25.xml,JP-UB0766,letters-context,Ende Henriette Freifrau von,Richter Caroline,1822-12-25,1822,12,1819,EndeHenrietteFreifrauvon,RichterCaroline,6.869565309754246e-05,5.9166335426248804e-05,0.0002733398134674425,5.1273777717955955e-05,0.018742737035521637,4.4496362960879785e-05,0.07757402584311962,0.4727368752505753,4.579352843896934e-05,0.007020067076149318,4.6499936336833274e-05,0.06725528946091641,0.00020778027443744742,0.3472462088921965,0.00048682174885791553,0.00478623784136578,0.00013134389159024255,9.779581515163709e-05,0.0005961527526275938,0.002529398710044613
981,ub0822,ub0822,RichterCaroline+RichterJohann_OsmundEmanuel_1802-09-20.xml,JP-UB0822,letters-context,Richter Caroline + Jean Paul,Osmund Emanuel,1802-09-20,1802,9,1799,RichterCarolineANDJeanPaul,OsmundEmanuel,0.0003487962850793417,0.0003004119921406221,0.0013878594525675288,0.000260338207493463,0.1186655857697781,0.00022592646551099037,0.32337262166852365,0.3086966935360129,0.00023251271193983452,0.0003923686475152972,0.1882436709972936,0.0007192388335159768,0.0010549865176133018,0.0005418514006933778,0.002471795664514087,0.0008007655746140468,0.0006668873413211539,0.04749844275131794,0.0030269144564514985,0.0010923317261033409
982,ub0644,ub0644,SchwendlerAuguste_OsmundEmanuel_1808-07-01.xml,JP-UB0644,letters-context,Schwendler Auguste Sophie Henriette,Osmund Emanuel,1808-07-01,1808,7,1804,SchwendlerAugusteSophieHenriette,OsmundEmanuel,0.0005022353700147394,0.0004325663273486121,0.001998393146676292,0.0003748636713252582,0.00167152499777061,0.00032531384895978337,0.38102943651583177,0.5290936925894644,0.00033479745315426716,0.017484603307130513,0.00033996201620836985,0.0010356394179992397,0.018438713615648705,0.0007802174230678505,0.0035591640830855507,0.0011530306137574485,0.0009602579641878557,0.000714987269119254,0.021278113002541604,0.018492487366708023
983,ub0161,ub0161,EhrenbergCaroline_RichterCaroline_1810-07-19.xml,JP-UB0161,letters-context,Ehrenberg Caroline Auguste Eleonore von,Richter Caroline,1810-07-19,1810,7,1809,EhrenbergCarolineAugusteEleonorevon,RichterCaroline,0.00014983923211472173,0.0001290538464598764,0.015739850690597273,0.00011183856815467554,0.01059445106247443,9.705564409569156e-05,0.2853060202454173,0.4708208453237737,0.08086596929803999,0.00016855746280729572,0.0001014258463224917,0.00030897747232774386,0.005501091429046472,0.00023277368846320556,0.05658854047397512,0.0003440005067048782,0.00028648781940971536,0.0002133126214776287,0.0719706544956995,0.00046925427263837314
984,ub0770,ub0770,MayerJohann_RichterCaroline_1817-09-25.xml,JP-UB0770,letters-context,Mayer Johann Siegfried Wilhelm,Richter Caroline,1817-09-25,1817,9,1814,MayerJohannSiegfriedWilhelm,RichterCaroline,0.00025566614219044354,0.00022020066836683091,0.19911733372845164,0.00019082676055305007,0.0008509005404027198,0.00016560310509837565,0.13367416676734006,0.3726950858858386,0.00017043079474993007,0.00028760449212897717,0.00017305984875722348,0.0005271989001739386,0.0007733004752609919,0.0951406715369042,0.11378140252550235,0.0005869576426650215,0.0004888254867520645,0.00036396886345466963,0.06251003115129658,0.01802676468411232
985,ub0673,ub0673,RichterCaroline_OsmundEmanuel_1807-06-07.xml,JP-UB0673,letters-context,Richter Caroline,Osmund Emanuel,1807-06-07,1807,6,1804,RichterCaroline,OsmundEmanuel,0.0012315333988589994,0.0010606976552367405,0.004900267984133729,0.0009192047370984834,0.004098753263279342,0.0007977034156188312,0.7683690833099163,0.13570953888045215,0.0008209582001369414,0.0013853791303147175,0.0008336222462622751,0.0025394956400691744,0.0037249569085610673,0.0019131743247226113,0.00872744076190927,0.04431603900876879,0.0023546524697832154,0.0017532231982257788,0.010687459723836204,0.0038568157428154905
986,ub0198,ub0198,RichterOdilie_RichterCaroline_1823-10-21.xml,JP-UB0198,letters-context,Richter Odilie Minna,Richter Caroline,1823-10-21,1823,10,1819,RichterOdilieMinna,RichterCaroline,0.0002451104071511409,0.0002111092028687275,0.0009752936313814382,0.00018294806098982828,0.2815686200307991,0.00015876581923749647,0.07861051613083045,0.5224562910736122,0.00016339418717841223,0.00027573011256109024,0.00016591469494932391,0.0005054323422106141,0.00899880986387379,0.00038077646787195097,0.059539068105278176,0.0005627238145085717,0.0004686432589670128,0.0003489416140415589,0.0021271104841719653,0.04205480069751708
987,ub0953,ub0953,Uthe-SpazierWilhelmine_LudwigErnst_1811-03-08.xml,JP-UB0953,letters-context,Uthe-Spazier Wilhelmine,Ludwig Ernst Karl Friedrich,1811-03-08,1811,3,1809,UtheSpazierWilhelmine,LudwigErnstKarlFriedrich,0.0002771500990852726,0.00023870441558527017,0.001102779476874378,0.0002068621802725988,0.0009224028143259583,0.00017951894839738063,0.4716953476481319,0.2546241683695453,0.00018475231505992682,0.00031177226991417785,0.00018760229187883283,0.0005715001062284396,0.0008382819152550395,0.000430549796014894,0.09533216956395367,0.0006362804532103169,0.019203523131064,0.00039455363821806153,0.1517941245162065,0.0008679560507780714
988,ub0819,ub0819,RichterCaroline_RichterOdilie_1823-01-02.xml,JP-UB0819,letters-context,Richter Caroline,Richter Odilie Minna,1823-01-02,1823,1,1819,RichterCaroline,RichterOdilieMinna,0.00012519284995705305,0.00010782635901298428,0.0004981420033394019,9.344274449885084e-05,0.5824423055560749,8.109139720800298e-05,0.03593361297305461,0.29637336584463897,8.345538729682775e-05,0.00014083220297217495,8.474276450307079e-05,0.000258155155944878,0.00037866449402186765,0.00019448579015282294,0.000887197361295332,0.00028741740873365547,0.0002393647250035523,0.00017822578664944077,0.08122041045024686,0.00039206874539468486
989,ub0998,ub0998,KalbCharlotte_RichterCaroline_1820-01-24.xml,JP-UB0998,letters-context,Kalb Charlotte von,Richter Caroline,1820-01-24,1820,1,1819,KalbCharlottevon,RichterCaroline,0.0007401847158022662,0.0006375078363452699,0.07775264692540558,0.0005524667846797356,0.0024634610170823157,0.02541525921751613,0.3870030434655133,0.3807949010517467,0.0004934179719501659,0.0008326501407111203,0.0005010294044869297,0.0015263052227143911,0.002238799348270565,0.0011498692566007554,0.0052454267712268,0.0016993140828180278,0.07622266349354972,0.0010537343249634966,0.006423450915472556,0.027253868053144233
990,ub0331,ub0331,RichterCaroline+RichterJohann_OsmundEmanuel_1802-02-28.xml,JP-UB0331,letters-context,Richter Caroline + Jean Paul,Osmund Emanuel,1802-02-28,1802,2,1799,RichterCarolineANDJeanPaul,OsmundEmanuel,0.0005022353700147394,0.0004325663273486121,0.001998393146676292,0.0003748636713252582,0.00167152499777061,0.00032531384895978337,0.3641098088729983,0.2583796503041282,0.00033479745315426716,0.0005649756642970037,0.10185772787320943,0.0010356394179992397,0.03535834125848221,0.0007802174230678505,0.1896750681542541,0.0011530306137574485,0.0009602579641878557,0.000714987269119254,0.021278113002541604,0.018492487366708023
991,ub0280,ub0280,MuetzschefahlAntonie_OsmundEmanuel_1812-03-31.xml,JP-UB0280,letters-context,Mützschefahl Antonie von,Osmund Emanuel,1812-03-31,1812,3,1809,MützschefahlAntonievon,OsmundEmanuel,0.0006170846346881515,0.0005314839416476778,0.002455378052811881,0.0004605860628072003,0.0020537629450333595,0.0003997053764621417,0.2602743574264659,0.4214086382003548,0.00041135765501374637,0.0006941721396487478,0.00041770323060606556,0.001272465481485215,0.0018664647465331835,0.0009586345610764649,0.004373060121077454,0.0014167012471739868,0.16748979343463655,0.0008784878248582642,0.10929888422546874,0.02272127869215061
992,ub0917,ub0917,WagnerJohann_FichteJohann_1809-12-30.xml,JP-UB0917,letters-context,Wagner Johann Ernst,Fichte Johann Gottlieb,1809-12-30,1809,12,1809,WagnerJohannErnst,FichteJohannGottlieb,5.6207969344925284e-05,4.841091710953006e-05,0.11573143134752495,4.19530901333331e-05,0.0001870697116198914,3.640769237195407e-05,0.3285722301390669,0.27318726295922985,3.746905556074602e-05,6.322958659503176e-05,3.8047050698397164e-05,0.00011590419977308479,0.17248489431550826,8.731849570229855e-05,0.09886397447827523,0.00012904210507901315,0.00010746783965595125,8.001822433073054e-05,0.0004877824743438295,0.009643878348076007
993,ub0411,ub0411,SchwendlerAuguste_OsmundEmanuel_1808-08-24.xml,JP-UB0411,letters-context,Schwendler Auguste Sophie Henriette,Osmund Emanuel,1808-08-24,1808,8,1804,SchwendlerAugusteSophieHenriette,OsmundEmanuel,4.4968128814778967e-05,3.873024380695724e-05,0.00017892806004418544,3.356378078198767e-05,0.00014966160470670557,2.912728959098554e-05,0.4416280269621292,0.33823663280414296,2.99764132499453e-05,5.0585641645624014e-05,3.043882738991741e-05,0.006152387769956742,0.00013601282941158206,6.985752035548661e-05,0.13666104107251492,0.00010323770937380804,0.07583173755715954,6.401707553519794e-05,0.0003902411952525965,0.00014082751413683036
994,ub1139,ub1139,SchwendlerAuguste_MuellerFriedrich_1819-08-31.xml,JP-UB1139,letters-context,Schwendler Auguste Sophie Henriette,Müller Friedrich Theodor Adam Heinrich von,1819-08-31,1819,8,1819,SchwendlerAugusteSophieHenriette,MüllerFriedrichTheodorAdamHeinrichvon,0.0001172787361325324,0.13443369666867336,0.012319535877591105,8.753572571708179e-05,0.004341285013186258,7.596517356253355e-05,0.06131878549786714,0.309245701293208,7.817972311502245e-05,0.008033852182304723,7.938571827948919e-05,0.0002418357791654891,0.0003547270734102143,0.07129949596412806,0.2655455246590955,0.0002692482074681899,0.1306059584162043,0.0001669591754772191,0.001017765145500824,0.00036728396991305817
995,ub0968,ub0968,BrockhausFriedrich_Borntraeger_1811-08-30.xml,JP-UB0968,letters-context,Brockhaus Friedrich Arnold,Bornträger Johann Friedrich Wilhelm,1811-08-30,1811,8,1809,BrockhausFriedrichArnold,BornträgerJohannFriedrichWilhelm,6.668927798995983e-05,5.7438280487495224e-05,0.0002653564524697147,4.97762385484985e-05,0.0002219532950063229,0.19775026410909968,0.2752620810956785,0.1915759037807795,4.445604940783087e-05,7.502024226760323e-05,4.5141825443878716e-05,0.011370873384872065,0.002448382912687265,0.013583628418238571,0.2386197525744595,0.00015310506531936968,0.06752764435946926,9.493951958854827e-05,0.0005787410826127459,0.0002088520355736808
996,ub0596,ub0596,RichterCaroline_OsmundEmanuel_1803-11-25.xml,JP-UB0596,letters-context,Richter Caroline,Osmund Emanuel,1803-11-25,1803,11,1799,RichterCaroline,OsmundEmanuel,0.0003487962850793417,0.0003004119921406221,0.0013878594525675288,0.000260338207493463,0.14216653221476014,0.00022592646551099037,0.21761836266610446,0.5554566312083243,0.00023251271193983452,0.0003923686475152972,0.00023609943743723658,0.0007192388335159768,0.0010549865176133018,0.0005418514006933778,0.002471795664514087,0.04780265846457813,0.0006668873413211539,0.0004965498613538516,0.026527860901433543,0.0010923317261033409
997,ub0582,ub0582,SpazierJohann+LeipzigerAugust_Unbekannt_1803-01-01.xml,JP-UB0582,letters-context,Spazier Johann Karl Gottlieb + Leipziger August Wilhelm von,Unbekannte Korrespondenten,1803-01-01,1803,1,1799,SpazierJohannKarlGottliebANDLeipzigerAugustWilhelmvon,UnbekannteKorrespondenten,0.0010952161550158007,0.0009432900550475961,0.0043578620483230865,0.0008174588515179792,0.0036450662186882548,0.0007094063940989834,0.09297752920442973,0.4527550868030096,0.0007300871289529809,0.0012320328508736904,0.0007413494040298738,0.002258401317554837,0.003312645021867475,0.0017014069043835565,0.007761408763450681,0.002514394307549229,0.0020940182594671878,0.2598335762830134,0.1570898554997619,0.003429908528964233
998,ub0464,ub0464,Uthe-SpazierWilhelmine_BoettigerCarl_1809-09-16.xml,JP-UB0464,letters-context,Uthe-Spazier Wilhelmine,Böttiger Carl August,1809-09-16,1809,9,1809,UtheSpazierWilhelmine,BöttigerCarlAugust,0.0003615411229308256,0.00031138889267613837,0.01361840063089812,0.0002698508324352552,0.0012032705396340304,0.00023418170300195586,0.17685070831338534,0.02766040473159391,0.00024100860750652013,0.0004067055972034254,0.0002447263901190282,0.0007455194526102039,0.0010935351853533402,0.024921309381339973,0.03910160232522427,0.0008300251391280008,0.0006912550636677722,0.00051469353930814,0.7095676275833237,0.001132244968659958
999,ub0390,ub0390,MahlmannErnestine_MayerJohann_1803-04-02.xml,JP-UB0390,letters-context,Mahlmann Ernestine,Mayer Johann Siegfried Wilhelm,1803-04-02,1803,4,1799,MahlmannErnestine,MayerJohannSiegfriedWilhelm,0.00013864168601823848,0.00011940960059537188,0.0005516548847891039,0.00010348082696365125,0.0004614231847226304,8.980263676678788e-05,0.12853613240193715,0.6738393714768677,9.242057838052622e-05,0.0001559610958007839,9.384625202304026e-05,0.0002858874615185864,0.014431292941145785,0.00021537841707914266,0.0009825044964078436,0.0003182932104468977,0.0002650784694107436,0.014209322114992672,0.0012031565175069318,0.1639069417466264
1000,ub0221,ub0221,RichterCaroline+RichterJohann_OsmundEmanuel_1803-03-15.xml,JP-UB0221,letters-context,Richter Caroline + Jean Paul,Osmund Emanuel,1803-03-15,1803,3,1799,RichterCarolineANDJeanPaul,OsmundEmanuel,9.54140557269622e-05,8.217841698810776e-05,0.0003796522635507635,7.121613761450561e-05,0.0003175542560485432,6.180272351684511e-05,0.0016713625801963758,0.3833811246818957,6.360440693686861e-05,0.00010733337939944327,0.1607830844172286,0.09984221878727133,0.19636516267886248,0.00014822474307525969,0.1485371845444554,0.0002190513329093448,0.000182428622867781,0.00013583239893640096,0.000828019669311886,0.006727549903207396
1001,ub0775,ub0775,MahlmannErnestine_RichterCaroline_1804-07-23.xml,JP-UB0775,letters-context,Mahlmann Ernestine,Richter Caroline,1804-07-23,1804,7,1804,MahlmannErnestine,RichterCaroline,0.006996425083268536,8.812715595787516e-05,0.010748290846140686,7.637133807504787e-05,0.10719915628499484,6.627650487327619e-05,0.16380379770059428,0.5214390205293985,6.820860872198022e-05,0.00011510303815160315,6.92607901446835e-05,0.010552148098469596,0.00030948485347962617,0.00015895444970301278,0.028301528682321143,0.00023490804137631222,0.00019563428315948038,0.00014566504739234396,0.052593739829262666,0.09683789883451442
1002,ub1078,ub1078,Uthe-SpazierWilhelmine_KindJohann_1809-08-29.xml,JP-UB1078,letters-context,Uthe-Spazier Wilhelmine,Kind Johann Friedrich,1809-08-29,1809,8,1809,UtheSpazierWilhelmine,KindJohannFriedrich,0.0003615411229308256,0.00031138889267613837,0.0014385711270900913,0.0002698508324352552,0.0012032705396340304,0.08549298822965816,0.030692754267689,0.4174149488534509,0.00024100860750652013,0.03694619410862751,0.0002447263901190282,0.012925348956418234,0.0010935351853533402,0.0005616503737239123,0.06346126133284033,0.0008300251391280008,0.0006912550636677722,0.00051469353930814,0.3441727424690829,0.001132244968659958
1003,ub1121,ub1121,SchwendlerAuguste_MuellerFriedrich_1812-12-12.xml,JP-UB1121,letters-context,Schwendler Auguste Sophie Henriette,Müller Friedrich Theodor Adam Heinrich von,1812-12-12,1812,12,1809,SchwendlerAugusteSophieHenriette,MüllerFriedrichTheodorAdamHeinrichvon,0.00022815465349026055,0.00019650551597925263,0.10082869285149106,0.000170292448807003,0.000759337612274241,0.00014778303742889336,0.18077964289378734,0.3172180125671062,0.00015209123346209534,0.00025665621064149607,0.00015443738262718265,0.000470468562474079,0.0006900878640614158,0.00035443588093344626,0.2091448038794069,0.0005237968407875628,0.0004362244002729508,0.0003248032344497435,0.18644925681573632,0.0007145161147826878
1004,ub0157,ub0157,EndeHenriette_RichterCaroline_1818-06-01.xml,JP-UB0157,letters-context,Ende Henriette Freifrau von,Richter Caroline,1818-06-01,1818,6,1814,EndeHenrietteFreifrauvon,RichterCaroline,0.00015292706211118557,0.0001317133391216697,0.0006084963567089351,0.00011414329489837087,0.0005089673535875491,9.905572995394892e-05,0.0026788146375772994,0.5526500134510308,0.12374766501909015,0.00017203103099393534,0.00010351599164872734,0.041530585296011474,0.0004625507656103998,0.25268091886647936,0.001083739894268998,0.0003510895385185812,0.01059620178491889,0.0002177084869791194,0.011630937613993223,0.0004789244864973992
1005,ub1084,ub1084,WagnerJohann_MuellerFriedrich_1810-02-23.xml,JP-UB1084,letters-context,Wagner Johann Ernst,Müller Friedrich Theodor Adam Heinrich von,1810-02-23,1810,2,1809,WagnerJohannErnst,MüllerFriedrichTheodorAdamHeinrichvon,0.00022301228863597528,0.00019207648924853967,0.038452271185424526,0.00016645423691739674,0.0007422229447004644,0.00014445216389154383,0.2443218913602972,0.19737353597147564,0.0001486632577375776,0.0002508714507996671,0.00015095652717908752,0.0004598646981053161,0.5040442731587971,0.007859428451908899,0.0015804090575631438,0.0005119910133646011,0.00042639236314274585,0.0003174825126856185,0.0019353391917147707,0.0006984116764104245
1006,ub0760,ub0760,RichterJohann+RichterCaroline_OsmundEmanuel_1806-11-09.xml,JP-UB0760,letters-context,Jean Paul + Richter Caroline,Osmund Emanuel,1806-11-09,1806,11,1804,JeanPaulANDRichterCaroline,OsmundEmanuel,0.0010952161550158007,0.0009432900550475961,0.0043578620483230865,0.03771380394712393,0.0036450662186882548,0.0007094063940989834,0.7571117409253371,0.08379163584695004,0.0007300871289529809,0.0012320328508736904,0.0007413494040298738,0.002258401317554837,0.003312645021867475,0.0017014069043835565,0.007761408763450681,0.03941073940315518,0.0020940182594671878,0.0015591606137716982,0.046400820212944005,0.003429908528964233
1007,ub0316,ub0316,RichterEmma_SchubaertMarie_1816-12-16.xml,JP-UB0316,letters-context,Richter Emma,Schubaert Marie von,1816-12-16,1816,12,1814,RichterEmma,SchubaertMarievon,0.0005290914615710959,0.00045569699791673694,0.0021052534606186553,0.00039490880091851567,0.26912650015457645,0.0003427093950201062,0.13403867530081448,0.36131788051534813,0.00035270011710738955,0.0005951866750568163,0.14295312404662236,0.0010910182875287651,0.07289780783793952,0.0008219380819437075,0.0037494836865747186,0.0012146867566321393,0.0010116059522899136,0.0007532198682301697,0.004591547164701888,0.0016569654385883961
1008,ub0184,ub0184,SchwendlerAuguste_RichterCaroline_1808-07-01.xml,JP-UB0184,letters-context,Schwendler Auguste Sophie Henriette,Richter Caroline,1808-07-01,1808,7,1804,SchwendlerAugusteSophieHenriette,RichterCaroline,0.00013070545324616706,0.00011257426547531078,0.0005200766365632374,9.755729881121701e-05,0.0004350100480567392,8.466208597434256e-05,0.4910546654172254,0.2169544683661549,8.71301693843399e-05,0.0001470334522095228,8.847423353256006e-05,0.09273859647566006,0.0003953381869358936,0.00020304956202038708,0.1154117834195793,0.00030007322856104415,0.07950911093319303,0.0001860735835326148,0.0011342845176171314,0.00040933266626686697
1009,ub1102,ub1102,WagnerJohann_TruchsessChristian_1811-06-22.xml,JP-UB1102,letters-context,Wagner Johann Ernst,Truchsess von Wetzhausen Christian Freiherr,1811-06-22,1811,6,1809,WagnerJohannErnst,TruchsessvonWetzhausenChristianFreiherr,0.008502547194725282,0.0002111092028687275,0.0009752936313814382,0.00018294806098982828,0.0008157692532782791,0.00015876581923749647,0.004293585042663171,0.3242778081718329,0.00016339418717841223,0.00027573011256109024,0.00016591469494932391,0.0005054323422106141,0.4714152699680258,0.00038077646787195097,0.0017370105922591911,0.14093914920326894,0.0004686432589670128,0.0003489416140415589,0.043414294422042685,0.0007676167596463777
1010,ub1141,ub1141,OttoGeorg_SchragJohann_1819-10-19.xml,JP-UB1141,letters-context,Otto Georg Christian,Schrag Johann Leonhard,1819-10-19,1819,10,1819,OttoGeorgChristian,SchragJohannLeonhard,0.0004703994367611503,0.0004051466083335686,0.0018717180564090546,0.0003511016355706756,0.001565569580375039,0.00030469270078846314,0.05578131498603015,0.1469186491008305,0.00031357515379335584,0.4125542380189538,0.0003184123430811116,0.0009699918165862963,0.0014227934324559039,0.0007307606319156336,0.019180672387009542,0.0010799417636873118,0.0008993886780338065,0.0006696653178274155,0.3527188098040158,0.0014731585475414792
1011,ub0281,ub0281,Uthe-SpazierWilhelmine_RichterCaroline_1822-05-26.xml,JP-UB0281,letters-context,Uthe-Spazier Wilhelmine,Richter Caroline,1822-05-26,1822,5,1819,UtheSpazierWilhelmine,RichterCaroline,0.00022992188377999478,0.00019802759977033865,0.0009148585389423288,0.00017161149257420626,0.0007652192561855835,0.17830131709314026,0.14345113761153494,0.2577090574355154,0.00015326929505525382,0.00025864420704023444,0.00015563361691945264,0.26382981871406325,0.0006954331163159324,0.0003571812548058268,0.14879874003677326,0.0005278540433409455,0.0004396032880645882,0.00032731908107106925,0.001995301852799025,0.0007200505823082474
1012,ub1074,ub1074,WagnerJohann_ArnimLudwig_1809-05-06.xml,JP-UB1074,letters-context,Wagner Johann Ernst,Arnim Ludwig Achim von,1809-05-06,1809,5,1809,WagnerJohannErnst,ArnimLudwigAchimvon,0.00017763656329348074,0.00015299518985378347,0.000706815393496486,0.00013258622998981844,0.006575539398279567,0.00011506086104468203,0.056970661044175315,0.3546975024750145,0.00011841513467279052,0.00019982729481443268,0.00012024179859695093,0.0003662972343410351,0.3416443610635924,0.0002759565533016945,0.15086721259924654,0.0004078175449770393,0.00033963542756560333,0.08403356970565977,0.0015415608033356447,0.0005563076847486917
1013,ub0902,ub0902,KalbCharlotte_RichterCaroline_1809-07-10.xml,JP-UB0902,letters-context,Kalb Charlotte von,Richter Caroline,1809-07-10,1809,7,1809,KalbCharlottevon,RichterCaroline,0.00018656846843438549,0.00016068807974904106,0.007027593784175585,0.031565444742737425,0.0006209316933904917,0.00012084634054973189,0.14154335326301168,0.4416699912922064,0.00012436927345218918,0.00020987499225213484,0.00012628778552175625,0.0003847153577827981,0.0005643042292301556,0.08828316928299157,0.12702691191599355,0.000428323388813443,0.00035671294452079607,0.00026560072769416497,0.039330503609285736,0.12000380882820713
1014,ub1098,ub1098,VossHeinrich_TruchsessChristian_1811-05-04.xml,JP-UB1098,letters-context,Voß Heinrich,Truchsess von Wetzhausen Christian Freiherr,1811-05-04,1811,5,1809,VoßHeinrich,TruchsessvonWetzhausenChristianFreiherr,0.04702109210727942,0.0037010285454304975,0.0076437688558072875,0.12277803203856408,0.0003565175528685465,6.938579889626414e-05,0.3158391640897893,0.4412475527358928,7.140854540876064e-05,0.00012050297873743877,7.251008884014204e-05,0.03991732722473236,0.00032400401689914313,0.00016641163413562462,0.0007591298190883659,0.01828976348359996,0.00020481226423259781,0.00015249877319127177,0.0009296160911317473,0.0003354733554742772
1015,ub1320,ub1320,OsmundEmanuel_GoldschmidtCaroline_1811-08-18.xml,JP-UB1320,letters-context,Osmund Emanuel,Goldschmidt Caroline,1811-08-18,1811,8,1809,OsmundEmanuel,GoldschmidtCaroline,0.00017147942185961385,0.0001476921542333818,0.0006823161447793057,0.00012799059857759737,0.0005707127720478639,0.00011107268438882004,0.08965742838859908,0.4810489845705548,0.00011431069401838427,0.005969809865170272,0.00011607404311633623,0.00035360083987777424,0.0005186651516912358,0.0002663914981307396,0.01276903164273131,0.358562032233366,0.00032786317007141644,0.0002441198108806149,0.041926490189170836,0.006313934126734725
1016,ub0779,ub0779,MahlmannErnestine_MayerJohann_1802-04-30.xml,JP-UB0779,letters-context,Mahlmann Ernestine,Mayer Johann Siegfried Wilhelm,1802-04-30,1802,4,1799,MahlmannErnestine,MayerJohannSiegfriedWilhelm,0.00017763656329348074,0.00015299518985378347,0.000706815393496486,0.00013258622998981844,0.0005912047892094901,0.00011506086104468203,0.12279834174394615,0.5282432061380467,0.00011841513467279052,0.00019982729481443268,0.00012024179859695093,0.0003662972343410351,0.0005372883465979425,0.0002759565533016945,0.0012588473724946035,0.0004078175449770393,0.00033963542756560333,0.0002528851786786899,0.04343190306682618,0.2997730381382525
1017,ub1159,ub1159,RichterCaroline_ViewegEduard_1826-08-19.xml,JP-UB1159,letters-context,Richter Caroline,Vieweg Eduard,1826-08-19,1826,8,1824,RichterCaroline,ViewegEduard,0.00014472533884028982,0.00012464934179086265,0.0005758617225233489,0.00010802160717965931,0.0004816706192462444,9.37432125076372e-05,0.13417634947575247,0.3084841016491195,9.647603045001664e-05,0.16105760956835488,0.004973564409802302,0.00029843231806215035,0.00043774342722369066,0.00022482930845607027,0.2448056245169175,0.0003322600442584853,0.00027671021902956727,0.00020603243213782559,0.1426483557591124,0.0004532389992351665
1018,ub0228,ub0228,MahlmannErnestine_MayerJohann_1801-03-04.xml,JP-UB0228,letters-context,Mahlmann Ernestine,Mayer Johann Siegfried Wilhelm,1801-03-04,1801,3,1799,MahlmannErnestine,MayerJohannSiegfriedWilhelm,0.00020742824372057682,0.00017865423052930242,0.0008253564074273285,0.0001548224550082243,0.07057011527717218,0.00013435788153615808,0.024597436339728482,0.6657514558853862,0.00013827470516039852,0.00023334061435488783,0.0001404077214867183,0.0004277294639704052,0.0006273977386187922,0.00032223761895226326,0.0014699704539848052,0.00047621320489782957,0.02136052377552098,0.00029529691130998165,0.05770390511020401,0.15438507596103054
1019,ub0151,ub0151,RichterCaroline_OsmundEmanuel_1808-09-20.xml,JP-UB0151,letters-context,Richter Caroline,Osmund Emanuel,1808-09-20,1808,9,1804,RichterCaroline,OsmundEmanuel,0.0011371737086020314,0.0009794273443404539,0.004524811037868697,0.000848775567775337,0.0037847081154002006,0.0007365836382060093,0.7478067310431147,0.2019311941590272,0.0007580566486641105,0.0012792318299279975,0.0007697503796758683,0.0023449203064015217,0.003439551916347277,0.0017665875274374828,0.00805874707662816,0.002610720346398052,0.002174239759971691,0.0016188918044615602,0.009868590020335402,0.003561307769416278
1020,ub0570,ub0570,RichterCaroline_WeldenJosephine_1825-11-15.xml,JP-UB0570,letters-context,Richter Caroline,Welden Josephine von,1825-11-15,1825,11,1824,RichterCaroline,WeldenJosephinevon,0.0004703994367611503,0.0004051466083335686,0.0018717180564090546,0.0003511016355706756,0.01741268786111997,0.00030469270078846314,0.6896660462158274,0.1469186491008305,0.00031357515379335584,0.0005291627195855755,0.0003184123430811116,0.0009699918165862963,0.0014227934324559039,0.0007307606319156336,0.06672202722924434,0.0010799417636873118,0.032593625239523666,0.0006696653178274155,0.0357764441891172,0.0014731585475414792
1021,ub0686,ub0686,RichterCaroline_JungFranz_1823-01-31.xml,JP-UB0686,letters-context,Richter Caroline,Jung Franz Wilhelm,1823-01-31,1823,1,1819,RichterCaroline,JungFranzWilhelm,0.030905137129495275,0.00013103824253602242,0.10824085614135044,0.00011355825355651228,0.0005063586419346201,9.854801991086104e-05,0.422956000939311,0.12440099082350575,0.0001014209084090702,0.00017114928611962078,0.005228484403019751,0.00031372846348782,0.000460179962131918,0.1437503244418382,0.0010781851865436485,0.04135328188929326,0.00029089299849034835,0.0002165926223506305,0.037198818167491855,0.0824844534792234
1022,ub0393,ub0393,MayerJohann_RichterCaroline_1819-08-09.xml,JP-UB0393,letters-context,Mayer Johann Siegfried Wilhelm,Richter Caroline,1819-08-09,1819,8,1819,MayerJohannSiegfriedWilhelm,RichterCaroline,0.00015371900784655183,0.0001323954277969391,0.17150494072952033,0.0001147343956124466,0.12479763451896188,9.956869843590135e-05,0.09072862603894223,0.4674760193906868,0.00010247134192662696,0.00017292190824918043,0.00010405205797339666,0.015852731731650724,0.005643530767020737,0.09345332445584507,0.006267936776161478,0.00035290768541111324,0.0002939058265198942,0.0002188359088064661,0.0013340001226683574,0.021195743209963917
1023,ub0031,ub0031,Uthe-SpazierWilhelmine_BoettigerCarl_1809-01-30.xml,JP-UB0031,letters-context,Uthe-Spazier Wilhelmine,Böttiger Carl August,1809-01-30,1809,1,1809,UtheSpazierWilhelmine,BöttigerCarlAugust,0.00015371900784655183,0.0001323954277969391,0.005790232149716065,0.0001147343956124466,0.0005116030841086863,9.956869843590135e-05,0.0026926871059212197,0.16193952544667267,0.00010247134192662696,0.00017292190824918043,0.00010405205797339666,0.00031697780229407457,0.00046494612390185285,0.000238800879705194,0.1253753835678958,0.00035290768541111324,0.04172258297147096,0.0002188359088064661,0.6590142497987665,0.0004814046374883882
1024,ub0243,ub0243,MayerJohann_RichterCaroline_1817-12-03.xml,JP-UB0243,letters-context,Mayer Johann Siegfried Wilhelm,Richter Caroline,1817-12-03,1817,12,1814,MayerJohannSiegfriedWilhelm,RichterCaroline,0.00036599892746593736,0.00031522831986688897,0.482326577251684,0.00027317809505722723,0.001218106873672781,0.00023706916501241719,0.006411182368235875,0.22528156787964704,0.00024398024529652916,0.00041172028001729616,0.000247743868194248,0.0007547117125941273,0.01343702536717187,0.0005685755266991457,0.00259370469476566,0.0008402593548085486,0.0006997782433624007,0.0005210397141917079,0.2621063465553367,0.0011462055569195554
1025,ub1304,ub1304,GoldschmidtCaroline_OsmundEmanuel_1809-09-01.xml,JP-UB1304,letters-context,Goldschmidt Caroline,Osmund Emanuel,1809-09-01,1809,9,1809,GoldschmidtCaroline,OsmundEmanuel,0.0010952161550158007,0.0009432900550475961,0.0043578620483230865,0.0008174588515179792,0.0036450662186882548,0.0007094063940989834,0.05608118410882376,0.8955112279502809,0.0007300871289529809,0.0012320328508736904,0.0007413494040298738,0.002258401317554837,0.003312645021867475,0.0017014069043835565,0.007761408763450681,0.002514394307549229,0.0020940182594671878,0.0015591606137716982,0.00950447511733805,0.003429908528964233
1026,ub0200,ub0200,Ludwig_FranzI-II_1825-12-08.xml,JP-UB0200,letters-context,Ludwig ,Franz II. / I. ,1825-12-08,1825,12,1824,Ludwig,FranzIII,0.00031212063360564136,0.0002688239105193882,0.0012419271369029036,0.01074788417769955,0.0010387907195316011,0.00020217047766874256,0.015982319688434624,0.055424155332557415,0.0002080641855331658,0.5050672870112639,0.00021127376970222884,0.0006436114432231523,0.08506341812824632,0.00048487615762894513,0.1073610915727896,0.0007165657124509464,0.0005967646687217209,0.000444338039057105,0.21300704331904746,0.0009774739154155966
1027,ub0672,ub0672,RichterCaroline_RichterMax_1820-01-08.xml,JP-UB0672,letters-context,Richter Caroline,Richter Max,1820-01-08,1820,1,1819,RichterCaroline,RichterMax,0.0003705680338751469,0.00031916360936798236,0.0014744891807434205,0.00027658843233232156,0.02620118139154481,0.0002400287207924953,0.4933646403130266,0.40286904234201104,0.0002470260785458865,0.0004168601687684829,0.012734770562366531,0.0007641334837096733,0.0011208384272436275,0.0005756735859780286,0.002626084332669253,0.000850749097032756,0.0007085142286804727,0.0005275443395305012,0.015699787332169847,0.038612316339611166
1028,ub0893,ub0893,ThuemmelMoritz_WagnerJohann_1808-12-26.xml,JP-UB0893,letters-context,Thümmel Moritz August von,Wagner Johann Ernst,1808-12-26,1808,12,1804,ThümmelMoritzAugustvon,WagnerJohannErnst,0.00027976218559808787,0.0002409541589068769,0.0011131729618764046,0.0002088118166352954,0.0009310962838886097,0.00018121088004543427,0.00490057827224786,0.4926441560734632,0.00018649357018475703,0.12283721662233177,0.0001893704074884151,0.0005768863850877247,0.14221830482139053,0.0004346076452416404,0.17162912217796444,0.0006422772744118393,0.0005348963510699791,0.0003982722305634118,0.058976673511563875,0.0008761363700398599
1029,ub0414,ub0414,RichterMax_RichterCaroline+RichterOdilie+RichterEmma_1820-06-27a.xml,JP-UB0414,letters-context,Richter Max,Richter Caroline + Richter Odilie Minna + Richter Emma,1820-06-27a,1820,6,1819,RichterMax,RichterCarolineANDRichterOdilieMinnaANDRichterEmma,0.2654140178026051,0.00012110653942269736,0.0005594944939044088,0.00010495140078923,0.13784170854373126,9.107882880131406e-05,0.06404441759283888,0.4607751736088563,9.3733974180494e-05,0.00015817747067932805,9.51799081785156e-05,0.009764000439378,0.00042530181759835566,0.009692489385597679,0.00099646694180305,0.019270916918457275,0.00026884551950377044,0.00020017654731717868,0.02016835508461691,0.00991440718174037
1030,ub1131,ub1131,SchwendlerAuguste+SchwendlerFriedrich_MuellerFriedrich_1819-08-31.xml,JP-UB1131,letters-context,Schwendler Auguste Sophie Henriette + Schwendler Friedrich Christian August,Müller Friedrich Theodor Adam Heinrich von,1819-08-31,1819,8,1819,SchwendlerAugusteSophieHenrietteANDSchwendlerFriedrichChristianAugust,MüllerFriedrichTheodorAdamHeinrichvon,0.00020888794765819456,0.00017991144738221555,0.0008311645653534139,0.0001559119640507421,0.0006952147281730157,0.00013530337827860023,0.503296821494068,0.3608017918523697,0.00013924776518335014,0.00023498266756553349,0.00014139579186831102,0.00043073946092932354,0.03581756939562327,0.00032450525383551863,0.0014803148584948956,0.0004795643892778666,0.09188235414181974,0.0002973749603570833,0.0018127657191109282,0.0006541782186004544
1031,ub0033,ub0033,MayerJohann_RichterCaroline_1815-03-19.xml,JP-UB0033,letters-context,Mayer Johann Siegfried Wilhelm,Richter Caroline,1815-03-19,1815,3,1814,MayerJohannSiegfriedWilhelm,RichterCaroline,0.0006438544861095871,0.0005545403351324669,0.045943061943457465,0.00048056682358949357,0.04552402430372873,0.000417045062039709,0.011278362364708092,0.7867391704015749,0.00042920283002989817,0.0007242861369753676,0.00043582368409496,0.0013276665186905555,0.06701918425383259,0.0010002212467997917,0.004562768571292568,0.0014781594001785194,0.0012310291846762314,0.0009165976516551676,0.02727806389309276,0.00201637090834119
1032,ub1086,ub1086,GriesbachJohann_WagnerJohann_1810-08-18.xml,JP-UB1086,letters-context,Griesbach Johann Jakob,Wagner Johann Ernst,1810-08-18,1810,8,1809,GriesbachJohannJakob,WagnerJohannErnst,0.00013672588963003503,0.00011775955948502837,0.0005440319362649875,0.00010205089488305617,0.0004550470874887244,8.856171441428326e-05,0.04385000570635289,0.2545842862747613,0.16130497825329965,0.009366025103992507,9.254945366580937e-05,0.00028193697460559614,0.0004135478969782024,0.000212402247318174,0.16678887226412026,0.078617757534199,0.0002614155279905073,0.0001946443366615345,0.2821592143665284,0.00042818697736020324
1033,ub0585,ub0585,RichterCaroline_RichterMax_1819-09-13.xml,JP-UB0585,letters-context,Richter Caroline,Richter Max,1819-09-13,1819,9,1819,RichterCaroline,RichterMax,0.00019908119615215175,0.00017146506798431508,0.0007921435282642537,0.00014859229862530256,0.28905390853658736,0.0001289512329127147,0.15774312290671888,0.5048256804604146,0.000132710441004363,0.00022395083612251993,0.00013475762336506334,0.00041051735187738,0.000602150845164746,0.00030927056738066594,0.028237918569700624,0.0004570500755057253,0.000380636879715457,0.006990189142296165,0.008434436205244401,0.000623466234963285
1034,ub0578,ub0578,RichterCaroline_OsmundEmanuel_1814-11-11.xml,JP-UB0578,letters-context,Richter Caroline,Osmund Emanuel,1814-11-11,1814,11,1814,RichterCaroline,OsmundEmanuel,0.0011824740999311525,0.0010184437598989957,0.004705061169537466,0.000882587346116649,0.003935475546441935,0.0007659261448124799,0.5784165863064732,0.32948315478484713,0.0007882545529722763,0.0013301912410171315,0.0008004141148302128,0.00243833242691755,0.0035765697234146827,0.0018369612141528066,0.008379774896241097,0.002714720863160016,0.0022608526593247144,0.0016833818922176082,0.010261714647123887,0.0435391226105691
1035,ub0543,ub0543,MayerJulie+MayerJohann_RichterCaroline_1819-01-19.xml,JP-UB0543,letters-context,Mayer Julie Henriette + Mayer Johann Siegfried Wilhelm,Richter Caroline,1819-01-19,1819,1,1819,MayerJulieHenrietteANDMayerJohannSiegfriedWilhelm,RichterCaroline,0.00022301228863597528,0.00019207648924853967,0.0008873652789958797,0.00016645423691739674,0.03079414766984338,0.00014445216389154383,0.01141947474043956,0.5054057644041906,0.0001486632577375776,0.0002508714507996671,0.00015095652717908752,0.08310265769224835,0.0006745340126530345,0.17314501444019495,0.009093390238848876,0.04558987810107898,0.09058216653857153,0.0003174825126856185,0.04701322627942915,0.0006984116764104245
1036,ub0433,ub0433,MahlmannSiegfried_FalkJohannes_1804-01-23.xml,JP-UB0433,letters-context,Mahlmann Siegfried August,Falk Johannes Daniel,1804-01-23,1804,1,1804,MahlmannSiegfriedAugust,FalkJohannesDaniel,0.0002824239774022505,0.08587356943196034,0.0011237642240950767,0.0002107985525515305,0.000939955181141084,0.00018293500739416396,0.033490645634173304,0.3831576455664594,0.00018826795958475968,0.00031770497215589515,0.0001911721685002759,0.0005823751592352272,0.07697007596608893,0.0004387427111214608,0.00200143864129433,0.0006483882088877569,0.0005399856118659325,0.19069166762708892,0.22128397104672468,0.0008844723522746115
1037,ub0284,ub0284,MayerJohann_RichterCaroline_1817-02-11.xml,JP-UB0284,letters-context,Mayer Johann Siegfried Wilhelm,Richter Caroline,1817-02-11,1817,2,1814,MayerJohannSiegfriedWilhelm,RichterCaroline,0.0002451104071511409,0.0002111092028687275,0.7606594780882024,0.00018294806098982828,0.0008157692532782791,0.00015876581923749647,0.004293585042663171,0.0930695781197569,0.00016339418717841223,0.00027573011256109024,0.00016591469494932391,0.0005054323422106141,0.0007413730762996485,0.00038077646787195097,0.009994447379833332,0.0005627238145085717,0.0004686432589670128,0.0003489416140415589,0.12598866229778408,0.0007676167596463777
1038,ub0145,ub0145,Uthe-SpazierWilhelmine_FalkJohannes_1805-11-01.xml,JP-UB0145,letters-context,Uthe-Spazier Wilhelmine,Falk Johannes Daniel,1805-11-01,1805,11,1804,UtheSpazierWilhelmine,FalkJohannesDaniel,0.0003025759476596607,0.0002606032434938308,0.0012039488579516108,0.10215956795292623,0.001007024376284792,0.08174297061069692,0.06646044254063925,0.4512708179322001,0.0002017015580946047,0.00034037436874327534,0.00020481299279960632,0.07197753944296374,0.17420252407267808,0.010663421403568409,0.002144248512971583,0.0006946530480878346,0.0005785155344661408,0.0004307501291914231,0.03320592482728132,0.0009475826473015576
1039,ub1123,ub1123,SchwendlerAuguste_MuellerFriedrich_1814-12-18.xml,JP-UB1123,letters-context,Schwendler Auguste Sophie Henriette,Müller Friedrich Theodor Adam Heinrich von,1814-12-18,1814,12,1814,SchwendlerAugusteSophieHenriette,MüllerFriedrichTheodorAdamHeinrichvon,0.0001977548985088999,0.013494510760160372,0.007448960197902779,0.00014760236276354746,0.0006581620411949784,0.0001280921476770813,0.19666478741911653,0.3282480402099019,0.00013182631157104135,0.00022245885459993263,0.00013385985541041078,0.0004077824466887812,0.007260233263918208,0.10023862024211867,0.048036076914569965,0.000454005164938039,0.2535376732040123,0.006943619845122431,0.008378245198371886,0.0272676886614523
1040,ub1062,ub1062,WagnerJohann_GoeschenGeorg_1808-05-06.xml,JP-UB1062,letters-context,Wagner Johann Ernst,Göschen Georg Joachim,1808-05-06,1808,5,1804,WagnerJohannErnst,GöschenGeorgJoachim,0.00040057234595190224,0.0003450057858743539,0.09605704511042264,0.0002989833635781062,0.001333173108963973,0.00025946346957729977,0.06099575660227712,0.3140360707054699,0.0002670273924052602,0.027440089498064774,0.0002711465390482729,0.000826004172537755,0.4735274352304981,0.0006222849726845495,0.0028387142593073226,0.0009196329161238246,0.0007658815137262006,0.0005702587766935617,0.016970974470809617,0.0012544797659853905
1041,ub0129,ub0129,SpazierJohann_MuellerWilhelm_1800-09-08.xml,JP-UB0129,letters-context,Spazier Johann Karl Gottlieb,Müller Wilhelm Christian,1800-09-08,1800,9,1799,SpazierJohannKarlGottlieb,MüllerWilhelmChristian,0.0002213492955440619,0.00019064418308867287,0.0008807482340877279,0.00016521299479658615,0.0007366882199673747,0.00014337499028764568,0.003877363003872722,0.28538521638677344,0.00014755468218709532,0.00024900071312781107,0.00014983085081652693,0.0004564355067327622,0.0006695040413892821,0.0003438638281533292,0.1954495112709222,0.0005081731182900528,0.0004232127735394641,0.00031511505917608887,0.5089939971968173,0.0006932036504299457
1042,ub0551,ub0551,Uthe-SpazierWilhelmine_WilmansFriedrich_1805-02-23.xml,JP-UB0551,letters-context,Uthe-Spazier Wilhelmine,Wilmans Friedrich,1805-02-23,1805,2,1804,UtheSpazierWilhelmine,WilmansFriedrich,0.0015538744621382025,0.0013383242387492464,0.006182862182408939,0.001159797020346442,0.00517155931647176,0.0010064939911811801,0.07956705111961647,0.38062178239951777,0.0010358354737740976,0.0017479877143159312,0.001051814202308564,0.003204182221505948,0.004699925652151153,0.002413927813536571,0.011011757644834651,0.003567380817341988,0.002970958273154954,0.0022121111426416217,0.3275723151631971,0.1619100591508074
1043,ub0236,ub0236,Uthe-SpazierWilhelmine_BoettigerCarl_1809-11-01.xml,JP-UB0236,letters-context,Uthe-Spazier Wilhelmine,Böttiger Carl August,1809-11-01,1809,11,1809,UtheSpazierWilhelmine,BöttigerCarlAugust,0.004657032251379364,0.10413956653897677,0.005056969675633383,0.00010020467994408788,0.00044681477623051934,8.695953385173496e-05,0.047579489897248986,0.20927355254210286,8.949459284975695e-05,0.00015102345185100127,9.087513043574884e-05,0.009322396191420898,0.013974406011026957,0.00020855965287038772,0.12306645586180075,0.009353775991863069,0.0002566862284228022,0.00019112300269830083,0.4715341733938273,0.00042044059556531577
1044,ub0454,ub0454,MayerJohann+MayerJulie_RichterCaroline_1817-09-04.xml,JP-UB0454,letters-context,Mayer Johann Siegfried Wilhelm + Mayer Julie Henriette,Richter Caroline,1817-09-04,1817,9,1814,MayerJohannSiegfriedWilhelmANDMayerJulieHenriette,RichterCaroline,0.00015371900784655183,0.0001323954277969391,0.40971983431298903,0.0001147343956124466,0.0005116030841086863,9.956869843590135e-05,0.033764194964634515,0.3846186651007847,0.00010247134192662696,0.00017292190824918043,0.00010405205797339666,0.005495562445412958,0.00046494612390185285,0.06756040124025067,0.05287519856423143,0.00035290768541111324,0.0002939058265198942,0.0002188359088064661,0.04276267726761943,0.0004814046374883882
1045,ub0191,ub0191,RichterOdilie_RichterEmma_1822-12-09.xml,JP-UB0191,letters-context,Richter Odilie Minna,Richter Emma,1822-12-09,1822,12,1819,RichterOdilieMinna,RichterEmma,0.00034474536391211434,0.0002969230063058833,0.024599747226484715,0.0002573146387214121,0.2101994287903227,0.00022330255482006338,0.017652888094898313,0.6883735943902639,0.0002298123085618793,0.00038781167679178587,0.01184736056683052,0.0007108855914098606,0.0010427339008333757,0.0005355583367977537,0.02567109459980904,0.0007914654806768279,0.0006591421096123379,0.0004907829296805844,0.0029917598623014022,0.01269364857096552
1046,ub0922,ub0922,WagnerJohann_SchillerCharlotte_1810-01-30.xml,JP-UB0922,letters-context,Wagner Johann Ernst,Schiller Charlotte (von),1810-01-30,1810,1,1809,WagnerJohannErnst,SchillerCharlottevon,0.00012210297761003184,0.0001051651073112418,0.025166748500273027,9.11364933642548e-05,0.00040637954147156844,7.90899884542261e-05,0.3682389037464793,0.22735635139026705,8.13956331374898e-05,0.012477806882523791,8.265123671423947e-05,0.012592234199298532,0.34590193397935703,0.00018968570560256367,0.0008653005309734965,0.0002803236880970275,0.0002334569879011976,0.0001738270136373788,0.005173114262057682,0.00038239213546894304
1047,ub0730,ub0730,Uthe-SpazierWilhelmine_EnslinTheodor_1816-12-05.xml,JP-UB0730,letters-context,Uthe-Spazier Wilhelmine,Enslin Theodor Christian Friedrich,1816-12-05,1816,12,1814,UtheSpazierWilhelmine,EnslinTheodorChristianFriedrich,0.00038005725310904056,0.0003273365039080279,0.001512246757800897,0.0002836710947101689,0.001264895379903549,0.0002461751903900279,0.006657441257883494,0.2723456601298825,0.00025335173106183105,0.0004275348011428846,0.000257259917870325,0.0007837008221955478,0.0011495399896818785,0.0005904149893510668,0.02830055664038737,0.0008725344210672106,0.0007266573123565658,0.0005410532864330587,0.6818896802475699,0.0011902322732945895
1048,ub0762,ub0762,MahlmannErnestine_MahlmannSiegfried_1803-10-18.xml,JP-UB0762,letters-context,Mahlmann Ernestine,Mahlmann Siegfried August,1803-10-18,1803,10,1799,MahlmannErnestine,MahlmannSiegfriedAugust,0.00018656846843438549,0.00016068807974904106,0.0007423554193210768,0.00013925291846488588,0.0006209316933904917,0.00012084634054973189,0.07869096961446663,0.6176566655081326,0.00012436927345218918,0.00020987499225213484,0.00012628778552175625,0.29579091850594463,0.0005643042292301556,0.0002898321750284531,0.0013221446189033985,0.000428323388813443,0.00035671294452079607,0.00026560072769416497,0.0016190734201586938,0.0005842798959714586
1049,ub0366,ub0366,MayerJohann_RichterEmma_1818-02-23.xml,JP-UB0366,letters-context,Mayer Johann Siegfried Wilhelm,Richter Emma,1818-02-23,1818,2,1814,MayerJohannSiegfriedWilhelm,RichterEmma,0.0005290914615710959,0.00045569699791673694,0.5190120675648513,0.00039490880091851567,0.0017609066523871474,0.0003427093950201062,0.027092437899938752,0.2721960160146185,0.00035270011710738955,0.0005951866750568163,0.0003581408454547202,0.0010910182875287651,0.0016003162373557124,0.0008219380819437075,0.09287134818730447,0.0012146867566321393,0.0010116059522899136,0.05422633856866803,0.02241592006484784,0.0016569654385883961
1050,ub0372,ub0372,CottaJohann_RichterCaroline_1826-03-25.xml,JP-UB0372,letters-context,Cotta von Cottendorf Johann Friedrich Freiherr,Richter Caroline,1826-03-25,1826,3,1824,CottavonCottendorfJohannFriedrichFreiherr,RichterCaroline,0.0003331381609221205,0.00028692593029742904,0.0013255558199008794,0.00024865113354749545,0.0011087406362405546,0.0002157841996707205,0.005835562192157514,0.03671035332383951,0.00022207477705512682,0.4492936457342151,0.00022550048766917534,0.0006869508435469143,0.0010076261798355477,0.0005175266676908713,0.002360832087601453,0.0007648176952228339,0.011859921790148277,0.0004742588000325968,0.4854788386490391,0.0010432948913666775
1051,ub0286,ub0286,DoeringHeinrich_RichterCaroline_1825-12-10.xml,JP-UB0286,letters-context,Doering Heinrich,Richter Caroline,1825-12-10,1825,12,1824,DoeringHeinrich,RichterCaroline,0.00032582471737864114,0.0002806269923835552,0.0012964556482911727,0.00024319244931213734,0.0010844002483814696,0.00021104704930194115,0.09352019141153346,0.0688342210581813,0.0002171995284797973,0.34064088869795195,0.00022055003383635507,0.0006718700848685338,0.0009855055763034837,0.0005061653092204826,0.002309004304976621,0.0007480275111755196,0.0006229664385901677,0.0004638473090480874,0.4857976243847592,0.0010203912460259852
1052,ub0606,ub0606,MiltitzCarl_RichterCaroline_1821-07-05.xml,JP-UB0606,letters-context,Miltitz Carl Borromäus von,Richter Caroline,1821-07-05,1821,7,1819,MiltitzCarlBorromäusvon,RichterCaroline,0.0002451104071511409,0.0002111092028687275,0.0009752936313814382,0.00018294806098982828,0.0008157692532782791,0.00015876581923749647,0.111640263281127,0.11784188848247933,0.00016339418717841223,0.2149690865894888,0.00016591469494932391,0.0005054323422106141,0.11634548810233765,0.00038077646787195097,0.059539068105278176,0.0005627238145085717,0.0004686432589670128,0.0003489416140415589,0.3737117659250083,0.0007676167596463777
1053,ub0111,ub0111,VossHeinrich_OsmundEmanuel_1818-01-23.xml,JP-UB0111,letters-context,Voß Heinrich,Osmund Emanuel,1818-01-23,1818,1,1814,VoßHeinrich,OsmundEmanuel,0.0003088728600911355,0.0002660266613706699,0.001229004255081269,0.0002305397453450916,0.001027981575172783,0.00020006679129850038,0.33838674016081605,0.42944569972670055,0.00020589917214303648,0.0003474579046636708,0.00020907535896077275,0.000636914339687299,0.17782785532558182,0.00047983077525748553,0.04381090148251929,0.000709109482738041,0.0005905550296373785,0.00043971447637217035,0.0026804520730566487,0.0009673028035062883
1054,ub0140,ub0140,RichterCaroline_RichterOdilie_1822-05-17.xml,JP-UB0140,letters-context,Richter Caroline,Richter Odilie Minna,1822-05-17,1822,5,1819,RichterCaroline,RichterOdilieMinna,0.0002103683415088227,0.00018118648408657368,0.0008370550483860809,0.00015701691584622696,0.2274849024186597,0.0001362622765368215,0.10290334305806123,0.6397527298155209,0.00014023461740532924,0.007323671766790889,0.00014239786720646817,0.00043379212172824175,0.0006362905039943138,0.00032680503028341927,0.015664853428035183,0.00048296307350463146,0.0004022175406342034,0.0002994824637701753,0.0018256128328543813,0.0006588143951864568
1055,ub1313,ub1313,OsmundEmanuel_GoldschmidtCaroline_1810-03-19.xml,JP-UB1313,letters-context,Osmund Emanuel,Goldschmidt Caroline,1810-03-19,1810,3,1809,OsmundEmanuel,GoldschmidtCaroline,0.00021650587051277387,0.0001864726278724182,0.0008614762592989304,0.000161597908728546,0.0007205684751266474,0.00014023774959703042,0.0037925210034399303,0.5708921494955193,0.00014432598412671924,0.00024355223729775479,0.00014655234707645293,0.0004464480741861877,0.0006548543781742128,0.02221770598660553,0.05259082190542794,0.3433051267082033,0.000413952299789667,0.0003082199111179128,0.0018788753705122128,0.000678035407386659
1056,ub0731,ub0731,SchwendlerAuguste_OsmundEmanuel_1808-06-24.xml,JP-UB0731,letters-context,Schwendler Auguste Sophie Henriette,Osmund Emanuel,1808-06-24,1808,6,1804,SchwendlerAugusteSophieHenriette,OsmundEmanuel,0.0006730522792510659,0.0005796878713275447,0.0026780731555619323,0.0005023597768243264,0.0022400328147769146,0.00043595740281671813,0.21585777474692525,0.686371256121401,0.0004486665065551205,0.0007571313795866741,0.00045558760598863435,0.0013878741171617982,0.0020357472560158085,0.0010455797147297665,0.004769682984053785,0.0015451916152638369,0.0012868544313130658,0.0009581639204385117,0.0058408640262589346,0.07013046227374937
1057,ub0668,ub0668,MayerJohann_RichterCaroline_1815-10-14.xml,JP-UB0668,letters-context,Mayer Johann Siegfried Wilhelm,Richter Caroline,1815-10-14,1815,10,1814,MayerJohannSiegfriedWilhelm,RichterCaroline,0.0003487962850793417,0.0003004119921406221,0.6359134134670827,0.000260338207493463,0.001160853544867884,0.00022592646551099037,0.006109844661266026,0.23819385420106676,0.00023251271193983452,0.0003923686475152972,0.00023609943743723658,0.0007192388335159768,0.0010549865176133018,0.0005418514006933778,0.01422226888700511,0.0008007655746140468,0.0006668873413211539,0.0004965498613538516,0.09703070023637968,0.0010923317261033409
1058,ub0534,ub0534,MahlmannSiegfried_FalkJohannes_1806-06-06.xml,JP-UB0534,letters-context,Mahlmann Siegfried August,Falk Johannes Daniel,1806-06-06,1806,6,1804,MahlmannSiegfriedAugust,FalkJohannesDaniel,0.0002995228000913556,0.0002579736221861233,0.011282316812721013,0.00022356095008715091,0.0009968629802800564,0.0001940104595701236,0.0859708551948499,0.5173508772771972,0.00019966628521061268,0.00033693981558635737,0.00020274632393263217,0.0006176339558781183,0.06144905001764204,0.00046530555430710917,0.08284674330206176,0.0006876436400995609,0.020753710854946084,0.2022367320477395,0.012689827056574095,0.0009380210490391896
1059,ub1104,ub1104,WagnerJohann_VossHeinrich_1811-07-12.xml,JP-UB1104,letters-context,Wagner Johann Ernst,Voß Heinrich,1811-07-12,1811,7,1809,WagnerJohannErnst,VoßHeinrich,0.00011635927413811384,0.00010021815840130316,0.02006292295130565,8.684944808820498e-05,0.055267066737118745,7.536960873728488e-05,0.15099772466309466,0.4322607739071976,7.756679628353617e-05,0.00013089511836127495,7.876333647981559e-05,0.00023993979345515552,0.27475096212680045,0.00018076292200491664,0.0008245969399449626,0.0002671373090905628,0.00022247521056703486,0.00016565022023492108,0.05980957506044381,0.004284390418251977
1060,ub0313,ub0313,OsmundEmanuel_SchwendlerAuguste_1808-10-09.xml,JP-UB0313,letters-context,Osmund Emanuel,Schwendler Auguste Sophie Henriette,1808-10-09,1808,10,1804,OsmundEmanuel,SchwendlerAugusteSophieHenriette,0.00015059944005639837,0.00012970859994197915,0.0005992347549977638,0.00011240598008342752,0.010648201910778506,9.754805499759472e-05,0.06859342013788647,0.6203407790430795,0.00010039179234999156,0.04583082839978888,0.00010194042940448856,0.0003105450666416475,0.00045551052467050193,0.00023395466359292066,0.0010672448616388722,0.2387998058819191,0.010434922593184856,0.00021439486106614319,0.0013069279741225435,0.00047163502979850246
1061,ub0541,ub0541,RichterEmma_WeldenFranziska_1825-08-10.xml,JP-UB0541,letters-context,Richter Emma,Welden Franziska (Fanny) von,1825-08-10,1825,8,1824,RichterEmma,WeldenFranziskaFannyvon,0.0005022353700147394,0.2373073533270177,0.001998393146676292,0.0003748636713252582,0.00167152499777061,0.00032531384895978337,0.2456724153731637,0.4444955543752968,0.00033479745315426716,0.0005649756642970037,0.00033996201620836985,0.0010356394179992397,0.0015190859728151955,0.017699845065901356,0.037398419368752565,0.0011530306137574485,0.0009602579641878557,0.000714987269119254,0.004358485359708096,0.0015728597238745163
1062,ub0931,ub0931,BrockhausFriedrich_Borntraeger_1810-09-17.xml,JP-UB0931,letters-context,Brockhaus Friedrich Arnold,Bornträger Johann Friedrich Wilhelm,1810-09-17,1810,9,1809,BrockhausFriedrichArnold,BornträgerJohannFriedrichWilhelm,0.0014765786406086947,0.00127175073231255,0.005875302322563249,0.0011021041592566248,0.0049143056349837426,0.0009564270251498256,0.6227922966649287,0.16271244176031752,0.0009843089471043682,0.0016610359368759338,0.0009994928308948328,0.003044793607318453,0.10395399166748404,0.002293849558821267,0.0602079189426239,0.003389925277847748,0.002823171134586886,0.002102072042153558,0.012814004691389632,0.004624228422778431
1063,ub0324,ub0324,Uthe-SpazierWilhelmine_BoettigerCarl_1810-03-08.xml,JP-UB0324,letters-context,Uthe-Spazier Wilhelmine,Böttiger Carl August,1810-03-08,1810,3,1809,UtheSpazierWilhelmine,BöttigerCarlAugust,0.00013486231779420994,0.00011615449844611849,0.014166601869953045,0.0001006599427083114,0.014078829883338025,8.735461956808094e-05,0.11594558454738148,0.0920978136409474,8.990119617154367e-05,0.00015170960098286442,0.05461122832944455,0.00027809417784797815,0.08673115009077695,0.00020950720785608556,0.032759019975165345,0.0366562434293284,0.08658109128370887,0.00019199133725676334,0.4600465228957894,0.004965679155534583
1064,ub0304,ub0304,OsmundEmanuel_GoldschmidtCaroline_1804-12-26.xml,JP-UB0304,letters-context,Osmund Emanuel,Goldschmidt Caroline,1804-12-26,1804,12,1804,OsmundEmanuel,GoldschmidtCaroline,0.00019262183930595877,0.0001659017396430439,0.0007664417652582155,0.0001437710965230038,0.0006410783444165121,0.0001247673017065591,0.11369000535554508,0.5079136913041407,0.00012840453912999576,0.000216684562890903,0.0001303852989372225,0.00039719777113051926,0.0005826135545550233,0.00029923602371030583,0.02732171555223415,0.2794764537226115,0.00036828679601883055,0.00027421836668742273,0.06656328771695091,0.0006032373486042617
1065,ub0562,ub0562,RichterEmma_RichterCaroline_1824-07-16.xml,JP-UB0562,letters-context,Richter Emma,Richter Caroline,1824-07-16,1824,7,1824,RichterEmma,RichterCaroline,0.0004938791192170169,0.0004253692382270939,0.1350700788495223,0.0003686266457401089,0.1846629998717014,0.0003199012391115352,0.3414135904082542,0.22080446567732606,0.00032922705399079585,0.0005555755331486597,0.0003343056884410659,0.10084710972952082,0.001493811242818036,0.0007672360743752718,0.0034999462950041646,0.0011338463556162376,0.0009442810799253461,0.0007030912273534902,0.004285968370785445,0.0015466902999210694
1066,ub0724,ub0724,SpazierJohann_FalkJohannes_1803-03-11.xml,JP-UB0724,letters-context,Spazier Johann Karl Gottlieb,Falk Johannes Daniel,1803-03-11,1803,3,1799,SpazierJohannKarlGottlieb,FalkJohannesDaniel,0.00015136740114936906,0.00013037003107440457,0.0006022904700603278,0.00011297917889006967,0.020901225362529925,9.804548786258452e-05,0.0026514941453341773,0.17476024717921945,0.0001009037264617619,0.00017027653391828225,0.00010246026057752644,0.00031212864841795063,0.00045783333782475135,0.00023514768316252276,0.19994781319024246,0.000347508873070817,0.00028940962972765914,0.2398855118520429,0.3582689469407884,0.0004740400676448029
1067,ub0224,ub0224,RichterCaroline_RichterOdilie_1822-11-01.xml,JP-UB0224,letters-context,Richter Caroline,Richter Odilie Minna,1822-11-01,1822,11,1819,RichterCaroline,RichterOdilieMinna,0.00014908666050310044,0.00012840567001205615,0.0005932154093438446,0.00011127685590955979,0.3621181407330972,9.656817948803716e-05,0.16835493853315814,0.3830731732732019,9.938335134430705e-05,0.00016771087837379731,0.00010091643225549668,0.0003074256245838477,0.00045093489671481037,0.0002316045762927984,0.011101578631584943,0.0003422727548199032,0.005307576077825892,0.0002122412530445493,0.00129379981165298,0.0657597503967929
1068,ub0829,ub0829,SpazierJohann_BodeAugust_1803-06-01.xml,JP-UB0829,letters-context,Spazier Johann Karl Gottlieb,Bode August Theodor Heinrich,1803-06-01,1803,6,1799,SpazierJohannKarlGottlieb,BodeAugustTheodorHeinrich,0.0006170846346881515,0.0005314839416476778,0.002455378052811881,0.0004605860628072003,0.0020537629450333595,0.0003997053764621417,0.07317566665807279,0.4629861250377754,0.00041135765501374637,0.0006941721396487478,0.00041770323060606556,0.001272465481485215,0.0018664647465331835,0.0009586345610764649,0.025161803539787798,0.0014167012471739868,0.001179846084953875,0.31270963910551336,0.10929888422546874,0.0019325352734402765
1069,ub0659,ub0659,MayerJohann_RichterCaroline_1808-01-09.xml,JP-UB0659,letters-context,Mayer Johann Siegfried Wilhelm,Richter Caroline,1808-01-09,1808,1,1804,MayerJohannSiegfriedWilhelm,RichterCaroline,0.00016390452960601592,0.00014116803522897133,0.3209119960200789,0.0001223367715283522,0.0005455022382757477,0.06636681867169313,0.019436269432084003,0.3548865384035081,0.00010926115990383525,0.00018437982671895269,0.00011094661522725955,0.0003379809582977634,0.05571296416271895,0.0002546239818087702,0.0011615333161653742,0.044550059903134986,0.00031338021835463704,0.00023333611891142197,0.11185681265176596,0.022600186984988863
1070,ub0083,ub0083,RichterMax_RichterCaroline_1820-06-14.xml,JP-UB0083,letters-context,Richter Max,Richter Caroline,1820-06-14,1820,6,1819,RichterMax,RichterCaroline,0.2897189506043888,0.00011940960059537188,0.10797660819321687,0.00010348082696365125,0.047167924623169495,0.032784353643679584,0.0024285785181306268,0.3982710129900313,9.242057838052622e-05,0.014167911527334844,9.384625202304026e-05,0.03765108861227608,0.00041934250961172615,0.00021537841707914266,0.0009825044964078436,0.0003182932104468977,0.009606378757100116,0.01887997225883736,0.03856835766826442,0.00043418671206240284
1071,ub1026,ub1026,RichterCaroline_ThieriotPaul_1826-06-14.xml,JP-UB1026,letters-context,Richter Caroline,Thieriot Paul Emile,1826-06-14,1826,6,1824,RichterCaroline,ThieriotPaulEmile,0.005880446687340797,0.00014600523634219887,0.0006745228309228879,0.00012652870893447806,0.0005641941753702582,0.00010980402865358621,0.6140385553102697,0.26996118277279185,0.00011300505421717695,0.00019069770386171393,0.00011474826260313796,0.00034956206350388123,0.0005127410352175979,0.00026334881393002256,0.04688874092434118,0.0003891854188080897,0.00032411836554659747,0.00024133151059002548,0.05858038966762995,0.000530891429124924
1072,ub0951,ub0951,HaugFriedrich_WagnerJohann_1811-02-05.xml,JP-UB0951,letters-context,Haug Friedrich,Wagner Johann Ernst,1811-02-05,1811,2,1809,HaugFriedrich,WagnerJohannErnst,0.00027976218559808787,0.0002409541589068769,0.0011131729618764046,0.13215612592588274,0.0009310962838886097,0.00018121088004543427,0.5138402184079167,0.10622702189638124,0.00018649357018475703,0.009739518814405351,0.0001893704074884151,0.06655054343971148,0.16106792112271154,0.0004346076452416404,0.0019825754660748123,0.0006422772744118393,0.0005348963510699791,0.0003982722305634118,0.0024278246076006567,0.0008761363700398599
1073,ub0362,ub0362,MahlmannErnestine_RichterCaroline_1802-03-14.xml,JP-UB0362,letters-context,Mahlmann Ernestine,Richter Caroline,1802-03-14,1802,3,1799,MahlmannErnestine,RichterCaroline,0.0001787059997928898,0.0001539162763532635,0.0007110706783665298,0.0001333844471532292,0.0005947640563360527,0.0001157535691345775,0.2499652441963265,0.5494845091303938,0.00011912803670575935,0.0002010303275611295,0.00012096569780885878,0.00036850247646446943,0.0005405230171967519,0.00027761791177925287,0.08555150070600852,0.00041027275442047617,0.0003416801559480758,0.00025440763911827724,0.0015508415581452376,0.1089261813649864
1074,ub0699,ub0699,RichterJohann+RichterCaroline_OsmundEmanuel_1804-05-02.xml,JP-UB0699,letters-context,Jean Paul + Richter Caroline,Osmund Emanuel,1804-05-02,1804,5,1804,JeanPaulANDRichterCaroline,OsmundEmanuel,0.00016300446442509987,0.00014039282521205874,0.0006485943126132257,0.00012166497149535112,0.0005425066677935653,0.0001055831844702636,0.2774252932579261,0.4408000998658544,0.00010866116327230634,0.0001833673235105791,0.00011033736308794053,0.07721571190460172,0.000493031375721618,0.000253225739912691,0.04508634740726723,0.09921940841334667,0.0003116593225160237,0.00023205477716579064,0.0014145809199838054,0.05542447473982361
1075,ub0086,ub0086,RichterCaroline_OsmundEmanuel_1806-03-21.xml,JP-UB0086,letters-context,Richter Caroline,Osmund Emanuel,1806-03-21,1806,3,1804,RichterCaroline,OsmundEmanuel,0.0021047782992329317,0.07271993071982963,0.008374907024841022,0.00157098636950447,0.007005061276010297,0.0013633319567086582,0.3914048959717159,0.16103014549246145,0.0014030760398593093,0.0023677116125296878,0.0014247197967316627,0.004340178933974822,0.006366216680750175,0.003269751193964011,0.014915817906787188,0.004832144367125482,0.0040242687898084046,0.0029963833256623413,0.30189412142187183,0.006591572820630746
1076,ub1154,ub1154,RichterCaroline_EinsiedelDetlev_1826-02-02.xml,JP-UB1154,letters-context,Richter Caroline,Einsiedel Detlev Graf von,1826-02-02,1826,2,1824,RichterCaroline,EinsiedelDetlevGrafvon,0.0008967052720222975,0.0007723161875704611,0.003567987794537986,0.0006692922291736003,0.0029843881321500263,0.0005808245711876928,0.07612510118243866,0.1894393077818277,0.0005977568670527107,0.0010087235726240367,0.0006069778243862604,0.001849059985573632,0.002712219174126525,0.0013930223125624556,0.036563415485331714,0.002058653555461588,0.001714471800270416,0.00127655854590497,0.6421662063710492,0.033017011354748216
1077,ub0067,ub0067,SpazierJohann_FalkJohannes_1803-05-19.xml,JP-UB0067,letters-context,Spazier Johann Karl Gottlieb,Falk Johannes Daniel,1803-05-19,1803,5,1799,SpazierJohannKarlGottlieb,FalkJohannesDaniel,0.00031543743308211716,0.0002716806104926473,0.001255124672836094,0.0002354394797704265,0.0010498295940683726,0.00020431887435352493,0.016152158346530027,0.4810794807548451,0.00021027521264046592,0.00035484253786124346,0.00021351890396537017,0.0006504508824273978,0.0009540876818010912,0.0004900287711143169,0.19351525162778896,0.0007241804117819773,0.0006031062832376527,0.20235557698918505,0.09837734973502164,0.0009878611971965744
1078,ub0071,ub0071,Uthe-SpazierWilhelmine_BoettigerCarl_1809-02-28.xml,JP-UB0071,letters-context,Uthe-Spazier Wilhelmine,Böttiger Carl August,1809-02-28,1809,2,1809,UtheSpazierWilhelmine,BöttigerCarlAugust,0.00017978839107552532,0.012268502050842544,0.043113164866217926,0.00013419233364279942,0.0005983664391914084,0.00011645466845027151,0.04554713036318765,0.09855063422730566,0.0001198495745869566,0.00020224793342970532,0.00012169836608501054,0.00037073443212693743,0.0005437968714744802,0.0002792993953777979,0.0012740966134124902,0.00041275770542045526,0.0730256708350642,0.00025594854211614325,0.7223226197876941,0.0005630466032979624
1079,ub0492,ub0492,RichterCaroline_MayerJohann_1802-05-30.xml,JP-UB0492,letters-context,Richter Caroline,Mayer Johann Siegfried Wilhelm,1802-05-30,1802,5,1799,RichterCaroline,MayerJohannSiegfriedWilhelm,0.00010127361111777928,8.722514708046889e-05,0.00040296741822661855,7.558965365355107e-05,0.031042989830767705,6.55981442123724e-05,0.22353908278428872,0.4990430776091772,6.751047237667294e-05,0.00011392492272168045,6.855188439494457e-05,0.07867955241015749,0.007129858062916133,0.00015732750142382536,0.010953001517131659,0.0002325036844401047,0.00019363190536552074,0.00014417412028312795,0.0008788699039031403,0.1470232894163612
1080,ub0876,ub0876,SchmidtLudwig_WagnerJohann_1808-05-12.xml,JP-UB0876,letters-context,Schmidt Ludwig Friedrich,Wagner Johann Ernst,1808-05-12,1808,5,1804,SchmidtLudwigFriedrich,WagnerJohannErnst,0.00032944085533433826,0.000283741507226737,0.034606089481125146,0.00024589150005810824,0.01219485044908748,0.00021338933705579424,0.0057707967007434025,0.35815696380760903,0.00021961009900131666,0.0003705952969493736,0.00022299778965703803,0.0006793267779479826,0.0009964431262496434,0.0005117829419196075,0.002334630593167001,0.0007563294309832918,0.05612195576190576,0.0004689952790160856,0.4689923779101465,0.056523791354816263
1081,ub0153,ub0153,RichterCaroline_MayerJohann_1804-12-15.xml,JP-UB0153,letters-context,Richter Caroline,Mayer Johann Siegfried Wilhelm,1804-12-15,1804,12,1804,RichterCaroline,MayerJohannSiegfriedWilhelm,0.0002431029994999008,0.0002093802586186183,0.14019407530531575,0.00018144975113967135,0.017188708157357124,0.00015746555735144676,0.27452214973438915,0.3953303240985453,0.00016205601983854955,0.0002734719353418295,0.00016455588512984094,0.0005012929473855215,0.0007353013717029943,0.0003776579809667948,0.0017227848056281234,0.0005581152134136253,0.0004648051597419057,0.00034608384853904736,0.002109689853564768,0.16455752911653007
1082,ub0671,ub0671,MayerJohann_RichterCaroline_1807-08-12.xml,JP-UB0671,letters-context,Mayer Johann Siegfried Wilhelm,Richter Caroline,1807-08-12,1807,8,1804,MayerJohannSiegfriedWilhelm,RichterCaroline,0.00029653065267139624,0.00025539653921345364,0.5006656464896515,0.00022132763990240743,0.02096633467692504,0.000192072350364845,0.005194310554981786,0.4222752541072515,0.00019767167591888736,0.0003335738828440727,0.00020072094593177135,0.0006114639686617986,0.0008969012974327815,0.00046065728441450633,0.03207055276036911,0.0006807742760880473,0.0005669571237986972,0.00042214398710598467,0.012563059300411702,0.0009286504860606982
1083,ub0498,ub0498,MayerJohann_RichterCaroline_1816-12-18.xml,JP-UB0498,letters-context,Mayer Johann Siegfried Wilhelm,Richter Caroline,1816-12-18,1816,12,1814,MayerJohannSiegfriedWilhelm,RichterCaroline,0.0003900452292791912,0.0003359389688627377,0.7242571666788915,0.0002911260244896904,0.0012981370686461278,0.0002526447207441624,0.033112588350955506,0.21380248464791946,0.0002600098622560435,0.0004387704962145955,0.0002640207569497111,0.000804296627360647,0.0011797501170499347,0.0006059312064365129,0.002764112314090153,0.0008954647899365429,0.0007457540033427545,0.0005552722686718338,0.0033848799247003483,0.014361605943202481
1084,ub0426,ub0426,SchwendlerAuguste_OsmundEmanuel_1811-11-17.xml,JP-UB0426,letters-context,Schwendler Auguste Sophie Henriette,Osmund Emanuel,1811-11-17,1811,11,1809,SchwendlerAugusteSophieHenriette,OsmundEmanuel,0.0002879024620097212,0.00024796523315853594,0.0011455630991791226,0.00021488764100660107,0.0009581885125988424,0.00018648359640347824,0.67427713868528,0.2645026114106315,0.00019191999765940228,0.00032386784053443213,0.00019488054266927882,0.0005936721226693879,0.0008708040446555806,0.00044725347997199433,0.0020402627202198635,0.0006609656991374526,0.049045675346658164,0.0004098608090445706,0.0024984673334664986,0.000901629423045442
1085,ub0684,ub0684,RichterCaroline_MahlmannErnestine_1800-11-13.xml,JP-UB0684,letters-context,Richter Caroline,Mahlmann Ernestine,1800-11-13,1800,11,1799,RichterCaroline,MahlmannErnestine,6.822200207615137e-05,5.875838828632107e-05,0.0002714551573647941,5.09202491307511e-05,0.002525361075242707,0.013834029241982309,0.6401242793333319,0.2097687451241256,0.004642091011690297,7.674443745671282e-05,4.6179323003275046e-05,0.0001406778549324688,0.00020634764610108846,0.00010598217058034416,0.09011742305812527,0.0001566238891604114,0.00013043828598639358,0.03687002732851803,0.0005920423271864639,0.000213652095718613
1086,ub0510,ub0510,RichterCaroline_MayerJohann_1802-08-30.xml,JP-UB0510,letters-context,Richter Caroline,Mayer Johann Siegfried Wilhelm,1802-08-30,1802,8,1799,RichterCaroline,MayerJohannSiegfriedWilhelm,0.00010058724990571272,8.66339964637183e-05,0.058007250083485125,7.507736021670499e-05,0.00033477152887393004,6.515356618978606e-05,0.18474896580503555,0.4922722672264303,6.705293394058666e-05,0.0001131528198295173,6.808728800163495e-05,0.013762008392266059,0.000304241177540603,0.00015626124642040618,0.0007128261935638991,0.00023092793821262344,0.0001923196046803317,0.0035318448740229978,0.07203451869483603,0.1731360520200844
1087,ub0806,ub0806,RichterMax_RichterCaroline+RichterEmma+RichterOdilie_1820-01-31.xml,JP-UB0806,letters-context,Richter Max,Richter Caroline + Richter Emma + Richter Odilie Minna,1820-01-31,1820,1,1819,RichterMax,RichterCarolineANDRichterEmmaANDRichterOdilieMinna,0.00031212063360564136,0.0002688239105193882,0.0012419271369029036,0.01074788417769955,0.03258355169543262,0.00020217047766874256,0.18422104489324007,0.3603568447662673,0.0002080641855331658,0.00035111139684760516,0.00021127376970222884,0.0006436114432231523,0.011458975851143943,0.00048487615762894513,0.0022118883197862027,0.0007165657124509464,0.1793504101988275,0.2002278242197636,0.0027086368130406252,0.011492394240715936
1088,ub0946,ub0946,KalbCharlotte_RichterCaroline_1811-01-27.xml,JP-UB0946,letters-context,Kalb Charlotte von,Richter Caroline,1811-01-27,1811,1,1809,KalbCharlottevon,RichterCaroline,0.00037525266331075015,0.000323198396782275,0.0014931293082966679,0.00028008499488819456,0.0012489048853439155,0.08873533186904453,0.17091606438042364,0.6987223247928639,0.00025014892113653364,0.0004221300119244667,0.0002540077016139649,0.000773793470225732,0.0011350077894358068,0.0005829511090767438,0.02794278800261495,0.0008615040567107277,0.0007174710903301707,0.0005342134245989209,0.003256507480115104,0.0011751856512630756
1089,ub0711,ub0711,RichterCaroline_RichterEmma_1822-10-26.xml,JP-UB0711,letters-context,Richter Caroline,Richter Emma,1822-10-26,1822,10,1819,RichterCaroline,RichterEmma,0.0001284431636453835,0.00011062579596791391,0.013492302312777656,9.58687475143902e-05,0.4417892096515443,8.319672892975409e-05,0.14937050787896244,0.32570332477916586,0.05201053137509205,0.00014448855265376793,8.694289468259607e-05,0.00026485749747131936,0.00038849555377189486,0.000199535118657896,0.0009102311825451726,0.013276106790442813,0.00024557922081900333,0.00018285296555110216,0.0011146519773917274,0.00040224781241296936
1090,ub0268,ub0268,SpazierJohann_HaertelGottfried_1801-03-15.xml,JP-UB0268,letters-context,Spazier Johann Karl Gottlieb,Härtel Gottfried Christoph,1801-03-15,1801,3,1799,SpazierJohannKarlGottlieb,HärtelGottfriedChristoph,0.0004423589766585227,0.0003809958623528485,0.0017601451433004128,0.00033017250463469243,0.0014722461451714293,0.00028653000149008167,0.03755372351179029,0.28718557669842426,0.00029488297242158575,0.0004976193864802015,0.00029943181737337446,0.09032701024016787,0.0013379808681557518,0.0006872000688229407,0.032939787813275966,0.001015566550684641,0.0008457762151516129,0.16455695244853805,0.3764006990509863,0.0013853437241190688
1091,ub0095,ub0095,SpazierJohann_FalkJohannes_1804-09-01.xml,JP-UB0095,letters-context,Spazier Johann Karl Gottlieb,Falk Johannes Daniel,1804-09-01,1804,9,1804,SpazierJohannKarlGottlieb,FalkJohannesDaniel,0.00036599892746593736,0.00031522831986688897,0.001456308718992327,0.00027317809505722723,0.001218106873672781,0.00023706916501241719,0.018741189253689502,0.36091164361963707,0.00024398024529652916,0.00041172028001729616,0.000247743868194248,0.0007547117125941273,0.01343702536717187,0.0005685755266991457,0.00259370469476566,0.03783028001116945,0.0006997782433624007,0.2964412049650789,0.2621063465553367,0.0011462055569195554
1092,ub0749,ub0749,EndeHenriette_RichterCaroline_1821-02-10.xml,JP-UB0749,letters-context,Ende Henriette Freifrau von,Richter Caroline,1821-02-10,1821,2,1819,EndeHenrietteFreifrauvon,RichterCaroline,5.055943673208943e-05,4.354593715566588e-05,0.0002011758587656936,3.7737079475250696e-05,0.017201058132367057,3.274895785231527e-05,0.08604958527869397,0.4433140704402661,3.370366099528409e-05,5.687542745815822e-05,3.422357140895155e-05,0.02905999567882933,0.00015292457624181346,0.3577670852795962,0.053159938683695784,0.00011607421907525369,9.666802596044971e-05,7.197691711004629e-05,0.012361714922583332,0.0001583379157372995
1093,ub0561,ub0561,MayerJohann_RichterCaroline_1811-07-23.xml,JP-UB0561,letters-context,Mayer Johann Siegfried Wilhelm,Richter Caroline,1811-07-23,1811,7,1809,MayerJohannSiegfriedWilhelm,RichterCaroline,0.0007401847158022662,0.0006375078363452699,0.7260839148446823,0.0005524667846797356,0.0024634610170823157,0.00047944122062086543,0.06283740950587498,0.15637253907968934,0.0004934179719501659,0.0008326501407111203,0.0005010294044869297,0.0015263052227143911,0.002238799348270565,0.0011498692566007554,0.0052454267712268,0.0016993140828180278,0.02635102749975921,0.0010537343249634966,0.006423450915472556,0.002318050056248972
1094,ub0195,ub0195,MayerJohann_RichterCaroline_1811-01-19.xml,JP-UB0195,letters-context,Mayer Johann Siegfried Wilhelm,Richter Caroline,1811-01-19,1811,1,1809,MayerJohannSiegfriedWilhelm,RichterCaroline,0.00022301228863597528,0.00019207648924853967,0.22627680071756776,0.00016645423691739674,0.0007422229447004644,0.00014445216389154383,0.026445437103011026,0.3175812348720473,0.0001486632577375776,0.0002508714507996671,0.00015095652717908752,0.0004598646981053161,0.0006745340126530345,0.00034644727062317003,0.17437897622713494,0.0005119910133646011,0.00042639236314274585,0.0003174825126856185,0.15219496281742936,0.09836716703312492
1095,ub1303,ub1303,BayreutherPostamt+OsmundEmanuel_GoldschmidtCaroline_1809-08-17.xml,JP-UB1303,letters-context,Bayreuther Postamt  + Osmund Emanuel,Goldschmidt Caroline,1809-08-17,1809,8,1809,BayreutherPostamtANDOsmundEmanuel,GoldschmidtCaroline,0.00021650587051277387,0.0001864726278724182,0.008155265048917941,0.000161597908728546,0.0007205684751266474,0.00014023774959703042,0.0037925210034399303,0.5052480503889482,0.00014432598412671924,0.00024355223729775479,0.00014655234707645293,0.0004464480741861877,0.0006548543781742128,0.0003363396177485085,0.0015343003780948778,0.4527119585524885,0.000413952299789667,0.022189586279974936,0.0018788753705122128,0.000678035407386659
1096,ub1228,ub1228,OttoGeorg_RichterCaroline_1801-06-30.xml,JP-UB1228,letters-context,Otto Georg Christian,Richter Caroline,1801-06-30,1801,6,1799,OttoGeorgChristian,RichterCaroline,0.0002431029994999008,0.0002093802586186183,0.0009673061618953564,0.00018144975113967135,0.0008090882581311923,0.00015746555735144676,0.4792673984747133,0.460848803695449,0.00016205601983854955,0.0002734719353418295,0.00016455588512984094,0.04145034269545035,0.0007353013717029943,0.0003776579809667948,0.00991259475524109,0.0005581152134136253,0.0004648051597419057,0.00034608384853904736,0.002109689853564768,0.0007613301242707361
1097,ub0744,ub0744,RichterCaroline_OsmundEmanuel_1808-05-07.xml,JP-UB0744,letters-context,Richter Caroline,Osmund Emanuel,1808-05-07,1808,5,1804,RichterCaroline,OsmundEmanuel,0.0002513365952953062,0.00021647170718383377,0.0010000676167677164,0.00018759522820550068,0.0008364910696718355,0.00016279871964725202,0.4785652110846047,0.2817118405944475,0.00016754465538112892,0.00028273408916808365,0.00017012918799612175,0.0005182711151265637,0.000760205113305788,0.00039044878638913084,0.05258426505176194,0.0005770178805298988,0.0004805475315629298,0.0003578052774233092,0.0021811424211746018,0.1785980762743569
1098,ub0045,ub0045,EhrenbergCaroline_RichterCaroline_1810-06-15.xml,JP-UB0045,letters-context,Ehrenberg Caroline Auguste Eleonore von,Richter Caroline,1810-06-15,1810,6,1809,EhrenbergCarolineAugusteEleonorevon,RichterCaroline,0.00018088397397045332,0.00015579212649703396,0.006813472296787378,0.00013501006622547633,0.01888321912157949,0.00011716431239349492,0.11285577264400662,0.4525878327037447,0.00012057990619010613,0.00020348037883440904,0.286528006828078,0.11615396742846132,0.0005471106257560484,0.00028100137200882014,0.0012818606211317315,0.0004152729416885099,0.0003458443729161867,0.0002575082248245023,0.001569742394552785,0.0005664776603530389
1099,ub1285,ub1285,OsmundEmanuel_GoldschmidtCaroline_1807-06-17.xml,JP-UB1285,letters-context,Osmund Emanuel,Goldschmidt Caroline,1807-06-17,1807,6,1804,OsmundEmanuel,GoldschmidtCaroline,0.00021339298380662958,0.00018379155431543312,0.0008490900917142862,0.00015927447989666068,0.0007102082570790907,0.00013822143370967698,0.06843827151489848,0.6561399118929929,0.0001422508882585324,0.00024005048226478375,0.00014444524091860109,0.0004400291153291996,0.0006454389868804298,0.00033150378063074676,0.008701160316566585,0.2449131823947941,0.0004080005599687503,0.00030378837463525043,0.016229700928369804,0.0006682867229701572
1100,ub0914,ub0914,KalbCharlotte_RichterCaroline_1809-09-09.xml,JP-UB0914,letters-context,Kalb Charlotte von,Richter Caroline,1809-09-09,1809,9,1809,KalbCharlottevon,RichterCaroline,0.00028513690688623897,0.0002455833100717376,0.04916393502628768,0.0002128234571423493,0.000948984273316616,0.00018469225824721888,0.014600602171611504,0.588561589562354,0.0001900764381110725,0.09637950893304788,0.00019300854449502268,0.0005879693823417924,0.0008624392096679418,0.0004429572188549566,0.011626539423785895,0.0006546165451116911,0.0005451726462701471,0.0004059237372583296,0.2330154724718183,0.000892968483319607
1101,ub0548,ub0548,SchragJohann_RichterCaroline_1825-12-30.xml,JP-UB0548,letters-context,Schrag Johann Leonhard,Richter Caroline,1825-12-30,1825,12,1824,SchragJohannLeonhard,RichterCaroline,0.0004423589766585227,0.0003809958623528485,0.06137003816463365,0.00033017250463469243,0.0014722461451714293,0.00028653000149008167,0.09716361653312353,0.033843531357758,0.00029488297242158575,0.2687421379824798,0.00029943181737337446,0.0009121707081680184,0.0013379808681557518,0.015589673324156247,0.003134841302609347,0.001015566550684641,0.0008457762151516129,0.0006297466398716262,0.5105229583489861,0.0013853437241190688
1102,ub0747,ub0747,RichterCaroline+RichterJohann_OsmundEmanuel_1807-05-24.xml,JP-UB0747,letters-context,Richter Caroline + Jean Paul,Osmund Emanuel,1807-05-24,1807,5,1804,RichterCarolineANDJeanPaul,OsmundEmanuel,0.000986069115855617,0.0008492836654356692,0.00392356628171605,0.2332712994270744,0.0697204653595082,0.0006387083797183522,0.2498082234248491,0.27475710727780844,0.0006573281141327263,0.0011092509349887817,0.0006674680135276855,0.10169132224773048,0.002982513481833407,0.0015318481143952185,0.04020725193125228,0.0022638148281529822,0.0018853326115049304,0.0014037778030005215,0.008557278243845877,0.0030880907436693235
1103,ub0540,ub0540,GiechAuguste_RichterCaroline_1823-01-15.xml,JP-UB0540,letters-context,Giech Auguste Caroline Wilhelmine Louise von,Richter Caroline,1823-01-15,1823,1,1819,GiechAugusteCarolineWilhelmineLouisevon,RichterCaroline,0.0011824740999311525,0.0010184437598989957,0.004705061169537466,0.000882587346116649,0.003935475546441935,0.0007659261448124799,0.2995649588856515,0.20997531446163786,0.0007882545529722763,0.0013301912410171315,0.0008004141148302128,0.00243833242691755,0.0035765697234146827,0.0018369612141528066,0.008379774896241097,0.002714720863160016,0.0022608526593247144,0.0016833818922176082,0.4086211823911548,0.0435391226105691
1104,ub0863,ub0863,WagnerJohann_EichstaedtHeinrich_1806-06-26.xml,JP-UB0863,letters-context,Wagner Johann Ernst,Eichstädt Heinrich Karl Abraham,1806-06-26,1806,6,1804,WagnerJohannErnst,EichstädtHeinrichKarlAbraham,0.0004295560806513768,0.014841130030955675,0.001709202455537226,0.00032061654564141537,0.0014296359229579404,0.00027823715788212504,0.007524509400910522,0.03286402097060373,0.0002863483744380435,0.0004832171258900117,0.00029076556525384,0.0008857703696790024,0.4064917666553008,0.0006673109030515059,0.0030441117157489557,0.00098617369641283,0.0008212974874682759,0.0006115203097493601,0.5246895605720963,0.0013452486597710467
1105,ub0475,ub0475,RichterCaroline_RichterOdilie_1823-01-07.xml,JP-UB0475,letters-context,Richter Caroline,Richter Odilie Minna,1823-01-07,1823,1,1819,RichterCaroline,RichterOdilieMinna,0.00045594849723008417,0.0003927002729838565,0.001814217808027368,0.0003403155926709973,0.3240834751489772,0.00029533236688804846,0.038707395360064234,0.6032137967517732,0.00030394194586029987,0.0005129065384228662,0.00030863053392867715,0.0009401931136294408,0.0013790844050829436,0.00070831124767273,0.0032311454189905453,0.0010467653355190048,0.0008717589438430503,0.000649092816549337,0.019317085626836747,0.0014279022750493743
1106,ub0438,ub0438,OsmundEmanuel_GoldschmidtCaroline_1802-11-12.xml,JP-UB0438,letters-context,Osmund Emanuel,Goldschmidt Caroline,1802-11-12,1802,11,1799,OsmundEmanuel,GoldschmidtCaroline,0.00025788733747629896,0.00022211374407692734,0.0010261330017678908,0.00019248463944668845,0.0008582930572721082,0.00016704184404603623,0.17827488221853674,0.5323147498882367,0.00017191147605806017,0.0002901031637819169,0.00017456337095588854,0.0005317791379079685,0.00946789303327656,0.00040062529622651255,0.0018275561695331578,0.2438525352378837,0.0004930723410968642,0.00036713097916063367,0.028301613556467688,0.0008076305067916698
1107,ub0383,ub0383,RichterCaroline_RichterMax_1821-04-16.xml,JP-UB0383,letters-context,Richter Caroline,Richter Max,1821-04-16,1821,4,1819,RichterCaroline,RichterMax,0.00017978839107552532,0.00015484852057546966,0.0007153775102831618,0.00013419233364279942,0.06722346085566032,0.00011645466845027151,0.09400174448425597,0.44378975983991736,0.0001198495745869566,0.00020224793342970532,0.00012169836608501054,0.00037073443212693743,0.0005437968714744802,0.0002792993953777979,0.019444576908813103,0.00041275770542045526,0.06696884406993066,0.00025594854211614325,0.062128502388138475,0.2428361172086395
1108,ub0082,ub0082,MayerJohann+MayerJulie_RichterCaroline_1816-02-21.xml,JP-UB0082,letters-context,Mayer Johann Siegfried Wilhelm + Mayer Julie Henriette,Richter Caroline,1816-02-21,1816,2,1814,MayerJohannSiegfriedWilhelmANDMayerJulieHenriette,RichterCaroline,0.00015059944005639837,0.00012970859994197915,0.4064784859751905,0.00011240598008342752,0.020795183191283324,9.754805499759472e-05,0.07366691077813887,0.4224746440732355,0.00010039179234999156,0.00016941263751719322,0.00010194042940448856,0.0003105450666416475,0.005529001164922912,0.015454426584350147,0.01121422614214369,0.0003457457900558875,0.00028794131268003686,0.01036137614157096,0.0013069279741225435,0.030912578871312955
1109,ub0147,ub0147,RichterCaroline_RichterMax_1820-06-14.xml,JP-UB0147,letters-context,Richter Caroline,Richter Max,1820-06-14,1820,6,1819,RichterCaroline,RichterMax,0.0002431029994999008,0.0002093802586186183,0.017346926061121287,0.00018144975113967135,0.20555433699845532,0.00015746555735144676,0.2581425298351632,0.4772284235946749,0.00016205601983854955,0.0002734719353418295,0.00016455588512984094,0.03326053274583739,0.0007353013717029943,0.0003776579809667948,0.0017227848056281234,0.0005581152134136253,0.0004648051597419057,0.00034608384853904736,0.002109689853564768,0.0007613301242707361
1110,ub0432,ub0432,RichterCaroline+RichterJohann_OsmundEmanuel_1808-11-16.xml,JP-UB0432,letters-context,Richter Caroline + Jean Paul,Osmund Emanuel,1808-11-16,1808,11,1804,RichterCarolineANDJeanPaul,OsmundEmanuel,0.00196541628519813,0.001692777838753883,0.007820385956868493,0.0014669678966063257,0.006541240716753404,0.0012730627405379252,0.4317013202839635,0.3490046019244984,0.0013101752802733575,0.002210940203827889,0.0013303859562601328,0.004052806112936814,0.0059446954313460785,0.0030532537548039872,0.01392820870099873,0.13693660914606506,0.0037578130762686546,0.0027979861760733405,0.017056222273864392,0.006155130244101457
1111,ub0338,ub0338,RichterCaroline_RichterOdilie_1822-05-09.xml,JP-UB0338,letters-context,Richter Caroline,Richter Odilie Minna,1822-05-09,1822,5,1819,RichterCaroline,RichterOdilieMinna,0.00020316902302963148,0.00017498584004618014,0.06240880554927095,0.00015164341346611743,0.411345491632502,0.000131599048607884,0.0035589002056310875,0.5151915011653039,0.0001354354462692762,0.0002285493228949021,0.00013752466437839936,0.00041894669576877203,0.0006145150887836178,0.00031562096391327403,0.0014397868663479912,0.00046643489747343406,0.0003884526739618995,0.00028923344236253204,0.0017631359025845961,0.0006362681574036955
1112,ub0235,ub0235,RichterCaroline_RichterOdilie_1822-07-20.xml,JP-UB0235,letters-context,Richter Caroline,Richter Odilie Minna,1822-07-20,1822,7,1819,RichterCaroline,RichterOdilieMinna,0.0002317167048506372,0.0001995734470067707,0.0009220001270128321,0.0001729511298361004,0.20373294247213505,0.0001500902915719111,0.14457094891509564,0.5173260890822191,0.00015446574906704722,0.0002606632409180171,0.00015684852735057373,0.0004778137257540677,0.0007008618210127881,0.0003599694906693492,0.048479421034849784,0.0317568591649215,0.0004430349285468704,0.00032987420620257614,0.04884820448459079,0.0007256714563886451
1113,ub0667,ub0667,OsmundEmanuel_GoldschmidtCaroline_1804-07-23.xml,JP-UB0667,letters-context,Osmund Emanuel,Goldschmidt Caroline,1804-07-23,1804,7,1804,OsmundEmanuel,GoldschmidtCaroline,0.0001842523288225272,0.00015869323019175328,0.0007331395062185265,0.0001375241740354014,0.0006132231856057171,0.00011934610313746097,0.1770294390086076,0.4610157569073908,0.00012282530086583568,0.00020726951562914067,0.00012471999571785552,0.00037993933916117157,0.0005572987186557962,0.00028623407623390505,0.0013057309582771154,0.2921619120206129,0.00035228455966133736,0.00026230344830117274,0.06367108122382427,0.0005770263990497758
1114,ub0461,ub0461,OsmundEmanuel_GoldschmidtCaroline_1803-12-02.xml,JP-UB0461,letters-context,Osmund Emanuel,Goldschmidt Caroline,1803-12-02,1803,12,1799,OsmundEmanuel,GoldschmidtCaroline,0.00021809662120356218,0.00018784271294631767,0.0008678058518930338,0.00016278522981287067,0.0007258627648235193,0.00014126812949628084,0.2756734098456717,0.5236550573551505,0.00014538640183458336,0.0002453417078964358,0.00014762912271674563,0.0004497282974001393,0.0006596658414937947,0.00033881083239966665,0.04562984758660815,0.14744828604428847,0.00041699376423256747,0.0003104845196265149,0.001892680179991368,0.0006830171905139468
1115,ub0310,ub0310,MahlmannErnestine_MayerJohann_1803-11-14.xml,JP-UB0310,letters-context,Mahlmann Ernestine,Mayer Johann Siegfried Wilhelm,1803-11-14,1803,11,1799,MahlmannErnestine,MayerJohannSiegfriedWilhelm,0.00017763656329348074,0.00015299518985378347,0.000706815393496486,0.00013258622998981844,0.0005912047892094901,0.00011506086104468203,0.23051636470720754,0.5162745369199065,0.00011841513467279052,0.00019982729481443268,0.00012024179859695093,0.006350631843411113,0.00652162295566802,0.0002759565533016945,0.08503953189947569,0.0004078175449770393,0.00033963542756560333,0.0002528851786786899,0.0015415608033356447,0.15016467291150062
1116,ub0647,ub0647,SchlabrendorffAmanda_OsmundEmanuel_1809-07-28.xml,JP-UB0647,letters-context,Schlabrendorff Amanda,Osmund Emanuel,1809-07-28,1809,7,1809,SchlabrendorffAmanda,OsmundEmanuel,0.0003900452292791912,0.0003359389688627377,0.0015519888873267592,0.0002911260244896904,0.0012981370686461278,0.0002526447207441624,0.4535956008842296,0.3714836143478972,0.0002600098622560435,0.0004387704962145955,0.0002640207569497111,0.000804296627360647,0.0011797501170499347,0.0006059312064365129,0.055324488880749416,0.0008954647899365429,0.10586650713666126,0.0005552722686718338,0.0033848799247003483,0.001221511801537667
1117,ub0394,ub0394,RichterEmma_FoersterErnst_1826-01-28c.xml,JP-UB0394,letters-context,Richter Emma,Förster Ernst Joachim,1826-01-28c,1826,1,1824,RichterEmma,FörsterErnstJoachim,0.00293811000892329,0.002530541518549056,0.011690731590331854,0.0021929771785490705,0.009778531380558043,0.0019031074526711415,0.05146670569656092,0.5217286138296586,0.001958587162122234,0.0033051448646884336,0.00198880019630286,0.3030013686793622,0.00888675303973974,0.004564323336655308,0.02082134441388914,0.006745305068371233,0.005617572365812948,0.004182722637775112,0.02549742655267025,0.009201333026808558
1118,ub0122,ub0122,MayerJohann_RichterCaroline_1817-04-02.xml,JP-UB0122,letters-context,Mayer Johann Siegfried Wilhelm,Richter Caroline,1817-04-02,1817,4,1814,MayerJohannSiegfriedWilhelm,RichterCaroline,0.0006045174759877164,0.0005206600729820862,0.593001187658195,0.0004512060558824909,0.002011937296795739,0.0003915652274176668,0.051320044012156806,0.3109996296036587,0.00040298020297135516,0.0006800350651633413,0.0004091965485504288,0.001246551247443832,0.0018284534959527765,0.021304484517484918,0.00428400112096818,0.001387849597977865,0.0011558180794612484,0.0008605970927110071,0.005246107156297711,0.0018931784719412638
1119,ub0021,ub0021,OttoGeorg_Industrie-Comptoir_1820-11-18.xml,JP-UB0021,letters-context,Otto Georg Christian,Industrie-Comptoir ,1820-11-18,1820,11,1819,OttoGeorgChristian,IndustrieComptoir,0.014280740467570226,0.00035457559569374865,0.08485242937802025,0.00030727659820127117,0.001370152816642739,0.00026666049687538513,0.0488186068522334,0.1979253260329611,0.00027443422865703807,0.00046311182830265725,0.014147724632880103,0.0008489159704404477,0.001245198203527466,0.05611577398508117,0.0029174548390466684,0.000945141798789826,0.0007871256224647688,0.0005860766796512403,0.5722039973042149,0.0012892766687455405
1120,ub0345,ub0345,RichterCaroline_MayerJohann_1816-06-28.xml,JP-UB0345,letters-context,Richter Caroline,Mayer Johann Siegfried Wilhelm,1816-06-28,1816,6,1814,RichterCaroline,MayerJohannSiegfriedWilhelm,0.000239185236244706,0.000206005959308175,0.12987693059881605,0.0001785255701581877,0.0007960492736084312,0.00015492789728217837,0.26204022057347337,0.3728436666576336,0.00015944438147492312,0.0002690647568956019,0.00016190395980800624,0.0004932142848704746,0.0007234515109383043,0.0003715717765024053,0.0016950210058314017,0.0005491208230532628,0.06491992112473476,0.00034050648179403834,0.0020756908267935787,0.1619055773007786
1121,ub0273,ub0273,Uthe-SpazierWilhelmine_FalkJohannes_1805-09-14.xml,JP-UB0273,letters-context,Uthe-Spazier Wilhelmine,Falk Johannes Daniel,1805-09-14,1805,9,1804,UtheSpazierWilhelmine,FalkJohannesDaniel,0.0004174734301481428,0.0003595623869332616,0.0016611256226398555,0.00031159817099597905,0.0013894228006625345,0.0002704108402320408,0.10576164919422906,0.4116706649538379,0.00027829390265578507,0.0004696250853805334,0.0002825868457301634,0.0008608552205633791,0.001262710811750428,0.0006485406311784079,0.045150825208127854,0.0009584343798347252,0.000798195846152396,0.1834277881315436,0.2286487143510548,0.01537152218634906
1122,ub1096,ub1096,WagnerJohann_AbekenBernhard+TruchsessChristian+VossHeinrich+VossAbraham_1811-04-14.xml,JP-UB1096,letters-context,Wagner Johann Ernst,Abeken Bernhard Rudolf + Truchsess von Wetzhausen Christian Freiherr + Voß Heinrich + Voß Abraham Sophus,1811-04-14,1811,4,1809,WagnerJohannErnst,AbekenBernhardRudolfANDTruchsessvonWetzhausenChristianFreiherrANDVoßHeinrichANDVoßAbrahamSophus,0.0008704112086974965,0.0007496695818502245,0.15007822234541285,0.0006496665920710113,0.0028968770033757263,0.0005637930687175816,0.07389288699395316,0.4771141014308304,0.0005802288593499438,0.0009791447998395537,0.0005891794308124515,0.00179484005192433,0.20789349082646508,0.0013521747586981055,0.006168295776182179,0.00199828771549161,0.0016641983921714227,0.0012391260557756978,0.06619952235478498,0.002725882753596288
1123,ub0417,ub0417,RichterCaroline+RichterJohann_RichterMax_1819-11-19.xml,JP-UB0417,letters-context,Richter Caroline + Jean Paul,Richter Max,1819-11-19,1819,11,1819,RichterCarolineANDJeanPaul,RichterMax,0.1810049911030445,0.00012168295463362382,0.0005621574478477171,0.00010545092446574926,0.06710420628143206,9.151232498215372e-05,0.3261256638139862,0.3820555535758711,9.418010771511384e-05,0.00015893032763123225,9.563292373911379e-05,0.0002913302685616413,0.0004273260719290216,0.0002194788528211424,0.0057607810108810465,0.0003243529673819332,0.00027012510892619236,0.0002011293018694464,0.03454306174974079,0.0004424528825403287
1124,ub0700,ub0700,RichterCaroline+RichterJohann_OsmundEmanuel_1807-06-15.xml,JP-UB0700,letters-context,Richter Caroline + Jean Paul,Osmund Emanuel,1807-06-15,1807,6,1804,RichterCarolineANDJeanPaul,OsmundEmanuel,0.0017355827593110436,0.0014948263400538983,0.006905878993737396,0.0012954223535173678,0.005776315530710157,0.001124192243973472,0.2642798101763026,0.3081924041141804,0.0011569648858835645,0.0019523953925335968,0.0011748121486038553,0.2959260078968603,0.005249529566688867,0.0026962097630656946,0.07076888640874432,0.00398454623802487,0.0033183787256693066,0.0024707928821776225,0.015061687206133975,0.0054353563738277245
1125,ub0790,ub0790,SpazierJohann_FalkJohannes_1804-09-12.xml,JP-UB0790,letters-context,Spazier Johann Karl Gottlieb,Falk Johannes Daniel,1804-09-12,1804,9,1804,SpazierJohannKarlGottlieb,FalkJohannesDaniel,0.00016390452960601592,0.00014116803522897133,0.07795627023686287,0.0001223367715283522,0.0005455022382757477,0.00010616618536147896,0.0028711063105010914,0.4432340750519504,0.00010926115990383525,0.00018437982671895269,0.00011094661522725955,0.0003379809582977634,0.0004957537574425803,0.0002546239818087702,0.0011615333161653742,0.0003762915789138947,0.00031338021835463704,0.44749274040165,0.02350927600332376,0.0005133028228783146
1126,ub0848,ub0848,KalbCharlotte_RichterCaroline+RichterJohann_1804-05-19.xml,JP-UB0848,letters-context,Kalb Charlotte von,Richter Caroline + Jean Paul,1804-05-19,1804,5,1804,KalbCharlottevon,RichterCarolineANDJeanPaul,0.0001951546216394333,0.00016808317969560803,0.12569190963990046,0.2368274530076901,0.0006495078761402343,0.00012640786551124642,0.003418512392911101,0.317357416324588,0.0001300929289274258,0.00021953374569802487,0.026430076563354037,0.0004024205200215052,0.053186227992697434,0.0003031706747193681,0.12629838158462195,0.0004480354562840022,0.020096612017056727,0.0002778240608141253,0.08716201023821687,0.0006111693095124433
1127,ub1001,ub1001,KalbCharlotte_RichterCaroline_1820-04-29.xml,JP-UB1001,letters-context,Kalb Charlotte von,Richter Caroline,1820-04-29,1820,4,1819,KalbCharlottevon,RichterCaroline,0.0003900452292791912,0.0003359389688627377,0.0015519888873267592,0.0002911260244896904,0.027578325351975755,0.0002526447207441624,0.033112588350955506,0.2532227670729139,0.0002600098622560435,0.0004387704962145955,0.0002640207569497111,0.000804296627360647,0.02745993840037956,0.11886677848141985,0.16044524201406793,0.0008954647899365429,0.17156697784498534,0.0005552722686718338,0.06908535063302443,0.1326224532181858
1128,ub0978,ub0978,HeimJohanna_StudnitzAugust_1812-02-26.xml,JP-UB0978,letters-context,Heim Johanna,Studnitz August von,1812-02-26,1812,2,1809,HeimJohanna,StudnitzAugustvon,0.00040057234595190224,0.0003450057858743539,0.0015938762554195125,0.0002989833635781062,0.001333173108963973,0.00025946346957729977,0.4118589552065745,0.28704659388975473,0.0002670273924052602,0.0004506126823495992,0.0002711465390482729,0.16276286506682885,0.05519054458691276,0.0006222849726845495,0.0028387142593073226,0.0009196329161238246,0.0007658815137262006,0.0005702587766935617,0.07094992810223999,0.0012544797659853905
1129,ub0820,ub0820,RichterMax_RichterCaroline_1820-04-10.xml,JP-UB0820,letters-context,Richter Max,Richter Caroline,1820-04-10,1820,4,1819,RichterMax,RichterCaroline,0.1302136372513708,0.040824088480660665,0.0009594484613405289,0.00017997578367583364,0.0008025158061968795,0.0001561864202528654,0.22355243805526606,0.5464612989579077,0.00016073959311952254,0.00027125044574245104,0.00016321915130055228,0.008620502618879722,0.000729328311441417,0.00037459015875757485,0.026078635585278374,0.0005535814862496167,0.008584311231817956,0.00034327251190561413,0.010215834063719093,0.0007551456251167482
1130,ub1041,ub1041,GoldschmidtCaroline_OsmundEmanuel_1805-08-17.xml,JP-UB1041,letters-context,Goldschmidt Caroline,Osmund Emanuel,1805-08-17,1805,8,1804,GoldschmidtCaroline,OsmundEmanuel,0.0006581297033027287,0.0005668353239803446,0.13564767254470525,0.0004912217090186689,0.0021903679360806088,0.00042629157498383206,0.03369991657753934,0.693324874576297,0.00043871889887894713,0.0007403446441976734,0.00044548654718373515,0.0013571028716604472,0.02416210774003179,0.0010223976482185923,0.004663931976630953,0.02368242845172921,0.0012583229433771035,0.0009369199928648461,0.07222585147135575,0.002061076867963259
1131,ub0987,ub0987,KalbCharlotte_RichterCaroline_1814-11-21.xml,JP-UB0987,letters-context,Kalb Charlotte von,Richter Caroline,1814-11-21,1814,11,1814,KalbCharlottevon,RichterCaroline,0.00026959852798235127,0.00023220038267017163,0.2553801649401901,0.00020122575990692097,0.0008972698973221146,0.00017462755522227886,0.04105217536688919,0.3385104496343643,0.0001797183271659694,0.10929217725951557,0.00018249065002530376,0.0005559283142581135,0.0008154410593136754,0.0004188185088579141,0.020075365879520687,0.0006189435765515126,0.0005154637627787499,0.0003838031464709765,0.1113285225486568,0.1189156149023374
1132,ub0975,ub0975,WagnerKarl+WagnerLudwig_TruchsessChristian_1811-12-29.xml,JP-UB0975,letters-context,Wagner Karl Ludwig Friedrich Ernst + Wagner Ludwig Anton,Truchsess von Wetzhausen Christian Freiherr,1811-12-29,1811,12,1809,WagnerKarlLudwigFriedrichErnstANDWagnerLudwigAnton,TruchsessvonWetzhausenChristianFreiherr,0.0006170846346881515,0.0005314839416476778,0.002455378052811881,0.0004605860628072003,0.043631249782454036,0.0003997053764621417,0.19790812717033485,0.3798311513629341,0.00041135765501374637,0.0006941721396487478,0.00041770323060606556,0.001272465481485215,0.31369761602718826,0.0009586345610764649,0.004373060121077454,0.0014167012471739868,0.001179846084953875,0.0008784878248582642,0.04693265396933772,0.0019325352734402765
1133,ub0880,ub0880,WagnerJohann_TruchsessChristian_1808-05-24.xml,JP-UB0880,letters-context,Wagner Johann Ernst,Truchsess von Wetzhausen Christian Freiherr,1808-05-24,1808,5,1804,WagnerJohannErnst,TruchsessvonWetzhausenChristianFreiherr,0.00020316902302963148,0.00017498584004618014,0.0008084089800911827,0.00015164341346611743,0.0006761811713035967,0.000131599048607884,0.4210726991745161,0.2140340068270917,0.0001354354462692762,0.0002285493228949021,0.00013752466437839936,0.00041894669576877203,0.335994451965429,0.007160109471599912,0.008284275374034632,0.00046643489747343406,0.0003884526739618995,0.00028923344236253204,0.008607624410271235,0.0006362681574036955
1134,ub0878,ub0878,WestphalenEngel_WagnerJohann_1808-05-21.xml,JP-UB0878,letters-context,Westphalen Engel Christine,Wagner Johann Ernst,1808-05-21,1808,5,1804,WestphalenEngelChristine,WagnerJohannErnst,0.00015950093136257352,0.00013737529494620553,0.0006346537642581767,0.00011904996796346224,0.0005308463120238058,0.05921038158216591,0.2499689793120399,0.055189886429407774,0.00010632565682173284,0.00017942612176023392,0.00010796582927152653,0.000328900474934341,0.0004824344161119794,0.00024778303774379145,0.3665194726525026,0.0003661818098921936,0.1937462733081037,0.0002270671126439326,0.07123798399258924,0.0004995119934569784
1135,ub0575,ub0575,EndeHenriette_RichterCaroline_1820-06-03.xml,JP-UB0575,letters-context,Ende Henriette Freifrau von,Richter Caroline,1820-06-03,1820,6,1819,EndeHenrietteFreifrauvon,RichterCaroline,6.327735603781034e-05,5.449965322992456e-05,0.006646965030949622,0.0021789578148323687,0.00021059783664166654,0.0021727149615037825,0.15246112819534452,0.3736301358085408,4.2181612265127725e-05,7.118209587940957e-05,0.023491842526747936,0.00013048169860598496,0.0001913918248152248,0.4243122129442621,0.013238793410714544,0.00014527198406413276,0.00012098428090852031,9.008227355479364e-05,0.0005491318341114431,0.0001981668569902175
1136,ub1055,ub1055,WagnerJohann_GoeschenGeorg_1807-02-10.xml,JP-UB1055,letters-context,Wagner Johann Ernst,Göschen Georg Joachim,1807-02-10,1807,2,1804,WagnerJohannErnst,GöschenGeorgJoachim,0.0005808586691798134,0.0005002831664929143,0.00231123503635832,0.0004335473490117955,0.021501536582385992,0.00037624066454538445,0.010174868227255005,0.3966698358801892,0.0003872088958574768,0.0006534207506590137,0.000393181954310953,0.0011977653705901685,0.530102069336237,0.0009023579004815908,0.004116339541424554,0.0013335337728425608,0.0011105831975376514,0.0008269161799753982,0.02460913177212365,0.0018190857525416184
1137,ub0691,ub0691,RichterCaroline_JungFranz_1817-07-25.xml,JP-UB0691,letters-context,Richter Caroline,Jung Franz Wilhelm,1817-07-25,1817,7,1814,RichterCaroline,JungFranzWilhelm,0.00040057234595190224,0.0003450057858743539,0.0015938762554195125,0.0002989833635781062,0.014827911516821562,0.00025946346957729977,0.04750101819441953,0.6648992693097674,0.0002670273924052602,0.054429566313779966,0.0002711465390482729,0.000826004172537755,0.0012115909554823914,0.0006222849726845495,0.0028387142593073226,0.0009196329161238246,0.0007658815137262006,0.0005702587766935617,0.0034762360629520283,0.20367555588384925
1138,ub0974,ub0974,WagnerKarl+WagnerLudwig_TruchsessChristian_1811-12-26.xml,JP-UB0974,letters-context,Wagner Karl Ludwig Friedrich Ernst + Wagner Ludwig Anton,Truchsess von Wetzhausen Christian Freiherr,1811-12-26,1811,12,1809,WagnerKarlLudwigFriedrichErnstANDWagnerLudwigAnton,TruchsessvonWetzhausenChristianFreiherr,0.0006045174759877164,0.0005206600729820862,0.0024053733631393755,0.0004512060558824909,0.3482232767111387,0.0003915652274176668,0.07168541691888286,0.3109996296036587,0.00040298020297135516,0.0006800350651633413,0.0004091965485504288,0.04197729706089594,0.16475143674976125,0.0009391116107588668,0.00428400112096818,0.001387849597977865,0.0011558180794612484,0.0008605970927110071,0.04597685296974982,0.0018931784719412638
1139,ub0251,ub0251,Uthe-SpazierWilhelmine_RichterCaroline_1808-10-26.xml,JP-UB0251,letters-context,Uthe-Spazier Wilhelmine,Richter Caroline,1808-10-26,1808,10,1804,UtheSpazierWilhelmine,RichterCaroline,0.00015214323460994091,0.00013103824253602242,0.06723686428150334,0.00011355825355651228,0.08251434236162886,0.041102539879757975,0.1666810518152666,0.4268054307898782,0.0001014209084090702,0.00017114928611962078,0.061608973210309524,0.00031372846348782,0.000460179962131918,0.00023635293237330498,0.11383916280112323,0.00034929002944614456,0.00029089299849034835,0.00534209160483152,0.03207331918501096,0.0004764697595291716
1140,ub0504,ub0504,RichterCaroline_RichterMax_1821-05-08.xml,JP-UB0504,letters-context,Richter Caroline,Richter Max,1821-05-08,1821,5,1819,RichterCaroline,RichterMax,0.00032228710324305927,0.00027758010869999414,0.0012823794914408012,0.00024055200799364283,0.0879319455256881,0.054495830036866734,0.08164738901089165,0.6652446779043597,0.0002148413030867897,0.00036254788316434315,0.00021815543061662505,0.05495164972554872,0.000974805533392453,0.0005006696624591026,0.01314134936985957,0.0007399058661430975,0.0006162026335084661,0.00045881112637158035,0.0353691078417402,0.0010093124349253202
1141,ub0103,ub0103,MayerJohann+MayerJulie_RichterCaroline_1815-04-28.xml,JP-UB0103,letters-context,Mayer Johann Siegfried Wilhelm + Mayer Julie Henriette,Richter Caroline,1815-04-28,1815,4,1814,MayerJohannSiegfriedWilhelmANDMayerJulieHenriette,RichterCaroline,0.00021809662120356218,0.00018784271294631767,0.19189966038101186,0.00016278522981287067,0.0007258627648235193,0.00014126812949628084,0.003820386092694845,0.4869181622533969,0.00014538640183458336,0.0002453417078964358,0.01484238716341819,0.0004497282974001393,0.0006596658414937947,0.00033881083239966665,0.08971412170871251,0.0005007056372739917,0.14736457417124707,0.0003104845196265149,0.05332433332244644,0.00803039621086467
1142,ub0835,ub0835,SpazierJohann_BodeAugust_1803-08-10.xml,JP-UB0835,letters-context,Spazier Johann Karl Gottlieb,Bode August Theodor Heinrich,1803-08-10,1803,8,1799,SpazierJohannKarlGottlieb,BodeAugustTheodorHeinrich,0.00032228710324305927,0.00027758010869999414,0.033854624139204086,0.00024055200799364283,0.0010726264649860108,0.000208755623927924,0.027360314597952844,0.24180549748343705,0.0002148413030867897,0.00036254788316434315,0.00021815543061662505,0.0006645753126099168,0.000974805533392453,0.0005006696624591026,0.002283934487271809,0.0007399058661430975,0.0006162026335084661,0.5541869701383474,0.13308584178503005,0.0010093124349253202
1143,ub0444,ub0444,SpazierRichard_RichterCaroline_1825-03-02.xml,JP-UB0444,letters-context,Spazier Richard Otto,Richter Caroline,1825-03-02,1825,3,1824,SpazierRichardOtto,RichterCaroline,0.00017247579883257675,0.00014855031587149314,0.0006862807259959108,0.0001287342848100064,0.0005740288846057302,0.09307932546239828,0.0901783806762421,0.24561461394713696,0.00011497489350102874,0.00019402183684859086,0.00011674848849564536,0.00035565542888124657,0.006332154304884556,0.0002679393593939287,0.3033669988905853,0.00039596947578661337,0.0003297682109760284,0.00024553826305153857,0.2571576951277117,0.0005401456239907633
1144,ub1064,ub1064,DalbergKarl_WagnerJohann_1808-08-13.xml,JP-UB1064,letters-context,Dalberg Karl Theodor Reichsfreiherr von,Wagner Johann Ernst,1808-08-13,1808,8,1804,DalbergKarlTheodorReichsfreiherrvon,WagnerJohannErnst,0.0007050240147707393,0.0006072245544016588,0.002805288602669903,0.0005262231740900211,0.0023464402052832353,0.000456666514442058,0.012349865514569576,0.1489444363659466,0.0004699793336954995,0.04829570053724313,0.00047722920337081386,0.001453801750982268,0.31089937294947495,0.0010952474732897311,0.004996255343408309,0.0016185922398117615,0.0013479833670564266,0.0010036792011873432,0.457393053010647,0.002207936643659056
1145,ub1021,ub1021,Uthe-SpazierWilhelmine_SchragJohann_1821-12-09.xml,JP-UB1021,letters-context,Uthe-Spazier Wilhelmine,Schrag Johann Leonhard,1821-12-09,1821,12,1819,UtheSpazierWilhelmine,SchragJohannLeonhard,0.0010199512112722374,0.0008784657072675946,0.03841915438685176,0.0007612818181621381,0.0033945716449598593,0.0006606548923076187,0.08658796996268718,0.18111565939151292,0.0006799144151586403,0.0011473656527260403,0.0006904027293181336,0.00210320049501611,0.003084994945604991,0.0015844835971835346,0.0072280327798362985,0.0023416012518221625,0.0019501140942711234,0.0014520126911033973,0.6617059684093446,0.003194199923593691
1146,ub0776,ub0776,OsmundEmanuel_GoldschmidtCaroline_1804-01-17.xml,JP-UB0776,letters-context,Osmund Emanuel,Goldschmidt Caroline,1804-01-17,1804,1,1804,OsmundEmanuel,GoldschmidtCaroline,0.00019015395727690256,0.00016377619706007694,0.0007566220694977861,0.00014192909300624138,0.0006328648119785335,0.000123168775896584,0.009736944655380405,0.6039027298679335,0.00012675941282599021,0.0002139083878701518,0.00012871479502520668,0.00039210885055491833,0.006981177691663188,0.019513488040586446,0.0013475537076902285,0.3399560715560299,0.0003635682845109538,0.0002707050652797349,0.0144622461427631,0.0005955086371702933
1147,ub1270,ub1270,GoldschmidtCaroline_OsmundEmanuel_1805-10-02.xml,JP-UB1270,letters-context,Goldschmidt Caroline,Osmund Emanuel,1805-10-02,1805,10,1804,GoldschmidtCaroline,OsmundEmanuel,0.0008456152564539322,0.0007283132723676892,0.003364700764051841,0.0006311591307351926,0.0028143518438724672,0.0005477319405203774,0.0433002240381845,0.8623490680598374,0.0005636995144345575,0.0009512512853101537,0.0005723951053311911,0.001743709313064762,0.03104531953279157,0.001313654504815111,0.005992575649922236,0.0019413612349188489,0.001616789324544812,0.0012038262914852668,0.03582602512238815,0.0026482288149701143
1148,ub1006,ub1006,RichterCaroline_RichterCaroline_1821-01-26.xml,JP-UB1006,letters-context,Richter Caroline,Richter Caroline,1821-01-26,1821,1,1819,RichterCaroline,RichterCaroline,0.006313089738000688,0.006287844049982851,0.019117439848392932,0.0001358378260033082,0.08030996143376515,0.0001178826581280618,0.05223673483567297,0.3450029510485693,0.00012131919326068809,0.02472911492426658,0.061434158123856435,0.006506377196354343,0.0005504650139338079,0.00028272421860661386,0.04420739706081694,0.0004178190202703661,0.14749428670348658,0.00025908703266402016,0.0015793666370414767,0.20289614343692705
1149,ub0069,ub0069,MahlmannSiegfried_FalkJohannes_1805-02-19.xml,JP-UB0069,letters-context,Mahlmann Siegfried August,Falk Johannes Daniel,1805-02-19,1805,2,1804,MahlmannSiegfriedAugust,FalkJohannesDaniel,0.06994172641765753,0.00019802759977033865,0.0009148585389423288,0.00017161149257420626,0.0007652192561855835,0.0001489277287865229,0.13570538155221526,0.3506581301473521,0.00015326929505525382,0.00025864420704023444,0.00015563361691945264,0.00047411269719258204,0.008441189175635659,0.0003571812548058268,0.05584966732493652,0.0005278540433409455,0.0004396032880645882,0.1552424402674656,0.21887647151375134,0.0007200505823082474
1150,ub1037,ub1037,WagnerJohann_GoetheJohann_1805-05-08.xml,JP-UB1037,letters-context,Wagner Johann Ernst,Goethe Johann Wolfgang von,1805-05-08,1805,5,1804,WagnerJohannErnst,GoetheJohannWolfgangvon,0.00019137994266601796,0.00016483211631390638,0.0007615002619665113,0.00014284415676198885,0.0006369451005188402,0.00012396288568954794,0.0291417131496537,0.0855625280305865,0.00012757667264157852,0.013109948322594885,0.00012954466183588836,0.000394636905866558,0.7678111746545271,0.00029730675019836095,0.0980661978067219,0.00043936955843350484,0.0003659123293635524,0.0002724503902760967,0.0016608282252744055,0.0005993480781091935
1151,ub1050,ub1050,WagnerJohann_GoeschenGeorg_1806-06-04.xml,JP-UB1050,letters-context,Wagner Johann Ernst,Göschen Georg Joachim,1806-06-04,1806,6,1804,WagnerJohannErnst,GöschenGeorgJoachim,0.0008967052720222975,0.0007723161875704611,0.003567987794537986,0.0006692922291736003,0.0029843881321500263,0.060998390572314785,0.015707535181311554,0.37069200578520906,0.0005977568670527107,0.0010087235726240367,0.0006069778243862604,0.001849059985573632,0.4860527471831434,0.0013930223125624556,0.00635463248476816,0.002058653555461588,0.001714471800270416,0.00127655854590497,0.03799054635977808,0.002808228354184657
1152,ub0143,ub0143,RichterCaroline_JungFranz_1820-06-16.xml,JP-UB0143,letters-context,Richter Caroline,Jung Franz Wilhelm,1820-06-16,1820,6,1819,RichterCaroline,JungFranzWilhelm,0.00019262183930595877,0.0001659017396430439,0.007255609975053728,0.0001437710965230038,0.0006410783444165121,0.0001247673017065591,0.3732567337473656,0.3197278132200708,0.00012840453912999576,0.000216684562890903,0.0001303852989372225,0.00039719777113051926,0.0005826135545550233,0.1625284412685981,0.007854210922847613,0.0004422207014044434,0.00036828679601883055,0.00027421836668742273,0.12496580160511052,0.0006032373486042617
1153,ub0718,ub0718,SpazierJohann_FalkJohannes_1804-01-12.xml,JP-UB0718,letters-context,Spazier Johann Karl Gottlieb,Falk Johannes Daniel,1804-01-12,1804,1,1804,SpazierJohannKarlGottlieb,FalkJohannesDaniel,0.0003705680338751469,0.00031916360936798236,0.0014744891807434205,0.00027658843233232156,0.0012333136393377394,0.0002400287207924953,0.03145908689719565,0.3654172407137004,0.0002470260785458865,0.0004168601687684829,0.0002508366862629951,0.0007641334837096733,0.0011208384272436275,0.0005756735859780286,0.01511001820877279,0.000850749097032756,0.013192448104784009,0.2876580234899119,0.2778623987303441,0.0011605147113005615
1154,ub0469,ub0469,MayerJohann_RichterCaroline_1807-02-14.xml,JP-UB0469,letters-context,Mayer Johann Siegfried Wilhelm,Richter Caroline,1807-02-14,1807,2,1804,MayerJohannSiegfriedWilhelm,RichterCaroline,0.00018199299111482727,0.00015674730309699035,0.34406556743334354,0.0062669345728891684,0.0006057037242489528,0.0001178826581280618,0.0461056380887871,0.33274075755479754,0.00012131919326068809,0.0002047279367231358,0.0001231906549978208,0.0003752804494684815,0.0005504650139338079,0.00028272421860661386,0.11778055802344728,0.0004178190202703661,0.018741255018883483,0.061570054501522635,0.06902143085278595,0.000569950789693613
1155,ub1334,ub1334,OsmundEmanuel_GoldschmidtCaroline_1817-03-09.xml,JP-UB1334,letters-context,Osmund Emanuel,Goldschmidt Caroline,1817-03-09,1817,3,1814,OsmundEmanuel,GoldschmidtCaroline,0.0003487962850793417,0.0003004119921406221,0.0013878594525675288,0.000260338207493463,0.001160853544867884,0.00022592646551099037,0.12361457688617625,0.6377099437657615,0.00023251271193983452,0.0003923686475152972,0.00023609943743723658,0.0007192388335159768,0.012805459740104323,0.0005418514006933778,0.002471795664514087,0.0008007655746140468,0.0006668873413211539,0.0004965498613538516,0.2145354324612899,0.0010923317261033409
